"gene_id","d_full","d_pca2","d_umap","correlation","amplitude"
"TraesCAD_scaffold_014747_01G000100",14.5826525659591,14.4752424317125,2.36573392779589,0.906170155437542,-2.17743045911009
"TraesCAD_scaffold_133124_01G000100",13.4654336725576,12.0190767921584,1.97242899809781,0.420865628694116,-0.581368872502991
"TraesCAD_scaffold_116541_01G000100",13.4215832602892,12.0976559200669,5.6464228231105,-0.221784096719449,0.0811293879609549
"TraesCAD_scaffold_146252_01G000100",12.9817147313081,7.499297397776,14.009144051496,-0.462613455919972,-0.38089379944099
"TraesCAD_scaffold_129059_01G000100",12.0751357894395,6.28790702799923,0.549685548727319,0.811200275418489,1.24875856954707
"TraesCAD_scaffold_004054_01G000200",11.6940472892814,11.4105998541248,4.09674069226591,-0.254322849059681,1.16200308529357
"TraesCAD_scaffold_086045_01G000100",10.903389804243,8.89256662401021,12.560774197308,-0.354920753222469,-0.202108402666218
"TraesCAD_scaffold_070666_01G000100",10.836155734724,10.3479643770298,2.41193243598896,-0.06951956983668,0.957290146260552
"TraesCAD_scaffold_054259_01G000200",10.7701241039333,4.47043273684189,3.72504622013492,-0.254163583257573,2.46437598894139
"TraesCAD_scaffold_033501_01G000300",10.7377688840199,5.94908399122665,1.17491625919555,0.19437896090695,-0.044739036942541
"TraesCAD_scaffold_003324_01G000300",10.6730340970516,10.1322320407236,5.8074038740541,-0.349762046808294,1.72368064055767
"TraesCAD_scaffold_111708_01G000100",10.5306650557303,9.69469531639925,2.16118993934122,0.629900114887885,-1.38820583432041
"TraesCAD_scaffold_055929_01G000400",10.4114485458313,9.30448028530947,10.1569778033172,-0.627021300934136,-0.527341791949006
"TraesCAD_scaffold_078281_01G000100",10.2840367023006,9.88888373209573,3.94893340061503,-0.140716710576212,0.771523193111136
"TraesCAD_scaffold_045162_01G000100",10.2531398303248,9.68363601959516,5.21074886292662,0.44180916947103,-1.63044036119321
"TraesCAD_scaffold_107053_01G000200",10.0852924975563,8.70328508899992,2.31784025868484,0.386171120865475,2.03466673007858
"TraesCAD_scaffold_030801_01G000200",10.0149175308482,9.25198123129073,4.59069421617112,0.314844538938865,0.625319338592326
"TraesCAD_scaffold_036436_01G000500",10.0034067528212,8.96733979459532,4.6033684950494,-0.00847931767225981,0.313711320128442
"TraesCAD_scaffold_041597_01G000300",9.96656440536341,8.60482564521326,3.79349645228447,0.00363685685674894,-0.133307133230827
"TraesCAD_scaffold_002471_01G000300",9.8554991877997,7.97272064299773,10.3278963551984,-0.0609284529051847,0.191586568950381
"TraesCAD_scaffold_004491_01G000100",9.80967010025579,9.60156977374707,4.82086950378975,-0.418803416588419,0.0822621169731545
"TraesCAD_scaffold_060420_01G000200",9.79953004612034,8.13295101804906,7.02859989008591,-0.781067467985943,1.87180398768083
"TraesCAD_scaffold_054661_01G000400",9.72832889214163,8.00961237895038,1.49063084946352,0.495477080432134,-0.347998010368397
"TraesCAD_scaffold_051155_01G000100",9.65517730846511,8.33485592680789,4.05770086969843,0.20674943026016,0.355043536140354
"TraesCAD_scaffold_018461_01G000500",9.46092088769951,6.77233134027416,5.35579149762338,-0.481200499124613,2.52338883679006
"TraesCAD_scaffold_131130_01G000100",9.35322558657432,8.95942216020332,4.84164304358582,-0.124428004201558,0.140884468205114
"TraesCAD_scaffold_080736_01G000100",9.33695222201214,8.73521547546209,9.99297159532572,-0.711932297687392,2.02594240477656
"TraesCAD_scaffold_110001_01G000100",9.26374834814324,7.07771637360915,2.06912881154854,0.561157596752516,-1.22411341072805
"TraesCAD_scaffold_022164_01G000300",9.23659267649855,5.25098846814934,10.1051109830096,0.0109241061562626,0.966763021806525
"TraesCAD_scaffold_028599_01G000700",9.18063187260625,8.22782375734814,10.1101739570049,-0.255282898402557,-0.459948641235574
"TraesCAD_scaffold_094995_01G000100",9.17647086089781,6.62647123592658,1.17863203776883,0.616289417395605,-0.625846445798595
"TraesCAD_scaffold_057623_01G000300",9.0754727734312,6.85466816152223,8.8780503680687,0.398831858413961,-2.22167175341688
"TraesCAD_scaffold_111050_01G000100",8.99583893381124,7.09990142809281,2.31893143427062,0.704630958220591,-1.62970898914486
"TraesCAD_scaffold_085577_01G000100",8.9740166416314,8.75887911359202,4.72078628195394,-0.517719886749098,0.82301555760109
"TraesCAD_scaffold_109408_01G000100",8.93852289935299,6.27910932228927,12.3211849921146,-0.511104598240273,0.566128720698183
"TraesCAD_scaffold_037943_01G000200",8.90405873583596,7.43437002081726,3.86144796170793,-0.0178906308636636,1.16283388128449
"TraesCAD_scaffold_011449_01G000200",8.8655007531486,8.2386059231459,10.6618804528817,-0.00507248210229152,-0.639019485025851
"TraesCAD_scaffold_010188_01G000100",8.8580126458938,2.17950976554477,5.72043359620488,-0.0853244211907063,1.98384444246638
"TraesCAD_scaffold_092477_01G000100",8.84002654368751,4.70117908107865,1.55204713141466,0.581332800932122,0.0293827994440814
"TraesCAD_scaffold_025968_01G000200",8.76590047230121,8.22324423929861,2.96589076690521,0.651098674000121,-1.32578528323592
"TraesCAD_scaffold_086159_01G000100",8.72620015963689,3.519988641886,0.52219064439609,0.620426334749189,0.0843897075119519
"TraesCAD_scaffold_163297_01G000100",8.70542474401411,8.10161607095576,9.00270597564256,-0.927078263291635,1.37611900184232
"TraesCAD_scaffold_061872_01G000400",8.69670230782827,8.60637718213954,4.8537961404986,-0.175081630121138,0.349255570868161
"TraesCAD_scaffold_047826_01G000100",8.67351006293626,8.00128465388227,9.22176654053119,-0.517829915275183,1.6025750355584
"TraesCAD_scaffold_042661_01G000500",8.6551975304627,7.58892362807542,12.5835053912601,0.131710219848103,-0.558923752998818
"TraesCAD_scaffold_062445_01G000100",8.64298875631372,7.97797398151597,3.38629263177707,0.353136273297168,-1.08293174284496
"TraesCAD_scaffold_055571_01G000300",8.62590728378911,7.35060738532365,2.31260321697506,0.658073165905104,-1.2181128432941
"TraesCAD_scaffold_023074_01G000200",8.61740333534947,8.52585477701364,5.12727843056879,-0.425129831738745,-0.161330016162843
"TraesCAD_scaffold_056989_01G000100",8.61557438746886,3.92506569432711,0.761238037606097,0.788897577606694,0.408281628280163
"TraesCAD_scaffold_006571_01G001600",8.60166186028986,8.26691914312008,3.97857943721665,0.0989807021696462,0.507733649960934
"TraesCAD_scaffold_008402_01G000100",8.55921732373062,6.72502417714759,1.21691131841602,0.723448967911087,-1.18437023210324
"TraesCAD_scaffold_002505_01G000200",8.55418070015625,7.14400929861893,2.97879778769568,0.571861165843962,-0.997308015839572
"TraesCAD_scaffold_111685_01G000100",8.52036044167559,8.05324675571291,3.36761048449765,0.823362755482836,-1.94852786924469
"TraesCAD_scaffold_063284_01G000100",8.50472396604537,6.38006803032759,4.18265151833552,-0.253517178987221,0.533946874795431
"TraesCAD_scaffold_084164_01G000200",8.467591175387,6.26545352248347,1.19444263268319,0.669599483223059,-0.532081651262102
"TraesCAD_scaffold_105035_01G000100",8.45809366085558,7.94447700860679,3.13977624824922,0.562368433308646,0.317129934206377
"TraesCAD_scaffold_058443_01G000100",8.45046328765905,8.02999315190302,12.4261579796021,-0.930795359313037,-0.12979551300495
"TraesCAD_scaffold_125145_01G000100",8.43446590444721,6.77916641422475,8.18727417770827,-0.649222190947445,2.39824312030694
"TraesCAD_scaffold_049380_01G000200",8.4311142819531,3.92923763187797,8.96925283980046,-0.802609873124464,1.33134943661384
"TraesCAD_scaffold_093581_01G000100",8.41423319464356,5.65440225706892,9.4216712741959,-0.723484566783098,1.25036962272553
"TraesCAD_scaffold_016707_01G000100",8.38370159766155,8.14917896567018,3.95527155416671,-0.33543539991056,3.80316470548137
"TraesCAD_scaffold_458666_01G000100",8.37528711687971,5.73839093012931,2.67529315089713,0.318751512661195,0.0248372362453627
"TraesCAD_scaffold_023652_01G000100",8.31379669259827,5.85019052476199,5.2667672834925,0.032401241512533,3.66470764925576
"TraesCAD_scaffold_064130_01G000200",8.29592626911881,7.32172232986705,5.04648885685235,-0.139278717794349,-0.439559873136415
"TraesCAD_scaffold_069519_01G000100",8.27762839596151,8.14953984553427,3.03277425486169,0.884478482068837,-1.96974427473089
"TraesCAD_scaffold_028385_01G000300",8.25148446521914,8.05184320532289,5.43084900124041,-0.676565568043224,-0.581009303607561
"TraesCAD_scaffold_043761_01G000200",8.21005826491541,6.9233200828592,5.05738704699778,-0.211986444757202,-0.0091112841548493
"TraesCAD_scaffold_098819_01G000100",8.20538539311392,3.58381858329633,1.31503746916757,0.37764084196023,1.56222752661276
"TraesCAD_scaffold_125814_01G000100",8.1952464308048,7.70813255237825,5.88565878727669,-0.601764647154524,0.382344411178447
"TraesCAD_scaffold_001342_01G000100",8.16899411566019,6.10210060435982,1.57802643358567,0.810383795067812,0.976313804010111
"TraesCAD_scaffold_421968_01G000100",8.16532821890653,7.70483252380174,4.37385441538155,0.200007805294151,-0.711473054767551
"TraesCAD_scaffold_062254_01G000200",8.16514565995593,7.27312637969086,2.68012373022343,0.630580704103282,-1.40189516973253
"TraesCAD_scaffold_056530_01G000300",8.14932130844733,7.46551174709644,1.90720599325349,0.900277821612434,1.70171266643729
"TraesCAD_scaffold_068638_01G000100",8.11125090941384,6.23340917779511,3.99947414094414,0.21847472508345,0.743366503848849
"TraesCAD_scaffold_158991_01G000100",8.1040565043028,7.61953665850946,4.53201498545959,-0.537410253884181,0.563419472727885
"TraesCAD_scaffold_083570_01G000200",8.0658249879506,7.08232517268297,6.61452153888227,-0.597859273770063,1.51839878601222
"TraesCAD_scaffold_003832_01G000600",8.04850999305887,7.81454989702253,8.71576112022414,-0.657034346767641,-0.198106345205277
"TraesCAD_scaffold_031633_01G000100",8.03202047557203,5.42968361348901,3.27134444675323,0.0372258948591067,0.91492668432199
"TraesCAD_scaffold_132835_01G000300",7.97298755659572,2.57926213835882,7.91643111271428,0.357534969316273,1.6687392906149
"TraesCAD_scaffold_080239_01G000400",7.96590027013298,5.21965550678445,3.34640989363514,0.0939060068311461,1.70964886934553
"TraesCAD_scaffold_095755_01G000300",7.96006732118205,5.73674041526111,2.1149594335982,0.598840573840459,1.01352231919149
"TraesCAD_scaffold_011627_01G000100",7.91125961728635,7.17299904918671,1.37876796318436,0.820771619362882,-1.10970065413892
"TraesCAD_scaffold_003410_01G000100",7.89827134359722,5.21424247330269,6.01134343497604,-0.0234489613951622,3.89599612071502
"TraesCAD_scaffold_046504_01G000200",7.87493324802703,7.71676619658937,3.03251096104439,0.19710786957717,-0.670258990550072
"TraesCAD_scaffold_016154_01G000100",7.86521249045071,5.7440269866218,8.23569287901651,-0.338815376255312,-1.39551774770616
"TraesCAD_scaffold_086440_01G000400",7.83185261527875,6.69029252107208,2.02485368005438,0.352780233774253,-0.673522281927238
"TraesCAD_scaffold_135843_01G000100",7.80492016218539,7.23694173771332,4.95323897764332,-0.0978440483458762,0.916745521127318
"TraesCAD_scaffold_079577_01G000100",7.80253308916045,7.24122924655276,8.96465338094773,-0.699945921380028,-1.71174482532747
"TraesCAD_scaffold_015654_01G000200",7.78786544702646,7.36179722730942,4.04821980729284,-0.342825538413721,0.943093909006576
"TraesCAD_scaffold_023766_01G000300",7.76818827150477,7.07506844422229,4.16924295416894,0.268052218521928,-0.837851577116615
"TraesCAD_scaffold_035254_01G000400",7.76810996811846,4.20155824310347,1.06089268463129,0.572630776831264,-0.388717336811667
"TraesCAD_scaffold_023661_01G000100",7.74529623075885,5.9035598798019,10.3394166933167,-0.420484926923573,0.278921736401525
"TraesCAD_scaffold_061976_01G000100",7.74451086059617,5.46404327741741,0.486669401426395,0.824118846962196,0.830326492996809
"TraesCAD_scaffold_019199_01G001000",7.7393327808612,6.68057401189842,10.87028834887,-0.144919992757002,0.416492119114321
"TraesCAD_scaffold_030935_01G000600",7.73358845601473,7.11695433805993,1.26749665754286,0.836239012684642,-0.838619472804376
"TraesCAD_scaffold_100081_01G000100",7.72157908716048,7.26395623361986,5.4991278897572,-0.484497176430459,-0.80632283070071
"TraesCAD_scaffold_100751_01G000100",7.71789061804111,1.2047288303341,2.80606137348112,0.289219547959411,1.31097035741257
"TraesCAD_scaffold_157295_01G000100",7.67976971404999,6.25174464947266,10.2238328766828,-0.549118188727399,0.858646194472779
"TraesCAD_scaffold_031873_01G000200",7.65943379533548,5.46849858028155,2.10135341391413,0.624896812264057,1.27083250101239
"TraesCAD_scaffold_113450_01G000100",7.65379578336627,7.2025276904196,3.76294349968049,0.404136111299315,-1.50461498702144
"TraesCAD_scaffold_064754_01G000100",7.65167991043833,4.35124625266393,6.6330440596181,-0.193256986121635,2.98586631591746
"TraesCAD_scaffold_002773_01G000600",7.64132483614043,7.09237778685253,4.54327267036891,0.0641990534096657,0.622588141618017
"TraesCAD_scaffold_034223_01G000200",7.61582864932482,7.1817798090005,5.41006517890664,-0.495610946876125,-1.87541779322673
"TraesCAD_scaffold_039571_01G000400",7.58514566235902,3.7457298633543,8.13526822309046,0.319516064264165,1.6429234747222
"TraesCAD_scaffold_071173_01G000100",7.57535993316397,7.49334373889054,5.38029339120527,-0.736625058105415,0.143003056984755
"TraesCAD_scaffold_055095_01G000100",7.54962425062873,6.18596084015675,3.85853206943413,-0.00369210173811166,0.207541279587819
"TraesCAD_scaffold_110001_01G000200",7.54641882504829,5.73613815726478,1.27168382959863,0.710005156594394,0.919308876034709
"TraesCAD_scaffold_049074_01G000600",7.54293664909504,7.14603245663259,3.60679236124102,-0.0059103096792848,1.261590932485
"TraesCAD_scaffold_110739_01G000100",7.54123671177876,6.60639715702665,9.94173509979269,-0.455785549520319,0.160990545227657
"TraesCAD_scaffold_018387_01G000400",7.53068429758587,6.73494701760773,8.33350088015571,-0.454292184490397,1.88099823573595
"TraesCAD_scaffold_066745_01G000100",7.52866381112069,0.585927035654445,1.16369725125848,0.189790007295147,0.946974691204292
"TraesCAD_scaffold_104171_01G000100",7.51367148818389,6.58791072887436,3.71616812984319,0.575764438691093,0.967845860116967
"TraesCAD_scaffold_012476_01G000100",7.51060995077099,7.06720953078808,6.5150963982102,0.48494917686256,-1.16319784391628
"TraesCAD_scaffold_009592_01G000300",7.50746171939148,6.82028377275153,7.24742049039507,-0.11301193898799,1.23673311064932
"TraesCAD_scaffold_043692_01G000100",7.50054604094637,3.86930145573004,6.39457328130335,0.134649780769977,3.55986554774176
"TraesCAD_scaffold_096690_01G000100",7.4993688060748,7.25655363605115,3.98679500796262,-0.228996531890264,0.262879140030759
"TraesCAD_scaffold_117476_01G000100",7.49776635339599,7.36083666371939,5.30319345264722,-0.598631798024836,-0.921657077590184
"TraesCAD_scaffold_028274_01G000100",7.49632670471141,7.32348404121601,9.31402647933932,-0.259199585579153,1.82598751916567
"TraesCAD_scaffold_068602_01G000200",7.49510835516753,5.54095523729952,4.35180032152981,0.298055531429159,-0.79984960966293
"TraesCAD_scaffold_016816_01G000100",7.48176443244831,4.66961250138045,3.6292197635372,0.0656214526569459,0.890825600914099
"TraesCAD_scaffold_056591_01G000400",7.4718581983177,3.38120169906962,6.68303797417575,-0.141458618681155,3.34238041328994
"TraesCAD_scaffold_026512_01G000700",7.43683074510298,6.86830902856913,4.14251518078369,0.394181385282655,1.10493378841196
"TraesCAD_scaffold_031410_01G000500",7.4354772649042,7.00531285483863,8.07649948922215,0.0503417004204035,1.85968638691689
"TraesCAD_scaffold_005404_01G000300",7.43528877531952,5.37632647714738,6.30487811136061,-0.388329593579689,1.71997765168782
"TraesCAD_scaffold_051953_01G000400",7.42593599110441,5.19239107584356,1.03327251092731,0.715828909910324,0.709155850319697
"TraesCAD_scaffold_122069_01G000100",7.40498660825808,6.32283059996836,8.01829919712032,0.234192163414016,-2.79349376220407
"TraesCAD_scaffold_049256_01G000100",7.39908450725161,7.36027785875583,10.7523960006012,0.312047462960365,-0.0877410500820283
"TraesCAD_scaffold_049207_01G000200",7.37908759933631,5.57488207375582,6.98422754572312,-0.539148463130474,1.18900363601096
"TraesCAD_scaffold_092641_01G000100",7.33888892566074,6.4736567822795,9.15648627783822,-0.460085170122943,-0.0768837060596009
"TraesCAD_scaffold_028420_01G000500",7.33444071444956,6.71709307558911,9.45401715150461,-0.228209593229357,-0.700657006415267
"TraesCAD_scaffold_002758_01G000200",7.33088407665693,7.09583074211522,2.58416791639575,0.69004719939697,1.74891779304435
"TraesCAD_scaffold_024921_01G000300",7.31473675112182,6.11288269173298,6.57159891234018,0.440987995418729,-2.42278814954878
"TraesCAD_scaffold_101586_01G000100",7.29172650117267,6.5356522349516,4.42057779749324,0.284502991272771,0.466600907299188
"TraesCAD_scaffold_041441_01G000400",7.28771291865962,5.24981006401191,4.92723554839155,-0.151761863308452,0.573107275249184
"TraesCAD_scaffold_031395_01G000200",7.2822491192235,3.53452841300144,8.0585880770344,-0.257527855810843,1.05891778171232
"TraesCAD_scaffold_046069_01G000800",7.27626973410214,3.31081565384753,3.11482728820205,-0.0116131566975908,1.6192757329551
"TraesCAD_scaffold_103917_01G000200",7.25687624329041,7.04129839367905,2.45387700925792,0.818568846067745,-1.33388330208067
"TraesCAD_scaffold_039535_01G000100",7.25620763026288,7.08531890174057,5.00919894524117,-0.279824660258672,-0.895304742167634
"TraesCAD_scaffold_037998_01G000100",7.25509768987634,5.94694030614623,3.85419546634897,0.418921532054678,-0.791362148878868
"TraesCAD_scaffold_053566_01G000100",7.24048980282787,5.96135222313428,6.6661144763315,-0.579958364078292,-1.85473925800849
"TraesCAD_scaffold_055081_01G000500",7.22189919538634,5.70276200349969,6.47226836042738,-0.315233457113572,2.83279038236261
"TraesCAD_scaffold_019272_01G000200",7.20838843323029,6.61681176999758,5.25145989320288,0.291824603108302,-1.46123830781405
"TraesCAD_scaffold_085614_01G000300",7.20364467708825,4.89146348706019,6.83532001974225,0.33622182977626,-2.87812467027548
"TraesCAD_scaffold_064612_01G000200",7.20258477813119,6.72234227832318,5.86123556431133,0.627143346635592,-1.91588048776205
"TraesCAD_scaffold_046197_01G000100",7.19510884461222,1.35590168491637,3.8897960940498,0.224532918167299,2.82688916673394
"TraesCAD_scaffold_128978_01G000200",7.17133608802566,6.72939275590061,2.05297301634176,0.738651658939153,-1.17149019300108
"TraesCAD_scaffold_477251_01G000100",7.1695953322605,6.04668409683991,1.68178118564435,0.849934487339178,1.58352777662672
"TraesCAD_scaffold_040129_01G000400",7.16443529333745,3.43550427088769,7.1254399488039,-0.319358372839948,1.6215304246541
"TraesCAD_scaffold_001004_01G000100",7.15939437562242,5.95573148949745,2.37275515151079,0.313530292044214,-1.59451596719223
"TraesCAD_scaffold_013769_01G000300",7.15581542880583,4.06091512547491,7.00169330953201,0.0356243514012619,2.41339155363945
"TraesCAD_scaffold_062533_01G000200",7.15430980783675,6.95219636115563,7.31335481319087,0.259313202257791,-1.91544325524093
"TraesCAD_scaffold_005194_01G000200",7.14243125397038,5.3589584342888,4.99154893624633,-0.219522870055374,-0.0782722708224276
"TraesCAD_scaffold_026756_01G000300",7.13896620957612,6.10211730779434,9.98691261133629,-0.240012994993977,0.549852858018834
"TraesCAD_scaffold_024820_01G000100",7.13364864139229,4.85371990032186,2.82051224195546,0.061142497190715,-0.566922408165044
"TraesCAD_scaffold_047533_01G000200",7.09704638620505,6.99796549541147,6.23021100072012,0.734873079841036,-2.1514317865652
"TraesCAD_scaffold_021254_01G000200",7.09164767672715,6.9436476881516,5.11259348823806,-0.433036613909034,-0.324391081726909
"TraesCAD_scaffold_104099_01G000100",7.07951608184851,6.68684269197952,4.43772951541445,-0.463180407631525,-1.42544711347037
"TraesCAD_scaffold_043967_01G000500",7.06619796593326,4.30161807230079,9.59596405886565,-0.316263708720789,0.980694273241473
"TraesCAD_scaffold_127211_01G000100",7.06458431751459,5.51983831365645,7.83128753511636,0.165701798658734,-0.381522151932979
"TraesCAD_scaffold_060918_01G000200",7.05550269341988,6.4007967275948,3.55823866411095,0.341369332638319,0.350878454185932
"TraesCAD_scaffold_013092_01G000100",7.05183079902626,5.68637827822026,6.55087376699751,-0.324838639103732,-0.489807777726219
"TraesCAD_scaffold_035460_01G000100",7.0269685319114,6.78622054720728,5.13465408882308,-0.357559939874005,-0.017335232504964
"TraesCAD_scaffold_016511_01G000100",7.02354161634505,6.47357927312872,2.21200971967605,0.653352209953661,1.7309611894355
"TraesCAD_scaffold_055536_01G000100",7.02275780591233,5.91826783467213,3.94797788668667,-0.0377060380793518,1.22943193679051
"TraesCAD_scaffold_053511_01G000100",7.02194378206708,6.92470202763475,6.35354956180577,-0.794809443479568,1.24952363568736
"TraesCAD_scaffold_042618_01G000300",7.01781558753354,5.78305899330908,7.17837790325332,-0.789010451843241,2.32212170243097
"TraesCAD_scaffold_111573_01G000200",7.01671292122786,6.31351258473605,9.57471657310019,0.601394848967374,-0.606559817099776
"TraesCAD_scaffold_106046_01G000100",7.01002797345355,6.85863974374378,4.54272017914312,-0.313166037644427,-0.82304793702701
"TraesCAD_scaffold_038700_01G000100",7.00912491814208,5.09782892408148,3.55275885022382,-0.370549196966547,0.496497428909382
"TraesCAD_scaffold_015655_01G000200",6.99977359937691,6.45145798844769,2.76163465182135,0.530547325059168,0.959783451122438
"TraesCAD_scaffold_063128_01G000300",6.98142846474495,3.55550640369549,6.58879455103356,0.0838837705659878,2.06402032156632
"TraesCAD_scaffold_006087_01G000300",6.9509969568582,6.54290119171887,7.31093022563374,-0.591007194788694,-0.96732809851996
"TraesCAD_scaffold_097725_01G000100",6.9475237121531,6.76681500113549,4.21095253657015,0.00438829686598165,0.196416691407298
"TraesCAD_scaffold_023388_01G000300",6.93973979142857,3.90465696273207,4.74021307377996,0.217477181597934,2.54326811400519
"TraesCAD_scaffold_079338_01G000200",6.9365021959235,5.54262383328151,5.99026041569016,-0.560827234974896,1.57386537290369
"TraesCAD_scaffold_118956_01G000300",6.93566119110269,6.470089320062,3.56784374878394,0.506762942364905,0.921009778986769
"TraesCAD_scaffold_075753_01G000100",6.92641549782867,5.70756905881833,5.82081926276328,0.0209455763712076,1.37630665998849
"TraesCAD_scaffold_021221_01G000100",6.92175842038438,6.30333979752482,7.1861434502539,-0.422330068091023,-0.36873784827929
"TraesCAD_scaffold_000620_01G000200",6.89720336869095,5.40942887859714,3.50388656228916,0.346059128628268,-0.855320676386161
"TraesCAD_scaffold_044142_01G000800",6.8813286758799,4.6827431685327,7.64268448065284,0.0203773392444151,0.155510591770021
"TraesCAD_scaffold_075409_01G000100",6.87749390737229,6.75739909278715,3.7080323861218,0.618169084110129,-2.41803200739854
"TraesCAD_scaffold_005066_01G000200",6.87560716888695,6.18158917334906,4.03888320993033,-0.157439282035026,-1.52318108985399
"TraesCAD_scaffold_028165_01G000400",6.86573731402762,4.42973540664516,8.09812814598029,0.0566954959814586,0.519152847968722
"TraesCAD_scaffold_011449_01G000400",6.86219405236285,3.10862466893367,3.87527286889805,0.0890602521510154,2.27688964722292
"TraesCAD_scaffold_149528_01G000100",6.86025427873353,6.184096931152,1.50325558291092,0.886989071621312,-0.998604632637512
"TraesCAD_scaffold_072111_01G000200",6.85936349114982,6.75655300537606,3.16174412234904,0.212073937565227,-0.440313561851594
"TraesCAD_scaffold_077275_01G000300",6.85920087981965,3.20719518782186,6.40729064580978,-0.309314118251602,0.705510984694024
"TraesCAD_scaffold_126281_01G000100",6.85232924098438,6.75702617705749,6.73239089298876,-0.247736509289163,2.53392877069294
"TraesCAD_scaffold_070076_01G000100",6.84870361291247,4.47610419525674,3.09505361386208,0.77526995401338,-1.94919915726731
"TraesCAD_scaffold_002955_01G001000",6.84808164664489,6.14590669538069,10.9018490034306,-0.447524260780351,-0.892842251547562
"TraesCAD_scaffold_032394_01G000200",6.8388102952646,6.62071983347387,3.75908141852571,0.174566908817996,0.305998701881566
"TraesCAD_scaffold_090524_01G000100",6.83115069883136,6.56554269194577,3.84670438050808,-0.217408562373429,0.693521655392188
"TraesCAD_scaffold_041632_01G000200",6.80663305896006,4.77850882090118,4.47279160670563,0.048991835781576,2.18288636115539
"TraesCAD_scaffold_001357_01G000400",6.80569713247618,4.71503510093466,0.910576071967578,0.852418096123329,0.860312807988103
"TraesCAD_scaffold_006789_01G000200",6.79219912227038,6.62235722458359,3.99934401970066,0.282539757413007,-1.08438936849111
"TraesCAD_scaffold_020926_01G000200",6.78880656126314,6.23788049201835,12.9718125522586,-0.000831725791453803,-0.848311384778614
"TraesCAD_scaffold_042661_01G000300",6.76839631600862,6.20624198628245,6.14305227422162,0.191483490825099,-1.7368683429136
"TraesCAD_scaffold_028309_01G000400",6.76268669799008,6.26815982728199,12.0274507285688,-0.859632630280455,0.810685529605598
"TraesCAD_scaffold_037896_01G000100",6.75730565296681,3.94207841870893,7.67433549614916,-0.170413336190428,1.75972055400978
"TraesCAD_scaffold_111677_01G000200",6.75277222295534,3.53119727365136,6.75075858637746,-0.294930001580488,3.49614605199322
"TraesCAD_scaffold_003918_01G000200",6.74395472884408,6.51794566897844,3.98358945880032,-0.159318656953406,1.21800226195115
"TraesCAD_scaffold_055177_01G000100",6.73671525743257,6.65152423656466,4.93060315414108,-0.0328716715646332,-2.45154664283346
"TraesCAD_scaffold_099736_01G000100",6.73508582606368,6.60049456899095,5.794926980888,-0.610649863403768,1.18932887940502
"TraesCAD_scaffold_003824_01G000100",6.72872392116415,5.05134141628236,6.39263962162761,-0.00940478925150111,0.483482947593325
"TraesCAD_scaffold_052789_01G000100",6.72008684601508,6.03486975880333,0.486230902917607,0.921658850395294,-0.780608940857684
"TraesCAD_scaffold_029059_01G000100",6.7120396213175,3.28763096545383,8.68593428764218,0.0710688536885184,0.832626365262706
"TraesCAD_scaffold_074499_01G000100",6.6994057304801,6.35661589677011,3.52119416449241,0.738567762746085,-1.67922291221355
"TraesCAD_scaffold_080146_01G000200",6.68360899908047,4.93917269808974,4.99644823127979,0.0242002897340302,3.41968528971155
"TraesCAD_scaffold_031509_01G000100",6.68276658265936,6.47438041376881,5.47559900377211,0.649191071223391,-2.96778624526538
"TraesCAD_scaffold_000670_01G000500",6.67987929806243,3.90654801235201,8.15082064251924,0.277740473008469,-1.94068367952732
"TraesCAD_scaffold_004176_01G000200",6.67603607528169,4.77858264574728,5.78213810043949,-0.674244209811784,2.05398782401344
"TraesCAD_scaffold_044280_01G000200",6.67461137133378,6.35218052025516,7.22098299044549,-0.201340955073555,-2.33169650020309
"TraesCAD_scaffold_117670_01G000100",6.66563936511917,6.43774602089891,10.6752310951453,-0.468342497220079,-1.33058450360889
"TraesCAD_scaffold_101847_01G000100",6.659975107156,6.05153253512814,1.7550871363834,0.624905823617741,-0.753678490475115
"TraesCAD_scaffold_019533_01G000100",6.65481207387152,3.63794725434902,8.56604243151819,-0.187632226148956,1.4780737598321
"TraesCAD_scaffold_056412_01G000100",6.65053472113684,5.34870773407507,4.76382575674089,-0.111173223743455,0.415704971233681
"TraesCAD_scaffold_023333_01G000100",6.64924360461638,6.55278249111855,8.324321225855,-0.247546338417683,-2.75445239328649
"TraesCAD_scaffold_044052_01G000100",6.63785034709892,5.66693223427064,1.71118352081535,0.865545422956255,-1.09017882577219
"TraesCAD_scaffold_071925_01G000100",6.63496483538554,6.18503538570104,7.05749999363092,0.513036195566077,-1.80230792351878
"TraesCAD_scaffold_012485_01G000400",6.63116644051968,6.13596857710489,3.55027299657201,0.270098836610228,-0.568418038484989
"TraesCAD_scaffold_092634_01G000300",6.62332601747933,5.7542184491473,10.4986926223609,-0.797562229902876,0.897861555530412
"TraesCAD_scaffold_025051_01G000100",6.62022540941355,5.9198064549506,9.72393587071182,-0.468420185809188,-1.47988496739259
"TraesCAD_scaffold_042006_01G000100",6.60103721314322,4.91951972855324,0.979294096544818,0.704861630658506,-0.326408207527385
"TraesCAD_scaffold_057680_01G000200",6.59907161113656,4.85447280969464,4.90076104482989,-0.355137390431904,1.9714715007283
"TraesCAD_scaffold_068862_01G000100",6.58769492197164,6.39488809682737,7.55642153060225,0.241422617598757,-2.58676195971603
"TraesCAD_scaffold_103974_01G000100",6.56446386558821,4.73730948677282,10.6985092837984,0.143830082228946,1.94301275564045
"TraesCAD_scaffold_078671_01G000200",6.56302505519179,5.11777786188486,1.73954589839742,0.521823444525425,-0.402589102265518
"TraesCAD_scaffold_012545_01G000500",6.55423660097947,6.51753847198748,4.27541883049071,-0.267050740329227,1.78882739996058
"TraesCAD_scaffold_053930_01G000200",6.55401527952256,5.05763735281506,9.18942717766995,-0.259799528727877,0.253165343425602
"TraesCAD_scaffold_019321_01G000100",6.54817482459527,5.80727799232653,2.3532110624215,0.729248949952261,-1.08996271863982
"TraesCAD_scaffold_044119_01G000100",6.51135751337339,3.37587474623901,10.0247472008738,-0.356449645163791,0.809080734254667
"TraesCAD_scaffold_021765_01G000100",6.49379441333113,6.39496953845377,4.49174101660355,0.457433610457811,-0.809006313532171
"TraesCAD_scaffold_011238_01G000100",6.48849032399083,6.23928637214249,1.94578347717706,0.854167636622208,-0.93518119255975
"TraesCAD_scaffold_046223_01G000100",6.48824192994924,5.45803097984267,10.1936917367301,-0.648390539722564,1.82646371791837
"TraesCAD_scaffold_020527_01G000300",6.48772972794419,3.18939940173476,2.71336724128353,-0.0479515721985869,2.33655425819763
"TraesCAD_scaffold_037411_01G000200",6.48725104919206,5.99410996659993,10.4967369319406,-0.097937753652982,0.0807174689185041
"TraesCAD_scaffold_097108_01G000100",6.48190105000314,2.01440111368152,5.75374309870509,0.0196254771011118,2.41769390009275
"TraesCAD_scaffold_006579_01G000100",6.48030134234016,6.00994292871898,5.3010928018305,-0.381407974947649,-0.778632982646918
"TraesCAD_scaffold_003611_01G000200",6.47181063365712,4.48923692284674,11.2215205665655,-0.398544521456814,0.820295326358254
"TraesCAD_scaffold_009923_01G000100",6.46693292387828,6.33951617778138,6.5371658835353,-0.44215633072519,-2.66552201390723
"TraesCAD_scaffold_066552_01G000200",6.45668319290427,6.30246238913336,4.97376745743748,-0.867152292770166,2.12550258374816
"TraesCAD_scaffold_006087_01G000200",6.45373595052506,6.04357494456259,3.84862841677088,-0.107485929653041,-1.65309053209662
"TraesCAD_scaffold_023838_01G000200",6.45162563590866,5.53149388758539,5.79946562651591,0.0688514531227295,-1.55850373843019
"TraesCAD_scaffold_083163_01G000100",6.43319415069788,3.09622346825037,10.1573277820947,0.273959118345312,1.64934367886343
"TraesCAD_scaffold_055185_01G000100",6.43095822270351,6.23673907237879,3.33464790435009,0.0795282181737365,0.959073796787324
"TraesCAD_scaffold_122044_01G000100",6.42434235952397,3.60047634802721,1.07618570320394,0.380919692740831,-0.0169998846457637
"TraesCAD_scaffold_011685_01G000400",6.42210246839531,5.99432321017512,9.02850746970489,-0.0894304607202063,-0.597493597751625
"TraesCAD_scaffold_042449_01G000200",6.42100075114256,5.19460609556829,1.48858127271837,0.701843677850364,0.899570195907024
"TraesCAD_scaffold_013596_01G000100",6.40289323205165,6.06806143922277,4.04420072454924,-0.158441030873886,0.310638216516917
"TraesCAD_scaffold_023223_01G000100",6.40209857738332,3.93989926864683,8.50233019354648,0.0721244236615022,0.458220170428236
"TraesCAD_scaffold_114208_01G000100",6.40135858934484,6.28417075542791,3.96552066315145,0.256516041556262,0.371680810652866
"TraesCAD_scaffold_022238_01G000200",6.38548723171113,3.83692604031598,6.74757826572985,0.102734203879811,1.83570840178091
"TraesCAD_scaffold_034009_01G000100",6.38521231542838,3.42851629476794,7.21604717013688,-0.943039071583826,1.35308531513638
"TraesCAD_scaffold_067639_01G000100",6.38350385825938,6.13783889897766,7.34117344901091,-0.573354302804827,0.890182641899916
"TraesCAD_scaffold_043096_01G000300",6.38189323881457,6.03253333256245,2.71811054424323,0.707401978274695,-1.67110152470793
"TraesCAD_scaffold_012914_01G000200",6.38169711040249,5.56439100033363,8.02064761825979,-0.138734865301933,-1.13185048949216
"TraesCAD_scaffold_014191_01G000600",6.38045702715175,2.98793401958854,7.2645110176702,0.177344721180987,0.503881515947061
"TraesCAD_scaffold_002446_01G000100",6.3779492091803,5.64014862368236,9.47024912617991,-0.107306963152912,1.93601306532489
"TraesCAD_scaffold_033655_01G000100",6.37475302507365,3.0586345115725,5.90954353741337,-0.593548867169247,3.19772540693452
"TraesCAD_scaffold_079282_01G000300",6.37330716865227,4.86977274765977,3.05586210057456,0.363009057320283,2.03827521055352
"TraesCAD_scaffold_024023_01G000200",6.37150633376726,5.59791340672532,5.89304632682372,0.102738664990665,-0.781796113087906
"TraesCAD_scaffold_080188_01G000100",6.36837104492288,4.82726262752005,5.59063043239669,-0.098739033790691,1.90222035534158
"TraesCAD_scaffold_001260_01G000200",6.36365884088638,3.96310121644903,4.87078924281639,-0.480717541627156,1.85843425634096
"TraesCAD_scaffold_092074_01G000100",6.35833988538813,6.07591579982236,1.27554472426889,0.961011311824332,-1.08762813007332
"TraesCAD_scaffold_071292_01G000300",6.3495808132205,6.00882757039752,7.32453254376018,-0.384940967243109,-1.52275356602056
"TraesCAD_scaffold_033134_01G000200",6.34494336134623,6.09435544845657,8.06567225567541,0.490940075115583,-2.52592765173237
"TraesCAD_scaffold_009145_01G000200",6.34295474178404,6.287662863561,8.26683637266777,0.467152979204245,-2.63282669492413
"TraesCAD_scaffold_031796_01G000100",6.33625373538011,2.96394722869679,0.327084850326634,0.901538559128832,0.479590449473131
"TraesCAD_scaffold_063835_01G000200",6.32454350731178,5.98188181943556,4.88783297095134,-0.180381110100445,-2.20257097524048
"TraesCAD_scaffold_040950_01G000100",6.31598342551419,4.68054460098049,6.10074179971236,0.218359183439695,-0.568064007782704
"TraesCAD_scaffold_130435_01G000100",6.30417099352671,4.45678020307339,2.93434184261831,0.296079733002608,-0.11050358400441
"TraesCAD_scaffold_168301_01G000100",6.30189843741526,5.98745124310254,7.36907796028281,-0.130924269299199,1.55984370504321
"TraesCAD_scaffold_051018_01G000200",6.30068452764619,6.13061533330701,4.01792539964943,0.095871320931907,-0.123578505684499
"TraesCAD_scaffold_042310_01G000100",6.29613851455308,5.49034491661016,1.94442406354976,0.770874851663031,-1.10894354571236
"TraesCAD_scaffold_104511_01G000300",6.29123075001913,3.09066922555832,4.7207488092548,-0.184378773209356,2.62223548423668
"TraesCAD_scaffold_025206_01G000300",6.28862355294354,3.80357107849367,2.32567034621808,0.321393699725638,0.0565733197249639
"TraesCAD_scaffold_003131_01G000200",6.28356246390195,4.90698525352521,5.29235946991307,0.00522109224880938,-0.0114132383865736
"TraesCAD_scaffold_032077_01G000100",6.26362648232025,1.414657441447,0.492754371259569,0.816030044408694,-0.162351148162456
"TraesCAD_scaffold_059289_01G000200",6.26050425101489,1.11441811708146,1.71670386418262,-0.107275630589079,1.76504411750892
"TraesCAD_scaffold_043264_01G000100",6.25967408207031,6.05731218054636,10.0018745818272,-0.272085187192596,0.521598293618114
"TraesCAD_scaffold_049352_01G000100",6.23688930830129,4.74897589563268,8.2359048653954,0.0920565554045504,-0.0666200160229327
"TraesCAD_scaffold_047628_01G000200",6.23073792559566,5.25189647681278,2.46104741024891,0.397998260617845,-0.846047063205315
"TraesCAD_scaffold_066268_01G000200",6.22430505860422,1.44372793990289,2.40870635119414,0.00610172702108274,3.40354942096547
"TraesCAD_scaffold_030295_01G000100",6.21591225040215,4.38209320046334,8.9463081329266,0.386031049923654,0.0206613474375761
"TraesCAD_scaffold_000271_01G000300",6.21337283469418,5.99275926113613,8.77085680802796,-0.326299847283224,-1.17396503358326
"TraesCAD_scaffold_049685_01G000300",6.21104261006156,5.97558271635472,6.80519530399564,-0.747501996413644,-1.122901116282
"TraesCAD_scaffold_139319_01G000200",6.20759149294285,5.51096219115169,4.18176141503814,0.328780729940298,-0.548117882882493
"TraesCAD_scaffold_086876_01G000200",6.20758597311038,4.36082010127448,5.23362208310604,0.631919798794729,2.43577106584713
"TraesCAD_scaffold_083686_01G000100",6.198650405619,5.52856143166331,4.08060688748009,0.287408704733754,-1.1839423771522
"TraesCAD_scaffold_023915_01G000200",6.19852549014276,4.71565941884123,1.75487453910825,0.481344481921052,1.16680714200546
"TraesCAD_scaffold_031896_01G000500",6.1960874232071,2.8353031535257,4.90250302059871,0.390882243328638,2.75648990630201
"TraesCAD_scaffold_009750_01G000200",6.19584119997183,5.39283182110215,3.83391293304105,-0.134571505245442,0.290750071005834
"TraesCAD_scaffold_049540_01G000100",6.19469234000733,6.02968953009223,3.70820013948277,0.32825013792424,-0.314954965676315
"TraesCAD_scaffold_086846_01G000100",6.18932516276095,4.39292449588602,6.82033253062416,-0.152013766585229,-2.80262705763542
"TraesCAD_scaffold_631170_01G000100",6.18469268949857,4.49089809323852,0.594840127624557,0.709216193244019,-0.0155752304247503
"TraesCAD_scaffold_089817_01G000100",6.18133173090024,6.02760574401135,6.81803886287128,0.304588942542323,-1.77808000127799
"TraesCAD_scaffold_034723_01G000300",6.17755415423616,5.20211313557831,6.74474231860761,0.711044171187753,-3.5843898199586
"TraesCAD_scaffold_014161_01G001100",6.17497375536519,5.41278902540766,6.81743361138909,-0.26670187188413,-1.62294826773327
"TraesCAD_scaffold_091989_01G000100",6.17272309289123,5.06318757196661,6.27167071125975,0.0386668297554251,0.127913397982688
"TraesCAD_scaffold_065054_01G000100",6.16927697459572,5.88849991571699,8.48919279573059,-0.217703129394056,-0.162918799296682
"TraesCAD_scaffold_124268_01G000300",6.16822167380226,3.59271662252577,6.97383752965919,-0.165239784766841,0.400890397448532
"TraesCAD_scaffold_035955_01G000100",6.15889614213221,2.81534131608985,1.85401724873382,0.338857208432469,-0.229525486016297
"TraesCAD_scaffold_078194_01G000100",6.15025052445927,1.80761768193308,4.370072291826,-0.118136460825438,2.09232633390885
"TraesCAD_scaffold_111896_01G000100",6.14765096644114,2.09243735958381,1.53668188460878,0.17298714626726,2.59253731455368
"TraesCAD_scaffold_043024_01G000500",6.14255917628218,2.36172736824651,0.988472276278892,0.733650359231711,-0.499018371777468
"TraesCAD_scaffold_021826_01G000100",6.14225353445542,5.96725033968234,7.45606849017387,0.273634452751198,-2.14588904117311
"TraesCAD_scaffold_115325_01G000100",6.14145969175422,3.53989293469916,8.18612427348738,-0.337184955469229,2.20526210545239
"TraesCAD_scaffold_072455_01G000100",6.14127850433466,5.88739277702646,6.7653323665896,-0.563358479765182,-2.92073590745892
"TraesCAD_scaffold_039479_01G000200",6.1391915879866,3.98113793227046,10.2439099555915,-0.209624017665141,0.698601684322532
"TraesCAD_scaffold_109499_01G000200",6.13334115097701,2.56214705749753,1.45350242682266,0.193470309498523,0.51146039761684
"TraesCAD_scaffold_022788_01G000100",6.12962151096914,3.06449950367833,3.33292447172569,0.666901339397054,2.50181600400184
"TraesCAD_scaffold_174092_01G000200",6.12708973308009,4.63404395253365,5.98798469202483,-0.121522964251734,0.94592667856829
"TraesCAD_scaffold_088125_01G000100",6.12407188516187,5.91712553225115,9.73005312344266,-0.713193936927286,-2.31447335956765
"TraesCAD_scaffold_079915_01G000200",6.12315728578217,4.07680487600295,8.95090053537834,0.0913735713005547,0.907126621482014
"TraesCAD_scaffold_010459_01G000100",6.10920766995271,4.86388388407663,3.17255019374928,0.462236946409617,-0.0527618342531598
"TraesCAD_scaffold_143028_01G000100",6.1074549980953,5.75517384089587,5.73585687478407,-0.578731576888293,1.55063642454248
"TraesCAD_scaffold_004054_01G000300",6.10653282471021,5.88534433017861,1.97806771288817,0.633560094832462,0.601507564428738
"TraesCAD_scaffold_068092_01G000100",6.10584888506756,5.21582755655759,9.45169449063333,-0.543922299875398,1.33855551068542
"TraesCAD_scaffold_000030_01G000100",6.10067030761329,2.39204076108811,1.39117104763738,0.594721399130171,0.404367603734337
"TraesCAD_scaffold_072376_01G000300",6.09729922303598,5.04863148933392,5.91980157289206,0.732598680126137,-2.76389227379945
"TraesCAD_scaffold_088532_01G000400",6.09318063445674,5.50073644574877,2.67665071405646,0.570860916343159,-1.2562904556513
"TraesCAD_scaffold_038477_01G000200",6.09241444432222,4.04509513983722,5.20352518539478,-0.327811711675938,1.53281587097851
"TraesCAD_scaffold_001691_01G000600",6.09098338580891,5.8413180728101,5.81993085884671,0.63479368382838,-2.70073058443562
"TraesCAD_scaffold_001778_01G000200",6.08430180479965,5.88528643919361,4.45099294519615,-0.239836377561117,-0.558449505804049
"TraesCAD_scaffold_056121_01G000200",6.07991756472683,4.39368166042287,8.30860496732654,-0.147149195605629,0.905512394347148
"TraesCAD_scaffold_129910_01G000100",6.07351576329109,5.22260140966244,9.39934399091957,-0.216578948108569,-0.0193453448124892
"TraesCAD_scaffold_086703_01G000200",6.07284813722243,5.17884126107212,9.03513920732172,-0.124531159020021,-0.294235791784434
"TraesCAD_scaffold_038854_01G000100",6.069899198294,5.02304019405163,8.22342976782812,0.0725089457708404,3.15676416014361
"TraesCAD_scaffold_057564_01G000400",6.0644689959599,5.45613346029855,4.45275579373594,0.245365118494259,-1.14892098267852
"TraesCAD_scaffold_016249_01G000300",6.05745920516593,5.13289884202131,8.5487512298294,-0.109397531292636,-0.344468671697365
"TraesCAD_scaffold_001342_01G000500",6.05430336494382,2.46438062471654,1.26165772410186,0.601905705127233,0.0350748936074806
"TraesCAD_scaffold_098969_01G000200",6.05366777019318,2.11815546187967,8.52692399927388,-0.31520666964145,2.00972063444851
"TraesCAD_scaffold_052842_01G000300",6.04562183991339,5.23785721859513,5.4443280220045,-0.622002805953164,0.0104827603857205
"TraesCAD_scaffold_861569_01G000100",6.0404324179253,4.69447910852448,9.19249217118825,0.0725749184179393,-0.76048765177701
"TraesCAD_scaffold_137161_01G000200",6.03254046098059,5.01272664584565,8.91889665649247,-0.489903253262366,1.08231401492661
"TraesCAD_scaffold_027528_01G000100",6.0257564735474,5.90546817055954,5.13090484841205,0.119799466635829,-0.922818164640274
"TraesCAD_scaffold_019638_01G000300",6.01754185718406,5.90054227575162,4.63217024644115,-0.11695218813199,-1.04486121417618
"TraesCAD_scaffold_022784_01G000200",6.01356179018101,4.04610067702844,8.32023899992221,0.235920910535869,0.636224137666869
"TraesCAD_scaffold_084146_01G000100",5.99828076429019,4.58358702182131,3.92981008778799,-0.498464054507557,2.38667436652383
"TraesCAD_scaffold_097522_01G000300",5.97636409095132,5.76637512475487,3.40848144027122,-0.363419048153652,0.886839588869022
"TraesCAD_scaffold_042854_01G000300",5.97383643441051,5.57330764218223,2.8928366562391,0.696049268520217,0.418136666119819
"TraesCAD_scaffold_087937_01G000100",5.97092718990448,5.60733052053361,7.508141009298,-0.0988439146504413,-1.52515071174413
"TraesCAD_scaffold_001695_01G000300",5.96350508371057,2.93116476391352,1.23851733857096,-0.119070654648598,-1.72841260915596
"TraesCAD_scaffold_005286_01G000100",5.95918168267518,5.40656038986716,2.14380474530275,0.597228490069494,-0.919439677462171
"TraesCAD_scaffold_116497_01G000100",5.95800714977039,2.06136305195069,1.43235135066088,0.512018240323855,0.437747361011607
"TraesCAD_scaffold_266898_01G000100",5.94597726350243,5.35611328514197,9.42450929609066,-0.638972108657507,-1.13911134231627
"TraesCAD_scaffold_098392_01G000200",5.94090201044397,5.72474903020045,7.83498839211708,-0.343490152272473,2.17274423728657
"TraesCAD_scaffold_014474_01G000300",5.93716681560519,5.67564110332699,1.70056038236685,0.892389090731881,1.04979595135207
"TraesCAD_scaffold_001357_01G000300",5.93382199876085,4.44004322559957,1.36012334410729,0.894820962772757,0.704277311879941
"TraesCAD_scaffold_121478_01G000100",5.93203303443832,5.16442680739083,5.96832572289158,-0.822656379372171,1.82652051383178
"TraesCAD_scaffold_011767_01G000400",5.93112768712268,4.24033720378889,2.92510841336724,0.114437008227677,1.33874954810329
"TraesCAD_scaffold_042728_01G000100",5.92734872081662,2.02151778922332,0.593462256396602,0.801950793774812,-0.065375930644723
"TraesCAD_scaffold_067720_01G000200",5.92721368815393,5.80782333581876,6.04705969123712,-0.763886238710731,-1.41461923653117
"TraesCAD_scaffold_005419_01G000600",5.92634278266383,4.11543256453865,2.981244123008,0.267323301461083,-0.237274984127889
"TraesCAD_scaffold_013085_01G000400",5.90730515383685,5.53141432662228,4.28308728694159,-0.00875467790633561,-0.906672925286102
"TraesCAD_scaffold_034472_01G000100",5.90627240827824,5.29697893544884,3.39734724379882,-0.0366420487301018,0.0272174962520799
"TraesCAD_scaffold_000524_01G000900",5.90139677039064,5.7712358607183,10.2487473268088,-0.0589249308622085,-2.07671662523641
"TraesCAD_scaffold_000672_01G000100",5.89455052802985,5.1268629518668,8.39389398612692,-0.504991948824031,1.34459806185198
"TraesCAD_scaffold_029491_01G000400",5.89311389888772,5.15697235072203,1.82530831716441,0.898402203751118,1.44427972548817
"TraesCAD_scaffold_009023_01G000100",5.89251021870781,5.56888972229096,7.93534551386843,0.265487039560637,-3.08641764627791
"TraesCAD_scaffold_161552_01G000100",5.89003994101518,4.29499519848323,7.49288768527092,-0.215646777909474,0.395577340174177
"TraesCAD_scaffold_045464_01G000100",5.88984116673221,3.39163371674295,5.77216593623153,-0.517180466055128,2.54414744218044
"TraesCAD_scaffold_069169_01G000100",5.88970564129289,1.46064533955699,0.523904033371653,0.814087289946892,0.202273494638387
"TraesCAD_scaffold_065035_01G000100",5.88148008144086,5.34551043034915,4.14817388622596,0.0432519124560833,-1.73066188197986
"TraesCAD_scaffold_017163_01G000300",5.88123323596788,5.19061870269583,9.74936763798216,0.168326257089436,-0.45630306103111
"TraesCAD_scaffold_012996_01G000100",5.87897036318401,5.54969242137843,3.97473443620629,-0.163722786126977,-0.0778931461914207
"TraesCAD_scaffold_040251_01G000200",5.87316962029109,4.22875862899001,3.82183385131124,0.133686364658569,0.629960438466732
"TraesCAD_scaffold_114293_01G000100",5.8728743822646,2.68078436312839,0.323143132900745,0.881322305339108,0.750035796034981
"TraesCAD_scaffold_091472_01G000100",5.86647163368667,4.42381728982799,4.78297379884143,-0.140313218233027,2.93245695951409
"TraesCAD_scaffold_137601_01G000100",5.86172417127154,4.3808238718617,1.78998951032381,0.942225507111821,1.43981145821844
"TraesCAD_scaffold_058304_01G000100",5.8576474197844,4.13715121421931,8.96489623817896,-0.80973945548725,0.591849989795376
"TraesCAD_scaffold_054786_01G000400",5.85736549865222,5.71182096639974,2.09338715172976,0.665432503510823,-0.987173570555479
"TraesCAD_scaffold_065050_01G000100",5.85692877601445,2.71961963868312,5.57949854303852,-0.2060829583237,2.0888889516685
"TraesCAD_scaffold_084315_01G000100",5.85443950701883,5.14883652098727,5.6875241415502,-0.591059946442526,0.456757246118112
"TraesCAD_scaffold_018667_01G000600",5.8543205822985,3.7945551513552,0.407287215136127,0.721581410448326,0.603475723629323
"TraesCAD_scaffold_140663_01G000200",5.84264569623831,2.78189603143022,7.38061442022803,-0.445928395445382,-2.7661232078477
"TraesCAD_scaffold_080164_01G000400",5.83947111086043,2.48926068372687,2.61538930178559,0.572419691009796,2.8322000004617
"TraesCAD_scaffold_036352_01G000200",5.83645305585417,5.5288767390431,3.42040582984545,0.329253241985697,0.655727767408338
"TraesCAD_scaffold_045294_01G000200",5.82939714326162,5.05296271404997,3.19743657850521,0.0126919338583102,0.196957950244349
"TraesCAD_scaffold_098437_01G000200",5.82476072153508,2.53067881898784,0.444856797918177,0.814282755680542,0.198060414389121
"TraesCAD_scaffold_070053_01G000200",5.82467889926316,4.50877432190992,8.1744126332117,-0.406217509009394,0.534606391982594
"TraesCAD_scaffold_019864_01G000500",5.82305953024624,5.7053302713786,5.7349797922511,-0.486225825305494,2.50594558364972
"TraesCAD_scaffold_091504_01G000200",5.80840302078968,1.57310130383708,1.39482273767658,0.391156801645461,0.535754106559395
"TraesCAD_scaffold_063877_01G000100",5.80495574222067,5.38745231001726,2.86304793009075,0.533296691982162,0.0553941346515131
"TraesCAD_scaffold_146440_01G000200",5.80309361664574,2.47828448848913,6.58232020883918,-0.591778917235833,1.20465696445828
"TraesCAD_scaffold_001114_01G000100",5.8011140976667,2.99166981955516,2.09887312850169,0.628862685403229,0.612539229253773
"TraesCAD_scaffold_032741_01G000300",5.7975245200204,5.73371423716977,7.05972010361849,0.3455207229155,-2.69621141144173
"TraesCAD_scaffold_043544_01G000200",5.79536631891031,5.23033644841069,5.40284898543705,0.74816205706154,-2.14349399690682
"TraesCAD_scaffold_057504_01G000100",5.79425674796447,5.02266359795687,7.4333398671774,-0.763075982959718,-2.17092415968242
"TraesCAD_scaffold_124065_01G000100",5.78775698738495,5.02432945103098,2.4588188890033,0.660406564665728,-1.05852550832859
"TraesCAD_scaffold_015990_01G000300",5.78687479786476,2.18589658283502,6.65436647849867,-0.423268948202269,1.44965979196295
"TraesCAD_scaffold_007537_01G000100",5.78393529617303,3.99710543825363,5.04016605035001,-0.586160278022445,1.09723571821899
"TraesCAD_scaffold_016495_01G000800",5.77831699034479,4.28157099928083,8.07771064014586,-0.191202791276119,0.514886241090301
"TraesCAD_scaffold_005267_01G000300",5.76700897138589,4.98132476261135,5.93752814930727,0.0652898031540926,-2.15130279574237
"TraesCAD_scaffold_062152_01G000200",5.76278672130088,2.24246699661465,6.47844092685725,-0.131981456923324,2.14669522493351
"TraesCAD_scaffold_034625_01G000900",5.76250432367823,4.94292293504021,8.08870091851759,-0.888262805001238,-2.80270753045843
"TraesCAD_scaffold_012706_01G000200",5.76219423469771,5.17463123348356,1.73544192036152,0.735482516684051,1.14353900116668
"TraesCAD_scaffold_098736_01G000100",5.76206607271768,5.43198630444774,3.70429702362505,0.147719194338717,-0.123418472777513
"TraesCAD_scaffold_041454_01G000200",5.76041961476322,4.9348346670917,2.11451843224265,0.566439598890692,-0.147079300314759
"TraesCAD_scaffold_053432_01G000100",5.75945733472843,5.65735803243096,9.28014407309986,-0.631507238549863,-2.29882028337209
"TraesCAD_scaffold_003054_01G000100",5.75752454686026,1.38330765628568,3.35261054935636,0.193770408619403,2.51021926817825
"TraesCAD_scaffold_009481_01G000200",5.75700398642159,3.8054807904053,3.83146149153704,0.30790977617824,-0.0940306016519463
"TraesCAD_scaffold_024916_01G000100",5.75460738430241,3.89498796896708,5.4893509331487,-0.400878748755202,1.77424559265735
"TraesCAD_scaffold_004760_01G000200",5.74357443471579,0.480705706623488,1.207025489547,0.20970895705462,2.04895194921345
"TraesCAD_scaffold_029735_01G000400",5.74218185713617,3.58310561633517,0.628499762443658,0.828257087341692,-0.0624738117331951
"TraesCAD_scaffold_086112_01G000200",5.73104906740036,4.25882586986648,6.5027159287149,-0.507115048268536,1.8332709413932
"TraesCAD_scaffold_025912_01G000200",5.7188730992888,3.82959322700727,1.74559239045358,0.264047683091776,-0.156895480875815
"TraesCAD_scaffold_140042_01G000100",5.71844853902343,4.89937967602267,4.12885258615473,-0.0955677105911756,0.0229315785404144
"TraesCAD_scaffold_093852_01G000100",5.70957652413559,4.02541600135321,5.85457165442735,0.0475403031070977,-0.111108540429823
"TraesCAD_scaffold_026736_01G000100",5.70596145717493,5.54952197845116,8.78234770559441,0.24267528519331,-3.12544968809663
"TraesCAD_scaffold_022716_01G000500",5.66875644933381,5.25682779568789,2.49362888099401,0.116414443123912,1.21910149777949
"TraesCAD_scaffold_036510_01G000400",5.66715064033167,5.27663400857903,6.17451179410334,0.242429599261157,-1.41188259309907
"TraesCAD_scaffold_102359_01G000100",5.65961175356134,3.46886059942867,0.850377214488786,0.828067459006514,-0.658179346901862
"TraesCAD_scaffold_032351_01G000200",5.65330704280852,2.87444726326141,5.87317052078887,-0.298189665320862,2.33798960880953
"TraesCAD_scaffold_040961_01G000400",5.64945115871007,3.84893579116244,9.1117012982454,-0.480652359064452,0.429646819128146
"TraesCAD_scaffold_030844_01G000100",5.64842648090651,4.14315166066264,6.61212762387666,-0.460029998074777,1.75112231538313
"TraesCAD_scaffold_029359_01G000100",5.6443551151353,4.14677420147514,9.79492800455288,-0.622598243802961,0.881810398607352
"TraesCAD_scaffold_055739_01G000200",5.64166758951577,5.53785812659562,5.55903694806147,-0.395678707746826,-0.52345184160109
"TraesCAD_scaffold_131328_01G000100",5.63826600766408,4.69042880877305,0.632810227378943,0.975690243353498,0.84469643181686
"TraesCAD_scaffold_121998_01G000100",5.6378003554787,4.01402944403544,5.90146936327788,-0.374018389986832,-0.143846040068906
"TraesCAD_scaffold_003269_01G000400",5.63576765274496,3.72126941140025,3.58902235762439,0.328014467049436,-0.296586274687379
"TraesCAD_scaffold_097324_01G000100",5.63574050668689,4.20899433633688,1.07155114817802,0.858291354127833,1.04762047223456
"TraesCAD_scaffold_014294_01G000500",5.63529019445544,5.13366351527879,3.61272682097188,0.84392956625763,1.81100286758142
"TraesCAD_scaffold_037061_01G000200",5.63177796204525,4.71816056479647,0.118294751598905,0.966509324990768,0.556309864668334
"TraesCAD_scaffold_017602_01G000100",5.63075181392874,5.12780789981709,2.19881262260017,0.624622321359096,-0.681748514615287
"TraesCAD_scaffold_105177_01G000100",5.62217433518033,3.22018941794045,7.96918681860775,-0.14160362008515,1.70699678367904
"TraesCAD_scaffold_031639_01G000300",5.61926166402395,5.32462171842298,5.36431358509576,0.165176739768677,-0.6574928590736
"TraesCAD_scaffold_092866_01G000200",5.61830000127155,5.46755089725491,7.88104275050368,-0.110071987011549,-2.22817617737972
"TraesCAD_scaffold_009181_01G000300",5.60395059107482,4.58087402337962,11.6171456889745,-0.267606305037151,0.502644397606574
"TraesCAD_scaffold_034393_01G000200",5.59952837846669,2.40743984586402,3.08049037675953,0.323622318446955,2.85774313768007
"TraesCAD_scaffold_000382_01G000500",5.59951520830346,4.68570149200537,1.52040760552103,0.984651043839377,-1.15335360401795
"TraesCAD_scaffold_039878_01G000100",5.59138772342223,4.6806188531166,5.0569422717573,0.125269831719546,-0.882483045844664
"TraesCAD_scaffold_029661_01G000100",5.59096068676053,3.77100003173554,8.50063261511732,-0.335325797106864,1.22919687193262
"TraesCAD_scaffold_073784_01G000200",5.58930573791672,0.811726677783157,2.58497253295028,-0.0420583481255659,1.84470575075518
"TraesCAD_scaffold_011532_01G000300",5.5872616135414,5.50707050803848,4.54498267443885,0.172690133619228,-0.854400801779169
"TraesCAD_scaffold_013096_01G000500",5.58444652150625,5.14587234392772,3.25541318591505,-0.0493817979272266,1.15120160086222
"TraesCAD_scaffold_043631_01G000600",5.58044278988636,4.83640431246274,1.89938279472967,0.329984110799266,0.24295063074577
"TraesCAD_scaffold_054974_01G000300",5.57766185038393,3.12711984941929,0.481679565270097,0.907087535195823,0.484798782620535
"TraesCAD_scaffold_039356_01G000200",5.57059807746476,4.21991691714328,3.7892174388535,-0.469312994493797,1.37279591667708
"TraesCAD_scaffold_057056_01G000300",5.56873276199705,5.33654260255598,6.86370995148281,0.266415400008952,-2.34824647195048
"TraesCAD_scaffold_042521_01G000200",5.56817517944048,1.37156128205169,5.25834187511933,-0.106593434444713,1.82223494312141
"TraesCAD_scaffold_013209_01G000100",5.56618116136525,5.18805291522578,2.33547663902699,0.654319688507081,0.727990299945869
"TraesCAD_scaffold_049879_01G000300",5.56202194685312,3.48149054473368,6.77016590814506,0.290991711340496,1.69371421667458
"TraesCAD_scaffold_105690_01G000100",5.56005763924511,5.42811825336381,5.98754034348867,-0.59930548045501,-1.61518937768449
"TraesCAD_scaffold_023592_01G000500",5.55904908180735,5.38438543921119,4.34207053969117,0.597330660842535,-1.74863347609887
"TraesCAD_scaffold_053630_01G000100",5.55733194143779,5.19672247721335,0.851280751281706,0.831677340460169,-0.526392095592589
"TraesCAD_scaffold_010740_01G000100",5.5531472284948,2.45805229921051,5.75108571205879,0.350054494545909,0.836460233796752
"TraesCAD_scaffold_097650_01G000200",5.55017984033956,4.75490965242019,8.05887135700084,-0.293570199580914,0.475981915107315
"TraesCAD_scaffold_064501_01G000100",5.53620630428631,5.07745167660111,5.44735519180304,-0.605957511783741,0.574662197014199
"TraesCAD_scaffold_002817_01G000100",5.53095363417388,4.33900825816265,6.69190158922887,-0.66702945058574,1.11133531745157
"TraesCAD_scaffold_067744_01G000500",5.52409938553597,5.22135412337875,5.03684676538136,-0.15529077229966,-1.74601429136063
"TraesCAD_scaffold_030515_01G000100",5.52079127157949,4.48456335795526,8.52548779523995,-0.323562980687794,-0.471961382160906
"TraesCAD_scaffold_089903_01G000100",5.51991954068131,2.49616921044421,4.1442176538486,-0.0341574422963986,2.12188159581513
"TraesCAD_scaffold_060493_01G000200",5.51640683320788,4.86885353284444,8.92064076232396,0.0577552072759991,-1.7353647876149
"TraesCAD_scaffold_033945_01G000200",5.5144271348173,3.83288894327265,5.27921024991874,0.133719960360118,0.726312536858735
"TraesCAD_scaffold_061122_01G000200",5.50872303579582,5.38706958937896,7.89933520025267,-0.562979237413425,1.30656173640335
"TraesCAD_scaffold_053097_01G000200",5.50733596547184,4.09844828354863,9.28452747786283,-0.233347102899114,0.0609436577070296
"TraesCAD_scaffold_062964_01G000100",5.49937973229456,5.38443539276241,8.31791695367094,0.430028574146374,-3.24024444299427
"TraesCAD_scaffold_054741_01G000600",5.49917596989953,3.36073132189472,5.06565831862577,-0.0523774300391178,3.64322431195305
"TraesCAD_scaffold_029931_01G000100",5.49838634546631,5.48961238914384,8.07823338147376,0.0543480518393906,-4.29838692804037
"TraesCAD_scaffold_026073_01G000100",5.49739885116093,5.43946991645001,4.16731743102678,-0.416532304365794,0.512430912047711
"TraesCAD_scaffold_134062_01G000100",5.49415603560672,4.0597749796112,1.14803869102453,0.708850676208938,-0.273562568771735
"TraesCAD_scaffold_050822_01G000200",5.49383292719789,4.70304548539313,3.1910668955378,0.0014266587472097,1.54932911856982
"TraesCAD_scaffold_074546_01G000200",5.49183646067929,3.66130608802834,1.48148475526091,0.56802444277576,-0.26016248393422
"TraesCAD_scaffold_101631_01G000100",5.48726901532736,4.02679575858526,3.39225929168953,-0.42079391853935,1.97749473656795
"TraesCAD_scaffold_095002_01G000100",5.48278745498416,5.41782454714818,8.27108904905044,0.53085992216032,-2.16733766258482
"TraesCAD_scaffold_062520_01G000100",5.48227568714783,5.35409932566837,9.2260943555486,-0.408810716433919,-2.59444235215783
"TraesCAD_scaffold_037977_01G000200",5.48147322980061,4.62487928727701,4.10463150884068,0.289793288176308,1.2019522784413
"TraesCAD_scaffold_025170_01G000400",5.48117704581957,5.39070418662923,7.30128448733804,-0.772694098016673,0.109634289643201
"TraesCAD_scaffold_081369_01G000100",5.47993643099251,5.20420855551723,5.03801098906686,-0.532614174732218,0.704941029923182
"TraesCAD_scaffold_131651_01G000100",5.47947283586625,4.66839644705571,1.34785990988312,0.863440501773776,-0.447906984797097
"TraesCAD_scaffold_061970_01G000200",5.47538470504124,4.54350285820311,1.93563263042315,0.631472471468526,1.17652048565883
"TraesCAD_scaffold_019847_01G000300",5.46656529745553,3.38945538286115,8.42675959695303,0.0927153915913361,0.401350853987273
"TraesCAD_scaffold_022602_01G000200",5.46294125435866,3.82849225559565,5.68880918993886,0.135520729905662,3.46828576193557
"TraesCAD_scaffold_043513_01G000200",5.45629994611007,4.66305666031662,2.89376390230024,0.221722030776163,0.647318199538539
"TraesCAD_scaffold_067051_01G000200",5.44840476849968,2.79951792263392,6.56049281068872,-0.377052447807146,1.94454554848798
"TraesCAD_scaffold_005789_01G000300",5.44671130981347,5.12148284302151,7.34993814360866,0.246335379295828,-1.92074945328732
"TraesCAD_scaffold_126048_01G000100",5.44586713077793,3.74788439950048,5.19829573134968,-0.245066332813245,3.0320124843618
"TraesCAD_scaffold_066797_01G000200",5.43775500811951,4.05508245207533,8.29292060551524,-0.322850385504816,1.36416764267529
"TraesCAD_scaffold_051728_01G000100",5.4377336371779,4.50439461786119,9.54724021586175,0.0931067626869068,-0.164096062860058
"TraesCAD_scaffold_070159_01G000200",5.43224813260274,3.72082742850791,4.36649581878575,0.0261591017051966,0.756196676393565
"TraesCAD_scaffold_008337_01G000100",5.43079745908262,2.65074028354895,6.89128858150574,-0.0347073466009403,1.1187720117891
"TraesCAD_scaffold_009552_01G000300",5.4243193000424,3.59479746164765,5.94849278413275,0.0767772051998506,-0.0265345820170597
"TraesCAD_scaffold_044575_01G000100",5.42320472164935,3.41353560000389,1.31722641345641,0.578904601773691,-0.440741224527313
"TraesCAD_scaffold_065302_01G000100",5.41682110624674,5.30805825670055,4.99987741647647,-0.218483303181935,-1.65487441271732
"TraesCAD_scaffold_000655_01G000500",5.4076472060907,4.87066876875138,3.6765031927501,0.100229863012124,0.0489430764445672
"TraesCAD_scaffold_008284_01G000200",5.40688375083457,3.21228460858402,4.2679998900592,0.171254542185848,1.9581847619434
"TraesCAD_scaffold_040660_01G000300",5.40108927102862,5.3527032496134,3.32058697761844,0.548121759672135,0.113422315577826
"TraesCAD_scaffold_004985_01G000300",5.39883930811644,0.914280203157756,3.43198440095323,-0.0551873128423806,1.15750135110372
"TraesCAD_scaffold_026792_01G000100",5.398353271821,3.43840833009863,4.64591752820736,-0.513748758409125,2.59274643222852
"TraesCAD_scaffold_044525_01G000400",5.38921043516554,4.12822486778903,1.45718213105129,0.470468146578711,0.943508287113569
"TraesCAD_scaffold_015256_01G000200",5.38893648587581,4.29583601560175,7.5653796255796,-0.504457102947663,2.39899761315142
"TraesCAD_scaffold_050737_01G000100",5.38370271792754,3.4541720741894,7.85323153453745,-0.761566473212305,2.2054042675795
"TraesCAD_scaffold_064935_01G000700",5.3798971495302,1.83700105159619,4.72046469528399,0.000339087148991557,-0.0688199516824958
"TraesCAD_scaffold_035606_01G000100",5.36701955919958,1.62177068897693,4.09357112952203,0.271572905575056,2.35704120464304
"TraesCAD_scaffold_002060_01G000100",5.36220384003402,3.37719174697012,7.3619841346065,-0.434212360730732,1.67003809262034
"TraesCAD_scaffold_016229_01G000100",5.36149344975326,5.22110306414344,6.09846638204384,0.346864932554439,-2.19738471723321
"TraesCAD_scaffold_064259_01G000200",5.35908869013372,0.340971515872307,0.328328518895136,0.208829253447716,3.13059461389576
"TraesCAD_scaffold_025728_01G000200",5.35563134523333,2.46608757789583,0.79508358122625,0.509277695182652,0.149279123014968
"TraesCAD_scaffold_034952_01G000100",5.35323493343289,3.13480049696738,6.30898745898092,0.0602025368522032,2.04656586885406
"TraesCAD_scaffold_008421_01G000100",5.35272744882839,1.65125563601913,1.59034793355607,0.41354378827838,1.36756814719723
"TraesCAD_scaffold_026067_01G000200",5.35224134015387,4.72976245563605,9.26836054283662,-0.550846517114165,2.18414037697999
"TraesCAD_scaffold_047530_01G000100",5.34991237150298,3.37791861313538,6.01054134025625,-0.0340055579379922,2.55218840253913
"TraesCAD_scaffold_068600_01G000100",5.34568021900678,4.31775067084714,10.0669074615322,-0.00660243740662323,-0.577965547925815
"TraesCAD_scaffold_058389_01G000100",5.34564643535517,3.73951195723111,0.901581752926219,0.868192987172548,0.561293238338359
"TraesCAD_scaffold_013787_01G000100",5.34499742444528,4.47917047645933,0.554594631676056,0.877959307014452,0.290509588669
"TraesCAD_scaffold_065987_01G000200",5.34396641610113,4.98222391985464,7.07384759076648,0.281395503942436,-1.51864819955488
"TraesCAD_scaffold_029791_01G000100",5.3427821418266,1.18218668149766,4.63221589121329,0.0582846395516661,1.81164933020115
"TraesCAD_scaffold_005794_01G000200",5.33759287929332,2.98589369914949,8.0062456799211,-0.0252471359556861,0.71519080298257
"TraesCAD_scaffold_064500_01G000300",5.33664124175854,5.11464155166821,6.78156202634155,-0.0613309285165047,-2.028528392877
"TraesCAD_scaffold_044673_01G000300",5.33567446662596,4.77797067939598,7.50433295523257,-0.0916744180067835,0.402037759702005
"TraesCAD_scaffold_062039_01G000200",5.33435594175447,5.03848090382966,9.73136032172802,0.328355679366167,0.118007526532977
"TraesCAD_scaffold_076522_01G000300",5.33338440530772,5.17288448099792,5.43170470156652,0.312009818813735,-2.48363592384618
"TraesCAD_scaffold_069930_01G000100",5.3314574582434,3.0121153812279,8.93034481700412,-0.122685488227894,2.80103207366268
"TraesCAD_scaffold_135392_01G000100",5.32562221770899,5.15317770996619,6.25439634712705,-0.739308094121686,-2.19827758621588
"TraesCAD_scaffold_036303_01G000100",5.32211287521145,5.25679327018698,7.23928268945795,0.0281216642566602,3.05482514609564
"TraesCAD_scaffold_121972_01G000100",5.32195537880093,3.5385926569574,3.64055982841289,-0.405153875439478,2.65233101400605
"TraesCAD_scaffold_015368_01G000200",5.3132163384961,3.76380702030126,4.09626799727998,0.720819630359884,2.91869007911042
"TraesCAD_scaffold_027421_01G000200",5.31217608756076,4.1941078300136,6.42256958161613,0.0313539007182315,2.05033816537076
"TraesCAD_scaffold_107437_01G000100",5.31038461449199,4.96469180473535,6.17757317557643,-0.0238584474008701,-1.53689038370745
"TraesCAD_scaffold_784555_01G000100",5.30610756099571,4.74603606528197,1.47928739006969,0.882782291957264,-0.805718699783837
"TraesCAD_scaffold_009703_01G000300",5.3041115796414,3.71374356787345,5.34048670622397,-0.379163488610063,2.38065195561074
"TraesCAD_scaffold_005166_01G000300",5.29340851800129,4.91295465026413,4.532466886578,-0.319057884812411,-1.03818518449022
"TraesCAD_scaffold_017217_01G000700",5.29133990212985,3.63156221312275,5.73843769268685,0.42590016004081,-1.02004233460248
"TraesCAD_scaffold_024880_01G000100",5.28776408158949,5.19088605670077,2.51023312045794,0.924906218418581,2.30875570151029
"TraesCAD_scaffold_037032_01G000200",5.28727967624409,4.40019759567691,8.68484490892674,0.437741778276133,2.35004338130044
"TraesCAD_scaffold_092048_01G000200",5.28607477376915,3.18144643098161,2.95993422430811,0.164356394627985,0.53197689404839
"TraesCAD_scaffold_162456_01G000100",5.28218302346444,2.15035566560653,4.57035482617011,0.255001564738629,-1.08146614495343
"TraesCAD_scaffold_055895_01G000100",5.27960810299417,2.49365535432388,1.71541408025361,0.502806137764392,0.189016501113539
"TraesCAD_scaffold_001188_01G000300",5.27882601280355,2.66164407205018,7.34934927635898,0.0284822085541381,1.16797613393542
"TraesCAD_scaffold_083112_01G000100",5.27525587978076,2.73992727623538,4.82826771759806,0.288064441596816,3.56754220943604
"TraesCAD_scaffold_030529_01G000400",5.27203860186929,1.61735974902623,5.35364321826642,-0.367394113559215,1.44315950513914
"TraesCAD_scaffold_062650_01G000200",5.27046677412263,5.16927097575295,6.95759263693578,0.44863371662038,-2.34716036235462
"TraesCAD_scaffold_007481_01G000100",5.26722015958022,4.14317084147397,9.670487876517,-0.469692760441412,0.422625909098439
"TraesCAD_scaffold_012020_01G000300",5.26611757967895,4.7932162647019,5.69450918949293,-0.610937404370059,1.90481724235496
"TraesCAD_scaffold_095222_01G000100",5.26556428435143,3.02175255662598,6.95217072473984,0.588778398124169,3.31111108447126
"TraesCAD_scaffold_065345_01G000400",5.26353515958157,1.02191752537102,2.44214114446307,-0.0846400541657013,2.4286312642871
"TraesCAD_scaffold_068592_01G000100",5.25638918763537,5.18285764364522,10.201183670715,0.384060929978215,-1.36827421718333
"TraesCAD_scaffold_053598_01G000300",5.25536872886287,4.27723659110102,2.20774740276129,0.616956760030136,0.230042193858593
"TraesCAD_scaffold_056887_01G000200",5.25357003687353,5.14752970070938,2.27570062556349,0.768999885315083,-1.15867637400619
"TraesCAD_scaffold_043248_01G000200",5.25354317759125,3.68815100106066,8.2252883864704,-0.354845143283369,1.29995237120052
"TraesCAD_scaffold_063047_01G000400",5.25330394756,2.74875800849415,5.29387784674855,-0.443716578726895,0.471275608484894
"TraesCAD_scaffold_050432_01G000100",5.24922002543699,4.04399771153214,9.02912785348906,-0.035948131456811,0.520089973530848
"TraesCAD_scaffold_052272_01G000100",5.24268003844522,5.11807806242322,5.77594424028496,-0.148986649176341,-2.58309847166975
"TraesCAD_scaffold_007449_01G000500",5.2413967133473,3.78082488949042,1.7908516257581,0.298204967364238,1.27048774815864
"TraesCAD_scaffold_059507_01G000200",5.24065194351494,5.2054871391676,4.66478807450174,0.723610411353265,-1.91146444092661
"TraesCAD_scaffold_125847_01G000100",5.23630735273133,4.97100726671446,7.18987445333924,-0.19382472316089,-1.7741229182842
"TraesCAD_scaffold_039356_01G000100",5.23600980743343,4.91820383655245,8.03326896858966,-0.702260778225696,1.17568351964285
"TraesCAD_scaffold_081516_01G000100",5.23312269915802,4.42165189003076,7.09696305927522,-0.151604716407484,-2.15292200298834
"TraesCAD_scaffold_040729_01G000100",5.23203879955119,3.92319704346922,7.54080474426893,-0.218402938471097,0.70442880667414
"TraesCAD_scaffold_096243_01G000200",5.22997517293231,4.01884679995544,4.6697912030935,0.578606212235397,-2.56624371487933
"TraesCAD_scaffold_024558_01G000200",5.2287772240676,4.14045515050867,8.39018271338651,0.103063302038851,0.186487969598404
"TraesCAD_scaffold_057623_01G000200",5.22552693183271,2.26497304623393,5.04171768978137,0.112390420602389,-0.716072510812881
"TraesCAD_scaffold_072677_01G000300",5.22154209169852,4.81771950986751,2.10650203501157,0.780000085929718,-0.944014999075193
"TraesCAD_scaffold_009007_01G000300",5.21881635769654,4.04629571402312,6.54114117570746,0.0450073729527589,2.27289248058241
"TraesCAD_scaffold_002883_01G000300",5.21824870155562,4.54363232856437,8.95811830128983,-0.186171831920628,-0.474514134924553
"TraesCAD_scaffold_017613_01G000200",5.21732452268644,3.25831302847464,2.42517729176115,0.163080063085876,-0.348678569370115
"TraesCAD_scaffold_037176_01G000200",5.21505625907872,4.81508526560374,7.33074278152226,0.481285244907889,-3.34487949085748
"TraesCAD_scaffold_008185_01G000500",5.21002144084739,5.08824117679881,7.26032292059472,-0.0600209607023268,-2.46080765642651
"TraesCAD_scaffold_090258_01G000100",5.20404033548824,3.01285932830149,8.43766115694417,-0.339107035099795,0.853343378346417
"TraesCAD_scaffold_068388_01G000200",5.20112769127172,4.8762144626771,6.80752362015088,-0.133145529603539,-1.22376285165178
"TraesCAD_scaffold_021691_01G000200",5.19480779947779,2.02847420066112,1.28766090560901,0.0871441419376519,0.76297078424996
"TraesCAD_scaffold_018956_01G000100",5.19404533772883,4.57014373436556,7.61984469998208,-0.055803958587593,1.02717575639211
"TraesCAD_scaffold_064365_01G000100",5.18476853983601,3.62806544453663,4.97748283770639,-0.567565327585685,1.14096687868792
"TraesCAD_scaffold_008923_01G000100",5.18173290494498,2.77461098499596,1.93419773703227,0.269243860102556,0.631039512692663
"TraesCAD_scaffold_056392_01G000100",5.17401944655671,4.480013108241,5.22350395983928,-0.0487595125125302,-0.890850964279529
"TraesCAD_scaffold_083170_01G000100",5.17325933845636,5.06441575763376,7.32084009949099,-0.0964950784644216,-1.49654578825562
"TraesCAD_scaffold_170961_01G000100",5.17074205897752,4.22346904572491,3.04342219828547,0.0920956729280543,0.0432663895403696
"TraesCAD_scaffold_009264_01G000600",5.16389236586147,4.78455852065532,5.70043788274736,0.157650558463786,-2.18697999527462
"TraesCAD_scaffold_002454_01G000500",5.16383214729792,4.90603946380632,7.12806679116511,-0.55661594722364,-3.3379377890061
"TraesCAD_scaffold_051000_01G000300",5.16140625822901,4.10488430679802,2.46455062590195,0.478119000940434,-0.317459249646946
"TraesCAD_scaffold_061233_01G000100",5.15572151201784,2.02460816339397,5.7243358227689,-0.499688644922635,1.62552893552889
"TraesCAD_scaffold_103608_01G000100",5.15491929676802,3.96407498716693,9.0772605420996,0.179880632177586,0.714507376233876
"TraesCAD_scaffold_058218_01G000100",5.15407366274256,4.7853905481736,3.35251476522852,0.389131043032919,0.281789656884028
"TraesCAD_scaffold_022367_01G000200",5.15247159761141,4.6388171877625,6.35160831775512,0.0878033718693015,-1.43323071126049
"TraesCAD_scaffold_020768_01G000100",5.14827310519871,2.03389830856289,2.87809578844314,0.177721889262959,3.10392484526026
"TraesCAD_scaffold_008760_01G000400",5.14556436487373,5.06489042647983,7.55302739411975,-0.0509696010494677,-3.74154876553795
"TraesCAD_scaffold_000165_01G000100",5.14190259315103,5.04284304704054,7.22322714261733,0.537473779433852,-2.87142020534256
"TraesCAD_scaffold_127436_01G000200",5.14136247805906,3.6015206563543,2.6666790463508,0.426324676458609,0.335567811516221
"TraesCAD_scaffold_024519_01G000200",5.14055164953517,4.67715268879874,7.19190160016391,-0.267565999201324,-2.36340553543601
"TraesCAD_scaffold_008542_01G000200",5.13878870330336,4.89097505772171,6.92601604754975,0.104095903118018,-1.68169690008893
"TraesCAD_scaffold_014694_01G000200",5.136105502652,4.48540614689836,4.40251368108634,0.350113089339712,-0.278365783031612
"TraesCAD_scaffold_053392_01G000100",5.13460903848778,3.50664929851076,4.5697439433144,0.10525758984205,0.967213797199057
"TraesCAD_scaffold_011395_01G000900",5.12631188327317,4.66991159166151,6.0198384662556,0.47357548589919,2.00315048841093
"TraesCAD_scaffold_008208_01G000200",5.12387752542308,5.01687162209027,6.50070584770818,-0.312529653340663,2.55192120869848
"TraesCAD_scaffold_020853_01G000100",5.11550121484665,0.624664274499286,0.370096280670523,0.874762387610208,0.188706373341991
"TraesCAD_scaffold_025404_01G000100",5.11346320384191,2.80369008992902,4.24075195909594,0.180237135016663,2.71222925556609
"TraesCAD_scaffold_058063_01G000100",5.11075711748844,4.30102714253019,7.61208227523796,-0.229664924104656,-0.579414500435692
"TraesCAD_scaffold_175867_01G000100",5.106052570322,4.81365533022263,7.2631723005804,-0.789760136919416,-2.25844081000962
"TraesCAD_scaffold_036582_01G000100",5.10591250601409,4.56401759435384,6.81620372780149,-0.0963494398157567,-0.532296532727208
"TraesCAD_scaffold_060958_01G000300",5.10545893398822,3.35126711716556,7.25433023543002,-0.31198990493819,2.8570278178256
"TraesCAD_scaffold_012737_01G000100",5.10307337751291,4.75016647423429,9.58629108417345,-0.828118867990496,1.34069383503736
"TraesCAD_scaffold_036517_01G000100",5.0976415803399,3.81608037241324,8.62142140198522,-0.694315837478446,-0.567004396669493
"TraesCAD_scaffold_117255_01G000100",5.09307222254724,2.57949668987,6.6512664570281,-0.107522995960867,1.88549302688248
"TraesCAD_scaffold_078283_01G000100",5.09303582080031,4.90755527184311,6.88749435657741,-0.414531912971384,-1.14635490598895
"TraesCAD_scaffold_137509_01G000100",5.09062276959461,4.97968109655019,4.81158830648596,-0.5217477491744,-0.654784254509338
"TraesCAD_scaffold_042639_01G000300",5.08888501767924,4.81357071869332,10.2748579135228,-0.402208349057865,-1.13602341928994
"TraesCAD_scaffold_079581_01G000200",5.08182280250963,4.52290131991477,5.70967387282967,0.132250745677252,-0.728589916393787
"TraesCAD_scaffold_070133_01G000100",5.07830437984694,4.50300608762612,2.62286652015599,0.225837313538143,-0.0220225659059607
"TraesCAD_scaffold_040161_01G000800",5.07720837605547,4.89316987240181,3.06088657610642,0.306949391558642,-0.124057467684063
"TraesCAD_scaffold_014357_01G000100",5.07334836074897,4.89583937351098,4.43270667071593,0.237955555458408,-0.365318326027853
"TraesCAD_scaffold_056380_01G000200",5.07108853948784,2.17290998428553,1.94531769214333,0.555464305013847,2.36709005801961
"TraesCAD_scaffold_090945_01G000100",5.06879945274016,5.01221311128344,8.06269851066266,-0.843022701922478,-0.773295392434321
"TraesCAD_scaffold_133847_01G000100",5.06729191699507,4.00839854111848,7.81565383963603,-0.407079608172892,2.96944191414491
"TraesCAD_scaffold_006104_01G000200",5.06575581278764,4.52623243537605,8.09263494050955,-0.284291649591697,-2.85027105238341
"TraesCAD_scaffold_003560_01G000200",5.06045140779002,4.87779118422363,5.30611435411192,-0.39700452927585,0.355140071311795
"TraesCAD_scaffold_088221_01G000200",5.05957237293688,4.94447045792049,8.14861524210091,-0.123485581585116,-2.70115826231448
"TraesCAD_scaffold_071801_01G000200",5.05806691270077,1.88426670064422,2.82102395858923,0.259699407066533,0.564155780739445
"TraesCAD_scaffold_032169_01G000300",5.05228481009568,4.65929476868147,2.26564817668883,0.718689718085465,-0.688572527163012
"TraesCAD_scaffold_012639_01G000100",5.05196897593097,4.76184878085021,5.90391667009701,0.534139943123995,-2.99321660382038
"TraesCAD_scaffold_063667_01G000100",5.04884166395362,4.56607677890359,5.5695499450448,0.410368459750084,-1.21223578768694
"TraesCAD_scaffold_008372_01G000100",5.04874991721574,3.98629194509181,2.70431182168252,0.470376423238836,-0.880626259119832
"TraesCAD_scaffold_032116_01G000200",5.04669574247592,4.63257605732231,6.23489933830182,-0.110908768774423,-0.633256544810002
"TraesCAD_scaffold_123359_01G000200",5.04401820128693,2.43616782196058,3.49092827668998,0.127482034611281,2.46822528543077
"TraesCAD_scaffold_018292_01G000200",5.04312758519145,4.93698783499848,8.7402145379687,-0.111571445952453,-1.65615652844113
"TraesCAD_scaffold_032370_01G000100",5.03829774744293,4.42515495714694,6.69912049668252,-0.263336120070086,-0.285284684998509
"TraesCAD_scaffold_024267_01G000200",5.03392326788205,2.72743167557054,1.44899816087349,0.556766700225205,-0.379684118237787
"TraesCAD_scaffold_114094_01G000200",5.03063687357179,4.96681852503483,3.08487090012365,0.812844199001648,-1.46720261982988
"TraesCAD_scaffold_036815_01G000400",5.0254452401802,3.48618673979501,4.69196870556203,0.282615232230042,-1.39517380457192
"TraesCAD_scaffold_071033_01G000100",5.02544273633837,4.35526418074264,5.60170365771271,0.745344964918067,3.15965256247602
"TraesCAD_scaffold_002683_01G000300",5.02147545839019,2.5366256121943,5.17413279295163,0.144242869836121,1.10998292421609
"TraesCAD_scaffold_045612_01G000100",5.02123551974911,1.73324133790162,4.13062125909868,-0.378891607397085,2.35538929567755
"TraesCAD_scaffold_009017_01G000400",5.02100642346642,4.77405886633938,4.27362144022014,0.210440515776713,0.318154281809383
"TraesCAD_scaffold_006571_01G000300",5.01774638104381,2.95925557843745,3.97509915140581,0.133892774273199,-0.065485785309776
"TraesCAD_scaffold_087873_01G000200",5.00809037444937,2.45352620927099,5.1944283725891,-0.0289886550097532,2.76227848985507
"TraesCAD_scaffold_021759_01G000200",5.00755439651404,4.37138447226033,2.2370309915592,0.859522931897398,-1.25867633640525
"TraesCAD_scaffold_075592_01G000100",5.00721261245588,0.900188456055635,1.69817210171965,0.351063074948071,1.22498947029024
"TraesCAD_scaffold_046440_01G000200",5.00508744549711,3.34126555579828,6.611936526233,-0.118923830052201,1.93614575717396
"TraesCAD_scaffold_011918_01G000100",5.00346671051979,3.16538217645447,1.1886527654519,-0.0178718294312592,3.64643790463381
"TraesCAD_scaffold_129143_01G000200",5.00230350898872,4.63712684641127,5.33738608679272,-0.434857245505418,1.13687911102889
"TraesCAD_scaffold_013096_01G000400",5.00200065356391,3.96035808379796,6.50133063084331,0.0770799969742561,1.12361211077419
"TraesCAD_scaffold_004044_01G000600",5.00160244915734,1.82804172173294,4.30727788215845,-0.444711211488377,1.79808214594411
"TraesCAD_scaffold_057453_01G000300",5.00052506382438,2.39771293477765,6.67184459788359,-0.457341390666021,1.51200224337852
"TraesCAD_scaffold_040522_01G000200",4.99722884018359,4.87577560205473,5.70866634613197,0.598674200335876,-1.98351446915523
"TraesCAD_scaffold_040289_01G000300",4.99552292090854,4.79542705224076,2.76627180156808,0.81126684108164,-1.46688124835385
"TraesCAD_scaffold_011707_01G000400",4.98654425565497,1.93327070857128,2.77358072658997,0.153795016963049,1.58356669828302
"TraesCAD_scaffold_024859_01G000200",4.98486267630693,2.57920707427904,3.15648775095726,-0.482500782508487,2.83560281233198
"TraesCAD_scaffold_059777_01G000200",4.98435992203582,4.79231056226068,6.43984837806721,-0.400497195236801,-0.760046288403513
"TraesCAD_scaffold_051960_01G000100",4.98269599560292,4.34465090734454,2.00857265772957,0.920081200836199,1.09675803394742
"TraesCAD_scaffold_019151_01G000200",4.97541363967835,4.31163511087514,3.98286419534585,-0.186676156303852,0.983875350318513
"TraesCAD_scaffold_041047_01G000600",4.97450519781779,3.1588421748701,5.09851307092434,0.374404698738801,-1.24537455124272
"TraesCAD_scaffold_035153_01G000200",4.97373514021055,3.81162711140058,9.17628546582502,0.207687562320599,-0.486489376148196
"TraesCAD_scaffold_377617_01G000600",4.97321840255171,3.11371873793567,7.21308602923202,-0.359368049929834,2.02517897673103
"TraesCAD_scaffold_057132_01G000300",4.96973442709738,1.08295990496048,5.66119764233122,-0.290855600845129,0.838482910830895
"TraesCAD_scaffold_087974_01G000200",4.96947847298128,3.64051228120345,5.48175349693032,0.151661641718041,2.67161513612419
"TraesCAD_scaffold_109056_01G000200",4.96698107374341,3.33223982997161,0.55108454337335,0.831475155406194,-0.796192863131805
"TraesCAD_scaffold_095635_01G000200",4.95981953317973,4.87212277629862,3.15194513299129,-0.162777313284163,0.91544973807963
"TraesCAD_scaffold_084785_01G000200",4.95960211671882,1.82672538083769,4.16236138966995,-0.102012577165221,2.34712526288649
"TraesCAD_scaffold_040179_01G000500",4.95604924092622,4.91023301957767,6.41825845450628,-0.320397671914045,-3.02169096923568
"TraesCAD_scaffold_054200_01G000100",4.95542300060195,3.80661495760132,7.51642259248715,-0.0425060235677722,-0.198880714370034
"TraesCAD_scaffold_047240_01G000400",4.95106436509687,4.66778205356484,7.04921638529587,-0.227177724697553,-2.07021648993932
"TraesCAD_scaffold_015733_01G000200",4.94918484093835,4.56922531033698,9.60762530599166,-0.169266143880144,-1.39543184628006
"TraesCAD_scaffold_058274_01G000200",4.94857664887001,3.8821507815027,4.57547557570399,0.0156966936295063,0.863326844146217
"TraesCAD_scaffold_000754_01G000300",4.94106893418783,1.34208237797608,3.17399887612597,0.261099455458881,0.989667010889132
"TraesCAD_scaffold_089317_01G000100",4.93826777733439,4.53037307172943,7.97569654688907,-0.450929871433639,-1.61766923951035
"TraesCAD_scaffold_066027_01G000100",4.9377871296506,1.39383588017342,0.537623508388838,0.818938733825854,-0.0622452184542874
"TraesCAD_scaffold_096950_01G000200",4.93742049664353,4.86866106785154,6.71389470063055,0.196771393255524,-1.9210477758924
"TraesCAD_scaffold_018816_01G000100",4.93706574497355,4.69512011063202,8.7740565157534,-0.132413739111921,-1.45208556952054
"TraesCAD_scaffold_002412_01G000900",4.93308964068484,3.47028481309502,8.2232199760485,-0.550920386392879,2.97163324682259
"TraesCAD_scaffold_045412_01G000100",4.93198494438,0.78061025160163,2.90029531580995,-0.288330827984493,2.61773486759222
"TraesCAD_scaffold_025312_01G000100",4.92499105698066,4.09673337412753,5.38645917516044,-0.106339926617315,0.28692891667124
"TraesCAD_scaffold_082284_01G000200",4.92384902432264,3.92874645384262,8.78947329346578,-0.0272526112517003,0.659175250027021
"TraesCAD_scaffold_048929_01G000100",4.92206875357535,4.23921724425811,3.33528620409989,0.838138092050984,2.58716901431934
"TraesCAD_scaffold_003611_01G000500",4.92151584434026,2.09344589689861,1.14863202908832,0.498710225576918,-0.745538968169631
"TraesCAD_scaffold_099546_01G000200",4.91203145204345,2.71917757591085,5.04170336168159,0.157099111334658,3.50223781863731
"TraesCAD_scaffold_056628_01G000100",4.91162748235252,2.30243822748341,2.76009911022197,0.528596605665791,0.786851979014906
"TraesCAD_scaffold_025209_01G000500",4.90648991431581,4.67704532382612,4.2702087068853,0.258407399638684,2.47995928102166
"TraesCAD_scaffold_078421_01G000400",4.90300271750424,4.5656589018864,10.0926487753245,-0.251293885641553,1.46028321516548
"TraesCAD_scaffold_012803_01G000400",4.89537173392089,3.46349185972761,1.50645205142656,0.629193529934576,-0.557751137553414
"TraesCAD_scaffold_034247_01G000400",4.89273765642977,3.44600386044469,1.26513702589589,0.727779067367703,-0.30479370431035
"TraesCAD_scaffold_059462_01G000100",4.8925466500413,3.09769732490695,1.65050082191934,0.479421175672196,-0.323525546921489
"TraesCAD_scaffold_058352_01G000200",4.89232469243603,4.74990102824066,6.61950995452811,0.01477221343347,-1.96442392484488
"TraesCAD_scaffold_076198_01G000200",4.89118509923092,2.5187999433217,1.73557300945183,0.31555319936102,1.77629421691874
"TraesCAD_scaffold_049302_01G000100",4.89104968725889,3.98916335285896,5.75889089365405,0.219011267192336,-1.67722789157117
"TraesCAD_scaffold_077056_01G000100",4.89035878907882,3.68555185948629,2.20699876603459,0.243193026983212,0.638626636497751
"TraesCAD_scaffold_105771_01G000200",4.89021617333138,3.91555299719464,5.22659827463273,-0.433456965829021,0.417951857637512
"TraesCAD_scaffold_055129_01G000300",4.88278932970341,2.9707418838356,3.46797210473243,-0.0349660371275467,1.42120802174801
"TraesCAD_scaffold_108091_01G000100",4.87372329344459,4.73824863127965,6.24597007617514,0.248754018114938,-2.17239417523912
"TraesCAD_scaffold_009101_01G000300",4.87141317988589,1.18732993712046,2.2331947570489,-0.146758057711349,2.09251992834417
"TraesCAD_scaffold_096822_01G000300",4.8678580153366,3.72478014723699,7.94009801127829,-0.0309347026209592,-0.139411018552053
"TraesCAD_scaffold_093089_01G000300",4.86757711535132,4.0748312268167,5.97095427183502,0.240581002696183,-1.24491756482343
"TraesCAD_scaffold_047083_01G000200",4.86338379087603,4.32611100368182,6.39163836729556,-0.0255646198819176,-1.3493771671023
"TraesCAD_scaffold_051182_01G000100",4.86024427893037,4.84230671953558,8.74342078047475,-0.447470527676438,-3.11489279979448
"TraesCAD_scaffold_090339_01G000100",4.85871829391986,4.18602564339785,6.27248782119239,0.00162012374394648,-0.598942497615142
"TraesCAD_scaffold_075511_01G000100",4.85815342333958,4.73321720262623,4.85005303359571,-0.382794733509715,-1.16496868595646
"TraesCAD_scaffold_346237_01G000100",4.85618727761745,4.40592215125616,2.88501831124047,0.622172423213481,-0.966604236044858
"TraesCAD_scaffold_023539_01G000100",4.85574784756876,2.303252259301,7.65942601452476,-0.402982664588674,1.82899581815521
"TraesCAD_scaffold_031632_01G000100",4.85552826490675,4.72021178253895,6.07076391829536,-0.086006457138756,-2.85376186260947
"TraesCAD_scaffold_012081_01G000200",4.85495877286571,1.01823108313266,1.12455710883138,0.235402804555776,0.810985926714152
"TraesCAD_scaffold_089936_01G000100",4.85282302226671,2.31961461068893,4.71844815176288,-0.0622805126391115,0.518617615153627
"TraesCAD_scaffold_118060_01G000100",4.84937926812313,4.81146855948277,5.55468364371449,-0.413037703621783,2.29190447882167
"TraesCAD_scaffold_005522_01G000300",4.84732723824581,3.49186114348292,7.85673879530719,-0.290796721785247,0.404624792654414
"TraesCAD_scaffold_047945_01G000200",4.8450881925776,4.02991799547635,7.49339102311706,-0.669972337307695,1.26490752467697
"TraesCAD_scaffold_012874_01G000300",4.84453835744227,3.83569490463006,4.01738567261691,-0.0129994198669929,0.0231972893324843
"TraesCAD_scaffold_071521_01G000100",4.84375238964834,1.29261123033147,3.21677406635911,0.199356912248973,3.02272399370043
"TraesCAD_scaffold_050114_01G000100",4.84257793573686,3.44772746074405,9.54105273991954,0.152877656975403,2.34285403770769
"TraesCAD_scaffold_011966_01G000100",4.84123800284048,3.77846872942595,1.19642326335632,0.896512335533528,0.937124174960034
"TraesCAD_scaffold_055378_01G000400",4.8403052911083,2.7974004079984,2.74873596660348,0.348948795981657,0.504746197852172
"TraesCAD_scaffold_005235_01G000100",4.83897722715762,2.68492034955556,0.514154572819013,0.836866495237545,0.598001706381353
"TraesCAD_scaffold_067156_01G000200",4.83838887501653,3.28344680442406,5.24465702386381,0.079954881694648,2.70132379898577
"TraesCAD_scaffold_057590_01G000100",4.83751570834396,4.56792216078779,3.39790621252391,0.807471797212665,-1.8053250188545
"TraesCAD_scaffold_010880_01G000300",4.83743678551429,4.80853416331784,3.34113186398883,0.412593994887926,-0.242770449701317
"TraesCAD_scaffold_010042_01G000100",4.83306610996055,4.6801287135575,9.63122277468324,-0.606694769341838,-1.52804286955597
"TraesCAD_scaffold_018560_01G000200",4.82983157025051,4.48350251511985,10.3297343367309,-0.284910268107535,-0.245497608531684
"TraesCAD_scaffold_068052_01G000300",4.82868823885782,3.90411911151609,5.98164156180615,0.0427651711554926,-0.991844917504563
"TraesCAD_scaffold_082647_01G000200",4.82811378542589,0.635588905131732,0.861245774285938,0.128508622163502,0.753133464380549
"TraesCAD_scaffold_018994_01G000100",4.82732589870978,1.6323373083677,5.77123417372469,0.0406168543968328,1.91974265861649
"TraesCAD_scaffold_087863_01G000100",4.82467360983011,1.59652660230111,8.75683178431192,-0.501362067590712,0.30842976163813
"TraesCAD_scaffold_006571_01G000500",4.82381978612043,4.65785596447683,3.27495428988048,0.503353322312338,0.156528279202762
"TraesCAD_scaffold_005880_01G000200",4.82143238090831,4.56737473021453,7.27799912410471,-0.228784288249141,-2.10934267801056
"TraesCAD_scaffold_008792_01G000800",4.82130372741362,2.30623268433804,6.90166107034101,-0.160478748777042,0.111736903905462
"TraesCAD_scaffold_026936_01G000500",4.82114570532058,1.43505150359836,0.604205852934567,0.205051576671838,0.553543272569288
"TraesCAD_scaffold_050078_01G000100",4.82004602660302,4.13996831041761,1.94988573563717,0.745362677410165,-0.791461375333347
"TraesCAD_scaffold_054010_01G000100",4.81884558542999,3.99767946317719,4.09984028754877,0.226307395806214,0.574371896178426
"TraesCAD_scaffold_047487_01G000100",4.81136196836319,4.0047925161491,8.59518147660791,0.0414090095456307,0.863052662254152
"TraesCAD_scaffold_013334_01G000700",4.80868344002066,4.78910846820109,8.2705975391574,0.50591841811634,-3.27229965659417
"TraesCAD_scaffold_063114_01G000300",4.80501322733588,4.48609015625591,6.93403982782409,0.00730103253507426,-1.40754658365769
"TraesCAD_scaffold_059596_01G000100",4.80493702817869,1.87147609743207,5.09039123416106,0.257022390003004,1.31696516440623
"TraesCAD_scaffold_035337_01G000100",4.80430114977768,2.8272373330553,2.18884801408593,0.141485176170116,1.88920237361244
"TraesCAD_scaffold_015039_01G000300",4.80295828571669,2.95326321797121,3.97287606335366,0.547351211391903,2.04072509314239
"TraesCAD_scaffold_000476_01G000500",4.80015262366791,4.60774444477542,5.79154540678508,0.0241019870688057,-1.31249166545569
"TraesCAD_scaffold_011395_01G000800",4.79663701866275,4.14085115187799,5.35288972260677,-0.0409660477164913,-1.37465869050623
"TraesCAD_scaffold_035989_01G000800",4.79387421889265,3.55534876373209,0.408703416684216,0.389994767917768,0.85839106326779
"TraesCAD_scaffold_047916_01G000200",4.79359546183291,4.18619062268485,2.40797839625325,0.752889931578467,0.0346831393438837
"TraesCAD_scaffold_104884_01G000200",4.78588840289055,4.13481858713635,7.88499055893339,-0.584560000736416,1.63316633703278
"TraesCAD_scaffold_012287_01G000100",4.78581365235631,3.08315353262075,6.77001716988156,0.177551849830735,0.473051217774277
"TraesCAD_scaffold_125319_01G000100",4.78300261097738,4.63756590458551,3.43582163149535,0.448687649104547,-0.344219096324091
"TraesCAD_scaffold_039053_01G000200",4.78181616186874,3.16920036783397,1.1994995398966,0.813072724674001,0.923695945346014
"TraesCAD_scaffold_026086_01G000100",4.78067286032264,3.66201041781006,3.97978368188105,-0.0914133657212046,1.79725170966807
"TraesCAD_scaffold_117904_01G000300",4.77863088100588,3.62334431113891,7.13048622505168,0.0480540273300056,0.38409719875815
"TraesCAD_scaffold_011889_01G000200",4.7752426088746,1.47256491841968,2.95132648957956,-0.2982566281017,1.5648830680983
"TraesCAD_scaffold_091535_01G000100",4.7750138536276,4.3567591057331,2.04768113377019,0.962117685923691,-1.5102124297523
"TraesCAD_scaffold_008832_01G001000",4.77163710975066,1.68633105234428,4.12418196413192,-0.474448153574598,3.45216208050965
"TraesCAD_scaffold_038577_01G000100",4.77058551221401,4.65148563659651,6.28710485560498,-0.868937735273937,0.950461453869024
"TraesCAD_scaffold_010053_01G000100",4.77044897968129,2.00712321331864,3.99516938972749,0.496032735506518,1.28054593583671
"TraesCAD_scaffold_002210_01G000400",4.76884903310075,3.47816763088883,8.61009876772611,0.537398932525332,0.287926826541684
"TraesCAD_scaffold_087348_01G000100",4.7636050225112,3.37061315706057,6.32795972250413,-0.396607423670033,1.40534758652941
"TraesCAD_scaffold_053057_01G000100",4.76086368868499,4.43502699721516,6.45579907293375,0.181747172365808,2.25135932222786
"TraesCAD_scaffold_122923_01G000100",4.76058008658242,2.26063694663382,2.8137723187091,0.229936233702836,0.796182989216879
"TraesCAD_scaffold_000198_01G000100",4.75964597950382,2.0831777174233,2.45821726186695,0.125371240116942,1.49149817150925
"TraesCAD_scaffold_092558_01G000100",4.7594997954665,0.495352197584152,0.807779049867826,0.312165770685394,1.03050460746225
"TraesCAD_scaffold_080896_01G000100",4.75945956375582,4.63700948621525,6.98381888870048,-0.670621202430462,0.368908399694904
"TraesCAD_scaffold_015943_01G000300",4.75906977545989,4.51664838882942,5.66981877720518,0.484195002166421,-2.48163246079281
"TraesCAD_scaffold_124355_01G000200",4.75869889209326,2.18001191894586,6.1299488860359,-0.187479897878282,3.12500791981687
"TraesCAD_scaffold_136147_01G000100",4.75422699568095,2.8623154896355,6.04005175719432,-0.162795949262143,2.00110261026685
"TraesCAD_scaffold_012241_01G000500",4.74961782506799,2.83322704126439,1.92203607761291,0.465966263600909,-0.0334987782756963
"TraesCAD_scaffold_076228_01G000200",4.74746870324786,3.33070897513154,9.10092289140839,-0.146855945174137,0.133768350061745
"TraesCAD_scaffold_008279_01G000100",4.74427992062317,3.52867182177502,10.8501483475927,0.0363380514910234,-0.464291148734218
"TraesCAD_scaffold_075769_01G000100",4.73770128951137,3.35019156243609,5.26595827700535,-0.153552688807132,-0.0533900584765708
"TraesCAD_scaffold_111727_01G000100",4.73670713280233,3.52393661100453,4.21956730322168,-0.41694653756248,1.53616576773245
"TraesCAD_scaffold_087460_01G000100",4.73515532114084,4.36420723267609,7.67601909193984,-0.207344442024044,-1.19175837695544
"TraesCAD_scaffold_048508_01G000600",4.72884772359166,2.25108496559448,1.00011646346365,0.538372453500953,0.121894111119907
"TraesCAD_scaffold_071100_01G000200",4.72804757575461,2.94722371622757,6.17355993044048,-0.760878479194422,1.00202884674445
"TraesCAD_scaffold_108370_01G000500",4.72449703790816,2.71548506774767,2.80307941607669,0.19435074943408,1.12028513917033
"TraesCAD_scaffold_093239_01G000200",4.72447247782577,3.22357931043578,0.759780068694532,0.646322090355402,0.0289971544377045
"TraesCAD_scaffold_005860_01G000100",4.72115130980533,2.80633127173726,6.04982765802853,0.337969306923261,0.893269812005178
"TraesCAD_scaffold_017193_01G000200",4.71833020944773,4.05354088133538,3.14274953565306,0.34984127920068,-0.403187236517575
"TraesCAD_scaffold_103256_01G000200",4.71718171232463,4.37386408299241,7.97706139871514,0.49519357186249,1.33150305164621
"TraesCAD_scaffold_045339_01G000500",4.71578220792069,2.24323798659721,0.668652091047069,0.816374165140391,0.21999131705131
"TraesCAD_scaffold_077664_01G000200",4.71536005637209,3.95422177617651,8.07819227537532,-0.0553537260995395,0.443393516211733
"TraesCAD_scaffold_003053_01G000100",4.71390592971207,1.93901585811534,4.23377054243016,-0.223626462477499,2.68433873120324
"TraesCAD_scaffold_107887_01G000300",4.71088705989725,3.9586443295826,8.80266244991565,-0.46217565516717,0.138753019076263
"TraesCAD_scaffold_131235_01G000100",4.71037137828438,0.937945837848544,1.77793773125163,0.485288479084622,1.3911794996621
"TraesCAD_scaffold_013482_01G000400",4.70900916320678,3.2504810292161,2.22463230206371,0.858938018112743,1.34577906932425
"TraesCAD_scaffold_022623_01G000100",4.70885449570024,2.77434323705621,4.80025589897433,0.0812292096751003,0.951052147879077
"TraesCAD_scaffold_012644_01G000200",4.70853718923984,3.58752453309183,3.91117741691156,0.4539370904033,2.25028304424331
"TraesCAD_scaffold_007135_01G000800",4.70643662992109,4.2470210264839,6.01351008721029,0.541906324337198,-2.21770209721855
"TraesCAD_scaffold_089470_01G000100",4.70497488207422,3.44159896991846,1.05377944261166,0.668286486423205,0.544389310236627
"TraesCAD_scaffold_049048_01G000300",4.70412344196637,4.52974435111283,8.51564176205818,0.530874635380031,-2.1089622902429
"TraesCAD_scaffold_053577_01G000200",4.7033673528026,4.58471641110568,8.83677535794892,0.276855535130248,-1.81737121303478
"TraesCAD_scaffold_000030_01G000400",4.70257712981563,1.37101018033393,0.42448875583739,0.814485531670572,0.063066861245431
"TraesCAD_scaffold_029900_01G000200",4.69895780483716,3.95264957718734,8.68337339182415,-0.094667700928578,1.43372821209422
"TraesCAD_scaffold_021989_01G000400",4.69430229406434,4.00210343217219,8.20192162232144,-0.498763825574817,1.13819488108708
"TraesCAD_scaffold_034368_01G000100",4.69401661636351,1.59838317221715,1.4367452515305,0.594535198511225,0.158218182565394
"TraesCAD_scaffold_111991_01G000100",4.69030576290149,3.82248835574787,6.70458917204423,-0.029308998019555,0.893544401472568
"TraesCAD_scaffold_097989_01G000200",4.68196523163691,2.70131785741833,2.84849351057156,0.0467146759820615,1.53625383170743
"TraesCAD_scaffold_031582_01G000100",4.68161161105735,3.78444244408756,5.07111551803358,-0.620667259064663,-2.39293472269722
"TraesCAD_scaffold_047163_01G000100",4.68116554849766,3.88820426411434,1.29167118265625,0.816040867347308,-0.471547969342006
"TraesCAD_scaffold_079485_01G000200",4.67924016895039,4.11378999358586,3.48346485340572,-0.265861573320867,0.751144344629797
"TraesCAD_scaffold_085800_01G000100",4.67825238845982,3.46097714570692,5.87604236084212,-0.326290642697017,-0.354667871385411
"TraesCAD_scaffold_001048_01G000300",4.67651654836023,3.83684095951537,3.92540737982574,0.186256603048118,1.55194583032717
"TraesCAD_scaffold_055640_01G000100",4.67065944191999,2.86739658874672,5.50190154870193,0.0795199955280762,0.0666267696969452
"TraesCAD_scaffold_094530_01G000100",4.66871584664187,4.6499523516291,1.99824876607538,0.969873833231663,-1.08187050054235
"TraesCAD_scaffold_088818_01G000200",4.6648518980183,1.24944463213499,4.56980053146297,-0.385964359763517,1.47756958011796
"TraesCAD_scaffold_049942_01G000200",4.6648415797128,4.12171391730528,4.07463594329938,-0.306006000740771,-0.182149919381819
"TraesCAD_scaffold_041097_01G000200",4.66443915575275,4.51551504512721,4.67574207722514,0.155473141510886,-0.752820222351405
"TraesCAD_scaffold_095472_01G000100",4.66172447166112,2.77927457802903,7.75053902708473,0.00224202691650202,1.2628969782138
"TraesCAD_scaffold_041314_01G000100",4.6616811218102,3.7000659318206,3.1659508695655,0.691256955927602,-1.62168437928131
"TraesCAD_scaffold_057434_01G000200",4.6603269440709,4.5078312225621,4.27318794052335,-0.16147636720423,-0.385401388243925
"TraesCAD_scaffold_016123_01G000100",4.65888598319121,4.46914908545339,6.70224936160502,-0.524801283821288,-1.67952219078328
"TraesCAD_scaffold_030600_01G000400",4.64892676856426,3.67676918763668,1.88666557541555,0.644927148408779,-0.44344655208404
"TraesCAD_scaffold_013779_01G000200",4.64890090999505,4.36870122236955,5.18009364869746,0.35170109007527,-1.20580872741743
"TraesCAD_scaffold_064969_01G000400",4.64703075545932,4.46798012338666,4.85796495167942,0.165758758632875,-2.08117234308071
"TraesCAD_scaffold_071857_01G000100",4.64632225293045,3.05152567151541,7.39188739819996,-0.181646928321037,0.685101754653408
"TraesCAD_scaffold_080062_01G000100",4.64583420118256,1.96438687772043,2.7332194998513,-0.33190862097124,1.11347041600356
"TraesCAD_scaffold_135637_01G000100",4.64502115773081,4.56623947567994,7.05230789715628,-0.692237226037851,0.298510154139488
"TraesCAD_scaffold_140224_01G000100",4.64070845546321,4.45820888460596,4.17404759380729,-0.142906333998214,-0.413811121487097
"TraesCAD_scaffold_063650_01G000200",4.64029379425751,2.55303901102745,6.16921615335625,-0.493625372400227,1.838134435964
"TraesCAD_scaffold_039029_01G000100",4.64005915278018,2.43802965594937,7.09520974564197,0.140919422833817,0.472476550224186
"TraesCAD_scaffold_031495_01G000100",4.63667160197586,4.42283067928004,3.45091142127754,0.40996192208363,-0.136832942973778
"TraesCAD_scaffold_039756_01G000100",4.6356042539156,4.18942707388304,2.91009663434652,0.656787798319838,0.277206390264844
"TraesCAD_scaffold_000928_01G000200",4.6310339968678,2.32124609578531,5.51891003114911,-0.153192435341782,1.72356289392143
"TraesCAD_scaffold_069169_01G000200",4.63075477936307,3.4643231236136,0.308252373569484,0.882848130370755,0.375050513203725
"TraesCAD_scaffold_071025_01G000200",4.63028980451285,3.30056151792214,6.47003369483309,0.131305415300919,2.40875857076403
"TraesCAD_scaffold_101856_01G000200",4.62881947289885,4.40640302609596,3.4435245287959,0.308437679247332,-0.415206763368089
"TraesCAD_scaffold_026177_01G000200",4.6273453025,3.37354653256351,6.69598671789147,-0.535858396798636,0.764424872138502
"TraesCAD_scaffold_000492_01G000300",4.62471444491866,3.68477698393897,2.74543774439664,0.449191517894311,0.614641313664354
"TraesCAD_scaffold_038872_01G000700",4.62089985724312,2.88058984055662,4.06853746211982,-0.0176778710417426,3.62909329367593
"TraesCAD_scaffold_151919_01G000100",4.62083563088713,4.59273344199031,9.38976316328386,-0.375806678836228,-2.55644802235967
"TraesCAD_scaffold_012413_01G000500",4.61967921932374,3.19653718185422,3.68331001314612,0.267989252808964,0.416560888977228
"TraesCAD_scaffold_048158_01G000500",4.6196386840367,4.23347551711864,3.52565944656764,0.485358453245486,-0.0923126879652903
"TraesCAD_scaffold_040962_01G000300",4.61718156519584,4.20799791962787,3.10471245444426,0.650201230951863,1.05853784358917
"TraesCAD_scaffold_092322_01G000100",4.61503442576563,2.56696184194651,5.32302734764593,-0.100214362778547,2.50127782032863
"TraesCAD_scaffold_138071_01G000100",4.61398933823774,4.30231080351941,2.62790206111391,0.825819921463117,-1.41073104970775
"TraesCAD_scaffold_048500_01G000100",4.60632882356152,2.72673659025661,2.13854977764728,0.446342122004136,1.06034913375111
"TraesCAD_scaffold_142241_01G000100",4.60528659069731,3.3276366156213,1.48594994793109,0.85262791856394,-0.891550868915134
"TraesCAD_scaffold_048333_01G000100",4.60165548103523,3.47179612259657,6.42446186202331,-0.109896436549067,0.943651658779719
"TraesCAD_scaffold_034368_01G000400",4.59871460711363,3.45828031343269,3.08288576843491,0.722389944645475,-0.335849947425134
"TraesCAD_scaffold_174138_01G000100",4.59844539293297,1.90752156560761,5.15231475076486,0.23153042257081,2.66078218474026
"TraesCAD_scaffold_122424_01G000300",4.59204237838416,4.25192040536729,6.53189844004597,0.681638757933415,-1.70501262138522
"TraesCAD_scaffold_064348_01G000100",4.59062640863369,4.35758156401294,7.13529328669557,-0.0908035975145983,-2.03304823164918
"TraesCAD_scaffold_009396_01G000400",4.58712638854974,1.09892978379687,1.21468649717871,0.0110493477987998,0.524144683740514
"TraesCAD_scaffold_040659_01G000100",4.58232385663052,3.28285583656513,1.67234640887508,0.269790293630151,2.09340785139682
"TraesCAD_scaffold_012116_01G000700",4.58214016833612,2.40438374348924,0.523829285359484,0.488971554157839,-0.08339676711296
"TraesCAD_scaffold_119774_01G000100",4.58041218039751,3.96912646655194,6.48641030719662,-0.342964244777992,3.22148041743204
"TraesCAD_scaffold_140978_01G000100",4.57944511267246,3.61530615285947,5.09655085869285,0.725606989965996,2.85398156617803
"TraesCAD_scaffold_017099_01G000100",4.57913213036552,4.21010934801246,4.07554596352527,0.245012349615463,-1.24883428692616
"TraesCAD_scaffold_018902_01G000500",4.57789826882182,2.67463107152865,5.73949529491466,0.111657081272828,1.78619815609837
"TraesCAD_scaffold_024157_01G000400",4.57676418232315,3.415931389359,3.78955671481372,-0.118598677820682,-0.338858136445376
"TraesCAD_scaffold_025726_01G000300",4.57651790299796,4.01993222034462,4.22184846427353,0.254799104693886,-0.277473307546689
"TraesCAD_scaffold_015969_01G000100",4.57562525231671,3.91088743953911,6.81067878883377,0.257929938064469,-0.845316208446331
"TraesCAD_scaffold_050852_01G000200",4.5707305117775,2.98370934588632,6.97472371309101,-0.0965346439438119,2.18021869649043
"TraesCAD_scaffold_077948_01G000200",4.56772787421122,1.66436648621091,2.96191867414135,0.674231243326418,2.39918203009141
"TraesCAD_scaffold_131794_01G000100",4.56365051420888,4.45004221395125,7.2573751783838,0.246380934794744,-2.37896520261028
"TraesCAD_scaffold_035272_01G000100",4.56136365596976,1.88743932065036,5.07905834513478,-0.248114169429583,3.05415845310443
"TraesCAD_scaffold_050913_01G000300",4.56038808161893,4.30188109024702,6.12647111876716,0.395169869772232,-1.61132770208282
"TraesCAD_scaffold_078633_01G000200",4.56006453495633,4.2951134134767,5.99764168103975,0.211525074069289,-2.05524515212529
"TraesCAD_scaffold_051660_01G000100",4.55324983921112,2.6629600897758,6.03101336589143,-0.0275776810284176,1.79798588534848
"TraesCAD_scaffold_125310_01G000200",4.55318291312043,2.59445765718612,1.1939642019093,0.71358950418518,-0.176395183627308
"TraesCAD_scaffold_064456_01G000100",4.54512187297827,4.39997946142295,5.87396709359924,0.517016755647915,-1.54664830420952
"TraesCAD_scaffold_007903_01G000500",4.54492116463024,4.2379500126425,8.58275220034351,0.318904125926612,-1.88668554890982
"TraesCAD_scaffold_107683_01G000100",4.54070256195849,2.35305021851154,4.51990473932653,0.0849633151496421,2.55194914026864
"TraesCAD_scaffold_090828_01G000100",4.53986181495908,3.10628105350044,3.13571827235647,0.328279560626636,0.60642880020411
"TraesCAD_scaffold_027225_01G000500",4.539208380457,4.45514931981239,7.58025179101399,0.14342020295674,-2.05399257711996
"TraesCAD_scaffold_000005_01G000100",4.53784785673004,2.92819009496382,2.13282944657297,0.188289858212864,2.35247092634101
"TraesCAD_scaffold_008068_01G000100",4.53733727513097,2.74618617154413,5.46828488620323,0.054129684336756,-0.311551129153867
"TraesCAD_scaffold_031035_01G000100",4.53714217812162,4.41759899876064,6.0598148890197,-0.497949120517833,-1.94611350212608
"TraesCAD_scaffold_073280_01G000100",4.53404997739269,4.51694244588823,8.20482513551154,-0.0117854763092632,-3.86924050370666
"TraesCAD_scaffold_027614_01G000100",4.53233924963485,2.48741724158377,2.08131441703329,0.609609576738196,1.51999966042302
"TraesCAD_scaffold_052668_01G000200",4.52813498439559,4.13551976355709,4.96136536636526,0.634658998776564,-1.50958156321799
"TraesCAD_scaffold_014298_01G000100",4.52612696705594,3.27804938844306,4.71731009514501,-0.498447233791262,0.154641496131417
"TraesCAD_scaffold_124735_01G000100",4.52431043010592,4.37060401144391,6.65138565565098,0.508076117849088,-2.7434581252133
"TraesCAD_scaffold_043541_01G000100",4.52405327143613,4.34787794810343,8.48316140030405,0.41384889022018,-1.58686510299251
"TraesCAD_scaffold_013162_01G000300",4.5220795718256,3.20306163400261,6.68516859714815,-0.0937289808475643,-2.77507777048832
"TraesCAD_scaffold_005155_01G000500",4.52089512020962,3.75677800919848,1.4615360501621,0.445837252944221,1.13917279887996
"TraesCAD_scaffold_012982_01G000100",4.51968747000609,1.36507332811788,3.13289008321826,0.0747195872899283,1.90649502149094
"TraesCAD_scaffold_091993_01G000100",4.51690843739897,3.69859497924874,1.84012598979267,0.90200334918017,-1.02575555646796
"TraesCAD_scaffold_073750_01G000200",4.51636753226104,4.17032644835907,4.98158705849993,0.0817989462462594,-2.13619869434674
"TraesCAD_scaffold_027061_01G000300",4.51283454097726,3.56486538942623,5.10981826634972,-0.198679630979176,1.02075769647302
"TraesCAD_scaffold_018210_01G000300",4.51202856319618,3.18405293484966,2.18992514317015,0.730976762408105,-0.781787475669431
"TraesCAD_scaffold_012676_01G000400",4.50695281419023,4.16236512997465,6.68343191994323,0.146840956142827,-1.30949022667292
"TraesCAD_scaffold_094004_01G000200",4.50506589691663,3.93056958677865,2.50383003521642,0.0779391012347448,0.213968334158839
"TraesCAD_scaffold_124355_01G000100",4.50477513347307,3.57554816631736,4.87435228645822,-0.203442863277958,-1.02877029845122
"TraesCAD_scaffold_022613_01G000100",4.50470577029488,2.79476011189592,2.64742657192695,-0.469694500769835,2.79400581522277
"TraesCAD_scaffold_098363_01G000100",4.49494519336041,2.02594762964088,3.93959569377283,0.362173218332049,2.59948047297916
"TraesCAD_scaffold_010040_01G000600",4.49469810082051,2.65089345691772,5.80522222425421,0.00905144985204494,2.03522342227775
"TraesCAD_scaffold_060977_01G000200",4.49434751384374,3.01180570090941,6.16714068173534,-0.300235513396205,0.686964943242092
"TraesCAD_scaffold_036431_01G000300",4.4934828703049,3.98325952559211,5.04746865174856,0.104936858618662,-0.423943456520603
"TraesCAD_scaffold_059507_01G000700",4.49302390797262,2.83834381273334,4.9321326418414,-0.511222954768517,1.10541583473315
"TraesCAD_scaffold_067364_01G000200",4.49292917940802,3.93991672635965,6.34710063265462,0.078290041357822,-1.22001196124168
"TraesCAD_scaffold_000092_01G000200",4.49078624160171,3.77900013102049,4.81499347910086,0.0603510703786983,-0.419043348843176
"TraesCAD_scaffold_006911_01G000100",4.49028373251513,3.21655548735698,0.671102373521184,0.83007211732577,0.372349256952803
"TraesCAD_scaffold_013822_01G000200",4.49009056949399,3.52915205394833,3.13106105784008,0.253908167384943,-0.243483262919064
"TraesCAD_scaffold_081919_01G000200",4.48996944455194,3.95521897248021,8.41585445235229,-0.197980831951699,-1.21496244860983
"TraesCAD_scaffold_006468_01G000200",4.48866698895268,4.40423287781998,5.66191984064825,0.39475306956705,-1.77889373765068
"TraesCAD_scaffold_075321_01G000100",4.48852894861704,3.46565005147335,6.19273184277953,0.224072564291243,-0.574905372999206
"TraesCAD_scaffold_009305_01G000100",4.48780884334149,4.28546537394624,8.0611422785395,-0.101771673516948,-1.60014063884246
"TraesCAD_scaffold_046712_01G000200",4.48758764260315,3.79156537921982,7.77055648407985,-0.576732714094287,-1.30525282978579
"TraesCAD_scaffold_008923_01G000300",4.48502892016676,4.05959610303895,7.32054482617358,-0.107910319457581,-1.54990155345013
"TraesCAD_scaffold_057435_01G000100",4.48411021131072,2.36003598539687,4.71632036395096,-0.147966548229905,1.53849465694496
"TraesCAD_scaffold_076765_01G000200",4.48157309785919,2.80061528912175,4.19732257901839,0.497639605736219,2.51694056227068
"TraesCAD_scaffold_063102_01G000100",4.48074454483064,3.18795585611423,0.478779932952433,0.841252949663939,-0.393700191952381
"TraesCAD_scaffold_014309_01G000200",4.47698450915686,4.26156188874197,6.0754232918908,0.259229877768809,-1.31862067025558
"TraesCAD_scaffold_024316_01G000100",4.47565695950069,4.10812459734247,6.08379454330728,0.342253051130428,-1.0538485929286
"TraesCAD_scaffold_033065_01G000200",4.4724310853716,2.43247259528678,4.02020410042672,0.0106905004811403,1.85739128994796
"TraesCAD_scaffold_023436_01G000400",4.47041964608237,2.39988494522291,1.29583153701661,0.609307102199676,0.386729784903591
"TraesCAD_scaffold_036205_01G000300",4.46793691784889,3.51200222063764,3.49435304181535,0.600434345845708,-1.32811146480905
"TraesCAD_scaffold_069871_01G000100",4.46698360515691,2.61650486937845,6.25149156743801,-0.169394983659781,0.270317360736999
"TraesCAD_scaffold_030431_01G000200",4.46627262067123,3.45727406452356,5.1567825309054,0.111594997051421,2.31541339777647
"TraesCAD_scaffold_002869_01G000100",4.4649212117036,3.33166372455129,3.23360094729574,0.19089737860121,-0.230693984357804
"TraesCAD_scaffold_078305_01G000200",4.46485407284809,3.50390817246145,6.6606241916695,-0.333927131368179,1.52250353057679
"TraesCAD_scaffold_356718_01G000100",4.46245714034197,2.53804708221285,5.36445121688273,-0.282414552467785,2.1424500798601
"TraesCAD_scaffold_058835_01G000100",4.46023919412957,0.988933157865155,0.940658849805531,0.349627668404523,1.92086646285814
"TraesCAD_scaffold_057998_01G000300",4.45959498784569,0.851019948037434,7.2902940959715,-0.0743672808231819,0.485464553538445
"TraesCAD_scaffold_030228_01G000300",4.45913093274099,3.17802396907114,4.31093521080351,0.233211342092124,0.566690947065818
"TraesCAD_scaffold_008032_01G000400",4.4568181566021,4.18777710363844,3.98453629794797,0.0684623543253922,0.0410173048812727
"TraesCAD_scaffold_058029_01G000200",4.45659150212742,3.9771616265141,5.03409091401135,0.726696384281186,2.49499287520938
"TraesCAD_scaffold_080475_01G000200",4.45588734997352,1.62394000334553,5.16700073541446,-0.155006441918425,2.43190378632481
"TraesCAD_scaffold_039251_01G000300",4.45576068180803,4.34429046903021,3.33535805957115,0.360863972893929,0.748231222737995
"TraesCAD_scaffold_009054_01G000100",4.45542820549587,4.27623308835829,2.27757607638706,0.787206305640818,-1.1616836899325
"TraesCAD_scaffold_000354_01G000300",4.45154552269121,3.38180717340546,7.59677459547639,0.0189051682700923,0.431976545979289
"TraesCAD_scaffold_101579_01G000100",4.45027844816663,3.75214745325571,6.18063964000329,0.2516335922013,-1.08437955278518
"TraesCAD_scaffold_004916_01G000600",4.44920029783959,3.63288676287743,8.28513107211755,0.0725604430961356,0.20967400403126
"TraesCAD_scaffold_047963_01G000300",4.44368952926979,2.47818962145906,3.37036401374062,0.122573327374294,0.775320141629954
"TraesCAD_scaffold_060579_01G000100",4.44330013816844,3.19936448722468,6.52058044649611,-0.483794435739188,2.46277374346326
"TraesCAD_scaffold_032020_01G000400",4.44251707570084,4.29139373101173,3.55072453345263,0.492783777669886,0.152005401274707
"TraesCAD_scaffold_069763_01G000200",4.44178003196665,2.11420762000261,0.167984554557546,0.942078423751979,0.497019986279242
"TraesCAD_scaffold_028464_01G000100",4.43795221276908,2.49260174777287,7.07905574502581,-0.147198105065951,0.881268390026227
"TraesCAD_scaffold_023889_01G000200",4.43215441824229,3.62737092502034,8.57867151393118,-0.549760207820326,0.862874801208303
"TraesCAD_scaffold_049101_01G000200",4.43207882257006,2.85998248524769,5.36333610536626,0.429955781885278,-0.390168194852157
"TraesCAD_scaffold_071314_01G000100",4.43028351666457,3.13919024213106,3.69584740408203,0.417955914771348,0.466870411662632
"TraesCAD_scaffold_005776_01G000100",4.42864452951929,4.29814931347512,11.0084570800309,0.0795726505887768,0.81417484928109
"TraesCAD_scaffold_034865_01G000200",4.42850806697538,3.13577576203938,1.58365629520966,0.888855024861043,1.07336149557609
"TraesCAD_scaffold_044461_01G000100",4.42719983641341,4.23069329962782,7.71516661417693,0.227797347343564,-3.34815702455505
"TraesCAD_scaffold_016797_01G000100",4.42520184818743,4.29484593740374,5.06867584235476,0.634626663923634,-2.5480869319945
"TraesCAD_scaffold_018291_01G000300",4.42271535356164,3.69536540521564,8.52278803919403,-0.437830450596541,0.518245491992436
"TraesCAD_scaffold_091368_01G000300",4.42017992268955,1.05580351608235,3.93281085988935,0.093103648289916,0.600682778597283
"TraesCAD_scaffold_100752_01G000100",4.41991848230753,2.23101379661009,4.99786195291491,-0.225807715515443,1.08988963941273
"TraesCAD_scaffold_097536_01G000300",4.41839859989023,3.0562161335253,5.75250465246745,-0.642316336015021,0.479361323435884
"TraesCAD_scaffold_176606_01G000100",4.41805660516649,3.12921373433942,6.95286205213174,-0.136812669735758,0.991877626026798
"TraesCAD_scaffold_072335_01G000100",4.41707534605159,4.30313158846287,7.99217899141345,-0.0932849602037016,-2.12832200761328
"TraesCAD_scaffold_005346_01G000100",4.41656131066779,3.53629481147061,1.88958681758684,0.609660323928789,-0.350618935061787
"TraesCAD_scaffold_020476_01G000200",4.41630621287618,3.89477991841151,6.86284158973808,-0.601800995827545,0.450745470958362
"TraesCAD_scaffold_109667_01G000200",4.41303418907943,2.86283700749458,4.46201092415892,-0.0736640308046495,2.28499870718422
"TraesCAD_scaffold_043166_01G000200",4.4126681230017,2.36226397052733,6.66964756330688,-0.58860359988381,1.08025826202795
"TraesCAD_scaffold_032189_01G000100",4.41126888948327,2.45730166486461,2.42687946277402,0.664342575411547,2.01231353271189
"TraesCAD_scaffold_044426_01G000100",4.41051888171449,3.66273565183823,3.55727832005653,0.26636784543776,-0.010754160795716
"TraesCAD_scaffold_014430_01G000100",4.40866860252059,3.2339771511361,2.85857036495639,0.241972191966525,0.81285465640473
"TraesCAD_scaffold_055807_01G000300",4.40851062363134,3.52864733266994,1.25098234011263,0.836441902951288,-0.601123386588907
"TraesCAD_scaffold_006428_01G000100",4.40526508584998,2.24381406412867,5.22247593119404,0.0889548684815242,1.57503698118983
"TraesCAD_scaffold_105456_01G000100",4.40242934496552,3.268578728299,4.85430133946495,-0.0700326835879286,0.974839810812268
"TraesCAD_scaffold_039371_01G000100",4.40183857431456,2.94235870368767,3.09770181072676,-0.105676641939004,1.24897479141832
"TraesCAD_scaffold_046923_01G000100",4.40089133042697,3.31374042414811,1.17162842767489,0.739431714651875,-0.608747448852809
"TraesCAD_scaffold_091888_01G000100",4.39834550659312,2.6702125180314,4.64193990678441,0.115969660160807,1.30352640792294
"TraesCAD_scaffold_050994_01G000400",4.39431673106739,3.93274004108438,7.1169349898428,-0.287900074778736,-0.724836821155691
"TraesCAD_scaffold_132847_01G000100",4.3933770431699,1.77907223763746,3.91182801516907,0.171823562104337,3.1151715126672
"TraesCAD_scaffold_100040_01G000300",4.39318774801307,2.62978382884595,5.6778403699052,-0.422802292636534,1.10610019703514
"TraesCAD_scaffold_016845_01G000100",4.39247960042533,3.75610420862326,2.08799049971937,0.470674970268472,0.257904256181005
"TraesCAD_scaffold_021248_01G000100",4.39232586353218,4.34103520987062,8.0513755219695,0.150147813134999,-3.16570145691701
"TraesCAD_scaffold_014144_01G001200",4.39037792772767,4.1245884834728,6.85475846395821,0.454978356209035,-1.79779256884671
"TraesCAD_scaffold_036658_01G000400",4.39021540558565,4.30106757373081,7.52969664331987,0.0862099974569949,-1.92446266158044
"TraesCAD_scaffold_085872_01G000100",4.38892646341429,2.32066900270157,7.75642911525824,0.384994788173859,1.27592443035253
"TraesCAD_scaffold_082285_01G000100",4.3867665575281,3.36241634828147,2.31625636869598,0.48998407422117,0.9712876017092
"TraesCAD_scaffold_041426_01G000200",4.38301605497981,4.25644499360531,7.19776905645037,0.408016127364924,-2.87619357600734
"TraesCAD_scaffold_015031_01G000200",4.38256371035434,4.07329970873345,7.36927343080519,0.252778763604789,-2.27585932644667
"TraesCAD_scaffold_036532_01G000400",4.37848249514162,3.55754095645806,4.7086816482764,0.0258730623887407,1.42556666784089
"TraesCAD_scaffold_122117_01G000100",4.37467111453236,4.22925329315248,7.28182397813186,0.083945080991669,-2.90767061657819
"TraesCAD_scaffold_006543_01G000100",4.37244267045114,3.14302358718935,3.65049491739745,0.454770305822399,0.928703533223643
"TraesCAD_scaffold_096483_01G000100",4.37065412557835,4.23103905110542,3.74188584982905,0.371084283485728,-1.15616151994905
"TraesCAD_scaffold_100017_01G000300",4.3699784986107,1.69168183621814,2.65328742490619,0.348615743889816,0.449626525591547
"TraesCAD_scaffold_038662_01G000400",4.36810553257569,4.21868369915823,8.77649615873361,-0.0244208259969646,-2.22939715247384
"TraesCAD_scaffold_005929_01G000200",4.36643330910027,1.97309875616805,5.50811212188189,0.513437366171745,2.79399324080387
"TraesCAD_scaffold_003965_01G000600",4.36588764145968,3.82056933753683,8.36108885144412,-0.211688472730465,-0.120338796244949
"TraesCAD_scaffold_050580_01G000100",4.36584794754206,2.76116721334681,7.19171280387725,-0.10936434353874,0.146812519242369
"TraesCAD_scaffold_091698_01G000300",4.36562456132995,3.9441523943744,3.44326952413886,0.366014131084936,1.24241176831967
"TraesCAD_scaffold_018220_01G000400",4.36424056889478,4.22787736479309,4.69894385442575,-0.347059436606921,-1.36652597428051
"TraesCAD_scaffold_018147_01G000200",4.36257196847939,4.33235359206339,4.4451197708923,0.3662038639127,-0.764690798027775
"TraesCAD_scaffold_011180_01G000100",4.36229931039342,0.788978101334289,4.50073821829399,0.138735336131508,1.6227518721176
"TraesCAD_scaffold_063307_01G000200",4.36150756056904,4.05397480262455,4.21628076224442,-0.109782459571269,1.69584220786063
"TraesCAD_scaffold_019651_01G000400",4.3613814153489,3.82182613375375,6.61123595532752,-0.0886287040976629,-0.0251675853073261
"TraesCAD_scaffold_050609_01G000100",4.36049812547502,2.84308978855103,1.99415576536058,-0.0879729937923282,2.37673082474165
"TraesCAD_scaffold_112622_01G000100",4.36030988464281,3.96641492950696,6.84350324016985,0.293343374242757,-2.02289127701548
"TraesCAD_scaffold_060817_01G000400",4.36005805843057,3.85139690735828,4.82946420752901,0.772358924947354,2.1422425917847
"TraesCAD_scaffold_049286_01G000100",4.35724983447047,3.22995399823822,1.21860719294748,0.648509783824694,1.21237679058115
"TraesCAD_scaffold_192522_01G000100",4.35114717497258,1.78320848216145,6.02966936189316,-0.226269501454908,1.50651711334079
"TraesCAD_scaffold_022636_01G000200",4.34977401801509,0.739070552475643,2.40838132642405,0.0543233005564668,1.53956325321294
"TraesCAD_scaffold_040932_01G000100",4.34917949228591,4.05564450026181,6.65673239129781,-0.124302428365395,-1.33766908778455
"TraesCAD_scaffold_040408_01G000100",4.34728390048758,3.59889193151179,6.06154914268225,0.501456495322904,1.22628145569912
"TraesCAD_scaffold_030470_01G000100",4.34443533940614,1.29306914499057,0.771529900622639,0.753835064071906,-0.335139659322674
"TraesCAD_scaffold_077944_01G000200",4.34232559015751,2.50690428877254,5.57279572125694,-0.551084572947299,2.07690384954711
"TraesCAD_scaffold_057686_01G000100",4.33942047563292,1.75336837719624,2.33889050099658,0.108132164495924,2.0501387981634
"TraesCAD_scaffold_023400_01G000200",4.33875458440099,4.04011633360225,2.38557333048899,0.904350495818691,-1.23931637869856
"TraesCAD_scaffold_061996_01G000100",4.33746392672852,3.7548040008076,2.3127813147336,0.735469724977722,-0.914402530978333
"TraesCAD_scaffold_112978_01G000100",4.33514975244826,3.44159543700057,6.48026693978625,-0.162968373262491,-2.08171136133335
"TraesCAD_scaffold_016018_01G000100",4.32823128469644,0.926771802720184,2.09448866810482,0.126085877741764,1.2615516904828
"TraesCAD_scaffold_039608_01G000400",4.32700209334471,3.35320250409714,6.03762756447643,-0.401205064872005,1.92031556138162
"TraesCAD_scaffold_003094_01G000300",4.32480753158691,2.85858481276448,3.10327406438833,0.146536522897721,1.55186468189381
"TraesCAD_scaffold_039763_01G000400",4.31877165902417,4.23647449950496,6.65574199070389,0.490326350994396,-2.56649227367253
"TraesCAD_scaffold_051313_01G000400",4.31862845444526,3.05023029954466,7.50606407343959,-0.543449490799499,0.371786700557768
"TraesCAD_scaffold_096306_01G000100",4.31157073215163,1.57939271059119,2.87425745576377,0.199527633082102,1.81023263387356
"TraesCAD_scaffold_108848_01G000100",4.31138574258133,4.13951224718057,6.00487068183834,-0.21235387353125,-1.67122378527628
"TraesCAD_scaffold_016709_01G000200",4.30967974337231,2.85740595793509,5.05348835067718,0.0603651019088736,2.24395786953164
"TraesCAD_scaffold_006809_01G000600",4.30807467392298,4.13854544901149,6.10643312272815,0.648819119550372,-2.50709061448187
"TraesCAD_scaffold_075896_01G000200",4.30402531036367,3.02783706414878,2.44762983295894,0.457050286615812,-0.389412621509074
"TraesCAD_scaffold_045607_01G000300",4.30361259664039,3.50311821062494,4.91409256430203,0.317817596125457,-0.517294600641774
"TraesCAD_scaffold_125714_01G000100",4.29890236254615,1.57325399115181,4.06068401057571,0.0470267226040104,1.60678032932064
"TraesCAD_scaffold_095499_01G000100",4.29848041189739,2.66060038567538,6.35851169361806,-0.102255450667937,2.04031718387888
"TraesCAD_scaffold_042941_01G000100",4.29828107791972,3.02354781626806,6.35047939443385,-0.408115443982786,1.80081631603502
"TraesCAD_scaffold_085142_01G000200",4.2979403875176,4.035057494378,7.75739080160763,0.0445244141333587,-0.0344283903763207
"TraesCAD_scaffold_028213_01G000200",4.29749175932174,3.2695290908437,4.36061352883335,0.579461822198356,3.72343269132008
"TraesCAD_scaffold_029148_01G000100",4.29690372241653,1.11818967016119,0.58885126510842,0.665713346803073,0.444391729609861
"TraesCAD_scaffold_007210_01G000200",4.29496772543738,3.45018621232513,0.225592582508299,0.860395258421944,0.571962931930806
"TraesCAD_scaffold_018818_01G000400",4.29314092532789,4.25692363164002,7.29700151795889,0.289400621328329,-2.371474716219
"TraesCAD_scaffold_068490_01G000100",4.29268971954069,4.05090030115363,5.85236852208529,0.216422488675414,2.1297005582486
"TraesCAD_scaffold_109431_01G000100",4.29236760780194,3.73961855675219,7.51921844063739,-0.631368471360716,-2.19164361831393
"TraesCAD_scaffold_032367_01G000300",4.29151984704414,3.28111302539662,4.96663847731422,-0.0634388193624556,0.652649425572014
"TraesCAD_scaffold_015321_01G000400",4.28985050173406,4.14362436666659,9.34096757376683,-0.562198343616284,-1.76561706321266
"TraesCAD_scaffold_022656_01G000100",4.28715972937849,3.98556796686517,7.52941727254697,0.377208494608472,-2.33782288217707
"TraesCAD_scaffold_039707_01G000300",4.28505392723549,4.22331500257822,7.45200152153083,0.155372147167669,-2.42028012325348
"TraesCAD_scaffold_000081_01G000100",4.28442500288927,0.568026842136121,1.08521927775047,0.218843101596523,1.64515163887462
"TraesCAD_scaffold_044143_01G000200",4.28265452676723,3.18319021746671,3.34227273955879,0.500554921217385,2.24500063665399
"TraesCAD_scaffold_039755_01G000100",4.27930924495208,3.9801376912938,7.58642711399466,0.367324682035982,-2.23569785114806
"TraesCAD_scaffold_053182_01G000100",4.2791441187709,2.64996053994129,1.15367584579281,-0.124595667217485,2.68210995277871
"TraesCAD_scaffold_000888_01G000800",4.27818681320576,3.1722759318979,7.09670272781658,-0.722357153827471,1.74941824762536
"TraesCAD_scaffold_074860_01G000100",4.27711435389628,2.21436742486144,3.27044447087216,-0.290772033511471,1.79689548200601
"TraesCAD_scaffold_016471_01G000100",4.27417536502279,1.32606091720592,3.41507456335119,0.0985977224727089,1.76197023553908
"TraesCAD_scaffold_079475_01G000200",4.27349752758042,3.98949585028609,7.53571552091558,-0.520588829350098,-0.419568687133176
"TraesCAD_scaffold_109414_01G000100",4.27322313410339,0.725866759755553,2.79576521417463,-0.313781974846786,1.28499053294071
"TraesCAD_scaffold_111122_01G000100",4.27005631053692,3.87626598626673,8.36576741652357,-0.388300258215108,-2.61006525729948
"TraesCAD_scaffold_035013_01G000100",4.2677614725348,3.79896240818702,6.16182821830139,0.132663262743509,-1.49229237347013
"TraesCAD_scaffold_116314_01G000200",4.2659306437087,4.20428145689133,4.05684589912014,0.154960373792357,-1.09582553673953
"TraesCAD_scaffold_010826_01G000400",4.26211594691299,3.67978452345825,6.67265988142028,-0.013726140807456,-0.806637389023954
"TraesCAD_scaffold_039356_01G000700",4.2609509622298,2.96154210725006,4.36305913054509,0.711297272730914,2.11261162775806
"TraesCAD_scaffold_043953_01G000300",4.2604868819428,3.28265257443942,8.37689391899296,0.273313677552961,0.787074524942577
"TraesCAD_scaffold_021801_01G000100",4.25785910087115,4.05252236163208,7.95059702945775,0.421622582254445,-2.32521352317224
"TraesCAD_scaffold_038101_01G000300",4.25617003680285,3.65207925376212,0.85966063547934,0.732060804718318,-0.622889799825502
"TraesCAD_scaffold_022910_01G000100",4.25426529676683,3.88743458749356,2.58445513348052,0.525100932686461,1.23845599677459
"TraesCAD_scaffold_005667_01G000800",4.25279310067503,2.71434022347989,3.09888098746646,0.115237660919632,0.955062554526145
"TraesCAD_scaffold_019185_01G000100",4.24451445783602,3.83413039878805,5.43512227611657,0.422719312021484,-1.60061386229282
"TraesCAD_scaffold_099474_01G000100",4.24101953540068,3.05761692214094,2.32594842638941,0.454542226171945,0.613621838979692
"TraesCAD_scaffold_040874_01G000200",4.24003332961078,3.73119081614263,4.41125160552113,0.558391808524036,2.92996675313621
"TraesCAD_scaffold_076444_01G000200",4.23747787993874,4.12207627418149,7.8737535905169,0.310457809049438,-2.46354213864187
"TraesCAD_scaffold_074681_01G000200",4.23714124236701,2.03380565675929,4.81085797063358,-0.0159191383620287,1.85828121753862
"TraesCAD_scaffold_026285_01G000300",4.23505755393968,4.15566990212126,8.3143416610576,-0.252694076755054,-2.50954805114858
"TraesCAD_scaffold_007352_01G001100",4.23425180757647,2.05821466003442,4.36868452657297,-0.0607964689391193,0.556755307283476
"TraesCAD_scaffold_018187_01G000200",4.23408924726904,3.20863281610935,2.5203089168647,0.624853853385081,1.53784038821403
"TraesCAD_scaffold_010070_01G000200",4.23402345311217,2.84161687865647,6.25218213740286,-0.329470312627293,1.22617967300065
"TraesCAD_scaffold_027986_01G000400",4.23391865535323,4.07588768585734,4.60598281394133,0.135635159942434,-1.25887099720976
"TraesCAD_scaffold_045393_01G000300",4.23268707117716,3.5764201547157,6.87663982683411,-0.247756964283016,0.360884793710582
"TraesCAD_scaffold_058040_01G000200",4.2317176194696,3.98492314557519,7.91708259245404,0.418293432551938,-2.4730427732435
"TraesCAD_scaffold_026604_01G000500",4.23052467704581,4.12831989302214,4.02684471345961,-0.0992408587251901,0.133638570188088
"TraesCAD_scaffold_000704_01G000100",4.22790829594041,3.57464307829509,9.71804060641723,-0.0351814125928331,-0.610701364097687
"TraesCAD_scaffold_059685_01G000400",4.22767066205098,3.04998366875308,5.60448106661936,-0.128852627435647,-0.515363830854524
"TraesCAD_scaffold_051276_01G000200",4.22619490509191,3.76948151369218,7.0870209422309,-0.0807079304381636,0.317834005382254
"TraesCAD_scaffold_005502_01G000300",4.22464808597675,3.57860159193662,5.47348668669645,0.122167059980929,-0.0245067965893447
"TraesCAD_scaffold_110979_01G000100",4.22461716486941,3.66496476210863,1.69742947858358,0.879228461764841,-0.77991457721624
"TraesCAD_scaffold_176496_01G000100",4.22392591537249,2.60384459711524,4.85981317747506,0.318595941153588,2.50974477636001
"TraesCAD_scaffold_043652_01G000100",4.22297187852729,3.20043391583125,4.65885477118618,0.0399992373881813,0.79164248351364
"TraesCAD_scaffold_083087_01G000200",4.221761107619,1.89970209816887,3.54986933723008,0.601159455149446,2.20864200233987
"TraesCAD_scaffold_031210_01G000100",4.22025967281453,3.53091159570919,1.35640803621301,0.975047319770634,-0.976900445276331
"TraesCAD_scaffold_110728_01G000100",4.22000898078656,2.46753605286602,2.26449600070875,0.086700511375618,0.446463956463399
"TraesCAD_scaffold_028699_01G000300",4.21860199018534,3.97368624154671,7.89870268481561,0.16959969998073,-1.82507625280396
"TraesCAD_scaffold_002663_01G000400",4.21728448461812,4.04654870515767,3.2209031297651,0.324041915886709,1.17627270813218
"TraesCAD_scaffold_018299_01G000100",4.21718324223704,1.880336134863,5.07689663202452,0.0443167478228815,1.17821036864301
"TraesCAD_scaffold_002482_01G000300",4.215018608922,3.97404828251705,2.81690464655866,0.693912637433134,-1.38129629630356
"TraesCAD_scaffold_040961_01G000300",4.21384273552117,3.96176331685742,5.05636149575121,0.706603229323947,-1.91669043213911
"TraesCAD_scaffold_106536_01G000200",4.21362684698665,3.75136272715296,7.08216447564072,-0.652673058787944,-2.5478228848196
"TraesCAD_scaffold_043508_01G000100",4.21163257922606,1.89320889484204,1.43626389472131,0.348899209164058,-0.334994928499072
"TraesCAD_scaffold_027934_01G000100",4.21147510741802,4.07744285580889,3.65113437059504,0.212677875197748,-0.275402061520506
"TraesCAD_scaffold_017110_01G000100",4.21087054355929,2.69906363942745,4.75723635638073,0.0427618345920395,3.44728170169945
"TraesCAD_scaffold_045598_01G000200",4.20859281451094,2.11966231354242,2.20263427484252,0.221535859701298,0.677665625652024
"TraesCAD_scaffold_009052_01G000200",4.20663684869866,4.06598156729444,5.28926148366206,-0.487524841245414,0.641574561122289
"TraesCAD_scaffold_119360_01G000100",4.20587729543279,1.37859871238391,5.30281116749455,0.494875594629508,-1.28001336305933
"TraesCAD_scaffold_037375_01G000300",4.20578773873216,3.46177336509778,2.49106771293925,0.497531534386426,0.815529995345063
"TraesCAD_scaffold_048246_01G000100",4.20509227168749,0.73006029057683,0.219244597203362,0.70029441900822,0.392528797451659
"TraesCAD_scaffold_027191_01G000200",4.20499489490729,1.72833164524879,3.06878201231398,-0.0345932691575437,1.2606232597668
"TraesCAD_scaffold_083648_01G000200",4.20418741947909,3.57483974350107,5.42508110744724,-0.420676231762659,2.60540568712773
"TraesCAD_scaffold_017928_01G000100",4.20360067722469,3.89106741021308,2.7502377767396,0.241613764730673,1.5100856905413
"TraesCAD_scaffold_025339_01G000200",4.20239346853973,4.08083592060308,6.15462104564121,-0.436956281239354,-2.39848432591107
"TraesCAD_scaffold_053222_01G000100",4.19749127607988,2.89783216860052,5.77559803640754,-0.397162893382857,-1.31589699075358
"TraesCAD_scaffold_016420_01G000200",4.19734374783982,3.95849297934443,6.74894171776199,0.107436963869981,-1.94595469526077
"TraesCAD_scaffold_057874_01G000100",4.19719860371927,1.67753581530409,2.87629437674999,0.39341331197719,2.76133959273489
"TraesCAD_scaffold_079696_01G000100",4.19566750354589,1.51257034307552,5.53073104928844,0.600527546857542,1.59709619361315
"TraesCAD_scaffold_097019_01G000200",4.19512749077225,3.15922159944332,3.43586654384414,0.227100157093105,0.191683716730773
"TraesCAD_scaffold_001925_01G000100",4.19224301350493,1.61462422817914,3.2021640174814,0.029138153775675,2.48516371779217
"TraesCAD_scaffold_043639_01G000200",4.19212735072241,2.69160362455797,6.17551645180448,0.369279828188957,-2.44516102319164
"TraesCAD_scaffold_082443_01G000300",4.19090305108928,3.81051148496214,8.11710502185901,-0.1674898029815,0.553468763492342
"TraesCAD_scaffold_056958_01G000400",4.19078655332841,2.89412658292963,0.580261946600592,0.619629230515197,-0.0664717236307777
"TraesCAD_scaffold_073703_01G000100",4.18917229499467,4.09917056740383,1.19672711613831,0.334984058519164,0.54960523674668
"TraesCAD_scaffold_030575_01G000500",4.18741533969121,2.37807782899609,6.82233107617299,-0.44544257428841,1.30822925160131
"TraesCAD_scaffold_029201_01G000200",4.18664211458686,1.16895517073508,3.119623882539,0.312135699514596,0.961845942279648
"TraesCAD_scaffold_003614_01G000200",4.18365694836696,2.103944275257,6.49839285750043,0.291080764095017,1.66039694559302
"TraesCAD_scaffold_013602_01G000100",4.18358734815745,4.17277398439645,7.23865259792058,0.447507033284288,-3.67976890588877
"TraesCAD_scaffold_083311_01G000200",4.1821358518858,2.74043237753477,1.98552107838798,0.437107176405006,0.202860028871947
"TraesCAD_scaffold_030500_01G000300",4.17995012289377,3.98846240080969,4.60389299452352,0.225187908233595,-2.85585703077745
"TraesCAD_scaffold_000224_01G000800",4.17975171530155,1.27007013806416,3.41206525161581,0.02166912321273,1.78616007086165
"TraesCAD_scaffold_133485_01G000100",4.1787435168615,2.24450696267189,4.21257690643453,0.35448664783654,1.73802609400708
"TraesCAD_scaffold_124229_01G000200",4.17228467629994,4.01898825816782,4.80155193732916,0.133224281007106,-1.51576168093241
"TraesCAD_scaffold_040864_01G000600",4.1713869488309,3.22598997653435,5.09268429144892,-0.26100540540106,1.6202189899333
"TraesCAD_scaffold_019141_01G000200",4.16828863142476,3.9487014695186,6.60533303929412,0.349408060121383,-2.11090546149996
"TraesCAD_scaffold_007206_01G001000",4.16793671081835,3.07434060147809,1.06705726154602,0.711160649113975,-0.30343435295875
"TraesCAD_scaffold_029179_01G000300",4.1675513548334,1.80576237485378,0.400171415479858,0.827818950386067,0.710167837608701
"TraesCAD_scaffold_086160_01G000100",4.16745908185212,2.14569076936833,3.36455283809567,0.440382909208482,2.56800207979595
"TraesCAD_scaffold_087633_01G000100",4.16726333885524,0.837870086904318,1.810156588335,0.175041950212266,0.745719704204482
"TraesCAD_scaffold_002728_01G000600",4.16725240277463,3.88460607608823,6.13629053305084,0.457600982892844,-2.38024236071932
"TraesCAD_scaffold_128290_01G000100",4.16649093921694,2.11526825524497,1.90435657531804,0.423790679153039,0.544337114255453
"TraesCAD_scaffold_161577_01G000200",4.16149705101576,2.1066424330894,0.831598828122129,0.893876422893776,0.778687652877956
"TraesCAD_scaffold_084608_01G000100",4.16125897085085,3.90685077285619,9.30729183880618,0.167377988347975,-1.85347699682178
"TraesCAD_scaffold_022301_01G000400",4.15904839580614,4.0827136880308,8.25323278665626,-0.314087376082614,-2.31429373887503
"TraesCAD_scaffold_069460_01G000100",4.151759762709,1.10513345024859,2.00631817143798,0.60808850193543,1.53297856081064
"TraesCAD_scaffold_091054_01G000200",4.15017943036259,3.84415225078534,3.56000987519039,-0.112759373816944,2.44046616480613
"TraesCAD_scaffold_069832_01G000300",4.14826856096294,1.92836857451394,2.54661268122518,0.505547806373922,-0.239624168495613
"TraesCAD_scaffold_075693_01G000200",4.14517189724008,2.15876866998016,1.10219648135013,-0.00864995268653003,1.08324996926731
"TraesCAD_scaffold_086804_01G000100",4.1448135664359,2.6787843430412,6.83819206493285,-0.443430198611969,1.13533756749046
"TraesCAD_scaffold_051719_01G000300",4.13873984804748,2.26826775874396,4.16344020356432,-0.0408618992988763,1.49169886826087
"TraesCAD_scaffold_017399_01G000100",4.1345508481918,1.18826753788429,1.46675450988103,0.637381406890006,0.59851536155988
"TraesCAD_scaffold_058146_01G000200",4.13425903499935,1.79751124650095,4.3421881296693,-0.422056853868079,1.43025589416085
"TraesCAD_scaffold_147328_01G000100",4.13258606889153,2.84580730822707,6.30149677114718,0.214125912150226,1.55390749087974
"TraesCAD_scaffold_088799_01G000100",4.13171583512958,4.05700135819646,7.18106825515634,0.316630787189645,-2.90815938676238
"TraesCAD_scaffold_029491_01G000300",4.13098704325837,3.86615498609821,3.75128205599722,0.822668094817786,1.80440428294432
"TraesCAD_scaffold_022118_01G000100",4.12817648224995,3.52156432833823,5.53960646284595,0.0249582476061273,-1.37371447490529
"TraesCAD_scaffold_026150_01G000100",4.12686615116082,3.80375694699786,6.35344129170015,-0.168444434860116,-1.62084103657711
"TraesCAD_scaffold_042648_01G000200",4.12606023620561,1.29068843360209,4.80520684809659,-0.0853156364396135,1.09959116563349
"TraesCAD_scaffold_021064_01G000200",4.12603313001736,3.79409855607777,6.42652383973997,-0.052527855421096,-1.49534164216499
"TraesCAD_scaffold_013329_01G000500",4.12382720254543,2.29890447164609,6.4247116057245,0.0724553469788046,3.00047374538559
"TraesCAD_scaffold_007127_01G000300",4.12168837638994,4.00082850217029,8.34512848990347,-0.0588789656173743,-2.09222815278231
"TraesCAD_scaffold_128615_01G000100",4.12039905810191,2.49039021470996,2.3871279851041,0.296589779946708,1.52700637883058
"TraesCAD_scaffold_001226_01G000500",4.11930068958969,3.90775397253973,7.39421963474952,-0.185619995070211,-1.88379775752406
"TraesCAD_scaffold_023544_01G000200",4.1190607577418,1.22222630761682,3.43515879799004,-0.00861105422379969,2.04263350919424
"TraesCAD_scaffold_052094_01G000100",4.1188488845812,3.281370691827,2.92952345858648,-0.172768454832264,1.07515334026657
"TraesCAD_scaffold_082397_01G000100",4.11691914261958,2.0097987298443,3.47819001609365,0.196300947308534,0.529959568745034
"TraesCAD_scaffold_018564_01G000500",4.11540564757304,3.94065610352478,4.99317537663751,0.514985230001759,2.47547709356241
"TraesCAD_scaffold_088914_01G000100",4.1132442998726,3.81746851442097,4.32770041712126,0.591124012134534,-1.02259065774875
"TraesCAD_scaffold_109897_01G000100",4.11278785981699,3.61899497204321,7.55971135813227,-0.377757383266132,1.47664444101482
"TraesCAD_scaffold_047283_01G000100",4.11167772708925,3.62817681463428,5.51509448171357,0.482573780957343,-1.92888614384673
"TraesCAD_scaffold_096412_01G000400",4.1099147363136,2.91287710797736,2.29190912174808,0.706433983496597,0.128061519272828
"TraesCAD_scaffold_119973_01G000200",4.10696649770471,4.03063182493502,7.43582597211206,0.341258642916858,-1.99681601550559
"TraesCAD_scaffold_041466_01G000400",4.10644704665789,3.90296193781974,6.43143947369707,0.039322038647759,1.92330032700012
"TraesCAD_scaffold_013957_01G000400",4.10478860335083,3.41432694025241,1.80839140889282,0.782586186228793,-0.663586101374834
"TraesCAD_scaffold_008386_01G000400",4.10371970187258,1.7190046692934,4.05050854213829,0.307974959527252,1.47540721712934
"TraesCAD_scaffold_021448_01G000200",4.10348070334678,1.35219927500887,3.34885126863217,-0.00470521280014913,2.54247488048566
"TraesCAD_scaffold_054181_01G000400",4.10169842657535,3.73295493608918,2.07855600301131,0.87532472081459,-1.20909360855783
"TraesCAD_scaffold_010548_01G000200",4.09984381688948,3.36909725250162,0.920544079901137,0.927034820691601,0.656172155101005
"TraesCAD_scaffold_079527_01G000100",4.0988837177021,3.76695008520467,8.374392946021,-0.532350184629723,-0.923584257210823
"TraesCAD_scaffold_061524_01G000200",4.09491934656318,3.67013438293531,3.02124710071632,0.225448681920885,0.675141156579848
"TraesCAD_scaffold_091516_01G000400",4.0940949832229,1.59232723216311,2.1831115095974,0.394159837862431,1.49510836476021
"TraesCAD_scaffold_076086_01G000200",4.09354577606846,1.65193962004362,3.0495236994247,-0.136368807984677,1.20464612376193
"TraesCAD_scaffold_111102_01G000100",4.09310795664582,1.43169198675698,1.35562131542271,0.316928664001162,0.227864843106587
"TraesCAD_scaffold_135618_01G000100",4.09140334101814,3.43301401424091,7.09074507642828,-0.294025580661064,-2.09574159368133
"TraesCAD_scaffold_048195_01G000100",4.0903796974284,3.44660420431103,8.05953313807118,0.260794034282345,-1.07684195864605
"TraesCAD_scaffold_511180_01G000200",4.09007924969703,1.54958934687675,3.00893134533639,-0.390692010438095,1.29701990251756
"TraesCAD_scaffold_125904_01G000100",4.08995505878879,4.04043925757761,6.06579301704546,-0.34242957894614,-1.99591176220375
"TraesCAD_scaffold_056219_01G000200",4.08934386973818,3.43951847496356,9.55891024981317,-0.491294071549289,0.0189334316297374
"TraesCAD_scaffold_041470_01G000100",4.08552596976932,4.00165368263523,7.51567125913895,0.0396849914770547,-2.54213693758354
"TraesCAD_scaffold_070874_01G000200",4.08438732611328,3.78861808574628,3.87814302064998,-0.0614567038592625,0.746517212726708
"TraesCAD_scaffold_065144_01G000100",4.08148839326687,3.82250272326079,7.23875281380225,-0.177608782266044,-1.34159446757381
"TraesCAD_scaffold_006974_01G000200",4.08074934601564,2.98171991855048,6.84301204073159,-0.376954074753123,0.26613050893209
"TraesCAD_scaffold_036374_01G000300",4.07894001593629,3.66261476175669,7.23542723431939,0.419707937025475,-2.31712356917387
"TraesCAD_scaffold_089911_01G000200",4.07866443601624,2.27465228164803,3.44254439031118,0.355607407536875,1.25510001539673
"TraesCAD_scaffold_090307_01G000200",4.07805315376357,3.64315248399049,5.02433613713078,-0.00584678665010696,-3.12931532035127
"TraesCAD_scaffold_014419_01G000100",4.07399043908654,3.61118424258518,1.91342487924844,0.762308923155277,0.00792717854224051
"TraesCAD_scaffold_089659_01G000500",4.07358273641601,2.44322321382715,2.0877491498399,0.599935116182785,-0.965299665650383
"TraesCAD_scaffold_055207_01G000100",4.07345148090065,1.71183595920495,0.60176685735471,0.860217759744458,-0.14998731292848
"TraesCAD_scaffold_041746_01G000100",4.07282469391558,3.9190022148704,8.90636189539976,0.50034044857095,0.653004109981157
"TraesCAD_scaffold_063623_01G000200",4.06759038712517,3.23024624608621,2.42246716666881,0.50642755564618,0.790538334061279
"TraesCAD_scaffold_047240_01G000300",4.0651760355983,3.83767109407799,6.8490912791802,0.431687782523548,-2.04850175083207
"TraesCAD_scaffold_082685_01G000100",4.06508006882097,3.86593223861699,5.12550350105745,0.493281213527418,-1.45714153838257
"TraesCAD_scaffold_019571_01G000200",4.06415153053507,2.99197716902727,8.21136563445435,-0.126312718498825,2.11367988612322
"TraesCAD_scaffold_025542_01G000100",4.06414974506403,3.23924856469041,2.53272001843466,0.484480870781108,0.817146753966614
"TraesCAD_scaffold_027627_01G000100",4.06369212309922,2.19615904134243,4.95453172201874,0.18584185927058,0.238361452927531
"TraesCAD_scaffold_109816_01G000100",4.06330052222976,3.98852902141358,7.75015338986199,0.543852651662429,-2.73419407145058
"TraesCAD_scaffold_034662_01G000100",4.06218022272212,1.86554731799752,6.14883814314391,-0.095267002385776,1.87862790560529
"TraesCAD_scaffold_087790_01G000100",4.06187429107201,3.66557402526101,7.2270595523935,-0.245485934427439,-0.229855653395027
"TraesCAD_scaffold_105089_01G000100",4.05931921031441,3.47814036978607,8.08808691258069,0.324805694270821,0.312622950698745
"TraesCAD_scaffold_061353_01G000100",4.05631288287495,3.18368681159444,4.7841718346865,-0.143160096917197,1.03348662634274
"TraesCAD_scaffold_031174_01G000200",4.05621818693472,3.57016506445215,5.16270609333547,0.396928475377248,-1.40095325025807
"TraesCAD_scaffold_049235_01G000100",4.05552192080315,3.7696829990611,4.80924587512788,0.410780733265381,-1.62331215309906
"TraesCAD_scaffold_048147_01G000100",4.04996300860365,1.8317110791498,3.94700147579897,0.308798385007095,-0.0275284002906377
"TraesCAD_scaffold_055053_01G000200",4.04703083082612,3.86633541168182,6.25551750991054,0.524692011565619,-2.23279190985402
"TraesCAD_scaffold_034132_01G000300",4.04480681762521,2.10360374184948,5.07625362820703,0.258862277333017,3.02261395541132
"TraesCAD_scaffold_034038_01G000400",4.04399828489248,3.77006657598268,8.877179250469,0.252214314708836,-1.5198987900392
"TraesCAD_scaffold_067222_01G000100",4.04381221200725,3.92989121957481,6.66241084906288,0.0345163175430509,-1.41054576014074
"TraesCAD_scaffold_057213_01G000100",4.04349004788972,3.74624819494314,7.44815049622378,-0.366481477190494,-1.47543501688651
"TraesCAD_scaffold_062022_01G000100",4.04318249104766,3.17784628567652,7.00812450589667,-0.0464611949136494,-2.37059037846209
"TraesCAD_scaffold_090228_01G000200",4.04203792824435,3.94980470688598,6.68469322943363,0.161647088577994,-1.57953492075571
"TraesCAD_scaffold_005023_01G000200",4.04101857354605,2.67505991366749,3.77191552665238,-0.415286586166637,2.057790293973
"TraesCAD_scaffold_097718_01G000300",4.04052824362777,1.82261839880088,5.3183106126509,0.292867688083588,1.98614872607228
"TraesCAD_scaffold_037951_01G000200",4.03963887290828,2.76650601848833,4.87761881706605,0.0394184719450375,2.89244807708467
"TraesCAD_scaffold_034592_01G000200",4.03404185259897,1.53134793216075,1.35578803416317,0.520674792766331,0.637740713540535
"TraesCAD_scaffold_020812_01G000100",4.02954388282143,3.89862091125935,6.72675793505725,0.279097728268393,-1.79386792638014
"TraesCAD_scaffold_008745_01G000400",4.02919389320095,2.2027089037785,3.51381118199018,0.187746077372367,0.758634268684822
"TraesCAD_scaffold_050682_01G000100",4.02726169007226,3.10985159709248,0.481057770623553,0.470322097532102,0.0216465591033829
"TraesCAD_scaffold_109202_01G000100",4.02707981019831,3.9864300782382,8.18353639635244,0.121139047775196,-1.93332410716046
"TraesCAD_scaffold_042618_01G000200",4.0268849516611,3.87194057934774,7.43961750954812,0.238602853455015,-2.91133361649785
"TraesCAD_scaffold_019043_01G000100",4.02544385356355,1.4192179513673,1.89116479279313,0.379505860014412,0.597985534643873
"TraesCAD_scaffold_040708_01G000100",4.02243823953755,3.5966562699971,3.87729320000842,0.418565319053852,2.69524993057519
"TraesCAD_scaffold_009293_01G000300",4.02216488542476,2.86546529195155,5.11015752892561,-0.446070045929489,0.295560259224745
"TraesCAD_scaffold_027941_01G000500",4.02115983667357,1.39970968625434,2.76316087999078,0.319585269122019,-0.958459832274439
"TraesCAD_scaffold_038267_01G000100",4.01984972509568,2.06151117558172,3.99778348863158,0.166892004942783,2.00238345284256
"TraesCAD_scaffold_068168_01G000100",4.01878426522036,3.95230990643245,7.2548143798847,-0.183357811101363,-2.28435443355732
"TraesCAD_scaffold_009592_01G000400",4.01874438342341,3.31507023461918,7.67448014102231,0.216743886242906,-0.17901030707914
"TraesCAD_scaffold_016106_01G000100",4.01871610831199,3.48604594744603,4.41047373502798,-0.480766716472228,0.935049753531198
"TraesCAD_scaffold_071560_01G000300",4.01436338988905,3.73732097926938,6.69884033145702,-0.0634695669651521,-1.62017484657058
"TraesCAD_scaffold_036569_01G000400",4.01304782280849,3.97054232849452,8.2466730660153,0.396556683822211,-2.09919051577328
"TraesCAD_scaffold_006023_01G000200",4.00984965814013,3.43821907602032,7.34233941236845,-0.0136564280947749,1.90040546857871
"TraesCAD_scaffold_094186_01G000100",4.0097548215132,3.73582243131636,6.31005229851451,0.214923733495855,-0.966837491044944
"TraesCAD_scaffold_045308_01G000200",4.00961612999148,2.00015871903944,1.93797175754689,0.549226987050283,0.475767940071287
"TraesCAD_scaffold_094225_01G000200",4.00903992038618,0.370942247866793,2.60584395028549,-0.721528335287285,-1.83625832349535
"TraesCAD_scaffold_086508_01G000100",4.00850696794808,3.84913925679108,7.49662656762662,-0.374731308947437,-2.1381774271408
"TraesCAD_scaffold_081559_01G000100",4.00677514135426,3.95438257779014,6.56681735842549,0.614178571545453,-2.88330002151859
"TraesCAD_scaffold_088614_01G000200",4.00672969507694,0.850559991795586,4.28563965858156,0.0661651082262827,1.72606239139632
"TraesCAD_scaffold_110421_01G000200",4.00657160917319,3.84190747479999,7.16863780803492,0.204732211208565,-2.54247031192058
"TraesCAD_scaffold_041537_01G000100",4.00493346727982,2.56947308727498,2.55587205038185,0.252227181742454,-0.182502144695435
"TraesCAD_scaffold_034316_01G000800",4.00376061732632,3.7109366605911,1.76028867514581,0.66431720696834,0.932019619395175
"TraesCAD_scaffold_110139_01G000100",4.00099896999056,2.53596250962719,4.55232143675135,-0.67676971820151,1.61302960953747
"TraesCAD_scaffold_030308_01G000600",4.00020982933909,3.61198431745655,5.38357212143699,-0.176865212479578,-1.79435099065417
"TraesCAD_scaffold_072347_01G000100",3.99997169591045,1.28644263775439,3.13307081111359,0.209312903130667,1.26013839323264
"TraesCAD_scaffold_002334_01G000200",3.99839380785606,3.76565890457125,8.62881554310681,0.0992003846704648,-1.69349337149574
"TraesCAD_scaffold_022122_01G000100",3.99789488613169,3.60233004204146,1.68501737987085,0.872710517338517,-0.926559829077457
"TraesCAD_scaffold_052908_01G000200",3.99625259971133,2.64176383120703,4.99330343387969,0.60453384698665,2.84110083807002
"TraesCAD_scaffold_070268_01G000200",3.99529679745059,2.50478440397502,4.14434739492901,0.168552204704233,2.93401849353429
"TraesCAD_scaffold_053083_01G000100",3.99399348442225,1.25392332357505,5.29013483902242,-0.359872009506462,2.2377569737505
"TraesCAD_scaffold_029720_01G000500",3.98974734267849,1.77132851218712,3.24354368766029,-0.662292887645481,2.68550590031189
"TraesCAD_scaffold_085343_01G000200",3.98806842821286,3.9796027968708,6.05342941098914,0.746529740930721,-2.17025783679608
"TraesCAD_scaffold_083180_01G000100",3.98783602609587,3.90494237318445,6.85501048338501,-0.0641969124992133,-2.47919397897247
"TraesCAD_scaffold_005197_01G000300",3.98613579280947,3.01401318002594,3.79277538685198,0.67374049946562,-0.118207098190948
"TraesCAD_scaffold_048240_01G000300",3.98433421189737,3.82592480490843,5.67408735204792,0.486759583337997,-1.7389746667388
"TraesCAD_scaffold_092839_01G000200",3.98234195772631,3.04084645646815,7.99650908961467,-0.335193685643433,1.14238709453577
"TraesCAD_scaffold_145293_01G000200",3.97985493410759,3.31576614776597,6.05546794516656,-0.0365771924926524,-0.618658170292395
"TraesCAD_scaffold_009838_01G000100",3.97901852088944,1.95280196502831,0.139255147682716,0.8988933813818,0.413623022215891
"TraesCAD_scaffold_040513_01G000200",3.9781397966116,3.01471774953907,3.3390766767298,0.776342764571464,2.59152204471095
"TraesCAD_scaffold_052908_01G000100",3.97678941166512,3.47860077452536,8.71453762298645,-0.289445833515331,-0.233978038608919
"TraesCAD_scaffold_090670_01G000100",3.97648331947143,3.82136700618618,6.93650881130473,-0.85292640316478,-0.09975442542183
"TraesCAD_scaffold_063754_01G000200",3.97642782832898,2.98967410223453,5.45257411937947,-0.351091149679493,1.73287832555505
"TraesCAD_scaffold_078013_01G000100",3.97575247803717,2.92693173956274,3.81341257728755,0.0858661903465187,0.524154668006763
"TraesCAD_scaffold_035971_01G000200",3.97567596822707,0.90695094195102,1.65849994280887,0.261392589618744,0.867594602022063
"TraesCAD_scaffold_142223_01G000100",3.97387834926239,3.16669375827902,2.53057265813088,0.317862546744922,-0.689920498041008
"TraesCAD_scaffold_066317_01G000300",3.97362755118443,2.22069099686567,4.74344846433892,0.140916949374676,3.20298639194094
"TraesCAD_scaffold_040954_01G000200",3.97356736102552,3.06922324638571,1.31356700769684,0.91202920120341,-0.421082895532781
"TraesCAD_scaffold_006470_01G000200",3.97330680320556,3.26598592763215,4.0165647032739,-0.435425481520501,1.42314833668313
"TraesCAD_scaffold_079186_01G000100",3.97285761566795,2.49599810983631,4.72684836856993,0.299929492126801,-1.90438886491316
"TraesCAD_scaffold_048449_01G000100",3.97192430349992,2.23273559254703,3.04969585380635,0.27375370839267,1.98702080901748
"TraesCAD_scaffold_054902_01G000100",3.97163691857992,2.6403210635724,3.8154013614382,0.265585257753091,2.43405224578282
"TraesCAD_scaffold_085386_01G000100",3.97000477774098,2.93588657545179,2.12926805251678,0.724655239399791,-1.08421970605821
"TraesCAD_scaffold_068052_01G000100",3.96870105514304,3.7889012731245,7.45622517287817,-0.432939843229171,-0.981139043446111
"TraesCAD_scaffold_002586_01G000100",3.96858536551486,3.90844428350814,7.35801011202473,0.371549146747913,-3.94041839586967
"TraesCAD_scaffold_059187_01G000100",3.96850842704455,2.15172679204026,2.81370638328547,0.358812013848657,-0.0920537177422311
"TraesCAD_scaffold_006849_01G000300",3.96772556895582,3.62123241062391,4.35657849210497,-0.370638005963107,-1.8101039758634
"TraesCAD_scaffold_124078_01G000100",3.96682249468683,1.29516518326521,3.62125936859872,0.322380575673067,1.72105214878315
"TraesCAD_scaffold_093347_01G000300",3.96440698989018,3.4401520802349,6.58652872395744,-0.440025122576539,-2.75502693144473
"TraesCAD_scaffold_139445_01G000100",3.96116198411451,2.55372522657339,5.47603025478346,0.463589273028233,2.0327037053666
"TraesCAD_scaffold_034880_01G000200",3.96048027945717,3.24900853494372,2.61470501777479,0.636521363775873,-0.0662121254848668
"TraesCAD_scaffold_101915_01G000100",3.95925519671773,3.17161986929156,2.33456842265776,0.3927915087266,0.878017934845274
"TraesCAD_scaffold_038911_01G000100",3.95890128485153,2.9979075986625,6.38791556909615,-0.55495919257017,-0.193445288412671
"TraesCAD_scaffold_056411_01G000100",3.95437979214989,3.57434957173482,5.96050294797266,-0.0568772542167294,-3.10377272540154
"TraesCAD_scaffold_052681_01G000100",3.95427058300525,3.13572702158506,5.63892940549887,0.57560839024453,-0.831862033171728
"TraesCAD_scaffold_042094_01G000200",3.95343385668974,0.593108873013314,5.75577700784392,-0.316940145646303,1.78884073214615
"TraesCAD_scaffold_013092_01G000200",3.95166534416458,2.85999037793049,8.67379224444316,0.489414005957737,0.699102153923906
"TraesCAD_scaffold_029418_01G000200",3.94990631302247,1.02680715486157,0.261776060732829,0.850550143267316,-0.171014108405706
"TraesCAD_scaffold_054587_01G000100",3.94982214808191,2.14573467708271,1.35500922463829,0.287257102626985,0.308008039740671
"TraesCAD_scaffold_038994_01G000200",3.94682280747843,3.46718952955294,6.85722209767969,-0.312820495620424,-2.03609689408745
"TraesCAD_scaffold_004305_01G000400",3.94675030442035,3.70279373876559,8.7266507899811,-0.357540353873846,-0.823821254152638
"TraesCAD_scaffold_141252_01G000100",3.94279526680156,3.79721721964894,6.24546799717646,-0.136008109546126,-2.63585819472678
"TraesCAD_scaffold_153528_01G000100",3.9425158995707,3.52729429690965,5.83245139524952,0.114066916771319,1.44509098351174
"TraesCAD_scaffold_079699_01G000100",3.94113446591632,3.16307455736305,4.84534869380685,-0.148884369858634,0.76338202585257
"TraesCAD_scaffold_078796_01G000100",3.94004647709944,3.65440039104826,7.51505088487906,0.007591896652699,-1.89026376959533
"TraesCAD_scaffold_076230_01G000100",3.93948440103699,3.78845641224925,7.27950160957974,0.295362837219931,-2.92596378497879
"TraesCAD_scaffold_092016_01G000100",3.93899598743634,3.03088800447015,5.61918768859393,0.0571734409081457,2.1565326118138
"TraesCAD_scaffold_114225_01G000100",3.93839187259968,3.02372717655909,4.76800754723023,0.604269812615008,2.26341817044782
"TraesCAD_scaffold_039817_01G000400",3.93709864012525,2.09159950387063,2.7459795534425,0.263908997554667,1.27764585049626
"TraesCAD_scaffold_049831_01G000200",3.93476451685511,3.05204785131806,4.31882519936689,0.00467682642701307,0.143692471707051
"TraesCAD_scaffold_076285_01G000200",3.93450933102487,3.54340096311634,4.57540201336519,-0.353582352807392,-1.11608394838877
"TraesCAD_scaffold_138902_01G000100",3.93351296910548,3.30639180886182,6.36873531246652,0.477076237666923,0.894354290415297
"TraesCAD_scaffold_061671_01G000100",3.93182492778097,3.06025013368543,6.01780456712841,-0.721006698213544,-1.31278098221182
"TraesCAD_scaffold_108891_01G000100",3.93147479354875,3.29594247294522,7.17201121864981,-0.51142903501421,1.22450304686995
"TraesCAD_scaffold_835474_01G000100",3.92900953470369,3.50244904094355,9.72005115131353,-0.00819614848420895,1.5265285664033
"TraesCAD_scaffold_047153_01G000200",3.92756059788896,3.66454400589005,6.84531054744105,-0.0893160337075737,-1.08348730471715
"TraesCAD_scaffold_011922_01G000100",3.92739888602991,3.629034938789,9.23217361562276,-0.497199923490418,-0.722324899507974
"TraesCAD_scaffold_083772_01G000500",3.92602174347683,2.89405852352473,8.00013598538065,-0.180652054316438,0.602219104001976
"TraesCAD_scaffold_019862_01G000300",3.92567395105692,3.15318634244005,5.02619912237206,-0.258374368633784,-1.74282081556617
"TraesCAD_scaffold_024006_01G000100",3.92496687497644,3.53200388206,5.01760272405435,0.297770784151519,3.10616781046615
"TraesCAD_scaffold_009030_01G000600",3.92460866039766,3.71738393057167,3.53434951858155,0.381805408503531,0.382655784064933
"TraesCAD_scaffold_072450_01G000100",3.92443253157504,2.43244398863281,6.93422087705134,-0.399603798012605,0.718920239965859
"TraesCAD_scaffold_164871_01G000100",3.92418166086179,2.0278527739842,3.59094144318747,0.21108644761694,1.99745213331697
"TraesCAD_scaffold_078018_01G000100",3.9239455122383,3.68491719621793,7.21698912383146,0.28759947461679,-2.92479102077007
"TraesCAD_scaffold_031415_01G000300",3.92356800766201,3.48958376024238,1.89691131894805,0.681566261763683,0.156322525415916
"TraesCAD_scaffold_027432_01G000200",3.92290025964548,3.00425560125952,4.61222229211844,-0.331944888414477,1.48687450298229
"TraesCAD_scaffold_058839_01G000100",3.92077097429973,3.85887849089884,6.30290867178631,-0.545156209841732,-1.42238230673152
"TraesCAD_scaffold_024804_01G000400",3.92061594883128,1.83122753089137,3.40896938217428,0.282426045677206,0.683554229962847
"TraesCAD_scaffold_061673_01G000200",3.91621102808263,3.38869576651525,6.56564472766975,-0.243269927440757,-0.316631362652306
"TraesCAD_scaffold_136887_01G000400",3.91417475455626,1.41591821378266,7.07490421301204,0.191684449321393,2.15189642071754
"TraesCAD_scaffold_033787_01G000200",3.91242912243857,2.71943834576783,8.32219939785771,0.135420485520405,0.563687454317564
"TraesCAD_scaffold_067979_01G000200",3.91241281883482,1.37289682420234,4.02956297981733,-0.180662953401151,1.75719821460785
"TraesCAD_scaffold_038270_01G000100",3.90887939211692,2.51364026476071,3.28225737539172,0.00107133885412006,0.537808245427162
"TraesCAD_scaffold_003695_01G000100",3.9088789509357,2.00152023117943,2.31653072376097,0.267895979747223,2.05690406754439
"TraesCAD_scaffold_029472_01G000100",3.9086643991092,0.849782202715949,1.96848347546201,-0.154091463247306,2.64851629951453
"TraesCAD_scaffold_028587_01G000200",3.90754196303501,3.10966485615226,4.91322493899341,0.293779324948878,1.70367945683153
"TraesCAD_scaffold_053565_01G000200",3.90658243976619,3.69808785041807,6.91886189455997,0.293190632871682,-1.68981201800823
"TraesCAD_scaffold_035252_01G000600",3.90586470042725,3.64565929401453,6.7841238339288,0.172722765298917,-1.75524748038407
"TraesCAD_scaffold_064227_01G000100",3.90567138387466,3.36886678957972,4.91220283751642,0.21600226759175,-1.91150069532358
"TraesCAD_scaffold_018115_01G000100",3.90497357490057,1.19452786022646,5.49530671930265,-0.0144740187208712,2.13091445627828
"TraesCAD_scaffold_013997_01G000100",3.90468959831805,1.58206676432689,3.47206360295045,-0.04996079687689,2.53655913712931
"TraesCAD_scaffold_013616_01G000100",3.90463665042126,2.45335887336536,3.21120421541869,0.570454703331461,2.37060075926053
"TraesCAD_scaffold_043395_01G000400",3.90324005829355,1.29044711208646,3.33048927459987,0.0239676023334634,1.33591400529818
"TraesCAD_scaffold_113445_01G000100",3.90292317516105,3.11898834957884,6.46240369306659,-0.039979697195533,-1.30327139946026
"TraesCAD_scaffold_031821_01G000500",3.90107220571049,2.70692475427351,6.36233342279062,0.199643461997457,0.378435493937408
"TraesCAD_scaffold_073541_01G000200",3.89969409289327,3.58281640503076,6.21073387804716,0.0836120333538658,-1.60621085398725
"TraesCAD_scaffold_035357_01G000500",3.89958179270687,3.62064836686488,7.25302153585223,0.124347249083176,-2.34773681309478
"TraesCAD_scaffold_038665_01G000400",3.89938643381365,3.08011113100131,6.71706856040266,-0.386786317226394,0.937607296991169
"TraesCAD_scaffold_103162_01G000100",3.89783960571857,2.26183912384194,7.10624773808463,-0.00680983796544842,0.99030385912853
"TraesCAD_scaffold_005794_01G000100",3.89740841663332,2.01390805065647,5.33764649162858,0.656252420950022,-2.8557806905218
"TraesCAD_scaffold_023565_01G000100",3.89730695636184,1.74989550413885,2.95054203021709,-0.139863346188868,0.988647763315521
"TraesCAD_scaffold_001502_01G000800",3.89355606840609,3.4015554419137,4.45212207369509,0.282991185534011,0.000112014876464414
"TraesCAD_scaffold_061663_01G000200",3.89236611053057,2.99153301389731,7.96559536018496,-0.526994471511085,-1.34216484174289
"TraesCAD_scaffold_030424_01G000300",3.89165874758057,3.45830995343272,5.8536463402246,0.234252071158534,-2.29454749092857
"TraesCAD_scaffold_096013_01G000200",3.89164351695677,2.40140125920639,4.16984579371096,-0.0230702099696905,1.03401121786759
"TraesCAD_scaffold_035515_01G000100",3.89163897603292,3.81373873609293,6.5267131139668,0.542906148699125,-2.00383893367014
"TraesCAD_scaffold_009504_01G001400",3.89143189925624,3.77346153455942,5.29818708141643,0.725354347920734,-2.09280131886277
"TraesCAD_scaffold_009544_01G000400",3.88987746291305,3.54335392040643,6.76060194857855,-0.475876478819605,-0.158871159873793
"TraesCAD_scaffold_045383_01G000200",3.88920198838927,1.27481948370238,2.90976845200083,0.180515053637644,2.29586835569483
"TraesCAD_scaffold_069080_01G000100",3.88843744052717,1.85291255182356,6.25190920147558,-0.0762133922328837,1.12646461706577
"TraesCAD_scaffold_085952_01G000100",3.88735361506418,2.56134206442132,5.02516006405493,-0.178761263802801,1.00290276288547
"TraesCAD_scaffold_006208_01G000100",3.88706872276395,1.92513539203743,4.2366250504567,-0.126272585281859,2.17861305698477
"TraesCAD_scaffold_059536_01G000100",3.88621125563229,1.44271335715349,1.96343212564195,0.133071488180038,2.0467890846887
"TraesCAD_scaffold_083808_01G000100",3.8860373866733,3.04024614694022,6.2806910430449,0.0215149209028488,-0.408282105340674
"TraesCAD_scaffold_051814_01G000200",3.8850842541254,3.8483238284878,5.9819081012947,0.111470113724457,-1.08887671539448
"TraesCAD_scaffold_063366_01G000300",3.88308966331479,1.59357091764292,2.84616020644996,-0.0107467081971125,0.9088708337459
"TraesCAD_scaffold_078720_01G000100",3.880536826067,1.82767776964399,2.78785209952506,0.470038157609197,1.14747693098735
"TraesCAD_scaffold_084516_01G000100",3.87795695087978,1.68344466053105,2.38327411120379,0.717105782258083,1.46077601524596
"TraesCAD_scaffold_057132_01G000100",3.87776031223607,2.89960073313767,1.42287681032693,0.884757267355899,0.846888444656746
"TraesCAD_scaffold_002911_01G000100",3.8750985328956,3.4031802524487,5.72545264723218,-0.07099676168128,-0.772844577359648
"TraesCAD_scaffold_007371_01G000200",3.87470542754075,3.37836452449196,3.51310243401274,0.151130307810456,-0.0783684913682313
"TraesCAD_scaffold_078046_01G000300",3.87444801738999,0.721242062525107,1.94770250385702,0.206997499917862,1.72141309255521
"TraesCAD_scaffold_010681_01G000100",3.87421350687896,3.18764212646476,6.53674739077893,0.441982073463962,-1.51438039353117
"TraesCAD_scaffold_148396_01G000300",3.8735601646204,3.2947268592758,8.53423364826919,-0.00847127316680132,-1.6715423344205
"TraesCAD_scaffold_029187_01G000200",3.8730996777947,3.70272289488111,7.00276779010558,-0.136192369732042,-2.47585939988839
"TraesCAD_scaffold_079145_01G000200",3.8682386586387,1.69154331331802,2.72336118295599,0.552927206568443,2.19800911035041
"TraesCAD_scaffold_090143_01G000100",3.86820052241709,2.84985127981716,5.05564589886148,-0.510462552571977,0.0851763620064257
"TraesCAD_scaffold_042879_01G000200",3.8668214099449,1.41965466665936,4.06207717255837,-0.107570040162214,1.60350434306844
"TraesCAD_scaffold_060522_01G000200",3.86669295551244,3.20926621991559,2.59269340335409,0.358440538891988,0.230596712867272
"TraesCAD_scaffold_016992_01G000200",3.86518361724394,3.02599478813977,4.09307152744349,0.696229983440677,1.87019891742529
"TraesCAD_scaffold_010506_01G000400",3.86442726950732,3.72930313349385,5.23263078259471,-0.567927855214925,-0.460166965610711
"TraesCAD_scaffold_068826_01G000100",3.86227105657515,3.29628811670641,5.8529416504211,0.0952709158204297,-1.44249980088475
"TraesCAD_scaffold_041589_01G000200",3.8609388204319,3.80793274457163,7.17864820549779,0.433072051798189,-2.14669031378063
"TraesCAD_scaffold_016701_01G000400",3.86052650507779,2.04536952880204,3.12146248856201,0.119396145892641,0.362993308125083
"TraesCAD_scaffold_061776_01G000300",3.85780302286602,3.56801121457743,6.03065815940726,-0.248325565545508,1.37093068411574
"TraesCAD_scaffold_005358_01G000200",3.85629192482605,2.84256714340163,7.01204516083673,-0.78859983383441,0.558420565325034
"TraesCAD_scaffold_121067_01G000100",3.8557639171907,1.79127155866376,3.83336629187079,-0.0380002307210111,0.838048933182339
"TraesCAD_scaffold_034971_01G000200",3.8546892062568,3.32061859247196,3.81613131074531,0.218403423466229,0.789474774371917
"TraesCAD_scaffold_011939_01G000900",3.85261564087241,2.43603857657982,4.96032424097463,0.0121673949781446,0.342193705726298
"TraesCAD_scaffold_004315_01G000100",3.85007476243855,2.41919723776007,4.88670121562308,0.185598654936327,1.31279046751737
"TraesCAD_scaffold_015581_01G000100",3.84879445336109,2.87170092923869,1.71493176413948,0.719352489139274,0.194176476210638
"TraesCAD_scaffold_076928_01G000100",3.84791082534483,3.80278319854745,5.87574235847692,0.154305273584151,-2.64026941498094
"TraesCAD_scaffold_050078_01G000200",3.84605021453445,3.20352917727951,8.90427814600378,-0.135781848626785,-0.657453962700418
"TraesCAD_scaffold_049398_01G000200",3.84566603006417,3.48494658048748,6.69826930272505,0.0687833993909297,-3.06594941830521
"TraesCAD_scaffold_104134_01G000100",3.84451127731717,2.44526197356411,5.38666521626024,-0.246607556985564,1.70162104532442
"TraesCAD_scaffold_008074_01G000300",3.8439432289565,3.26477595478338,6.65955814279571,-0.0484564706330962,-0.661351704913873
"TraesCAD_scaffold_023692_01G000100",3.84300431116921,3.56315825499398,2.95497140549006,0.591671399849653,-0.965822768134754
"TraesCAD_scaffold_028048_01G000400",3.84232938222598,3.77611095304345,5.91031147111655,0.72119258094459,-2.27001789448334
"TraesCAD_scaffold_099210_01G000100",3.83764858592498,3.34422174978839,4.20347803683288,0.137761803632126,-1.5192475718648
"TraesCAD_scaffold_070282_01G000100",3.83696501402735,2.35522749701685,4.83364695060316,-0.293594021053602,3.24157065006183
"TraesCAD_scaffold_008267_01G000600",3.83563405254435,3.49273331441895,8.5340314950979,-0.0597347494553934,-1.04025187275643
"TraesCAD_scaffold_011389_01G000300",3.83501136925076,3.68597206289129,7.66717863041986,0.0454510717083393,-4.02388155279277
"TraesCAD_scaffold_016075_01G000100",3.83407148440362,2.81529553406382,3.43852856485634,0.183042337739592,-2.07164370258613
"TraesCAD_scaffold_064974_01G000100",3.83364828837536,3.13858575300689,4.50505354818164,0.419132412611405,-0.921320862239836
"TraesCAD_scaffold_012376_01G000200",3.83188608209475,2.53291218548862,4.59865445784462,-0.286962353161815,1.19792711121745
"TraesCAD_scaffold_032597_01G000100",3.82969011643857,3.70286802391221,7.94645151322761,-0.169085886935099,-2.2676901933198
"TraesCAD_scaffold_010209_01G000300",3.82939035935847,2.31308540900034,1.41245348674034,0.772088649770728,0.8882526979175
"TraesCAD_scaffold_142695_01G000100",3.82839526959653,1.66124013459444,3.65541672238983,-0.119689627785657,3.01872785001545
"TraesCAD_scaffold_111719_01G000200",3.82818525990423,2.36502097129841,7.48283839807331,-0.218229683891155,1.58525512116194
"TraesCAD_scaffold_123728_01G000100",3.82718747669386,3.72261148774999,7.49024287927329,0.437675115614323,-2.16285872028745
"TraesCAD_scaffold_001363_01G000100",3.82714314065399,3.76394565503117,7.21153606881329,0.625199065573255,-3.0566288917403
"TraesCAD_scaffold_000542_01G000200",3.82612427436828,1.23358611176259,2.66687728324682,0.0935652656743667,1.23333876082159
"TraesCAD_scaffold_048681_01G000100",3.82612311136809,1.98735537504537,3.8922314049467,0.364533500184032,0.163613424045187
"TraesCAD_scaffold_045560_01G000200",3.82280107385952,3.52542554791928,6.06253733753951,-0.200745784020738,-0.389734390430615
"TraesCAD_scaffold_127411_01G000100",3.82255545266203,1.46903403229322,1.33789855969597,0.548939566630326,0.452087955860673
"TraesCAD_scaffold_104761_01G000300",3.82218430697681,1.43059372598333,1.1206727289652,0.852392395379756,-0.869883518609498
"TraesCAD_scaffold_214060_01G000100",3.82172445930662,3.35871703373286,6.63386180336678,-0.441255162938189,-2.40730443565293
"TraesCAD_scaffold_006109_01G000100",3.82097100163683,3.02596529589864,5.8363608256328,-0.013707748779352,-1.82385675887653
"TraesCAD_scaffold_023791_01G000200",3.81976790597944,2.17070819306567,3.71146041318062,0.451724831267407,0.777517718208127
"TraesCAD_scaffold_001312_01G000400",3.81788625152021,3.69908740580694,4.19353772951556,-0.258693239323027,-2.79442809733062
"TraesCAD_scaffold_012700_01G000200",3.81713390339897,3.36257039446162,7.7045851091808,-0.0389139730463305,0.0783377090201213
"TraesCAD_scaffold_033334_01G000100",3.81675159641682,3.21943456952987,5.45718430722104,-0.249185769185488,-1.97468644832487
"TraesCAD_scaffold_040772_01G000100",3.81535900482555,1.82725170625328,2.33456345844021,-0.436354298368569,1.66938655774351
"TraesCAD_scaffold_089650_01G000100",3.81498537010168,2.46288882633283,5.07941859642331,0.0538278558727357,1.17667838600057
"TraesCAD_scaffold_068367_01G000100",3.81453339336006,3.45011352621449,4.46558917520988,0.513964223486325,-1.40129164390556
"TraesCAD_scaffold_051392_01G000300",3.81257481205542,3.59344681411704,7.83352920545098,0.335987211620817,-2.40504796462859
"TraesCAD_scaffold_025604_01G000300",3.81215340193747,1.62896004283504,3.61499254716763,0.461590216829464,2.0975848735466
"TraesCAD_scaffold_014474_01G000200",3.81052273655197,2.80701818143486,0.638947830153515,0.77190644507673,-0.263862045098788
"TraesCAD_scaffold_069421_01G000100",3.80989467639141,2.54063574490548,6.44838621797376,-0.409752921931972,1.23786654187214
"TraesCAD_scaffold_064900_01G000100",3.80795210610537,3.41206040829056,4.61979548914395,-0.328009676576488,0.195264469710804
"TraesCAD_scaffold_010042_01G000300",3.80619758398516,1.32631317015369,2.68229798115582,0.163169791983596,2.17553074762747
"TraesCAD_scaffold_012741_01G000100",3.80380399022573,2.54107725144155,0.530114764391096,0.846315374745045,-0.3014666828155
"TraesCAD_scaffold_034938_01G000300",3.80185531561793,2.40520601293767,5.67171810229733,-0.39106915558325,2.10427830344681
"TraesCAD_scaffold_031460_01G000100",3.80155764636309,2.72553823297031,1.39855277443104,0.768973772650665,-0.492906164664824
"TraesCAD_scaffold_060060_01G000200",3.80134739079669,2.93276882872366,5.64088904871637,-0.457874703815291,1.55548219937889
"TraesCAD_scaffold_001469_01G001200",3.80054875109761,2.27621173136357,1.8782711420813,0.71227169492912,0.951293130569755
"TraesCAD_scaffold_002486_01G000400",3.80045062586455,3.71379304477448,4.91475097474268,0.872083617805754,-1.71703580622636
"TraesCAD_scaffold_002724_01G000300",3.79621139051274,2.59676271060935,5.78692542315077,-0.467080418541429,1.03138815077645
"TraesCAD_scaffold_052553_01G000200",3.79585721514672,3.67600431294097,7.75133125808663,-0.261517797661706,-1.24303916276327
"TraesCAD_scaffold_029800_01G000200",3.79524446779447,3.49244259583185,3.55434794876458,0.0987802192263288,-2.22458090996905
"TraesCAD_scaffold_076119_01G000100",3.79489717744928,3.69431550794599,6.12070427484644,0.288015972656811,-1.86849446434207
"TraesCAD_scaffold_069231_01G000100",3.79465610937737,3.62331985038455,5.65102576289528,0.697886152833937,-1.97542676662039
"TraesCAD_scaffold_001491_01G000300",3.7945956411138,2.73092813782708,5.12033839983861,0.160159065158723,-0.876397222428348
"TraesCAD_scaffold_127753_01G000100",3.79400494728801,2.72852461766783,3.53524853621099,-0.646756301718571,2.88555735402359
"TraesCAD_scaffold_002482_01G000700",3.79265229416104,2.08024857000345,5.89972295462712,0.243958312135905,1.35950513530263
"TraesCAD_scaffold_021237_01G000800",3.79214274901859,3.57826915208041,6.7988653979121,0.179106619710801,-2.4415178091079
"TraesCAD_scaffold_009970_01G000100",3.7910548918457,2.8181777850093,7.33342570833627,-0.678014909428113,0.798762451469049
"TraesCAD_scaffold_009934_01G000100",3.79064856284551,1.10152563905232,3.47705797744455,0.215456395020055,1.78025631144071
"TraesCAD_scaffold_093704_01G000100",3.78914871529669,3.75746111849927,7.10798026959304,0.143818805436777,-4.54556006567723
"TraesCAD_scaffold_139552_01G000100",3.78892721146628,1.86701965776022,3.37486799185328,0.287934939926316,2.4783042342935
"TraesCAD_scaffold_102536_01G000300",3.78723478416175,2.89444770442172,5.49765054759699,0.171249044672832,-1.44603920616352
"TraesCAD_scaffold_065575_01G000200",3.78702873291867,2.80313800135247,4.27505780984353,0.216184850598941,2.24758643684699
"TraesCAD_scaffold_094923_01G000100",3.7861941741114,1.09793420693638,1.34360410936689,0.621045086432113,1.62458261445424
"TraesCAD_scaffold_146292_01G000100",3.78583709892918,3.63628614102532,6.32132629664156,-0.193501918507961,-2.31962295901444
"TraesCAD_scaffold_101448_01G000500",3.78528388795952,2.11196058257639,4.22107677488054,0.0660482932354323,2.96966490879147
"TraesCAD_scaffold_064473_01G000200",3.78524847811797,3.1950974357616,4.04224782945542,0.313375649148328,2.18009706397087
"TraesCAD_scaffold_035476_01G000100",3.78248699900801,3.66258840578394,8.0288299765727,0.0283962108792681,-1.58728972536167
"TraesCAD_scaffold_007369_01G000100",3.78120051902032,3.5495835012997,5.63132638760858,-0.414044958555091,-0.230392397598017
"TraesCAD_scaffold_003772_01G000100",3.78059308197122,2.70038093650972,4.86510999243924,0.388253270813851,-2.31281049448285
"TraesCAD_scaffold_099581_01G000100",3.77966481975657,3.58748960558399,1.47262547957926,0.913639080782455,-0.798867917345938
"TraesCAD_scaffold_043732_01G000600",3.77950480567394,3.50717335940148,7.83254561631076,0.028769225292453,-2.43804228902294
"TraesCAD_scaffold_026229_01G000100",3.77697745086216,3.5422312387369,6.56600003635648,0.0556423182854839,-1.46020987764715
"TraesCAD_scaffold_073779_01G000100",3.77562769394612,3.75581189849983,6.42166009334594,0.538504773726022,-3.12952253731726
"TraesCAD_scaffold_095059_01G000100",3.77395859262793,2.81673831760535,7.78983679838975,-0.447010656743219,-0.0308912758385003
"TraesCAD_scaffold_533954_01G000100",3.77148348662041,2.52362446779644,8.25121664356829,0.221329366550577,0.165272128007921
"TraesCAD_scaffold_030085_01G000200",3.77072421865469,3.21396320427384,6.50780787369506,-0.157505435490667,-0.108500864878092
"TraesCAD_scaffold_044150_01G000200",3.77048806932997,3.33874363476682,6.08098445115733,-0.432888253796715,-0.908844076807418
"TraesCAD_scaffold_015634_01G000200",3.76985281836583,3.5478060888397,6.73028199993121,0.105511279866964,-2.01950174411124
"TraesCAD_scaffold_001969_01G000100",3.76812547874345,1.66661930852257,3.15451367467329,-0.193652530206905,1.55573407073605
"TraesCAD_scaffold_060496_01G000100",3.76521078194103,3.50969965844731,8.55234897579761,0.285502763006177,-1.97938403419443
"TraesCAD_scaffold_082128_01G000100",3.76422262211423,2.34686524305999,2.30962194229421,0.840692513470316,2.71320994870453
"TraesCAD_scaffold_084480_01G000100",3.76243133286046,3.73225632264978,3.12790489437026,0.150394468841809,-1.64163015316997
"TraesCAD_scaffold_008172_01G000200",3.7610575196363,3.64055253033784,5.69156343488987,0.717561534934988,-1.84421054448867
"TraesCAD_scaffold_041498_01G000500",3.76065928446639,2.32302594235584,2.19692987757454,0.57754534826603,2.68871894328258
"TraesCAD_scaffold_003535_01G000300",3.75808086068616,2.71274768947019,4.61812126852971,-0.481952242206824,0.754675676100177
"TraesCAD_scaffold_005899_01G001500",3.75792999151716,2.4344510558511,5.32466725517116,-0.156939133086061,-0.482687387053915
"TraesCAD_scaffold_058959_01G000100",3.75737969168111,0.928287939277805,3.56057542464728,0.286147870800541,0.574418035381331
"TraesCAD_scaffold_007449_01G000400",3.75723437070068,3.33495174567898,1.77767785334581,0.0568203179521209,0.921285240098081
"TraesCAD_scaffold_020690_01G000300",3.75688686655893,3.09309835011609,8.25850687058368,-0.447512191612934,-0.0555665063377554
"TraesCAD_scaffold_027568_01G000400",3.75619143987137,2.30029848488022,5.96631976500895,-0.162527967635758,2.36866307981862
"TraesCAD_scaffold_047694_01G000100",3.75590640708369,2.0386737235486,2.82888317555726,0.498396002237848,2.83540480819765
"TraesCAD_scaffold_085952_01G000200",3.75370954233103,3.70574517578372,8.56769984037661,-0.745218293718406,-0.971619166412299
"TraesCAD_scaffold_075350_01G000100",3.75062214619812,3.64554176814325,4.93378072443784,0.871328703742425,-1.72372620214395
"TraesCAD_scaffold_059522_01G000100",3.74722760975148,3.09276653009211,5.27311275073167,0.363470250458099,-1.68542265390064
"TraesCAD_scaffold_029627_01G000300",3.74610716525932,2.83335447455638,3.94343264306623,0.251593554681421,-1.50986951931244
"TraesCAD_scaffold_076457_01G000100",3.74491925290303,2.62993981904209,4.67855235641167,-0.660965921849627,2.44149266892776
"TraesCAD_scaffold_008860_01G000100",3.74064679068289,2.92886040187878,3.57523923868349,0.0144471180313991,0.19374565135645
"TraesCAD_scaffold_075659_01G000100",3.74046837221883,1.4515421598128,1.80328393751436,0.485201181630034,1.47115281196326
"TraesCAD_scaffold_014261_01G000300",3.73986734126602,3.40693507701705,2.33966770693229,0.7553664720386,-0.879037999305633
"TraesCAD_scaffold_023592_01G000100",3.73875345197399,3.60700305755994,5.57815059809019,-0.0872729200026193,-2.00239711324807
"TraesCAD_scaffold_034034_01G000200",3.7374630265693,2.48413715488967,4.03387578297496,-0.120879350609028,-2.26592192672066
"TraesCAD_scaffold_009023_01G000200",3.73612179409704,2.13195679636422,1.05205900882164,0.505165224411335,0.362163522740356
"TraesCAD_scaffold_022091_01G000300",3.73544004918115,2.15066988618541,1.7934618124254,0.975817669048474,1.2451811410358
"TraesCAD_scaffold_018938_01G000100",3.73509489945097,3.35058289900243,8.86300189987372,-0.723002787037137,0.244762904299796
"TraesCAD_scaffold_098705_01G000100",3.735033269137,2.86168162788025,2.75205036657676,0.397138638792745,-0.0403232871868463
"TraesCAD_scaffold_076040_01G000200",3.7349619755371,3.50983048763906,5.90310795466332,0.444673738994201,-1.47283152173921
"TraesCAD_scaffold_002680_01G000200",3.73179515520792,3.5215482993835,6.97001793804777,-0.119281460600127,-2.13815428506646
"TraesCAD_scaffold_010118_01G000200",3.73019919686251,1.54237485304566,1.59568277468913,0.401297185887022,0.966277330847456
"TraesCAD_scaffold_031689_01G000200",3.72768280651803,3.23911015875014,6.09526314724207,-0.163452442766771,-0.506377073546867
"TraesCAD_scaffold_050230_01G000400",3.72716203077332,0.910511445503855,3.49200605429144,0.331849578849662,1.02691677718355
"TraesCAD_scaffold_118801_01G000100",3.7269038419299,3.09526528381054,5.43175125090389,0.399339593943359,-1.02217801883598
"TraesCAD_scaffold_015213_01G000200",3.72597125059449,3.44457836318097,5.58064029970781,-0.00851985664566931,0.0433437906729682
"TraesCAD_scaffold_030771_01G000100",3.72219211359721,2.30445614352347,5.29643627796009,-0.196176799405018,2.76915650409538
"TraesCAD_scaffold_000702_01G000200",3.71777785671866,2.10771065730113,3.63548039115583,0.126262463342528,0.935179577815729
"TraesCAD_scaffold_077510_01G000100",3.7175044171766,2.81612290266248,7.24487439835212,-0.0439642926922242,-1.45485678975752
"TraesCAD_scaffold_093599_01G000300",3.71725852960246,1.63347054897827,4.08333725071886,0.510581557789643,2.32692690596394
"TraesCAD_scaffold_118142_01G000100",3.71687108073786,1.95665789515108,2.76597057334999,0.468117039444466,2.46103122905869
"TraesCAD_scaffold_026314_01G000100",3.71568280027949,3.10413081131162,8.31994114265772,0.561477333795107,-0.406412430695112
"TraesCAD_scaffold_058164_01G000200",3.71296358793182,2.77712168998801,6.86225196511226,0.180182401385068,2.60144786907756
"TraesCAD_scaffold_012072_01G000100",3.71259520426487,3.63811605796004,7.11098372456798,0.348392941438615,-2.73310560318898
"TraesCAD_scaffold_033200_01G000100",3.71040513347162,2.86993634721932,5.83352457106039,-0.135248494261487,-0.588505283316994
"TraesCAD_scaffold_007549_01G000200",3.71029052659826,3.63362939647907,6.72620896036108,0.259277219158918,-2.23799432026059
"TraesCAD_scaffold_092785_01G000300",3.70972255736105,3.42127319984575,3.91808489715264,0.460722014629145,2.82452130771319
"TraesCAD_scaffold_001592_01G000400",3.70874037241013,2.29267186454043,3.37162105154324,0.0547087160515304,1.40873270493777
"TraesCAD_scaffold_063553_01G000200",3.70856301891296,3.17888561509481,6.65277903364426,-0.260473667098966,0.277647353857075
"TraesCAD_scaffold_004667_01G000500",3.70643244866151,2.81677597929536,5.28078716691257,0.274787043484214,2.91929445082438
"TraesCAD_scaffold_013313_01G000100",3.70507651402454,2.24794894076865,5.24362853231614,0.180888637293081,2.18925990440918
"TraesCAD_scaffold_044330_01G000100",3.70093096431043,1.06888226278238,1.85048916071533,-0.126646592105968,0.984362684687907
"TraesCAD_scaffold_102171_01G000100",3.70085533408224,3.54467180550596,5.83374107585262,-0.941097228160751,0.48521248440381
"TraesCAD_scaffold_007210_01G000100",3.7005578261907,3.37954076959177,2.02823231787996,0.847902948429527,-0.8740735875647
"TraesCAD_scaffold_073199_01G000400",3.69828957644249,3.52551180404007,6.78994095767195,0.252191455708976,-2.63608539706095
"TraesCAD_scaffold_001683_01G000100",3.69623708585431,3.10713016069148,6.3912195244161,0.0722557946042443,-1.32093984069116
"TraesCAD_scaffold_155732_01G000100",3.69571665681089,3.05004000388114,5.68710422059338,0.316060164029409,-0.799324614376125
"TraesCAD_scaffold_003694_01G000100",3.69272086790743,1.63234882942202,1.41556551795079,0.697976360277563,0.481662187434405
"TraesCAD_scaffold_025381_01G000700",3.69228030162912,2.43826317828,2.41006986340107,0.206599845255915,0.601431281316756
"TraesCAD_scaffold_003051_01G000100",3.69220762626108,2.21390708082503,5.71836558544493,0.0332442985406055,0.580447894931693
"TraesCAD_scaffold_153079_01G000200",3.6879685327392,3.42489542628423,6.34197906834226,0.231286423659744,-1.54978343224066
"TraesCAD_scaffold_018690_01G000300",3.68793009951603,1.53678205646101,6.38438147253826,-0.0695600032954059,0.925022234437078
"TraesCAD_scaffold_094579_01G000100",3.68714706536515,3.20900386555045,2.09277392538926,0.738109073418406,0.230255157701452
"TraesCAD_scaffold_016947_01G000100",3.68584721750883,2.46498533048617,4.32071990454941,0.440484124341357,2.8679928123497
"TraesCAD_scaffold_018210_01G000400",3.68499490528447,0.85168390341118,0.618062065372464,0.784981743305362,-0.283530137734213
"TraesCAD_scaffold_029597_01G000100",3.68450081287634,3.35769053927051,6.47461574560615,-0.0839592614222816,-1.85528982211297
"TraesCAD_scaffold_000250_01G001200",3.68365163507331,3.42977103901391,5.99130902154185,0.479656078564705,-2.20429018369516
"TraesCAD_scaffold_067137_01G000100",3.68349712021001,3.40079518301045,3.26778871450879,0.533948817286035,-1.22343246300514
"TraesCAD_scaffold_000091_01G000300",3.68343220478328,3.48410227448328,5.78782519429885,0.0536661938939862,-1.07963448410851
"TraesCAD_scaffold_089360_01G000100",3.68256518781995,0.681724985739923,2.88060139461244,0.0647882371313719,-1.1668372192851
"TraesCAD_scaffold_000355_01G000700",3.68116819395474,3.40886785581058,7.0262092484057,-0.30669273256069,-1.58285882206754
"TraesCAD_scaffold_063672_01G000100",3.68109183087782,3.06196963537052,7.29446650180484,-0.348169625231782,-2.08111306365682
"TraesCAD_scaffold_374997_01G000100",3.68084534881233,2.70761806927113,1.3675899272086,0.83532877095731,-0.344872708062471
"TraesCAD_scaffold_043815_01G000100",3.67984738059432,2.71005981954141,5.79222232759798,-0.287209602208036,1.56734700179163
"TraesCAD_scaffold_034162_01G000100",3.67938551453427,0.176674810336237,4.24236641645255,0.0653598721747331,-0.689094063961394
"TraesCAD_scaffold_033841_01G000200",3.67851561599077,3.59080125127327,4.18306493863563,0.753299775577617,-1.81424619471464
"TraesCAD_scaffold_098738_01G000200",3.67842110154354,3.36061605513373,6.14151674159336,0.394881300422621,-2.36601523995905
"TraesCAD_scaffold_017405_01G000100",3.67762726092248,1.13472740196473,2.392186046054,0.257788357664401,1.69924327778719
"TraesCAD_scaffold_108616_01G000200",3.67729598802429,1.5752407595481,4.07759133699585,0.579830754177092,1.16378429119118
"TraesCAD_scaffold_075297_01G000100",3.67612410800604,3.52547632624412,2.39306832805331,0.852168459174252,-1.20531146440213
"TraesCAD_scaffold_001704_01G000200",3.67568975081901,2.52743044670621,4.06229713701752,-0.225443329889913,2.70660835686825
"TraesCAD_scaffold_013769_01G000200",3.67290617371803,3.36918563743308,6.43250046710949,-0.0830613784993729,-1.39178597410641
"TraesCAD_scaffold_007850_01G000200",3.67123152775339,3.11632449103207,5.81024160302922,-0.126982009211619,-0.667205774758007
"TraesCAD_scaffold_051536_01G000100",3.67090157824586,1.12232878117097,0.605050506548539,0.646560924692329,0.431773688495518
"TraesCAD_scaffold_012311_01G000700",3.66851356820624,3.56611769230867,6.93099528238818,0.449584065199133,-2.32370859580115
"TraesCAD_scaffold_016407_01G000300",3.66844621970314,2.64188510987458,4.52315193282896,-0.415238179703192,1.43233309266009
"TraesCAD_scaffold_038886_01G000100",3.6678038763822,2.31378532508643,4.37468098857381,-0.638346709014034,0.77145047722988
"TraesCAD_scaffold_021917_01G000100",3.66721094713127,2.22388722135252,3.65266319268465,0.0109516040459146,0.573718790150703
"TraesCAD_scaffold_028669_01G000100",3.66590126413915,1.37426993774056,2.87115871038769,0.470324091577147,3.67222113700782
"TraesCAD_scaffold_071907_01G000300",3.66577923438129,3.11245214950065,5.5343956672987,0.279804257914641,0.757177466482551
"TraesCAD_scaffold_025578_01G000200",3.66283813288269,3.1801750060716,7.88526867388766,0.110656170223434,-1.08852646908908
"TraesCAD_scaffold_071204_01G000100",3.66259627325437,1.7024217268283,0.768543472428839,0.465610640258882,0.567581136215948
"TraesCAD_scaffold_066905_01G000200",3.66123423809445,2.61634919221268,2.37326642840559,0.0202446496572813,0.851146016190019
"TraesCAD_scaffold_035851_01G000100",3.6589275304768,3.21541116802445,6.1281230554642,-0.0863683468715706,-1.41804442918685
"TraesCAD_scaffold_033253_01G000100",3.65877133364012,2.72215777429199,1.31218182044494,0.789788806150926,1.46850619351826
"TraesCAD_scaffold_049633_01G000300",3.65605974212322,1.13742245654802,1.69511773884019,0.0693586070836276,0.807242897867452
"TraesCAD_scaffold_046224_01G000100",3.65590163979944,1.56832967265616,0.590458682927178,0.783150701619993,0.979806654217707
"TraesCAD_scaffold_018883_01G000500",3.65149027883547,3.31473892203889,3.99143117707506,0.126950198558882,-0.461841334219861
"TraesCAD_scaffold_100665_01G000300",3.65052244037513,1.42018291895172,1.67110929897727,0.709476900941953,2.89828015213662
"TraesCAD_scaffold_009577_01G000100",3.65047907304689,3.50351724210869,5.77908469435903,0.505449466375547,-1.33186176923853
"TraesCAD_scaffold_008954_01G000100",3.649255407908,2.92971254229638,1.51835588841279,0.715959031923337,1.09495213329304
"TraesCAD_scaffold_026175_01G000300",3.64839417544801,2.33139067772319,6.46781520317972,-0.203992104996345,0.985108027659134
"TraesCAD_scaffold_033323_01G000100",3.64662840737534,3.56622230151119,6.25457140829171,0.590078409177236,-3.21756436540581
"TraesCAD_scaffold_009095_01G000100",3.6462070983836,2.51677000918201,6.68861892966493,-0.0933866604770718,0.272279236096015
"TraesCAD_scaffold_070993_01G000300",3.64586573021273,1.58751418401681,2.52067658114364,0.368169521145275,2.73057795769875
"TraesCAD_scaffold_089544_01G000100",3.64582002027203,2.71097297860881,5.49891426018531,-0.396552814624755,0.862614617895332
"TraesCAD_scaffold_061055_01G000100",3.64522667765889,3.43656245039101,4.45904307086531,-0.172729563485378,0.117819028714155
"TraesCAD_scaffold_001941_01G000400",3.64503402624617,2.41552410188189,5.26175923476186,-0.502056526495088,0.421676080441825
"TraesCAD_scaffold_140121_01G000100",3.64432514302819,3.24990201942867,6.04060553357064,0.0645624114158368,-1.02784405538183
"TraesCAD_scaffold_003046_01G000100",3.64218870774968,2.45867765625128,4.45272647929025,0.732848772178683,1.35129749346853
"TraesCAD_scaffold_047447_01G000200",3.64180660488043,0.693709871385076,3.38513363044648,0.110519473006039,2.13518478907475
"TraesCAD_scaffold_006924_01G000500",3.64116922863469,0.923689984080521,0.841630124939911,0.528428426809795,0.624184033337525
"TraesCAD_scaffold_056257_01G000800",3.63784552372152,1.82150391232929,2.8263407748448,0.802810538327435,1.16225582475907
"TraesCAD_scaffold_009123_01G000100",3.63660900873232,0.697150427422599,2.76844227571259,0.192099609562839,3.27639646255612
"TraesCAD_scaffold_003635_01G000400",3.6343159274881,0.878066900671318,2.72731298925103,0.483824708182678,1.40336147389596
"TraesCAD_scaffold_103796_01G000100",3.63325569166764,3.33697486559837,4.56261652483817,-0.091620354761266,3.03206433642816
"TraesCAD_scaffold_009805_01G000200",3.6329010993421,2.65244390396095,6.90512836424571,-0.0875337068994421,-0.433989494942663
"TraesCAD_scaffold_067015_01G000200",3.63183195615722,1.70471196434329,2.99707814124078,-0.254801981497911,1.93726617185178
"TraesCAD_scaffold_043779_01G000200",3.63175999534793,3.08757056042064,5.72449472437292,-0.115684158124297,-1.05133043457844
"TraesCAD_scaffold_016422_01G000100",3.63143944116665,2.19053881044323,1.37179058910219,-0.142861074531259,2.60328918650423
"TraesCAD_scaffold_080146_01G000100",3.63122626761158,3.06503209408025,5.58126009683187,0.347658282489137,-1.0472370044324
"TraesCAD_scaffold_024916_01G000200",3.63083515364802,2.96256146752149,6.29087076982902,-0.149396205986974,-1.3072534841478
"TraesCAD_scaffold_031455_01G000100",3.63021160905408,3.32998286301686,6.61989865556943,0.0226849031038192,-1.90816635034705
"TraesCAD_scaffold_064095_01G000300",3.62853251000432,2.48887538438377,1.38493260565738,0.737443634973264,1.24694850468755
"TraesCAD_scaffold_002176_01G000400",3.62811738148449,2.09695273079871,1.12563463275382,0.447765978442826,1.03375374197291
"TraesCAD_scaffold_087202_01G000200",3.62300927220547,1.47058690077211,5.63813315951422,-0.306161486047164,-2.49417638240942
"TraesCAD_scaffold_057634_01G000100",3.62262407723335,3.49932298893341,6.60247838050967,0.46319048780454,-2.23610300130985
"TraesCAD_scaffold_006774_01G000700",3.62221764501396,3.58369833959727,7.53313115628881,0.0603689325005499,-3.13409351923167
"TraesCAD_scaffold_034403_01G000100",3.62184900219882,3.5733052565545,6.61406046101285,0.451684876399197,-1.94238610614419
"TraesCAD_scaffold_132447_01G000200",3.6217374785185,3.45186841822504,7.28070544644014,-0.537081728284504,-2.48354216858448
"TraesCAD_scaffold_020744_01G000200",3.62090843580036,3.46518962145117,6.74352821028549,-0.00747933762990456,-1.60679273370667
"TraesCAD_scaffold_001422_01G000100",3.62049061989312,3.54376768949736,7.15815267907709,-0.0217643904168785,-3.13794315963097
"TraesCAD_scaffold_079313_01G000100",3.62018859446792,2.95114454259768,8.4492060372259,0.386277558410461,-0.0611101818790596
"TraesCAD_scaffold_012019_01G000200",3.61917014727429,3.28219190047399,5.81930525045811,0.597044819411943,-2.0098988941431
"TraesCAD_scaffold_088547_01G000200",3.61902582444112,3.40987194793861,6.5560950191739,0.400013706810519,-2.21165456606302
"TraesCAD_scaffold_097265_01G000300",3.61418216901926,2.88786103754769,7.10528978789933,-0.020864304348304,0.148717802447461
"TraesCAD_scaffold_120554_01G000100",3.61120118758175,3.0328418300854,6.30721436928334,-0.0829174124239887,-1.10713124407739
"TraesCAD_scaffold_123656_01G000200",3.60970470497482,1.46989409434336,3.61407906560039,0.400314784764432,1.49699915898737
"TraesCAD_scaffold_132648_01G000100",3.60913018009287,2.84507945946741,3.12876160432926,0.67911523991029,1.89010785136634
"TraesCAD_scaffold_461837_01G000100",3.60784305326414,2.80006130099954,7.18028240684775,-0.627278800323536,-0.800984716463464
"TraesCAD_scaffold_048561_01G000100",3.60701270194512,3.10481845768782,4.13609205443464,0.800641217000441,2.14127769111902
"TraesCAD_scaffold_069577_01G000100",3.60679579357825,2.42062123722275,1.99284673786152,0.473644537831192,1.35758653996511
"TraesCAD_scaffold_098106_01G000200",3.60638156715043,2.61277495879246,6.91430976868471,-0.111416334132017,-0.814462491233773
"TraesCAD_scaffold_080683_01G000200",3.60630324317522,2.21040252299436,4.30681827302975,0.264599464604756,1.36870671419538
"TraesCAD_scaffold_092010_01G000100",3.60582463446319,3.49943220753242,3.17061327751596,0.765613879189004,-0.941204405871722
"TraesCAD_scaffold_057884_01G000100",3.60555557006143,3.16204508813963,4.83563125059706,-0.361764655002804,-0.802039626876915
"TraesCAD_scaffold_093814_01G000200",3.60513184464078,2.99748787404123,6.99167886357364,0.340711359322272,1.29054686267158
"TraesCAD_scaffold_053561_01G000200",3.60500762007445,3.15134939487605,7.55776981420232,-0.679709450123413,1.51894899287407
"TraesCAD_scaffold_047632_01G000200",3.60476228369884,3.42593761546899,6.87389820369403,0.124133558352785,-2.22173326219781
"TraesCAD_scaffold_055851_01G000200",3.60405977530083,3.50197722798811,6.08493185087008,0.45505878796766,-1.91967596585433
"TraesCAD_scaffold_160902_01G000100",3.60235427558763,2.82415429542471,5.09635362601778,-0.370682972830677,3.23332837187493
"TraesCAD_scaffold_107132_01G000200",3.60132534901046,3.2847254443494,3.71925908498294,0.0477591456886124,-0.829379655452802
"TraesCAD_scaffold_038598_01G000200",3.60004512631904,3.4109867606075,2.71394070365335,0.441772606524766,0.0951216502172444
"TraesCAD_scaffold_009552_01G000200",3.59835416982429,2.56506419927089,3.74449367475864,0.122515811339376,-0.040711813051931
"TraesCAD_scaffold_113217_01G000100",3.59655513975221,3.3332973747178,5.35433951465231,0.520352233725563,-1.64631790225345
"TraesCAD_scaffold_038208_01G000200",3.59390601863291,2.03298778733117,2.22374877931819,0.282674294132776,-0.326518363397288
"TraesCAD_scaffold_006725_01G001200",3.59217552246833,3.17914068837528,3.83657839598875,-0.30215641667301,0.537044277536932
"TraesCAD_scaffold_077847_01G000100",3.59064491978891,3.48882424767372,4.81401864270046,-0.097816575936417,0.337411928948534
"TraesCAD_scaffold_142807_01G000200",3.59058248572126,3.50356592858891,5.50854822064037,0.121694485514703,-1.15846297265815
"TraesCAD_scaffold_075659_01G000200",3.58900367657496,0.223239257266179,1.59256028392099,0.287967010024713,1.54551097920929
"TraesCAD_scaffold_139534_01G000100",3.58882308273284,2.74633868115278,3.50525278993639,0.582342707588727,1.86012039420572
"TraesCAD_scaffold_108469_01G000100",3.58861373640791,3.33794224400401,2.80549884751407,0.377013283520441,-0.258662816572896
"TraesCAD_scaffold_036549_01G000400",3.58811010277148,2.97511887048488,5.02407377248954,0.819018540599995,-1.95772275850506
"TraesCAD_scaffold_088436_01G000100",3.58784658337501,2.59963843394465,7.65837648361953,-0.725104631394382,-0.515032717869008
"TraesCAD_scaffold_054972_01G000100",3.58519332442927,3.49649350683959,2.40061812442232,0.406098821313476,3.39538586615146
"TraesCAD_scaffold_103051_01G000100",3.58223503213035,3.33206749064919,4.63991882922948,0.273892895297531,-1.41301013371729
"TraesCAD_scaffold_021666_01G000200",3.58179159463526,1.03464911073926,2.57885341116118,0.315267605811807,2.36162800721348
"TraesCAD_scaffold_094743_01G000100",3.58174688765557,0.88071532740629,0.998607208581111,0.203200164176057,1.02113059073017
"TraesCAD_scaffold_024572_01G000500",3.58123691307536,3.11457625705926,5.91611004479986,0.401101229214546,-1.18733671956789
"TraesCAD_scaffold_001021_01G000100",3.58114567863442,3.24176752763376,3.60764970702903,-0.784811458134799,3.63941130499846
"TraesCAD_scaffold_070409_01G000300",3.58092519222299,2.96376705549541,4.67403444710595,0.151515264844168,-0.745282377926249
"TraesCAD_scaffold_011767_01G000300",3.58080402012383,2.28248457506137,4.50993909999716,0.0343050801010571,1.02419437131229
"TraesCAD_scaffold_022587_01G000200",3.58060434145758,0.139500526137157,1.2770054582851,0.299857992397209,1.41113657858862
"TraesCAD_scaffold_064296_01G000300",3.58036294451443,3.36530731347282,6.61987011648604,0.205976812619259,-2.84904351550675
"TraesCAD_scaffold_038367_01G000300",3.57807613845373,2.60625174666039,5.9599124066834,-0.0590129277684289,-1.99514908328595
"TraesCAD_scaffold_142792_01G000200",3.57580707875647,3.50005492354486,7.78204786108956,-0.0207797622871494,-2.98371882391737
"TraesCAD_scaffold_034388_01G000100",3.57542666651376,1.32533668074241,1.54967166924384,0.112761830106813,1.71921060190735
"TraesCAD_scaffold_103051_01G000200",3.57312178595323,2.80028202389621,4.93944101280437,0.0867566664570646,-0.396379925952508
"TraesCAD_scaffold_054974_01G000200",3.57309600640918,0.538252027948736,0.677501356807305,0.876546533440204,-0.0371646692010578
"TraesCAD_scaffold_079852_01G000100",3.57205129756413,3.01556082243352,7.20388972661425,0.375971101625968,-0.0595639130157553
"TraesCAD_scaffold_079260_01G000200",3.57188382201331,3.45881281842728,7.73630377999733,0.347515260475432,-2.06804725505482
"TraesCAD_scaffold_095525_01G000100",3.57049795975296,3.05837927898075,4.94811662976747,0.826539178002372,-1.3688826287089
"TraesCAD_scaffold_029641_01G000200",3.56905130918985,3.18559848973395,5.27379775743921,0.440186290494528,-0.871564598307277
"TraesCAD_scaffold_059186_01G000100",3.56897776359083,3.20404192809005,0.963143960239861,0.939411414605819,-0.520530861606008
"TraesCAD_scaffold_033262_01G000100",3.56637445973634,2.95453740183672,2.93419963721787,0.371397938730616,0.128105936079069
"TraesCAD_scaffold_094610_01G000100",3.56627916352292,3.00333824760163,6.99366539881431,0.220546082237826,-2.11950180115315
"TraesCAD_scaffold_126221_01G000100",3.56572271007026,2.95995421597147,5.15838156097622,-0.279633266810912,1.11676917941169
"TraesCAD_scaffold_003054_01G000400",3.56568409190505,1.17660229844151,0.192030853469108,0.909303453497445,-0.03121204250462
"TraesCAD_scaffold_024516_01G000100",3.56523574901697,2.51556680331094,5.17010968822526,-0.855246984493221,-0.0572399908376756
"TraesCAD_scaffold_041610_01G000300",3.56059338040997,3.12869667310524,5.35148857045244,0.402821701756404,-1.14658958712995
"TraesCAD_scaffold_070869_01G000100",3.56018212041621,2.54933603560808,3.65647181569414,-0.0104069062930204,3.01187859375712
"TraesCAD_scaffold_013691_01G000100",3.5600274591012,3.38980267485854,6.48030944421865,0.353073019812369,-2.1957799643652
"TraesCAD_scaffold_044461_01G000200",3.55830010397602,3.06341473122728,6.64904739942216,0.233058705799386,-0.512570587488675
"TraesCAD_scaffold_099255_01G000100",3.55757933551095,2.93068643262968,4.04306911927647,0.245659892468901,0.192404836422662
"TraesCAD_scaffold_021390_01G000100",3.55596679225407,1.17506075052596,1.87376196945829,0.344213614757234,1.84991138426696
"TraesCAD_scaffold_079419_01G000100",3.5544354231083,3.374085213978,5.68520429568538,0.6126881405947,-1.9278479122179
"TraesCAD_scaffold_019880_01G000100",3.55233953428634,1.91080194386631,8.25172798858816,0.309240656887445,1.25579730588007
"TraesCAD_scaffold_129107_01G000100",3.55034439143248,0.809202642879334,2.34828430998846,0.379523585435529,1.16989439380149
"TraesCAD_scaffold_028247_01G000100",3.55027846281677,3.12715098283505,6.54870322261007,0.135491199175892,-1.42801885909436
"TraesCAD_scaffold_069828_01G000100",3.54974130887929,3.19175760006549,5.78576723495252,0.344171595304398,-1.37343175581002
"TraesCAD_scaffold_111547_01G000200",3.54601657080006,2.52879408826735,2.61027381128532,0.625402926978021,-0.432865928312749
"TraesCAD_scaffold_113921_01G000100",3.54540420258311,3.16435468112117,7.33259372145887,-0.29809564616755,-1.03323219778294
"TraesCAD_scaffold_019287_01G000600",3.54513943580493,2.16774193345615,1.68122986887263,-0.218363826852292,2.29059111536775
"TraesCAD_scaffold_015968_01G000700",3.54340919456721,2.76098675294719,5.98777084735806,-0.348246583355754,-1.79050644509381
"TraesCAD_scaffold_022005_01G000100",3.54301276811883,3.14251839321166,4.1978510469088,0.75960742296332,-2.14193034088636
"TraesCAD_scaffold_025493_01G000200",3.54245413473947,3.01150922968785,0.667596497498072,0.822066482744054,-0.0807861385101282
"TraesCAD_scaffold_017172_01G000100",3.54236363649943,2.8227762352143,6.46511428738939,0.187379793690057,1.87593953515614
"TraesCAD_scaffold_114516_01G000200",3.54219470452813,3.18412548478728,6.74162779102025,0.243405718477606,-1.34088795182355
"TraesCAD_scaffold_077688_01G000200",3.54123253504808,2.11333916994541,4.13023812974871,0.113318912199001,1.78334995468132
"TraesCAD_scaffold_092323_01G000100",3.54000025436407,2.31026336709184,3.03831946646017,-0.141578289767534,0.742730643225091
"TraesCAD_scaffold_082195_01G000100",3.53843361736684,2.27707377020765,5.40413954685816,-0.438209614918737,0.087937306121661
"TraesCAD_scaffold_062535_01G000200",3.53695220134329,3.26886549217858,7.21780424296845,-0.491165770401945,-0.480475439170609
"TraesCAD_scaffold_034487_01G000300",3.53631513626231,3.34202637301372,6.90062619329644,0.408434172125951,-2.86213183557544
"TraesCAD_scaffold_059799_01G000100",3.53555902498496,2.61956939622772,1.34990547816491,0.762564331101581,-0.588506114624076
"TraesCAD_scaffold_042821_01G000200",3.53532578768474,2.64913552372602,2.2309103397638,0.468347910172486,-0.287615492434048
"TraesCAD_scaffold_063621_01G000200",3.53437678741964,3.19821655580332,5.44326559235424,0.479772782011074,-1.42731001801002
"TraesCAD_scaffold_118629_01G000100",3.53406355505359,3.3882213548094,5.95618821027416,-0.373634910279169,0.518489071669286
"TraesCAD_scaffold_028261_01G000200",3.53047407552829,1.76048975913514,6.8011168208725,-0.294810239324793,-1.12437170294177
"TraesCAD_scaffold_009403_01G000200",3.52845766100478,2.82014386164379,4.8132559806774,0.664428959142635,2.51326587185917
"TraesCAD_scaffold_019382_01G000600",3.52806055703588,3.40809039126268,5.63718936616728,0.605284648572835,-1.28830641500977
"TraesCAD_scaffold_055692_01G000200",3.52670699249172,3.22405369768058,5.98420391755157,0.367893716944929,-1.77459186371755
"TraesCAD_scaffold_050586_01G000200",3.52635834851051,2.29725934848399,5.22761915271639,0.511836582386202,1.62214243042759
"TraesCAD_scaffold_044306_01G000200",3.52301270202483,1.16224046508824,3.89342537164861,-0.191957448622771,1.41159736134507
"TraesCAD_scaffold_061673_01G000100",3.52025456997928,3.37510733209166,5.23732765445946,-0.0229825012967871,2.28674190197269
"TraesCAD_scaffold_019155_01G000300",3.51958003329786,2.89103349162493,4.51780980784525,-0.0765817722319148,-2.7572861319476
"TraesCAD_scaffold_039719_01G000100",3.51479577584224,3.27555515985519,6.50169979148905,0.124907019975941,-2.28812018495182
"TraesCAD_scaffold_005906_01G000600",3.51438605724566,2.47201740544259,3.83968684715218,0.075582079843794,0.750400229189709
"TraesCAD_scaffold_051464_01G000200",3.51277157096357,3.08270539505502,5.79906138581383,0.311544495492659,-1.57611969854675
"TraesCAD_scaffold_098846_01G000100",3.51128779256093,2.15088122880922,5.72754462844282,-0.554442950863768,-0.289343874837345
"TraesCAD_scaffold_103695_01G000100",3.51076873568267,3.1242161181474,4.59171836890578,-0.322892406660869,0.667881996028244
"TraesCAD_scaffold_093500_01G000400",3.51010704482678,1.93736335983397,5.93875316759907,0.0878279394321402,1.09591545598351
"TraesCAD_scaffold_029475_01G000800",3.50936795022192,0.773337226552576,3.7642870050661,0.192852865639649,2.05050295452409
"TraesCAD_scaffold_000277_01G000100",3.50351390506597,0.623588944070049,4.3737104709422,0.162512589260079,-0.428243960610497
"TraesCAD_scaffold_006297_01G000600",3.50211628358991,3.3343845110627,4.3890331977561,-0.45553662267174,-0.800477676260711
"TraesCAD_scaffold_016122_01G000100",3.50183764597735,3.29565739505448,5.12610817231788,0.631169197474419,-1.78412862604026
"TraesCAD_scaffold_005149_01G000200",3.49942000083005,3.34749051910036,7.23807179514507,0.434776043647685,-3.34241995604226
"TraesCAD_scaffold_110371_01G000100",3.49601005581464,3.05625322517161,7.10676216289069,-0.573293539601355,-1.67875188101118
"TraesCAD_scaffold_053873_01G000100",3.49517458452215,2.22829571707796,0.448858439069724,0.92404644132351,0.373956481301262
"TraesCAD_scaffold_004332_01G000400",3.49458581256091,3.39280636287292,7.43364429228003,0.222745564422802,-3.01858083987063
"TraesCAD_scaffold_003855_01G000100",3.49388442292593,3.06182917370556,5.71921607554283,0.357211389582166,-1.76478242932686
"TraesCAD_scaffold_040909_01G000100",3.49353724790205,2.48953513032924,3.97653205574021,0.0452356592946781,1.80858754153038
"TraesCAD_scaffold_128283_01G000200",3.49348011466102,3.1524355561701,7.02562923316907,-0.608627392815488,-0.0388906177623458
"TraesCAD_scaffold_011546_01G000100",3.49032756546993,2.92271462433725,6.88105077450002,-0.199177024125814,1.62733061785073
"TraesCAD_scaffold_030677_01G000100",3.49018281943496,1.65409939439193,2.70371392555654,0.402162359846546,2.4632831518943
"TraesCAD_scaffold_033196_01G000300",3.48873018286252,3.32666527340873,6.82296122976478,0.585532035036687,-2.36573324952478
"TraesCAD_scaffold_012103_01G000100",3.48872533847738,3.42697357483126,3.60193127028455,0.0597604258553584,0.672972536546025
"TraesCAD_scaffold_019419_01G000300",3.48848619424922,2.9606376156974,7.18555575513348,0.203379898347788,-1.32548903129622
"TraesCAD_scaffold_023933_01G000100",3.48774811995124,1.88732098321133,4.60135333747929,0.415030846723321,1.08021748483739
"TraesCAD_scaffold_006479_01G000100",3.4874594338953,1.37069090463586,4.30915251611625,0.535533967822119,-1.72884124844166
"TraesCAD_scaffold_058611_01G000200",3.48599292248747,2.98815044406828,4.28568723524295,0.264418204364932,-0.616527827990189
"TraesCAD_scaffold_125428_01G000100",3.48594934158012,1.37880565001693,1.561770472722,0.263709106197904,1.33420820213586
"TraesCAD_scaffold_031705_01G000100",3.48534233925636,3.02012552957652,8.33532383368298,0.127644864532161,-0.257952489491781
"TraesCAD_scaffold_023006_01G000100",3.48342356393918,2.64094643556155,4.64579648525382,-0.708001178292542,2.04934661275698
"TraesCAD_scaffold_047450_01G000700",3.48338667022896,3.37869814230787,4.86575165686414,-0.234094114570961,-0.941634971093865
"TraesCAD_scaffold_091158_01G000100",3.48105716522746,2.75689655974142,6.83683997892883,-0.585001583970952,-1.8786584216006
"TraesCAD_scaffold_047752_01G000100",3.48001872867005,3.36349305565038,4.94343988864543,0.324349163828531,-1.42286540801339
"TraesCAD_scaffold_113972_01G000300",3.47914595618644,2.84325266773835,6.18369273946008,-0.477184242357002,1.98577299167942
"TraesCAD_scaffold_103406_01G000100",3.47791710912211,3.23729006637801,3.39468526434745,0.500543844118277,-1.00594469283927
"TraesCAD_scaffold_087965_01G000100",3.4769834938628,2.20909100271593,4.98519471946025,-0.213123185442015,0.835158315154178
"TraesCAD_scaffold_077228_01G000100",3.47617533371631,2.88603671414369,4.10807741102547,0.438004446274099,-0.400826935944699
"TraesCAD_scaffold_030107_01G000100",3.47508955796667,3.24019635410188,5.78787924051304,0.317726258724164,-1.49167069387653
"TraesCAD_scaffold_014509_01G000100",3.4747420285049,2.89350834522104,5.82911025844171,-0.00684201304710678,-1.42075468097664
"TraesCAD_scaffold_013881_01G000200",3.47423662969647,2.39725180500448,3.85595038918687,-0.0934320635257258,1.22908327251761
"TraesCAD_scaffold_021066_01G000100",3.47175203836632,2.12087155479482,3.70520551826555,0.0303150736064091,2.24069377451862
"TraesCAD_scaffold_062839_01G000100",3.47136540571835,2.87665911117768,0.616437236639008,0.866139569162176,-0.304142673514848
"TraesCAD_scaffold_057059_01G000100",3.46997677925793,1.0251833546604,5.02983249358748,-0.827806013491767,1.21307301798064
"TraesCAD_scaffold_077308_01G000400",3.46987506148301,3.21917470651562,1.75724625299638,0.785363438631242,-0.716982863479906
"TraesCAD_scaffold_085289_01G000200",3.46897428347917,3.08120235285943,7.72380786874069,-0.272909240187602,0.944877929663336
"TraesCAD_scaffold_091081_01G000100",3.46892212121879,2.83637826939405,6.08113681302923,0.149052114367802,-1.46854275179517
"TraesCAD_scaffold_061818_01G000100",3.46737142819031,3.02620546744167,3.92926957594891,0.780223110187643,-1.81427716882938
"TraesCAD_scaffold_028899_01G000100",3.46700018056482,3.17910919952414,5.77337820331896,0.509257053638592,-1.47020687094511
"TraesCAD_scaffold_038120_01G000100",3.46697599320891,3.12932115804333,3.82561815306663,0.471965492742795,-1.20309354680025
"TraesCAD_scaffold_003263_01G000400",3.46609315163629,1.25720873405431,1.48195049827063,-0.00677495888456346,1.75669113643233
"TraesCAD_scaffold_010548_01G000300",3.46592576342906,2.08965190147667,0.648159830421566,0.819503166018584,-0.00723134972787073
"TraesCAD_scaffold_071648_01G000400",3.46572618275987,3.18536562021612,6.25887662206042,-0.116852121692788,-0.937968902281387
"TraesCAD_scaffold_025966_01G000100",3.46510737568579,0.980346146608432,0.506765992283264,0.708858567338028,0.229462880482951
"TraesCAD_scaffold_125499_01G000300",3.46508018918333,3.10484159157928,5.11290520731044,0.302379255561326,-1.63900931582155
"TraesCAD_scaffold_100666_01G000100",3.46489838935026,0.89030443760397,3.52701440219045,0.224213506707063,0.653959196507196
"TraesCAD_scaffold_113516_01G000100",3.46347468591037,2.53008146477347,5.82049951301718,0.528059411786372,3.46450150228632
"TraesCAD_scaffold_086446_01G000400",3.46239365827666,3.1763252927746,3.16736695898543,0.640385850429765,-3.56548395585993
"TraesCAD_scaffold_081304_01G000100",3.46171172643722,2.45946791538137,3.2794064314911,0.0078381487757356,2.2182247479101
"TraesCAD_scaffold_038629_01G000100",3.45925668498837,2.61456858917548,3.82727614945711,0.0933893748407611,-0.0636246265477921
"TraesCAD_scaffold_019864_01G000400",3.45784891574733,3.33530383539351,8.17205060503402,-0.269288618937131,-1.94063968333252
"TraesCAD_scaffold_073280_01G000200",3.45648134106563,0.534281212914293,1.95513348934661,-0.230180701169948,2.09305722100803
"TraesCAD_scaffold_001468_01G000300",3.45552677677923,1.83637411472603,1.40320700619073,0.778102244480632,-0.160419396052892
"TraesCAD_scaffold_010863_01G000200",3.45542723133847,2.71750944517211,5.33225632361881,0.356471641725016,-1.99221267089128
"TraesCAD_scaffold_073138_01G000100",3.45450423187163,0.325345633309711,0.639084546316495,0.457158933166442,1.26502395108619
"TraesCAD_scaffold_011907_01G000100",3.45446974326613,3.27637124238147,6.27350126049841,0.107497668540348,-2.27269674610495
"TraesCAD_scaffold_028695_01G000200",3.45372181005483,2.91432231765836,5.0610339725805,0.441055792813068,-2.67193089268235
"TraesCAD_scaffold_097234_01G000100",3.45366275160322,2.37209356329657,2.6683846483008,0.268031094632721,0.487358504777728
"TraesCAD_scaffold_112076_01G000200",3.45363327844947,1.13930198492973,0.85594975134649,0.517623924737883,0.304246853987074
"TraesCAD_scaffold_002615_01G000500",3.45266393818109,2.69004080294249,3.84754161910235,0.399525550706982,-1.08519987988981
"TraesCAD_scaffold_120469_01G000200",3.44866343417307,3.16113902896344,3.18868040066085,0.525596360558498,-1.44488629524879
"TraesCAD_scaffold_088922_01G000100",3.44849572649815,1.39164660503224,0.200449823218083,0.940708697849198,0.290591812127066
"TraesCAD_scaffold_100158_01G000300",3.44826272413934,3.07747003045403,5.48418217073028,0.56581909942348,-1.10506668335327
"TraesCAD_scaffold_033689_01G000100",3.44779385243619,3.14979722560472,6.63860506486669,-0.23156444183268,-0.824942729248084
"TraesCAD_scaffold_094174_01G000200",3.44681774590568,2.95129879969303,8.47291562980424,-0.0336449888504434,-0.742865524492606
"TraesCAD_scaffold_050469_01G000300",3.4459343501231,2.49092383199991,6.61298945456295,0.315644086462392,2.69827027896232
"TraesCAD_scaffold_002823_01G000400",3.44572017413947,1.73174402043261,5.73072936643761,-0.583995926359987,0.893757743864646
"TraesCAD_scaffold_036473_01G000100",3.44568724241662,3.19649383254177,3.9774697935032,0.467371863203503,-0.663230115878006
"TraesCAD_scaffold_012171_01G000400",3.44434207390677,2.6626162255552,5.36548526580352,0.225319897821561,-0.648147481793856
"TraesCAD_scaffold_002095_01G000100",3.44363637153644,1.59657617079049,4.23494340557161,-0.145611863038553,1.33367034462442
"TraesCAD_scaffold_059927_01G000200",3.44294456152153,1.73606025162638,3.06019899184602,0.364931760795027,1.83094924411172
"TraesCAD_scaffold_007152_01G000100",3.44051904217855,2.30793469199879,0.946352939056969,0.729103257988872,-0.0436771417652456
"TraesCAD_scaffold_003232_01G000300",3.44002147347956,2.94185414196018,5.49412461940774,0.663265142075977,-1.95194008501875
"TraesCAD_scaffold_024492_01G000100",3.43992050638216,3.26239580133461,7.00844100291051,0.14665252548998,-2.78265774648727
"TraesCAD_scaffold_083927_01G000100",3.43956073145292,3.34469215576073,6.46977210446953,0.144529027938207,-3.10528045823953
"TraesCAD_scaffold_039842_01G000100",3.43841299855637,3.29284045549448,7.26581970412892,-0.871816816233418,-1.24769309996987
"TraesCAD_scaffold_018010_01G000300",3.43663610672045,0.975571874867106,0.485808809398788,0.865159378498201,-0.0397077319145647
"TraesCAD_scaffold_042762_01G000100",3.43585873211815,3.35907155197535,6.50438217586692,0.62004096367468,-2.41795715458013
"TraesCAD_scaffold_028329_01G000200",3.43422407988384,3.17955642517158,6.76724653624235,-0.162379644490913,-2.07631371276482
"TraesCAD_scaffold_034809_01G000400",3.43243620960825,3.36809999312056,6.23397093363052,0.614866604722791,-2.01912938343919
"TraesCAD_scaffold_079376_01G000100",3.43218697782744,3.12723428384626,7.21029777036683,0.104919786780644,-1.35071379253351
"TraesCAD_scaffold_066197_01G000100",3.43054942711899,1.38371215367514,3.88323085490214,0.138926200374298,0.123952721628328
"TraesCAD_scaffold_098700_01G000200",3.42986352381091,3.42426380234062,6.28151526573033,-0.35759957004711,-1.55639468671314
"TraesCAD_scaffold_033392_01G000100",3.42903132074622,3.2991894288443,7.09693636956518,-0.264521700505175,1.12959940634335
"TraesCAD_scaffold_003092_01G000300",3.42885583330685,3.16354150142696,6.70818828179683,0.11738933156226,-1.50940416785594
"TraesCAD_scaffold_003176_01G000200",3.4288013952874,2.75970206842843,6.38585203618073,0.523595539280883,0.524234206894908
"TraesCAD_scaffold_048729_01G000100",3.42641973899544,1.22659606938343,2.83696063872312,0.442267804760353,0.367813016178689
"TraesCAD_scaffold_063814_01G000100",3.42594248084695,3.13626296573942,6.11660219619585,-0.19521138610044,0.848751659661099
"TraesCAD_scaffold_024959_01G000400",3.42501772225439,3.34866580950869,4.825120236783,0.881460966650374,-2.86763678685441
"TraesCAD_scaffold_009704_01G000500",3.42488767236205,3.01805787055645,5.66645743693415,0.377965878486362,-1.70382175833851
"TraesCAD_scaffold_101131_01G000100",3.42381692472046,0.947165205076773,2.38854106127072,0.167824384255737,2.81354579999909
"TraesCAD_scaffold_011701_01G000200",3.4236659188676,2.7248939197115,3.04843976339497,0.511527329042785,0.0748777867260903
"TraesCAD_scaffold_020246_01G000600",3.42089357340355,3.25026716201783,7.0782792361394,-0.123134921145558,-1.74170585327755
"TraesCAD_scaffold_048508_01G000400",3.41945708733924,2.80868941473666,8.5513218064992,0.0581657844007429,-0.65547108266425
"TraesCAD_scaffold_007218_01G000200",3.41896252935153,3.31632562019045,5.78487045081414,0.288841580575689,-2.28167796402226
"TraesCAD_scaffold_051392_01G000500",3.4186333497514,3.00179588364808,6.16795271375745,-0.0159280578277844,-1.11636516118614
"TraesCAD_scaffold_071389_01G000100",3.41862956854049,2.07837652618208,4.42554476122895,0.405801837570969,0.362335649464122
"TraesCAD_scaffold_145775_01G000100",3.41746264439247,3.29866451889524,4.07694051702242,-0.444229290319252,-1.43998447077744
"TraesCAD_scaffold_016685_01G000300",3.41734800133983,3.21716285766631,4.21332427241688,0.32926985464762,-1.07351372010591
"TraesCAD_scaffold_014239_01G000100",3.41672724206037,3.39169502242572,7.56160838005038,-0.0501327674724898,-3.22793940616185
"TraesCAD_scaffold_009287_01G000100",3.41656648408005,3.14867774248565,4.56716990758929,-0.195087372294541,-0.583194808365195
"TraesCAD_scaffold_077669_01G000300",3.41567303048981,3.31319851315222,6.12065523571173,0.640648928435979,-1.87188475154378
"TraesCAD_scaffold_000832_01G000100",3.41519194681404,0.698019610458064,0.277317779030839,0.335722192757004,1.47610433463946
"TraesCAD_scaffold_031506_01G000300",3.41384840185494,3.12161201651181,5.65360166341361,0.355184074163944,-1.60279274146876
"TraesCAD_scaffold_068184_01G000100",3.41269906074708,3.36070877602107,6.83069868779917,0.459539763923897,-2.22238810909824
"TraesCAD_scaffold_049658_01G000300",3.41212821441132,2.03898847478825,5.23176203773609,0.0319718822734025,1.54792900894637
"TraesCAD_scaffold_081756_01G000100",3.40823813746967,2.31600120313389,4.08730821549226,-0.953110175824107,-0.270109596920814
"TraesCAD_scaffold_069171_01G000100",3.40727683052104,2.15702750206285,5.45763600550063,-0.798666472123292,1.17959978087367
"TraesCAD_scaffold_039382_01G000300",3.40710299983121,0.733513255996791,5.40170209275649,0.0323406199011521,1.72386380034979
"TraesCAD_scaffold_014179_01G000100",3.40698269455439,2.97262776246232,7.00962895624392,0.0520202453344665,-1.40312415027133
"TraesCAD_scaffold_017656_01G000200",3.40575497161272,2.33990184442775,7.0486093582749,0.179493477019894,0.974083163238043
"TraesCAD_scaffold_031473_01G000400",3.40272643436862,1.56661695681738,2.75832991526344,-0.560149349428581,2.72009878715393
"TraesCAD_scaffold_008802_01G000400",3.40077168634246,2.93207092698999,5.61162720342751,0.442236613964524,-1.29624987216989
"TraesCAD_scaffold_118495_01G000100",3.40066761834956,1.86534450227496,4.85686267414623,0.418203574711801,-0.276576178110444
"TraesCAD_scaffold_129695_01G000100",3.39930764579065,2.79697840807108,3.92407559359823,0.843349469704145,-2.23013738074595
"TraesCAD_scaffold_044770_01G000400",3.3965632962574,2.13225317469843,2.5095493725903,0.584668262087888,1.02559445814901
"TraesCAD_scaffold_065915_01G000100",3.3959879973837,1.8353181144423,6.67141717157656,-0.39190560493759,-1.62486981891679
"TraesCAD_scaffold_036353_01G000100",3.39414221798982,2.49157413866942,2.18611066778474,-0.0170657823458278,1.55548673691985
"TraesCAD_scaffold_036186_01G000100",3.39315362493209,3.15938324290233,7.05885575539304,-0.316498650899364,-0.995197016386059
"TraesCAD_scaffold_000670_01G000200",3.39313469978285,3.02752625935696,7.56309005626289,0.260050195714419,1.45911496377575
"TraesCAD_scaffold_059213_01G000200",3.38895094077398,3.03318758569324,5.66595621535078,0.254016167556806,-1.12134757778355
"TraesCAD_scaffold_103431_01G000100",3.38844996218651,2.81189671009528,6.37013536476431,0.224894755751901,-2.12726690853363
"TraesCAD_scaffold_013603_01G000800",3.38702744036052,0.921226511193355,0.776044843033783,0.798421908010625,0.056783099610904
"TraesCAD_scaffold_003127_01G000800",3.38688226449766,2.93082045749048,6.22103674134924,0.0799642842377061,-1.86904719897815
"TraesCAD_scaffold_039032_01G000500",3.38674148920195,2.345416779319,3.85922645917452,0.556452989136146,2.28234163878906
"TraesCAD_scaffold_007721_01G000500",3.38666222682332,3.08559269277773,6.52291595271061,0.229204848121317,-1.23778283611053
"TraesCAD_scaffold_042227_01G000100",3.38578276487766,2.12814598952998,5.54885716858313,0.213598995380636,0.352324271619905
"TraesCAD_scaffold_058997_01G000100",3.38190391656886,3.07121386396429,5.92014320716319,0.363134905880839,-1.16957364391802
"TraesCAD_scaffold_093855_01G000100",3.38177148421273,2.6997399434961,5.54956383557324,0.486633430005528,0.747419799183839
"TraesCAD_scaffold_026181_01G000100",3.38056079605734,3.31961177416298,7.0817508141415,0.168155370939124,-3.2242366902064
"TraesCAD_scaffold_049250_01G000200",3.38046606391466,2.94634261450862,6.27771196995954,-0.0977875997532762,0.220039856346512
"TraesCAD_scaffold_076988_01G000300",3.37966601597144,2.62718825850357,6.13498298568001,-0.180714203102213,-1.74550018056583
"TraesCAD_scaffold_112374_01G000100",3.37875654992773,3.14608343905519,5.25551398393131,-0.353990887402913,-2.14016454859174
"TraesCAD_scaffold_065944_01G000100",3.37757223795124,3.08671867126433,6.41772706151551,0.341513562483913,-1.68661258759078
"TraesCAD_scaffold_102999_01G000100",3.37726755076012,1.74529942013458,5.01381715334486,0.557116013043388,2.87712512920038
"TraesCAD_scaffold_030221_01G000100",3.37704518525558,3.18329007366343,4.45171902399079,0.686226226231883,-1.2907988644836
"TraesCAD_scaffold_120765_01G000300",3.37683246686798,2.62951051605847,6.25777909437756,0.300239694117078,-0.208051536845257
"TraesCAD_scaffold_124083_01G000100",3.37612573332764,3.15045605409286,5.75809879173982,0.614985864796303,-1.80383956765763
"TraesCAD_scaffold_022239_01G000100",3.37605038079215,3.1227172111365,6.5229724185494,-0.357448615985061,-1.11479778285575
"TraesCAD_scaffold_032699_01G000400",3.37573153550678,2.83163026699877,5.10449653217196,0.491110077047481,-1.29786975060124
"TraesCAD_scaffold_129601_01G000100",3.3756792718289,2.48251526899152,2.7801682098115,0.606702744245603,0.0129611962036238
"TraesCAD_scaffold_077582_01G000100",3.37535384951671,3.27074028274861,5.40631372053387,0.579793899282682,-1.76955221936238
"TraesCAD_scaffold_125126_01G000200",3.37249589006638,1.97317693030575,3.06699412513901,0.49985522842873,0.198892009904208
"TraesCAD_scaffold_008772_01G000500",3.37049228514273,3.20395222338435,7.44335952484102,0.00745870743367194,-1.72373506648902
"TraesCAD_scaffold_005432_01G001100",3.37047167786369,1.40625820260351,2.18503293239245,0.513056567799416,1.34750845418121
"TraesCAD_scaffold_083965_01G000200",3.37032350999088,3.1341144615039,6.94466279882247,-0.688443175676751,-2.4066461838036
"TraesCAD_scaffold_007393_01G000900",3.36987604742536,2.9811007737221,5.29933062290582,0.514488093118156,-1.11944803624837
"TraesCAD_scaffold_017639_01G000100",3.36156679617532,2.03338609763743,5.23110932754355,-0.398825305848042,0.454896405645603
"TraesCAD_scaffold_031745_01G000500",3.36149797133555,2.94046893984566,4.64798298945089,-0.202202628931707,0.346754482044772
"TraesCAD_scaffold_046359_01G000500",3.35965193235908,3.02086273163834,2.87753860523791,0.931983408793942,-1.4832596994453
"TraesCAD_scaffold_011533_01G000300",3.35836924660574,2.25229727298827,0.0969533264137616,0.972704442580775,0.514505032212936
"TraesCAD_scaffold_107895_01G000300",3.35573349893159,3.21037187590827,5.87014096686105,0.513734296709602,-1.7173613964254
"TraesCAD_scaffold_009125_01G000200",3.35478856445327,2.77761332267983,2.07867315516559,0.808761382214031,-1.12248591343135
"TraesCAD_scaffold_029620_01G000200",3.35279059753254,2.54168118835934,1.15482016454039,0.858837883621889,-0.54582175197628
"TraesCAD_scaffold_105566_01G000100",3.35190194518202,2.12749404527284,4.65970178854317,0.130769120066688,-0.152513071708891
"TraesCAD_scaffold_059664_01G000200",3.35057236106955,3.13203916848713,5.46732313201222,-0.415864659637807,-0.413911721060992
"TraesCAD_scaffold_024524_01G000300",3.34968279995263,0.62466539198075,1.21540747942431,0.470292293309263,0.62413753221733
"TraesCAD_scaffold_056819_01G000300",3.34929143880169,2.90963746342018,7.63353075066938,0.297968892258502,-1.87609230436436
"TraesCAD_scaffold_071521_01G000200",3.34745200174719,3.32752913610532,7.42070264177495,-0.380989706160042,-3.49862184081649
"TraesCAD_scaffold_014294_01G000400",3.34710357805684,0.552010058599128,0.416550167563617,0.859132595557302,0.238208526645799
"TraesCAD_scaffold_016408_01G000200",3.34650752527504,2.81388154795405,3.55425692864099,0.747467695934658,-1.12950808218969
"TraesCAD_scaffold_060097_01G000100",3.34612420598371,2.79283064934145,7.75583701880202,0.152859105224598,0.552070276456397
"TraesCAD_scaffold_010609_01G000300",3.34551596503322,2.77397215735838,5.08958791032058,0.468285862085472,-0.999783380209959
"TraesCAD_scaffold_033563_01G000100",3.3454733775993,1.40094073189449,2.99995058499948,0.153212196322068,3.00126757686275
"TraesCAD_scaffold_012397_01G000100",3.34481852221955,2.15873675580608,6.90988628631525,-0.502259132704691,1.28564518185315
"TraesCAD_scaffold_058981_01G000200",3.34465050330831,0.240773378509587,1.09597629963518,0.373944401612568,1.97770000645448
"TraesCAD_scaffold_044142_01G000500",3.3444279186836,3.16149642644059,6.49390254045486,0.189912030918876,-1.79010460294669
"TraesCAD_scaffold_020766_01G000100",3.34434693158416,2.27063343423843,4.30526831612016,-0.390350213410423,1.43840946890018
"TraesCAD_scaffold_053719_01G000100",3.34375048289647,2.8842620424261,5.28730050777675,0.232308401647693,-1.65147930600464
"TraesCAD_scaffold_111298_01G000200",3.34284997321951,2.87683095625597,4.64008943519524,0.668404224911362,-2.07254282645498
"TraesCAD_scaffold_048686_01G000100",3.34124735934486,2.16481075850977,3.62561950658117,-0.304748287101979,0.708380086258564
"TraesCAD_scaffold_030585_01G000100",3.34112640862556,2.72039102667466,0.653960549168329,0.978708324341112,0.545417917470144
"TraesCAD_scaffold_085671_01G000100",3.33839155796817,2.32321696722129,5.53344083499544,-0.0230921957618109,1.8273693778447
"TraesCAD_scaffold_052413_01G000300",3.33812696093973,2.25230981635241,4.70810662438367,0.47170129797049,-1.0210657429672
"TraesCAD_scaffold_065987_01G000300",3.33714330095499,2.62991532876188,3.2438786476311,0.786538767096264,2.31647833804073
"TraesCAD_scaffold_002886_01G000900",3.33693727307387,2.07268033909714,4.54357505580455,0.446182333007546,1.98544646594828
"TraesCAD_scaffold_000661_01G000400",3.33690461880351,3.06594734395617,4.40833448115098,0.784360293939855,-2.28338965304689
"TraesCAD_scaffold_094454_01G000100",3.33633173411385,2.59567966789858,4.5603408120703,0.272053367467056,-0.127610451392297
"TraesCAD_scaffold_043570_01G000300",3.33464470556316,0.469470006178687,1.69610548973423,0.506461710485978,1.07898440151688
"TraesCAD_scaffold_043396_01G000100",3.33396331163328,2.0888240263411,4.08828308483514,-0.151592214153464,2.29096628371384
"TraesCAD_scaffold_084176_01G000100",3.33343918047024,1.0382849480907,4.3952683630519,-0.568954184483064,0.449061129738591
"TraesCAD_scaffold_098712_01G000100",3.33096993053311,2.56132279037858,0.645462681830349,0.846301708690929,-0.272670250060728
"TraesCAD_scaffold_017769_01G000300",3.33067878992855,2.99303744371183,6.85542526964295,0.100556907116203,-1.6865719278043
"TraesCAD_scaffold_004913_01G000100",3.33045106307721,1.64620938314661,3.12037798363072,0.474333214019476,2.40334813114552
"TraesCAD_scaffold_166766_01G000100",3.33038877080565,2.22652252702432,7.81845350242563,0.357842512130689,0.0142949771938343
"TraesCAD_scaffold_033204_01G000300",3.32985250747,3.2943025906593,4.8111168022781,0.799152686984084,-1.43983797145306
"TraesCAD_scaffold_038236_01G000100",3.32854166763629,1.58068145251762,2.22453759972676,-0.291562568083976,1.86423476117161
"TraesCAD_scaffold_047010_01G000200",3.32827028448133,1.56117988083415,0.557233104786392,0.788117862107027,-0.158676424234774
"TraesCAD_scaffold_049807_01G000200",3.32813049237868,0.770074393534655,6.33329899041574,0.0421091528525673,0.155507228909805
"TraesCAD_scaffold_156432_01G000100",3.32758235201085,2.69397484820773,5.08806183330527,0.625106508457307,-1.12827438094596
"TraesCAD_scaffold_065401_01G000100",3.32743170639773,2.79464828259201,5.08269586389666,0.335186479010724,2.71909109386485
"TraesCAD_scaffold_031718_01G000200",3.32716996953987,1.92728814366091,3.40011365991739,-0.17662726700937,0.00627203133235579
"TraesCAD_scaffold_069972_01G000200",3.32466568736723,2.97745803138598,2.05592055046751,0.651470602172236,1.24101052768342
"TraesCAD_scaffold_004110_01G000600",3.31828106112202,2.68596896563567,6.03283531338023,-0.394471768503679,-2.12825506810114
"TraesCAD_scaffold_010880_01G000600",3.31807663655709,2.87141296387875,4.88733017379033,0.305810252841207,-1.29406831538599
"TraesCAD_scaffold_025675_01G000500",3.31767172237112,3.23669154341211,5.98478974496326,0.434458088266545,-2.16437413927844
"TraesCAD_scaffold_044358_01G000500",3.31704182957868,3.15817445288158,3.53517577834372,0.694049483970259,1.0698169287696
"TraesCAD_scaffold_008508_01G000800",3.3168548515017,1.33652012260642,0.675291935319227,0.361376385081053,1.74039378580898
"TraesCAD_scaffold_001132_01G000300",3.31551142873051,3.27254851215781,6.31775386748112,0.166266211668085,-1.80101049373791
"TraesCAD_scaffold_048500_01G000500",3.31434887450399,2.52977353893807,0.349038961754676,0.955565172669166,0.581349871962137
"TraesCAD_scaffold_091826_01G000100",3.31415783364666,2.13933559338401,1.40598463752007,0.781806202705611,-0.88197011575406
"TraesCAD_scaffold_010029_01G000200",3.31255291993771,3.0978711520495,6.39421940974607,0.407348051342427,-2.36551354544502
"TraesCAD_scaffold_120211_01G000100",3.31250183775041,3.08435869002374,4.04501979296243,-0.232933381331486,0.020035088744022
"TraesCAD_scaffold_103750_01G000200",3.31241215478581,2.8234957237596,4.69966115265317,0.629656951747427,-1.48701226768577
"TraesCAD_scaffold_001706_01G000300",3.31155577237508,2.8056230095612,6.58848995533581,0.537597769009,3.14165875072293
"TraesCAD_scaffold_063455_01G000100",3.31117124754098,2.06660103505426,2.76660212739291,0.0125395209414578,2.03517141487192
"TraesCAD_scaffold_070354_01G000100",3.3108515661761,1.0696562071115,2.41494940975076,0.498105449465543,0.743786389668006
"TraesCAD_scaffold_017537_01G000200",3.3094419591147,2.15908503297106,1.74727631511433,0.753343601696801,0.768864693071326
"TraesCAD_scaffold_012594_01G000300",3.30942197563139,3.20512387677518,5.72297428258965,0.475893171378961,-2.06140209383358
"TraesCAD_scaffold_001226_01G000100",3.306381926866,3.20770639033895,8.51895944581768,-0.326928265641856,-1.68867220010171
"TraesCAD_scaffold_037673_01G000300",3.30403808638845,2.65434777995265,3.7138799555961,0.9531839556163,-2.20187557301743
"TraesCAD_scaffold_072880_01G000200",3.30381316890863,2.81063353316523,4.71789603766873,-0.637628787267436,-0.639966458108954
"TraesCAD_scaffold_023478_01G000400",3.30374835539806,2.81695375452692,6.9443109088858,-0.409419820856878,-2.16404504306939
"TraesCAD_scaffold_051611_01G000100",3.3020507217317,2.45819683750465,2.93379169095683,-0.0346113477100512,1.12751046244187
"TraesCAD_scaffold_100994_01G000100",3.30170822720809,3.11868569447129,2.65985109413973,0.46392086042265,0.860748975389291
"TraesCAD_scaffold_041822_01G000400",3.29957679103569,2.48603005854993,5.40999684287682,-0.0309664224635448,-0.729892097847055
"TraesCAD_scaffold_119873_01G000100",3.29907951791861,2.13311935791284,0.129455199721843,0.850118876251833,0.406077643173004
"TraesCAD_scaffold_150958_01G000200",3.29735659946766,2.69974201086975,6.25540147394452,-0.413318634110193,1.03192695821946
"TraesCAD_scaffold_014996_01G000200",3.29728883509741,2.44364143127487,3.98061654669993,-0.214153170888851,0.662634259480616
"TraesCAD_scaffold_107026_01G000100",3.29476200183915,3.2298498341978,6.10231638211089,0.310551133388029,-1.76895571268111
"TraesCAD_scaffold_054824_01G000100",3.29465628525159,2.75188862630231,4.05915757949244,0.365398511738494,-0.746085434747542
"TraesCAD_scaffold_001351_01G000100",3.29381851508443,0.851099835673899,3.57212190530312,0.162376814390376,0.227805086866431
"TraesCAD_scaffold_083620_01G000100",3.29379742681335,2.8071286794333,7.01539585149214,0.0469025654389342,0.00922341027258546
"TraesCAD_scaffold_032427_01G000100",3.2936073026665,3.08417044962333,6.80269055851584,0.0897822410545576,-2.50892936591174
"TraesCAD_scaffold_077055_01G000100",3.2933129440001,3.16753673756856,5.4375969798086,0.686814075684447,-1.76863629720466
"TraesCAD_scaffold_076170_01G000300",3.29272334118515,3.04637589485813,6.93995386555519,-0.135321729906714,-2.30197425367472
"TraesCAD_scaffold_020027_01G000200",3.29251763050155,0.963428955038687,2.63698360851462,0.110702791857013,1.97136029267507
"TraesCAD_scaffold_060485_01G000100",3.29074791453235,2.83030042019025,7.69521987473749,-0.12811380371843,-0.777408756658097
"TraesCAD_scaffold_082537_01G000100",3.29034365938792,3.08423219157447,4.99992922497638,0.473462612939487,-1.60233145862115
"TraesCAD_scaffold_060710_01G000200",3.28811417301427,2.33131045804491,4.14003969710225,-0.443258881047676,-1.51260010142134
"TraesCAD_scaffold_133082_01G000100",3.28665069164556,2.69986735575433,5.3424515759403,-0.735912531124631,-0.449040572561787
"TraesCAD_scaffold_040088_01G000300",3.28558064678331,2.06564454616146,4.10947378106481,-0.111754141255857,1.41698285154069
"TraesCAD_scaffold_109122_01G000100",3.28489698024482,0.917606510739834,1.22971919226338,0.732104814405744,0.300847439848653
"TraesCAD_scaffold_072456_01G000100",3.28414869445504,1.21125568471907,2.09242540559781,-0.571372140662319,0.814302117961922
"TraesCAD_scaffold_031340_01G000400",3.28414676896807,2.89629882727029,5.90396615571754,0.219589952386686,-2.03999212220923
"TraesCAD_scaffold_055726_01G000600",3.28295264330535,3.04401649170115,5.24002634230399,0.594901697957785,-1.6257250691134
"TraesCAD_scaffold_014294_01G000300",3.28225627976338,3.15231884319471,5.9072504953919,-0.35154356764925,1.23988217015381
"TraesCAD_scaffold_115257_01G000100",3.28077762397129,2.82375997594968,3.66112486548096,-0.327111749470681,0.880026280647142
"TraesCAD_scaffold_000435_01G000100",3.2794667328332,2.4118292632485,7.60795426256062,-0.189406911307242,-1.05215161445504
"TraesCAD_scaffold_160572_01G000100",3.27944776496958,2.16361811317676,5.38329686824846,-0.350219430620396,-1.59598661810489
"TraesCAD_scaffold_012987_01G000500",3.27853012891898,3.05213554023312,5.46817073751273,0.447503161716631,-1.83585304258602
"TraesCAD_scaffold_096592_01G000200",3.27830658469041,3.20168075058039,4.97002681585237,-0.408057503809983,-0.285470798980323
"TraesCAD_scaffold_145392_01G000100",3.27651576870451,2.53541303935855,6.96435507537505,0.237800009221477,-1.15670136745354
"TraesCAD_scaffold_035189_01G000200",3.27399063804608,2.81287746423962,6.62206230830137,-0.0168349104744367,-2.20524370882492
"TraesCAD_scaffold_089143_01G000100",3.27392488595273,3.0827844783419,7.98548601009989,-0.0895467950926787,-1.19440657390062
"TraesCAD_scaffold_094245_01G000200",3.27343353272717,2.71844443704553,6.48484163746612,0.0888444754800597,-2.49518822938089
"TraesCAD_scaffold_016013_01G000100",3.27312225699129,3.11978495107932,4.7974601890815,-0.00547637983966036,-1.56927714971471
"TraesCAD_scaffold_072632_01G000200",3.27011853856478,3.02857270798077,6.96814674073761,0.0631108650623328,-1.79121230750212
"TraesCAD_scaffold_012897_01G000400",3.26928005591677,2.99248510687573,5.619273049814,-0.225123504878507,-0.525363985869104
"TraesCAD_scaffold_009863_01G000100",3.26875747094114,2.93207690827953,4.10812557529679,0.797114003829023,-1.18459421984916
"TraesCAD_scaffold_040423_01G000100",3.26827080018788,2.2078134546613,6.8089973633725,-0.406133370539435,-0.795241358310626
"TraesCAD_scaffold_003918_01G000100",3.26822610567023,1.93104444388645,1.17960893235029,0.751209323226471,-0.266593550241566
"TraesCAD_scaffold_058840_01G000100",3.2667416922872,2.10975419100562,2.85031020648837,0.660402557019549,1.82758668432306
"TraesCAD_scaffold_013138_01G000600",3.26647357681249,3.24734438773605,6.28162914465217,0.697673439916986,-2.70173117702814
"TraesCAD_scaffold_018760_01G000700",3.26524898041187,1.39643069597944,3.81753060841572,-0.00400048535774439,1.67412271918233
"TraesCAD_scaffold_066779_01G000300",3.26457925366656,2.8575206681771,4.66573695723206,0.0441251026617693,-0.984904810171348
"TraesCAD_scaffold_065793_01G000100",3.26381175058231,2.47422295055599,5.94861182340876,-0.305484323319627,-1.13908372262767
"TraesCAD_scaffold_013707_01G000300",3.26357583828899,2.85922417519733,8.65223660000819,0.000429471957980777,-1.14735296326517
"TraesCAD_scaffold_008522_01G000100",3.26334367228103,2.87513969420418,7.27455807625705,0.310084312840672,-1.76464690414251
"TraesCAD_scaffold_052799_01G000100",3.26219991229667,2.98241359779534,5.75250590073883,-0.189937635852508,-0.852452491670971
"TraesCAD_scaffold_037013_01G000100",3.26108484979745,2.71421588258222,2.63153431607653,0.414134051479167,-0.405376813663856
"TraesCAD_scaffold_060113_01G000100",3.2601393225169,2.53026047998423,3.69400415548962,0.421768805884225,0.0663755091985028
"TraesCAD_scaffold_094857_01G000200",3.25999564992391,2.82226544192736,7.93791921828451,0.118851925507813,0.168128828417488
"TraesCAD_scaffold_136017_01G000100",3.25997349838548,0.181980838862932,0.800385727925935,0.188636208230536,1.4711258769732
"TraesCAD_scaffold_008106_01G000100",3.25959268224892,0.246560856675974,0.251211586107828,0.755596174982377,0.621886890160606
"TraesCAD_scaffold_009678_01G000800",3.25941859912387,2.67582751738958,4.31291949011479,-0.258458906688488,3.32435421444283
"TraesCAD_scaffold_054512_01G000100",3.25834557394532,2.25873418749389,4.28840098474278,-0.333758184590796,1.92040241830668
"TraesCAD_scaffold_051251_01G000200",3.25776280486148,3.11000517904456,3.93324365340271,0.0379641718355962,-0.0591488933978211
"TraesCAD_scaffold_092754_01G000100",3.25772213671242,2.86147027456866,6.97158600943597,-0.213356039308485,-0.670298455178354
"TraesCAD_scaffold_093044_01G000100",3.25580160650562,2.74221814079209,5.81477548311857,0.220163990278322,0.307083891663651
"TraesCAD_scaffold_086311_01G000100",3.25353874206563,3.0354125589437,4.82509674473757,0.485917676623734,-2.34899412279431
"TraesCAD_scaffold_022508_01G000100",3.25118696639411,2.37714163466081,6.40542222225311,-0.391806974023081,2.32597112681906
"TraesCAD_scaffold_032757_01G000100",3.25079363424278,1.2187557887765,0.671816683978014,0.286458209623963,1.07279223758034
"TraesCAD_scaffold_084874_01G000100",3.25015623260861,3.07839878580819,5.53558857128033,0.39722167928291,-1.56913355935789
"TraesCAD_scaffold_032003_01G000100",3.25014935223366,3.07076694732452,4.17607773964878,-0.200329010461157,0.706873623325532
"TraesCAD_scaffold_001384_01G000100",3.24865573628434,2.31652296382917,2.38207027815148,0.480906242608056,2.17474135791601
"TraesCAD_scaffold_041500_01G000200",3.24831640639192,2.9146749747179,6.38005010148851,0.0380683279773463,-2.60251628923303
"TraesCAD_scaffold_060414_01G000100",3.24778921875473,3.00891829376198,3.88171930473037,-0.0707482864390468,0.399344527853045
"TraesCAD_scaffold_066075_01G000200",3.24521989986671,0.666247545928307,0.350842880773647,0.888088009567809,0.225061926997085
"TraesCAD_scaffold_027463_01G000100",3.24374409033234,2.03096612644607,2.7682782523844,0.174589949239383,0.527645482786319
"TraesCAD_scaffold_018230_01G000100",3.24215557669062,2.79890318303387,2.80783701149513,0.588008965280685,1.97066455365867
"TraesCAD_scaffold_027131_01G000200",3.23793526957317,3.06086165642771,4.75888724135892,-0.632206058369424,-0.219578022635329
"TraesCAD_scaffold_029086_01G000200",3.23642374955523,2.2707032186384,5.02259559364098,0.332447478125064,0.951496654199023
"TraesCAD_scaffold_014294_01G000600",3.23512398430564,3.08562121557362,1.99999332486567,0.63161069252166,0.91169033569581
"TraesCAD_scaffold_104146_01G000300",3.23388883700916,1.81574655534888,3.69625357606436,-0.522759504630386,1.55160998372789
"TraesCAD_scaffold_036541_01G000100",3.23374699429961,1.71747208099476,2.72928700101202,0.0120175672967074,0.679174973477651
"TraesCAD_scaffold_077669_01G000100",3.23282212867361,3.075380319388,7.41743475990491,-0.745992623938839,1.11028901480034
"TraesCAD_scaffold_031815_01G000200",3.23225847134249,2.18665828305628,6.40074735215174,-0.0962653864304425,0.568291148095481
"TraesCAD_scaffold_094861_01G000100",3.23187926322841,0.953221147223401,0.913522228199564,0.661232892644524,2.11825008374045
"TraesCAD_scaffold_061826_01G000200",3.23127390203659,3.19480638056164,7.08657191214403,-0.647321424640278,-2.44326792711334
"TraesCAD_scaffold_153933_01G000100",3.23063418574209,1.66127793375259,2.79264429078809,0.197990079704775,1.23546240843428
"TraesCAD_scaffold_021231_01G000100",3.23058254882532,1.29599714633774,1.35155262352272,0.575976577076807,0.407122104422382
"TraesCAD_scaffold_014112_01G000200",3.2293726967496,2.80514232153497,3.97501300101383,0.449551340324911,-0.666827941498714
"TraesCAD_scaffold_047234_01G000400",3.22875286098808,1.72071152277909,3.61383271498553,-0.300408103397853,1.65790262858474
"TraesCAD_scaffold_098919_01G000100",3.2287195330315,2.02025158581381,4.08947906330005,-0.728730431230949,0.136981949993101
"TraesCAD_scaffold_013478_01G000200",3.22767255801197,3.16159475244529,7.31442827631169,0.433807679048536,-2.42023020742309
"TraesCAD_scaffold_144910_01G000200",3.2270148813713,1.02580283617468,2.75631076074588,0.339885515920289,1.71391277276055
"TraesCAD_scaffold_027025_01G000100",3.22679347658631,3.122154441679,6.50007171961333,0.322562325607534,-3.11838451190904
"TraesCAD_scaffold_047240_01G000200",3.22624102170096,1.71229536642259,3.64902106746822,0.254390666420336,-0.428044352925314
"TraesCAD_scaffold_104681_01G000200",3.22580494453741,2.76236985088683,6.5511927574503,0.106637745808756,-1.66528443148273
"TraesCAD_scaffold_077311_01G000400",3.2242640005073,1.4075128929594,1.81361222580099,0.554874914551154,0.410733262639721
"TraesCAD_scaffold_038035_01G000100",3.22356733964358,0.737436231257671,4.35907413770087,0.190121921923277,1.19833300085622
"TraesCAD_scaffold_078070_01G000200",3.22184397667781,2.67559286281739,5.07810697105657,-0.499682034870211,-1.9511842968055
"TraesCAD_scaffold_099617_01G000100",3.22105961388445,1.58994327992809,6.70252426783665,-0.0709699961646456,0.766006153451334
"TraesCAD_scaffold_064232_01G000100",3.21949629348718,0.783686213415952,5.85620433891875,-0.240063181823259,0.515546236954043
"TraesCAD_scaffold_005027_01G000200",3.21881392843756,2.28393767912951,5.39729278611624,-0.0225657434197526,-0.0504301657830545
"TraesCAD_scaffold_031937_01G000100",3.21708564434567,3.17664620441873,6.25449322604879,0.498738274303045,-2.21970852014631
"TraesCAD_scaffold_025578_01G000700",3.21688183787815,2.88019897239042,3.69052166228541,0.400961015426513,-0.671015694425414
"TraesCAD_scaffold_012987_01G000600",3.21283130749809,2.84165690746225,4.89947853779706,0.537735475487318,-1.26580025986737
"TraesCAD_scaffold_021884_01G000200",3.21127497605376,2.89440714591196,6.48343196530729,-0.455151245643544,-2.03518194557379
"TraesCAD_scaffold_018117_01G000700",3.20906800748203,3.07630333938148,1.96449519924698,0.678501870344628,0.0291486520139325
"TraesCAD_scaffold_059485_01G000400",3.20792680382439,1.3685352331461,2.90794702143098,0.463015704386112,1.33997168014648
"TraesCAD_scaffold_123937_01G000100",3.2076858220832,3.15961511263726,6.51926550643058,0.635613636347039,-3.27035506484649
"TraesCAD_scaffold_047086_01G000100",3.20739507035486,1.11767387917773,3.27666868261374,-0.317501814336338,1.96816163189082
"TraesCAD_scaffold_006770_01G000100",3.20385160438785,2.97624262804984,7.38397187851416,0.297395176498985,-1.60657206986944
"TraesCAD_scaffold_041261_01G000100",3.20317618111518,2.76024555463956,5.83069547275868,-0.0435362097413184,-0.88056642291982
"TraesCAD_scaffold_008792_01G000500",3.20286280067636,3.0052821850301,4.77281724220339,0.616316396983814,-1.30435933255308
"TraesCAD_scaffold_079250_01G000100",3.20216904009747,2.95434486546125,6.97958332815388,-0.507876136297068,-1.0078720454087
"TraesCAD_scaffold_091692_01G000200",3.2018930695128,1.93350203343178,1.40469225588241,0.759712211592689,0.487455202292662
"TraesCAD_scaffold_093886_01G000200",3.20156134355634,2.72648299507152,6.93520017166422,0.243197252991923,-0.867778191884059
"TraesCAD_scaffold_087076_01G000400",3.20013315389675,2.25302436279358,6.47798142834984,-0.327302388337749,-1.630027082632
"TraesCAD_scaffold_010733_01G000100",3.19893219512649,3.1327558724405,5.80385924086336,-0.00389768402230006,-0.131446106508995
"TraesCAD_scaffold_082461_01G000100",3.19608224727159,3.16609469282071,4.95373629921454,0.0601473035542149,-2.0932996520705
"TraesCAD_scaffold_020653_01G000200",3.19592047279638,3.11076543659311,6.62764734411732,0.31044048903275,-1.85160799047388
"TraesCAD_scaffold_042001_01G000100",3.19474847366992,0.957911638822783,0.671633344448112,0.813025446450116,-0.349460516234418
"TraesCAD_scaffold_004944_01G000100",3.19122876479948,1.32605652308529,3.87651158945698,-0.0645940638650379,-1.29875675875096
"TraesCAD_scaffold_041411_01G000200",3.19068642988673,3.09625224257932,6.99406403582931,-0.0128050846000567,-3.18757935049364
"TraesCAD_scaffold_106729_01G000200",3.19008654066412,3.06803936566517,3.98062925896654,0.271413999938568,-0.662061091027229
"TraesCAD_scaffold_016177_01G000100",3.18958077201462,1.54855550912934,5.57096718582717,-0.286490203754344,0.51760018758101
"TraesCAD_scaffold_031546_01G000200",3.18787819153586,3.03814832258681,5.26900320910296,0.671687899894951,-1.87207404991614
"TraesCAD_scaffold_134141_01G000100",3.1873625071422,2.95750355307391,6.99933124029908,-0.271220669358813,-0.845091859474976
"TraesCAD_scaffold_041680_01G000100",3.18708510480367,1.37430530586852,1.51866091126987,0.727191984843061,0.304858802676565
"TraesCAD_scaffold_026684_01G000100",3.18602331057133,2.14825329273163,5.14635046693588,0.0910843016909726,0.0217501547222582
"TraesCAD_scaffold_051257_01G000500",3.1845308600377,0.468941578714292,1.75149937364129,-0.423637270858641,2.06024363392626
"TraesCAD_scaffold_036706_01G000100",3.1844352725252,3.16307979547193,3.26668477992559,-0.0226114348278569,0.427362422283438
"TraesCAD_scaffold_077272_01G000400",3.18229949224763,1.14731560863511,2.90013795528343,0.12862554713703,-0.950704697946077
"TraesCAD_scaffold_014758_01G000200",3.18055986002799,3.1174429197967,6.72828359803057,0.51237889261725,-2.47346300686998
"TraesCAD_scaffold_004795_01G000100",3.17798799287979,2.12935811530188,5.77289224404326,-0.900491323181875,-0.759198885691643
"TraesCAD_scaffold_040872_01G000300",3.17790480741134,2.94683774034214,7.7826016668097,-0.484139730629034,-0.456577754095379
"TraesCAD_scaffold_137024_01G000100",3.17649098018685,2.87975261801578,2.30717095478253,0.458219737272429,0.722662803506954
"TraesCAD_scaffold_004828_01G000400",3.17584816365411,2.4146250022778,6.83010677673328,-0.38169985980374,0.12767736230041
"TraesCAD_scaffold_028665_01G000100",3.17542853930853,2.81542314411944,5.17263929228486,-0.121826207768655,-1.544678227654
"TraesCAD_scaffold_050217_01G000200",3.17460760885682,2.9273829258004,3.54875036220276,0.70634761871913,-1.79968585556025
"TraesCAD_scaffold_024802_01G000100",3.1744811142768,2.32291248837016,3.26425215624116,0.352531639414365,2.56980149461997
"TraesCAD_scaffold_082322_01G000200",3.17410128133281,2.17734613350034,4.95564577146043,0.382576374898602,-0.461892017722763
"TraesCAD_scaffold_018273_01G000200",3.17382582123849,2.36162815831368,3.84065744884493,0.464800844300243,-1.036673129458
"TraesCAD_scaffold_018291_01G000400",3.17373278157323,2.43931073085942,4.02777751222772,0.316355558146019,0.241877428066749
"TraesCAD_scaffold_012123_01G000200",3.17261895776244,2.81221950630895,3.08888894347807,0.362706663616314,-2.10262441786843
"TraesCAD_scaffold_007045_01G000200",3.17207046296912,1.81786015583537,3.57137759603907,0.294400654782904,2.29600254073879
"TraesCAD_scaffold_018654_01G001000",3.17201171786249,2.88714265345298,5.14392232609393,0.490726983971621,-1.28915897650093
"TraesCAD_scaffold_087509_01G000200",3.1716535442388,2.95316987404854,5.53656527006536,-0.175293432849681,-0.325282375968279
"TraesCAD_scaffold_098622_01G000100",3.17108073127577,2.87578843305133,4.19117211391654,0.598918794267945,1.58387156878661
"TraesCAD_scaffold_007225_01G000100",3.16934683229255,2.82278511013035,5.31217436929663,0.543133208054539,-1.32610224456337
"TraesCAD_scaffold_023973_01G000100",3.1675575736589,2.09681647474939,1.72254598740554,0.690768724008995,-0.473916940541033
"TraesCAD_scaffold_071942_01G000200",3.16693237251,2.4373243485243,4.50302821670911,0.610100559109425,-1.49646810165522
"TraesCAD_scaffold_013496_01G000200",3.16681923427677,2.9520932961356,6.87611912754601,-0.358631280682641,-1.31350050656824
"TraesCAD_scaffold_068958_01G000300",3.16637502721709,2.9860407158477,6.19095869718535,-0.0676524500155303,-1.27890818945925
"TraesCAD_scaffold_027235_01G000200",3.16437248125182,3.12202066853674,5.57902709383518,0.755329746748737,-2.64152081910094
"TraesCAD_scaffold_013124_01G000600",3.16422583225507,2.11476110026751,5.07119699240078,-0.0715654314600965,-0.643439765358724
"TraesCAD_scaffold_014646_01G000200",3.16415684190544,2.23607491293308,3.53482421002854,0.422755435332396,-0.556633501735126
"TraesCAD_scaffold_069694_01G000100",3.16347125492638,2.25314063799679,6.05045255374935,0.296904064621067,-0.971150951569451
"TraesCAD_scaffold_022653_01G000100",3.16145877592302,2.91696064340386,5.42707509552928,0.273203033517793,-1.62122142956436
"TraesCAD_scaffold_012252_01G001000",3.1605840671498,2.82081044725043,6.83122531189969,-0.307824710640556,-2.76595751672474
"TraesCAD_scaffold_076975_01G000100",3.16015633795311,2.73633316823014,4.36375578695359,-0.176035865743423,0.0882971312007631
"TraesCAD_scaffold_033128_01G000400",3.15946980780689,2.92351797369801,3.84533077119866,0.339735929394521,-0.70412784603131
"TraesCAD_scaffold_013833_01G000300",3.15752611492933,2.86835788778015,7.18325036046303,0.438965165710282,-2.15377250195017
"TraesCAD_scaffold_003841_01G000100",3.15710499255623,2.66578213465222,3.65012555164543,0.412566122633646,-0.903254838798701
"TraesCAD_scaffold_076583_01G000300",3.15707311880107,1.5000861617351,4.92069568496834,0.141988257066654,0.474727855186516
"TraesCAD_scaffold_106192_01G000100",3.15452875936785,1.84650820907279,6.00324538414763,-0.857556148447784,-1.80481615606965
"TraesCAD_scaffold_092989_01G000200",3.15303628516486,2.72231787977422,7.433416779375,0.32369770798871,-1.3984606770425
"TraesCAD_scaffold_037195_01G000100",3.15182336791477,1.70935941683353,4.01915586533119,-0.266830113769674,-0.342505930673661
"TraesCAD_scaffold_136661_01G000100",3.14808649127052,0.999239723954295,4.10579227419353,-0.107938127064678,1.93526568358081
"TraesCAD_scaffold_015942_01G000200",3.14797254215978,3.09216809254643,4.82694060453095,-0.613292287698226,-2.05290724325498
"TraesCAD_scaffold_171529_01G000100",3.14564909357117,1.14817096451328,1.92443319574332,0.568445569048531,1.52880729557794
"TraesCAD_scaffold_001342_01G000200",3.14420044562355,0.851749517522433,5.77393781890277,0.48421539922979,-0.261986769368548
"TraesCAD_scaffold_077717_01G000700",3.14334299833561,3.11293113970453,6.25548543453033,0.228878752626003,-2.28518372835015
"TraesCAD_scaffold_108370_01G000100",3.14262894408904,2.98076487899709,6.62315393123373,0.379965942151825,-3.01952385144283
"TraesCAD_scaffold_076842_01G000200",3.14181176861082,2.12265434719186,6.92562489425065,-0.114189202553826,0.403104686354292
"TraesCAD_scaffold_052325_01G000100",3.1334534143296,2.69842498422138,6.23452714355946,0.302526556903481,1.16662163493125
"TraesCAD_scaffold_022313_01G000100",3.13320290196523,3.04540797291874,5.43998417090371,0.593559521694817,-1.91452816806978
"TraesCAD_scaffold_026017_01G000200",3.13304595568179,2.98105861782139,7.42591922705518,0.25444884729173,-1.56944144650606
"TraesCAD_scaffold_029972_01G000100",3.13291814329069,1.90449655899697,1.93097842137222,0.524714023474853,0.833391085020336
"TraesCAD_scaffold_036510_01G000500",3.13221137697166,2.74776736179415,6.04946444807321,0.0950919066325531,-1.52508308387341
"TraesCAD_scaffold_085889_01G000100",3.13219308667551,2.66040787244154,5.20454643386848,0.705139431763198,-1.09156681160106
"TraesCAD_scaffold_016915_01G000100",3.13166819969608,1.82861666395222,2.68392187868839,0.408718560141142,1.52951324204097
"TraesCAD_scaffold_007647_01G000700",3.131632188239,1.88931320064958,4.99744697002096,-0.231662353580047,1.00823563061691
"TraesCAD_scaffold_077020_01G000100",3.13135547055706,2.81730098947419,5.42015213238222,0.281107390587474,-1.33462424122004
"TraesCAD_scaffold_041275_01G000300",3.13132759882371,3.06058546739201,7.02738135062181,0.12149120650496,-3.10042263149519
"TraesCAD_scaffold_025069_01G000500",3.13085295839776,2.40117593828315,5.081479348549,0.470911425983342,1.47890131496231
"TraesCAD_scaffold_030100_01G000500",3.12963842144253,2.99548296075144,6.14056810910918,-0.0162996762040554,-1.53795704302872
"TraesCAD_scaffold_043711_01G000200",3.12661636559736,2.51918120689981,5.13274405092869,-0.0868465415465557,2.93685967010117
"TraesCAD_scaffold_089045_01G000200",3.12587402405127,3.03015536072268,6.74904747784627,-0.159469667445702,-1.92206360546533
"TraesCAD_scaffold_065016_01G000100",3.12562347612756,2.6467134406238,4.43770392662066,-0.0140157134025862,-0.92590429718047
"TraesCAD_scaffold_081137_01G000200",3.12424563674843,3.05721141277036,6.57187180827769,0.259895173149332,-3.38035258252824
"TraesCAD_scaffold_083347_01G000200",3.12361270991233,2.27916424867954,1.46818841482399,0.652904143780594,-0.420436297263996
"TraesCAD_scaffold_024445_01G000100",3.12283350439322,2.35678950194741,4.79612041535671,0.0851134880592562,-0.504165592718664
"TraesCAD_scaffold_035222_01G000200",3.1213180848659,2.46275912565782,3.61844398437951,0.461538346422981,-2.10608492788955
"TraesCAD_scaffold_052558_01G000100",3.12065700359328,3.04351832656542,5.81313431547171,0.567362283048076,-2.00050270342768
"TraesCAD_scaffold_029335_01G000200",3.11955542429637,2.89391686683186,5.09187657214084,0.523024732320498,-1.15034669572446
"TraesCAD_scaffold_056530_01G000200",3.11907864636072,0.893261528509209,0.250919853315016,0.844324210422745,0.0430601204259101
"TraesCAD_scaffold_059614_01G000100",3.11658728330403,1.6574218475073,2.18737392433829,0.518185680050711,0.403515137643796
"TraesCAD_scaffold_099759_01G000100",3.11643704738626,1.58318829927626,5.3143403875202,-0.498328310419553,0.367068226824313
"TraesCAD_scaffold_047329_01G000300",3.11617537380528,3.07742841511047,7.15990227287633,-0.227022161747994,-3.11786802941592
"TraesCAD_scaffold_040314_01G000200",3.11581055964305,2.41374651752528,5.95272068959925,-0.287814583119734,1.16818795370017
"TraesCAD_scaffold_023171_01G000100",3.11548696682708,2.83066497247737,5.28892081321537,0.619036194398485,-1.41665625909984
"TraesCAD_scaffold_011485_01G000200",3.11441494480406,2.07096282736706,1.35522005934013,0.851066252217394,0.604962213480613
"TraesCAD_scaffold_040963_01G000100",3.11378568477428,2.68308375192374,5.79304288366589,-0.155807054586249,-1.61586772009784
"TraesCAD_scaffold_043934_01G000100",3.11305522390273,2.7911326178988,6.22155815510289,-0.277727603150552,-1.10139701688424
"TraesCAD_scaffold_005282_01G000300",3.11252475619636,2.94286243584718,6.65351879166847,0.448663484983904,-2.71379750381379
"TraesCAD_scaffold_001920_01G000200",3.11147320239319,3.02084056830787,6.52867504058112,-0.605963950449277,-2.94085492066772
"TraesCAD_scaffold_066660_01G000600",3.11117473096735,1.92113252671483,4.46732593081988,0.285386208609379,0.80649220197331
"TraesCAD_scaffold_109838_01G000200",3.1106111638692,2.26114552637938,1.87307321038413,0.710750524355673,-0.593471455857953
"TraesCAD_scaffold_002033_01G000400",3.11061062880769,2.16823513697438,5.20878087813114,-0.3612845661678,-0.520790340131507
"TraesCAD_scaffold_011426_01G000200",3.10768002017735,1.19608788860339,1.73893651924093,0.234767978336756,1.5215527023779
"TraesCAD_scaffold_089603_01G000400",3.10726864165965,1.93201445772125,4.4338176812327,-0.167004555493153,-2.13765556185634
"TraesCAD_scaffold_012421_01G000200",3.10686941381395,2.05892341846673,5.90454778193184,-0.392600096369978,1.24436207548032
"TraesCAD_scaffold_043720_01G000300",3.10650380669744,1.33710132695223,2.6638994563687,0.513205759107357,1.97881838210277
"TraesCAD_scaffold_132497_01G000200",3.10557051893354,2.96077561195344,5.77093336989586,0.457754490581925,-1.56810799084695
"TraesCAD_scaffold_011341_01G000100",3.10514982604702,1.8048460147157,3.30628750418752,0.318278427288712,1.36036455147328
"TraesCAD_scaffold_115222_01G000200",3.10485041728671,2.56987147054076,4.7771609898521,-0.259350479443956,-0.828565399807341
"TraesCAD_scaffold_024591_01G000100",3.10410279042998,2.52254033124505,5.83954218957684,-0.660339949372786,1.34339216145336
"TraesCAD_scaffold_149447_01G000200",3.09936713786109,2.2704068719303,2.11087738769459,0.344784229233089,-0.240967404428308
"TraesCAD_scaffold_116732_01G000100",3.09745334652071,0.763185890544271,1.89685976333633,0.370511518599034,1.11830237156972
"TraesCAD_scaffold_027984_01G000200",3.09742439194337,1.85008511271733,4.69152737848778,-0.083540187464703,0.798609853975182
"TraesCAD_scaffold_013147_01G000900",3.09647392840156,2.70127092510007,4.16534467332658,0.38655636218133,-1.47497990178434
"TraesCAD_scaffold_122318_01G000300",3.09432867396548,2.97191276867327,5.5402321232218,0.559318379489134,-1.62245883987489
"TraesCAD_scaffold_008779_01G000100",3.09365830843375,2.9890208490123,6.88471943852221,-0.0445922955120034,-2.73775631711763
"TraesCAD_scaffold_017263_01G000100",3.09264803333733,1.82155992264839,4.80817853058518,0.881461710860567,1.63364021020967
"TraesCAD_scaffold_058994_01G000200",3.09239328889667,2.74395206627804,7.04724846485359,-0.315826536081037,-0.663157918454766
"TraesCAD_scaffold_052724_01G000300",3.09200534503644,2.51070947782084,2.92280029230235,0.87547270892713,1.83775630116059
"TraesCAD_scaffold_041162_01G000200",3.08906973778044,2.55350539144645,4.84821773327902,0.454358772835903,-0.9740204159062
"TraesCAD_scaffold_103298_01G000100",3.0879045330742,2.77478834207562,6.53026889116605,-0.490453276361753,-0.146343882872713
"TraesCAD_scaffold_038337_01G000100",3.08727863564788,2.06615932338873,2.26813675694363,0.105669909646916,1.68402170163521
"TraesCAD_scaffold_076646_01G000300",3.08589552464363,2.83292218919598,6.65766627027302,-0.373576311762683,-1.17108582232474
"TraesCAD_scaffold_112434_01G000200",3.08512071826848,2.15425729057364,4.4340985606359,0.531532331704117,-1.7173621893507
"TraesCAD_scaffold_007143_01G000100",3.08454615267376,2.74528444303909,7.49901857412545,0.338902993564606,-1.0964236923759
"TraesCAD_scaffold_013000_01G000100",3.08142963436009,2.23612608918933,6.0967434099147,-0.457465052540721,1.0912969944376
"TraesCAD_scaffold_069741_01G000100",3.07877875135996,2.83274960423708,6.23429540637621,-0.020739116137362,-0.298902714137033
"TraesCAD_scaffold_001967_01G000200",3.07810750635119,1.46100977582318,2.11145520180964,-0.12441371843022,-0.514671148576553
"TraesCAD_scaffold_027507_01G000500",3.07808664903359,2.93776078587168,5.66369888191924,0.31368062302332,-1.35039606324535
"TraesCAD_scaffold_048965_01G000500",3.07760935198778,2.01138806289277,3.79145348167961,0.348697378276525,2.85307628017854
"TraesCAD_scaffold_046841_01G000100",3.0764778820997,2.55137804625537,6.68626229059837,-0.140862217772036,-1.59893976389958
"TraesCAD_scaffold_080269_01G000200",3.07529271360575,2.70269463297821,5.69076252336565,0.312606963320677,-1.20667708249647
"TraesCAD_scaffold_058982_01G000100",3.07358870619113,1.47319948833086,0.673997255279406,0.681403906083019,0.430574414354457
"TraesCAD_scaffold_042773_01G000100",3.07213365366953,2.9327805548647,6.68864628604305,-0.131912194406038,-1.97479719873577
"TraesCAD_scaffold_145210_01G000100",3.07186888958883,2.18449795290527,4.66188095734605,-0.521188692896235,0.439709228890725
"TraesCAD_scaffold_116313_01G000100",3.07063202511539,2.63778140774256,4.04793599835567,0.361427709145647,-0.647039436743279
"TraesCAD_scaffold_001948_01G000100",3.0696234099476,1.5136466635001,3.42679350404603,0.34772204285168,0.255408025207164
"TraesCAD_scaffold_011409_01G000500",3.06853669510215,2.81191322341372,5.36328806217255,0.534347852635515,-1.42381522898059
"TraesCAD_scaffold_062137_01G000100",3.0679707050801,2.29587510960292,2.04777129965563,0.404875227464598,0.902778071478106
"TraesCAD_scaffold_038108_01G000200",3.06646503542019,2.92032512964705,4.78009201529992,0.112379580685814,-2.26958936523934
"TraesCAD_scaffold_017555_01G000100",3.06479194876393,2.72722298137065,6.60399384944986,-0.0672558980903677,-1.11969698184766
"TraesCAD_scaffold_063958_01G000100",3.06472354233747,2.97971167538572,6.55323609271352,0.34928646157095,-2.71857214226292
"TraesCAD_scaffold_085175_01G000200",3.06359946402156,2.07227526848793,2.60104912777697,0.333182148495364,1.42540574326985
"TraesCAD_scaffold_048614_01G000300",3.06295624480259,1.74553318166474,2.90651178905166,-0.114801204066426,1.02263914308121
"TraesCAD_scaffold_046543_01G000100",3.05984168713586,2.19894337420446,4.68218519443128,0.01875634056415,-0.207753081095164
"TraesCAD_scaffold_120988_01G000100",3.05955017398035,2.80902729976424,6.93768179152017,0.0704165474140074,-2.10844031336434
"TraesCAD_scaffold_067463_01G000300",3.05778849977482,2.1055827831473,2.75027137804083,0.333708661507241,2.8046511838486
"TraesCAD_scaffold_072952_01G000100",3.05742260040302,1.86553460026971,3.51275323009372,0.205831899616249,1.64675467200741
"TraesCAD_scaffold_076838_01G000300",3.05731324254555,2.37310179388654,7.50835234665622,-0.347543497821958,-0.74805712554652
"TraesCAD_scaffold_000557_01G000100",3.0552750133834,0.831593599538468,1.14626323775771,0.485470816548716,0.447899698982461
"TraesCAD_scaffold_091117_01G000100",3.05413723256619,1.17168276200002,2.93197892352061,0.153479005631775,2.76660456354177
"TraesCAD_scaffold_030724_01G000200",3.05357782989695,1.67115300579329,1.95520801209356,-0.776971155521191,-1.42527719462355
"TraesCAD_scaffold_013198_01G000800",3.05323246527791,1.742258293122,3.2730321868814,0.0546698900521976,0.116309712967645
"TraesCAD_scaffold_010085_01G000300",3.05189187877368,0.697936999104479,1.46857911591255,0.419865329313279,1.65980099016518
"TraesCAD_scaffold_070049_01G000200",3.05104314016672,1.87203755337593,6.04710515609315,0.472157254198229,1.57978030146888
"TraesCAD_scaffold_093184_01G000100",3.05002601891471,2.68344481252935,4.87298397656887,-0.55871854577632,2.84149324762267
"TraesCAD_scaffold_055130_01G000100",3.04997371148571,2.52456842343179,2.82915184049367,0.464872230118565,-0.62666591511139
"TraesCAD_scaffold_064850_01G000100",3.04906469133627,1.45523671545098,3.65279048677521,-0.140332519016689,1.46938316179159
"TraesCAD_scaffold_072463_01G000200",3.04851071055512,2.69518393678778,6.44751385872488,-0.121459500114121,-2.47141452017995
"TraesCAD_scaffold_083344_01G000200",3.04761188110829,2.65011897938809,8.1365028828085,0.281181774121292,-0.305099251236238
"TraesCAD_scaffold_038307_01G000100",3.04739077552424,2.90109657126221,5.28825997708605,0.492322882935863,-1.72327648843821
"TraesCAD_scaffold_018802_01G000100",3.04703856729141,2.8985959157897,6.31680291492088,0.530142239931113,-2.65834836299444
"TraesCAD_scaffold_013162_01G000600",3.04574305337419,0.992312211671161,1.17182670919758,0.438850058117916,0.73010772421676
"TraesCAD_scaffold_011115_01G000700",3.04554099151383,1.24395623565477,4.42323206265754,-0.317942805728481,2.56186165498219
"TraesCAD_scaffold_082692_01G000100",3.04496818708797,2.26723286082316,6.22642992609886,-0.689020435017583,1.23691307303574
"TraesCAD_scaffold_050454_01G000100",3.04094461685342,2.94316520218181,3.05996675907516,0.642619002077717,1.45668373661641
"TraesCAD_scaffold_008772_01G000400",3.04077556972418,2.53121028672392,5.37920500272246,-0.0592708574724263,-0.680969165789609
"TraesCAD_scaffold_016488_01G000700",3.03907658757727,2.06028197489649,4.02914686875751,0.295584019359707,-0.587419448858679
"TraesCAD_scaffold_074603_01G000200",3.03766881805451,2.83852059892551,6.43665166635376,0.308199664036304,-1.96011204724294
"TraesCAD_scaffold_112748_01G000100",3.03761498029845,2.62182807723109,3.85303897236712,-0.377050896493155,0.373080492794542
"TraesCAD_scaffold_072169_01G000200",3.03604225982772,2.20858728254762,4.60783821784,0.376589705205094,-0.809122197364863
"TraesCAD_scaffold_013017_01G000600",3.03567117995853,2.87071426494638,6.05862102938255,0.0220237393631461,-1.48131603341102
"TraesCAD_scaffold_067137_01G000500",3.0337356869781,1.39273731779868,3.49839511634187,0.229973762185874,1.31762168286912
"TraesCAD_scaffold_004055_01G000200",3.03325371557163,0.875089601378467,2.9820429002672,-0.588995781250067,3.0990343118788
"TraesCAD_scaffold_093015_01G000100",3.03295485441651,2.25342317708956,6.3964564290838,-0.200351270293068,1.01029170331013
"TraesCAD_scaffold_094300_01G000100",3.03207025530057,2.03172915939004,1.16340617641055,0.68590477772453,0.194208018525235
"TraesCAD_scaffold_108641_01G000300",3.03038906272438,2.27630420554378,4.08178083763032,-0.326918786092419,-0.803396168566954
"TraesCAD_scaffold_018291_01G000100",3.02806548149591,2.65323877615645,5.96140347083316,-0.347562371802648,-1.38573922722877
"TraesCAD_scaffold_004007_01G000700",3.0271823642956,2.22683284198837,1.9546016142965,0.706309779212039,0.442686832662748
"TraesCAD_scaffold_091889_01G000100",3.02706035737064,2.72869928736392,6.07870454733001,0.146835693155281,-1.46925526989142
"TraesCAD_scaffold_017030_01G000500",3.02670912097885,2.14493115939555,5.63797951460475,-0.65158472336945,0.172057529505932
"TraesCAD_scaffold_083382_01G000100",3.02608178300149,1.99245071478766,2.32954724410411,0.648049222465938,1.4054597269161
"TraesCAD_scaffold_006116_01G000300",3.0254794540598,1.6405346734481,4.69095031444297,0.228616616186052,1.48558624378611
"TraesCAD_scaffold_005326_01G000200",3.02397020566769,2.63841105199819,4.92720856079732,0.427528224516651,-1.2231542775583
"TraesCAD_scaffold_066304_01G000400",3.02305149732172,1.79670948920909,6.9450614003494,0.354555974078843,0.773852545028341
"TraesCAD_scaffold_042798_01G000300",3.02267289623737,2.06290441424939,4.62624592539088,0.362428116911579,0.854188830899748
"TraesCAD_scaffold_026627_01G000600",3.02135477961638,1.18044673464893,1.93225721629754,-0.0401691995386249,0.316536677350986
"TraesCAD_scaffold_034054_01G000100",3.02130900784313,1.24460199751963,4.80379357800607,0.0419491915132212,1.13906140063412
"TraesCAD_scaffold_093310_01G000500",3.02077172804829,2.79327775583344,5.15408705421418,0.0826064652616351,-0.362628336512005
"TraesCAD_scaffold_059529_01G000100",3.01938560578596,2.80863041904194,0.999693361941068,0.895030166625238,0.20797852380378
"TraesCAD_scaffold_057762_01G000300",3.01753099317135,2.63363038065416,4.10576951898964,0.250517412102464,1.67935310236074
"TraesCAD_scaffold_021327_01G000400",3.01695870195796,2.61868925943165,5.45965241521837,-0.0151550059368352,-1.85688665606458
"TraesCAD_scaffold_061920_01G000300",3.01680538260768,1.59009429460845,3.520064660174,0.238797813272925,2.09446807400754
"TraesCAD_scaffold_009685_01G000200",3.01665540593274,2.88377169989616,6.77853734990149,0.0362537083759729,-1.83947250943721
"TraesCAD_scaffold_064514_01G000200",3.01462672151407,1.18860064604361,4.25039215004244,0.172738442914178,1.41674422111243
"TraesCAD_scaffold_029385_01G000700",3.01315723131832,2.72264511167718,7.52016458349022,0.053877450179232,-1.2705644224335
"TraesCAD_scaffold_040029_01G000500",3.01295460823459,2.43398672335321,4.63126134695649,0.178999714388931,1.91323779734636
"TraesCAD_scaffold_072619_01G000300",3.01197437763593,2.8423480288955,5.29907428090872,0.426681670698825,-1.82214205054179
"TraesCAD_scaffold_057016_01G000100",3.0113497571807,1.76820966423091,5.95376979641577,-0.732860552623194,-0.311647785861466
"TraesCAD_scaffold_148322_01G000100",3.01121707329766,2.23908168237729,8.85678867072842,0.475288070577021,0.499661513068644
"TraesCAD_scaffold_001680_01G000100",3.00767521606644,2.87906982359046,3.62564761108387,0.350174729931879,0.00344960130808976
"TraesCAD_scaffold_071835_01G000100",3.0074094713934,2.85714883614633,5.04470375264549,0.531507212604682,-2.22589048313479
"TraesCAD_scaffold_000739_01G000100",3.00669547677323,2.65670255639594,5.2205755095581,0.325335075147881,-1.83265089340299
"TraesCAD_scaffold_097117_01G000100",3.00648273623922,2.45647575739237,4.78854241616389,0.302654915089812,-1.12004635750767
"TraesCAD_scaffold_016817_01G000300",3.00589091804145,2.79734586335236,6.71686655415219,0.156835888739279,-1.80511547018502
"TraesCAD_scaffold_106535_01G000100",3.00579915792491,2.38965424685806,2.05399140313321,0.798592768193081,2.55908602074221
"TraesCAD_scaffold_119076_01G000200",3.00385625318036,2.62869613800269,5.85882020281263,0.0122843614369913,-1.23693144543378
"TraesCAD_scaffold_105354_01G000200",3.00346109629925,2.64200618475499,2.69785784228209,0.263591945870617,-0.329807789079336
"TraesCAD_scaffold_077861_01G000300",3.00342379493007,2.66825557805279,4.33463478703781,0.178620800953781,-1.52953215289758
"TraesCAD_scaffold_059375_01G000100",3.00298488875809,2.53688711025353,4.00752592679414,0.45739417708901,3.08637141274571
"TraesCAD_scaffold_036259_01G000100",3.00050773466735,1.5291880179414,0.888273114022237,0.453312408460891,0.669942408486213
"TraesCAD_scaffold_070969_01G000100",3.00017290643679,2.67347854400915,1.24215285115,0.594881371539922,0.382204455814515
"TraesCAD_scaffold_001434_01G000400",2.99811204918592,2.88444460461315,6.29630424177043,0.320091450598263,-2.66370839197073
"TraesCAD_scaffold_056810_01G000200",2.99786086979374,2.37670151181311,4.68388498273064,0.306409763979416,-0.956481367843742
"TraesCAD_scaffold_112916_01G000200",2.99651527742204,2.6376679067971,5.08234177998968,-0.0853445264180862,0.325833797118921
"TraesCAD_scaffold_011521_01G000100",2.9964631316403,2.83798707918934,5.88697307555044,0.199236740718633,-0.611604579135549
"TraesCAD_scaffold_032341_01G000100",2.99586632795675,2.96568031160689,6.79448835121991,0.0763220166864237,-3.2883606026792
"TraesCAD_scaffold_021128_01G000100",2.99556967666043,2.89774416269538,5.41171555074375,0.596188693946827,-2.00531374709919
"TraesCAD_scaffold_081250_01G000200",2.99466116130344,2.00594198186924,5.71170992544564,0.0886001468517123,0.933720479428533
"TraesCAD_scaffold_020692_01G000100",2.99416028457948,2.72127993812478,5.37802406862098,0.465089682423461,-1.14543826652361
"TraesCAD_scaffold_027371_01G000100",2.99360469954131,2.42443393445155,5.41648950981034,-0.474843794078049,0.732869408692881
"TraesCAD_scaffold_071354_01G000100",2.99351994099301,1.97030569075549,2.66679258149033,0.442606800432032,0.182541116161349
"TraesCAD_scaffold_116904_01G000100",2.99310785560868,2.64110953255566,3.55908989446055,0.223415233477605,1.49678318000086
"TraesCAD_scaffold_050281_01G000200",2.99270798613433,2.56623333909757,6.85490028268096,-0.0497860910520329,-0.749899179319217
"TraesCAD_scaffold_032187_01G000100",2.99259070284142,1.06811382469457,1.98572853298271,0.508954928901735,1.04166766515946
"TraesCAD_scaffold_040027_01G000100",2.99225835508537,2.87765505942181,7.19217332163213,0.677299653330663,-1.74043984039196
"TraesCAD_scaffold_127279_01G000300",2.99224268925423,0.43098654394185,1.47189726423596,0.231137842829283,1.13360357908362
"TraesCAD_scaffold_009985_01G000100",2.99196127548902,1.51405447517948,2.6827625565376,0.366972779749229,-0.0150038967792726
"TraesCAD_scaffold_018186_01G000100",2.989178229635,2.20954733447666,2.84979494366632,0.493503509269558,1.91827727482736
"TraesCAD_scaffold_004756_01G000100",2.98904857715068,2.27656843847436,7.09658775819035,-0.0589147643303293,-0.188359355284139
"TraesCAD_scaffold_028329_01G000700",2.98865521174885,2.71135928243913,2.83913278922487,0.547683509901815,1.34785619263113
"TraesCAD_scaffold_063759_01G000200",2.98809310990908,1.90160135230039,3.85215471465856,-0.345366077034325,-1.36479746256742
"TraesCAD_scaffold_045411_01G000200",2.98619385873789,2.57355432937398,4.25079431442002,-0.0205686570128788,-1.15799847237209
"TraesCAD_scaffold_007406_01G000100",2.98497125897331,2.46402122076979,5.58385616867921,-0.408586206070353,-1.04787085845507
"TraesCAD_scaffold_016407_01G000100",2.98458395672323,2.37475863353708,4.1702335946659,-0.156141861696519,-1.44624019658488
"TraesCAD_scaffold_042570_01G000200",2.98349702125442,2.56888827151229,3.06506594927786,0.571876438387542,-1.10074999994111
"TraesCAD_scaffold_009913_01G000200",2.98294157749259,2.63304352969928,5.19485959576459,0.20542838031876,-1.13178238135506
"TraesCAD_scaffold_065111_01G000200",2.98287573700578,2.84049044911068,5.72398575616302,0.411786015039376,-1.87287105902573
"TraesCAD_scaffold_012136_01G000100",2.98138840033336,2.53571002360896,3.61712406538142,-0.527310868774555,1.89667261457892
"TraesCAD_scaffold_020663_01G000300",2.97993222441998,2.79029600306997,5.65572879612073,0.0981484203650952,-1.02400544387323
"TraesCAD_scaffold_058741_01G000100",2.97879592289636,2.85200743897477,4.63968193821362,0.564781632152327,-1.39285778147059
"TraesCAD_scaffold_055215_01G000100",2.97818272000545,1.26233685264069,4.63750609873111,0.579313424477938,0.358921037773366
"TraesCAD_scaffold_090041_01G000100",2.97519618172864,2.34058066916791,6.62500783621165,0.208959051095001,0.800309398707376
"TraesCAD_scaffold_080759_01G000200",2.97420155371454,2.05220458592232,3.89982617471145,0.215043574466234,0.0266347143673358
"TraesCAD_scaffold_013038_01G000500",2.97377019425687,2.55749051123826,5.26912012857973,-0.740953338355206,-0.399643303783378
"TraesCAD_scaffold_034107_01G000200",2.97319105938663,2.75171452529352,5.18976466077816,0.596822308635571,-1.60270537599386
"TraesCAD_scaffold_064667_01G000100",2.97237238074534,2.4033661095498,5.66458933903146,-0.360497031690558,-1.04018774169944
"TraesCAD_scaffold_023645_01G000100",2.97199886744089,2.05439287945661,4.31028175156807,0.593915090056614,-0.721403215591984
"TraesCAD_scaffold_014229_01G000200",2.96986102009986,2.82691594637559,5.37756408886227,0.433408417893617,-2.2173054594617
"TraesCAD_scaffold_010195_01G000200",2.96715667244094,1.82752179679875,4.64680658456131,0.259218581063449,-1.73606962881804
"TraesCAD_scaffold_036536_01G000100",2.96622165653242,2.5312991897564,5.71470111256158,-0.0939791756957165,-0.090728445735888
"TraesCAD_scaffold_013918_01G000100",2.96617828052281,2.67755881578365,6.80434352537834,0.0399897677114017,-1.75915900602708
"TraesCAD_scaffold_100849_01G000200",2.96405477785142,2.88146084362493,6.7787066998676,-0.0631360862865181,-3.00578844683102
"TraesCAD_scaffold_063110_01G000400",2.96253871000674,2.49549836852267,7.41884423706721,-0.456427537633732,-0.94342151215417
"TraesCAD_scaffold_020104_01G000400",2.96038294060009,2.83257602880259,5.20000384338996,0.615548602245294,-1.79255567088252
"TraesCAD_scaffold_022064_01G000400",2.95767582527683,1.30640371626159,1.35673457740192,0.035118317725255,1.25671839181909
"TraesCAD_scaffold_120717_01G000200",2.95652340877214,1.86487273874472,0.450279824444362,0.704096106724449,0.294376740076445
"TraesCAD_scaffold_125360_01G000200",2.95597007709819,2.40286918327277,4.25865529831914,0.238015993307468,1.62528502571306
"TraesCAD_scaffold_132985_01G000100",2.95588142549658,2.77400462866661,5.53510675947715,0.557935840172978,-2.49983166299257
"TraesCAD_scaffold_278590_01G000100",2.95439945857868,2.72777833718985,6.90357285665178,0.218617983392828,-1.54343377941573
"TraesCAD_scaffold_070666_01G000200",2.95280802862571,2.50117720353741,4.83455314476905,0.453227616713872,-1.09927979615361
"TraesCAD_scaffold_092753_01G000200",2.95256466944822,2.65635160267017,6.89745343322121,0.025731207239333,-1.1495066730951
"TraesCAD_scaffold_000372_01G000100",2.95219763412782,1.67084025899239,2.24650891534748,0.326046741975899,2.83316353549067
"TraesCAD_scaffold_248669_01G000100",2.95212220631024,1.9894732042679,6.72611823130731,-0.281317557862652,-1.62361768008243
"TraesCAD_scaffold_093901_01G000200",2.95029608473752,2.20751403623932,4.63680395573365,0.423975564881389,-1.42078317102226
"TraesCAD_scaffold_034030_01G000200",2.95012013407311,2.07243093768133,5.23589215208518,0.498174339207738,0.473104648715605
"TraesCAD_scaffold_034316_01G000900",2.94975183152845,0.766587876323674,1.87915310334892,0.717543789575541,0.0547239347794972
"TraesCAD_scaffold_218475_01G000100",2.9496360320056,2.44585558630269,4.54085831670878,0.0044568074006617,-0.325917060381656
"TraesCAD_scaffold_065351_01G000100",2.94652497329015,2.64231896915919,6.20641056536134,0.0890494101954597,-1.66377858248995
"TraesCAD_scaffold_041779_01G000100",2.94429991342257,1.38968461332827,3.24877161406929,-0.162169965483216,0.26747624796829
"TraesCAD_scaffold_1029698_01G000100",2.94398587097954,1.95817632310286,3.50753694589325,-0.160564733128812,-1.13311869451802
"TraesCAD_scaffold_072500_01G000100",2.94385513364504,2.86369821361309,5.74047834502401,0.743168449172866,-2.62073019692261
"TraesCAD_scaffold_125864_01G000100",2.94246169279709,2.81936566056222,5.2018250232446,0.136427885111806,-0.975410316510315
"TraesCAD_scaffold_062404_01G000400",2.94143133471436,1.53902690040511,3.99904729454463,0.373937708408184,2.50147779778479
"TraesCAD_scaffold_050152_01G000200",2.94073517684786,2.23121311931969,6.10569377047859,0.0691100947458814,-1.04777517088061
"TraesCAD_scaffold_036179_01G000100",2.93886513149109,2.04124387059269,3.66549208089943,0.145943262519648,0.623703557333767
"TraesCAD_scaffold_046277_01G000400",2.93866953279625,1.72810954070095,6.57765417901888,-0.00601652477036276,0.509350384343457
"TraesCAD_scaffold_109362_01G000200",2.93767637167655,2.67574984139952,5.7020279141933,0.15790253711604,-0.467090184009245
"TraesCAD_scaffold_078053_01G000100",2.93748752233347,2.63310376728929,5.51493306324695,-0.105790028802476,-1.21644184417189
"TraesCAD_scaffold_112291_01G000400",2.93258954846305,0.487592524920904,2.46519084486148,0.0508127259988776,1.34531202220889
"TraesCAD_scaffold_057036_01G000100",2.93165023589177,1.6049234043631,4.80236522677085,-0.211297572750857,1.3301133433186
"TraesCAD_scaffold_000214_01G000100",2.93087678740386,2.06661057268534,5.26936351625417,0.451768947283919,-0.0269513697079063
"TraesCAD_scaffold_073518_01G000200",2.9286662779164,2.63473955552456,6.19756235605911,0.148972530376463,-2.08391736156806
"TraesCAD_scaffold_034926_01G000300",2.92392281625036,2.7924596522733,3.79610061172446,0.663409848811703,-0.939302585640413
"TraesCAD_scaffold_004067_01G000300",2.92079228796928,2.84868688325936,4.39614392057418,0.883500063285284,-1.51299357109197
"TraesCAD_scaffold_042804_01G000300",2.92062860086994,1.52857612178321,4.8824754938979,0.536208949255583,-2.19548468865807
"TraesCAD_scaffold_013194_01G000100",2.9204272644191,2.16311189620164,5.85943181634709,-0.806751060387271,0.748450311943601
"TraesCAD_scaffold_081135_01G000100",2.91895903923457,2.08797498984838,5.95411938410677,-0.461101450249366,-1.62250560068298
"TraesCAD_scaffold_067693_01G000100",2.91890547004669,2.61103788739902,6.54693050024927,0.591116734337026,-1.89214678552807
"TraesCAD_scaffold_098457_01G000100",2.91799343744031,2.75369785296304,6.35018469083729,-0.00979809896409905,-0.94083548383006
"TraesCAD_scaffold_043376_01G000300",2.91768896814996,1.2958797165411,1.83714717519951,0.556898753609232,0.0246305196195363
"TraesCAD_scaffold_051316_01G000100",2.91603941164991,1.8234121312164,4.06410637036518,-0.799802426755039,0.83852320420819
"TraesCAD_scaffold_020550_01G000300",2.91388238474831,2.02115442441294,3.38149359048,-0.111585474095556,2.52730826622126
"TraesCAD_scaffold_003954_01G000100",2.91301714341631,2.77150878706619,5.8377525471414,0.137857899598256,-1.68982839054573
"TraesCAD_scaffold_070023_01G000200",2.91260374225876,2.72442661533538,4.17010089843374,0.191149286405938,-1.02387650431154
"TraesCAD_scaffold_072286_01G000100",2.91236833217238,2.03818757008033,6.9985990874276,-0.0385469930920783,0.528312488380489
"TraesCAD_scaffold_091238_01G000300",2.91176324444354,2.77770335369362,3.41634446497,-0.303507961765117,-1.65604978109789
"TraesCAD_scaffold_065547_01G000200",2.90845364558955,2.85888873812063,5.67245827303863,0.394081385426448,-2.01929664978111
"TraesCAD_scaffold_098987_01G000300",2.90830757812311,2.60354877276189,5.90451157023277,0.089022170685513,-1.7181482642132
"TraesCAD_scaffold_010542_01G000200",2.90660361564611,2.28923742919591,1.41733494774549,0.762495646369875,-0.767226280085347
"TraesCAD_scaffold_015651_01G001000",2.90546614007288,1.56001681219593,2.67162280106903,0.285324915117069,1.51597500211431
"TraesCAD_scaffold_001889_01G000100",2.90528953179295,2.55923112208963,5.12929964870564,0.35431719451071,-1.37368534496586
"TraesCAD_scaffold_072302_01G000100",2.90461984748643,0.948905899891823,2.51113154753148,0.0460366653293437,2.08265919602924
"TraesCAD_scaffold_032854_01G000200",2.90315736093312,2.3677034666941,3.63818002121367,-0.696907103957505,1.66977343899441
"TraesCAD_scaffold_028756_01G000100",2.90253063195217,1.77442744572897,0.881486587583172,0.908949809815236,0.906806351808792
"TraesCAD_scaffold_010512_01G000200",2.90185981158923,2.58097960094089,7.14060809181418,0.0689710243623597,-1.33650462703339
"TraesCAD_scaffold_065971_01G000300",2.90101477127144,2.0290990195783,1.44295980886339,0.867056673040287,0.716998963839243
"TraesCAD_scaffold_063516_01G000100",2.90058621137567,2.80797366511051,5.43115652787855,0.328486461641983,-1.83929765640498
"TraesCAD_scaffold_032808_01G000200",2.89997142762825,1.45998684972396,3.20969749004455,0.295510814767173,0.977048784510636
"TraesCAD_scaffold_014444_01G000100",2.89721626841994,2.22363640456435,0.951991631691659,0.783532704701665,0.171666683116842
"TraesCAD_scaffold_059799_01G000200",2.89703095463967,1.91302116128629,5.11458908778568,-0.445265479791927,-1.84470798779013
"TraesCAD_scaffold_029833_01G000700",2.89595681311797,2.49179605691319,4.90191753352166,0.316115398201066,-1.21909393322067
"TraesCAD_scaffold_069714_01G000200",2.89454135026064,2.19779431041868,7.87938912698993,0.0892683051216621,-0.563174005027891
"TraesCAD_scaffold_072501_01G000100",2.89444226477728,2.54483554421017,1.46639155467044,0.7834292779945,-0.577072151497255
"TraesCAD_scaffold_035052_01G000300",2.89398034697154,1.65747015187127,3.81446928397109,0.770962896328522,2.23802495460177
"TraesCAD_scaffold_114051_01G000300",2.89377497658381,2.72945266322042,6.37634634537341,0.00543631088964271,-0.876984787307531
"TraesCAD_scaffold_087594_01G000200",2.89353043562447,2.38928379205848,4.57855797932229,0.421393011788605,-0.951503073886883
"TraesCAD_scaffold_004264_01G000300",2.89339427153951,1.61598665081115,3.71812871966677,0.454264939364539,-0.179777013203379
"TraesCAD_scaffold_055060_01G000200",2.89298199962006,2.64310511084387,5.17581538627174,0.16188725567136,-0.193633430536709
"TraesCAD_scaffold_063965_01G000100",2.89277833102719,2.78491310284876,5.32686779210973,-0.298640879353561,-0.73731873658653
"TraesCAD_scaffold_173197_01G000100",2.8926470678225,2.79093639261644,6.52605888200249,-0.133340950886457,-2.10642026017815
"TraesCAD_scaffold_073813_01G000100",2.89194440166734,2.65225361740087,4.83710839142872,0.625786045155096,-1.3521689166814
"TraesCAD_scaffold_037839_01G000200",2.89124904761884,0.602269308077078,0.491059690687729,0.908467476433275,0.0267887581967427
"TraesCAD_scaffold_170785_01G000100",2.89094097929,2.76500031039357,3.85301237830267,0.112278544049101,-0.651048988466757
"TraesCAD_scaffold_003021_01G000300",2.89073599902235,2.16249980563326,4.67937866581439,0.62072225732236,2.03245495210674
"TraesCAD_scaffold_003422_01G000200",2.8906874194874,1.67482271929149,5.12471049802946,0.0173915181941631,1.45462757463829
"TraesCAD_scaffold_016782_01G000100",2.89050096299813,2.85813012889188,6.52786673497151,-0.357503159254995,-0.924468994662375
"TraesCAD_scaffold_117027_01G000100",2.889398207588,1.68528734133244,3.22826911113694,-0.0159170372343309,-1.37772387051132
"TraesCAD_scaffold_067112_01G000100",2.88907758495779,1.42926865827561,2.40094805436399,-0.375538197090037,-0.871368734063833
"TraesCAD_scaffold_092869_01G000100",2.88882550175968,1.59352316500278,3.36769647876587,0.603654998308,2.01402359490213
"TraesCAD_scaffold_001578_01G000200",2.88820292765347,2.37644072117296,6.27874966947222,-0.0515637817281941,-1.6804234359949
"TraesCAD_scaffold_021246_01G000300",2.88620162257778,2.47495349839102,5.29939802414399,-0.133274881758467,-1.62079496682597
"TraesCAD_scaffold_000119_01G000600",2.88606523268774,1.60104318929308,3.25726304497759,-0.136041026232396,-0.430125147042333
"TraesCAD_scaffold_084935_01G000200",2.88408941723619,2.29151765480565,4.47231021236773,0.25203842327565,-0.44372563692429
"TraesCAD_scaffold_036909_01G000200",2.88232083167911,1.44526912958012,1.31391667397974,0.76558556671212,0.446895216248121
"TraesCAD_scaffold_039616_01G000300",2.88226651591174,0.969280966549313,3.8735577067183,0.0857726890791943,-0.977812543816217
"TraesCAD_scaffold_057685_01G000200",2.88025991488963,2.38030824588264,5.02126707200699,0.182342685413585,-0.826112704612587
"TraesCAD_scaffold_006603_01G001500",2.88014879445486,2.85418549482158,6.84469980427184,-0.31095749238282,-1.72178929096672
"TraesCAD_scaffold_097600_01G000200",2.87941101865876,2.72642794386138,5.96983798153301,0.141481703830249,-1.52976427420183
"TraesCAD_scaffold_017514_01G000300",2.87766731903455,2.07085865453388,3.13479177660017,0.0196376702476798,1.50690196087239
"TraesCAD_scaffold_112619_01G000100",2.87637599966591,2.57014516357391,3.7978870078073,0.353099857456453,0.383465540902674
"TraesCAD_scaffold_026055_01G000200",2.87636785442715,0.993299202794818,5.16269358540077,-0.659695477946724,-1.23882386754269
"TraesCAD_scaffold_081662_01G000300",2.87371820716591,1.73481022608264,2.84016782349005,0.63440896480547,-0.132431220441954
"TraesCAD_scaffold_000327_01G000400",2.87343235580431,2.69173235787831,4.89513898669688,-0.555649079767019,-1.74458137574969
"TraesCAD_scaffold_176749_01G000500",2.87215765194966,2.05400294009045,4.06965087151226,-0.965178816646168,-0.311347433635494
"TraesCAD_scaffold_008366_01G000100",2.87053566641193,2.59371677504114,5.25430114167597,0.148674208051999,-0.709415635391899
"TraesCAD_scaffold_052639_01G000100",2.86907696698487,0.596960046033208,1.02460471054449,0.422744527703256,2.22415340550579
"TraesCAD_scaffold_058271_01G000200",2.86901958309738,1.72944282730639,3.56101523135394,0.619675980647728,2.16310524707534
"TraesCAD_scaffold_019107_01G000600",2.86823516538187,2.46579683022384,4.79215162746328,0.509649785744727,-0.847615164905054
"TraesCAD_scaffold_053824_01G000800",2.86772488288694,2.76526265239232,4.90647723864154,0.622797040976222,-1.42546086721302
"TraesCAD_scaffold_134875_01G000300",2.86592442940113,2.14836523459847,3.2272505280831,0.628449156759489,1.3302406924059
"TraesCAD_scaffold_080905_01G000400",2.86502140703683,1.62982082461429,2.99359862632366,0.565240638466012,-0.217758392878037
"TraesCAD_scaffold_040802_01G000300",2.86401156821243,1.42322870535425,2.35078963126588,0.289581994294398,1.25460150127664
"TraesCAD_scaffold_101518_01G000100",2.86244785077271,2.6952552069317,3.47860888633876,0.538952142733428,-1.46418102365832
"TraesCAD_scaffold_118798_01G000100",2.85953313756819,2.01234034881881,4.29462304769095,0.439247355072273,-1.13868130871207
"TraesCAD_scaffold_014849_01G000300",2.85923115868783,2.63985978275371,5.61327345997962,0.194484595295237,-1.49648148552925
"TraesCAD_scaffold_089821_01G000200",2.85911374478724,1.768715172648,1.60734749398525,0.810296001697091,-0.0186524967687983
"TraesCAD_scaffold_009097_01G000100",2.85736530197683,0.88791702657262,0.961550951710414,0.640227365819828,1.43758873108477
"TraesCAD_scaffold_120864_01G000100",2.85556086059323,2.74735798157726,5.43452909681356,0.565210770718381,-1.79436919144128
"TraesCAD_scaffold_010553_01G000100",2.85532145442275,0.471692619322661,1.06110252998958,0.43934490484235,0.599171793288711
"TraesCAD_scaffold_077861_01G000100",2.85491525631746,1.69040100338542,1.42506046326096,0.455075929239949,1.97632487062356
"TraesCAD_scaffold_104426_01G000100",2.85356466153745,1.57341606283828,2.51185366702762,0.532626005616455,0.181169370465078
"TraesCAD_scaffold_041772_01G000500",2.85351746400393,1.71497887823579,1.82669243347864,0.269712110783324,1.25077874143811
"TraesCAD_scaffold_051392_01G000100",2.85339740586436,1.932160286292,1.61042440142603,0.529428278408673,0.841326371057777
"TraesCAD_scaffold_013452_01G000200",2.85194441778373,1.43622838794852,1.46022409327385,0.365697501727454,1.94422175056666
"TraesCAD_scaffold_013424_01G000300",2.85099315665311,1.71773621279195,3.57600589302554,-0.0570675230110607,1.94673820120252
"TraesCAD_scaffold_000975_01G000100",2.85085509131784,2.12384971424684,1.72930360828536,0.750038925845672,-0.842237101268455
"TraesCAD_scaffold_106188_01G000200",2.84975260862235,2.10160842430265,2.94665567323614,0.493314126123211,-0.498646048310705
"TraesCAD_scaffold_115239_01G000100",2.84944104666853,2.23895895995115,5.85999646954131,-0.454403647554434,-0.742734942183343
"TraesCAD_scaffold_022878_01G000200",2.84739747640565,0.75472093702153,2.08227855280635,-0.136699493221692,1.30912602686941
"TraesCAD_scaffold_001851_01G000300",2.8467316090135,2.43487253159759,5.0511182135817,0.529520513105352,-1.18396462997889
"TraesCAD_scaffold_109701_01G000100",2.84635242717252,2.64692642441915,5.07419131327375,0.686835929517728,-1.66740853672392
"TraesCAD_scaffold_707343_01G000100",2.84536688233274,1.18671822094006,1.96956804428343,-0.2047453736161,0.23448569008675
"TraesCAD_scaffold_054165_01G000300",2.84481695347821,2.38141176416807,4.74366561408866,0.345931955293458,-0.762635629836604
"TraesCAD_scaffold_048965_01G000200",2.84352384257949,0.332513266752347,1.73798455757925,-0.14183843272541,1.35783753434024
"TraesCAD_scaffold_083517_01G000100",2.84340643915866,2.67994907785117,6.71729956102897,0.114224113199119,-1.05125693512812
"TraesCAD_scaffold_106785_01G000100",2.84331687109761,0.757008447946333,0.96024726578085,0.49948309119419,1.95798487835573
"TraesCAD_scaffold_127676_01G000100",2.84292091801405,2.77747705051874,3.28393873298479,0.216180435827007,-0.98981447315122
"TraesCAD_scaffold_017641_01G000100",2.84275487115606,2.51857571068705,5.36136037918064,0.277995776419164,-1.47596937432398
"TraesCAD_scaffold_048537_01G000200",2.84110336207237,2.60423803111512,7.21610464982168,0.219374156295161,-1.10199492502715
"TraesCAD_scaffold_075270_01G000200",2.84082691046549,2.4610998066614,6.71164174064099,0.704257312494985,-0.628109935597534
"TraesCAD_scaffold_071569_01G000300",2.84075140453289,1.58445975729467,4.88836071123989,0.656810626471918,1.68272599250108
"TraesCAD_scaffold_098010_01G000100",2.84047015379972,2.51812290534462,4.75384625189657,0.762849889524652,-1.63681960837211
"TraesCAD_scaffold_044875_01G000100",2.83913213471627,2.23785409713503,4.3913675060198,0.430189117850816,-0.981895161948989
"TraesCAD_scaffold_031338_01G000200",2.83654291443059,2.31256664145774,6.65301025539078,-0.260486942709267,-1.04856200021753
"TraesCAD_scaffold_036316_01G000100",2.8364507383096,1.07148256106399,4.87086001944403,0.109412370444664,-0.617014783666693
"TraesCAD_scaffold_006038_01G000300",2.83531092093076,2.75167281393971,6.54710162892477,0.132719538722828,-2.07009628681848
"TraesCAD_scaffold_036214_01G000100",2.83405000799387,2.63668977851804,5.76654089507185,0.413053294493606,-1.99363806537465
"TraesCAD_scaffold_042808_01G000200",2.83330844271779,2.64236588488062,5.26919506419917,0.0626269106654292,-1.49036820373424
"TraesCAD_scaffold_130105_01G000100",2.83282052744682,2.69100837077495,3.9871538166979,-0.134450652295802,-1.05770841863387
"TraesCAD_scaffold_058206_01G000100",2.83135448312967,0.47464196866183,1.23959287280821,0.499528590851659,0.820650128441376
"TraesCAD_scaffold_103866_01G000200",2.83104429737006,2.64954244213578,6.85440387170033,0.479452091626816,-1.59419125636278
"TraesCAD_scaffold_034790_01G000200",2.82949830562369,2.52870437305089,4.63920516220684,0.57443623846637,-1.46433799495673
"TraesCAD_scaffold_069247_01G000200",2.82945445913355,2.52851870709401,4.7346120966327,0.596232740005357,-1.32635430528965
"TraesCAD_scaffold_092919_01G000400",2.82855993988636,2.35408851418347,4.84429381786096,0.627417481993272,-1.0147475591245
"TraesCAD_scaffold_002183_01G000300",2.82785583698482,2.35402225543641,4.29428417270064,0.207020356290045,-0.157343524882234
"TraesCAD_scaffold_006186_01G000200",2.82761430001635,2.66480937610402,5.52582296507926,-0.37006043111532,-2.46344999268732
"TraesCAD_scaffold_003225_01G000600",2.82632454686348,2.39550286593137,2.14252550584881,0.779055127406032,-1.22225684740051
"TraesCAD_scaffold_017534_01G000300",2.82558733375661,1.52401440561602,3.59312791120207,0.162547132768433,-0.439052487160254
"TraesCAD_scaffold_014229_01G000100",2.82525608371277,2.16452743384687,4.38979398739624,0.264945489736533,-0.330731355136522
"TraesCAD_scaffold_153674_01G000100",2.82525107915681,1.6377945759112,6.89978533552059,-0.442102989482139,-1.98310608833099
"TraesCAD_scaffold_047219_01G000700",2.82408367151794,2.71318274268755,5.77739419806327,0.735817705526561,-2.843351180653
"TraesCAD_scaffold_131654_01G000100",2.82302949682517,0.911802621877736,4.53333698801052,0.632400708332087,0.632741630172253
"TraesCAD_scaffold_145209_01G000200",2.82281701195369,2.7923185131754,5.828924919705,0.47886293431338,-2.02561441390758
"TraesCAD_scaffold_070442_01G000200",2.8213745520541,2.41499761246202,5.61185722380179,-0.638167629276909,-0.579119512205863
"TraesCAD_scaffold_047595_01G000200",2.82118339892399,1.84045115525745,0.818624588667702,0.859968403528211,-0.290977015647165
"TraesCAD_scaffold_084664_01G000100",2.820915896641,2.72064285075595,5.52978040523146,0.203884910763966,-1.89382772126177
"TraesCAD_scaffold_029973_01G000100",2.82069741931128,2.69306646183755,6.82550878473188,0.259335827679322,-2.20350598623928
"TraesCAD_scaffold_005670_01G000100",2.82066559736607,1.7506210661607,2.78339437855363,0.316913980239313,2.49093799892532
"TraesCAD_scaffold_017034_01G000200",2.81970003115532,1.7587479616531,4.01343519791411,-0.0628308561915866,-0.333770616936009
"TraesCAD_scaffold_006121_01G000500",2.81911759654329,1.91500370917042,4.33241525065451,0.384734053976665,-0.544032498597151
"TraesCAD_scaffold_005215_01G000200",2.8175950873849,2.4876100415917,4.72693811865153,0.422282322622834,-0.863669682869187
"TraesCAD_scaffold_052934_01G000300",2.8175943919322,2.55415858918448,6.40333459461531,-0.136249835883776,-0.559060975548789
"TraesCAD_scaffold_074757_01G000400",2.81659429157971,1.34602780923299,3.75983193520607,-0.085402251423626,1.81142602101878
"TraesCAD_scaffold_038942_01G000200",2.81481684401052,2.41428532461833,4.21727946722656,0.0155037499679991,-0.456702281487067
"TraesCAD_scaffold_024216_01G000600",2.81266886937307,2.39092323338237,5.00904958802558,-0.224047923725574,-1.24548546055585
"TraesCAD_scaffold_035515_01G000600",2.81190360720763,2.35851439869973,5.46103529519676,-0.444785137039034,-1.45848956077443
"TraesCAD_scaffold_056141_01G000100",2.81012149345315,2.67575283448412,6.21215324508544,0.315207711745218,-2.36710031944369
"TraesCAD_scaffold_016486_01G000400",2.80993499271991,2.379483463535,6.35731662317025,0.469442965145023,-1.73020940730293
"TraesCAD_scaffold_001820_01G000200",2.80798963796008,2.15120006364267,4.98153686293723,-0.0191502149125523,-0.31156459953509
"TraesCAD_scaffold_005321_01G000100",2.80653173854603,1.74082237799277,2.31517337716452,0.69182907468976,1.13941398140898
"TraesCAD_scaffold_016223_01G000100",2.80594844592405,2.68108673037688,3.83838332173884,0.230452977982494,-0.964252332530673
"TraesCAD_scaffold_054031_01G000200",2.80589799701134,2.51497875834329,6.16356263302804,-0.206085942815152,1.21129604557961
"TraesCAD_scaffold_006546_01G000200",2.80582783761856,2.62443694865043,6.41730213902634,0.197749129906165,-2.02582440634741
"TraesCAD_scaffold_033630_01G000300",2.8035270542769,2.32630467190422,4.02284636086676,0.178559789121431,1.717431090289
"TraesCAD_scaffold_043766_01G000100",2.80247733727027,2.61329473152134,4.83515211275869,-0.0482197914883993,-1.72800457480433
"TraesCAD_scaffold_115784_01G000100",2.80117265532131,2.72603073833403,5.55888158264688,0.624839965848767,-2.37496846250359
"TraesCAD_scaffold_041332_01G000200",2.80032792702957,2.66875110763211,6.17263301874635,0.118854250929138,-2.44850676466086
"TraesCAD_scaffold_044332_01G000100",2.79954274957596,2.59029247968045,5.99522887454751,0.430895340243746,-2.87933987029588
"TraesCAD_scaffold_005129_01G000200",2.79844094266233,2.35977902806545,3.31677725313427,0.835749921355049,-1.3810898079328
"TraesCAD_scaffold_080248_01G000100",2.7982266308787,1.40756012031813,0.592091866106998,0.900030556502266,-0.0774871479117645
"TraesCAD_scaffold_033458_01G000200",2.79765748507674,2.6640906256735,6.04639798154864,-0.0461656364909174,-1.79025691179474
"TraesCAD_scaffold_030970_01G000400",2.79752291269273,0.294816007535171,0.652047994746939,0.279146530545917,1.00503824384132
"TraesCAD_scaffold_049284_01G000200",2.79644239879768,1.69944940261461,5.91014402108381,-0.0241734025981919,-1.73144393743338
"TraesCAD_scaffold_006505_01G000200",2.79537321551227,1.86106483802427,3.19232394146657,0.591391854570712,-0.292954766749766
"TraesCAD_scaffold_082992_01G000200",2.79526472941624,1.49038615945937,0.452163919658007,0.842259408541199,-0.326371027274574
"TraesCAD_scaffold_042014_01G000200",2.79499751921021,2.69593814424922,4.99433314380733,0.80721333138712,-1.65532765696513
"TraesCAD_scaffold_060265_01G000100",2.79296222133489,1.50384067492272,4.10813624582023,-0.211338499849364,1.19202894217058
"TraesCAD_scaffold_049083_01G000100",2.79243593790527,2.65801240218987,6.92138262001153,0.544223476651552,-1.44855036506859
"TraesCAD_scaffold_027436_01G000700",2.79175080355731,2.70399097113226,6.50156293986185,-0.294149711170925,-1.56047457884825
"TraesCAD_scaffold_006049_01G000200",2.79151260723157,1.23632905426871,3.74858507306221,-0.0352314211086049,-0.0367799056781346
"TraesCAD_scaffold_046336_01G000200",2.79079437306499,1.36309084897594,2.71037759774601,0.314603301507968,1.064591978058
"TraesCAD_scaffold_034592_01G000100",2.78948575626911,2.28084967927438,2.587807001065,0.488849040858538,-0.818883442694238
"TraesCAD_scaffold_013794_01G000100",2.78876937426295,2.55318951698195,7.07693250951314,0.410113058036928,-1.51864699190802
"TraesCAD_scaffold_019638_01G000100",2.78850358128174,1.68395359389736,5.04866756436565,0.35167094678979,-0.939570405867874
"TraesCAD_scaffold_004811_01G000100",2.7873369340873,1.6549477948191,3.62777788592051,0.35001333836762,-0.3951152599507
"TraesCAD_scaffold_099636_01G000100",2.78730405691374,0.439351837049627,3.61593818138284,-0.283267747452566,0.579376227445609
"TraesCAD_scaffold_046318_01G000100",2.78629764379507,2.68300014955505,6.71046397560221,-0.32920396338485,-2.36720633717233
"TraesCAD_scaffold_093393_01G000100",2.7862322562739,1.28999688964975,4.80567534271938,0.405438222584645,0.923579304237367
"TraesCAD_scaffold_032995_01G000300",2.78264374713615,2.64158898426367,4.54397005882988,0.866716711599638,-0.847104014470897
"TraesCAD_scaffold_006571_01G000100",2.78014541551048,2.04635826727014,2.16947915171726,0.904453389798524,0.919986145006968
"TraesCAD_scaffold_077161_01G000100",2.77966505790976,2.26091209931753,4.52075040781392,0.0356042962690929,-0.505905948889874
"TraesCAD_scaffold_021289_01G000300",2.77913794521426,2.69119893180905,6.5656884046924,-0.045632614519295,-2.77270714769533
"TraesCAD_scaffold_051524_01G000100",2.77624960969845,1.69707016996309,7.01471469219772,0.00966747168778409,-0.948983520116299
"TraesCAD_scaffold_036315_01G000300",2.77479430203033,1.8127661475066,3.1283934364578,0.127784137100303,0.728315995290779
"TraesCAD_scaffold_019163_01G000200",2.7740644751438,2.04931455936658,5.83100452772554,0.0228802594794534,-0.823010040413377
"TraesCAD_scaffold_052923_01G000100",2.77313226621145,2.4414720322265,4.27757187599416,0.763760834003405,-1.28913062941201
"TraesCAD_scaffold_007562_01G000600",2.77262272116157,2.62307431612794,4.97941637312995,0.644847716937857,-1.59587270970913
"TraesCAD_scaffold_072718_01G000300",2.77170598544473,2.58259137827548,6.6909260739323,0.215503949711457,-1.85418371507068
"TraesCAD_scaffold_012415_01G000400",2.76974303802582,2.29765912423917,5.92325945721069,0.524308793348189,-2.32346694984781
"TraesCAD_scaffold_002693_01G000100",2.76948609236153,1.39845811903627,2.89771007635874,0.588520856767973,0.0286052200396937
"TraesCAD_scaffold_097788_01G000300",2.76903121696646,2.34871715916595,6.57548783337622,0.0298650498470736,-1.13883163690718
"TraesCAD_scaffold_124450_01G000200",2.76792431542936,0.64530129185282,2.37444013618699,-0.0141384712114714,1.48870628282261
"TraesCAD_scaffold_014151_01G000100",2.76730729541767,1.95587709533832,5.0349116752191,-0.0284088366843923,2.13587782977043
"TraesCAD_scaffold_016446_01G000200",2.76702012459681,2.65894117796076,5.37527004687174,0.638890431241422,-2.46079781364919
"TraesCAD_scaffold_030600_01G000300",2.76671410368418,2.39075313169766,3.56835898422872,0.416263502292793,-1.19440797509921
"TraesCAD_scaffold_031488_01G000200",2.76408260975205,2.40207165300738,4.7003080722552,0.572559848865557,-1.09358086615112
"TraesCAD_scaffold_085040_01G000300",2.7636289786603,2.55523558349826,5.81267374672323,0.181088722768932,-2.27108057108895
"TraesCAD_scaffold_013411_01G000100",2.76344158855477,2.1479736926069,2.90539782239975,-0.154933581403003,-0.350227689660449
"TraesCAD_scaffold_118555_01G000100",2.76254216162236,2.14495142586699,5.03009088075869,-0.345339921704502,-0.950971835258602
"TraesCAD_scaffold_064856_01G000100",2.76187837119731,2.4577617957365,3.49694999513913,0.284237854520224,-0.0872642415997042
"TraesCAD_scaffold_106751_01G000100",2.76100728685638,2.2670213414029,3.58784697286519,0.56285703913803,-0.563272675047177
"TraesCAD_scaffold_063099_01G000200",2.76070838092559,0.687857084286916,2.48357586441729,0.462524521701344,0.985897868050603
"TraesCAD_scaffold_079969_01G000100",2.75902172536576,1.30589922446237,0.476174404769456,0.281190809885007,2.0737891393737
"TraesCAD_scaffold_036287_01G000200",2.7589878264362,2.53149162452316,5.08191650533372,0.298732891494062,-1.98296686857006
"TraesCAD_scaffold_004953_01G000300",2.75858339453302,2.35990223998108,1.04376988837564,0.963130045222415,-0.570689403102915
"TraesCAD_scaffold_005139_01G000100",2.75671692669504,1.80783259055581,3.51582457116481,-0.236270173530666,0.592198945044646
"TraesCAD_scaffold_121429_01G000100",2.75500458806247,0.499137615984572,0.895084553113736,-0.0235180242276286,2.50903635447694
"TraesCAD_scaffold_029586_01G000100",2.7547137332403,2.61348775772377,6.80569938567568,-0.168313439042157,-1.12650667300785
"TraesCAD_scaffold_075589_01G000200",2.75376717332542,1.57238137595841,1.47441705574203,0.58885821276289,-0.617443229637531
"TraesCAD_scaffold_088406_01G000100",2.75342414962464,2.03821926521785,4.28735293060415,0.391107767922352,-0.0684903060498888
"TraesCAD_scaffold_023111_01G000200",2.75311648695041,2.21228559058183,3.15180639789832,0.114127846814969,0.117950519920195
"TraesCAD_scaffold_010505_01G000600",2.75301618614375,2.63811132355701,6.38356452228504,0.318011876610603,-1.97033143345268
"TraesCAD_scaffold_070045_01G000100",2.7527098575273,0.985072891196924,2.67768376934452,0.244450661036879,1.85367650083064
"TraesCAD_scaffold_028395_01G000100",2.7492732015638,2.54920358770295,4.9244613983377,0.586453244260144,-1.43644345847401
"TraesCAD_scaffold_020318_01G000100",2.7487001007697,2.43823704962694,4.97022421843943,0.514750521754483,-1.85417396048559
"TraesCAD_scaffold_107286_01G000200",2.74820545113949,1.65381831713515,5.14564582463071,-0.436922065704573,-0.391507215036518
"TraesCAD_scaffold_013584_01G000200",2.74737444592562,2.46089582087792,6.71533877561562,0.51915289923872,-1.54027943652338
"TraesCAD_scaffold_085466_01G000300",2.74620625375941,2.59333895622373,5.19352400342994,-0.235778896783199,-2.16521999359151
"TraesCAD_scaffold_000627_01G000500",2.74548830736644,1.51982195815232,4.64858357187169,0.372807127994419,-0.140566004207145
"TraesCAD_scaffold_002407_01G000100",2.74528467256089,0.472548721601558,2.08024944677967,-0.0921447963922499,1.90749009007385
"TraesCAD_scaffold_157333_01G000100",2.74437985361724,1.45972251296848,1.86965596587881,-0.595660650542199,-1.54933633779404
"TraesCAD_scaffold_021060_01G000200",2.74417077695885,2.29516668136366,5.34700533238842,0.30254444413578,-1.21218835219708
"TraesCAD_scaffold_005705_01G000200",2.74414966192853,2.47275315282033,4.35166310862491,0.483932217054444,-1.55928023855715
"TraesCAD_scaffold_032573_01G000200",2.74344755970314,1.95426908095993,3.73432854059271,0.508829350152017,-1.20419241195452
"TraesCAD_scaffold_009953_01G000100",2.74336056690145,2.51956320084356,3.57298277427541,0.416083863073948,-1.12746735318772
"TraesCAD_scaffold_038773_01G000200",2.74279395454897,2.13882096991995,3.97800500543291,-0.678440019305114,1.76382354229556
"TraesCAD_scaffold_041452_01G000100",2.74259604708974,2.66555467869436,6.11017020782548,-0.353648811691808,-2.53948062555292
"TraesCAD_scaffold_067439_01G000100",2.74175817395068,1.7063339207801,3.43739989691866,0.165329821699404,-0.067703078080581
"TraesCAD_scaffold_117623_01G000100",2.74135714447882,2.17640423803728,2.72607524894577,0.490249995189186,-0.170606744522609
"TraesCAD_scaffold_019431_01G000200",2.74102571948416,2.34849886724999,5.63213782505333,0.0893564575453503,-1.31926522374951
"TraesCAD_scaffold_078662_01G000300",2.74087238044049,2.57591249112821,2.48081700411579,0.656545326706663,1.25391360327617
"TraesCAD_scaffold_132939_01G000100",2.74036626547299,2.51702428183545,5.69313562224561,0.231631698812423,-1.40637048805143
"TraesCAD_scaffold_066657_01G000200",2.74021520386145,0.897613074043493,2.46151944946261,0.184466949604585,0.428117083414283
"TraesCAD_scaffold_034248_01G000300",2.73969610026538,2.65231989271512,4.1321860622006,0.76852008124247,2.41033976115405
"TraesCAD_scaffold_006886_01G000100",2.7387878501728,2.25912269420902,6.88542880092375,0.0619803311139371,-1.26521947951837
"TraesCAD_scaffold_034723_01G000200",2.73785429452469,1.18559239958718,2.22879613309389,0.473622301151496,1.53608117216586
"TraesCAD_scaffold_050641_01G000100",2.7376810676805,2.16441947584276,3.70697705589468,-0.077428280464297,1.26034651871136
"TraesCAD_scaffold_001871_01G000300",2.73755128143207,1.01340862406897,3.652365385606,0.367352622862504,0.781913052171085
"TraesCAD_scaffold_032489_01G000100",2.73660599253242,0.949462197280936,3.41291954681322,0.38801094213894,0.70198847206092
"TraesCAD_scaffold_020605_01G000100",2.736240847991,1.48520360403539,3.09247737495267,0.592773373570342,2.19811716893076
"TraesCAD_scaffold_069524_01G000300",2.73585959936055,1.41709868558371,3.08484642110864,0.156308326314746,1.30674676315728
"TraesCAD_scaffold_012737_01G000300",2.73559812952036,2.54882260435108,5.55847772190837,0.556000180045935,-1.6897204198543
"TraesCAD_scaffold_131774_01G000100",2.73413419846571,2.40602084792072,3.78682682347727,-0.176187095357421,-0.1929653441275
"TraesCAD_scaffold_148268_01G000200",2.73384775804881,2.09499295011188,3.58530144823883,0.778967966921616,1.03807931711002
"TraesCAD_scaffold_025965_01G000200",2.73358130280862,1.26056235385393,2.30679460172809,0.0602807359728305,0.383358868369162
"TraesCAD_scaffold_067667_01G000100",2.73195497635252,2.31529059196909,3.65976785172484,-0.727595522466811,1.45740532975139
"TraesCAD_scaffold_098540_01G000200",2.731824873457,2.61126452141977,5.35858288147001,-0.689650254067516,-1.66618310398946
"TraesCAD_scaffold_103730_01G000200",2.73004932181977,2.59068828161485,5.46559520706419,0.25771781516607,-1.27980116958624
"TraesCAD_scaffold_026600_01G000200",2.72986119058822,1.77089685288693,2.09458132339381,0.844008414089852,-0.0215534625179337
"TraesCAD_scaffold_001680_01G000200",2.72936989393746,1.56778440672238,5.65987072911061,0.437824851651066,1.60559844435664
"TraesCAD_scaffold_001338_01G000200",2.72820948881914,2.3228404972019,3.85258425112977,0.821759056740028,1.17289746664674
"TraesCAD_scaffold_484217_01G000100",2.727745692011,1.17466737116633,0.59661165329279,0.81148919924972,0.406124452210848
"TraesCAD_scaffold_086121_01G000100",2.72671631003024,2.50643605733333,5.10951488886123,0.428164241669672,-1.81762036055647
"TraesCAD_scaffold_101841_01G000200",2.72622302126235,2.15587701849762,3.9105548943233,-0.653813139718733,0.452135141764622
"TraesCAD_scaffold_131599_01G000200",2.72555029465539,2.16586857375102,4.28815242187113,-0.258605442539863,1.79140423476601
"TraesCAD_scaffold_030360_01G000100",2.72456754221793,0.788792463975174,0.374275088364851,0.939839079707843,0.0202854589300329
"TraesCAD_scaffold_005467_01G000200",2.72430069739698,2.65303593427415,5.27762198247622,0.413528463757358,-1.4805298637498
"TraesCAD_scaffold_071547_01G000100",2.72181698994937,1.09373210460501,2.01984114893209,0.28266135961434,2.3546735216544
"TraesCAD_scaffold_066353_01G000100",2.72069242954807,1.45063940486755,6.80097452202816,0.051563008605713,-1.96936251935136
"TraesCAD_scaffold_049584_01G000200",2.71994292174189,2.21558739873323,5.51380880132242,0.40005501632379,-0.12528961847668
"TraesCAD_scaffold_104173_01G000200",2.71944337364051,2.18315983732855,3.94456206495154,-0.118310635296424,-1.70307935047704
"TraesCAD_scaffold_075358_01G000100",2.71921085835122,1.42536386070974,4.35217366608425,-0.154402410593793,0.482047535037993
"TraesCAD_scaffold_045520_01G000100",2.71895580382526,2.49281425731847,6.19209561624543,0.356078613000857,-1.95515436522869
"TraesCAD_scaffold_027704_01G000100",2.71735748939632,0.789765919288145,1.88001929256308,-0.158843384276114,-1.31962327493498
"TraesCAD_scaffold_071669_01G000200",2.71724020935245,0.964214086741345,2.68011446265671,-0.196555427569131,0.0629781913489822
"TraesCAD_scaffold_111261_01G000100",2.71572206075626,0.264865030815232,0.630267297472646,0.399969949667572,1.69569554468511
"TraesCAD_scaffold_002646_01G000800",2.71444716951122,1.72210232784676,2.13239228863773,0.0977271204405852,-1.17043233017297
"TraesCAD_scaffold_006333_01G000300",2.71417328694449,2.06634061558142,3.67288802425244,0.161165567212717,0.122858192393353
"TraesCAD_scaffold_026423_01G000100",2.71385423574877,1.79826642426103,5.39240552164215,-0.0468195530995723,-1.37527750790373
"TraesCAD_scaffold_010070_01G000100",2.71146968060539,2.13958930483883,7.64851741298172,-0.203498966864283,0.0399242657180319
"TraesCAD_scaffold_081905_01G000200",2.71022452464669,2.45820523702324,5.48504860530929,0.359561464022306,-1.55809742995591
"TraesCAD_scaffold_159115_01G000100",2.70854434544636,2.69193158745112,6.53032008531929,0.435456221312768,-2.87210513270302
"TraesCAD_scaffold_095177_01G000100",2.70825946259793,2.38352970881692,4.7276417932017,0.507509565233962,-0.994585731656609
"TraesCAD_scaffold_172053_01G000100",2.70769277199771,0.92042004812436,4.37522039907431,0.188461864268632,-1.49865557660047
"TraesCAD_scaffold_021487_01G000100",2.70724735638937,1.28116342027163,1.81008435932746,0.739737310758871,1.13119639731078
"TraesCAD_scaffold_009007_01G000100",2.70604056565842,0.883244993101255,1.54215283724834,0.763348026396677,1.02434794279252
"TraesCAD_scaffold_000772_01G000600",2.70550171449133,2.62760836436379,6.34444022709063,0.530765582347097,-2.31553957436057
"TraesCAD_scaffold_009291_01G000100",2.70500443650216,2.25133506816861,3.34347529834281,-0.68038978522098,1.76839705510396
"TraesCAD_scaffold_067595_01G000200",2.7043129419653,1.21669873095469,2.46331204591602,0.480691549823164,3.03697190606923
"TraesCAD_scaffold_020155_01G000100",2.70079365233151,0.543843929184699,2.98880026695435,0.471177067290574,2.81308457534323
"TraesCAD_scaffold_022804_01G000300",2.70029863332151,1.19083757959177,6.09988253724856,0.239805254997383,-2.37442896334516
"TraesCAD_scaffold_107152_01G000100",2.69998943041156,2.62605566658348,6.0604354907357,-0.138924379026753,-1.37781049704503
"TraesCAD_scaffold_062470_01G000300",2.69960419864028,1.62539085236801,3.94741901795124,0.498811948366637,-0.0152031830783996
"TraesCAD_scaffold_076246_01G000200",2.69932781422017,1.68872774131623,3.59565117918032,-0.30723265113593,2.41035156880662
"TraesCAD_scaffold_071601_01G000100",2.699190222992,2.64156999232092,4.67331078049484,-0.371573796531058,-1.01647243193456
"TraesCAD_scaffold_078634_01G000100",2.69686296254334,2.60043851854376,5.10911870888957,0.445157985147521,-1.33844433492116
"TraesCAD_scaffold_029949_01G000100",2.69561073675363,1.45610473753218,1.65355488314129,0.552844109817371,-0.247856107919033
"TraesCAD_scaffold_007439_01G000500",2.69505004985424,2.16284928201651,5.5981825253913,0.048466080633503,-1.34081186018044
"TraesCAD_scaffold_148465_01G000100",2.69491974734826,1.58803423229511,1.94447746934097,0.358601819278941,1.3853570167372
"TraesCAD_scaffold_045330_01G000100",2.69394541721601,2.34054274256085,6.81212529441728,-0.137112539344569,-0.691781996443187
"TraesCAD_scaffold_022419_01G000200",2.69173475404503,1.29912335238772,1.8232140829591,0.608460868822551,1.55817088825765
"TraesCAD_scaffold_008172_01G000500",2.6913693389838,2.17835738904138,4.56198095115802,0.553568789404328,-0.848784367141982
"TraesCAD_scaffold_010749_01G000100",2.69096932556313,2.25705611927115,4.31213044018746,0.314628797179629,-2.06847833870248
"TraesCAD_scaffold_109620_01G000400",2.69057854960447,1.44203578016135,2.71143021023949,0.60102231856604,1.62403254705218
"TraesCAD_scaffold_016283_01G000200",2.68999798714217,2.30324459708598,4.73007973595698,-0.692179788613968,-0.541914678440872
"TraesCAD_scaffold_015736_01G000200",2.68975530626923,1.59346400296379,4.81770229326531,-0.188867221462549,-0.158926392152579
"TraesCAD_scaffold_142003_01G000100",2.68750191300801,1.71250899307335,6.28825835047905,-0.387124096882,-1.84914553314095
"TraesCAD_scaffold_025920_01G000200",2.68703578248241,2.57368833426791,3.39804896935579,0.798071215060923,-1.94324849044055
"TraesCAD_scaffold_012095_01G000200",2.68576206289721,0.917043619269369,1.8237892736099,0.28938463962274,0.993164726908997
"TraesCAD_scaffold_063976_01G000500",2.6843834943472,1.34052691464077,5.44955419675001,-0.15058721961701,-0.106511765270275
"TraesCAD_scaffold_019111_01G000100",2.68395215257184,0.0719546733029751,3.5024777933945,-0.226056846223615,-0.695023068176001
"TraesCAD_scaffold_093035_01G000200",2.68187022929212,1.55720447474016,3.74671897714802,0.267955207465358,0.0291307195316682
"TraesCAD_scaffold_002264_01G000100",2.68136375626591,2.31494073189647,6.69880310418711,0.260299323145774,0.659171063943696
"TraesCAD_scaffold_005294_01G000300",2.68063092500498,0.8361856610194,2.34291385591063,0.0193471830724618,0.451682557576186
"TraesCAD_scaffold_099570_01G000100",2.68042661230933,1.79598972221318,3.69285290608323,-0.218586493276642,-0.724518170612894
"TraesCAD_scaffold_018774_01G000200",2.67920032785809,2.40720889167474,4.17256462855286,0.117174239157617,-0.415545901507125
"TraesCAD_scaffold_069365_01G000300",2.67845253355459,2.32909199134351,4.66837313519838,0.0754430928944518,0.0477706856757925
"TraesCAD_scaffold_156871_01G000100",2.67776832689983,2.61193741321775,4.49233657353029,0.214899043042738,-0.759560278989392
"TraesCAD_scaffold_006738_01G000400",2.67744231954096,2.29546799547378,5.52483884305599,0.329165751684921,-1.92537568313004
"TraesCAD_scaffold_048088_01G000100",2.67223532303137,2.62865762684375,5.47807359109437,-0.488841178866717,-1.21442056888535
"TraesCAD_scaffold_096170_01G000100",2.67204331901899,2.56250499393263,6.24167925468817,0.0877624607445883,-2.6544238083168
"TraesCAD_scaffold_010467_01G000200",2.66973392281765,2.47665263243925,5.06867470589833,0.817020690091932,-2.17619935665382
"TraesCAD_scaffold_067689_01G000100",2.66874730414132,1.97086641993874,3.01212670250906,-0.0793446855264175,1.78475423574508
"TraesCAD_scaffold_121737_01G000200",2.66851003162355,2.22758048156437,5.81914063244192,0.0958000522208542,-1.16486865889111
"TraesCAD_scaffold_050363_01G000100",2.66682863685123,2.26566107036808,3.05008679214004,0.0658059588295087,-0.800544432615809
"TraesCAD_scaffold_020121_01G000300",2.66539692496544,2.58781577512325,5.52137392943049,0.556191546640219,-1.87211090975182
"TraesCAD_scaffold_043430_01G000100",2.66533875383301,1.7584240428034,6.69101777456757,0.016296504578971,-1.70631985353542
"TraesCAD_scaffold_016272_01G000200",2.66502849183444,2.21706054225918,6.5271062961109,-0.00834720016406164,-0.23252791463736
"TraesCAD_scaffold_016191_01G000100",2.66407116133316,2.01957337968245,3.68685080631089,0.372125565530272,-0.960333732520142
"TraesCAD_scaffold_034146_01G000600",2.66386187266962,1.81114970384288,4.0497534465084,0.137070942829977,-1.31317033371714
"TraesCAD_scaffold_073325_01G000100",2.6636765081128,2.41304115037292,5.05031175377654,0.406716692467735,-1.37581772624591
"TraesCAD_scaffold_035101_01G000600",2.66340731288033,1.94592340292557,4.10594259141438,0.351766906627352,-0.738753668550201
"TraesCAD_scaffold_028869_01G000100",2.66310110581257,1.97142957649512,4.49897157370735,0.26977538653199,-1.94521542332873
"TraesCAD_scaffold_146404_01G000200",2.66186418426761,2.28740412231181,5.87787926781872,-0.0732397202876311,-0.26818531468653
"TraesCAD_scaffold_109280_01G000100",2.66021678302008,1.05743477469294,1.1404392725564,0.599609956315748,0.423373165620137
"TraesCAD_scaffold_013624_01G000200",2.65915336294625,0.929674154192201,4.51679319720264,0.269113796445455,0.943981178757817
"TraesCAD_scaffold_073141_01G000200",2.65836467262294,2.10207230568087,5.99940255511963,0.191170289235815,-0.823413308326153
"TraesCAD_scaffold_095601_01G000200",2.65811219284428,2.31552290454941,4.38743937570556,0.160351616949392,-0.9948506016513
"TraesCAD_scaffold_114233_01G000100",2.65749088169485,2.42059491048883,5.18351504808433,0.180725002791977,-1.15469377156941
"TraesCAD_scaffold_001077_01G000100",2.65707078880988,1.71924634730626,4.12926434758476,-0.260158997468296,-0.479805233099515
"TraesCAD_scaffold_115941_01G000400",2.65655446202833,2.57540932541621,6.47963331365578,-0.701652517801625,-0.109775861351756
"TraesCAD_scaffold_071125_01G000100",2.65654741691205,2.18163368547348,5.23767569748232,0.275491143338601,-1.50233433255612
"TraesCAD_scaffold_066299_01G000200",2.65641416982168,2.46002266790115,5.59407201576933,-0.425965209858526,-1.44751904063854
"TraesCAD_scaffold_000673_01G000100",2.65621710318065,2.02949267457944,5.31872634820177,0.0793376744936042,-0.177944793350201
"TraesCAD_scaffold_039724_01G000100",2.65551768766785,1.52924312204061,1.97150097777145,0.446755677397102,0.761319586542542
"TraesCAD_scaffold_017955_01G000300",2.65538838342124,2.28149292581872,6.82873143223102,-0.0965833704846703,-0.92696510585137
"TraesCAD_scaffold_043490_01G000200",2.65536617293025,1.07047648639472,1.57181334006408,0.193527170170619,1.13411344645273
"TraesCAD_scaffold_117649_01G000100",2.6549282760032,2.05680385154277,6.00840436192217,-0.0603626012299698,0.530483471805457
"TraesCAD_scaffold_127836_01G000200",2.65415818970872,0.926795673719378,4.32892678895977,0.124590826159751,-1.04942863495787
"TraesCAD_scaffold_063947_01G000100",2.65344385790923,2.45436937630748,6.19124048667876,0.587044759179179,-1.93465318636847
"TraesCAD_scaffold_004463_01G000400",2.65177341077499,2.34705951121329,4.36009833894911,0.597577921005906,-0.995039917508174
"TraesCAD_scaffold_001463_01G000200",2.65164240418533,1.22885285143449,0.881348286630235,0.733838808186231,-0.379290637353262
"TraesCAD_scaffold_033440_01G000300",2.6515131392767,2.37289399825016,5.81265637153045,-0.226811883323737,-0.00849764935887752
"TraesCAD_scaffold_009983_01G000100",2.65096869037605,1.0885071136613,2.90623556742967,-0.796246342013339,0.565651095681764
"TraesCAD_scaffold_089436_01G000100",2.65030010629428,2.43385103024123,4.92605484433389,-0.392520635432344,-0.35029410870685
"TraesCAD_scaffold_097566_01G000100",2.64895889667184,2.0118901959054,4.01483227508105,-0.0559250148949578,-1.30952886119681
"TraesCAD_scaffold_057377_01G000100",2.6484213164291,2.17791306641662,5.31563000923932,-0.223505046750891,-0.186595252317699
"TraesCAD_scaffold_076466_01G000100",2.6469930678514,1.82595930080854,4.70356094719864,0.197179945886466,-0.051720541206251
"TraesCAD_scaffold_014716_01G000100",2.64682002159734,2.26452890876316,5.67040249659462,-0.023438472572669,-1.59638236851858
"TraesCAD_scaffold_036612_01G000200",2.64635821594467,1.99908859935176,3.4889415770917,0.497137960357007,1.84940006834213
"TraesCAD_scaffold_002277_01G000200",2.64521326183851,2.45788543285995,5.03186682417633,0.597471908729822,-1.45311530739579
"TraesCAD_scaffold_001059_01G000100",2.64521059605772,1.92833649738825,6.39419389483097,-0.350738434679983,-1.65388636583947
"TraesCAD_scaffold_112741_01G000100",2.6443762188867,2.19618408087662,3.47021818436143,-0.00548504268101811,-1.23133375505478
"TraesCAD_scaffold_032477_01G000400",2.64435128103214,2.54626441792357,5.49010210156449,0.542516740920452,-2.43298210575742
"TraesCAD_scaffold_145107_01G000500",2.64295989015387,1.73743523391987,3.79217383907502,-0.476391738420543,0.0141550248599667
"TraesCAD_scaffold_005017_01G000200",2.64180891637709,2.20298896692513,5.97364683772683,-0.682990560927988,-1.35343296188626
"TraesCAD_scaffold_089500_01G000500",2.64148791984627,2.47659382317339,4.82984025966949,-0.353757354667181,-2.01109321387023
"TraesCAD_scaffold_003263_01G000100",2.64125790372065,1.42769067383947,3.22552760807781,0.139400229109885,1.65714990863288
"TraesCAD_scaffold_101567_01G000100",2.64076521043306,2.58499502156576,3.46369315084098,0.81098673432822,-1.7466699105409
"TraesCAD_scaffold_078997_01G000100",2.63779572217031,2.44450739004652,2.55330890548245,0.799763120430464,0.534519779170904
"TraesCAD_scaffold_067785_01G000200",2.63747035660426,2.13833697561782,5.46761213474028,-0.440550409617402,-1.44085431408225
"TraesCAD_scaffold_522550_01G000100",2.6364503069984,2.41458101905739,4.70482886672481,0.499984712887568,-1.76659746499122
"TraesCAD_scaffold_002907_01G000200",2.63464565681426,0.938876843944922,2.69837601690912,0.556703198558403,0.342836674738401
"TraesCAD_scaffold_004055_01G000100",2.63459002715653,2.37102088572998,4.7238534934709,0.167621216388638,-1.50513371649256
"TraesCAD_scaffold_146832_01G000200",2.63341864966323,2.09825380635097,4.69713112129007,0.322599131990936,1.35228758750603
"TraesCAD_scaffold_021207_01G000100",2.63058151238083,1.92168146589221,3.77366215573456,0.749459692804403,-0.695978049252686
"TraesCAD_scaffold_019556_01G000300",2.63004235788969,0.680106129235442,0.737305914576829,0.318446984059071,1.08626513023335
"TraesCAD_scaffold_035671_01G000100",2.62699885587213,2.41182566118907,4.02980897835812,0.0213756538547149,-1.73960043667102
"TraesCAD_scaffold_107860_01G000100",2.62631038253869,1.38071424984026,2.2803773094864,0.697978911153577,-0.456320547699506
"TraesCAD_scaffold_089915_01G000100",2.62584242501948,1.83252744207547,4.37921432783382,-0.282163126428674,-1.440068338888
"TraesCAD_scaffold_020462_01G000200",2.6249784539141,1.77052919990793,5.37542412911203,-0.557508119051419,-1.54438926367428
"TraesCAD_scaffold_110413_01G000100",2.62372095335233,2.48014658009754,4.64654756974401,0.847268010211565,-1.35962336818601
"TraesCAD_scaffold_079750_01G000200",2.6236980155953,2.53020907583372,5.4443836597552,0.559441091716158,-1.95772935304198
"TraesCAD_scaffold_018437_01G000300",2.62213788817799,2.17193527776462,4.62408088159605,0.0160646483566672,-0.659422080870851
"TraesCAD_scaffold_034756_01G000100",2.62120665936476,2.52734231173674,4.72770097331688,-0.149637940557173,-1.84114692895037
"TraesCAD_scaffold_013960_01G000100",2.62009009619626,0.813857897903065,1.48135851493933,0.195641926728888,2.99857805267253
"TraesCAD_scaffold_094202_01G000100",2.61942153045129,0.481198837040811,0.616769847225432,0.437285494496005,1.44332088934073
"TraesCAD_scaffold_106994_01G000100",2.61884287424683,1.02682588816468,2.80359685400949,0.400390751284112,1.89004870702995
"TraesCAD_scaffold_003364_01G000300",2.61724221233019,2.16489828229901,7.31382510287482,0.17336958790066,-0.414942878719429
"TraesCAD_scaffold_046353_01G000100",2.61689879487068,2.5817203185959,6.0955995432501,-0.391329421022169,-3.38154288785526
"TraesCAD_scaffold_033134_01G000100",2.61660373216987,2.48409825570627,7.07422609628527,0.312293897742221,-1.73569897360083
"TraesCAD_scaffold_077944_01G000300",2.61611311085319,2.18402888626382,5.82053400085213,-0.0594066175434918,-0.929819354543994
"TraesCAD_scaffold_081579_01G000100",2.61543478843217,2.05673181957495,5.29085556452333,-0.192018687507313,1.25586669267352
"TraesCAD_scaffold_024335_01G000100",2.61470742994108,2.51587107439895,6.31568103466778,0.214456222827055,-2.21550099950846
"TraesCAD_scaffold_069238_01G000100",2.61336969333851,2.13786148703404,2.94194197632711,0.733518081955071,1.81152328249257
"TraesCAD_scaffold_081172_01G000100",2.61336767642757,1.19102128504584,2.81244235327516,0.416541438171057,0.86135675261638
"TraesCAD_scaffold_107339_01G000100",2.61293213267154,1.2794921442377,3.22895380780647,0.293926565953798,-0.0936092689029222
"TraesCAD_scaffold_008622_01G000600",2.61291094050818,2.02344280969082,5.88175800184139,0.214106710638461,-1.31764729026326
"TraesCAD_scaffold_097937_01G000300",2.61246694269671,1.77657676256225,0.661109866336258,0.786195714984543,-0.295329157417773
"TraesCAD_scaffold_010188_01G000200",2.61188385129672,2.47972218453,6.29248920014464,0.409236840766915,-1.83550157311662
"TraesCAD_scaffold_003747_01G000700",2.6105513119904,1.64906117340362,5.40016039742827,0.231281054668636,0.979385972860499
"TraesCAD_scaffold_147150_01G000200",2.61051342436521,2.13840505916114,4.18575979985273,0.489494601348737,-1.00607261824235
"TraesCAD_scaffold_011461_01G000200",2.6102170745952,1.23363103273085,1.92500713936005,0.190981016206185,1.23007285230236
"TraesCAD_scaffold_011748_01G000100",2.60883181947966,1.42088125399917,1.20556069349883,0.714707723589975,-0.10952127818657
"TraesCAD_scaffold_059080_01G000200",2.60795929175211,1.86343259973987,4.82995147645522,-0.321675757702544,2.0364010598654
"TraesCAD_scaffold_087293_01G000100",2.60591864344982,1.52892421731402,2.75662906087975,0.0552850069174552,0.398724523089021
"TraesCAD_scaffold_011426_01G000100",2.60573103359998,2.14471382402337,6.55904642336156,0.0636850629615949,-0.96962927935789
"TraesCAD_scaffold_035537_01G000300",2.60540948680158,2.35245376750584,4.73798374489225,0.373399224982221,-1.32498849621214
"TraesCAD_scaffold_033614_01G000500",2.60493435670215,2.39653447520139,4.62490406922645,0.522283776341558,-1.7888622634706
"TraesCAD_scaffold_016745_01G000100",2.6029895126606,2.374761812344,3.97991462458137,0.804686569966117,-1.65628883586523
"TraesCAD_scaffold_063363_01G000400",2.60185901075104,1.49165025297347,6.30447164812267,-0.231825489107193,-0.501535047562894
"TraesCAD_scaffold_068300_01G000100",2.6011394578595,1.3948246901381,0.718512980654742,0.261595079223823,-0.227193003651663
"TraesCAD_scaffold_006375_01G000100",2.59911058010784,1.44101578732091,4.43830931987827,-0.185353201362878,1.82958811630525
"TraesCAD_scaffold_010296_01G000400",2.59681735907345,1.72461399928468,3.71854534535118,-0.556139385564157,0.880493222055833
"TraesCAD_scaffold_016595_01G000400",2.59674917256253,2.42267667755002,6.37400878111133,-0.358923982329378,-1.72175187307868
"TraesCAD_scaffold_074083_01G000300",2.59612226408334,2.50187744755055,4.49776916378825,0.387970625671837,1.41107742621915
"TraesCAD_scaffold_068744_01G000200",2.59563517404498,2.09796446864422,3.6055248355165,0.315147367781068,-1.10833360155738
"TraesCAD_scaffold_132497_01G000100",2.59513766702669,2.45449524195696,5.83684172341185,0.303543222074663,-2.40721404800477
"TraesCAD_scaffold_034347_01G000100",2.59453513877032,2.31796793122791,5.49350075903249,0.357571523965419,-1.03025967353465
"TraesCAD_scaffold_077415_01G000100",2.59325253284414,2.3458751833035,5.23913131145164,0.259008103277322,-1.37569574683977
"TraesCAD_scaffold_099566_01G000100",2.59302028697093,1.91788672415614,4.2936249877313,0.353013195902662,-1.09283359784009
"TraesCAD_scaffold_131416_01G000100",2.59283140433787,2.27508778303011,6.87391906998367,0.242083058425238,-1.12893723020404
"TraesCAD_scaffold_010304_01G000100",2.5925737516848,2.01350287045916,3.13127289925845,0.368018426518552,-1.48377914104429
"TraesCAD_scaffold_028861_01G000100",2.59254107737251,2.39197241618156,4.02654623229486,-0.244803383295529,-0.399169458331078
"TraesCAD_scaffold_046599_01G000200",2.59194226444767,2.06042068697817,3.23868619728208,0.618766335163983,-0.850719770021467
"TraesCAD_scaffold_018014_01G000100",2.59185193146902,2.1242329258732,3.09184668640203,0.229122430593886,2.44988541286124
"TraesCAD_scaffold_008898_01G000100",2.59137054273664,1.60764800313626,1.89406820048676,0.792459639342246,1.19012404346394
"TraesCAD_scaffold_005666_01G000200",2.59110457392347,2.49539160532845,5.3441826795226,0.257847470542989,-1.49951377860233
"TraesCAD_scaffold_082462_01G000400",2.59102661420684,1.13069179136954,3.42612102909433,0.488702469841842,1.40353353755006
"TraesCAD_scaffold_024179_01G000100",2.58963051466756,1.97486188654986,5.26307669171116,-0.0681749226921459,0.342566492582497
"TraesCAD_scaffold_054598_01G000200",2.58944908572382,1.88054774580293,3.71742504975283,-0.10196499437327,-0.680474616111844
"TraesCAD_scaffold_120142_01G000100",2.58889875756716,2.42578569587848,6.20651301206849,0.589911557703168,-1.79630240164263
"TraesCAD_scaffold_075654_01G000400",2.58839239048614,2.04920881542802,4.50742619467632,0.256916388942591,-1.41509302064732
"TraesCAD_scaffold_017217_01G000200",2.58710736351835,2.54140193018937,4.11930842826286,0.133786093839311,-0.230063285331173
"TraesCAD_scaffold_001515_01G000100",2.58558663268086,2.09936549192059,4.57574040282354,-0.317948556453271,-1.54088737427747
"TraesCAD_scaffold_002823_01G000100",2.58542486829396,1.52117065549064,6.86260816732734,0.216304802362721,-0.323191361320936
"TraesCAD_scaffold_025509_01G000400",2.58519316665376,0.475599954695396,0.963725384172612,0.426398959757675,0.280527242021114
"TraesCAD_scaffold_006017_01G000100",2.58410827261437,2.09925599542864,5.83141873897787,-0.544770979061741,0.593361038936536
"TraesCAD_scaffold_072929_01G000100",2.58201358925863,1.44259340458713,2.23892612799515,0.472254115154303,2.49167344944957
"TraesCAD_scaffold_053152_01G000100",2.58161483406206,2.41490165817938,6.53812132517417,-0.326857178515451,1.41754360887678
"TraesCAD_scaffold_098853_01G000100",2.58101425967085,2.4910505012374,5.1881565878446,-0.147555686845018,-1.10602723178426
"TraesCAD_scaffold_000570_01G000600",2.58077048672977,1.05079828873203,2.88826587286826,0.18967858944827,-0.109520404668954
"TraesCAD_scaffold_055015_01G000200",2.57999728307778,0.313653020626448,0.627664607006691,0.513864362282051,0.820471731445168
"TraesCAD_scaffold_036682_01G000100",2.57636223884953,2.56149532601533,5.34300283005716,0.583073983337285,-1.49566731661985
"TraesCAD_scaffold_025068_01G000200",2.57618310219409,0.807276742472832,1.53137553894174,-0.0816556816661933,0.861002528651504
"TraesCAD_scaffold_030295_01G000900",2.57540327015871,2.33154527111029,5.03648501411859,0.314822046512264,-1.93597737006576
"TraesCAD_scaffold_089422_01G000100",2.57539049788646,1.80264057041604,6.3121051600854,0.116073452431052,-0.169032764663239
"TraesCAD_scaffold_021930_01G000200",2.5753142571133,2.16024768917795,4.44165009811476,0.624822619248055,-1.63541642803239
"TraesCAD_scaffold_005979_01G000200",2.57407152722654,1.46343721178237,4.0763013179686,0.5927391665982,1.1222224395644
"TraesCAD_scaffold_087381_01G000200",2.57208120859025,1.63027870527867,3.01581669444952,0.0474976258242148,-0.610967348346518
"TraesCAD_scaffold_050215_01G000100",2.57183668416836,2.15023087446334,5.76054012662805,-0.435841652327538,-1.34438896785111
"TraesCAD_scaffold_073993_01G000100",2.57062175412786,0.80785089221758,1.75217446073503,0.434266447125099,0.785662268535365
"TraesCAD_scaffold_011300_01G000400",2.56893695918885,2.1194244686405,3.85627704888327,-0.0343422997896695,-1.12022509171973
"TraesCAD_scaffold_084459_01G000100",2.56881917067578,2.08122548032012,2.74011688631351,0.517934843909068,0.202734424842973
"TraesCAD_scaffold_109130_01G000100",2.5647351619523,2.49039682022673,6.35465316105178,0.409133363039985,-2.40183370698316
"TraesCAD_scaffold_034152_01G000400",2.5628612582078,1.16207269173923,2.4190509094297,-0.0670819832049079,0.221614353570122
"TraesCAD_scaffold_046026_01G000300",2.56032160123831,2.29698720032128,3.83348073087577,-0.231450342461663,-1.77762397875766
"TraesCAD_scaffold_001264_01G000200",2.559783179417,1.92787832068186,1.60091527021671,0.661857440220659,0.244536161638763
"TraesCAD_scaffold_079912_01G000100",2.55880835541808,0.759662811563983,0.960506962489422,0.592241119002998,1.29775465680028
"TraesCAD_scaffold_013279_01G000100",2.55754554325159,2.40271047072645,6.23028223534818,0.194529547902904,-3.0051270605965
"TraesCAD_scaffold_033051_01G000100",2.55708197202037,2.48322917559021,4.3117781753329,0.255313802475382,-0.621446430525012
"TraesCAD_scaffold_000804_01G000100",2.55483330489604,1.82720820628311,2.62172469877475,0.562565251589652,-0.35794054188795
"TraesCAD_scaffold_029403_01G000100",2.55472469600274,2.11944756942052,5.94051069797678,-0.180678766848831,0.466937109021974
"TraesCAD_scaffold_026124_01G000400",2.55345573930609,2.12531662598752,5.29907708377435,-0.187734919884579,-2.58796606161552
"TraesCAD_scaffold_087135_01G000100",2.5533571711953,2.25885560750351,3.71052627999416,0.262545942144511,-0.382226723188905
"TraesCAD_scaffold_009352_01G000100",2.55198077217106,1.80647106218619,3.95095574573624,0.472601543527297,-0.581534768180484
"TraesCAD_scaffold_116866_01G000200",2.55175174234836,2.00398921781755,6.14657248146346,-0.274453200637677,-1.42646299098689
"TraesCAD_scaffold_128860_01G000100",2.55093529530859,1.61154239182399,2.4755457551992,0.604139033387258,-0.772321144665132
"TraesCAD_scaffold_021805_01G000400",2.55064825107863,2.45462939470675,5.63964276290863,0.400664375832576,-2.07180847107931
"TraesCAD_scaffold_017811_01G000200",2.54939095578358,2.06408023056712,3.77364388811988,0.216544676830681,0.4311288095523
"TraesCAD_scaffold_015725_01G000100",2.54866287265893,1.96011424021249,6.05244010475316,0.260212739659363,-1.53310238281233
"TraesCAD_scaffold_045491_01G000300",2.54813333310806,1.28953322537999,3.02296724305561,0.746922576774361,1.19511166616352
"TraesCAD_scaffold_075364_01G000300",2.54764302997765,2.23924854760157,4.23188831144202,0.469722414388732,-1.07137504652213
"TraesCAD_scaffold_107887_01G000100",2.54673895994,1.06408553326765,1.37439643277495,0.345320750122119,1.55672090605825
"TraesCAD_scaffold_133861_01G000200",2.54672342888394,1.49801612720484,6.53589871417629,0.160291725476067,-1.13699017086678
"TraesCAD_scaffold_049637_01G000100",2.54667226818095,2.49736977764464,4.99395532996516,0.394960286792252,-1.77676297648859
"TraesCAD_scaffold_011575_01G000100",2.54598183213612,2.14575870464663,4.71935322106186,0.495862505152137,-0.929593017680793
"TraesCAD_scaffold_004576_01G000400",2.54575834755211,2.2188696756663,4.47710710226293,0.467829631337549,-1.9350972542255
"TraesCAD_scaffold_054741_01G000300",2.5451358539,1.24869824246126,5.51637637342633,-0.606024893637671,-2.24036997388394
"TraesCAD_scaffold_033426_01G000100",2.54469733061471,2.08464800136719,3.99141034054131,0.3085495935277,-0.597926849204365
"TraesCAD_scaffold_008300_01G000200",2.54359512638782,1.98758446057861,6.36165397840319,-0.10835640059833,-1.7594566058621
"TraesCAD_scaffold_050673_01G000100",2.54186467765382,2.48924428318155,5.11162645036232,0.630083597158629,-1.75162081825283
"TraesCAD_scaffold_089950_01G000100",2.54134917211372,0.530215206990713,4.14609071689726,-0.0705462482604512,-1.28442129735309
"TraesCAD_scaffold_040440_01G000200",2.53894825289047,2.4705471038725,4.55632220792978,0.669394884068095,-2.16446517406678
"TraesCAD_scaffold_000802_01G000100",2.53820570916768,0.666546026458545,1.04804058102813,0.723999887661457,0.222781503070828
"TraesCAD_scaffold_062199_01G000200",2.53768842525277,2.13394998728284,4.73345354653576,-0.858927830053081,-0.465525465373766
"TraesCAD_scaffold_020854_01G000100",2.53719901678625,2.32276064222216,5.80977447956841,-0.427565652784454,-1.24656494141864
"TraesCAD_scaffold_044673_01G000100",2.53585101088233,1.76990891054542,3.82973135965098,0.355095244298746,-0.903040647092107
"TraesCAD_scaffold_027568_01G000300",2.53388198598487,1.85386301289694,2.85174688646451,0.455662143833728,-0.25665386095782
"TraesCAD_scaffold_178278_01G000100",2.53291273382654,2.08128768099389,5.30153864209089,0.300386647091446,0.630060339472044
"TraesCAD_scaffold_009576_01G000200",2.53167029933726,1.692965168838,3.6382958128202,0.147036367184818,-0.483808884638312
"TraesCAD_scaffold_000354_01G000400",2.53166383937882,2.10544491371928,4.92027461218802,-0.0733019326317615,-0.163655019518772
"TraesCAD_scaffold_015551_01G000100",2.53098104714322,2.30259415104097,4.256829006153,0.604675558026331,-1.13357606855653
"TraesCAD_scaffold_099870_01G000100",2.5301416121443,2.04720001721556,6.46050249179591,0.0172326360686036,-1.18776184427138
"TraesCAD_scaffold_084651_01G000200",2.52931215690969,2.2844084887266,5.4219927455187,0.659414768145719,-2.789127696645
"TraesCAD_scaffold_003485_01G000100",2.5290442671155,2.25495947675241,3.90858189843404,0.723638888976506,-2.19147026734107
"TraesCAD_scaffold_051555_01G000100",2.52893974623588,0.486910509409271,1.18317540077836,0.704163278207404,0.952340415386105
"TraesCAD_scaffold_105018_01G000100",2.52780971068242,2.06621514154654,6.46127022599634,-0.0545137556741918,-0.997165367001776
"TraesCAD_scaffold_088519_01G000100",2.5269061370615,0.96976838701651,2.4910403645917,0.108931445567475,-0.12329147129307
"TraesCAD_scaffold_036310_01G000300",2.52684225673135,1.56529963104052,2.10544886979139,-0.109147305059994,0.778252635275352
"TraesCAD_scaffold_056593_01G000200",2.52410232040443,1.70120614667084,7.2128655265628,0.277991855397331,-0.548009299917411
"TraesCAD_scaffold_083087_01G000100",2.52399001968868,1.13417857402642,3.86843419971558,-0.455272320737863,-0.336179584503146
"TraesCAD_scaffold_103654_01G000100",2.52347745750588,2.44615299106901,5.02317060743265,-0.736179135116584,0.0850003954477681
"TraesCAD_scaffold_044822_01G000400",2.52323365425937,2.37315094151861,3.09724208973867,0.454066582667944,-1.0545347687226
"TraesCAD_scaffold_000647_01G000500",2.52025171450299,2.00527822967103,5.61617030372288,0.123870521570689,-0.176252934044703
"TraesCAD_scaffold_022283_01G000400",2.52012968958826,1.77935817267704,4.1640386978349,-0.208926904420272,-1.12271237045446
"TraesCAD_scaffold_059262_01G000200",2.52009280957446,1.63799545849004,1.80311881608102,0.711919183414062,0.936913734878879
"TraesCAD_scaffold_043258_01G000300",2.52003308739278,2.09650419032821,3.95016398480793,0.244170294068333,-2.17168156285071
"TraesCAD_scaffold_019388_01G000100",2.51953570264316,1.60913408609943,4.70152249252872,-0.202867178268797,0.953464445291509
"TraesCAD_scaffold_029843_01G000400",2.51800681220265,1.54833438695068,5.93886235998158,0.434534126426085,-1.30560009607037
"TraesCAD_scaffold_064435_01G000300",2.51577688456436,1.50260668672473,5.19288123356315,-0.0273579287482837,-0.687066448902766
"TraesCAD_scaffold_094485_01G000100",2.51561863994941,2.26314306473472,4.99184599480143,0.0654574958382542,-2.15684375140075
"TraesCAD_scaffold_015599_01G000100",2.51450223217212,2.13224022226246,6.48535299562786,0.540801032286674,-0.393044864837717
"TraesCAD_scaffold_066364_01G000100",2.51408381461942,0.906162640656451,1.70178320784024,0.0934662701179612,2.07450860205339
"TraesCAD_scaffold_057948_01G000200",2.51333257982564,2.02815732979289,6.56099984984194,-0.403782292098716,-0.92421016613649
"TraesCAD_scaffold_072618_01G000100",2.51263397817177,1.8679611647184,3.53953726145169,0.35111734484963,-0.169568946342849
"TraesCAD_scaffold_093647_01G000400",2.51247330789935,1.99342248230035,6.16232591648641,0.034604466651066,-1.26476402171174
"TraesCAD_scaffold_054422_01G000600",2.5124710435978,2.26387594848578,6.12696448632504,-0.390225907804298,0.937962265061412
"TraesCAD_scaffold_020406_01G000200",2.51177532869601,1.99388083190734,4.07721563162424,0.523306607718661,-1.04962776499307
"TraesCAD_scaffold_114040_01G000100",2.51031023150711,0.884999287713664,2.46849919789407,-0.13689660978465,3.17375933030855
"TraesCAD_scaffold_050822_01G000100",2.51001432572147,1.52238028827178,5.08738300590593,-0.467780028980601,-1.95522283267879
"TraesCAD_scaffold_005469_01G000200",2.50972518289196,2.14385286371572,5.05386653669739,-0.223791177062969,0.658448459481722
"TraesCAD_scaffold_031426_01G000200",2.50711619230596,1.93831333347275,6.66034221078293,-0.263251097487877,-1.18730777491475
"TraesCAD_scaffold_065563_01G000100",2.50652686159639,0.85724091180288,1.89062873265034,0.252557957065938,1.68447075193202
"TraesCAD_scaffold_016629_01G000300",2.5054834335279,2.37927304629781,2.54863637823966,0.463240302955667,-0.638451878438799
"TraesCAD_scaffold_054828_01G000200",2.50531851193357,1.19716016472909,3.42524464833285,-0.43761578481632,1.62253604840239
"TraesCAD_scaffold_022426_01G000100",2.50522584130316,0.759501441838794,1.24851039975325,0.510254530582339,0.976605473694955
"TraesCAD_scaffold_108753_01G000100",2.50459613447507,2.2395452230348,3.67768002561779,-0.304815365866683,0.281666874192792
"TraesCAD_scaffold_081959_01G000200",2.50459215143894,2.19458109883879,2.32664281202612,0.849399540732558,-1.13774725750584
"TraesCAD_scaffold_003324_01G000600",2.50218513864191,2.09589606563965,1.76183401333006,0.831268369829492,0.805605646270648
"TraesCAD_scaffold_011000_01G000200",2.50193787302861,2.09666217036261,4.61572948650163,0.225865723919917,-0.805614979962808
"TraesCAD_scaffold_127186_01G000200",2.50193335697106,2.28349965892834,1.4449341815126,0.463530339371738,1.77500660603861
"TraesCAD_scaffold_055273_01G000100",2.50138773671534,1.86297364517697,3.85314793818663,0.583770015431191,2.40503370650104
"TraesCAD_scaffold_091692_01G000100",2.50115590534128,1.54429703647842,2.55365732470863,0.138031297624832,1.40719519260469
"TraesCAD_scaffold_029201_01G000100",2.50044456766669,2.38916607209348,6.02773469294434,0.407540373195333,-1.98722319323323
"TraesCAD_scaffold_021586_01G000200",2.50009111341428,2.30608258088409,5.51455374700092,0.0184260069473862,-2.08223962079748
"TraesCAD_scaffold_001094_01G000200",2.49767555629839,1.97580960255665,2.66336923948361,0.201218817268324,2.14864930818061
"TraesCAD_scaffold_034151_01G000100",2.49744682329568,1.603401823995,2.42024605346263,0.353305062947612,-0.943975154072075
"TraesCAD_scaffold_009831_01G000400",2.49741027964249,1.37432682785082,4.37916842736624,0.282526788573589,0.266989746859871
"TraesCAD_scaffold_017535_01G000100",2.49696902697274,1.97625508679806,4.0717918040325,0.0339983049264906,0.0700145694515496
"TraesCAD_scaffold_047659_01G000100",2.49649211171636,2.39750864461105,4.58472452747107,-0.351071164750024,-1.17225632136176
"TraesCAD_scaffold_034481_01G000200",2.49635094471681,1.91221881522449,6.08022970959675,0.441116234814495,-0.465809947611952
"TraesCAD_scaffold_112607_01G000100",2.49589608534391,2.3961682426795,6.36761796838132,0.197145953331709,-2.73650476819032
"TraesCAD_scaffold_088686_01G000300",2.49577916460485,1.72507273070835,5.37914674933386,-0.427462371108784,-1.97310101839941
"TraesCAD_scaffold_007866_01G000400",2.49348239073162,0.185530208757611,0.426655110875066,0.639809056232715,-0.0139264001306459
"TraesCAD_scaffold_045105_01G000200",2.49310002387841,1.82273714478988,3.95118318986917,-0.0210854520835049,0.347342800844406
"TraesCAD_scaffold_084049_01G000500",2.49103934563928,1.20224110444477,2.23076590651488,0.652386178188551,-0.18095932910896
"TraesCAD_scaffold_026685_01G000400",2.4901681519378,2.1325089984772,2.48022638522413,0.531568251672768,0.683362554818302
"TraesCAD_scaffold_045307_01G000100",2.48999688847372,1.87719317932156,4.4579441872414,-0.114929652599276,1.92937840783831
"TraesCAD_scaffold_050529_01G000200",2.48834421464056,1.62870638635161,5.56305523139669,0.342677707497495,-2.2487970844392
"TraesCAD_scaffold_062321_01G000200",2.4871883189563,2.41580721402342,4.72686187994309,0.743888869232957,-1.84624788453371
"TraesCAD_scaffold_001463_01G000400",2.48692748287696,1.10739003739263,1.05041948793264,0.296050725016584,1.64739962826681
"TraesCAD_scaffold_088247_01G000100",2.48653047666055,2.01198633010956,3.66033817673847,-0.203642314108566,-0.259313439207896
"TraesCAD_scaffold_043531_01G000100",2.48513459112657,2.26018751457523,3.51226080163946,0.899713518740416,-1.57821493135189
"TraesCAD_scaffold_090084_01G000100",2.48503592171066,2.21446974768261,4.24260120956879,0.742971588215956,-2.3512454559735
"TraesCAD_scaffold_090074_01G000100",2.48248452795239,1.83814059838752,2.85876660612481,-0.442177742105253,2.31348142339183
"TraesCAD_scaffold_075684_01G000100",2.48147747863233,1.92356914841386,2.77410337013873,0.323281338654097,1.32368969248747
"TraesCAD_scaffold_169145_01G000100",2.48113506874311,1.65161263396679,2.76046006887833,0.483998417632085,-0.758894619382199
"TraesCAD_scaffold_064069_01G000200",2.48070737087853,2.41296665539627,6.54447471325922,0.379600665388568,-0.0795992446788365
"TraesCAD_scaffold_021330_01G000100",2.48035050073674,1.2238785319758,5.48013544314092,-0.587780246141094,-2.23367957710566
"TraesCAD_scaffold_014513_01G000200",2.47792135746602,1.06511090670293,1.96963504280272,0.536893400365683,-0.307892744824156
"TraesCAD_scaffold_113031_01G000100",2.47613854847681,1.1076067596651,1.97272274660346,0.557333614042596,2.46186055926414
"TraesCAD_scaffold_024829_01G000100",2.47611933095582,2.03195605965313,3.86980020849735,0.348170176168894,1.51902501864141
"TraesCAD_scaffold_011727_01G000100",2.47581324247696,2.22560282294705,4.51609224192872,0.573412700257904,-1.50615677497759
"TraesCAD_scaffold_019876_01G002000",2.47501594260836,1.61660560162782,3.78997823431512,-0.607530143795631,-0.995793994077546
"TraesCAD_scaffold_020432_01G000500",2.47500230444899,2.32680936813975,6.49344623529397,0.489617515292489,-1.01536735099548
"TraesCAD_scaffold_104817_01G000100",2.4734236092687,1.59571619817593,2.46544932388066,0.656319518790755,0.317202866789361
"TraesCAD_scaffold_069842_01G000200",2.47300240510154,1.56384014871693,5.37478802821231,0.383280378225512,1.62129708588741
"TraesCAD_scaffold_041343_01G000300",2.47296989792521,2.38811547862249,5.61826105584223,0.0553599664470339,-1.64108081308501
"TraesCAD_scaffold_005369_01G000300",2.47198885875981,0.709560834436426,0.418703682168133,0.395012796421699,1.13010559888292
"TraesCAD_scaffold_034203_01G000100",2.47071361711059,1.52086295620303,8.3910271543218,0.64996341379961,0.290237199391147
"TraesCAD_scaffold_038314_01G000200",2.47027589648586,2.14516826709189,5.69830509775409,-0.860922515007269,-0.695667247613432
"TraesCAD_scaffold_021590_01G000100",2.47003960699185,2.26508147607316,5.14485420350788,-0.362073475855716,-1.18840390757911
"TraesCAD_scaffold_089659_01G000100",2.47001754098598,2.26497077475191,6.29272851921864,0.308029418595931,-1.99817935997763
"TraesCAD_scaffold_126241_01G000200",2.46871801412553,1.90592073395486,5.79005499323172,-0.245128172323072,-1.96186945706665
"TraesCAD_scaffold_000479_01G000100",2.46850038158321,2.04136874351592,4.42997379621335,0.0938732124690445,-1.09691006395412
"TraesCAD_scaffold_111959_01G000100",2.46779420915325,1.95121825275589,6.28121163655266,-0.000227776805659465,-1.63136722168412
"TraesCAD_scaffold_085115_01G000100",2.46769373363258,2.11897281144556,2.48077591697397,0.353037500863845,2.06022481866835
"TraesCAD_scaffold_013785_01G000600",2.46656326286492,1.9251518389161,4.63010905252363,-0.0829543961249705,-1.75179860515159
"TraesCAD_scaffold_040974_01G000100",2.4660921487265,2.3764626725143,5.68220301809406,-0.199245270338689,-0.738064964569255
"TraesCAD_scaffold_087963_01G000200",2.46582409573653,2.29664615640877,4.06352014893141,0.370454691944633,-0.988722481141902
"TraesCAD_scaffold_091855_01G000100",2.46567440525977,1.93218329306088,3.84419087008714,0.207456833443228,-0.883655738018898
"TraesCAD_scaffold_041792_01G000100",2.46522991013339,2.35760211553175,4.8009529608634,0.557288262021854,-1.99352152130271
"TraesCAD_scaffold_134477_01G000100",2.46416988577973,2.06452750201881,4.96264340773307,-0.22224607913874,1.12649637785208
"TraesCAD_scaffold_028045_01G000100",2.46416707853422,1.98391756661057,5.55512593313056,0.53468217357033,-2.28620260159201
"TraesCAD_scaffold_086177_01G000200",2.46397207640157,1.90370227143933,6.47599490108804,-0.411451652995245,-1.75756133654194
"TraesCAD_scaffold_072443_01G000200",2.46390791169959,2.08033867361851,0.852771460003038,0.77331572194671,0.255073710068254
"TraesCAD_scaffold_065388_01G000100",2.46281082616213,1.47918405239174,5.07615660016114,-0.384792689309334,-0.694139767521357
"TraesCAD_scaffold_019928_01G000100",2.4625573702069,1.87425017743814,5.39192479802873,0.0722432699236325,0.122672020435902
"TraesCAD_scaffold_001181_01G000100",2.4619471293201,0.486287501473419,1.26616927288645,-0.0813797767572831,0.293859690376017
"TraesCAD_scaffold_008120_01G000300",2.46135926386407,2.2688513881298,5.97553596749775,0.169610165403727,-2.70265266524307
"TraesCAD_scaffold_004294_01G000600",2.4610228179401,2.22341664717007,4.44118569283375,0.777380707147291,-1.18962642003907
"TraesCAD_scaffold_003822_01G000100",2.45955703550709,1.09472311697343,2.96267008360549,0.473665279838412,0.12226155768699
"TraesCAD_scaffold_098926_01G000200",2.45925447496681,1.77594381731728,4.09472017700653,-0.657217170595708,1.7644765046711
"TraesCAD_scaffold_048057_01G000200",2.45906587822075,2.10878290023023,6.0411878701279,0.551410256190635,1.67128068270088
"TraesCAD_scaffold_062099_01G000100",2.45852172140822,1.99182173072359,6.30747358702779,-0.290074029715819,-1.22372017527102
"TraesCAD_scaffold_023866_01G000100",2.4582572464547,1.24131684946291,3.8328967498828,-0.147509963716841,-0.899637320465513
"TraesCAD_scaffold_166709_01G000100",2.45759053539133,1.42598170548658,2.90984875531692,0.444374395420312,-0.593790213553294
"TraesCAD_scaffold_134692_01G000100",2.45625688269547,0.800454970508327,0.65378330027289,0.79329530972657,-0.0500684371156526
"TraesCAD_scaffold_001455_01G000200",2.45571802665214,2.36016717622571,4.33066703041189,0.0197378678868234,-0.690876673532458
"TraesCAD_scaffold_003510_01G000700",2.45406799520849,2.20064763621994,4.02471379399631,0.297854560123735,-0.348469656501438
"TraesCAD_scaffold_000570_01G000300",2.45343113920815,1.3412324473134,2.11190146582831,0.409853910574843,-0.0495484197554627
"TraesCAD_scaffold_046330_01G000100",2.45198752751066,2.28323788631296,4.31795380546651,0.199270168747947,-1.64549650285543
"TraesCAD_scaffold_064859_01G000100",2.45141941214297,2.23830208473519,4.07308830907728,0.552133834746422,-1.03772549956161
"TraesCAD_scaffold_100151_01G000200",2.45125648050649,2.21511719497925,5.11425000095795,-0.548830181965197,-1.53426671156942
"TraesCAD_scaffold_078874_01G000100",2.45047652840936,0.365209789629661,2.0756024160011,0.446959621889602,1.02517682102148
"TraesCAD_scaffold_086105_01G000100",2.45034198636199,2.34189565146892,5.17616953104688,0.482633647348877,-2.29881714372294
"TraesCAD_scaffold_011934_01G000300",2.45021423931659,1.02361966733239,0.161276037083409,0.968222223850772,0.193101675773624
"TraesCAD_scaffold_077991_01G000200",2.44921274961417,2.18751259764588,4.60209447329233,-0.701095909891669,-0.774952065246925
"TraesCAD_scaffold_035427_01G000200",2.44839107036175,2.04083063683603,4.43648970548628,-0.354564967597047,-1.98212702857281
"TraesCAD_scaffold_065134_01G000500",2.44680576388122,1.35023466460427,0.63216380484498,0.765146414666476,0.769449768085306
"TraesCAD_scaffold_012000_01G000200",2.44648729407984,1.90992089514705,4.28565324010005,0.311329170485553,-1.05625310108015
"TraesCAD_scaffold_008482_01G000300",2.44638683256807,2.17209464440957,5.16187299493984,0.112727466081887,-2.40822695273496
"TraesCAD_scaffold_009117_01G000200",2.44469408772209,1.50148910850042,6.0402897682415,-0.0715108251951237,-1.57413045345957
"TraesCAD_scaffold_062950_01G000100",2.44379209631388,2.35935687934604,5.50191227228944,0.141841660474764,-1.93124382699289
"TraesCAD_scaffold_122742_01G000100",2.44369100332295,0.478258331320439,0.549054430278754,0.622581045904235,0.167434036637123
"TraesCAD_scaffold_035165_01G000100",2.44356749966447,2.16499425118826,3.19413906519686,-0.433222367424237,1.25876451731299
"TraesCAD_scaffold_022770_01G000100",2.44316164109078,2.30385393643805,3.10653787693969,0.92533589403118,-1.91736897455092
"TraesCAD_scaffold_067011_01G000400",2.44302974406863,1.39402408227716,1.95364393939337,0.748259611934269,-0.257829988635819
"TraesCAD_scaffold_031072_01G000200",2.44289024744283,2.01290924281253,4.59032671617105,0.345275468016511,-1.17145913633953
"TraesCAD_scaffold_018292_01G000100",2.44244234829939,2.0167026877441,4.3021018866094,0.108573728920751,-1.17752384846219
"TraesCAD_scaffold_012725_01G000100",2.44098020529043,0.323736779925441,1.99719635646535,0.709976421004627,1.10174388935851
"TraesCAD_scaffold_022571_01G000200",2.43968774355619,1.23606953005202,2.28218387087317,0.54972724298997,1.59725583619097
"TraesCAD_scaffold_054644_01G000300",2.43882466213283,2.3941412775589,2.84212814994401,0.623291604754437,-1.17792347242219
"TraesCAD_scaffold_103257_01G000100",2.43857253608792,2.36165700299083,6.0474663467834,-0.204973336718691,-1.93492994680843
"TraesCAD_scaffold_000500_01G000300",2.43616843074328,1.30254281195486,3.84713643853046,0.26449095734055,0.725891053434456
"TraesCAD_scaffold_016916_01G000100",2.43544478525554,1.40595225334227,3.98179088247884,-0.420620124757304,3.26017303201281
"TraesCAD_scaffold_005899_01G001600",2.43522737139214,2.07836570939384,4.48219593915039,-0.137418586460415,1.84103773090171
"TraesCAD_scaffold_068932_01G000100",2.43464732034605,1.78064596901081,3.64275495011915,-0.121896659696323,2.23838769382673
"TraesCAD_scaffold_071469_01G000100",2.43457387254329,1.27633061804411,0.574903831746556,0.555977438924763,-0.284966445368496
"TraesCAD_scaffold_078673_01G000200",2.43404913517103,2.10720396002493,6.59787893657076,0.0118924671602792,-0.598552045887285
"TraesCAD_scaffold_086809_01G000300",2.4335072770899,1.37388834366547,1.77232085501231,0.712711806939564,-0.0421759068339485
"TraesCAD_scaffold_085142_01G000300",2.43242601672746,1.54672747993359,4.00955655121861,0.389070334570384,0.668543544069973
"TraesCAD_scaffold_001053_01G000400",2.43206435465796,1.87119743769887,0.247640843649074,0.989398097052784,0.361563229653032
"TraesCAD_scaffold_115999_01G000100",2.43171161336997,1.51324518674461,1.6012849872672,0.815041786285167,-0.834732345441777
"TraesCAD_scaffold_062072_01G000200",2.43086367164794,1.49680540121137,3.68315879846093,0.249450491276528,0.907022055767935
"TraesCAD_scaffold_077717_01G000300",2.43006809507188,0.838791044730463,2.9187523362731,0.369058270692752,-0.178571108396308
"TraesCAD_scaffold_062167_01G000100",2.42995623679471,2.32434389444242,2.60025178139903,0.770025567224415,1.58456720589197
"TraesCAD_scaffold_022057_01G000100",2.42960620133825,1.7547051980738,6.31815914328908,0.253730010727173,-0.961321299878975
"TraesCAD_scaffold_025903_01G000200",2.42924288490022,0.804152508563037,4.22815403667305,0.104570758806536,-0.581341208598166
"TraesCAD_scaffold_086565_01G000100",2.42889104540136,1.23021786730621,2.95267918292812,0.0892932054590438,1.63063948776859
"TraesCAD_scaffold_083245_01G000300",2.4288395139469,1.84044631261025,3.88965039920743,0.582471922883859,-1.43573002318617
"TraesCAD_scaffold_023544_01G000100",2.42709993606431,1.24555884747612,2.70186033637017,0.115694450414555,-0.00899614852451446
"TraesCAD_scaffold_107271_01G000100",2.42669222308177,1.39880533208291,2.9026993713232,0.737508116524839,0.723205073130352
"TraesCAD_scaffold_006987_01G000200",2.42426568924608,1.57277696582168,4.05336942703064,-0.219106564512375,1.05595188440098
"TraesCAD_scaffold_123814_01G000300",2.42327093253331,1.56041412537858,3.7983543567511,0.500603176134382,1.6335065184656
"TraesCAD_scaffold_108166_01G000100",2.42169195602403,1.39027212563339,4.90853317241744,0.0454371632196867,-1.81877178252661
"TraesCAD_scaffold_103373_01G000100",2.42143981747788,1.73240089301549,4.62238327730431,-0.641211460222662,1.23091539134873
"TraesCAD_scaffold_087327_01G000100",2.42136392716002,2.20316857312014,3.34495453426939,0.0504697081113787,-0.336535163884111
"TraesCAD_scaffold_082131_01G000100",2.41980850817314,2.34933015997817,4.0072563839006,0.691406107214842,-1.90292564060404
"TraesCAD_scaffold_078502_01G000100",2.41941731081921,1.81804466774695,4.17299189516677,0.285259120969155,-0.343977883076351
"TraesCAD_scaffold_035774_01G000200",2.41756571914285,2.34214915932555,4.46595119114739,-0.477486343943564,-0.716424938244072
"TraesCAD_scaffold_137899_01G000200",2.41739606863516,1.97078570750473,3.78255183804584,0.0789499741018621,0.0655630443639872
"TraesCAD_scaffold_021111_01G000100",2.41716334526013,2.2944271990086,4.2492436856138,-0.0144001232469718,-0.343416530783908
"TraesCAD_scaffold_005428_01G000100",2.41683158384905,1.28432457454388,2.93479495879621,-0.682266952641586,-0.529870097840835
"TraesCAD_scaffold_054714_01G000300",2.41641197513541,1.27833422841208,0.423407182795804,0.487108021387986,2.1771100773056
"TraesCAD_scaffold_080751_01G000200",2.41526917502476,1.86699334152676,2.72046271888972,0.705262956756802,2.29803752205618
"TraesCAD_scaffold_064515_01G000100",2.41463383260862,2.06513166861907,1.98333114356447,0.704939859394969,0.27742112463384
"TraesCAD_scaffold_057176_01G000200",2.41306864886007,0.205872187933505,0.649033660238077,0.617943956887899,0.604930232719865
"TraesCAD_scaffold_015845_01G000600",2.41258080438816,1.8207481789654,3.63448041877266,-0.00919735519298771,0.758296048990022
"TraesCAD_scaffold_178813_01G000100",2.41244928043324,1.66670557046157,5.61983536947774,-0.424930256975781,-0.850606740144634
"TraesCAD_scaffold_010807_01G000300",2.41152627812458,0.631476678133079,0.779430006695738,0.713831343573136,0.720009563468711
"TraesCAD_scaffold_003256_01G000200",2.41150364236112,2.35186542387583,6.02180044805287,-0.101826829438932,-1.79955279776099
"TraesCAD_scaffold_111205_01G000200",2.4112550358804,0.975672055720199,4.61545483557029,0.352903236950331,1.51609640347992
"TraesCAD_scaffold_039546_01G000300",2.41051885555951,2.3381135620106,5.05929680837316,0.426449469781938,-1.85481569778295
"TraesCAD_scaffold_107691_01G000100",2.41019593537981,2.36694442153784,6.82726425342232,0.460888195138723,-1.21822210322481
"TraesCAD_scaffold_041340_01G000100",2.40856414396405,1.16700407712103,4.43241429140645,0.0791305583839718,-0.571623393924019
"TraesCAD_scaffold_019441_01G000600",2.40839557386354,0.850799687603039,1.98543302097696,0.291332815731706,0.163193711846619
"TraesCAD_scaffold_143357_01G000100",2.40755916886059,2.13992381004671,4.6396540739373,-0.0668123247556859,-1.24950806448816
"TraesCAD_scaffold_021735_01G000300",2.40697229929124,2.24303047226319,5.01162897184813,-0.0295724257775294,-1.23968175463996
"TraesCAD_scaffold_018504_01G000500",2.40636733611601,0.596269351814388,3.90426583752825,0.113197932127322,-0.695432657956906
"TraesCAD_scaffold_042379_01G000100",2.40586016104442,1.84014740693278,3.77277122390464,-0.34325514286747,0.71997875352161
"TraesCAD_scaffold_443570_01G000100",2.40542917482157,1.12944338615782,2.30115239472974,0.0656988562216951,1.52820610033664
"TraesCAD_scaffold_017950_01G000100",2.40529675288109,0.517636644968999,4.59074395574394,-0.169330826093058,-1.41747091997988
"TraesCAD_scaffold_139831_01G000200",2.40506520554891,1.4571055352399,3.83409281888452,-0.0684112458769674,2.24656173378771
"TraesCAD_scaffold_115515_01G000100",2.40469125462447,1.38111508390073,4.42281641820538,-0.561263050010833,0.202349450140522
"TraesCAD_scaffold_089272_01G000100",2.40390370529778,2.16270144691612,5.66867862502658,0.537245167862295,-2.20398755102568
"TraesCAD_scaffold_095850_01G000100",2.40388384248541,2.01930341900132,3.76485092260332,0.649245457067461,-0.783525567434741
"TraesCAD_scaffold_010070_01G000300",2.40341272521806,1.87071955088817,3.49453896965222,-0.377935127366193,-1.77839098571205
"TraesCAD_scaffold_070719_01G000200",2.40244831500965,0.619406338717306,0.638758399334001,0.492268947812244,1.51968659153598
"TraesCAD_scaffold_077355_01G000200",2.40243636598625,2.30275441279559,4.88063233263594,0.705670699855224,-2.46860427896537
"TraesCAD_scaffold_002084_01G000400",2.40182276672272,1.82865172547106,1.01447882527411,0.921301166903014,0.544052739297388
"TraesCAD_scaffold_057693_01G000100",2.40165339634656,2.18363294757412,5.0174307264205,0.134488278366609,-1.58926207952479
"TraesCAD_scaffold_021710_01G000100",2.40101550187391,2.20428799922914,4.54640819197674,-0.130841913699031,-0.691353153208958
"TraesCAD_scaffold_107073_01G000400",2.40066467538754,1.82886582386887,3.85350109383873,0.251123091581287,-0.867774004134746
"TraesCAD_scaffold_108220_01G000300",2.3996480385474,2.27477682624988,4.8528796192954,0.0183545655444723,-2.0284589735467
"TraesCAD_scaffold_017991_01G000300",2.39891319357323,1.54490939784689,5.76976147444444,-0.532956279153563,-0.733370035312002
"TraesCAD_scaffold_023448_01G000400",2.39785278164471,0.423701223497177,2.78436408323177,0.723092089842178,2.03540951708647
"TraesCAD_scaffold_030040_01G000100",2.39647514699551,1.99801038333252,4.27960246783096,-0.495680205159143,-0.435028549278571
"TraesCAD_scaffold_068235_01G000200",2.3961444826788,1.39127760997811,4.99803618499035,-0.227660593354544,0.951169428392405
"TraesCAD_scaffold_079493_01G000200",2.3952539254177,1.07745998205563,4.98105375951851,-0.446290295200195,-1.83292796386168
"TraesCAD_scaffold_023494_01G000200",2.39520029420258,1.95137350052344,4.14032565627695,0.179603447755703,-0.717297853445267
"TraesCAD_scaffold_027728_01G000300",2.39479103715056,2.09588484315722,4.29549896165106,0.408773745602391,1.83350656001078
"TraesCAD_scaffold_036151_01G000300",2.39412645906376,1.553317966796,2.08361221352594,0.710226975458843,-0.709857360863051
"TraesCAD_scaffold_053545_01G000400",2.3940149376125,2.2038213065104,4.60966701763129,0.886444613333656,-1.4593580897326
"TraesCAD_scaffold_058025_01G000200",2.39336767098393,1.44084137115192,3.88557452867422,0.14843433362314,-1.51985671792282
"TraesCAD_scaffold_024483_01G000500",2.39196034882622,1.10572783026261,3.08506693314256,-0.114892139703448,0.310852799308293
"TraesCAD_scaffold_063153_01G000100",2.39179424765092,1.532771523163,4.11259227974096,-0.546690259135935,-0.809678963073304
"TraesCAD_scaffold_034275_01G000100",2.39139254528007,2.36623050723126,4.64900057267305,0.738839629798148,-1.8941731519206
"TraesCAD_scaffold_026226_01G000100",2.39040848532856,2.26095765221327,3.56303576855434,-0.202923648359889,-1.08177992138439
"TraesCAD_scaffold_004176_01G000400",2.3887774860219,2.15255679323062,3.59507516358364,0.257002343674369,-1.04770248153977
"TraesCAD_scaffold_035451_01G000100",2.38832889491877,1.60011831933019,5.63404584979832,0.284336763439785,-1.72872585166076
"TraesCAD_scaffold_049055_01G000100",2.38769945877704,1.87310168931259,5.62518506483884,-0.107875229900556,-0.379071502922902
"TraesCAD_scaffold_092687_01G000100",2.38761912096054,1.75961422851318,6.19044766117252,0.327956330586432,-0.844425457510979
"TraesCAD_scaffold_125290_01G000100",2.38545412714937,1.68883460235496,3.58034593622072,-0.225658411507694,-0.833428653868169
"TraesCAD_scaffold_038518_01G000500",2.38437222802477,2.16548616946609,2.4721131986977,0.312108634616426,-1.43628645701515
"TraesCAD_scaffold_071081_01G000300",2.38407339948572,2.26182962451452,4.66097744167431,0.474831687960567,-1.4017752839712
"TraesCAD_scaffold_092642_01G000100",2.38391563404991,1.82066834699816,6.0214360063227,0.159046869155742,-2.15533515805558
"TraesCAD_scaffold_084526_01G000100",2.38352258190866,2.17663166202591,5.29975594611772,0.123747323683666,-1.95711161296397
"TraesCAD_scaffold_001171_01G000600",2.38344327988808,2.06729670945116,3.97221120588211,0.609039610018637,-1.02790870668724
"TraesCAD_scaffold_054907_01G000300",2.38069856950468,2.15201872636589,4.51563792896816,-0.098033056228292,-1.00161246282457
"TraesCAD_scaffold_091167_01G000300",2.38044811287843,1.66841092189158,3.83051179823441,0.193909490936472,0.585129266448751
"TraesCAD_scaffold_076572_01G000100",2.37976710123959,2.20145213472465,4.99020478045541,0.227990641876268,-0.742980796405663
"TraesCAD_scaffold_056395_01G000200",2.3796764490643,2.1894841372665,4.83319415231179,0.215291839799486,-0.696642241665529
"TraesCAD_scaffold_054699_01G000100",2.37921416663268,2.16386625312893,5.25276748507838,-0.414773836044797,-0.729496143849914
"TraesCAD_scaffold_077909_01G000100",2.37807456202926,1.54962961645315,6.10539705758967,-0.308214710726793,-2.37791219927788
"TraesCAD_scaffold_045758_01G000600",2.37660980023267,1.77786810385953,4.525528502888,0.148937473290565,0.391084296749958
"TraesCAD_scaffold_036380_01G000100",2.37585023339876,1.66269914228143,2.53320055976251,0.530342946063915,0.279234365542051
"TraesCAD_scaffold_060793_01G000100",2.37421121400569,1.83993863056804,2.70613009126322,0.529433416225153,1.32795424707169
"TraesCAD_scaffold_059686_01G000100",2.37323556647322,1.84198235730654,5.21058006644181,-0.387235317544057,-0.85593456404831
"TraesCAD_scaffold_009504_01G000200",2.37323430176985,2.3290250653408,5.61049433457635,-0.0546807559770297,-2.28769474411984
"TraesCAD_scaffold_128739_01G000200",2.37310896177063,1.44332424010237,4.96431747590349,0.0241208918781861,-2.15774832052747
"TraesCAD_scaffold_056426_01G000100",2.37199180527084,2.25151108630923,7.2558458637295,0.092075130299609,-0.307482198925939
"TraesCAD_scaffold_035226_01G000300",2.36882427988506,1.44120688504303,3.08584783418354,0.656258696887634,-0.431869307376901
"TraesCAD_scaffold_120824_01G000100",2.36795242173242,2.00917556730831,4.46162583573397,0.0787059599501812,-1.80938634930053
"TraesCAD_scaffold_017675_01G000100",2.36638930195638,1.67571477188304,2.58501069121304,0.374608557381978,-0.733127325118049
"TraesCAD_scaffold_173603_01G000100",2.36597003184409,2.1299310953733,6.06882570968517,-0.482356237295158,-1.1850604622821
"TraesCAD_scaffold_085910_01G000200",2.36437306762857,0.733272911953214,1.64398932290673,0.212105667952412,1.36916703177398
"TraesCAD_scaffold_009927_01G000300",2.36290167881907,2.19278302344307,4.6533937044065,0.677131417830941,-1.60136098726327
"TraesCAD_scaffold_088420_01G000200",2.36251999614285,2.22302598770742,3.66133741586999,0.588864038303137,-1.39110288296706
"TraesCAD_scaffold_011249_01G000200",2.36138648306544,2.16037249372954,4.50902766525586,0.302970506883019,-0.81860361009083
"TraesCAD_scaffold_020794_01G000300",2.36103640938176,1.86058221968367,3.17954727239339,0.439408771589153,0.308733748679898
"TraesCAD_scaffold_003773_01G000300",2.36030993516016,2.19098638319586,3.81502111390597,0.324178016642428,-0.849451222061587
"TraesCAD_scaffold_089686_01G000400",2.36020160612303,0.976269886183122,2.15306387012491,0.115961635962443,0.352193123939418
"TraesCAD_scaffold_098613_01G000200",2.36017807677598,1.53232169936191,5.31542268213803,-0.257721386054984,-2.13776599736726
"TraesCAD_scaffold_124338_01G000100",2.35990150699506,1.46236581662018,4.9269234148461,0.293859760986658,-2.8340388406411
"TraesCAD_scaffold_069502_01G000100",2.3589839023833,2.05477931022179,4.99144476540571,-0.34130472512295,-1.96293447523761
"TraesCAD_scaffold_023763_01G000100",2.35711907849454,2.05075501857529,4.69715779100354,-0.671820275285384,-0.622520404163974
"TraesCAD_scaffold_036134_01G000100",2.35652060628782,2.028692992074,5.09011756259194,0.894320270824554,-1.13772975078957
"TraesCAD_scaffold_086231_01G000100",2.35552368984936,1.85486189827703,3.94524377571606,0.438500641921422,-0.891254611464591
"TraesCAD_scaffold_049499_01G000100",2.35545026796364,1.95764326878014,5.42885000114993,0.234409482081796,0.393206435303915
"TraesCAD_scaffold_038971_01G000400",2.35544901126861,2.2909143860613,5.34963805336965,0.392877511084269,-2.78122868963932
"TraesCAD_scaffold_099317_01G000200",2.35477208201417,1.9940626007292,4.55372979319527,0.174578403420761,-0.745127612034113
"TraesCAD_scaffold_025598_01G000300",2.35398845495512,2.26065766024742,3.75492488049218,-0.0590296232024538,-1.76157619098324
"TraesCAD_scaffold_078468_01G000200",2.35124397179648,1.04801183056687,2.43621790739236,0.399458364761295,0.957493346506038
"TraesCAD_scaffold_086583_01G000200",2.35089755792193,1.98245313285807,3.7100767916608,0.520256477602541,-0.883885583216564
"TraesCAD_scaffold_049468_01G000200",2.35086135541021,1.25413312547516,5.18316040849852,-0.357502500033251,-2.10195510445007
"TraesCAD_scaffold_098002_01G000400",2.35080894387048,2.09030859138859,5.27730592092279,-0.228319323336479,-0.67439177623746
"TraesCAD_scaffold_064394_01G000100",2.34986701196537,1.96574266965649,3.93788400183653,0.532996448618689,-1.27996513874559
"TraesCAD_scaffold_023669_01G000400",2.34970712147233,2.06611170258005,4.71404994017719,0.165618480212764,-0.715030645440972
"TraesCAD_scaffold_040461_01G000400",2.34963836715618,1.69965069151247,0.397810566261698,0.845408700669607,0.130401442000982
"TraesCAD_scaffold_028385_01G000500",2.34957480407522,2.14123008479787,4.71688656447798,0.571377914954886,-1.60931945125136
"TraesCAD_scaffold_050759_01G000100",2.34861639875224,2.23995293462035,6.05563811636152,-0.535764396052304,-1.4188253245529
"TraesCAD_scaffold_003528_01G000100",2.34683607968943,1.08811160552342,4.84067807431279,0.0242789563045324,0.751517472828832
"TraesCAD_scaffold_043799_01G000200",2.34664537530001,2.2102675897802,1.47681890345784,0.667367010622939,0.78763164552688
"TraesCAD_scaffold_053064_01G000200",2.3458104234925,2.14125677340142,5.9178436072845,-0.655170587151028,-0.894278416132407
"TraesCAD_scaffold_006777_01G000300",2.3451339758582,1.38571933766212,5.09228471180585,-0.570093763134516,-0.165389570505296
"TraesCAD_scaffold_067091_01G000200",2.34457133246694,0.54170565231528,1.00262341371441,0.60084771954773,0.458653634607721
"TraesCAD_scaffold_111847_01G000100",2.34415304252224,1.96181945542998,3.2586713716514,0.705651543474971,-1.16244402164204
"TraesCAD_scaffold_035254_01G000200",2.34408302163349,1.99684798722431,5.84522603567137,0.574179467188047,-1.69875251024196
"TraesCAD_scaffold_012919_01G000100",2.34369183172701,1.12378908066781,2.28152503316369,-0.360551107029798,2.71763927410114
"TraesCAD_scaffold_000625_01G000300",2.34360162121999,2.16868411460856,6.10019405263719,0.380948209339462,-1.86504834614444
"TraesCAD_scaffold_104949_01G000100",2.3432944469118,0.902559736585427,2.2725852537012,-0.0486846520368534,-0.0683541055026401
"TraesCAD_scaffold_054822_01G000100",2.34281150231736,1.7387041408497,5.04050571932565,0.130739948409882,0.287818185252008
"TraesCAD_scaffold_037375_01G000100",2.34225687585389,0.883455972358323,0.380879885001816,0.853918663023284,0.0929166536977905
"TraesCAD_scaffold_049974_01G000100",2.34175283293292,1.58752818534057,2.21002521778843,-0.499787302719004,1.97146511034481
"TraesCAD_scaffold_072583_01G000200",2.34161911956707,1.86777285832546,1.21499775376299,0.887257769767722,-0.560244797858316
"TraesCAD_scaffold_030558_01G000100",2.34101838982915,0.614112018547241,1.13625672170758,0.533156894624836,1.69255535135098
"TraesCAD_scaffold_015346_01G000400",2.34097537895524,1.90058316679032,0.936992547874302,0.730158868548695,-0.453349661110737
"TraesCAD_scaffold_095602_01G000100",2.34048456137365,2.22479948074191,4.36125326504099,0.239341171550014,-1.22085086137551
"TraesCAD_scaffold_023201_01G000600",2.34011647241122,2.10994697958096,4.39383751387613,0.475360730782138,-1.68929796674008
"TraesCAD_scaffold_036894_01G000100",2.33996309741534,1.95501337659103,4.51129606381783,0.71490404490303,-1.02003590214936
"TraesCAD_scaffold_068889_01G000300",2.3397515395402,1.59164439430762,3.50460077573287,0.379311153994451,-0.312328540168045
"TraesCAD_scaffold_042783_01G000400",2.33929602336349,1.49383835934194,4.39074289273591,-0.651413125438924,-0.373415774279829
"TraesCAD_scaffold_121025_01G000100",2.33907322337134,2.00338149666687,5.1249200921254,-0.125110507560614,-0.994892333119408
"TraesCAD_scaffold_001804_01G000800",2.33719951550428,0.535022258820831,0.762463454806774,0.758910546756445,0.148630679082236
"TraesCAD_scaffold_070746_01G000300",2.33689226664463,1.1356466236328,5.4040081114447,-0.419567418911074,-0.106427872499732
"TraesCAD_scaffold_012980_01G000100",2.33616652430533,2.00294154427305,4.92693610989121,-0.25658348021572,-1.20379191591037
"TraesCAD_scaffold_072342_01G000100",2.33603505969182,2.23542020261688,3.93704318480572,0.875206772019688,-2.05391273336929
"TraesCAD_scaffold_012125_01G000100",2.33540418583514,1.49923225364388,4.2278556814237,-0.0512479294304702,1.69959675971498
"TraesCAD_scaffold_015296_01G000200",2.33517930631465,1.19771877336333,2.7473937554611,0.291898562603525,0.459241465223919
"TraesCAD_scaffold_022744_01G000100",2.33458557292957,2.12602259451316,4.47622588393424,0.350579507661618,-1.25940493938596
"TraesCAD_scaffold_028441_01G000100",2.33456538590847,1.73309263319244,3.28102693080443,0.541959613046675,-0.112057446549642
"TraesCAD_scaffold_009296_01G000400",2.3338382473704,2.06524753891188,2.95768612918834,0.754425496852751,-1.08392764734781
"TraesCAD_scaffold_132450_01G000200",2.3325485742281,2.03034781793252,4.00975490028181,-0.483864979872758,0.616766487715885
"TraesCAD_scaffold_011859_01G000500",2.33233421590081,2.24603778840711,5.60371096125276,-0.414535179179433,-1.24000861626603
"TraesCAD_scaffold_012040_01G000100",2.33207093680629,2.12105982045677,5.16433976801172,-0.0478869288880182,-2.32537186649432
"TraesCAD_scaffold_001166_01G000200",2.33109490250595,1.97530436250491,4.18874489077095,0.408944994741747,-0.932873976409904
"TraesCAD_scaffold_063457_01G000200",2.3301052707435,1.21807687015505,4.9368839760409,-0.458806235954668,-2.18865927815396
"TraesCAD_scaffold_018883_01G000200",2.32887785699916,1.65054259669401,3.0920682512805,0.0583859992444159,-0.297800440439289
"TraesCAD_scaffold_016106_01G000400",2.32872272853558,1.9221896354759,4.15782294052999,-0.390281015559665,1.40833369313765
"TraesCAD_scaffold_051397_01G000100",2.32870639062946,1.16134135433431,2.27819179302509,0.397440133364156,0.169089693124699
"TraesCAD_scaffold_024057_01G000100",2.32816268016559,2.01702687167126,4.54443059470763,0.648454413800504,-1.69403156879327
"TraesCAD_scaffold_015004_01G000600",2.32794979761336,0.752268434333169,2.39265617899197,-0.0424433975174644,1.0968225926231
"TraesCAD_scaffold_059405_01G000100",2.32692887054049,2.26731547552343,4.52262721590044,0.439650406810762,-1.11500442826895
"TraesCAD_scaffold_100708_01G000300",2.32557326049497,1.50526492222075,2.644228270126,0.220994860362342,1.41866767305561
"TraesCAD_scaffold_060683_01G000200",2.32258479045026,2.16328984955243,5.0152287678964,0.28531388394478,-1.97912676675556
"TraesCAD_scaffold_068791_01G000200",2.32163155485049,2.04855054930769,4.03746199063228,0.693079947637885,-0.755060107380728
"TraesCAD_scaffold_388384_01G000200",2.32094187622604,1.46726384134196,4.13351246696723,-0.814001893495429,-0.118036754645203
"TraesCAD_scaffold_000746_01G000300",2.32014369025591,1.85138419327102,3.07354160380837,-0.0104445758378289,0.241443168027752
"TraesCAD_scaffold_008576_01G000200",2.32007461263971,2.12769921747208,5.10891596150351,0.427198881509028,-1.85144628311059
"TraesCAD_scaffold_053930_01G000100",2.31988070728724,2.0109344695437,4.16798678692759,0.673148305860911,-1.47177940972071
"TraesCAD_scaffold_061137_01G000200",2.31830523200865,1.46534053013516,6.09045528529869,-0.148916591417265,-0.527987508452893
"TraesCAD_scaffold_090691_01G000200",2.31667629560827,1.54172715920455,5.7733529041281,-0.539348323449472,0.473035175733691
"TraesCAD_scaffold_050137_01G000500",2.31667100030326,1.14438756657626,2.31947554828826,0.246883777665639,1.87889357294193
"TraesCAD_scaffold_017857_01G000300",2.31458041331987,2.00358400012609,3.58424042488425,-0.613683516692185,-1.22743553056192
"TraesCAD_scaffold_013701_01G000300",2.31428152102003,0.78827916652822,3.30126997807654,0.476023867576779,1.30344957672616
"TraesCAD_scaffold_077845_01G000200",2.31414745914471,1.68627506149071,2.43191017191498,0.522872948978307,-0.384574739621391
"TraesCAD_scaffold_130816_01G000200",2.31372419751469,2.20964384570324,5.24579205112429,0.632349417854497,-2.39742829813038
"TraesCAD_scaffold_061538_01G000100",2.31359544569476,1.92566984310342,3.34132201515934,0.537905016877768,-0.880897832020154
"TraesCAD_scaffold_045718_01G000200",2.31280098249376,2.15615876135834,2.05766909390572,0.770569001215758,-1.66396392791939
"TraesCAD_scaffold_080165_01G000100",2.31187689660809,2.02868202932402,4.26978818620635,0.0246803539996831,-0.499653398079399
"TraesCAD_scaffold_089547_01G000600",2.31177103368464,1.91277694071001,4.1842176082794,-0.0218347518879293,-1.56016669405245
"TraesCAD_scaffold_023669_01G000300",2.30884965033403,1.58611267605455,4.35251277865398,0.404730857446917,-1.00337216981815
"TraesCAD_scaffold_105068_01G000200",2.30719599402343,1.72344995204949,0.695318281025084,0.433999677439072,0.27021184498712
"TraesCAD_scaffold_066746_01G000100",2.30660011236316,1.86967415109477,5.19805684657713,0.181914354465288,1.83479047955171
"TraesCAD_scaffold_032500_01G000100",2.30598146943566,2.03957669781653,5.04749920641847,0.850604011673192,-1.55278896975295
"TraesCAD_scaffold_088955_01G000100",2.30512432484542,2.21103207545615,3.8247914429229,0.217055527815388,-0.434071250652753
"TraesCAD_scaffold_008675_01G000500",2.30463031803643,0.478184307584965,1.49642932173785,0.373264524933767,0.862485870345163
"TraesCAD_scaffold_016949_01G000100",2.30425602373291,1.00361017977144,5.21289033524316,-0.11818362469731,-0.882669054609276
"TraesCAD_scaffold_052140_01G000100",2.30288513558314,1.70624254016176,4.3101645076876,-0.48704343992563,-0.495604480205922
"TraesCAD_scaffold_047639_01G000100",2.30286684269378,1.79006585860189,3.89315761841848,0.531424658302717,-1.01335645700064
"TraesCAD_scaffold_022925_01G000400",2.30144885329193,1.41934892665588,3.09018821244005,0.271792549852374,0.835250988358438
"TraesCAD_scaffold_045604_01G000400",2.30110936302609,2.06411086044038,4.90595410588305,-0.418220785995111,-0.630359724033993
"TraesCAD_scaffold_107514_01G000100",2.30110002792504,2.17222656247136,4.28887392901033,0.734093874302847,-1.30609386718912
"TraesCAD_scaffold_004967_01G001100",2.29974717540135,2.25510583840646,5.4797345199389,0.609821461874523,-2.34939032528165
"TraesCAD_scaffold_015709_01G000200",2.29871012820801,2.14073610975179,5.36870830169409,-0.063993044904386,-1.87174162349604
"TraesCAD_scaffold_023435_01G000100",2.29866425801667,1.68396481225967,4.48427073097932,0.370787589238638,2.40627773966537
"TraesCAD_scaffold_033218_01G000200",2.29688798671711,1.14947539631256,1.89603954512266,0.576488841140251,0.940733790104483
"TraesCAD_scaffold_050019_01G000300",2.2955458749673,1.82185214019806,3.09722155976984,-0.512576942067798,1.20677099692622
"TraesCAD_scaffold_074035_01G000100",2.29499033753645,1.37777880920109,5.50298050012685,-0.43974055413643,-1.92914669673105
"TraesCAD_scaffold_070594_01G000200",2.29377002381315,0.579680804578118,0.966104823525403,0.457262468531172,0.3291869938649
"TraesCAD_scaffold_130895_01G000100",2.29300350596347,0.831127177334007,4.93323990747112,0.00429991866739803,-0.952357447068166
"TraesCAD_scaffold_043046_01G000100",2.2927228443332,1.5952360829604,3.51017012142826,0.364451827730937,-1.85020448468788
"TraesCAD_scaffold_041822_01G000100",2.29228993727594,2.27151013165323,7.27030439157795,0.319401100010038,-1.12087730507417
"TraesCAD_scaffold_060734_01G000100",2.29050507017434,0.379698352296838,0.399611956567796,0.121221218783861,0.0894459487975836
"TraesCAD_scaffold_012213_01G000400",2.2902675089679,1.94716128166995,5.49904548781678,-0.18478965478181,-0.544060908714598
"TraesCAD_scaffold_099011_01G000100",2.29017790996667,1.79273817213555,5.52009175344397,-0.660062021928831,0.274660103648701
"TraesCAD_scaffold_014334_01G000400",2.28890762442579,1.96666503362561,3.25381735103633,0.338904402267532,-0.272391397748967
"TraesCAD_scaffold_023961_01G000400",2.28836690199945,1.63932051431448,1.34442781303805,0.739367194366034,0.755038541374482
"TraesCAD_scaffold_034326_01G000600",2.28785152806669,1.91136484805881,0.73818039342146,0.648843866965781,0.364368426777208
"TraesCAD_scaffold_050398_01G000200",2.28521240785932,0.74975646932832,4.1371060995412,0.775244671783346,0.0941248281297069
"TraesCAD_scaffold_058158_01G000200",2.28445114935657,1.21544180904554,4.42005288038004,0.314993709261907,0.958218846380764
"TraesCAD_scaffold_002084_01G001000",2.28432943003174,0.238680055650619,1.50268605567194,0.311339806950542,0.192934064461584
"TraesCAD_scaffold_089800_01G000100",2.28402130959215,2.19130530543649,4.80394710661517,0.23251598457063,-0.990610969147213
"TraesCAD_scaffold_105500_01G000100",2.28399144973083,2.0037040041133,4.52784039092001,0.274686410352579,-0.765006935349602
"TraesCAD_scaffold_024717_01G000300",2.28375239342165,2.07618244582397,4.73638453848311,-0.702064929207628,-0.789019707542758
"TraesCAD_scaffold_002795_01G000700",2.28340999867588,1.78619859090424,6.4146628575614,0.374432743290261,-0.072045311246937
"TraesCAD_scaffold_087443_01G000100",2.28318502352445,2.15831347070467,5.5921545820313,-0.432376272367966,-0.729447881674623
"TraesCAD_scaffold_050266_01G000100",2.28245500885726,1.81130544497527,3.89072396498101,0.0330902221376864,-0.227652539427199
"TraesCAD_scaffold_065243_01G000100",2.28193267194889,1.09653309113069,3.10404968980978,0.0779715564993156,-0.326937377482792
"TraesCAD_scaffold_107690_01G000100",2.28173869439407,1.92287470594235,5.00400422039952,0.709762463007328,-2.66699697546163
"TraesCAD_scaffold_060424_01G000500",2.28132025147145,1.88120475162635,1.56607530412183,0.823449576545282,-0.470113148335916
"TraesCAD_scaffold_031890_01G000300",2.28131036370672,0.965440739365437,2.91889822548056,-0.702851371566318,-0.412460574447896
"TraesCAD_scaffold_076289_01G000200",2.28006218692992,2.25052708000056,6.40948065220981,-0.441183404078184,0.337645661442753
"TraesCAD_scaffold_006481_01G000500",2.27913705234351,1.59083667687201,3.75500337977351,-0.249710615842737,-0.0124676215274884
"TraesCAD_scaffold_107541_01G000100",2.27832316967409,2.23149697724454,4.8202633185963,0.553990311051801,-2.06381077646093
"TraesCAD_scaffold_029982_01G000100",2.27788278809872,1.95241222098187,4.29419720670972,0.229773779984624,-1.35261178036884
"TraesCAD_scaffold_023232_01G000200",2.27695092630639,2.19089992009427,3.4799508926652,0.915728942444054,-1.73406862650819
"TraesCAD_scaffold_001169_01G000300",2.27615908286148,1.16151708632566,0.63612833777081,0.690308770783043,1.03913321664261
"TraesCAD_scaffold_045992_01G000100",2.27590533853948,1.85069303146312,3.78436969280376,-0.144987890494559,0.56673229271803
"TraesCAD_scaffold_084497_01G000200",2.2756629106289,2.13505725395938,5.8787451812993,-0.220129926130348,0.465119005664302
"TraesCAD_scaffold_046374_01G000300",2.27549284289903,1.9379046312841,5.21664086559906,-0.0697592673433174,-1.3126463975828
"TraesCAD_scaffold_086163_01G000100",2.27492810292546,1.86994269742855,5.32837410511073,-0.379699741426615,-2.19448680121767
"TraesCAD_scaffold_121178_01G000100",2.27417809943294,1.7966242029207,0.677037681575252,0.921594132592316,-0.352954797350657
"TraesCAD_scaffold_076292_01G000100",2.2714347860051,1.74363001107556,6.24755559393486,-0.192368104600171,-1.68449915409583
"TraesCAD_scaffold_102733_01G000100",2.27061043452851,1.53684561436563,5.32457532986862,0.335818155534804,-2.30636660754886
"TraesCAD_scaffold_118881_01G000200",2.26958902293904,2.21286428316604,5.19874766188514,0.152166315689147,-2.36948188473315
"TraesCAD_scaffold_018088_01G000100",2.26942521151619,1.94470450132637,4.71341470983891,-0.0165617517530983,-0.893282270949504
"TraesCAD_scaffold_057164_01G000100",2.26934849581969,2.01614184836561,4.18373535020483,0.54395953859045,-1.42293545607615
"TraesCAD_scaffold_057773_01G000200",2.26921901418391,2.23156488579232,3.5792295842565,0.274624059450206,-1.96861529428296
"TraesCAD_scaffold_021256_01G000100",2.26918800497194,2.08145029334714,4.75761096033091,0.110693762599397,-1.12004753320285
"TraesCAD_scaffold_098184_01G000200",2.26897029111153,1.6801645380809,5.41220868696088,-0.359216736512487,-2.39421390751767
"TraesCAD_scaffold_055126_01G000400",2.26773940639758,2.17489367062912,3.94907924528438,0.484783653760181,-1.67005863136988
"TraesCAD_scaffold_074880_01G000100",2.26618174792122,2.02710302916234,5.74646210903989,0.126765815177506,-0.893551719913893
"TraesCAD_scaffold_105722_01G000100",2.26582838728459,1.28515898892573,4.73969758323618,0.606954631627403,0.698446043611229
"TraesCAD_scaffold_081897_01G000200",2.26528176623012,2.12568720705364,5.07540242977135,-0.697073463151285,-1.57509214911614
"TraesCAD_scaffold_019879_01G000100",2.26362962068737,1.8681430118566,3.00836197161679,0.131810040049292,-1.79860604299131
"TraesCAD_scaffold_036377_01G000100",2.26202843533261,1.62116771344126,5.107582886119,-0.225491314888033,0.756594341403906
"TraesCAD_scaffold_004581_01G000100",2.26159156336418,1.47851344700694,5.89682921396496,-0.153594783103474,-2.04222462411781
"TraesCAD_scaffold_130214_01G000200",2.26106245513582,2.0811443589956,5.06886276829065,0.367557737331644,-2.2178791383871
"TraesCAD_scaffold_002117_01G000100",2.26048869802879,2.22398733086655,4.90770866852257,0.690761066163318,-2.31103757581468
"TraesCAD_scaffold_118718_01G000100",2.26036113727445,2.15884959924866,4.90784262743203,-0.241803918117741,-0.877375089058385
"TraesCAD_scaffold_073885_01G000200",2.25982890996101,1.9920278145334,4.18681464103721,0.577976225152963,-1.55266553613429
"TraesCAD_scaffold_010067_01G000100",2.25978460726845,0.989157682005722,4.60217177136054,0.00234603656969458,-1.76687666984026
"TraesCAD_scaffold_011517_01G000300",2.25976384047359,1.73159124592619,4.82380392344074,-0.598162367559689,-0.43762821926268
"TraesCAD_scaffold_021940_01G000300",2.25972636955679,1.3789394324933,1.80073598140843,0.459941328274038,0.198419879086021
"TraesCAD_scaffold_019609_01G000100",2.25965337904668,1.81927105682706,2.90121559945947,-0.042496439220911,0.572315804451278
"TraesCAD_scaffold_096024_01G000200",2.25955162240203,1.79170438485139,3.51793752196257,-0.234547821494966,0.664499200910783
"TraesCAD_scaffold_053164_01G000100",2.25950956279659,2.10124313958941,4.04470336274937,0.206738241316682,-0.731052677351243
"TraesCAD_scaffold_059421_01G000200",2.25924692778015,1.21771407261629,2.58986339053039,0.304068540190053,-2.40794106427611
"TraesCAD_scaffold_002549_01G000500",2.25819950817087,1.44570658897668,4.18624251474729,-0.34717087314828,-2.19135085884747
"TraesCAD_scaffold_093558_01G000100",2.25729101555531,1.85040384134886,5.47798082298335,-0.128765473894914,-2.18457294325563
"TraesCAD_scaffold_006981_01G000600",2.25478249025039,1.10091063131719,3.84289180935945,0.250510230500741,-1.35218606865346
"TraesCAD_scaffold_119710_01G000200",2.25386702895779,1.92412552139302,5.0036211260386,-0.239779015974395,-2.34355667606306
"TraesCAD_scaffold_081541_01G000100",2.25337614458983,1.99138398610118,3.69652769132151,0.107601141421462,-0.944660013516534
"TraesCAD_scaffold_070883_01G000200",2.25326892983537,0.847529963808581,5.00370400245223,-0.194310541832635,-0.999785228219909
"TraesCAD_scaffold_011030_01G000300",2.25311473666969,1.92873674585936,4.70939505730639,-0.762728331407952,-1.15315269710173
"TraesCAD_scaffold_017565_01G000100",2.25286629885098,2.2060928350947,5.12348416942612,0.268881713363245,-1.49506893066021
"TraesCAD_scaffold_063502_01G000100",2.25241863454356,2.02097677265974,5.38556646785365,-0.445603948781112,-1.53201937102971
"TraesCAD_scaffold_064774_01G000200",2.2513604143417,1.83149696748558,5.79893289638941,-0.164577942587576,0.369425081364982
"TraesCAD_scaffold_155232_01G000100",2.25023700707019,1.57224543707906,4.52343835532957,-0.430652192656546,-1.25858800198272
"TraesCAD_scaffold_007112_01G000100",2.24807390406513,1.94476934312597,5.6352643872362,0.53403034974121,-1.55906628977687
"TraesCAD_scaffold_061318_01G000200",2.24800255503669,2.09602169195531,5.22362021657524,0.525187931648724,-2.13502715521174
"TraesCAD_scaffold_061426_01G000200",2.24606404508587,2.16051164871622,4.6210616007733,0.543219388254776,-1.66795212931776
"TraesCAD_scaffold_018293_01G000300",2.24442049954184,1.81772665979712,6.14905365266172,0.328383828701605,-1.35838055650759
"TraesCAD_scaffold_002982_01G000100",2.2439569153642,1.07120432511637,4.96246808830228,-0.142593888596659,-2.35484879153815
"TraesCAD_scaffold_960810_01G000100",2.24313528530154,1.33528947513148,2.54347962798227,-0.457134756027296,0.352725488249428
"TraesCAD_scaffold_021306_01G000100",2.24280935608552,1.08101750803486,2.90678538047357,0.438678358768298,-0.14200203164171
"TraesCAD_scaffold_026429_01G000500",2.24270973087636,1.29604057185273,3.87777910624941,0.241420128324211,-1.17246363049608
"TraesCAD_scaffold_018050_01G000400",2.24223501619564,1.47597778038298,5.07978846210839,-0.453569839874531,-2.06635791107048
"TraesCAD_scaffold_092565_01G000100",2.24125921120803,1.66543901164725,5.2112766879543,-0.365477406156678,-1.66584697790614
"TraesCAD_scaffold_034433_01G000300",2.24029132717601,1.97454933933718,3.629833421057,0.82171854936801,-1.16844470919443
"TraesCAD_scaffold_041439_01G000200",2.24018868369429,1.7137079842438,1.7713464677829,0.273188584395742,0.393130169721719
"TraesCAD_scaffold_047088_01G000100",2.24010810530819,1.68296759880851,4.19990955265194,-0.667393590894212,0.932200045404323
"TraesCAD_scaffold_022887_01G000100",2.2388662282141,1.61543770231968,4.28596372786351,-0.638873147828576,-0.437048057730963
"TraesCAD_scaffold_144994_01G000100",2.23880684677846,1.72875579381764,2.88452499740445,0.196422222380509,1.10919596667818
"TraesCAD_scaffold_089236_01G000100",2.23831373053727,1.26486638758517,2.31734462850958,0.373404517998374,0.925830627307825
"TraesCAD_scaffold_119123_01G000300",2.23748157311603,1.03152338536724,4.06060631381083,-0.459000533786655,-0.0106967081384129
"TraesCAD_scaffold_004936_01G000100",2.23661761952465,1.62189281847001,1.03886855876716,0.962222481338921,0.687628079432777
"TraesCAD_scaffold_062154_01G000100",2.23659846890974,2.13120373774449,3.97501552273815,0.671874062945293,-1.35287315966645
"TraesCAD_scaffold_100238_01G000100",2.23620666772996,2.20367858279152,4.25757619401982,0.606507593107973,-2.10392677473727
"TraesCAD_scaffold_123723_01G000100",2.23564543963411,2.00331022155425,4.45141521381928,-0.611102306785331,0.563556368254069
"TraesCAD_scaffold_124806_01G000100",2.23538006139611,1.26401579022371,3.95211779775668,-0.802231926463099,-0.932327527528756
"TraesCAD_scaffold_129999_01G000100",2.23350890752932,0.802220676691156,3.87225219218938,0.340121966286478,-0.677152013995836
"TraesCAD_scaffold_053436_01G000300",2.23326895606103,1.41127277057999,1.84741174107285,0.759692515319477,-0.688841948262036
"TraesCAD_scaffold_014144_01G001000",2.23306572563503,1.74875456745638,5.54669019850371,0.261672286110471,1.4739544427191
"TraesCAD_scaffold_036311_01G000200",2.23280873782398,1.93175403781889,4.3115865735649,0.490245777033975,-1.5177109738412
"TraesCAD_scaffold_023570_01G000300",2.23265392680921,1.57366370308865,2.50776608735869,-0.305779341217434,-1.08994229755611
"TraesCAD_scaffold_007568_01G000200",2.23260232824382,1.53911567981379,3.93159336278402,0.188314280812061,-0.476401945395543
"TraesCAD_scaffold_010974_01G000300",2.2317149920346,2.0922888570357,3.00449904493699,0.927180275036623,-1.63971713864444
"TraesCAD_scaffold_084976_01G000500",2.23169584913677,1.08611285296223,2.29153541791845,0.63101930138474,1.41747461646505
"TraesCAD_scaffold_001301_01G001200",2.23166650826277,1.5834592725164,3.43530793947028,0.573471872313604,0.163069478948206
"TraesCAD_scaffold_072512_01G000100",2.23045970171118,1.0591786996555,2.41051593746632,0.654007949085943,1.60823354927932
"TraesCAD_scaffold_039300_01G000200",2.22960266722211,1.94863211696756,4.31677773286059,0.468196831570003,-1.21440292970684
"TraesCAD_scaffold_088547_01G000100",2.22828493797645,1.75084040416628,6.69366994000373,0.193819318828423,-0.763954111974805
"TraesCAD_scaffold_057292_01G000100",2.22642997701333,1.2312645813571,4.05560894901117,-0.613988567950579,0.815592841011654
"TraesCAD_scaffold_064777_01G000300",2.22626176514261,1.33390429148204,1.78767024415971,0.798367709358788,0.928142351703011
"TraesCAD_scaffold_074197_01G000100",2.22553812599337,2.15804222488405,4.54872476086178,-0.753055425150009,-0.751117842081038
"TraesCAD_scaffold_050976_01G000700",2.2254580342095,1.87029400067778,3.80572724281616,0.527536126457769,-1.08130118322117
"TraesCAD_scaffold_098822_01G000100",2.22445923658905,1.35486697199261,3.00392997054775,0.102631016046417,0.867781678474874
"TraesCAD_scaffold_033882_01G000300",2.2240674864798,1.37932516852163,4.67688718432483,0.0537684055033161,1.08693121059645
"TraesCAD_scaffold_045214_01G000100",2.2237321981448,2.03364089646285,4.97632215608437,0.289780330496595,-1.34750329687672
"TraesCAD_scaffold_102909_01G000100",2.2237160404495,1.46159191485981,5.62529785026836,-0.164659539517769,-2.84294207370524
"TraesCAD_scaffold_103057_01G000200",2.2233270536027,1.02151732927355,2.57666680591386,-0.152962017326081,1.50557375932468
"TraesCAD_scaffold_068409_01G000100",2.22305848036867,1.62641879238087,2.65595676778118,0.801362313875551,0.908590739336145
"TraesCAD_scaffold_009011_01G000100",2.22251656256778,1.54822181947222,3.11574856916429,0.258358867442101,-0.487785972373474
"TraesCAD_scaffold_025745_01G000300",2.22165601532039,1.86881385576167,4.61717449576717,0.127592668939969,-1.05084480986379
"TraesCAD_scaffold_015831_01G000400",2.21951346611628,1.9051859007945,3.80153419987626,0.597064534517482,-0.975743387134247
"TraesCAD_scaffold_019923_01G000300",2.21876467133356,1.95224377033312,4.97161378964219,0.0576555787910276,-1.45414971681608
"TraesCAD_scaffold_089886_01G000300",2.21794068349487,1.79005835022211,3.61611632974315,0.178194029444936,-0.743852160965991
"TraesCAD_scaffold_042243_01G000100",2.21743989710329,1.61381018461178,3.63868493417478,0.633089198226854,-0.771031718446413
"TraesCAD_scaffold_082832_01G000100",2.21662099575602,1.87078112217626,5.29094213897349,-0.0300041392752434,-1.86354826138499
"TraesCAD_scaffold_066096_01G000100",2.21544606403776,1.45786956239307,5.21763268027376,0.00699451616451094,-0.450350821466059
"TraesCAD_scaffold_009349_01G000100",2.21541847986938,2.14269445535669,5.56634620279221,-0.0840088239922781,-2.01476698323188
"TraesCAD_scaffold_092017_01G000100",2.21144441971715,1.0717943773081,0.915966773922911,0.55800023740824,0.309852553568048
"TraesCAD_scaffold_106729_01G000100",2.21142474719085,1.97013913671704,3.45935911020838,0.475122708324979,-0.6249807374957
"TraesCAD_scaffold_080117_01G000100",2.21069890898189,0.883754086929377,4.79317421583708,0.428443257288665,-2.04124288142282
"TraesCAD_scaffold_033344_01G000400",2.20918722399277,1.44733249483121,3.51936251768925,0.280704985459547,-0.838435689216956
"TraesCAD_scaffold_021755_01G000500",2.20903006683483,1.15356444354792,3.02790299215138,0.276830377043342,-0.429268744543028
"TraesCAD_scaffold_031216_01G000100",2.20757275774257,2.02405630214091,4.00031553640177,0.196682488511966,0.433808184855929
"TraesCAD_scaffold_071742_01G000200",2.20693767020003,2.10469925055636,4.88785455778764,0.598201402486726,-2.07905284489443
"TraesCAD_scaffold_004009_01G000200",2.20645317836404,1.9587520439843,3.9597031179084,0.223724759936079,2.47990423178467
"TraesCAD_scaffold_040824_01G000200",2.20549287232298,2.11613518645267,1.41155179789447,0.57607872220574,-0.273343471465712
"TraesCAD_scaffold_074196_01G000200",2.20452720098185,1.65634714917469,5.59460070465911,-0.320861303199598,-1.97500105938499
"TraesCAD_scaffold_023158_01G000200",2.20452600114069,1.57961130912058,6.10305226552516,0.273436144741304,-1.88172591241029
"TraesCAD_scaffold_018129_01G000700",2.20353840231804,1.39844162378446,4.36895483285322,-0.361583081901435,0.902532871066607
"TraesCAD_scaffold_090602_01G000300",2.20320993974793,1.5630606000175,3.78949514219224,0.33629534954955,-1.1465506389496
"TraesCAD_scaffold_013649_01G000100",2.20181469304985,2.17147371655312,5.4133135677256,0.15732045541154,-1.47002893377854
"TraesCAD_scaffold_061622_01G000400",2.20054374916847,0.996148393415774,2.73935009293458,0.480190383084078,-0.0832102067225309
"TraesCAD_scaffold_069536_01G000200",2.20002631314632,1.86450606174482,5.26081020547896,0.107841154745666,2.33023495940984
"TraesCAD_scaffold_038145_01G000100",2.1991777639833,1.64965084910624,3.16720713675051,0.537449350277351,-0.694020051799695
"TraesCAD_scaffold_000102_01G000200",2.19899852138294,0.636779943128573,2.81781415793711,-0.578214527637644,0.186987235334495
"TraesCAD_scaffold_067971_01G000100",2.19861697671784,1.03811556689638,2.26555932976436,0.140312505746443,-0.0478370734645912
"TraesCAD_scaffold_123001_01G000100",2.1985492624323,0.931419974449435,4.66922195775896,0.0572400961410363,-0.783695635724749
"TraesCAD_scaffold_024905_01G000100",2.19829836865372,1.25001484284487,4.4431346125685,0.311006259175187,-1.2805150039353
"TraesCAD_scaffold_020432_01G000600",2.19804452800007,2.02236819283633,3.66621859172353,0.121028841441348,-1.17300667004015
"TraesCAD_scaffold_035099_01G000200",2.19646019761466,2.0311032849248,3.5901681109089,0.692777369672296,-0.980385140450439
"TraesCAD_scaffold_007511_01G000200",2.19509183865343,1.99083804338999,4.50553398112764,0.447702820898666,-1.56197491437845
"TraesCAD_scaffold_040977_01G000400",2.19355119133498,0.785725634857274,3.22355697950954,0.132439031506453,-0.975796597634098
"TraesCAD_scaffold_003610_01G000600",2.19243432615546,1.457486190155,4.54694900837287,0.701475976531354,1.09565328798434
"TraesCAD_scaffold_127625_01G000100",2.19168694655195,1.72599878279384,3.56088210335764,0.320672215106615,-1.10693855062943
"TraesCAD_scaffold_085467_01G000100",2.19013501581182,2.06181057954206,2.84056033845282,0.956506817362263,-1.3631994356629
"TraesCAD_scaffold_022044_01G000100",2.19002595559235,0.768874240410406,1.65527288387588,0.63253811235432,-0.29890375112868
"TraesCAD_scaffold_071766_01G000100",2.18988558654503,2.04896680168549,3.95981378382014,0.723963049365293,-1.62995599513637
"TraesCAD_scaffold_043315_01G000200",2.18888312623365,1.98155812959948,3.97957168220131,0.714179490766072,-1.30338856047242
"TraesCAD_scaffold_029050_01G000100",2.18786498650429,1.84905682712771,5.63419028589275,0.102176698132204,-1.7209547280769
"TraesCAD_scaffold_015831_01G000500",2.18673959441832,0.983010940844376,4.47822254605433,0.611194594652095,0.30140969583518
"TraesCAD_scaffold_041900_01G000100",2.18638430528598,0.499456674815665,1.52549817154395,0.23543492995941,0.552424248048865
"TraesCAD_scaffold_077664_01G000100",2.18581966173897,0.969676203363991,4.42845509057425,0.033732923814198,0.301760886357954
"TraesCAD_scaffold_038565_01G000400",2.18568524320744,1.75322370214774,5.34191074625255,0.388409803610326,-0.84075033994486
"TraesCAD_scaffold_035450_01G000100",2.18446524779923,1.1625539786042,1.99036247878601,0.0580508722562571,1.16041644974959
"TraesCAD_scaffold_012011_01G000200",2.18446462485882,2.02301653050012,4.21918614131628,-0.508501292374469,-1.02357989292049
"TraesCAD_scaffold_009792_01G000900",2.18395902085556,1.98249833973423,5.69681796632236,0.522564364232304,-1.09885466189521
"TraesCAD_scaffold_154458_01G000100",2.18359294230176,2.04744863921505,3.89676024824687,0.723909223008009,-1.29655473630511
"TraesCAD_scaffold_012171_01G000600",2.18279471699427,0.847654444890603,4.9765607222032,-0.306265916362645,-2.56962764119285
"TraesCAD_scaffold_075997_01G000100",2.18175912296619,2.13487787462627,3.36635754983718,0.854787097458645,-1.61494403022654
"TraesCAD_scaffold_149393_01G000100",2.18100123148788,1.8615639231957,3.80319306078215,0.500036186747293,-1.42465551379344
"TraesCAD_scaffold_084482_01G000100",2.18053835835469,1.42233722811852,2.77068278802232,0.133546349306383,-0.638954981338369
"TraesCAD_scaffold_066705_01G000100",2.17932864936486,1.74912443618462,5.27920356608233,-0.197492570722885,0.168931864090884
"TraesCAD_scaffold_057347_01G000300",2.17914200122778,1.95340741342379,4.79667724521531,0.383158266304586,-1.07885943846073
"TraesCAD_scaffold_087173_01G000300",2.17832830832108,1.52616092144698,4.15579354940419,-0.196748685222096,0.529498701866883
"TraesCAD_scaffold_008634_01G000100",2.17719022402103,1.6229318652707,4.63436658174946,0.33923217641942,-0.63134231121533
"TraesCAD_scaffold_066278_01G000100",2.17710814213707,0.847984243021475,4.22396003682661,0.246144623151298,1.63804108800122
"TraesCAD_scaffold_119295_01G000100",2.17502101710087,1.72549840669408,6.49859235538543,-0.0945654872727016,-1.18903606670243
"TraesCAD_scaffold_018604_01G000200",2.17469682246087,1.70946927307294,4.28134504580828,0.274378385367736,-0.307947389015154
"TraesCAD_scaffold_036125_01G000300",2.17449866218981,1.31211789144977,3.62851660753313,0.431984861037829,2.38152571769219
"TraesCAD_scaffold_072463_01G000300",2.17444224976864,1.87380810477081,4.51291266414796,0.137430901376567,-0.661135211315892
"TraesCAD_scaffold_129097_01G000200",2.17200325959891,1.62102717024316,6.65247621695201,0.206259494929512,-0.249089101888178
"TraesCAD_scaffold_074725_01G000200",2.17125826583973,0.529945690156607,2.50370869828994,-0.17818361918973,0.6728880254047
"TraesCAD_scaffold_002908_01G000300",2.17094038368009,1.93727511391063,4.8167957966008,0.13184912656746,-1.27324577267958
"TraesCAD_scaffold_093701_01G000100",2.17091668923814,2.01890890297894,5.20172231929601,0.163718888450154,-0.994433489622725
"TraesCAD_scaffold_078205_01G000500",2.16948548189403,1.67781947424485,3.55744471735637,0.488988855905232,-1.05362579450133
"TraesCAD_scaffold_060643_01G000300",2.16946485729478,1.34616312632314,2.9019574065989,0.389788992303839,-0.424931163947517
"TraesCAD_scaffold_063285_01G000100",2.16918859165936,1.30669446264266,0.602539226745887,0.791322137846947,-0.0607592457956281
"TraesCAD_scaffold_106618_01G000100",2.16807683390605,1.63942947395129,3.60832461910961,0.132291630095051,0.337870182965618
"TraesCAD_scaffold_058561_01G000200",2.1674814355143,1.97924131803467,4.90610575488176,-0.148417611111526,-0.716893162485946
"TraesCAD_scaffold_057742_01G000200",2.16709017297858,0.973612001111073,3.10311547876507,0.577313733126486,-0.315136648530907
"TraesCAD_scaffold_038789_01G000500",2.16640174782494,1.76725263354316,4.25016883079596,-0.329295323539257,0.174338125337979
"TraesCAD_scaffold_033188_01G000500",2.16558841710151,0.862665788991409,2.73943019089512,-0.707451671857452,0.394341767569094
"TraesCAD_scaffold_036341_01G000700",2.1648237444662,1.65071893399684,5.47032567918055,-0.381984821270455,-1.19610667851994
"TraesCAD_scaffold_046105_01G000200",2.16364494771163,2.04501063637054,4.14652942818076,0.254326535921709,-1.54155353571443
"TraesCAD_scaffold_053310_01G000100",2.16107499011072,1.82216031680276,4.85426481699267,-0.206998988604367,0.236074395084024
"TraesCAD_scaffold_024975_01G000700",2.16051538166347,2.13137899551732,5.14069408031547,-0.358673447003713,-1.60376075420811
"TraesCAD_scaffold_059154_01G000100",2.1599260652052,1.74027609301728,4.80605419770608,-0.000800717705448173,-2.63584269115087
"TraesCAD_scaffold_072273_01G000300",2.15984404393102,1.1776329725109,4.45966132317746,-0.542057086780314,-1.41927759739889
"TraesCAD_scaffold_005419_01G000500",2.15949384571751,1.33754380290809,0.838073470490343,0.954454985953926,-0.34431192832033
"TraesCAD_scaffold_003918_01G000800",2.15827990278643,1.06652045621183,1.9363534589367,-0.156729600346754,0.292287339196161
"TraesCAD_scaffold_053455_01G000100",2.15806264521317,1.55844205041071,5.8813874943443,0.168304715914823,0.577399007057289
"TraesCAD_scaffold_000796_01G000400",2.15762180372073,1.88007875536424,4.8812194463926,0.361089842382304,-1.7156658526593
"TraesCAD_scaffold_034065_01G000100",2.15739639116452,2.11324952060625,5.86609377180371,-0.530447157358278,-0.555223471861603
"TraesCAD_scaffold_005207_01G000200",2.1572775100541,1.71416455541969,4.10601096768732,0.500834522127923,-1.25336595079339
"TraesCAD_scaffold_037158_01G000100",2.15622653815657,1.28891730804461,4.49877672159263,0.392612015312223,-1.46470192054772
"TraesCAD_scaffold_039491_01G000300",2.15568402857887,1.84245452306179,5.69309749076744,-0.47844327083724,0.170329144313604
"TraesCAD_scaffold_070926_01G000100",2.15430509798496,1.97876986398637,3.76174281624902,-0.391171884654389,-1.01298759763007
"TraesCAD_scaffold_088463_01G000200",2.15369996151699,1.95321888423113,4.55357159087078,0.370082694717622,-0.865330052466658
"TraesCAD_scaffold_077985_01G000300",2.15305397530916,1.91377566946814,4.09902715683543,0.393186498931257,1.88623295714197
"TraesCAD_scaffold_078396_01G000400",2.15294044046497,1.43713476969771,6.55934372925645,0.25618404114416,-0.617251440302578
"TraesCAD_scaffold_020710_01G000100",2.1526485362455,0.345946515217317,0.554893386964112,0.102553764716236,0.978458527391805
"TraesCAD_scaffold_049090_01G000200",2.1500657369736,1.36003218573115,0.555188723904931,0.931911842640724,-0.445161273794366
"TraesCAD_scaffold_001052_01G000200",2.14970390049485,0.883212324276741,2.53267775530007,-0.526766606501641,0.603609708265893
"TraesCAD_scaffold_059484_01G000100",2.14918946294565,0.530102811291192,1.40077323700503,0.316971215651877,0.848303401076244
"TraesCAD_scaffold_044214_01G000200",2.14860308923971,1.804062610254,4.28228543653115,0.436650222121011,-1.25687861070889
"TraesCAD_scaffold_028174_01G000100",2.14808914784048,1.9391053398625,4.16177125233128,0.545537287190268,-0.975354759203043
"TraesCAD_scaffold_111874_01G000300",2.14745744793244,2.03017269902222,5.08177190293644,0.467999139029583,-1.609767061025
"TraesCAD_scaffold_072333_01G000300",2.14622887107166,0.601959979009717,3.90525462810357,-0.326740915815568,-2.09261221690127
"TraesCAD_scaffold_045563_01G000100",2.14487863380148,1.55167795595069,4.22868764062282,-0.652899010743153,1.39948170414822
"TraesCAD_scaffold_009303_01G000100",2.14483148121997,1.08195097490606,3.57187384543919,0.538097682414982,1.35919827176835
"TraesCAD_scaffold_018338_01G000100",2.1447397442661,1.86262392507544,3.93441092055331,0.538985691281989,-1.44339123766269
"TraesCAD_scaffold_032284_01G000400",2.14437071691779,1.44488961954536,0.630357077238711,0.750815205022428,-0.300176073650501
"TraesCAD_scaffold_067841_01G000200",2.14385815835977,2.01191560826169,4.77386552905763,0.654055572048155,-1.90861606160123
"TraesCAD_scaffold_008540_01G000400",2.14231776729305,0.616617594542353,2.30204956037806,-0.105362649251463,-0.42391897566893
"TraesCAD_scaffold_066929_01G000100",2.14214611710893,1.82984964058256,6.47279516906449,-0.0980026385427051,-0.308000877928565
"TraesCAD_scaffold_003570_01G000200",2.14109353184617,1.46484662875144,3.33200419211287,-0.159572736477423,1.86813928739054
"TraesCAD_scaffold_131817_01G000100",2.14027430224939,2.03818593474129,3.53122658234928,0.566667262625573,-1.0274908173758
"TraesCAD_scaffold_125972_01G000100",2.13939187215692,1.55355694753474,3.67298687263042,-0.162270204368988,1.41998023419649
"TraesCAD_scaffold_057673_01G000200",2.13913755649656,1.97635266129873,5.26455383660824,0.212933761646151,1.29113358342398
"TraesCAD_scaffold_012587_01G000300",2.13734208482451,2.09461044216614,4.82532237342158,0.709259815692369,0.867009158687758
"TraesCAD_scaffold_012663_01G000200",2.13502243636438,1.34886553511939,3.82292682419855,0.0262012393037765,0.476418077176941
"TraesCAD_scaffold_058784_01G000100",2.1349481477105,1.57474367010473,3.12740177917819,-0.291239724594162,0.148853178649781
"TraesCAD_scaffold_014397_01G000100",2.13334740899151,1.38744266394372,4.41398687663954,0.252718774720089,-0.13689859157288
"TraesCAD_scaffold_051782_01G000400",2.13254068763658,1.69337278037066,4.53139532085892,-0.29983329243184,-0.569414154948114
"TraesCAD_scaffold_012660_01G000100",2.13188542583705,1.17874884863656,4.02073830926303,-0.312732551741963,2.60167395148894
"TraesCAD_scaffold_136679_01G000100",2.13186908828339,0.518277211884986,2.92307366700704,-0.562088951160943,0.862981825108509
"TraesCAD_scaffold_031712_01G000700",2.12990809166834,1.85233122906348,3.49907856227923,0.676799552509264,-1.11259417683532
"TraesCAD_scaffold_035120_01G000200",2.12896889753623,0.831183348681186,1.37846751249671,0.857320932537886,0.72130270562382
"TraesCAD_scaffold_015930_01G000100",2.12891060341461,1.01214605389426,4.52180242697157,-0.397377931958985,-0.434378325425932
"TraesCAD_scaffold_057129_01G000100",2.12828807912827,1.42699181014728,4.55884836920817,-0.115012600972286,1.08461112917945
"TraesCAD_scaffold_104682_01G000100",2.12803315636123,1.68043207772069,2.96298217892307,-0.557193808315638,0.796349829104832
"TraesCAD_scaffold_083384_01G000200",2.12783790384461,1.48409331391629,5.2398304631579,0.186783386666883,-0.871116762707982
"TraesCAD_scaffold_008288_01G000100",2.125730461174,2.11370062268049,5.93974530940498,-0.670932657977584,-0.140912821744287
"TraesCAD_scaffold_080494_01G000100",2.12486856638931,0.695126774895436,4.44135590922837,0.264550068518351,-0.992895820033348
"TraesCAD_scaffold_008745_01G000700",2.12401576745395,1.57979954569869,4.1032510276041,0.197712128263986,-0.395001294074828
"TraesCAD_scaffold_018008_01G000200",2.12332946969557,2.06907228766321,5.3244411696143,-0.562729090174532,-2.21050566400839
"TraesCAD_scaffold_073524_01G000100",2.12307009010873,0.96852980352152,2.58053624148751,-0.28122459144484,-0.184824458401404
"TraesCAD_scaffold_079750_01G000300",2.12187048716128,0.73433676434291,4.10214295437376,0.332449124074476,-0.760688570928045
"TraesCAD_scaffold_081567_01G000100",2.12011913636529,1.50098276052634,5.4807614276898,-0.151692397064149,-0.746232795661695
"TraesCAD_scaffold_083746_01G000200",2.11903788254543,1.67150504428642,5.26478209150364,0.119197301895078,-1.31853061217091
"TraesCAD_scaffold_162785_01G000100",2.11862476401645,1.26142117768814,3.67009159069613,-0.253177360678693,0.451127184172255
"TraesCAD_scaffold_139294_01G000100",2.11839301635486,0.374922339771499,2.04383912239318,0.163607131691172,0.866054295447638
"TraesCAD_scaffold_061018_01G000400",2.11768203890611,1.04612692641453,3.49087042855604,-0.282353054657391,0.481574285905953
"TraesCAD_scaffold_039789_01G000300",2.11732639252923,1.35086094112566,4.74307747412752,-0.577126072004349,-0.633500588293179
"TraesCAD_scaffold_056264_01G000300",2.11689961597042,1.94180838774099,4.89989319476494,-0.917788604153669,0.427502649089159
"TraesCAD_scaffold_062733_01G000200",2.11528313542719,1.9966111233148,4.30076549754469,0.659995731536112,-1.53282232130054
"TraesCAD_scaffold_062215_01G000200",2.11329587240344,1.96706019297924,5.12900000133682,0.491660481266436,-1.97063522091767
"TraesCAD_scaffold_027222_01G000300",2.11329342745067,0.500018697963457,0.695071353057701,0.711236631312508,0.0179885041946799
"TraesCAD_scaffold_096353_01G000100",2.11238598408617,1.70663743969214,0.514443070250781,0.617756775301459,0.365938146920056
"TraesCAD_scaffold_098921_01G000100",2.11035837944038,1.76536139317677,3.17529004478904,-0.467931837639554,-1.29259435660009
"TraesCAD_scaffold_055953_01G000200",2.11012214777203,0.643077159608874,2.65689465835439,-0.0496360804937636,1.326683358247
"TraesCAD_scaffold_041589_01G000100",2.10999846016953,1.20503099446141,3.55560514905753,0.381086771009661,-0.126104222591512
"TraesCAD_scaffold_077721_01G000200",2.10914875354836,1.84220815907632,4.31593986247948,-0.147075568789836,-0.684195210075668
"TraesCAD_scaffold_130320_01G000400",2.10761806185909,1.30310784817544,4.58346287298915,0.342734798715034,-1.13193982336242
"TraesCAD_scaffold_089953_01G000200",2.10669877340585,1.61499774595137,3.20719699655987,-0.514873335969207,0.391751902415113
"TraesCAD_scaffold_049250_01G000100",2.10638881472994,1.14633687775065,4.79238472555351,0.402810472663044,-0.2224248674281
"TraesCAD_scaffold_050804_01G000100",2.10591950026703,0.470849125826034,4.77274561666234,0.312026448140491,0.755589408108897
"TraesCAD_scaffold_007250_01G000300",2.10511335291235,1.93040097959561,5.22796022632949,0.0977973849910739,-1.2796126955827
"TraesCAD_scaffold_078794_01G000100",2.1045845274473,1.86918811279776,2.9136139440468,0.364878560342938,-1.38514518996572
"TraesCAD_scaffold_070188_01G000300",2.10391946514701,1.65812959600915,5.18218445699965,-0.410483912747166,1.17109434633641
"TraesCAD_scaffold_012269_01G000200",2.10354483407192,1.65311342063286,3.90015049890493,-0.0669667502818078,-0.586399313977009
"TraesCAD_scaffold_104441_01G000100",2.10274924817474,1.95756153466982,3.47298271375616,-0.204297613780771,-1.93214478373548
"TraesCAD_scaffold_022668_01G000100",2.10078464791851,1.98498948514323,5.19397307402004,0.120017592213192,-1.79405294909361
"TraesCAD_scaffold_086525_01G000200",2.09603153040109,1.12761115488342,2.04584948328876,0.120292248435155,0.790119897489699
"TraesCAD_scaffold_041589_01G000700",2.09490417163811,1.43835233366374,3.50853394514657,0.0181892892177902,-0.923640061902111
"TraesCAD_scaffold_106179_01G000100",2.09441065649012,1.53766109564756,5.08079343455854,-0.136684941511767,-2.78176951904203
"TraesCAD_scaffold_097804_01G000300",2.09362854162664,1.66686911410835,5.84618395524315,-0.116984509310661,-1.05223879270173
"TraesCAD_scaffold_012542_01G000200",2.09297463613736,1.35532992012942,4.5311751876091,-0.0728272400385188,1.00086592812674
"TraesCAD_scaffold_029028_01G000200",2.09218388276648,1.55862445951001,4.4528747846958,-0.432390627810038,0.0595046809749164
"TraesCAD_scaffold_022983_01G000100",2.09186117202976,1.79313224290582,3.04803092546334,0.770749571695029,1.33148723285578
"TraesCAD_scaffold_004968_01G000100",2.09134206429331,1.73220080684744,4.99350535281879,-0.131527595985459,0.135576582647655
"TraesCAD_scaffold_008425_01G000400",2.08989138294223,1.09794543043766,4.70327029099102,0.0225422302166569,-1.34452802250823
"TraesCAD_scaffold_019680_01G000100",2.08820683457747,1.34139802899839,5.27119585947125,-0.682873897454179,-1.70467924998109
"TraesCAD_scaffold_041439_01G000100",2.08778314083653,1.1424621299217,2.24160320093318,0.6845347343744,-0.792372640460311
"TraesCAD_scaffold_093301_01G000100",2.08720604016619,1.95928338323111,4.675576671441,-0.080085944039858,-1.77949448040915
"TraesCAD_scaffold_028364_01G000100",2.08637787127345,1.21155650268463,2.72323419755464,0.0436886556248911,-2.26034909140976
"TraesCAD_scaffold_024356_01G000300",2.08557170340867,0.626979904934138,1.34251842994229,0.624589577673227,0.329887625188041
"TraesCAD_scaffold_008604_01G000100",2.08506094605485,1.35713033541178,3.42985199534208,-0.486901305765332,-0.455617310275386
"TraesCAD_scaffold_052752_01G000300",2.08324565838368,1.19281874905261,2.93028153356659,0.136166732038435,0.31793019506072
"TraesCAD_scaffold_076791_01G000100",2.08239973639437,1.37955568556772,3.37103926595096,-0.14837656337646,0.26784108603074
"TraesCAD_scaffold_050160_01G000100",2.08107796448388,1.67105846486172,4.72778024655683,-0.689244888401975,0.425119953415056
"TraesCAD_scaffold_028426_01G000300",2.08039918826668,1.900257745033,5.63064198358685,0.465274290500838,-1.55717340386763
"TraesCAD_scaffold_064220_01G000100",2.08033756125973,1.66042361321616,4.34047270552698,-0.747707913739484,0.692577162452139
"TraesCAD_scaffold_134067_01G000200",2.07999640741132,1.75320448831856,3.53058618861217,0.598133525012544,-1.384125236772
"TraesCAD_scaffold_022813_01G000200",2.07931089225153,1.79223315193617,3.36424118892017,0.0792951012722916,-0.0709277744161908
"TraesCAD_scaffold_039598_01G000100",2.07864245244366,1.7433155823897,5.27329747054861,-0.28574279746032,-1.59164717039623
"TraesCAD_scaffold_013135_01G000700",2.07846359468932,1.92255968149247,4.0249974120502,0.633283306991596,-1.6139354358948
"TraesCAD_scaffold_000367_01G000100",2.07838974824417,1.81512900210267,4.01295126055986,0.372632728521622,-1.66815693724973
"TraesCAD_scaffold_043990_01G000100",2.07815759295639,1.66742490590144,4.89830317263313,0.177338157367384,-0.694735672027151
"TraesCAD_scaffold_010539_01G000200",2.07765747103314,1.79303234628899,3.45257274455454,-0.38139127677808,-0.340724148232026
"TraesCAD_scaffold_073283_01G000200",2.07730215474393,1.21013710470467,5.06453575368359,-0.0333732257654758,-1.35471113872367
"TraesCAD_scaffold_149414_01G000100",2.0765199710909,1.86163694381885,5.95056738431124,0.330676264371714,-1.05439974829774
"TraesCAD_scaffold_008274_01G000300",2.07526299243098,1.42518852302838,4.05714503165259,-0.844010105200453,0.817115895019928
"TraesCAD_scaffold_013334_01G000400",2.07453438121541,1.54516481116343,2.7879407741462,0.733347672274143,-1.00006721748895
"TraesCAD_scaffold_116910_01G000200",2.07432320396341,1.87032607210852,3.56640368430212,-0.271274501704683,0.321104525379939
"TraesCAD_scaffold_027241_01G000200",2.07421627063528,1.92691987601261,4.97976392366385,0.493982694337798,-1.61087471988987
"TraesCAD_scaffold_095007_01G000100",2.07410711833027,1.29737439219376,3.39372315143699,-0.0155859899992639,-0.963680478417855
"TraesCAD_scaffold_153228_01G000200",2.07407462721414,1.79239106477837,4.90403665208463,0.345873078085565,-1.84780230178204
"TraesCAD_scaffold_004737_01G000300",2.07356307343889,1.7732778870038,4.8212584642383,0.344644414981807,-1.65455154442976
"TraesCAD_scaffold_115938_01G000400",2.07292718562372,0.739716425149071,0.875885411354582,0.647961599042632,0.0970985211098924
"TraesCAD_scaffold_027167_01G000700",2.07246508584727,0.629683590486985,3.76172467872277,0.141314753867694,-0.650998764920327
"TraesCAD_scaffold_023601_01G000100",2.07100808953043,1.727527894868,4.10713855868417,-0.346997315392937,-1.21771259815648
"TraesCAD_scaffold_090847_01G000200",2.07096133347987,2.01828915354758,4.92106029305557,-0.364295264895351,-1.65422112357251
"TraesCAD_scaffold_066581_01G000300",2.0708414309521,1.98637103853946,3.83234014265295,0.52488323395826,-0.530756877603578
"TraesCAD_scaffold_056251_01G000100",2.0703358206487,1.589777191369,2.18144793501924,0.905505410972421,-1.2135504229934
"TraesCAD_scaffold_046863_01G000100",2.06978806684894,1.77669411972465,3.72441927896108,0.268525403540433,-1.02077826963199
"TraesCAD_scaffold_057784_01G000400",2.06898931788807,1.63519031117597,4.0071945674238,0.323522683666231,-1.12325609835528
"TraesCAD_scaffold_098523_01G000100",2.06873481994059,1.02463838044059,2.15823375236488,0.286232392022824,0.375448798158736
"TraesCAD_scaffold_036767_01G000400",2.06779247399545,1.0070644698832,2.06437461108943,0.568313089341036,-0.0186203268255528
"TraesCAD_scaffold_095481_01G000100",2.06635243552493,1.91656743153343,2.83200615678016,0.820667861594627,-1.18642919336085
"TraesCAD_scaffold_138573_01G000100",2.06530297708837,1.2545991964873,2.79013161357,0.645095802924042,2.16950628766929
"TraesCAD_scaffold_129472_01G000100",2.06477014566072,0.535720700117827,2.2138068968332,0.0897720841983847,-0.47410796190135
"TraesCAD_scaffold_040557_01G000100",2.06398177717757,1.64771777713148,4.24570615229372,-0.392000624738695,-0.957324150320819
"TraesCAD_scaffold_029119_01G000100",2.06387490754087,1.96978115205482,4.03366661578596,0.827248428066306,-1.66594108093137
"TraesCAD_scaffold_008449_01G000600",2.06157450951554,1.61833287052026,2.40379720461919,0.405401498852413,1.18123466672092
"TraesCAD_scaffold_017101_01G000100",2.05932180224845,1.67294673004,3.64771239202959,0.626067625135578,-0.794847977857448
"TraesCAD_scaffold_078813_01G000100",2.05828950515571,1.32297235611228,2.57293455314344,0.535175277565473,-0.382455528030432
"TraesCAD_scaffold_061885_01G000200",2.05709977353811,1.987153270576,4.13846643222358,0.862256052776229,-1.6775280505221
"TraesCAD_scaffold_139473_01G000100",2.0564969272614,1.76862666130478,4.16016570586381,0.134509636736636,-0.929762417361353
"TraesCAD_scaffold_003827_01G000200",2.05593049244551,0.794696739242827,2.14591562331395,0.0495106623838752,0.542325087629119
"TraesCAD_scaffold_022872_01G000200",2.0556619739648,0.617377605979928,1.20859532893855,0.816081296268322,-0.340877135754687
"TraesCAD_scaffold_020141_01G000100",2.05532633449339,0.674867817681414,4.25843217252192,-0.139854170878065,-0.663111346060166
"TraesCAD_scaffold_014812_01G000100",2.05492002585946,1.60146556131267,3.51773651317273,0.730345805114202,-0.866745680064042
"TraesCAD_scaffold_031275_01G000300",2.05456034003985,1.85934743624595,4.60442588131776,0.215649193132258,-1.13348802831273
"TraesCAD_scaffold_023287_01G000200",2.05450137703163,1.87521545031446,4.92737943914945,-0.236593219190395,-2.04481627510132
"TraesCAD_scaffold_024416_01G000100",2.05296952083376,1.73588143861966,3.79689593629251,0.784395521079942,-0.838484364624348
"TraesCAD_scaffold_133347_01G000200",2.05221246119849,0.747655298650663,1.52748133549933,0.407224529816692,0.81092890223789
"TraesCAD_scaffold_000670_01G000300",2.05204213624716,1.72297569316153,3.49991864026745,0.679773980434953,-0.962004768268019
"TraesCAD_scaffold_012935_01G000600",2.05177830252184,1.67150312548141,3.57787218423602,0.64543643542537,-1.86134166648956
"TraesCAD_scaffold_069338_01G000200",2.05124423542363,0.154756365623551,1.00325633459614,0.583590213735701,0.979012559760395
"TraesCAD_scaffold_066975_01G000100",2.05105847765472,1.74771852404404,4.80779672103487,0.388967976489758,-0.413866005510339
"TraesCAD_scaffold_127354_01G000100",2.05056734046948,0.239649967295559,1.0793446257423,0.554693526800132,1.11802164387558
"TraesCAD_scaffold_082246_01G000200",2.05046974385518,1.5534530426008,3.94826925941059,-0.463989880408618,-1.01016034266933
"TraesCAD_scaffold_002644_01G000100",2.04991444030229,1.95787909886293,4.3488203875713,0.610841215513055,-1.57885858938549
"TraesCAD_scaffold_158120_01G000100",2.04934133360147,1.44398721710651,6.10872380533632,0.00769091463689745,-1.66957288318802
"TraesCAD_scaffold_066943_01G000100",2.04863735030215,0.936901020384827,1.16134511159662,0.30887240743306,-1.13088588263553
"TraesCAD_scaffold_104813_01G000200",2.04796671835999,1.80440436307878,5.50803886592356,-0.165913600435498,-0.865466594621125
"TraesCAD_scaffold_061432_01G000100",2.04790711905479,1.88575374367641,4.57923044383115,0.867688837711133,-1.95427676901154
"TraesCAD_scaffold_062607_01G000200",2.04729757040676,1.35257095675532,3.02227530005841,-0.571940843494212,-0.716707101114601
"TraesCAD_scaffold_001804_01G000200",2.04686014272346,1.6427159978738,5.93774876211736,0.0621126909374406,1.04237910237137
"TraesCAD_scaffold_022295_01G000300",2.04649022052217,1.43369644014243,5.18392423705355,-0.347100468370426,-1.07957928133407
"TraesCAD_scaffold_102723_01G000300",2.04598344190747,1.78196619568722,4.30138182265879,0.728716628571635,-1.40124119236926
"TraesCAD_scaffold_058063_01G000300",2.04493416993496,1.5636711427583,4.64420905060793,-0.463184029147712,-1.64270184816257
"TraesCAD_scaffold_143741_01G000100",2.04447802432236,1.41819270853654,2.91054269869815,0.505529690299797,-0.0874656046129222
"TraesCAD_scaffold_006057_01G000100",2.0434780992534,1.87939592810985,4.02639939958648,-0.827763836123423,1.70450383784399
"TraesCAD_scaffold_061287_01G000200",2.04266129528614,1.87740126806093,3.90134626147818,0.583520859974952,-1.14619898527991
"TraesCAD_scaffold_034764_01G000100",2.0423537517909,1.84141162360779,5.10257628304191,0.415696778254392,-2.19705388376941
"TraesCAD_scaffold_080769_01G000100",2.04219387130027,0.851783648636831,0.767679825298989,0.880493238581722,0.755853513034849
"TraesCAD_scaffold_063386_01G000200",2.04206813382672,1.90282459024824,4.9863165823844,0.33441193226973,-1.28324150820029
"TraesCAD_scaffold_029820_01G000300",2.04082353872141,1.74424711254358,2.92987840191063,0.750635824864471,-1.19184894429326
"TraesCAD_scaffold_071725_01G000200",2.04006133935792,1.82049210076656,3.78913437536482,0.289702492838711,-0.966046352372272
"TraesCAD_scaffold_057181_01G000300",2.03974433615312,1.63016793036267,2.54119997820848,0.671034624047723,0.565498486290528
"TraesCAD_scaffold_046084_01G000100",2.03913171922838,1.84035650539984,4.73743372984318,-0.16912488848603,-1.28914904840488
"TraesCAD_scaffold_113574_01G000200",2.03855506174487,1.5539783533353,3.20150634382596,0.225577656969563,0.356459679125598
"TraesCAD_scaffold_115385_01G000100",2.03710125545099,1.25684173403209,2.60565856636511,0.475180335848583,1.88807890537442
"TraesCAD_scaffold_133825_01G000100",2.0366198493867,1.60543532788221,5.11016574297358,-0.131770120238738,-0.62726967785447
"TraesCAD_scaffold_094773_01G000100",2.03610642984175,1.76575807233679,4.68031118007566,-0.40041926419754,0.108585322635196
"TraesCAD_scaffold_093386_01G000100",2.03516291785329,1.41103348950221,4.63015060708174,0.301526322006507,-2.41427124482133
"TraesCAD_scaffold_039007_01G000200",2.03342599672908,0.545987672845716,2.29915668332537,0.144816939070915,-0.695030523190944
"TraesCAD_scaffold_038885_01G000400",2.0333932534667,0.746540870166045,0.974001861163247,0.460261956843342,0.409467420850321
"TraesCAD_scaffold_030989_01G000100",2.03244481754981,1.55949659148185,1.88502448109042,0.702100593628289,1.27256453002638
"TraesCAD_scaffold_046890_01G000100",2.03141137778097,1.85995420767887,1.73316050449015,0.872301803968288,-1.00231268201517
"TraesCAD_scaffold_016856_01G000100",2.03060866851718,1.76849457418369,2.97016250838061,0.172272886836902,-0.499882090040379
"TraesCAD_scaffold_016040_01G000300",2.03016514504995,1.33376495474687,2.7930071737853,0.249923232156579,0.418762456854202
"TraesCAD_scaffold_012580_01G000100",2.0298799712104,1.53979459575901,5.4413741612755,0.263998395046227,-1.96065506453883
"TraesCAD_scaffold_012759_01G000100",2.02986964911272,0.42009871788279,1.09980107631221,0.701120094266799,-0.0161124169971701
"TraesCAD_scaffold_065794_01G000400",2.02863406037881,0.690600328310881,4.39835166177627,0.394340531165361,0.612744041635223
"TraesCAD_scaffold_086046_01G000100",2.02859414066793,1.90180035007483,4.76196777476479,0.144482207705761,-2.4191947122152
"TraesCAD_scaffold_002643_01G000200",2.02707749311457,1.63356830585109,4.89786557327237,-0.480131156608281,-0.481146960458918
"TraesCAD_scaffold_024466_01G000300",2.02683526236265,1.9463989634382,5.54658366781008,-0.337774939028149,0.800321895111317
"TraesCAD_scaffold_015802_01G000100",2.02245779416736,1.74741080958445,3.94521683369806,0.490951196801767,-1.85822038442712
"TraesCAD_scaffold_015864_01G000100",2.0221650472645,1.9476134386467,2.99072272483163,0.640636308181446,-2.43102163424383
"TraesCAD_scaffold_038101_01G000200",2.02156648142397,1.5064702495804,1.72550967077924,0.686012954453951,-0.735923843060466
"TraesCAD_scaffold_016614_01G000300",2.02053929459038,0.901626123883323,4.39049564264335,0.46846335707799,1.8476493785706
"TraesCAD_scaffold_057335_01G000200",2.01942551605971,1.98858960589277,3.66814308054145,-0.569926553185515,-1.91989523590435
"TraesCAD_scaffold_070165_01G000100",2.01898068916789,0.746291443853944,2.64555469080428,0.466287512981864,0.370722185773548
"TraesCAD_scaffold_019110_01G000300",2.01891392570448,1.39216503222447,2.41174397602643,0.080480403629728,0.126417008620172
"TraesCAD_scaffold_042461_01G000300",2.01881055122233,0.525564095734321,1.47814682500012,0.483081768823752,1.19968327133373
"TraesCAD_scaffold_049052_01G000100",2.0186970586454,0.392825471112021,2.15870187916533,-0.13896568128414,2.00878837255039
"TraesCAD_scaffold_071684_01G000200",2.01862496009251,1.60538730195764,3.76860533246248,0.38264252802808,-0.411093100849056
"TraesCAD_scaffold_007854_01G000200",2.01852496467975,1.21400684263123,2.62667615081208,0.0915017924402402,-0.904150761975419
"TraesCAD_scaffold_021013_01G000100",2.01843484732605,0.383246479558439,1.21084143149009,0.379138574530488,1.48027479666104
"TraesCAD_scaffold_060076_01G000100",2.01839512393201,1.91530447974672,4.42207008667473,0.226248473115172,-2.11483119847244
"TraesCAD_scaffold_029736_01G000200",2.01782960827098,0.847078338186431,0.976204750750588,0.387606833055614,1.6984375704706
"TraesCAD_scaffold_010177_01G000100",2.01730716436944,1.66988274562424,2.00082879520857,0.861992103637583,-0.243315102553709
"TraesCAD_scaffold_002353_01G000300",2.01640340481202,1.89402259201964,2.13284109241285,0.753276058049466,0.830374726068699
"TraesCAD_scaffold_100371_01G000100",2.01559728651099,1.15069841706719,2.77052057680404,-0.644118041122739,-0.155316905830285
"TraesCAD_scaffold_045856_01G000200",2.01529048304408,1.7109360210695,2.38078896682723,0.292271221119802,0.731262218941171
"TraesCAD_scaffold_021388_01G000100",2.01520506114284,1.62474562470177,2.61332508153845,0.405891955652055,-1.84237805351997
"TraesCAD_scaffold_042782_01G000600",2.01507782266358,1.77323851984148,4.72122991616559,-0.114956686901939,-0.700714036544582
"TraesCAD_scaffold_003265_01G000300",2.01453280717405,1.67913531433439,3.9807762467179,0.0819553782939606,-1.52921186967315
"TraesCAD_scaffold_091510_01G000200",2.01426952807927,1.72180730141723,5.74102404176187,-0.32483193625954,0.219101455842641
"TraesCAD_scaffold_032648_01G000100",2.01393400409472,1.89021542292641,3.12101059257714,0.335869843314419,-1.86205369314255
"TraesCAD_scaffold_000972_01G000400",2.0130761755133,1.36240431127021,2.81426890235586,0.723425103281672,-0.84297713970897
"TraesCAD_scaffold_104030_01G000100",2.0117569323958,1.83891077824375,4.53949628031319,0.344424582834961,-1.67140909930812
"TraesCAD_scaffold_035483_01G000100",2.00963959975146,1.61894895957745,5.47802218334486,0.241080820494532,-1.18590227050965
"TraesCAD_scaffold_021246_01G000200",2.00945234797504,1.34816647413828,3.16459054307434,-0.539270102230194,-1.22593702500162
"TraesCAD_scaffold_163630_01G000300",2.00942922296932,1.48050075030388,3.56734204293727,-0.122589711239201,-1.20290356360171
"TraesCAD_scaffold_079999_01G000400",2.00909336289363,1.87132858367671,3.32044781273562,0.522139568948915,-0.933529015449525
"TraesCAD_scaffold_064218_01G000100",2.00827818002837,1.78887986372236,3.43615058220074,-0.809488827022334,-0.0731901861959084
"TraesCAD_scaffold_045341_01G000200",2.00707168092505,1.89376371454393,4.71506034646435,0.372430719714681,-1.22736553974319
"TraesCAD_scaffold_039466_01G000100",2.006893453766,1.62755824686384,3.52720993430949,0.0391166621462303,-1.04147600243737
"TraesCAD_scaffold_061524_01G000100",2.0062674546949,1.36803310917166,1.71148389359156,0.589533793189221,-0.314877779367579
"TraesCAD_scaffold_017147_01G000100",2.00510424313576,0.936570356774858,6.1871166750711,0.379794992935806,-0.142414062646065
"TraesCAD_scaffold_048098_01G000300",2.00424260195133,1.71565902398526,5.67620796996883,0.285558003326018,-1.4133441314622
"TraesCAD_scaffold_130299_01G000200",2.0040301137953,1.95963011551352,4.76308616030571,0.311743182429039,-2.30113217783077
"TraesCAD_scaffold_074471_01G000100",2.00346369030981,1.183657274235,4.24229469836456,-0.222213562698691,-1.38898168675625
"TraesCAD_scaffold_048251_01G000200",2.00340166008818,1.47089570473763,4.99540207770114,-0.0848020746160388,-0.421307601596586
"TraesCAD_scaffold_086907_01G000100",2.00076813672664,0.836599643074859,2.90149082546311,0.332191227150314,1.10794125631769
"TraesCAD_scaffold_011181_01G000700",2.00052172981044,0.890477324936945,5.02333836433104,0.321155960045521,0.86339515409397
"TraesCAD_scaffold_090691_01G000300",1.99888282987437,1.34439751717644,3.40205361381443,-0.230443857671114,0.537202219138024
"TraesCAD_scaffold_051339_01G000100",1.99841908918016,0.287105763686898,2.32919173071772,0.377587219213411,1.11019769161981
"TraesCAD_scaffold_001033_01G000400",1.99831700997172,1.29245007757248,3.21655422227109,0.0164923869911936,-0.0716837020926489
"TraesCAD_scaffold_007932_01G000300",1.99823998110211,1.8306437809759,4.01544592102765,0.017642251450458,-0.818023580512457
"TraesCAD_scaffold_038374_01G000300",1.99819062781976,1.74639029314976,5.12379292233244,0.479207332641852,-1.89728814824926
"TraesCAD_scaffold_095627_01G000100",1.99784061081918,1.63585522549122,6.11106243807814,0.0179264779760457,-0.80580743984027
"TraesCAD_scaffold_084208_01G000100",1.9974320582315,0.964062167534423,3.6447713294644,-0.38744506020709,-2.26567351966779
"TraesCAD_scaffold_032119_01G000200",1.99737587047919,1.62214878341039,2.5509557276459,0.674011554347539,1.18816380578208
"TraesCAD_scaffold_053645_01G000100",1.99717680186364,1.23191567507764,5.35568128114474,0.318920563157692,0.956686341762534
"TraesCAD_scaffold_007022_01G000200",1.99558209017993,1.88217231559244,3.12305248337581,0.0403502878178718,-0.228390076408923
"TraesCAD_scaffold_089151_01G000100",1.99550393604791,0.461580754646708,0.996375606740366,0.824934611857875,0.335259664265961
"TraesCAD_scaffold_052090_01G000200",1.99474833963784,1.83861528587594,3.83411989714581,0.707973766067594,-1.32094478882117
"TraesCAD_scaffold_076562_01G000200",1.99409551671529,0.228846831854941,0.989208665004573,0.398954764649928,1.04857336971917
"TraesCAD_scaffold_049778_01G000100",1.99249328214786,1.94706787895012,3.8901682946857,-0.491913240573163,-1.22746707962228
"TraesCAD_scaffold_050432_01G000400",1.99239028847997,1.21512380029859,1.83446637280379,0.794330778949242,0.994746746963749
"TraesCAD_scaffold_042395_01G000200",1.9922454210709,1.34651922921988,1.82056120051351,0.251466457843879,-1.7870497138108
"TraesCAD_scaffold_006913_01G000100",1.99195402806995,1.90635716203826,2.81742024864319,0.69908554510324,-1.45823905978435
"TraesCAD_scaffold_131924_01G000100",1.99171128065648,1.57238698788648,3.82316501127395,0.502904019370301,-1.20973047575332
"TraesCAD_scaffold_000018_01G001700",1.99124603384498,0.498076662768405,1.9692436718841,0.215747941770792,-0.80978927075699
"TraesCAD_scaffold_049256_01G000400",1.99111020293857,1.34380038868388,3.05777743103569,0.367935656829089,-0.560986944985685
"TraesCAD_scaffold_054084_01G000200",1.99100566027447,1.58995455089545,3.89217350051316,0.543425449730207,-1.11547041936599
"TraesCAD_scaffold_095275_01G000300",1.99045443513371,1.69697557947121,5.35714329736527,-0.326820946529477,-1.20251757755318
"TraesCAD_scaffold_078928_01G000500",1.98981109606336,1.38796293345428,3.45611485097437,-0.0723540759018721,0.0493717128850971
"TraesCAD_scaffold_096193_01G000200",1.98919194910352,1.75343632029885,3.91373760341481,0.423789297090273,-0.910525265659727
"TraesCAD_scaffold_100697_01G000100",1.98911060951097,1.70997580628774,1.18713862344202,0.730498571264077,0.517027191269625
"TraesCAD_scaffold_039686_01G000200",1.98907960810195,0.853993658807107,4.20459205833199,0.307616735982223,-1.58064171472528
"TraesCAD_scaffold_106536_01G000100",1.98869819912383,1.22163212876265,4.47899868579738,-0.144073193852198,-0.409066504454959
"TraesCAD_scaffold_014579_01G000800",1.98759919062798,1.73902287790579,4.51485167303909,0.104451163600863,-0.9160359693212
"TraesCAD_scaffold_046593_01G000100",1.98756272473909,1.53057472573069,4.4768001066716,0.247057999422616,-0.296441278371854
"TraesCAD_scaffold_012466_01G000100",1.98455465912304,1.75203425272886,3.65869995532956,0.683000596503301,-0.365242884061836
"TraesCAD_scaffold_044017_01G000100",1.98362108976185,1.77889713544461,4.94012580669323,-0.171281497402068,-1.50745647148386
"TraesCAD_scaffold_000927_01G000100",1.9822386656121,1.69380184695411,3.55263782904762,0.590716484379743,-1.02665298757903
"TraesCAD_scaffold_030526_01G000400",1.98148146029041,0.430981410485132,0.523106029232888,0.492153950125048,0.939879728727802
"TraesCAD_scaffold_010285_01G000200",1.98027374761833,1.57918499568323,4.21957781081079,-0.294479402785783,0.766423378283055
"TraesCAD_scaffold_008237_01G000200",1.98017333989597,1.69578530913028,2.88399408604031,0.0657575270539157,-0.825915943314956
"TraesCAD_scaffold_101734_01G000100",1.97942488977592,1.73123981276762,1.79932874691559,0.418908913234611,-1.64326916545425
"TraesCAD_scaffold_023433_01G000100",1.97883167689514,1.74284112134566,4.42134358311825,0.383580747023589,-2.32560488690756
"TraesCAD_scaffold_057056_01G000200",1.97797434706446,1.27022737800857,1.52313768233617,0.0337952003922252,1.68193766192722
"TraesCAD_scaffold_127056_01G000100",1.9768352693474,0.624704814718615,1.99861645371862,0.465127458554194,1.5235959904916
"TraesCAD_scaffold_042142_01G000200",1.97663833153305,1.21302243394173,4.57934431498642,0.0845967739718306,-0.463268152159615
"TraesCAD_scaffold_019155_01G000100",1.97496831382607,1.88647723649279,3.04707509013433,0.817562693230826,-1.12006742327547
"TraesCAD_scaffold_038523_01G000100",1.97431748786385,1.20008889465578,3.35848458433969,-0.416605083100722,1.19535635997979
"TraesCAD_scaffold_007193_01G000200",1.97428740825482,1.19300421189423,3.18978217426283,-0.38256631377197,-0.726854243244412
"TraesCAD_scaffold_132112_01G000100",1.97418817711021,1.80277657454821,4.20937551949884,0.0419216254090795,-1.32454750684458
"TraesCAD_scaffold_109295_01G000200",1.97300897174782,1.72764541308283,4.01177106018133,0.562375045348326,-1.74883089232077
"TraesCAD_scaffold_012213_01G000600",1.97288896410567,1.28099574311676,3.27319537291651,0.1075868648634,1.81917899533018
"TraesCAD_scaffold_095535_01G000100",1.97208496065562,1.07445562785577,4.59266556739216,-0.111156862736663,-1.44232366720012
"TraesCAD_scaffold_056008_01G000100",1.97199067871754,1.04425518536961,1.8673460325075,0.606420744044808,-0.888251397225966
"TraesCAD_scaffold_109578_01G000200",1.97151348037606,1.45788198344102,4.3171023182505,-0.137264293301854,-0.142817577753805
"TraesCAD_scaffold_643997_01G000200",1.97125907123919,1.28453395478949,4.30498932845719,-0.774788061715801,-1.12598525914337
"TraesCAD_scaffold_099410_01G000100",1.97089065258452,1.68631281888771,5.73800066354578,-0.0936530267914449,-0.882336432002908
"TraesCAD_scaffold_082018_01G000100",1.96779680405316,0.705544566800243,3.34351278477229,-0.101823625486264,1.51752932514643
"TraesCAD_scaffold_037456_01G000200",1.96744963989112,0.51243638249942,2.80533573206756,0.0796851927649503,0.564119818043648
"TraesCAD_scaffold_031369_01G000200",1.96729666859791,1.19033594973233,2.47745592752502,0.21332207433753,-0.229810263588454
"TraesCAD_scaffold_035927_01G000200",1.96598069760105,1.87995912591612,6.2125876159386,-0.445621978837278,0.184098673083759
"TraesCAD_scaffold_134905_01G000200",1.96536134390316,1.88365486940758,3.81648221638237,-0.399359491446976,-1.07178618476475
"TraesCAD_scaffold_077760_01G000100",1.96354788026636,1.90004203547622,4.26524848407166,0.280067611917883,-1.34715309573529
"TraesCAD_scaffold_002997_01G000900",1.96277361682285,1.34820942117157,2.31407007441673,-0.23663125132191,-1.66720801734081
"TraesCAD_scaffold_064822_01G000200",1.96273222376003,1.40237940357829,4.13973036707757,-0.679688416513279,1.082500643502
"TraesCAD_scaffold_033344_01G000300",1.96263521640452,1.91951308335464,3.42438075398016,0.859482351956831,-1.74815951405143
"TraesCAD_scaffold_017663_01G000100",1.96204783348684,1.37202326952202,2.42880917771715,0.534897488562207,-0.60523683066734
"TraesCAD_scaffold_000107_01G000200",1.96202147480137,0.570352970407967,1.65951847033036,0.3411981999469,1.09505139565529
"TraesCAD_scaffold_089576_01G000200",1.96148973182645,1.86568457847718,4.35002436455264,0.835308044661784,-0.954389290275764
"TraesCAD_scaffold_090250_01G000100",1.96124687416568,1.38472964729877,2.28546379747444,0.734093112375483,-0.715562703517353
"TraesCAD_scaffold_042866_01G000600",1.96108139252128,1.75093009408291,3.77431125428196,0.0298261858662212,-1.42282115000756
"TraesCAD_scaffold_076996_01G000100",1.96077094562034,1.43116219708105,4.12431182850991,-0.224726610062735,1.34385280259969
"TraesCAD_scaffold_103829_01G000100",1.96037833585949,1.08947060353854,1.6234370832676,0.188880214113389,1.34814159515589
"TraesCAD_scaffold_097937_01G000200",1.96037242361632,1.23903512437363,2.88898880249471,-0.0571092808260086,2.07606402958428
"TraesCAD_scaffold_025277_01G000500",1.95926912861701,0.544337587517153,3.42745917654669,-0.525662213297671,-0.31618846654498
"TraesCAD_scaffold_016540_01G000100",1.95855158730965,1.89396059201258,4.65466698112102,0.427785087680076,-1.62605844876687
"TraesCAD_scaffold_045766_01G000200",1.95850407757315,1.3428625348756,0.938479548376773,0.868527190295461,-0.560431370936854
"TraesCAD_scaffold_002585_01G000300",1.9575096153108,1.59067715170347,0.191532068590814,0.850954919069585,0.123431624221745
"TraesCAD_scaffold_049880_01G000100",1.95707842969601,1.91340319990615,3.28696010029449,0.0363764895692995,-1.13355035088987
"TraesCAD_scaffold_061774_01G000300",1.95663848673286,1.62688717559316,3.44283139790372,-0.011077438700718,-0.65359108196352
"TraesCAD_scaffold_030207_01G000100",1.95539844748587,1.72164153232183,4.45999491604741,-0.365134431394616,-1.14500122024433
"TraesCAD_scaffold_086613_01G000100",1.95537281441049,0.842231783252067,2.76609666416335,-0.385269159915546,2.84262850214329
"TraesCAD_scaffold_019183_01G000400",1.95532751515014,1.83680735585737,4.1863728272853,0.442168892743175,-1.58943654681501
"TraesCAD_scaffold_011793_01G000200",1.95531843195844,1.18054258141059,4.61170388816941,-0.294261131935315,0.0247312409974365
"TraesCAD_scaffold_053798_01G000200",1.95408519614457,1.39116642385288,2.25764477989624,0.820217257800009,1.44821847314078
"TraesCAD_scaffold_039234_01G000100",1.95362707046164,1.57253533405339,4.06025867853868,-0.263971624050491,1.14906353631215
"TraesCAD_scaffold_004990_01G000100",1.95349660565836,1.12737681400356,3.4180598307242,-0.146228452864016,1.65414984904927
"TraesCAD_scaffold_019830_01G000100",1.95327467766341,1.83724260129056,3.99264471048261,0.686203968289946,-0.914428844276602
"TraesCAD_scaffold_061152_01G000100",1.95278335725206,1.17559722313982,3.66173739218398,0.0400905083260859,-0.150498758608014
"TraesCAD_scaffold_105617_01G000100",1.95244200574736,1.74079656268398,5.21064450458939,-0.0758655160058792,-0.0985701223947033
"TraesCAD_scaffold_061570_01G000100",1.95224462152613,1.87953368930639,3.68604436634528,-0.0373421932172032,-1.32321261867599
"TraesCAD_scaffold_023619_01G000100",1.95119795745359,1.05775465091774,1.9912477768624,0.424732318426395,-0.239839664657666
"TraesCAD_scaffold_063507_01G000200",1.95119282792536,0.560607114219411,0.846799153012037,0.788180029040696,0.111512784758357
"TraesCAD_scaffold_068453_01G000200",1.95065788501975,0.999103060753027,3.88303920524359,0.0233810036707895,0.293995830514968
"TraesCAD_scaffold_028132_01G000500",1.95052047888701,1.36318313647025,2.76719470373455,-0.44091555402918,-0.264497712857756
"TraesCAD_scaffold_000549_01G000400",1.94914037517364,1.80597028999589,5.31614803775754,0.206313706317401,-1.32753777072893
"TraesCAD_scaffold_087841_01G000200",1.94910695662025,0.699682421065888,3.63043419406104,0.0555984454945302,-0.457808431196983
"TraesCAD_scaffold_036058_01G000100",1.94837705846757,1.66551313649905,4.44175799733234,-0.067857287071991,-1.27005291387378
"TraesCAD_scaffold_010118_01G000100",1.94762465578223,1.67962744934313,2.97423743016265,-0.178195316224963,0.334627066294696
"TraesCAD_scaffold_074684_01G000100",1.94751658200381,0.496777432032603,0.078662931563521,0.410684532822793,-0.144917940974759
"TraesCAD_scaffold_083796_01G000100",1.94478498310984,1.87198940809708,3.66614247781405,0.90656165940433,-1.22020022708483
"TraesCAD_scaffold_069923_01G000100",1.94458723316497,1.10504220657984,2.54063155755096,0.633222990169628,0.187080463034289
"TraesCAD_scaffold_006945_01G000200",1.94441033471838,1.52690731080988,3.1322378335106,-0.213396614261927,-0.733866859422846
"TraesCAD_scaffold_080165_01G000200",1.94382449687196,0.77274328353782,1.93138627172718,0.352431731231038,0.530618746803338
"TraesCAD_scaffold_094956_01G000200",1.94320949332358,0.274937134421528,0.73176316250468,0.137805185752689,0.392036748447715
"TraesCAD_scaffold_015477_01G000300",1.94319713329264,1.39771493216962,3.56142052289405,0.39755776509233,-0.421546830995784
"TraesCAD_scaffold_073146_01G000100",1.94190103736936,1.75981471428091,3.26845423262373,0.755621781081774,-1.35420812520954
"TraesCAD_scaffold_150187_01G000100",1.94072770837658,1.56017338834527,5.12954469139746,-0.360938059793291,0.521250761698071
"TraesCAD_scaffold_044492_01G000300",1.94051462889368,1.87996223287856,4.2557010300636,0.477843859468722,-1.93121428316023
"TraesCAD_scaffold_103647_01G000100",1.93992851007474,1.62060251689982,4.16279550814814,-0.025402292262066,-0.607068866168626
"TraesCAD_scaffold_117957_01G000100",1.93963281948381,1.77121616818366,4.25698458324641,0.132098448182286,-1.68832083556329
"TraesCAD_scaffold_111060_01G000100",1.93959716616026,1.09260994235187,4.50569506543239,-0.0101596872948763,-2.82054608693633
"TraesCAD_scaffold_119178_01G000100",1.93844542531504,0.855591876485603,1.74663643225801,0.572054182579376,0.601178065430889
"TraesCAD_scaffold_130298_01G000200",1.93829089419907,1.33114313367292,4.44330758572117,0.220121985472096,-1.41551517352623
"TraesCAD_scaffold_090142_01G000100",1.93827095365158,1.64903035521267,4.62959847389267,0.272654113746956,-0.731398801200277
"TraesCAD_scaffold_018194_01G000100",1.93765633816711,1.806640133713,4.73471185665375,0.201091254424166,-1.58414271954797
"TraesCAD_scaffold_013154_01G000200",1.93746478874622,1.80941168568992,3.54489217404506,0.594086098034775,-1.27316873735186
"TraesCAD_scaffold_027134_01G000200",1.93630428366562,1.60575400452274,3.80755403581733,0.49954040574557,-0.439234364439913
"TraesCAD_scaffold_072888_01G000100",1.93609830999371,1.03209787991398,4.13011822404728,0.166589103358216,-1.06041707434306
"TraesCAD_scaffold_041617_01G000100",1.93530348589577,1.70747668328167,4.03707012860985,-0.564144092194402,-0.765105007694831
"TraesCAD_scaffold_073354_01G000200",1.93368008520305,1.4932619814171,4.98128407113607,-0.712292270787089,-0.12800158477923
"TraesCAD_scaffold_000546_01G000200",1.93348544582507,1.08274377870361,4.45083408051523,-0.222319191044867,-0.913325017029458
"TraesCAD_scaffold_055157_01G000100",1.9332996464133,0.917446356998577,1.31195727484181,0.36746363668554,-0.475726731004546
"TraesCAD_scaffold_049886_01G000200",1.93298918521428,1.06702344572547,2.83783468894912,0.173418619496533,1.70630763153091
"TraesCAD_scaffold_090468_01G000100",1.93180661744751,1.51661110478893,4.33196487623205,-0.359324566756171,0.743704902209832
"TraesCAD_scaffold_003085_01G000100",1.93137019858984,0.0718578086305753,2.97989190183241,0.243521754316644,-0.696901740869441
"TraesCAD_scaffold_031320_01G000600",1.93053063594291,1.35543472866859,3.86768674077624,-0.0763165772396357,-0.301398232674902
"TraesCAD_scaffold_024220_01G000100",1.93035709902296,0.585726967099035,0.724722219607432,0.0817688071983061,-0.131299279729701
"TraesCAD_scaffold_003715_01G000100",1.92990823964346,1.85928842262172,4.48173833470817,0.484331145116214,-1.42546645321173
"TraesCAD_scaffold_123955_01G000200",1.92917824715117,1.57148111711119,4.34455711399683,-0.290993380297892,-1.50678561061374
"TraesCAD_scaffold_047927_01G000200",1.92855064814194,0.890671948914746,1.6628767968864,0.497660798785277,1.10449871142791
"TraesCAD_scaffold_127556_01G000100",1.9278743776639,0.996778291833971,2.89768380544714,0.686446369024963,0.896434500872589
"TraesCAD_scaffold_002386_01G000500",1.92553255491606,0.229217509017206,0.525247636492703,0.600363573650218,0.445367962341822
"TraesCAD_scaffold_127436_01G000100",1.92539110871918,1.25973508888725,4.28727812911037,-0.33277581796612,0.810224111137076
"TraesCAD_scaffold_097718_01G000200",1.92472152212384,0.94594082139605,1.47291618701598,0.497586332826851,-0.29403821606701
"TraesCAD_scaffold_008622_01G000200",1.92409823686237,1.52035200811838,2.06576511845488,-0.242508020589988,-2.4579870987715
"TraesCAD_scaffold_029475_01G000500",1.92379040296106,0.74623171831258,2.84755830913353,0.251770869463491,1.59710461047908
"TraesCAD_scaffold_007911_01G000200",1.92305970622282,1.58317309296004,3.18939146992221,-0.373355699374166,-0.299298119469199
"TraesCAD_scaffold_071363_01G000100",1.92298660578521,1.33331047939329,3.3110010320107,0.466415019110589,-2.01277397065416
"TraesCAD_scaffold_050922_01G000100",1.9229741718899,0.748895165170348,1.19362954155401,-0.0331815130491831,0.680562613085137
"TraesCAD_scaffold_032994_01G000200",1.92287884215367,0.381403976528328,0.574186658444861,0.0311199754627875,1.09022926263008
"TraesCAD_scaffold_007823_01G000100",1.92278322103591,1.8271496381749,4.11081650576726,0.0345593590560765,-1.30682096767677
"TraesCAD_scaffold_128963_01G000200",1.92278241074665,1.47572973536261,4.58622383911303,0.0604718317137656,0.110215482488888
"TraesCAD_scaffold_002222_01G000200",1.92162524678911,0.752604586779177,2.4239248162401,0.0110680089493643,-1.23318636289956
"TraesCAD_scaffold_052189_01G000100",1.92091600912204,1.47572911353151,5.27705646141289,-0.0758723021426917,-1.52505002005498
"TraesCAD_scaffold_042306_01G000300",1.91979382898343,1.68636242173068,4.70133040675236,-0.472863794282273,-1.13395091814712
"TraesCAD_scaffold_002034_01G000100",1.91848740080255,1.19828841610824,2.17581807296253,0.558639911480672,2.47587333928164
"TraesCAD_scaffold_162585_01G000100",1.91846131985027,1.28251019656178,3.93236448726449,0.57305104463701,1.61364614056443
"TraesCAD_scaffold_034801_01G000100",1.91727917400012,1.23329723022032,3.51024967781386,0.154849655408287,0.776582076124179
"TraesCAD_scaffold_064514_01G000300",1.91587316886845,1.41568893953067,1.70753575584214,0.418500323929451,0.578770962135772
"TraesCAD_scaffold_048789_01G000200",1.91545058929714,1.65912289665676,6.12535216869364,0.392442737389147,0.244633415437067
"TraesCAD_scaffold_028522_01G000100",1.91470217629841,1.38907255153535,3.95791236219066,0.535400002913373,-2.15961678000004
"TraesCAD_scaffold_078557_01G000300",1.91343904535871,1.70288517852755,5.58798571273953,0.325383128153612,-1.2893992673987
"TraesCAD_scaffold_004223_01G000400",1.91307567570027,1.52609356180577,3.8556405940428,-0.0492281355835465,-0.267502187824363
"TraesCAD_scaffold_015754_01G000100",1.91285260510601,1.66162810020789,3.97787237645089,0.483626239191844,-1.60007909140196
"TraesCAD_scaffold_016092_01G000400",1.91280179104042,1.59056306807228,2.95043506353709,-0.180498498062909,-2.58466908826118
"TraesCAD_scaffold_064014_01G000100",1.91088575887094,1.02632756438627,2.76171753967667,0.177281437892668,1.99416485494163
"TraesCAD_scaffold_076447_01G000200",1.91076175130687,1.28816487586053,3.52548941894621,-0.0476167451392756,-1.4272485135451
"TraesCAD_scaffold_061885_01G000500",1.90851083054971,0.786108936503111,2.2750569950073,-0.143917141592728,-0.958692853864239
"TraesCAD_scaffold_017488_01G000100",1.90765882613083,0.284824318313406,2.65063816686691,0.0431285208051984,-0.48975511702949
"TraesCAD_scaffold_011530_01G000200",1.90662054546617,0.292880820621303,1.17961707378377,0.358328604802428,-0.0623983493916558
"TraesCAD_scaffold_003022_01G000200",1.90451384265198,1.12553664961624,0.667835662516468,0.925031699554477,-0.326270961484148
"TraesCAD_scaffold_040538_01G000200",1.90427960132731,1.59962482192695,3.02648128676334,-0.0764956889444129,-0.650591908681526
"TraesCAD_scaffold_025366_01G000500",1.90307195006315,1.54023256136521,1.74005703561261,0.0176684526238377,-1.47637979481569
"TraesCAD_scaffold_122464_01G000200",1.90260551728384,1.83586067319926,4.70016846060356,-0.384905744079603,-0.866326125825012
"TraesCAD_scaffold_037699_01G000200",1.90222058157817,1.76789187380461,3.0792556431403,0.720035334751133,-0.363857061300579
"TraesCAD_scaffold_084627_01G000100",1.90159653968746,1.77003696088869,3.73585348129255,-0.586825797545957,-1.31070533021313
"TraesCAD_scaffold_056872_01G000300",1.90140163714907,1.53923073878724,3.02222628066412,0.27691590725394,-0.966841323395229
"TraesCAD_scaffold_287625_01G000100",1.90098718824071,1.54860261282065,3.90244666156126,0.128732846015509,-0.597838390119526
"TraesCAD_scaffold_034015_01G000300",1.90019289649144,1.83293905687742,4.76892790243997,0.399586423654536,-1.77859194499755
"TraesCAD_scaffold_004515_01G000100",1.90014555586007,1.20097593305798,1.74225202547788,0.277367426078397,-0.223235597515181
"TraesCAD_scaffold_111072_01G000100",1.89994440046036,0.767626750530642,2.25925840445825,0.303312387338255,-0.353223154131978
"TraesCAD_scaffold_045266_01G000100",1.89872564320543,1.53194599476923,3.66172174016063,0.514350342570316,-0.839046307426294
"TraesCAD_scaffold_012102_01G000100",1.89853921480697,1.74061637343882,3.89363295511055,0.296114802649397,-1.17984678915191
"TraesCAD_scaffold_116006_01G000100",1.89713839445211,1.81208469762373,4.02150157446291,0.675971896322728,-1.4102382593228
"TraesCAD_scaffold_023422_01G000400",1.89546441788,1.60741302971279,3.42083203679573,-0.122938144767557,-1.35013216539283
"TraesCAD_scaffold_030783_01G000200",1.89545331742202,1.69443370083768,4.64329937528839,0.322128568308888,-2.11045320587334
"TraesCAD_scaffold_111535_01G000100",1.89506559538907,1.58935390919317,3.18796460875215,0.30516499310703,-0.422028980118199
"TraesCAD_scaffold_000360_01G001100",1.8943960152505,1.59483064154309,3.88024425549539,-0.14189055835138,-0.183699509370958
"TraesCAD_scaffold_059208_01G000100",1.89435123793739,1.53357855963578,3.38249132281058,0.646184057378011,-1.25312104056795
"TraesCAD_scaffold_037491_01G000200",1.89345728083935,1.31563396323388,2.79846773628834,0.168692589504657,-1.02005105734339
"TraesCAD_scaffold_036125_01G000600",1.89280270556628,0.565984054015911,1.67066429163198,0.453447591055603,0.126543043401032
"TraesCAD_scaffold_052131_01G000400",1.89207261946204,1.47076025019447,3.25510050743458,0.0192670542355027,-2.72621755945503
"TraesCAD_scaffold_027753_01G000200",1.89179069841873,1.80740537430385,3.72622914164402,0.692514217148983,-1.5842052111494
"TraesCAD_scaffold_055435_01G000100",1.89144346498859,1.80025950237354,3.68350921450326,-0.205180161864403,-0.452279298109119
"TraesCAD_scaffold_015455_01G000200",1.89108578205104,1.60193467986228,2.6262955013676,-0.00773856145606823,-0.798134578421905
"TraesCAD_scaffold_014262_01G000400",1.88979116876163,1.5969063178135,4.27085846434992,-0.503674949836154,-0.746079398067539
"TraesCAD_scaffold_014492_01G000200",1.88958543547524,1.71804546054933,3.77593145417098,0.303275119619789,1.03489426816307
"TraesCAD_scaffold_020697_01G000100",1.88944544042209,1.27305158034839,3.11848442386617,0.0983178001263025,2.26922410846044
"TraesCAD_scaffold_142934_01G000100",1.88938230827457,1.31633166754985,2.60499798836967,0.159490577090783,-0.353460767440452
"TraesCAD_scaffold_000174_01G001000",1.88858720499176,1.3465625946015,3.2964110030486,0.176750601450041,0.388141822034765
"TraesCAD_scaffold_089991_01G000400",1.88813368351212,1.03212836286899,3.00149323571838,0.196879179943907,0.317527540044985
"TraesCAD_scaffold_040126_01G000200",1.88740583444537,1.03123952728463,3.99842920367006,-0.406333558377366,-1.76894844318584
"TraesCAD_scaffold_082103_01G000200",1.88636103275529,1.20926082621503,4.9961815017384,0.284236826761337,-0.847753706981938
"TraesCAD_scaffold_048120_01G000100",1.88602321342617,1.02386661100068,2.25507652297536,0.490501470965466,-0.536332995526885
"TraesCAD_scaffold_049499_01G000400",1.88553062013113,0.84624136450695,3.54286644845198,-0.392927207228805,0.594776376896327
"TraesCAD_scaffold_045667_01G000200",1.88540418097754,0.746161245952606,0.739291151137317,0.887970346190026,-0.267208753941819
"TraesCAD_scaffold_093926_01G000400",1.88491205693091,1.26042662167597,2.87371083501743,0.225106284822055,-0.51905322975898
"TraesCAD_scaffold_079928_01G000200",1.88482338131992,1.28337534694851,2.58203066398078,0.19795802376919,0.708615651833271
"TraesCAD_scaffold_111353_01G000100",1.88462178701258,1.15412607251311,3.17116994231605,0.680381796818287,-0.652925870558999
"TraesCAD_scaffold_085471_01G000100",1.88424911302198,1.07957480205753,2.42492257389099,0.528129452176675,-0.355914631481467
"TraesCAD_scaffold_134268_01G000300",1.88332545887225,1.71821338532055,4.96558450333802,-0.349098298933788,-0.832658714728966
"TraesCAD_scaffold_066029_01G000100",1.88251152796462,1.69499609835984,4.55131997104768,-0.161792089736628,-0.898791931081903
"TraesCAD_scaffold_031466_01G000200",1.88048874678468,1.28850668158828,4.21643988826819,0.450375086360453,-1.47127624359429
"TraesCAD_scaffold_028770_01G000200",1.87802927509379,1.5669459299799,3.81412986646481,0.449707087590479,-1.61227747197358
"TraesCAD_scaffold_065300_01G000100",1.87401929788195,1.81955495928988,5.55690797157643,0.426788484076836,-1.51159968769144
"TraesCAD_scaffold_047603_01G000200",1.87388266123539,1.19830951192653,2.2861941332051,-0.263023313595125,0.736055170788484
"TraesCAD_scaffold_065800_01G000100",1.87341195505198,1.30428292321235,3.03844231936461,0.103514897188035,-0.61343549585187
"TraesCAD_scaffold_095534_01G000100",1.87274283539254,1.44661216028454,3.56719597861305,0.362085417646925,0.995960575131934
"TraesCAD_scaffold_065844_01G000100",1.87182789143676,1.46434409684191,3.73593719939821,-0.499733690466549,1.73958289112052
"TraesCAD_scaffold_055786_01G000100",1.87120878016686,1.5853853610121,5.726110298281,0.106948480406723,-0.670827397681822
"TraesCAD_scaffold_009499_01G000300",1.87060666367754,0.737696099997991,3.53577807707756,-0.615115665630255,-2.02864579893412
"TraesCAD_scaffold_045751_01G000200",1.87008654528619,1.22067689234591,4.1570152034724,0.114873330768063,-1.55999434898772
"TraesCAD_scaffold_019818_01G000100",1.86917714968487,1.69158787228846,3.84031049467308,0.493736894180037,-1.91428364839209
"TraesCAD_scaffold_030685_01G000100",1.86848154373764,1.48756485745385,3.50704017132836,0.0133007220795354,-1.54868487176883
"TraesCAD_scaffold_076857_01G000200",1.86831110098943,0.705455004217943,3.46674180473895,0.00354311653304143,0.946586643666215
"TraesCAD_scaffold_021306_01G000500",1.86803358039946,1.31375809905067,4.17478368401786,-0.2692629295492,-0.151585309856506
"TraesCAD_scaffold_074340_01G000100",1.86739346581543,1.50460657698867,3.29161673252996,-0.175433670601892,-1.48701189069881
"TraesCAD_scaffold_078809_01G000300",1.86433534285378,1.02691370453037,2.4237735234357,-0.50407554499156,0.809662236278291
"TraesCAD_scaffold_079049_01G000100",1.86427805866907,1.41024605408566,4.23398428445006,-0.622812115603718,-0.0726660498269669
"TraesCAD_scaffold_136359_01G000100",1.86416231334603,1.66964090411618,3.83154863608463,-0.345399927500767,-0.515936249611995
"TraesCAD_scaffold_075961_01G000400",1.86403674950749,1.11987755045589,1.73295568796768,0.928779309053475,0.972185422235514
"TraesCAD_scaffold_012772_01G000300",1.86399295058992,1.09212386515879,3.07473301838102,-0.141494980778968,0.70557250997367
"TraesCAD_scaffold_054211_01G000200",1.86386611955733,1.62277540709439,2.21725214478123,0.229252264866289,-0.473648970664786
"TraesCAD_scaffold_117369_01G000300",1.86365004052169,0.261400175102298,2.08867207029262,-0.411382478925125,1.97291546034629
"TraesCAD_scaffold_064398_01G000200",1.86314382811969,1.6467149494382,4.20649108949251,0.0686458939858977,-0.39996375108634
"TraesCAD_scaffold_091643_01G000100",1.86147580277067,1.37282284806733,3.82843400448134,-0.20174602262974,0.613330430894707
"TraesCAD_scaffold_002657_01G000100",1.86130122478075,1.46900919132957,5.52532613600787,0.284158719030921,-1.11181631364218
"TraesCAD_scaffold_037494_01G000200",1.86081787979456,0.879527140202189,2.07100240159603,-0.166266347452681,1.49567522037791
"TraesCAD_scaffold_000322_01G000200",1.86008017545279,1.13403065911994,2.50595138859814,-0.0501929948962417,0.151365484342334
"TraesCAD_scaffold_004680_01G000100",1.85894092294605,1.13313156933458,3.37922788724085,-0.340714113671162,1.74291289792013
"TraesCAD_scaffold_033571_01G000300",1.85865441205085,0.750416019314287,2.85022375958492,-0.248870851302044,1.24026462932497
"TraesCAD_scaffold_111919_01G000100",1.85780052656985,1.70754945993835,4.94437955903264,-0.150617516945312,-1.20324789629975
"TraesCAD_scaffold_062196_01G000400",1.85738953271712,1.78848612900382,3.73002904702859,-0.294073956506684,0.109053372966346
"TraesCAD_scaffold_165538_01G000100",1.85726377342245,0.932273070938277,4.48428532319555,0.156365954083208,-1.29743768541205
"TraesCAD_scaffold_007388_01G000200",1.85643094080874,1.03061238352573,4.63648804517356,-0.202631032010832,-0.0402289542513796
"TraesCAD_scaffold_020567_01G000100",1.85631626752563,1.45788060361357,4.48363370806239,-0.617793802883364,-0.737712326101444
"TraesCAD_scaffold_025833_01G000400",1.85624461300656,0.963275326618074,1.69557204921942,0.151617005393575,0.410818571563817
"TraesCAD_scaffold_034084_01G000300",1.85610991552872,1.18356003325132,5.36604753511225,0.308564220282258,-0.12335115843053
"TraesCAD_scaffold_055981_01G000100",1.85571317614688,1.72717926855281,4.00069206632095,0.352049489173671,-1.24881801538895
"TraesCAD_scaffold_103657_01G000100",1.85515837858081,1.77065838734151,5.56869062518202,0.608369133518481,-1.24787800669765
"TraesCAD_scaffold_100909_01G000100",1.854937888507,1.60212840491753,3.88003992199242,0.698246653525753,-1.76024226937481
"TraesCAD_scaffold_070726_01G000200",1.8546801131621,1.75865440881081,5.11820587514511,0.694135358796796,-1.67969406354762
"TraesCAD_scaffold_018616_01G000100",1.85403378891473,0.125802799349587,3.46587234716957,-0.440127823474118,-0.73947944941555
"TraesCAD_scaffold_133839_01G000100",1.85276168377043,0.875124922756658,1.75783305328722,-0.421782688794338,1.9354284057686
"TraesCAD_scaffold_051426_01G000100",1.85122674369107,1.36087008644888,3.67706387136586,-0.211919173894022,-0.0459056845270075
"TraesCAD_scaffold_009784_01G000100",1.85119351465465,1.7443228802264,4.23704465876424,-0.383671374679144,-0.726070390445738
"TraesCAD_scaffold_020700_01G000200",1.84985609498512,1.68205342421588,5.03243098689599,0.248503727214325,1.53639099284738
"TraesCAD_scaffold_015639_01G000200",1.84874871373822,1.64332381861687,3.11492568423417,-0.115745371165635,-0.305236461439752
"TraesCAD_scaffold_046286_01G000100",1.84839634440867,1.47463613466163,3.24703110502426,0.572388615513491,-1.18543284767816
"TraesCAD_scaffold_038721_01G000200",1.84659572521613,1.29685981522889,3.58281537490662,-0.308522088335044,0.198477639631962
"TraesCAD_scaffold_003128_01G000300",1.84628925123024,0.88721026497825,1.56866917091258,0.884940490366984,-0.0554938276861344
"TraesCAD_scaffold_069065_01G000200",1.84579104951872,1.69432431148594,3.84667477077233,-0.054552160937229,-1.81344705482253
"TraesCAD_scaffold_065563_01G000200",1.84468115606639,0.561283759657698,3.05145541826079,-0.0610791538088899,-0.900204668098978
"TraesCAD_scaffold_076232_01G000100",1.84462052511807,1.41851752003318,1.49679955495304,0.398201123913805,-2.65013760772498
"TraesCAD_scaffold_047900_01G000100",1.84430910342785,1.52414447351181,3.09976929573171,-0.0600754272726262,-0.387416539733224
"TraesCAD_scaffold_047708_01G000100",1.84379771957538,1.57816197081688,4.03255579327129,0.247467244644364,-1.68244952399694
"TraesCAD_scaffold_087764_01G000100",1.84246852589543,1.70487942119847,3.03804303314393,0.227336325903995,-1.97156988190655
"TraesCAD_scaffold_038680_01G000100",1.84210368498664,1.34684071048766,4.04487904435253,-0.463759917899674,-0.562403459778384
"TraesCAD_scaffold_029127_01G000100",1.84149097492792,1.76682998371085,4.94774644968042,0.118113420135429,-0.134751876663481
"TraesCAD_scaffold_018388_01G000400",1.8411205489745,1.4067284919302,1.71782560480649,0.614825324861915,-0.243862796028989
"TraesCAD_scaffold_106660_01G000100",1.84104114026781,1.63062586033106,4.15503721870347,0.282846644618358,-1.39251718653899
"TraesCAD_scaffold_004563_01G000100",1.84057214594782,1.25699762622094,2.26920650780704,0.681270342858844,-0.454366933507857
"TraesCAD_scaffold_002853_01G000100",1.84037156019642,0.704902913506618,1.41975034482562,-0.537819811973033,0.88391688863108
"TraesCAD_scaffold_003410_01G000200",1.83993664543963,1.60709036428146,2.0370963860159,0.687416845139061,-0.556628145326064
"TraesCAD_scaffold_079014_01G000200",1.83860986142448,1.16500922087229,0.468404217501359,0.841312418609613,0.0742792082313729
"TraesCAD_scaffold_027119_01G000300",1.83808397155562,0.574831615961006,0.842092173345978,0.26344455801992,-1.24472269613141
"TraesCAD_scaffold_031806_01G000100",1.8377471571162,1.53241425910263,3.91007988634792,-0.141480841040865,1.15559461509257
"TraesCAD_scaffold_013899_01G000200",1.83756141513058,1.74131833992873,3.58143623590009,-0.133280916558679,0.00851828793757865
"TraesCAD_scaffold_074986_01G000100",1.8373130301951,0.986897207723951,3.8731146123021,0.244968710988639,0.674857582283991
"TraesCAD_scaffold_017793_01G000100",1.83698664221273,1.29667191221781,2.91424116445965,-0.627412310695617,-0.0293002704793738
"TraesCAD_scaffold_078204_01G000300",1.83696182581084,0.950005279789581,2.36383972278045,0.0448494193686925,-1.14117477224669
"TraesCAD_scaffold_126638_01G000100",1.83669952842215,1.09335845410242,3.2947682594094,0.788238670188223,1.64970230058564
"TraesCAD_scaffold_007634_01G000300",1.83630106590975,1.69246366643315,3.46705520019344,0.497476277066949,-1.91469909773248
"TraesCAD_scaffold_020058_01G000300",1.83539602404079,1.82060773525558,4.84811294827179,0.688618442405846,-2.27633729672093
"TraesCAD_scaffold_098265_01G000200",1.83436092517526,1.53653382342305,3.7656286584311,-0.400260834411737,-0.849183740938949
"TraesCAD_scaffold_016243_01G000100",1.83379586932538,1.65305860201329,5.11106918906623,-0.170023180618107,-0.529228184357366
"TraesCAD_scaffold_029999_01G000100",1.83247569113686,1.69019219137468,2.81977793578703,0.858896439187756,-1.18751152644591
"TraesCAD_scaffold_008592_01G000100",1.83232599769357,1.22965416644241,4.08354728974702,-0.233347608343975,-0.793453769489558
"TraesCAD_scaffold_032571_01G000100",1.83191630350455,1.72491072662136,2.94820817381428,0.575995159984118,-1.458475577041
"TraesCAD_scaffold_119634_01G000200",1.83158988597176,0.956017112853449,3.59915118196489,-0.695601836798837,-0.516456457090903
"TraesCAD_scaffold_027851_01G000300",1.83010667934138,1.46228688999538,2.60517529862657,0.425914969891913,-0.6755233850287
"TraesCAD_scaffold_006110_01G000200",1.82996349929766,1.20983369758411,3.17158493182045,0.579489289396973,0.386639169587124
"TraesCAD_scaffold_051678_01G000100",1.82816066211234,1.28407326937331,3.38550587406054,0.386791092875411,-1.22847361182029
"TraesCAD_scaffold_037010_01G000500",1.82799651622289,1.367158437343,2.95239751018536,0.637607107541425,-0.911416665127632
"TraesCAD_scaffold_042795_01G000100",1.8277188432728,1.13197720349646,2.21392377375308,0.18247292732306,0.280660321697235
"TraesCAD_scaffold_158413_01G000400",1.82756210154323,1.32707703345451,4.68243096353699,0.109075990848231,-0.00738486231801173
"TraesCAD_scaffold_044144_01G000400",1.8271378433751,1.23631230286764,2.85495401511851,0.478616866397174,-1.08022399803946
"TraesCAD_scaffold_002290_01G000100",1.82681416579478,0.737295051654036,2.02774994887358,0.446459590736173,-0.96545716007532
"TraesCAD_scaffold_001330_01G000100",1.82657519484901,1.09696290091749,0.600456469139525,0.882332333368159,0.448216060663438
"TraesCAD_scaffold_044033_01G000300",1.82647277262534,1.31556571482089,3.09502268280636,-0.475738003412638,0.0690556900400941
"TraesCAD_scaffold_029218_01G000200",1.82611118011659,1.6833451626039,4.02609395437887,0.46274014935617,-0.658224655934582
"TraesCAD_scaffold_110580_01G000200",1.82578566930042,1.73480195127908,4.73428835228639,-0.52271854543407,-1.14034997100979
"TraesCAD_scaffold_003246_01G000100",1.82557459625537,1.72789104945131,3.08688194067334,0.278208140026336,-1.2452638570372
"TraesCAD_scaffold_052548_01G000100",1.82510112247599,1.53870107282336,3.88327565319053,0.0339793714066697,-1.34934465101832
"TraesCAD_scaffold_053447_01G000200",1.82477011433631,1.68186157298958,4.33625355567738,0.612199495353742,-1.8523874366621
"TraesCAD_scaffold_048965_01G000300",1.8239479107083,1.00994055857823,4.27262749580979,0.603910983881644,0.867822777627421
"TraesCAD_scaffold_068773_01G000100",1.82327276546537,1.20076526100937,2.007962930822,0.0263926194284785,0.330271503877298
"TraesCAD_scaffold_040066_01G000300",1.82169262903564,1.42578118173553,3.45741253324737,-0.277932264603441,0.302295162967715
"TraesCAD_scaffold_000584_01G000100",1.8209089845306,1.38948617219087,2.4835642489886,0.125316164444128,-0.528498335772706
"TraesCAD_scaffold_038817_01G000100",1.82064905787484,1.05279441075845,2.63526169514927,-0.436026998320355,0.381246686621431
"TraesCAD_scaffold_065789_01G000200",1.81996605781326,1.36181387347024,2.44982784105066,0.0157570245467884,-1.05437896985559
"TraesCAD_scaffold_112862_01G000300",1.81987178774423,1.73409429682035,4.35948059013251,0.115974031797057,-1.38370784121408
"TraesCAD_scaffold_047828_01G000700",1.81983006329738,0.477832310773439,3.6172945685265,-0.0382888730711879,-0.350077464117601
"TraesCAD_scaffold_085133_01G000100",1.81981248939968,1.48577959891607,4.64299711033662,-0.192468406975541,-0.0502731906484898
"TraesCAD_scaffold_033974_01G000100",1.81980125661667,0.555476105737717,2.97689262885342,-0.00991509134923841,-1.17174207171301
"TraesCAD_scaffold_073374_01G000100",1.81971685631543,0.933020587474939,3.14887435117622,0.157260278000094,-0.399584280975448
"TraesCAD_scaffold_086421_01G000200",1.81942789848073,1.75127567941322,4.97641081700514,0.39092811972163,-1.99152530511869
"TraesCAD_scaffold_166582_01G000100",1.81840323296973,1.1861280614982,3.3391777258039,0.16816929245578,-0.739435480542618
"TraesCAD_scaffold_085818_01G000300",1.81809645327448,1.15525633273006,2.92731976939613,0.56657738439251,-1.11210268101985
"TraesCAD_scaffold_006756_01G000200",1.81666230669261,1.31730619299268,1.69235200941718,-0.684361888467568,-0.665846058196814
"TraesCAD_scaffold_137192_01G000200",1.81545603870432,1.58399436154024,3.89393651942002,0.13291573836104,-0.571946317755467
"TraesCAD_scaffold_035028_01G000300",1.81477570002099,1.65831308932548,4.39945619348731,0.302724881464004,-1.60321059905905
"TraesCAD_scaffold_057377_01G000200",1.8145110865935,1.65664536383295,2.95342295692404,-0.348059381315667,-1.85494148931346
"TraesCAD_scaffold_012640_01G000200",1.81423095987863,1.27585807789077,3.26512783579618,0.0805730561377564,0.386313422204849
"TraesCAD_scaffold_042280_01G000500",1.81346719963812,1.76666309506764,4.72840292916104,0.522656100118097,-1.92304511443573
"TraesCAD_scaffold_081924_01G000200",1.81321173759885,0.666108724664129,1.79837930112742,-0.175915999177819,-2.21850482696417
"TraesCAD_scaffold_028447_01G000300",1.81281045252447,0.879732797066671,3.78036620368208,0.270393711242149,0.425838054463351
"TraesCAD_scaffold_036420_01G000200",1.81230149640729,0.837978337441528,2.1090495200934,0.469314411031176,1.02766096183454
"TraesCAD_scaffold_005591_01G001100",1.81005975897049,0.860480303863444,0.731863311703688,-0.0981143514154781,-0.804808167028788
"TraesCAD_scaffold_016591_01G000200",1.80978596816226,1.54277726009222,4.62441307311899,-0.07580861279968,-0.226751979182304
"TraesCAD_scaffold_062697_01G000100",1.8087429163721,1.13056507649858,4.0256604989926,0.124108185921508,-0.53512667613782
"TraesCAD_scaffold_002645_01G000100",1.80862313124498,1.57529483086579,3.63514668573681,0.0644330790885954,0.0330738604063348
"TraesCAD_scaffold_013043_01G000100",1.80820610754324,1.29812459798546,2.90081475309429,0.0623064007045816,0.448655995840285
"TraesCAD_scaffold_052413_01G000400",1.8077995351473,1.60494576992685,3.67112495981142,0.470501016737657,-1.68156611497935
"TraesCAD_scaffold_056700_01G000200",1.80703359215322,1.40171649537163,2.95000894112999,0.254732540473754,-0.577434924709261
"TraesCAD_scaffold_053158_01G000200",1.80671432602609,1.24896183791069,1.80687936037636,0.406969675255269,0.784486798309329
"TraesCAD_scaffold_019944_01G000200",1.80564259268476,1.00034083546549,2.79064614985451,-0.0851374818064068,-0.169648662890376
"TraesCAD_scaffold_102762_01G000100",1.8048003411477,1.09752164769126,3.08062345219749,0.623263344722839,0.051452677811289
"TraesCAD_scaffold_048835_01G000400",1.80471404619018,0.759194038189332,2.2826505512599,0.389030627727585,0.766605987204665
"TraesCAD_scaffold_029118_01G000100",1.80393226651897,1.28635074722199,3.6441268042648,-0.0584685476412574,-1.18054718151488
"TraesCAD_scaffold_069110_01G000300",1.80359652350076,1.43251969663027,1.4864050058549,0.095258531184844,-1.19146239543612
"TraesCAD_scaffold_004475_01G001000",1.80335537228469,1.20039764879176,2.73133326379701,0.169999047579266,0.437460472589471
"TraesCAD_scaffold_066000_01G000100",1.80310065134441,1.35689119721154,3.63744923568207,0.0709151416896352,-0.322408471040151
"TraesCAD_scaffold_029884_01G000100",1.8029027218214,1.05746097475499,1.93939370722539,0.885970565298245,1.25415134187659
"TraesCAD_scaffold_120022_01G000100",1.80275603078962,0.935790233145238,1.92652303486361,0.536623381762918,1.30946129609792
"TraesCAD_scaffold_053932_01G000100",1.80135128599123,1.71597791235813,3.85094823590565,0.813811974255062,-1.46272720268107
"TraesCAD_scaffold_065740_01G000100",1.80074671304628,1.10842711602392,3.70391262831041,-0.293877687633475,0.773268098179316
"TraesCAD_scaffold_036374_01G000400",1.80073234690904,0.732946524800604,1.30619307017448,0.254039336260287,2.03345886431837
"TraesCAD_scaffold_118564_01G000200",1.80069081052171,1.70214606053493,4.69168123700498,-0.152978275260029,-2.18625321174925
"TraesCAD_scaffold_014740_01G001100",1.79936269529724,0.937962718514243,4.61795023976565,0.479115924574151,-1.57084620485674
"TraesCAD_scaffold_009542_01G000200",1.79842301394114,1.54746680969643,4.11504723929969,-0.336572751101433,-0.905861818640971
"TraesCAD_scaffold_068135_01G000100",1.79808928352246,1.67645305207518,4.82331980708466,0.659229654415476,-2.15609842964711
"TraesCAD_scaffold_075398_01G000300",1.79686964460001,0.387316082030809,1.21881444689533,0.631034786164285,-0.297491291603542
"TraesCAD_scaffold_051485_01G000100",1.79677095603351,0.568934812317656,1.47419281712063,-0.188143006197821,2.02514155234096
"TraesCAD_scaffold_059373_01G000100",1.7964138430259,1.08490441087775,3.12810968041496,0.156187991976843,1.94974940979702
"TraesCAD_scaffold_034993_01G000100",1.79634915850444,1.68450600359712,3.53755785361023,0.482379181175586,-1.24689713408624
"TraesCAD_scaffold_046155_01G000200",1.79584801081852,0.365287546714195,1.54186835798788,0.374260234330674,1.07914564129291
"TraesCAD_scaffold_001137_01G000700",1.79501142462407,1.24419108083668,2.63218250887595,0.405235951558409,0.453041105551444
"TraesCAD_scaffold_051534_01G000200",1.79448310973237,0.22325280375382,0.51033926394396,0.810181405634356,0.191744720927334
"TraesCAD_scaffold_891501_01G000100",1.79309302984896,0.264598768341701,0.858108172134483,0.677232342833805,-0.115166436852139
"TraesCAD_scaffold_000583_01G000900",1.79301770771822,1.46850134908753,2.60882368902598,0.348533311540876,-0.286099454262678
"TraesCAD_scaffold_423432_01G000100",1.79251886253554,1.44783574569666,4.22707463081349,-0.214608996512099,-0.926484552266325
"TraesCAD_scaffold_087703_01G000100",1.79162976250973,0.762692832108228,4.62161677912013,0.606017491657239,0.303249720327562
"TraesCAD_scaffold_116363_01G000200",1.79149840445646,0.794932092983036,1.0821793847694,0.367457023547722,0.373113541650847
"TraesCAD_scaffold_085818_01G000200",1.79147620600058,1.5533100678483,3.4557006914619,0.685951997106918,-1.36468041207707
"TraesCAD_scaffold_049805_01G000200",1.79087018344218,1.75983264124039,4.35792396205745,0.0401464407215296,-2.56540991861349
"TraesCAD_scaffold_018298_01G000200",1.79064440725151,1.31818484989795,2.89334537686102,0.282274300816911,0.406823589131707
"TraesCAD_scaffold_081897_01G000100",1.78999745614532,0.904378129808192,4.29286826638369,-0.0834029340679012,0.516323248214665
"TraesCAD_scaffold_080309_01G000100",1.78949277671377,1.30118099688099,2.33504946576203,0.401352742477359,1.15724378708389
"TraesCAD_scaffold_002546_01G000100",1.78918318469784,1.29633405075947,2.88734136444201,0.156911853760759,-0.306677373690564
"TraesCAD_scaffold_053597_01G000300",1.7878200843606,1.41038841277577,3.30097480643859,-0.32720869538941,-0.66228170743656
"TraesCAD_scaffold_086876_01G000300",1.78757621765196,1.75559412768554,4.70637634298336,0.0906294163229821,-2.15438528601178
"TraesCAD_scaffold_016201_01G000100",1.78682495374231,1.67818173950873,3.93111431126472,0.552534570582348,-1.19994901201738
"TraesCAD_scaffold_039899_01G000400",1.78625191120854,1.56264311230582,3.78161347697003,0.491070555718136,-1.2465444886173
"TraesCAD_scaffold_037722_01G000100",1.78528631848737,1.58334425927085,3.56548551701407,0.725893395827422,-1.32688786325709
"TraesCAD_scaffold_026906_01G000100",1.78403559675958,1.29190273499728,3.80346572924324,-0.375052762763498,-1.38113689039272
"TraesCAD_scaffold_066420_01G000100",1.78373439042418,1.44752394820442,3.96942008161263,0.0926482096257708,-2.21055671779683
"TraesCAD_scaffold_019065_01G000400",1.78335850321813,1.24145843088269,4.52522075274125,-0.310372016413499,0.297178817504396
"TraesCAD_scaffold_078103_01G000300",1.78254881502631,1.44059899815247,4.90671484873386,0.0193484528597357,0.0210699007792431
"TraesCAD_scaffold_016822_01G000100",1.78233543652203,1.28852309862727,2.69556474574958,0.306992380454167,-0.679400900225403
"TraesCAD_scaffold_019964_01G000200",1.78073434152494,1.25222239772462,3.47014545160353,-0.519445348351115,-1.52616681750302
"TraesCAD_scaffold_119837_01G000100",1.78018025990088,1.64572304557892,4.41634593703827,0.00770185084617279,0.747825158713526
"TraesCAD_scaffold_060096_01G000100",1.77969769966204,0.881064954317713,2.06902931564853,-0.457924795008359,0.336510651526146
"TraesCAD_scaffold_030190_01G000300",1.77956407658411,1.5827879265083,3.58232754145488,0.732991787063137,-1.60488301534004
"TraesCAD_scaffold_124464_01G000100",1.77880809245804,1.38999702761523,3.3561105981189,-0.582938504291669,1.69398503694307
"TraesCAD_scaffold_000899_01G000300",1.7785235200506,1.1400372516144,1.51777857432966,-0.328777102592238,0.3576076220163
"TraesCAD_scaffold_284614_01G000100",1.77675241385191,1.23011818672724,4.50205049294202,-0.0943068494062723,-0.889556333441469
"TraesCAD_scaffold_013305_01G000200",1.77662532579366,1.69334625011439,4.50241472034952,0.467547996182395,-1.60879970834123
"TraesCAD_scaffold_031325_01G000100",1.77646998292191,0.766055396362197,0.770090266488291,0.88787684124978,-0.191687671659514
"TraesCAD_scaffold_014699_01G000200",1.77515226917412,1.32251952582514,5.0489917709011,-0.0210242259660315,-0.755342626565001
"TraesCAD_scaffold_067251_01G000200",1.77495305360974,1.50437445917913,2.50458715410258,-0.0568289636470185,0.671143418576314
"TraesCAD_scaffold_056168_01G000100",1.77392988343072,1.65475932112034,3.80644388573921,-0.0261038898392071,0.100367448755523
"TraesCAD_scaffold_005969_01G000100",1.77334074794972,0.41953340325534,0.896786132506123,-0.0861803425558232,0.128171577756228
"TraesCAD_scaffold_130396_01G000100",1.77206049201355,0.366890438789133,2.61512926469895,0.26618578739187,1.20183832488877
"TraesCAD_scaffold_026844_01G000400",1.77084710290585,1.63783657738453,4.144659670259,0.168689601853912,-0.677641136730238
"TraesCAD_scaffold_066008_01G000400",1.77036858902859,1.37352700405436,2.81176568741728,0.346645026214429,-0.441668297462487
"TraesCAD_scaffold_064357_01G000100",1.7689473556747,0.623065112746116,1.15703566419456,0.0353118297949594,1.14199330093222
"TraesCAD_scaffold_034757_01G000100",1.7683777368021,0.903490830410289,1.46312664744904,0.278465724922373,-0.94447859283442
"TraesCAD_scaffold_065715_01G000100",1.76797718094267,1.40096244816217,3.76888425015427,0.32552409581699,-0.211583360382418
"TraesCAD_scaffold_021069_01G000300",1.76748154561389,1.22419318298754,4.71480433626225,0.0732517051983613,-0.16200136858585
"TraesCAD_scaffold_127354_01G000200",1.76502542490961,1.62613369307825,4.57116040946309,-0.583625501212194,0.399281221550265
"TraesCAD_scaffold_006921_01G000100",1.76478286887926,1.38504232385362,1.80314223377622,0.266375793413622,0.0247834840147987
"TraesCAD_scaffold_021426_01G000300",1.76453038145942,1.33825829781095,1.9444727538633,0.182144336626565,-0.578923536593717
"TraesCAD_scaffold_014288_01G001100",1.76406075699762,1.48067152604727,4.33064594867217,0.0470299126235874,0.447398371941969
"TraesCAD_scaffold_039878_01G000200",1.76380428945486,1.17141418534821,2.28100913911316,-0.174692462156473,-0.751627580446469
"TraesCAD_scaffold_042376_01G000100",1.76342351171607,0.571083805605866,3.05802211941963,-0.206466281824407,0.327355249886371
"TraesCAD_scaffold_004916_01G000400",1.76125702126485,1.50879387663105,4.75696995339178,-0.328189599519059,-0.289629923271858
"TraesCAD_scaffold_064670_01G000300",1.76086747134893,1.60586461659666,4.32906286903949,0.77218097450388,-0.97555333255829
"TraesCAD_scaffold_024323_01G000300",1.76060466557628,1.74955579129593,3.71348687781166,-0.0812838643621133,-0.656339408143187
"TraesCAD_scaffold_038624_01G000100",1.76035822889954,1.70167307078168,3.65770038669691,0.715371393735853,-1.80838314154792
"TraesCAD_scaffold_000439_01G000800",1.75946396348643,1.28294281948719,4.08498469704213,0.222259102090911,-1.22556929525179
"TraesCAD_scaffold_094111_01G000100",1.7593042211977,0.621413204286236,3.80613567765229,-0.125350749403984,-1.79060433945615
"TraesCAD_scaffold_000178_01G000200",1.75865408174912,1.30817412330213,1.77317736388361,0.318411056969833,0.767383833635455
"TraesCAD_scaffold_002000_01G000100",1.75728408325811,0.942247315117492,2.76247502122776,0.627927541495836,-1.54740028920806
"TraesCAD_scaffold_007982_01G000500",1.75606043486561,1.10740367702156,3.88409511027791,0.244681311816865,-0.353613394419473
"TraesCAD_scaffold_072217_01G000300",1.75548974933403,1.11507252716339,2.68791898789898,0.265255612552821,-0.69461559114619
"TraesCAD_scaffold_013001_01G000100",1.75491596156053,0.807458544782565,0.787862538284845,0.735712598639591,-0.316748901983168
"TraesCAD_scaffold_076598_01G000300",1.75447376425224,1.4359269629984,2.28417534274311,0.0158141641242191,0.915855510150277
"TraesCAD_scaffold_090639_01G000300",1.75275101477674,0.920987257797603,2.57536441012572,-0.126149885332119,1.04123673094289
"TraesCAD_scaffold_003721_01G000100",1.75128712625317,1.33939802135961,4.10839367033335,-0.152567800636482,2.17904549128238
"TraesCAD_scaffold_047404_01G000200",1.75056916860318,1.25160782176137,3.51569741383459,0.340468555896233,-1.17943472725103
"TraesCAD_scaffold_020006_01G000800",1.75040554400582,1.26074450497195,3.24166949174005,0.494091729072601,-1.90903386757928
"TraesCAD_scaffold_078624_01G000100",1.74957998113498,1.62820599079737,4.88495936441289,-0.0284210342475932,-0.690351308772954
"TraesCAD_scaffold_085121_01G000100",1.74947091793788,1.67412512978945,4.39936526148514,-0.192243350194025,-2.05610749441271
"TraesCAD_scaffold_065458_01G000100",1.74917076012785,0.308729783592645,0.801121307223481,0.244592256735217,0.732457299774353
"TraesCAD_scaffold_035933_01G000100",1.74720814197258,1.57925757149179,4.27072449379568,-0.111806353734593,-2.10954441128583
"TraesCAD_scaffold_113450_01G000200",1.7450268551934,1.02092620193133,2.51237564426483,-0.757140587909952,0.778780536321262
"TraesCAD_scaffold_004113_01G000200",1.74377820130475,1.08926117003699,2.81021426833965,0.497787633022002,-0.93632712048875
"TraesCAD_scaffold_036262_01G000200",1.74348358175837,1.40138801772737,4.60458909838292,-0.378164803960951,0.264722931532372
"TraesCAD_scaffold_029735_01G000100",1.74343908630845,1.44343784008391,3.84493992332853,-0.0702581433200245,-0.565751711722755
"TraesCAD_scaffold_095992_01G000200",1.74338644790013,0.936596446078129,2.36730343998639,0.525208288548546,-0.46057126818977
"TraesCAD_scaffold_061154_01G000100",1.74327488011411,1.01231070366149,2.0627678823856,0.162322424194719,0.356309253074175
"TraesCAD_scaffold_198702_01G000100",1.74295145002593,0.810814580249459,3.08542259685146,-0.0493064055573221,-1.11825083264627
"TraesCAD_scaffold_013147_01G000600",1.7422375602892,0.891274274020427,1.18888722356869,0.694620197018166,-0.0481222043350941
"TraesCAD_scaffold_093257_01G000100",1.73999845480302,1.50335760095305,3.5246341915216,0.356961495861082,-1.86113190719197
"TraesCAD_scaffold_029289_01G000100",1.738372631202,1.47448709186038,4.18726244643021,-0.0359784452591645,-1.86592868170997
"TraesCAD_scaffold_077507_01G000300",1.73657346093155,1.31545107664015,2.63183163356251,-0.0770044494998205,-0.143396781906772
"TraesCAD_scaffold_055634_01G000100",1.73629870267094,1.56195044384097,4.02048495702081,-0.316097745619048,0.0801163074510505
"TraesCAD_scaffold_060816_01G000100",1.73530528788344,1.69358525966864,4.26618075877932,-0.715981986318768,0.410278210390582
"TraesCAD_scaffold_019440_01G000500",1.73495184840068,1.49220392332883,3.64385950477218,0.629516959282065,-2.18766071110408
"TraesCAD_scaffold_019989_01G000200",1.73437497624947,1.39322167961217,3.35562923245139,0.232952740748486,-1.90326684111028
"TraesCAD_scaffold_042685_01G000100",1.73332738381999,1.22989150877861,3.65894615395623,0.0180138153786192,-1.03727069482566
"TraesCAD_scaffold_096747_01G000100",1.73231698832075,0.822973125970153,1.73266778275118,-0.693726050918378,-0.816274488527589
"TraesCAD_scaffold_027162_01G000100",1.73222600273954,1.45857381648859,4.29069501036328,-0.120916213072015,-1.19833871756348
"TraesCAD_scaffold_042452_01G000500",1.7322002539816,1.67285667195246,3.4370369737367,-0.246383704953749,-1.77635775624283
"TraesCAD_scaffold_050403_01G000100",1.73209009039315,0.150536709326594,2.21168440017255,0.0379678194317279,-1.14405597897984
"TraesCAD_scaffold_004928_01G000200",1.73148307942081,1.66694395799549,4.60926758847826,-0.373402783975858,-1.70348541677677
"TraesCAD_scaffold_004681_01G000200",1.73129671411175,1.46357574177815,4.15624903135444,-0.761614180740692,-1.04853821243001
"TraesCAD_scaffold_006415_01G000400",1.7312808414577,1.36278286552524,4.49489723855158,0.0368299219197376,-0.858794762381633
"TraesCAD_scaffold_104672_01G000100",1.73096970286449,1.29813239047295,3.18667852157822,0.283036867160261,-0.225606913090873
"TraesCAD_scaffold_093243_01G000200",1.73007031372395,0.974326465620705,1.27691505524959,0.568583534183886,0.517515242186103
"TraesCAD_scaffold_120988_01G000200",1.72968816263036,0.956643421137504,2.33906356341199,0.380001773061547,-0.659369910846941
"TraesCAD_scaffold_138099_01G000200",1.7280230538354,0.583601871936149,0.421529134453781,0.575587310060572,-0.206549976288784
"TraesCAD_scaffold_974832_01G000100",1.72756767438185,1.0918225004711,3.64066697233549,-0.518192579170055,-0.33055934527769
"TraesCAD_scaffold_070064_01G000200",1.72745406436018,1.20519214236949,3.23318818206677,0.345128677077,-0.410530617472152
"TraesCAD_scaffold_000332_01G000900",1.72724280630843,0.555789328502258,1.37757443619927,0.702651196289692,0.0616114729071598
"TraesCAD_scaffold_089523_01G000200",1.72712087850625,1.69597598928373,3.83067459702564,0.851184585135796,-2.48551634014089
"TraesCAD_scaffold_007943_01G000500",1.72656591234151,1.53701078341403,0.843375246110094,0.972694892769592,-0.270387202934648
"TraesCAD_scaffold_032192_01G000600",1.7262100310347,0.968742641545238,2.57291259461466,0.187487806689968,0.944146570935029
"TraesCAD_scaffold_036815_01G000500",1.72567987764844,1.61191855399988,3.91348090553169,0.221098184603135,-1.45207102368693
"TraesCAD_scaffold_003808_01G000400",1.72477847492848,0.866976986565487,1.12573129580623,0.401184949979459,1.41138454321294
"TraesCAD_scaffold_089721_01G000300",1.72397201033006,1.57382466738916,3.56153442589705,0.0921988974712221,-1.41360654093483
"TraesCAD_scaffold_017400_01G000300",1.72232057896372,1.66723298945168,4.23785763871342,-0.208717652279078,-0.674453822723433
"TraesCAD_scaffold_079960_01G000300",1.72096830429882,1.09530247187299,3.19968790325725,-0.679518821598216,0.713688033855261
"TraesCAD_scaffold_084103_01G000100",1.71886513144458,1.04002990244929,2.12552228566876,-0.00147691642079165,0.710449245119253
"TraesCAD_scaffold_971809_01G000100",1.71757185996216,1.12084683261669,1.99829593322633,-0.167378305729825,0.452623390817633
"TraesCAD_scaffold_062750_01G000100",1.71666965722862,0.944587841794019,2.66872308374368,0.12505928762344,0.423775067711512
"TraesCAD_scaffold_018989_01G000200",1.71666230664307,1.45278615002091,1.26917832932248,0.840157184661585,-0.604870333832061
"TraesCAD_scaffold_018977_01G000100",1.71638633982927,1.08529212565841,2.23864912875998,0.682190617282799,-1.04725751119611
"TraesCAD_scaffold_036056_01G000200",1.71635171382265,0.676026596381175,3.05670407255032,0.637011684153265,-0.515148216012567
"TraesCAD_scaffold_048761_01G000400",1.71622777881922,0.608114716550778,3.08301086745648,0.349809317920057,-1.12570430310635
"TraesCAD_scaffold_070364_01G000100",1.71589988433017,1.35106508804416,2.73632748288185,-0.132392991409186,0.289929000272057
"TraesCAD_scaffold_011727_01G000200",1.71579893668667,1.66159968855201,3.77781281220446,0.570905661969426,-1.37193342029285
"TraesCAD_scaffold_033556_01G000200",1.71579679113413,1.35587882951324,4.44443796773981,-0.313485051562463,-0.201976865099513
"TraesCAD_scaffold_028372_01G000100",1.71569063158638,1.1347318292045,2.97639917996061,-0.634506491050408,1.65857216206181
"TraesCAD_scaffold_114470_01G000100",1.71469565627346,1.37828757451245,3.08752479190012,0.584484457800184,-0.36603218157546
"TraesCAD_scaffold_072939_01G000300",1.71170370455937,0.930148462509681,1.93637899040589,-0.247124529318609,-1.02487709418394
"TraesCAD_scaffold_054899_01G000100",1.71129580089191,1.60671831817516,3.57387811285393,0.490509834179503,-1.18278306003405
"TraesCAD_scaffold_089927_01G000100",1.71124630149082,1.35536982475635,3.23900096035731,-0.0399712784979979,0.289897380574555
"TraesCAD_scaffold_076622_01G000400",1.70981794689344,0.512662266356385,0.917201215891716,-0.312458917488118,0.366378620260663
"TraesCAD_scaffold_065091_01G000100",1.70934952083893,0.749510263464137,0.420348370200165,0.571080400725182,0.9005211773492
"TraesCAD_scaffold_083296_01G000100",1.70890708956349,0.466231620036937,0.464273360381539,0.472136370741874,0.916738587151834
"TraesCAD_scaffold_011082_01G000100",1.70863799442984,1.50779256412565,3.82435718739349,0.0452159567054618,0.61581662907121
"TraesCAD_scaffold_043947_01G000200",1.70836980236975,1.17611948170733,3.55676700675493,0.170775778402455,-1.25601745885115
"TraesCAD_scaffold_056906_01G000300",1.70786648162798,0.611850335921543,2.57464205858858,-0.0118527009372414,-0.039048152539358
"TraesCAD_scaffold_179444_01G000100",1.70742283227853,1.08507327619729,1.58444792811579,0.84295944032882,1.44453887089866
"TraesCAD_scaffold_062310_01G000200",1.70655367784863,0.819338109721299,1.63883707836768,0.728528278608306,-0.473915211180131
"TraesCAD_scaffold_106246_01G000200",1.70643969552473,0.391856789802973,1.02053843907664,-0.339841965692538,0.636566544394045
"TraesCAD_scaffold_007826_01G000500",1.70523128100154,0.620626703525266,3.13763785418674,-0.0315016089887719,-0.354053087152586
"TraesCAD_scaffold_005734_01G000100",1.70440359200699,0.997562634016318,2.18865686858606,0.4207750255093,0.194389989082794
"TraesCAD_scaffold_042939_01G000300",1.7035858975444,0.945011866223702,3.24223240287828,-0.178001814949489,0.342113710259309
"TraesCAD_scaffold_037123_01G000900",1.70284401363265,0.903527579717127,4.2803480331742,-0.179883840967913,-1.26228814006669
"TraesCAD_scaffold_031714_01G000100",1.70268562181888,1.53443525142059,4.16738121568812,-0.0225768438679132,-1.50716508171299
"TraesCAD_scaffold_039164_01G000100",1.70246237151289,1.43037263583561,3.94179681122034,0.133917789433252,-1.83554258188971
"TraesCAD_scaffold_019382_01G000500",1.70193873525321,1.37462119578906,4.37502555749915,0.612027978501244,-1.59565831797601
"TraesCAD_scaffold_081184_01G000200",1.70176687051173,1.40950979446367,3.94717712564487,0.286131880246832,-1.14575724347434
"TraesCAD_scaffold_010837_01G000400",1.69996682283103,1.28212843737042,3.16073388315128,0.558643800109305,-0.372704983753095
"TraesCAD_scaffold_927109_01G000100",1.69940437465876,1.17405193962948,2.70080157374132,0.412656492660204,-0.20661266444627
"TraesCAD_scaffold_029868_01G000300",1.69884328247616,1.17844408425877,2.90336718172591,-0.215561372728492,0.620081433231095
"TraesCAD_scaffold_022099_01G000200",1.69874443640521,1.64893768487507,1.66450439068037,0.920753882163454,-0.850799666088665
"TraesCAD_scaffold_208802_01G000100",1.69833202937895,1.65311876061259,3.95766365808752,0.338567008197803,-2.23655923306504
"TraesCAD_scaffold_056496_01G000100",1.69829329428084,1.19960163893731,2.35820754653161,0.526310940613857,1.52414183494092
"TraesCAD_scaffold_058615_01G000100",1.69746782855147,1.53758534141923,3.88113319185164,0.295230435361112,-1.54239683959544
"TraesCAD_scaffold_025623_01G000100",1.69727535232872,1.66020501702633,4.86229746776694,-0.285392873465737,2.45519965346619
"TraesCAD_scaffold_061983_01G000200",1.6967368507453,1.50707639622372,5.10026639469301,-0.0214142021286692,-0.31688769671431
"TraesCAD_scaffold_034863_01G000100",1.69657513959161,1.52013675126661,3.96297590243585,-0.219668045972328,-0.130953722170306
"TraesCAD_scaffold_059059_01G000200",1.69637365453166,1.35263093913127,4.02412274343959,0.158474986831288,-1.06479321115155
"TraesCAD_scaffold_055975_01G000400",1.69631742296272,0.851680199871403,2.31561138567943,-0.208321885107254,1.51882997663195
"TraesCAD_scaffold_037772_01G000100",1.6959435293211,1.61485530429037,3.53994223136177,0.69974432054819,-1.55288483779065
"TraesCAD_scaffold_048039_01G000400",1.69525399279122,1.60648914278389,3.79120010080224,-0.519124442293504,0.888035755151764
"TraesCAD_scaffold_052057_01G000100",1.69525191423102,0.888174456740857,2.64186171606099,0.23913962197925,-0.400219800695693
"TraesCAD_scaffold_150429_01G000100",1.69383065900382,0.295363919421808,1.15602304084738,-0.380986953680438,0.504585210681525
"TraesCAD_scaffold_034136_01G000100",1.69300972040158,0.734366796635169,3.61628902007467,-0.0437145223890055,-0.177395029404209
"TraesCAD_scaffold_326283_01G000100",1.69286539864253,1.13284433992971,2.95251352651214,-0.322563853039567,0.898601924812658
"TraesCAD_scaffold_000475_01G000600",1.69190530135352,1.27109694106607,3.37015771497612,0.793818389417435,-0.62649095797168
"TraesCAD_scaffold_030795_01G000200",1.69175146765028,1.17316081464266,4.61295045240235,0.632689583900234,-0.355391453956376
"TraesCAD_scaffold_006603_01G001600",1.69053343942345,0.753323238464761,1.73162108720349,-0.900303700895087,-0.69680861866522
"TraesCAD_scaffold_051473_01G000500",1.68896451605808,1.0797081378989,1.99038730861271,0.455636597833411,0.46224240225558
"TraesCAD_scaffold_079330_01G000100",1.68887232532589,1.66649980273179,4.10753306100091,-0.520433553586888,-1.13973065586638
"TraesCAD_scaffold_026202_01G000100",1.68842328887688,1.51774464258234,3.7381531590868,0.522759234729202,-1.30287319696249
"TraesCAD_scaffold_063819_01G000400",1.6862554366574,1.33738862545094,4.25408600788998,-0.427606298742477,-0.894941093895854
"TraesCAD_scaffold_100017_01G000200",1.68583627951864,0.837681959109649,1.74886751412874,0.861753257305185,-0.0610657949508859
"TraesCAD_scaffold_024633_01G000200",1.68468364164342,1.53027587540712,3.50076401094845,0.710262504072834,-1.24199572810251
"TraesCAD_scaffold_006068_01G000600",1.68398069507829,1.2952148588236,2.03922832020445,0.779742939429557,-0.609492851426967
"TraesCAD_scaffold_116346_01G000100",1.68263417577921,1.58114401585324,3.22242469832465,0.0285358345438793,0.458476277090842
"TraesCAD_scaffold_077714_01G000300",1.68192928602051,0.802377582428112,4.34872910539464,0.410841993806192,0.0510766073295455
"TraesCAD_scaffold_049048_01G000400",1.68168210359804,1.41004631725099,3.45776912293358,0.537934323319734,-1.21828859869398
"TraesCAD_scaffold_018317_01G000100",1.68131984075644,1.54411073810676,4.43143622748855,-0.427598442401799,-0.359499884680419
"TraesCAD_scaffold_045393_01G000400",1.68058477257357,1.36855344105589,4.01697866335945,-0.268242015074386,0.0929420890638189
"TraesCAD_scaffold_035947_01G000100",1.67926191205027,0.897817779139967,1.85273952512031,0.270002369598184,-0.260680537779989
"TraesCAD_scaffold_044933_01G000100",1.6791568421097,0.720316940417094,1.67686479887711,-0.196164322671981,0.100872525090977
"TraesCAD_scaffold_111108_01G000100",1.67814793558517,1.16125732693717,3.15956060520697,0.31803921085906,-0.302836841223959
"TraesCAD_scaffold_025893_01G000200",1.67756197489839,1.49907462367353,1.84370035616977,0.881577502137504,-0.846040065246893
"TraesCAD_scaffold_005761_01G000200",1.67689956115325,1.28282149804164,2.36026015146862,0.618118927813383,-0.601938047798597
"TraesCAD_scaffold_107047_01G000100",1.67499128469047,1.4717446208062,2.95223179329335,0.777939822780556,-1.01691261802303
"TraesCAD_scaffold_000221_01G000100",1.6746829497325,1.40017098848415,3.77791789663321,-0.242582133150201,0.0125923751098817
"TraesCAD_scaffold_005412_01G000600",1.67359484081032,0.174919192913257,0.668264088923008,0.40904664699753,0.477462717347379
"TraesCAD_scaffold_003936_01G000400",1.67324410069858,0.889087353503591,3.0201376707495,-0.441539017852553,0.172398230191373
"TraesCAD_scaffold_097503_01G000100",1.67318853083665,1.41080642302632,4.00991046453864,-0.359396139809378,-0.489735483292656
"TraesCAD_scaffold_030737_01G000100",1.67261327558844,1.49092701823696,3.67540364535351,0.12471900986563,-0.810913746207651
"TraesCAD_scaffold_028774_01G000200",1.67260309522437,1.06028432143237,2.22651981246721,-0.150256494993142,-0.486828370476688
"TraesCAD_scaffold_044499_01G000100",1.66970668238089,0.393988802324219,1.09433374570921,-0.192445291522555,2.28732398543263
"TraesCAD_scaffold_020579_01G000100",1.66952365834937,1.62205339814786,4.214025146749,0.356838152920187,-2.02490457374814
"TraesCAD_scaffold_014452_01G000100",1.66804738907595,1.34316566632444,4.23921292735315,-0.252010455538979,0.19798636771446
"TraesCAD_scaffold_067742_01G000100",1.66794608196815,1.52066577794547,4.38302798078995,-0.429831615677226,-0.480618054201984
"TraesCAD_scaffold_049897_01G000100",1.66718551640223,0.921512212274779,1.56112169691992,0.785667224441276,-0.270919157679154
"TraesCAD_scaffold_074095_01G000200",1.66690673151226,1.38753061776958,3.67286146856536,0.318905804304601,-0.89321127165603
"TraesCAD_scaffold_021933_01G000100",1.66688052605877,1.21664518541001,2.15973362332391,0.442773786407467,0.37963945416376
"TraesCAD_scaffold_045752_01G000300",1.66507126555458,1.59159811676006,0.789157338103854,0.924001380828114,-0.0978191897966162
"TraesCAD_scaffold_082769_01G000100",1.6649067511513,1.02649153421107,3.66100117324181,0.614239655053943,-1.20669894418015
"TraesCAD_scaffold_009148_01G000100",1.663785282961,1.4865611316208,2.76249248056635,0.468086891291445,-1.544016339385
"TraesCAD_scaffold_029312_01G000600",1.66328945784952,0.648614629422933,2.8175588281229,-0.267221505989883,-0.22635023462658
"TraesCAD_scaffold_014616_01G000100",1.66313578276316,1.1646012313296,2.73667740368764,-0.385586609409586,1.11979190175415
"TraesCAD_scaffold_038824_01G000300",1.66281645590446,1.48436811730439,2.86145229067803,-0.150269031680784,-0.757144946584377
"TraesCAD_scaffold_089757_01G000100",1.66210276730366,1.29342861576347,3.86120136766604,-0.205058345679584,-0.184880898639726
"TraesCAD_scaffold_073688_01G000100",1.6619448471022,1.52707793771994,3.38669081956898,-0.567720108746448,-1.28176877877776
"TraesCAD_scaffold_017964_01G000100",1.66143759628828,0.650480312195051,1.53649502733633,0.115122460220183,0.615419746838861
"TraesCAD_scaffold_072371_01G000200",1.6610252056427,1.52072240129571,3.61196435633809,0.701332757127926,-1.57534517582596
"TraesCAD_scaffold_092072_01G000100",1.6608177892151,0.874787879971799,2.68115109787153,-0.12863163830513,0.504098333008484
"TraesCAD_scaffold_078880_01G000100",1.66049952624427,0.435739987954906,0.888883020768694,0.102860821728381,2.15726502131657
"TraesCAD_scaffold_105630_01G000100",1.66013553596423,1.34758875246216,3.80672369672476,-0.136423691569679,-0.358602103937192
"TraesCAD_scaffold_022947_01G000100",1.66004511949019,0.423335559770173,1.13529439830654,0.207821128331793,0.482899578167511
"TraesCAD_scaffold_008862_01G000100",1.65869205691614,0.339452737583215,1.5788243490686,0.223834257860673,0.784319604497484
"TraesCAD_scaffold_078414_01G000200",1.65817016168697,0.137034168100917,0.632137238332018,0.438740904374537,0.560337221610533
"TraesCAD_scaffold_043007_01G000200",1.6566589123362,0.710442512458419,2.88275762261148,-0.3026448655628,-0.192612235596931
"TraesCAD_scaffold_104053_01G000100",1.65252498892683,0.20942547890627,2.84030371252729,0.0021402052245417,-0.964940623119741
"TraesCAD_scaffold_000243_01G002200",1.65213472839777,0.843976504527241,3.6101881254657,-0.7243839818847,0.255273547612244
"TraesCAD_scaffold_009544_01G000300",1.65211517746176,1.3356863943148,2.82229014766752,0.55922534630634,-0.847619533751182
"TraesCAD_scaffold_054156_01G000100",1.65177162656906,1.4467377108398,1.82232071324598,0.852736419407757,-1.03120368622934
"TraesCAD_scaffold_032600_01G000100",1.65144080949766,0.628726561475521,2.93729684966345,-0.241180977321448,1.27452420310987
"TraesCAD_scaffold_118580_01G000100",1.6513112426207,0.899535834490339,3.80915307257682,0.174592503760794,-1.09625854225227
"TraesCAD_scaffold_095974_01G000100",1.65056170717316,1.19043463488634,4.66041956488124,0.224886560725173,-2.41963975164427
"TraesCAD_scaffold_128911_01G000200",1.65040269546387,0.654364869153758,2.05630094474081,0.289665545390029,0.634331496591076
"TraesCAD_scaffold_082235_01G000300",1.64995562483973,1.41584416129552,4.76771994024184,-0.11019440218799,0.277145656626432
"TraesCAD_scaffold_066753_01G000200",1.64906600895317,1.37607294889341,3.85462452250924,-0.305458567568157,-1.70482335636121
"TraesCAD_scaffold_114167_01G000200",1.64885351014171,0.991365897462079,2.35370008699006,0.133685514074954,0.140038602270493
"TraesCAD_scaffold_032100_01G000200",1.64875638452983,1.61670870458153,3.14102486611227,0.2665498035134,0.23330380554408
"TraesCAD_scaffold_130889_01G000100",1.64866299976587,0.945968702584912,2.05136914663043,-0.05002734192692,0.140361555649874
"TraesCAD_scaffold_106985_01G000100",1.64819591899889,1.24586756170856,0.357775488382358,0.688597087448232,-0.101300846496161
"TraesCAD_scaffold_024719_01G000400",1.64801255926281,0.77744218019333,1.79350133938616,0.50360229509692,1.46212642670256
"TraesCAD_scaffold_013839_01G000100",1.64797340672791,1.22712902876098,5.4777976105723,0.453548220918456,-0.0970794743579355
"TraesCAD_scaffold_100336_01G000100",1.64795822471635,1.0572877632795,2.11267967644416,0.493838029180676,0.942175879504603
"TraesCAD_scaffold_019437_01G000300",1.64777656708948,1.52015344450312,0.466107538182568,0.898828088280789,0.30455389538122
"TraesCAD_scaffold_012628_01G000300",1.64755838134403,0.570035953549206,1.45419216673444,0.667859506444177,0.933488346138573
"TraesCAD_scaffold_049679_01G000100",1.64755398803413,0.539420214341852,2.70396253903744,0.0196318399220129,-0.324062156671106
"TraesCAD_scaffold_027437_01G000200",1.64719419185189,0.878404180326524,2.16366955883961,0.0529704706760062,0.800130862410131
"TraesCAD_scaffold_004273_01G000100",1.64646210861623,1.26359268039958,4.42307980921087,-0.0266928794476312,-0.437030235584993
"TraesCAD_scaffold_003519_01G000100",1.64469152529882,1.3809893203128,2.79569663845799,-0.57664724030836,1.16248080527599
"TraesCAD_scaffold_042531_01G000400",1.64327932140404,0.550405848344884,1.98310983274911,-0.200949200799657,-0.273667297889266
"TraesCAD_scaffold_045302_01G000200",1.64307707480306,1.39332377504247,1.98815083920206,0.435120735409944,0.118924372388237
"TraesCAD_scaffold_002047_01G000300",1.6429716431165,0.841155593638971,2.11910817361598,0.467166528271559,0.88859629512764
"TraesCAD_scaffold_005760_01G000100",1.64291095161691,1.3342085687487,2.6146301558861,0.0939904759185673,-1.62722783377636
"TraesCAD_scaffold_005014_01G000200",1.64078781162656,1.48201492379355,4.00000036315753,-0.268349669509642,1.30530019641868
"TraesCAD_scaffold_067624_01G000200",1.64072493296253,0.856461868207354,1.6406076689186,0.405751825383906,1.98998877914746
"TraesCAD_scaffold_029082_01G000500",1.63922900792618,1.44782003483541,3.43074613200102,-0.206735725888885,-0.38943666451026
"TraesCAD_scaffold_174811_01G000100",1.63824772750805,0.613120791762266,0.806909974878107,0.322105284300282,0.777859191166326
"TraesCAD_scaffold_025637_01G000100",1.63637428390732,0.926794854226621,3.59568652852397,-0.505045131841149,-0.4809729216916
"TraesCAD_scaffold_087416_01G000200",1.63572108069726,1.62990355663119,4.02819619208903,-0.275585407210217,-1.2752566796915
"TraesCAD_scaffold_012898_01G000300",1.635247293368,0.16673471800242,2.53197702162961,-0.0621835817109848,-1.04577812650787
"TraesCAD_scaffold_103756_01G000100",1.63459616540921,1.16715327678365,3.31652525039626,0.0144281050060988,-0.118274313684124
"TraesCAD_scaffold_074386_01G000100",1.6343335508907,1.26599015618686,3.7625605808763,0.240639993500971,-0.524026999487129
"TraesCAD_scaffold_120594_01G000200",1.63431360557751,1.47505349145922,4.5600127847568,-0.101881913782853,-1.28658307718647
"TraesCAD_scaffold_088551_01G000300",1.63321574400412,0.421626191364751,1.26398229712172,0.113609503515446,0.00911565976839752
"TraesCAD_scaffold_083325_01G000100",1.63317662324209,1.54279884147989,2.89661124989294,-0.337457478358588,0.25122441888855
"TraesCAD_scaffold_036491_01G000300",1.6329276630484,0.992038370112782,2.75097834055265,-0.474406096432917,0.0479491678296297
"TraesCAD_scaffold_043962_01G000300",1.63233083740877,1.30013251411453,3.4360145272396,0.603296708640974,-1.55169351241728
"TraesCAD_scaffold_149873_01G000200",1.62998487399325,1.29473665499595,3.82885530834601,0.568122739503527,2.10301482386725
"TraesCAD_scaffold_075416_01G000300",1.62997094657355,1.04810801592644,3.54742288682626,-0.265932387186456,0.245099092276301
"TraesCAD_scaffold_084436_01G000100",1.62991558013154,0.386611227073369,0.556589450879484,0.463279916053866,0.488365919604925
"TraesCAD_scaffold_062775_01G000200",1.62980672850915,0.70612649543024,1.87256543209988,0.0898778499531114,0.288058153307419
"TraesCAD_scaffold_010983_01G000100",1.6276231954271,0.737867954708016,1.37749851453097,0.387420277212643,2.20913363805705
"TraesCAD_scaffold_023647_01G000200",1.62714755832091,0.945580839604645,2.54316964368572,0.21372045476156,0.491499326634853
"TraesCAD_scaffold_012738_01G000100",1.62700706226903,0.560924055436592,1.78892886279662,0.825724677754316,-1.37732397213303
"TraesCAD_scaffold_037104_01G000300",1.62670059728357,1.30611532155567,5.02732556955962,0.150203326332271,0.701112094186881
"TraesCAD_scaffold_126510_01G000300",1.62474482546223,1.35139156271058,3.61796476695562,-0.74171436402848,1.48365106004095
"TraesCAD_scaffold_035867_01G000300",1.62468031810955,1.36566304535455,4.39532731465808,-0.420201898820866,-1.5563611638634
"TraesCAD_scaffold_010760_01G000200",1.6225553436951,1.4987254029512,4.23207704904681,-0.145769933768663,-0.0721851331668388
"TraesCAD_scaffold_039382_01G000100",1.62180776257563,1.50390599023303,2.96841916695466,0.320420643287598,-0.881461838178154
"TraesCAD_scaffold_042511_01G000300",1.62093108398312,1.31936611998549,3.92132319242558,-0.640663909213332,0.4421231515459
"TraesCAD_scaffold_048534_01G000100",1.62064421458506,0.212650721837213,0.157832418356542,0.910411330328509,0.266406687285285
"TraesCAD_scaffold_046815_01G000100",1.62028051445118,0.757310184786274,3.50247079598552,-0.179487319318564,-0.973457336923466
"TraesCAD_scaffold_010931_01G000400",1.61795588588471,0.720532612844993,1.33630209507426,0.492622151886636,-0.121939631467917
"TraesCAD_scaffold_040371_01G000600",1.61792076102748,1.17911656905128,3.83895645361314,-0.397163279761863,-0.721467055820642
"TraesCAD_scaffold_041011_01G000100",1.61703814187474,1.42447757357578,2.55660957408417,-0.0954878577609718,1.12229743495688
"TraesCAD_scaffold_101121_01G000300",1.61616397940429,0.562132191716226,3.14509703473612,-0.187791241588366,-1.59658730083661
"TraesCAD_scaffold_121399_01G000300",1.6161438560221,1.43056339498993,3.7809936196771,0.449567138698155,-2.63735999518377
"TraesCAD_scaffold_079218_01G000100",1.61579743564594,1.51381992109463,2.8786323305734,-0.103318869096165,-1.58588756988082
"TraesCAD_scaffold_048139_01G000100",1.61491494604755,1.51658135498533,3.93186434546528,-0.367393673255304,-0.0718498609610168
"TraesCAD_scaffold_085250_01G000100",1.6122806427654,1.58704307596881,3.59820176123513,-0.380516948971256,-1.77548747508673
"TraesCAD_scaffold_027491_01G000300",1.61175141920397,1.11910700521623,0.766425738845827,0.109918352923667,1.07271955240497
"TraesCAD_scaffold_042776_01G000100",1.61080445226778,1.20534752311151,0.272259144298609,0.930814251945815,-0.0531492917992935
"TraesCAD_scaffold_064264_01G000200",1.61070743958226,0.771884465921251,4.50193467770517,0.515744556407784,-0.847853301391909
"TraesCAD_scaffold_138860_01G000100",1.61006216736685,1.37290711924383,2.44640286020953,0.424888500070414,-1.96012508682266
"TraesCAD_scaffold_065061_01G000400",1.60942891743779,1.30858821466376,3.40797139286458,-0.41104121005028,-0.823820090993175
"TraesCAD_scaffold_055175_01G000100",1.60935791613668,1.50432285483274,3.7723819971895,0.597667633901098,-1.29057710852371
"TraesCAD_scaffold_047235_01G000100",1.60934971647693,1.40150637114815,1.17949966283356,0.880658562778403,-0.577547268725231
"TraesCAD_scaffold_086770_01G000200",1.60690429863097,1.21209285542705,3.48567671509058,-0.00668079940614589,0.190147963208797
"TraesCAD_scaffold_000167_01G000200",1.60683407741498,1.06843428320032,2.50442350501279,-0.140383669094297,0.665323060723785
"TraesCAD_scaffold_065131_01G000200",1.60644785604962,1.35325445112337,3.1429126017759,0.362325292256741,-0.916875757995301
"TraesCAD_scaffold_056011_01G000200",1.60620522205642,1.25585286238539,4.14609057319417,0.238059833715795,-1.40237050762257
"TraesCAD_scaffold_050386_01G000100",1.60603941840621,0.843672282348253,2.78898668898884,0.48294152536436,0.343198371949817
"TraesCAD_scaffold_067416_01G000100",1.60489433920685,1.24154241888432,1.39911865063106,0.516189978348327,1.01195826609578
"TraesCAD_scaffold_084889_01G000200",1.60359800725419,1.48621106725795,3.20702037279077,0.238445863010094,-0.853909088302333
"TraesCAD_scaffold_009356_01G000100",1.60303227131725,1.38055853412787,4.5770489399903,0.335235716740237,-1.24179354616168
"TraesCAD_scaffold_032726_01G000200",1.6017547464955,1.03234134317828,1.63204915148868,0.0982855240196605,0.217589044146279
"TraesCAD_scaffold_067424_01G000100",1.60168450877753,1.55473827477817,3.31291679727704,-0.296449976091815,-0.251596134345432
"TraesCAD_scaffold_087788_01G000100",1.60137541973962,0.940076875097159,2.88245273018928,0.11213385794505,-1.32826861086404
"TraesCAD_scaffold_116934_01G000200",1.60130034422402,1.3751686644432,3.47160582413048,0.301675808002469,-1.5249587134264
"TraesCAD_scaffold_015577_01G000100",1.60106529380565,1.37949400147392,3.75279789256834,-0.0524457233261565,-1.35615070482923
"TraesCAD_scaffold_027620_01G000100",1.60035276793586,1.36092222124429,3.93365074640065,-0.423229588036034,-1.23779307357576
"TraesCAD_scaffold_015297_01G000200",1.59925614170425,1.18433914451962,2.81262445189898,0.0696762081215671,0.555942096667112
"TraesCAD_scaffold_049639_01G000100",1.59818480611054,1.35553630925271,3.03184391046827,-0.273960592682488,0.419000331660036
"TraesCAD_scaffold_198080_01G000100",1.59811043336591,1.19836671613423,1.59039277685283,0.569917910935709,-0.223731484117987
"TraesCAD_scaffold_024067_01G000100",1.59791827217327,1.24037341143368,3.00457845991771,0.41169100832765,-0.669605291447948
"TraesCAD_scaffold_025166_01G000100",1.59762472663121,1.13195580083433,0.830536248274422,0.885141056796018,-0.485490755017535
"TraesCAD_scaffold_056691_01G000100",1.59672888817096,1.40009944411841,3.19736418075453,-0.621987651604442,-0.246275760820125
"TraesCAD_scaffold_042795_01G000200",1.59591389673938,0.884928386109518,1.66716383237972,0.362044488406006,-0.708279550334275
"TraesCAD_scaffold_848242_01G000100",1.59520955199008,1.25037271144769,3.23268364492884,-0.445007080950128,-0.923994778817382
"TraesCAD_scaffold_017032_01G000100",1.5948949199693,0.105378605818133,2.40494932854893,0.483963932542919,1.2915929505083
"TraesCAD_scaffold_036766_01G000200",1.59399370913949,0.0228727744622334,2.60016349749736,0.163981770562416,0.411550685294374
"TraesCAD_scaffold_052756_01G000400",1.59349880391295,0.976883694759855,2.02126430249241,0.0769449400457644,1.23906595809545
"TraesCAD_scaffold_037668_01G000500",1.59336535942466,1.54237540540373,4.04050350500031,0.0968962506805318,-1.99874924722405
"TraesCAD_scaffold_019892_01G000200",1.59317446166191,1.46915034357457,2.37399888417913,0.876234104963704,-1.26325905511589
"TraesCAD_scaffold_121433_01G000100",1.59266171719064,1.40443338418386,4.04951392218889,-0.602662852682165,0.141942513394757
"TraesCAD_scaffold_059481_01G000100",1.59251364924015,1.21802069114907,1.66876389133634,0.626312846297194,-0.861123141412892
"TraesCAD_scaffold_161761_01G000100",1.5917949531534,1.13991173658775,3.90621290418858,0.0889619613157486,-0.169862757531321
"TraesCAD_scaffold_012967_01G000200",1.59172135130347,1.47417266324643,3.93661815957774,-0.188714976370622,0.228856311836671
"TraesCAD_scaffold_180099_01G000100",1.59126877884383,1.19705207101003,4.1104985058013,0.240692443550655,-0.330679947135964
"TraesCAD_scaffold_040956_01G000200",1.59106916599281,1.38898387950774,3.79559180435295,-0.494137629158911,-1.33940022589037
"TraesCAD_scaffold_005772_01G000700",1.58939621515181,1.34427261331646,3.720509633134,-0.295643790173013,-1.60080952843207
"TraesCAD_scaffold_080517_01G000100",1.58692669054325,1.33181056027363,2.88532875691784,0.555321470130409,-1.29023246399512
"TraesCAD_scaffold_090169_01G000100",1.58683604058199,1.28893065220935,3.96172693376135,-0.395119244663315,-0.166916131474656
"TraesCAD_scaffold_089798_01G000200",1.58654623873979,0.862241832878554,2.59012679484351,0.104199861137605,0.657324652898984
"TraesCAD_scaffold_045587_01G000100",1.5861635905867,0.377303100080909,1.22117405116174,0.311841383178916,0.625109572910707
"TraesCAD_scaffold_095755_01G000400",1.58551215614626,1.42814584995157,4.11243933583813,0.0483005155801996,-1.23208596309838
"TraesCAD_scaffold_077182_01G000200",1.58489619158849,1.28928970981207,2.53355198627475,0.373331208821205,0.303625529606512
"TraesCAD_scaffold_058762_01G000100",1.58487885733007,1.22281921280793,4.05472492725642,0.887730785427096,-0.680989693077534
"TraesCAD_scaffold_037017_01G000100",1.58416098287701,0.76078200117052,2.14629758381014,0.0145175805571601,1.81133174088708
"TraesCAD_scaffold_013058_01G000200",1.58339454212747,1.02186481598392,2.52567556824696,0.408427214111198,-0.484213061067988
"TraesCAD_scaffold_022575_01G000200",1.5823130704783,0.534981561036483,1.29848049184424,0.234884116250116,1.12512126904157
"TraesCAD_scaffold_052738_01G000200",1.58187364082287,0.317409426738215,1.03278302283351,0.488545428643016,-0.156561566148897
"TraesCAD_scaffold_026139_01G000100",1.58124502151545,0.59458520398101,1.14826930083885,0.0122311638179603,-0.900815922841911
"TraesCAD_scaffold_041172_01G000200",1.581108308371,1.30816916050306,2.52121865603238,0.193940825111166,-0.707598474793069
"TraesCAD_scaffold_047938_01G000100",1.58065257599119,0.636927030523037,1.83770428709821,-0.706939378653948,0.133083759537853
"TraesCAD_scaffold_006934_01G000300",1.57987423733249,1.10702771353472,2.861302510179,-0.562642980717662,-0.0387226435354089
"TraesCAD_scaffold_004691_01G000200",1.57810876904006,1.24869636062292,3.11590053624138,0.406460162368164,-0.302447073911233
"TraesCAD_scaffold_008767_01G000100",1.5780607436016,1.11591621231792,2.59486723700713,0.323950136202532,0.772496688033165
"TraesCAD_scaffold_064847_01G000200",1.57706953226319,1.18893356026406,1.82230460090597,0.364346447859968,-0.559515381787473
"TraesCAD_scaffold_145653_01G000100",1.57483062013305,0.702888569028592,1.77670965838018,0.301070582526586,-0.741186488649022
"TraesCAD_scaffold_012237_01G000100",1.57396575355805,1.25308030960257,3.55141532501791,-0.329780569713105,0.475829984751849
"TraesCAD_scaffold_036925_01G000200",1.57393864210796,0.451337797528944,3.11392575714593,0.402430649001278,-1.99419449127112
"TraesCAD_scaffold_021107_01G000300",1.57362159645292,0.789306522449391,0.191101376222539,0.731499595885117,0.975302977895944
"TraesCAD_scaffold_095959_01G000100",1.57326548705545,1.4676096659913,4.18162728732248,-0.252128851513271,-1.6682798878729
"TraesCAD_scaffold_032158_01G000100",1.57288386184658,1.21872566111269,0.920945414304848,0.901121250963744,0.10445906237739
"TraesCAD_scaffold_014789_01G000100",1.57244896936101,1.50596630041557,4.20023612770959,0.432020105705022,-1.69840513899569
"TraesCAD_scaffold_013202_01G000100",1.57214141166355,1.3780851397795,3.9169904408235,-0.0640655682501636,-1.0118085777246
"TraesCAD_scaffold_109535_01G000100",1.5713917048678,0.94268582962262,2.40343539110579,0.0264732537088801,1.61685850308502
"TraesCAD_scaffold_096026_01G000200",1.56961501018905,1.4372075924084,3.06126248236698,-0.466918014714165,0.29006581711261
"TraesCAD_scaffold_007145_01G000100",1.56952482789351,1.33610754928605,4.2188535185472,-0.123569298768133,-0.763239951636457
"TraesCAD_scaffold_058583_01G000100",1.56889594210663,0.353041215246315,2.88867019570968,0.0258358692329535,-1.44949276576734
"TraesCAD_scaffold_027874_01G000300",1.56681709132843,1.44484713778057,3.87492320977759,-0.0432374008308147,-1.86470704751237
"TraesCAD_scaffold_007547_01G000200",1.56676498220128,0.754292808892429,0.710698927398221,0.534198727955192,0.761220103312659
"TraesCAD_scaffold_088478_01G000100",1.5665917417725,1.46628791133861,4.13597597446673,0.180694422054943,-1.41259529949807
"TraesCAD_scaffold_067632_01G000100",1.56575935156135,1.26598326046508,3.1667906879411,0.771016241840108,-1.73388393010105
"TraesCAD_scaffold_008238_01G000100",1.56436369890008,1.12426653705371,2.94555281271395,0.244755262811009,-0.696141972077098
"TraesCAD_scaffold_006614_01G000100",1.56392262606081,1.40615968271203,4.28750865921345,0.551939533217209,-1.27092888782309
"TraesCAD_scaffold_031950_01G000200",1.56250207252615,1.40022389280123,3.14954498427301,0.00914307676161626,-0.672207005312244
"TraesCAD_scaffold_158843_01G000100",1.56241554072434,0.556206979933937,1.66413153703674,0.184443855752396,0.732617786466548
"TraesCAD_scaffold_042158_01G000600",1.56151110662124,1.01344498541397,3.20229191357221,0.131559816699638,-0.69508890408353
"TraesCAD_scaffold_009594_01G000100",1.56089647571773,1.32350768900672,3.40509998803803,0.079907843813954,-1.84527966122316
"TraesCAD_scaffold_077426_01G000400",1.55993833519537,1.49689986087268,1.81370223344589,0.964973195629242,-0.852917195663511
"TraesCAD_scaffold_044799_01G000100",1.55975649097853,0.190796596688657,0.813171199866619,0.785482126308556,-0.11074208922894
"TraesCAD_scaffold_003357_01G000300",1.55813016647497,0.780331901619274,0.872126365571771,0.246250047059147,-0.47199070756453
"TraesCAD_scaffold_035954_01G000200",1.55705225901775,1.28977703532823,3.3010024652451,-0.0440932419393256,-0.173328237223304
"TraesCAD_scaffold_105559_01G000200",1.55687886838381,0.440038589293918,0.929260207062173,0.764333966014761,-0.0808764826942931
"TraesCAD_scaffold_001685_01G000200",1.55640235096574,1.01477680556143,0.970136155242127,0.797204399390898,0.486481579596039
"TraesCAD_scaffold_064155_01G000200",1.55604163760661,0.918729889879681,1.20944771558641,0.372838999391943,-0.304230804118641
"TraesCAD_scaffold_097418_01G000100",1.55588031461137,0.83160789415514,3.07632793634059,-0.138925759356993,0.590740940865971
"TraesCAD_scaffold_103804_01G000100",1.55563870774152,1.28820789712436,1.29218790027517,0.497079389593276,-0.830087399492733
"TraesCAD_scaffold_111979_01G000100",1.55491210819964,1.11196993780403,1.64772990918547,0.407215029709141,0.485487263033624
"TraesCAD_scaffold_033383_01G000200",1.55452176354874,0.640125807429051,2.9004733459235,-0.216430739734033,-0.654742260444477
"TraesCAD_scaffold_030961_01G000200",1.55431350654792,1.31441767906128,2.91887035812639,0.195160920930051,-0.688802900325111
"TraesCAD_scaffold_012018_01G000100",1.55409805635767,1.13325268099996,3.11231812261915,-0.103789035538211,0.352661276733078
"TraesCAD_scaffold_047583_01G000100",1.55344625126356,1.06360981130574,2.68539150183874,0.0338946728204778,-0.265678950935993
"TraesCAD_scaffold_009211_01G000500",1.55304954554481,0.680137420798633,2.72431486818409,0.0937443964404716,-1.68680769364382
"TraesCAD_scaffold_027000_01G000400",1.55245575810471,1.14889524675623,3.16329985002255,0.291754063729246,-1.40879518375523
"TraesCAD_scaffold_165117_01G000100",1.55229411949634,1.26281436524658,3.45269723781039,-0.484925698547623,0.546164905722192
"TraesCAD_scaffold_064170_01G000100",1.5519603573498,1.43862965419537,4.03651535317246,-0.505198252207497,0.162356849448642
"TraesCAD_scaffold_105074_01G000200",1.55185047185742,1.29901808950633,3.00679747620606,0.089962032089017,0.690944498816811
"TraesCAD_scaffold_025108_01G000500",1.5512654398983,0.167167243504262,2.84284449974877,0.0814230047358804,-1.32657867408248
"TraesCAD_scaffold_161782_01G000100",1.55015782014975,0.793452346260351,2.7061824107751,0.0962012235647724,-0.503956990672987
"TraesCAD_scaffold_033193_01G000100",1.5501079533621,1.36954235534917,2.78425384837259,0.465250931775296,-0.726776797349755
"TraesCAD_scaffold_151116_01G000200",1.54991088140093,0.93225611320555,2.11634383424609,-0.254440766553226,0.270913779326746
"TraesCAD_scaffold_062488_01G000200",1.54972808576256,1.22474063994341,2.58836865836292,-0.131908482230022,-1.65226602366354
"TraesCAD_scaffold_027709_01G000100",1.54870645433555,1.21960631303233,1.85338082277962,0.754254117138292,-0.843902805137903
"TraesCAD_scaffold_049279_01G000200",1.54792437567196,1.12853655623406,3.89948157691229,-0.497078352402548,0.000690400263940705
"TraesCAD_scaffold_004477_01G000500",1.54783992201486,1.21009728383752,1.49565167637852,0.848072696641765,-0.509195184790243
"TraesCAD_scaffold_000824_01G000400",1.54731740716523,0.714710035922198,3.55225519643915,0.0692947208406583,-2.01127358048833
"TraesCAD_scaffold_077025_01G000100",1.54696922381421,0.884511956129873,3.99722014544471,0.11994158176499,-1.51349599580206
"TraesCAD_scaffold_047483_01G000100",1.54693154279269,1.52466680566738,3.82547277425545,0.187720636982108,-1.19596332235846
"TraesCAD_scaffold_054367_01G000100",1.54652219340981,1.15156097973658,3.28957847053803,-0.31319702608088,0.498881915021373
"TraesCAD_scaffold_185543_01G000100",1.54543320686211,1.23914746384077,3.75403259046832,-0.635118076681595,-0.805197054322575
"TraesCAD_scaffold_032980_01G000100",1.54464111560555,0.622385562557435,1.54996750551051,-0.193055394633512,-0.823403007319794
"TraesCAD_scaffold_050300_01G000100",1.54452084674369,0.72665509624667,1.94567736807349,0.0179816082107503,0.691439792373329
"TraesCAD_scaffold_092281_01G000200",1.54434328833977,1.23807628290283,3.00397253762832,-0.0136812790510298,1.29833833995914
"TraesCAD_scaffold_019613_01G000200",1.54258269296574,0.706463107940047,1.52830509227955,-0.389336082061091,0.711840847466247
"TraesCAD_scaffold_003132_01G000300",1.54239211923416,0.57001059585055,1.66100081561482,0.321082623925356,0.575025781631443
"TraesCAD_scaffold_007411_01G000300",1.54180535881359,0.967445831162741,3.79080842732027,-0.314257561956012,-1.1033832347705
"TraesCAD_scaffold_146811_01G000100",1.54090275615632,1.49588409461767,3.0025038218322,0.902633912994854,-1.31687245727545
"TraesCAD_scaffold_016468_01G000100",1.54055079851518,1.32292372045363,3.20424249281274,0.0140309522511953,-0.63450575579607
"TraesCAD_scaffold_019973_01G000200",1.53930398299683,1.30463673306041,2.99708167681887,0.431376432948474,-1.38258195035794
"TraesCAD_scaffold_047503_01G000400",1.53905613196127,0.926514831837186,3.7836069926326,-0.421249462870991,0.57638462997334
"TraesCAD_scaffold_053915_01G000200",1.53742156915085,1.37379207593455,3.70374239312112,-0.167596033046926,-1.84751959556084
"TraesCAD_scaffold_009524_01G000100",1.53716703690623,0.93343762707564,3.32561450884872,0.212661521057497,0.672696285691446
"TraesCAD_scaffold_077589_01G000200",1.53581276582336,1.36225582380957,2.16134500727712,0.760175604104036,-1.18394637219072
"TraesCAD_scaffold_003624_01G000100",1.53581146585295,1.22227636060884,1.93475853867693,0.405605007801417,0.0540187736217512
"TraesCAD_scaffold_100876_01G000100",1.53556070671508,0.59049413972846,2.08015454970387,0.72540306886325,0.410982773686079
"TraesCAD_scaffold_034179_01G000200",1.53507142218375,0.838551170993671,1.42599146057793,0.723622165149205,0.385832199711874
"TraesCAD_scaffold_039512_01G000300",1.5343233034865,1.3567881352984,3.89619975115469,-0.207247047291294,-0.677136198810815
"TraesCAD_scaffold_034978_01G000200",1.53397962494537,0.506240185620907,3.47941308111839,0.487127722262576,0.284143898181506
"TraesCAD_scaffold_110385_01G000100",1.53316462579708,0.61631171459247,3.26231242512371,-0.18374066514253,0.185718454006214
"TraesCAD_scaffold_007380_01G000300",1.53137465146006,0.386178562607486,1.55430520877536,0.133804139133129,-0.388175738595725
"TraesCAD_scaffold_031704_01G000100",1.53095204380452,0.667476205612853,2.11620827825161,-0.503157302481748,0.978646059801993
"TraesCAD_scaffold_000099_01G000100",1.5302597519576,1.25816694792989,2.68377802763951,0.835425076057651,-0.619735110295847
"TraesCAD_scaffold_118111_01G000100",1.52957740038541,0.283713529547187,1.80296613406736,0.363107723512851,1.56785840339633
"TraesCAD_scaffold_042212_01G000400",1.52887211208294,1.29980287509811,3.98434488599571,0.185803467077485,-1.03509296391087
"TraesCAD_scaffold_006769_01G000200",1.5285808818058,1.09490262533271,0.988537995741493,0.615183019933193,0.423760279804364
"TraesCAD_scaffold_045136_01G000300",1.52710631928671,1.12320111845233,4.52227407436279,-0.415007864014469,-0.275657215297882
"TraesCAD_scaffold_085606_01G000100",1.5268305502844,0.804694070132844,1.76569447977862,0.657817912884288,-0.0702827680615846
"TraesCAD_scaffold_000998_01G001200",1.52551902276335,1.0317932357313,2.84987205102935,0.381326456341347,-0.229168442312425
"TraesCAD_scaffold_080572_01G000100",1.52444109473663,0.377078506741405,2.11011329149819,0.312445701573681,-1.26153468484589
"TraesCAD_scaffold_032294_01G000300",1.5231095612584,0.950451547422838,5.03565401544,0.133179660209033,-0.708157834978441
"TraesCAD_scaffold_036608_01G000200",1.52282430872054,1.2445444394749,2.6899142775316,0.553853106945456,2.00422323201474
"TraesCAD_scaffold_094565_01G000100",1.52205227932703,1.32887448057281,3.38448123685991,-0.0941068580784392,1.18465893815547
"TraesCAD_scaffold_038181_01G000200",1.52140221767567,0.880920157731755,1.57190378624526,0.592137275092532,-0.543241307374612
"TraesCAD_scaffold_079608_01G000200",1.52115284715914,0.888254389408637,2.49735124333319,0.280172764356673,0.0373901893868478
"TraesCAD_scaffold_058382_01G000100",1.51996682033075,0.851183733311332,1.74669848823969,0.461827706000617,1.17464652611485
"TraesCAD_scaffold_063084_01G000100",1.51993805823774,0.657322832652054,1.72846016456555,-0.0761859493869489,0.200062977466315
"TraesCAD_scaffold_093933_01G000300",1.51944765208745,0.601424517819675,2.25427285406506,0.513201215866518,0.834267114968331
"TraesCAD_scaffold_030172_01G000100",1.51653686021296,0.342654900497754,0.282033200948995,-0.101875303766719,0.373798561649252
"TraesCAD_scaffold_000839_01G000400",1.5161007623068,1.31862228910834,3.18889197602909,-0.0769526920532915,-0.415924624323303
"TraesCAD_scaffold_015369_01G000400",1.51488006288674,1.1162867858394,3.03304095401153,-0.240820555095011,-0.653529908681733
"TraesCAD_scaffold_058744_01G000100",1.51476530033383,1.0559559974256,1.67475805756936,-0.706605283928211,0.168332669125783
"TraesCAD_scaffold_007980_01G000100",1.51470908744461,0.758948228396346,2.43265605935023,-0.360747408173452,1.65219294772974
"TraesCAD_scaffold_103119_01G000200",1.51455267461842,0.885191697923125,1.1662853246479,0.751275871609448,0.35284478674361
"TraesCAD_scaffold_064574_01G000200",1.5116404445821,1.03875937780404,2.48756488018028,0.289318885042531,-0.267826405733403
"TraesCAD_scaffold_133765_01G000100",1.51124003645395,1.19010851354533,2.9808194355906,0.269571339078944,-1.70478733229956
"TraesCAD_scaffold_063945_01G000100",1.51089623409553,1.44433756698665,3.59739083136778,0.81503077965124,-1.70877794321006
"TraesCAD_scaffold_048386_01G000200",1.51074028520872,0.314416118546077,0.466775530006186,0.473745899916645,-0.369277346849959
"TraesCAD_scaffold_128985_01G000100",1.51023267133872,1.04909029470977,2.56642360700731,0.318843191815586,-1.21726637816432
"TraesCAD_scaffold_042775_01G000100",1.50970024509197,1.39555302864451,3.8789297534357,0.63006340202012,-2.11379703135435
"TraesCAD_scaffold_046676_01G000200",1.50825786702357,0.92678147722107,1.79423732264798,0.0706651094478487,0.508623244800147
"TraesCAD_scaffold_106324_01G000100",1.5081483687783,1.42202743398314,2.34745237918834,0.537394504637129,0.0127620148661095
"TraesCAD_scaffold_099747_01G000100",1.5079067756974,1.13787493786054,2.60452204603761,-0.359520361774492,0.116438201093468
"TraesCAD_scaffold_090059_01G000100",1.5074655660041,1.33485947951529,2.73319589354992,0.135380949158634,-1.62601497572841
"TraesCAD_scaffold_003433_01G000300",1.50592697715455,0.540968022929567,2.47418474426625,0.280188206943909,-0.314947748777878
"TraesCAD_scaffold_130131_01G000300",1.50590074178489,1.45250310582865,3.44599949777127,0.845544596589655,-1.69406088440152
"TraesCAD_scaffold_068629_01G000200",1.50508539527673,0.159526931032067,0.47700341908009,-0.516530423255002,-0.61303924234034
"TraesCAD_scaffold_046124_01G000300",1.5047870313504,1.28700370490776,2.67731220465343,0.743449020198841,-0.779675008324749
"TraesCAD_scaffold_009065_01G000700",1.5042432443783,0.983453649577792,0.504251495893226,0.692829765932732,0.307091509144224
"TraesCAD_scaffold_155803_01G000100",1.50396880944621,0.494272969990963,3.47807214065072,0.56658811434931,-1.16116149410118
"TraesCAD_scaffold_099255_01G000200",1.50393394324373,0.845474598400351,1.06886036058935,0.404628368953437,-0.558040439964456
"TraesCAD_scaffold_126241_01G000100",1.50330447337275,0.468198059473129,1.79941766522534,0.0152860772433248,0.472621244143947
"TraesCAD_scaffold_006026_01G000600",1.50205717960265,0.957081242934809,1.94060144435483,0.356761168873597,0.0164891948877329
"TraesCAD_scaffold_043513_01G000400",1.50196990035609,0.550048052108505,2.03200851232161,0.435528458986332,1.00369290401733
"TraesCAD_scaffold_022464_01G000300",1.49985989202014,1.23363324059645,3.46722383953173,0.293567607100149,-0.952155812133019
"TraesCAD_scaffold_053822_01G000300",1.49917503399979,1.14140092437253,1.95034416843859,0.642841349543866,1.28812685907837
"TraesCAD_scaffold_045265_01G000200",1.49808816111859,1.27605461635009,2.84714637510438,0.0100286256691662,0.880679181341391
"TraesCAD_scaffold_103694_01G000100",1.4976350713861,1.26384913340478,2.46342420920684,-0.467620540463143,0.928082946533033
"TraesCAD_scaffold_099222_01G000100",1.4968769285808,1.4194709944392,1.81824012722673,0.712199345480082,-0.432107072924476
"TraesCAD_scaffold_027200_01G000100",1.49642417218496,1.45962279985454,3.73046038437686,-0.204863835491805,-0.947430089237779
"TraesCAD_scaffold_066522_01G000300",1.49527157660315,1.13413971544688,2.59960377569813,0.367103880513487,-0.935374728329935
"TraesCAD_scaffold_006510_01G000100",1.49501024112551,1.17935892392578,2.84637770238298,0.113785260337216,-0.271977590717825
"TraesCAD_scaffold_017054_01G000100",1.49415515863966,0.96873724816301,3.69665998187827,-0.228124077702543,0.114033536693138
"TraesCAD_scaffold_112302_01G000100",1.4929716957164,1.02709969008881,3.15650907361186,-0.15283491989626,-0.103178013483787
"TraesCAD_scaffold_042440_01G000100",1.49176055272273,1.18659425486786,4.0250712265999,0.621301071657692,-0.685736106101114
"TraesCAD_scaffold_021840_01G000400",1.49151997200674,0.929666753406863,2.03184351628688,0.479620776248588,1.28559510886018
"TraesCAD_scaffold_067484_01G000100",1.49144749870401,1.13149345954047,2.01568810900796,-0.376290491393693,-1.98729246573004
"TraesCAD_scaffold_048932_01G000300",1.49104434163231,0.546586588525325,4.74726097853087,0.290628097898871,0.161133672004096
"TraesCAD_scaffold_005003_01G000100",1.49078510921332,1.24897734290222,3.27535622406356,0.622858255442545,-0.652894759568224
"TraesCAD_scaffold_036068_01G000100",1.49062909047568,1.0687245522883,3.13930488777854,-0.183913752867833,-0.410698499536033
"TraesCAD_scaffold_031201_01G000100",1.4905200445744,0.529477835236222,1.79438031895529,0.650965990411777,1.98165453054235
"TraesCAD_scaffold_031250_01G000100",1.49031612332359,1.32147415934833,4.23584285098363,-0.461077464267062,-1.32476498121906
"TraesCAD_scaffold_056133_01G000100",1.48971743150367,1.0995694300928,3.15509383151584,-0.468820471574785,1.49304970141376
"TraesCAD_scaffold_087625_01G000200",1.48891280872533,0.888768838368359,1.0300766515876,0.741868739594975,0.371509789925719
"TraesCAD_scaffold_027957_01G000300",1.48775505157012,1.09805740557308,3.1876472459369,-0.193362299930319,0.070382643491032
"TraesCAD_scaffold_063301_01G000100",1.48758034722743,0.820046422892018,3.2428282284266,0.503539948570183,-1.73149259940064
"TraesCAD_scaffold_017578_01G000400",1.48730455447099,1.02633688293427,2.37500417688254,-0.257584143108885,-0.271183247033915
"TraesCAD_scaffold_000043_01G000600",1.48728079015479,1.46810838801674,3.92700955422803,0.694832201147876,-1.9424814495283
"TraesCAD_scaffold_082601_01G000100",1.48639390728517,1.44002411815162,3.65586430634738,0.552834508319403,-1.35005391181882
"TraesCAD_scaffold_010974_01G000400",1.48621369897155,1.2819350603352,3.13426792468404,0.161551041481194,-1.22516379926029
"TraesCAD_scaffold_007159_01G000200",1.48505391451316,0.839940374249361,2.8742325536522,0.713992941949322,0.239160340385565
"TraesCAD_scaffold_033586_01G000300",1.48480145528989,1.08116117295264,0.184899031276661,0.888869036390117,0.202144490211037
"TraesCAD_scaffold_101212_01G000200",1.48452663724249,0.447717459907383,2.01670829038917,-0.441066266520808,1.23971918757907
"TraesCAD_scaffold_014477_01G000100",1.48423639455441,0.996497032441632,2.98422965715435,0.286911356004799,-0.852327523357719
"TraesCAD_scaffold_016229_01G000200",1.48383590890736,1.35022298691491,3.27546351417605,0.801231782849988,-2.04345037163999
"TraesCAD_scaffold_129452_01G000100",1.48302675446903,1.08410047779128,3.81968793514449,0.0265228309587994,-0.670825785106659
"TraesCAD_scaffold_000022_01G000100",1.48296847965718,1.25224400523928,3.74213735388037,0.18443714060832,-1.53819719887164
"TraesCAD_scaffold_002606_01G000300",1.48294140918534,1.28620995599498,2.76334920705927,-0.522339137877707,1.11718484362595
"TraesCAD_scaffold_000119_01G000400",1.48292809465351,1.45545065565158,3.56809387535883,-0.546004333497024,-1.09782451447381
"TraesCAD_scaffold_075758_01G000100",1.48072133806071,1.28526372967912,3.60781461641328,-0.271124450432353,-1.53535901163218
"TraesCAD_scaffold_023230_01G000400",1.48066318764008,0.876281883088173,2.37436491170198,0.312477982820927,0.649373630722235
"TraesCAD_scaffold_074162_01G000100",1.48003576183752,1.46677240586293,3.78519475120827,-0.670040589733006,-1.14059474138253
"TraesCAD_scaffold_000763_01G000500",1.48002370918045,1.28883284110661,3.60120510990489,0.194529573389434,-1.22162841572389
"TraesCAD_scaffold_066392_01G000200",1.47984017784958,1.34253733918976,4.33975457428224,-0.0850810352872188,-0.649435894549428
"TraesCAD_scaffold_028095_01G000300",1.47855955882083,0.140793063518261,1.12297419064279,0.0547520714210555,-0.913979697949575
"TraesCAD_scaffold_007395_01G000100",1.4779423633881,0.86205947097696,2.21238442364301,0.221702955295221,0.0596383345538362
"TraesCAD_scaffold_124078_01G000200",1.47782615994066,0.473096299291662,0.535636410460517,0.553487898715796,0.601428153746171
"TraesCAD_scaffold_004044_01G000100",1.47770390423542,1.27877390512567,3.68424041750322,-0.339563560203271,-0.254341465127342
"TraesCAD_scaffold_070209_01G000100",1.47727852722255,1.29506816798035,3.46588604513398,0.149593182623824,-0.575051887516566
"TraesCAD_scaffold_044888_01G000200",1.47725308747925,1.23938781862488,4.42953298721698,0.0803114461969367,-0.0937588149826358
"TraesCAD_scaffold_113580_01G000400",1.47666921480239,0.582055703210312,1.76302923305762,0.249057470563372,0.090759781277982
"TraesCAD_scaffold_125744_01G000100",1.47610494836321,0.789290949457006,1.46165336310426,-0.329574024991742,0.68080865226916
"TraesCAD_scaffold_019181_01G001100",1.47607151279753,0.859209032127404,2.45612323730748,0.235337768257663,1.27394640972865
"TraesCAD_scaffold_071175_01G000100",1.47606115448252,0.823689367271792,1.23881038972536,0.278689124790924,1.02629434379324
"TraesCAD_scaffold_136510_01G000100",1.47580381437155,0.387143926892701,0.670993956367137,-0.149950592649833,1.07789203935302
"TraesCAD_scaffold_072891_01G000100",1.47468273492473,0.99863675540179,1.97371337743023,0.366048473034738,-2.01709098067315
"TraesCAD_scaffold_089501_01G000100",1.47466051114316,1.27847067257539,2.5097969053778,0.781004333770157,-0.452177716564428
"TraesCAD_scaffold_043117_01G000100",1.47461081767594,0.571217672323213,2.9440309826606,-0.432703877026553,0.646259444769361
"TraesCAD_scaffold_024694_01G000100",1.47432480293669,1.18158778714142,3.61981116095473,0.209680913426451,-0.673506982729531
"TraesCAD_scaffold_013041_01G000100",1.47237597975339,1.21823563594627,2.9247162915243,0.628507467742623,-0.65690913710818
"TraesCAD_scaffold_094833_01G000400",1.47165194630857,0.49535618262999,2.74691166507694,-0.182635481397688,-0.359527398013282
"TraesCAD_scaffold_058169_01G000200",1.47163984574734,0.969217522361831,1.28076743127015,-0.121726043805027,0.466652514985614
"TraesCAD_scaffold_098823_01G000100",1.47120589360059,1.10821141120701,2.93099419353073,0.0257012220552253,-1.18008073108808
"TraesCAD_scaffold_038457_01G000400",1.47097372866575,1.42182277493928,2.24978526065471,0.184158007652221,0.603888420346545
"TraesCAD_scaffold_028220_01G000100",1.47035306997597,1.25755594782068,3.33664344814132,-0.186835122965209,-0.280004492526282
"TraesCAD_scaffold_072116_01G000200",1.47001325053501,0.0978109628979185,2.99113727747458,-0.119517498062356,-0.882148756422622
"TraesCAD_scaffold_075314_01G000400",1.46984059312725,1.06503864721514,2.88747194028394,-0.385283006689516,-2.20921832385671
"TraesCAD_scaffold_781578_01G000100",1.46918315378162,0.524975802823131,0.385716287544513,0.915612837436234,0.165387986043712
"TraesCAD_scaffold_035643_01G000300",1.46846226679634,0.742430616431691,0.663983802442007,0.441014426892704,-0.395755487824362
"TraesCAD_scaffold_023524_01G000300",1.46711126439492,1.31264322648335,2.90901445367248,-0.644038598527428,-0.353365697359544
"TraesCAD_scaffold_089978_01G000300",1.46636793123016,1.02823338930411,2.4395339863206,0.427139442495507,-1.59253831020339
"TraesCAD_scaffold_059351_01G000500",1.46582194434981,1.04547729038677,3.03347571098659,-0.63959098978494,-0.987141049384633
"TraesCAD_scaffold_005937_01G000100",1.4654972457178,1.28247123351232,3.23679522519518,0.218198784396589,1.46509033977164
"TraesCAD_scaffold_083590_01G000100",1.46546916606991,0.195401352165434,2.8480671387897,0.239626268097721,-1.28822645955033
"TraesCAD_scaffold_136780_01G000100",1.46546202806768,0.566836010849568,3.41108235281473,-0.22225981501481,-1.07659874762605
"TraesCAD_scaffold_120019_01G000100",1.46505431023087,0.506416568610252,1.1865699122678,0.458416127776766,0.127238780468693
"TraesCAD_scaffold_064993_01G000100",1.46501071104356,0.783523734763136,3.98524162063193,0.0566735524676372,0.596485274956231
"TraesCAD_scaffold_098474_01G000200",1.46400834556356,1.23563922260358,3.45657221788026,-0.866186020514161,-1.6826619997955
"TraesCAD_scaffold_034526_01G000100",1.46365465458503,1.34278278636265,3.15086057722447,-0.850606816842328,0.907163866438626
"TraesCAD_scaffold_112174_01G000200",1.4636308311902,1.08487452727269,3.23443985289271,0.436981617762321,-0.605705782310164
"TraesCAD_scaffold_091868_01G000300",1.4621873667892,0.557254444180848,2.86920038584428,-0.205490982767248,0.583740668196956
"TraesCAD_scaffold_037820_01G000400",1.46217727437205,1.20671294431485,2.36751536287057,-0.108080476102865,-0.366642960624765
"TraesCAD_scaffold_052931_01G000200",1.46212833182275,0.452777847879916,1.59463470435278,0.845079538849426,0.684437725346119
"TraesCAD_scaffold_047110_01G000100",1.46093873995686,0.631428144538209,1.65239244713467,0.295803865127509,0.188968417204879
"TraesCAD_scaffold_000195_01G000200",1.46018749712973,1.23692624160944,0.962719234302776,0.656713889846175,-0.216856498009302
"TraesCAD_scaffold_088210_01G000100",1.45991557497104,0.955476968886346,3.22774052785474,-0.126133861920519,0.797939671089089
"TraesCAD_scaffold_016796_01G000100",1.45866188413962,1.25462620940147,1.75019449953125,0.849203192735011,-0.712360819248773
"TraesCAD_scaffold_051263_01G000300",1.45790046275511,1.28108703571295,3.13500132472062,-0.131060593856446,-1.05498539284566
"TraesCAD_scaffold_053228_01G000200",1.45713770808931,0.627945831646671,1.38132088230594,-0.188245291714467,0.000955954984725613
"TraesCAD_scaffold_079580_01G000100",1.45710431887831,0.589031819733243,1.14058246206078,-0.132719596309539,-0.417734697009044
"TraesCAD_scaffold_040036_01G000100",1.45709933493697,1.17169555017858,0.463940872747817,0.636191503489351,-0.456700157274198
"TraesCAD_scaffold_050333_01G000100",1.4569299864436,1.42745706107106,4.29785033958035,-0.401942516347115,-0.125711015882382
"TraesCAD_scaffold_046558_01G000100",1.45662053768793,1.32384204172588,4.54371275382484,0.0231767289861934,-0.0738362806253815
"TraesCAD_scaffold_049503_01G000100",1.45574072848776,1.26223786546649,2.57619909296041,0.92001334110183,-0.768844465758616
"TraesCAD_scaffold_087906_01G000100",1.45450785243854,1.30780035555698,4.15212530452518,0.0337673358927438,-1.28365448107503
"TraesCAD_scaffold_036507_01G000100",1.45409368459237,1.2799379322679,2.7254497267198,0.134523164141307,-0.996898627934422
"TraesCAD_scaffold_024594_01G000500",1.45405852865514,1.31799102242754,4.20328389458037,-0.1909679917928,-0.702971192894304
"TraesCAD_scaffold_110645_01G000200",1.45339032595659,1.21204795575389,3.51119046201063,0.120700415846084,-0.628997298381427
"TraesCAD_scaffold_014643_01G000200",1.45317378370368,0.626015998534159,0.177907709935964,0.589273476401306,-0.0732938575141731
"TraesCAD_scaffold_003641_01G000100",1.45276861019393,0.139592601478755,2.85895043077073,0.152195021647913,1.39234596497232
"TraesCAD_scaffold_002159_01G000400",1.45180656932896,1.39803175364872,3.9273509676089,-0.136796210103657,-0.0838871607595024
"TraesCAD_scaffold_052131_01G000100",1.45146563487911,1.3514179147222,2.43050133064712,0.47552527434173,0.393079501300344
"TraesCAD_scaffold_000611_01G000300",1.45111220487544,0.727540611928486,1.53841180644122,0.321130916637073,0.69886496354034
"TraesCAD_scaffold_049039_01G000100",1.44982124326103,0.0935427080460474,0.924090873820652,0.228406449651339,1.37097602699971
"TraesCAD_scaffold_123668_01G000200",1.44906863492232,0.966718527846028,2.98426156248997,-0.0366347365020031,-0.026815515807252
"TraesCAD_scaffold_150149_01G000100",1.44860291400347,0.418494077842904,1.04594026675446,0.61598349929831,-0.0376296629221083
"TraesCAD_scaffold_037263_01G000300",1.44810560250923,1.0865318767187,3.98379351357555,-0.0530513400925209,0.351769198917298
"TraesCAD_scaffold_079074_01G000100",1.44809151067219,0.688071024202187,2.1115355988458,0.109831542341145,0.291045946769674
"TraesCAD_scaffold_114846_01G000100",1.44804645252538,1.44235737646271,4.05601770510877,0.245453551428448,-2.68527706605801
"TraesCAD_scaffold_092346_01G000100",1.44675384438444,1.09157442259304,3.09433266365649,-0.0277055672311653,-1.01465515278405
"TraesCAD_scaffold_016691_01G000200",1.44656877580586,0.341861299417621,1.05881367545044,0.518002833107269,0.12024432347117
"TraesCAD_scaffold_108648_01G000100",1.44632058288296,1.14261278045094,2.46393069911671,0.516897461859733,0.07425533556135
"TraesCAD_scaffold_054555_01G000100",1.44592528896176,0.791903090004765,3.37085008970911,0.253042924092802,-1.40124723198365
"TraesCAD_scaffold_001648_01G000300",1.44574645998001,1.13991459979089,3.70527523865816,-0.202083801370436,1.32466356430694
"TraesCAD_scaffold_069359_01G000300",1.44395777993704,0.543716018640678,0.323849451195315,0.737574995913063,0.23731669182144
"TraesCAD_scaffold_078991_01G000100",1.44391951665286,1.31487971470545,2.81045928459063,0.414474771032806,-1.41725305847243
"TraesCAD_scaffold_025760_01G000400",1.4433391176237,0.750073099797315,2.65614334756818,0.129601502284209,-0.687056322657355
"TraesCAD_scaffold_028245_01G000300",1.44328899698743,1.2456384077994,5.00076033623118,0.228304192129133,-0.168466053251231
"TraesCAD_scaffold_155015_01G000100",1.4413473532026,0.106679995279626,0.855455528415718,-0.374657779048813,-1.01076067869918
"TraesCAD_scaffold_000349_01G000500",1.44117390339338,0.827157564482529,2.80420912151742,0.2594970003759,-0.69741290412558
"TraesCAD_scaffold_034951_01G000300",1.44052437749251,0.380391566704834,1.61434059666023,0.712474740715556,0.382510469182918
"TraesCAD_scaffold_204765_01G000100",1.4400435925547,1.07220714561107,3.51296561905332,-0.390516628387333,-0.588603110812464
"TraesCAD_scaffold_072273_01G000200",1.43924277815366,1.39708422037035,3.81055190250044,-0.716652434266313,0.36405559901161
"TraesCAD_scaffold_028237_01G000200",1.43923504679862,0.73256737350689,2.28050692485812,0.144503111816406,-0.0945541557806622
"TraesCAD_scaffold_006383_01G000100",1.43904620037397,0.866491190834658,3.647455599268,-0.347365970282712,-1.09274043742224
"TraesCAD_scaffold_064635_01G000100",1.43876106414735,1.21168746424028,2.84302236310641,-0.0436724679647761,0.338744313928349
"TraesCAD_scaffold_048829_01G000100",1.43817993122287,1.08820332561411,3.49600329944737,-0.125831318743274,-0.0840211386462474
"TraesCAD_scaffold_020035_01G000500",1.43801148027062,1.26887114633104,1.55041920664041,0.745998974548029,0.522067289974218
"TraesCAD_scaffold_006281_01G000200",1.43720387428936,0.237476614563593,0.965111233075925,0.231630210240496,1.45885663241042
"TraesCAD_scaffold_003510_01G000600",1.43679245619608,1.37298322146455,3.57914831075542,0.356023295513093,0.655176215038104
"TraesCAD_scaffold_047688_01G000200",1.43664917035811,1.3135473506124,2.89271382929,0.685456552951208,-1.16709233472522
"TraesCAD_scaffold_013847_01G000100",1.43566718018178,1.2917090210708,2.77829924806626,-0.0266829244889755,0.624090913982223
"TraesCAD_scaffold_093261_01G000200",1.43463969209018,1.29291134263095,4.06504882220264,0.379052596110101,-2.1310975138095
"TraesCAD_scaffold_050081_01G000200",1.43380678327188,0.790732723021591,2.93624345845152,0.0496587471131486,-0.302659853762679
"TraesCAD_scaffold_013461_01G000300",1.43371729144081,0.867132248207939,1.78996092776043,0.570504565342304,-0.0303244534254534
"TraesCAD_scaffold_111715_01G000100",1.43320003327707,0.930105891390937,2.54164480187874,-0.350703744071659,-0.329257804229081
"TraesCAD_scaffold_085290_01G000300",1.43299651126784,0.674811901266787,1.58000773848403,-0.235372872778817,0.897134643949245
"TraesCAD_scaffold_126192_01G000100",1.43235817116271,1.31580048764701,3.68086554385289,0.161111089906675,-0.538873233959545
"TraesCAD_scaffold_132561_01G000200",1.42976793965503,1.23876273039004,4.25138137014528,-0.564634518954399,-0.122902965584158
"TraesCAD_scaffold_044905_01G000100",1.42955881585067,1.34702000417564,4.4258713284128,0.577361185322746,-1.44533095543793
"TraesCAD_scaffold_015541_01G000100",1.42943963379356,1.036395048547,2.4068361955949,0.641862503189603,-1.21798501945176
"TraesCAD_scaffold_087313_01G000100",1.42826326162419,1.36420694721193,2.61760958355059,0.533538193145885,-1.01479743392322
"TraesCAD_scaffold_071534_01G000100",1.42786040728998,1.00867108881814,2.27761263769679,0.543998080742765,-0.390527488017029
"TraesCAD_scaffold_015711_01G000100",1.4265230875517,1.2631078023961,0.77147327548653,0.861960216358625,-0.372548386084229
"TraesCAD_scaffold_038000_01G000300",1.42642367445349,0.958199672439843,2.6412589328071,0.229171501513997,0.249468677066497
"TraesCAD_scaffold_086460_01G000200",1.42472888391308,0.824465112782165,2.26184991448639,0.68432006917052,-0.0474854105346355
"TraesCAD_scaffold_006815_01G000100",1.4246169684997,1.28127493760001,2.81118485665503,0.850724555876671,-0.272846997965705
"TraesCAD_scaffold_021781_01G000100",1.42416760010256,1.0711670449481,2.67854388042856,0.50200742902424,-1.4994933705132
"TraesCAD_scaffold_012079_01G000100",1.42409728687677,0.435143079892199,3.72391309948254,0.170894813134082,-1.76305212974819
"TraesCAD_scaffold_040952_01G000100",1.42390854253503,0.831677220883643,3.36200772995788,0.131127982709571,-2.33059974575199
"TraesCAD_scaffold_152968_01G000100",1.42351329928325,1.04740474269056,2.74103151679845,0.488691879032109,-1.30789829881183
"TraesCAD_scaffold_044065_01G000300",1.42275163084009,0.872141133948937,2.79883810741138,0.217370643778708,-0.901562358898989
"TraesCAD_scaffold_058984_01G000200",1.4214512847174,1.3229360006478,3.21507509920912,0.753165883619565,-1.3276587983613
"TraesCAD_scaffold_009028_01G000600",1.42016042911214,1.11823103188526,2.258516789475,0.40241257500211,-0.465482512716099
"TraesCAD_scaffold_122124_01G000200",1.41991395668596,0.618517793571281,1.95685293537751,-0.0125965512317329,0.489278268985349
"TraesCAD_scaffold_071928_01G000100",1.41978751893668,0.736768668433015,1.78946993954536,0.0902391786729357,-0.676835247508654
"TraesCAD_scaffold_013907_01G000100",1.41954860839677,1.36703812624986,3.82009532830504,0.668992698064363,-1.19812943213914
"TraesCAD_scaffold_040585_01G000100",1.41843763511675,0.669215953757642,0.735486915418427,0.500550386425272,0.936268627565875
"TraesCAD_scaffold_058618_01G000400",1.416708198591,1.36009184165738,3.2540081471692,0.341111004311709,-0.532721880406276
"TraesCAD_scaffold_082613_01G000300",1.41538680725247,0.921491924346199,3.33564042688927,0.00192095490046564,1.7207829411504
"TraesCAD_scaffold_084093_01G000100",1.41521893277683,1.12872160353746,3.15458851784403,0.0612192819318451,-0.507650195933378
"TraesCAD_scaffold_088779_01G000100",1.41417729918651,1.06713159854022,1.44500245009552,0.403196571055049,-1.87616465248466
"TraesCAD_scaffold_107638_01G000100",1.41326788247484,0.414044624787135,1.36530748952415,-0.338759867069882,-0.0527792733345769
"TraesCAD_scaffold_136830_01G000100",1.41193033395265,0.852458007729665,3.04267799371625,-0.618584007606317,-1.80775582134461
"TraesCAD_scaffold_086537_01G000200",1.41191444581644,1.02960320268192,1.74493716982495,0.286432410537431,0.599745902765999
"TraesCAD_scaffold_069074_01G000300",1.4118264327724,1.12961114464207,3.15755399337565,-0.122009788149914,-0.55305140632165
"TraesCAD_scaffold_063511_01G000200",1.40909432907335,1.2634037662159,3.03843253430806,0.0518262119294394,-1.502018365485
"TraesCAD_scaffold_130703_01G000200",1.40862943998088,1.10507567913467,3.82942938597637,0.45273255040051,-1.06394136877542
"TraesCAD_scaffold_011321_01G000300",1.40767439600175,0.946321001895468,2.58119970534586,-0.0276296308007016,-0.418623197290374
"TraesCAD_scaffold_040662_01G000300",1.40766769881039,0.916372878282593,1.90388292633319,0.338230523835852,-0.769574863899773
"TraesCAD_scaffold_000495_01G000600",1.40708829854383,1.06646974622193,2.39573307862896,0.386871600195285,0.0168687268908606
"TraesCAD_scaffold_016675_01G000100",1.40652129048356,0.858670170504211,2.43995938746045,-0.193854454628157,-1.04156581721973
"TraesCAD_scaffold_103663_01G000100",1.40559768773618,0.926998708382728,4.01665283126197,0.34455946386527,-0.460252930003918
"TraesCAD_scaffold_090496_01G000100",1.40493891868088,0.330619286011121,3.12478935953428,0.124688073354207,-0.238606006545599
"TraesCAD_scaffold_287769_01G000200",1.40492072400984,0.951752881706773,2.01817627560591,0.108773625338215,-0.662947698290009
"TraesCAD_scaffold_103698_01G000300",1.40403255522253,1.14860471277502,3.48004395191212,-0.0619665695399717,-1.45754595402463
"TraesCAD_scaffold_037800_01G000200",1.40400812666768,1.32178126383104,3.09289983485426,-0.1505709197663,-0.56591373651811
"TraesCAD_scaffold_056316_01G000200",1.40395235100267,1.26805496447954,3.85111569389384,-0.165498892283054,-0.0609552554505179
"TraesCAD_scaffold_066867_01G000200",1.40385813910097,0.450906110002231,2.07273529329996,0.695689041029551,-0.439346129981387
"TraesCAD_scaffold_103376_01G000100",1.40364230517265,0.73842796352067,2.7311993553873,0.16833631904869,-2.17113389074348
"TraesCAD_scaffold_076753_01G000200",1.40255214059586,0.281546989729377,1.16340771623619,0.183179600191831,0.728232431559198
"TraesCAD_scaffold_032221_01G000200",1.40183050233806,0.757755330771726,2.93901329538169,-0.0350016987704339,1.8621168849083
"TraesCAD_scaffold_098552_01G000200",1.39857445373446,1.13334397783626,3.44119253252024,0.537704258036798,-1.30899343169405
"TraesCAD_scaffold_016371_01G000400",1.39715476418507,1.32004634909183,2.55879397588426,-0.591516667801076,0.0775733774297578
"TraesCAD_scaffold_062419_01G000300",1.39709246213913,0.431176521766589,2.38998546863192,-0.101756705215589,-1.48809060529715
"TraesCAD_scaffold_013209_01G000300",1.39615598331025,1.19745793286388,2.64246546743133,0.0548760854982745,0.35220080391395
"TraesCAD_scaffold_053883_01G000100",1.39559872848047,1.03821922656896,3.59106966090469,-0.422802159399847,-1.34937807034284
"TraesCAD_scaffold_093538_01G000100",1.3955412177962,0.691420680397941,0.859631654121494,0.714426328120484,0.693655550756203
"TraesCAD_scaffold_126731_01G000100",1.39451206265064,0.633521221794759,1.54467835557535,-0.181017759429165,-0.961938825893171
"TraesCAD_scaffold_036378_01G000100",1.39415985639312,1.16437394312327,2.82141495596785,-0.194157877015864,0.325155337253821
"TraesCAD_scaffold_052946_01G000300",1.39297552877174,1.12056748311649,1.92788794343945,0.854317370581676,-1.08406635790083
"TraesCAD_scaffold_012736_01G000100",1.39176358360841,1.13894644014594,3.72807220352644,0.0838130090868955,-0.584081114079853
"TraesCAD_scaffold_119003_01G000200",1.39171629711239,0.274690436443488,0.153830959018358,0.614802011568251,0.579320411835575
"TraesCAD_scaffold_780247_01G000100",1.39063043853076,0.78573084400766,3.90395904843639,0.313491260303026,-0.463348892965295
"TraesCAD_scaffold_066057_01G000500",1.39040252769459,0.850115080116146,2.50659494101817,0.480467755381223,0.262515398430723
"TraesCAD_scaffold_061707_01G000200",1.38915390091105,0.167949449681389,2.3495640187159,0.110934748606602,-0.703312352350134
"TraesCAD_scaffold_050860_01G000400",1.38879357914585,0.584654391283246,2.42340012539819,-0.112911491195671,-0.326218736374147
"TraesCAD_scaffold_002246_01G000100",1.38863264743801,0.561821319639912,2.18949856619851,0.0875095250614941,-0.189057874600349
"TraesCAD_scaffold_068682_01G000300",1.38858024985107,0.984441708661786,2.54914054472603,0.245585893286186,-1.16405136625347
"TraesCAD_scaffold_069071_01G000200",1.38844664914922,0.181124633247797,1.11992537167995,0.3619375720925,0.928193667615444
"TraesCAD_scaffold_117255_01G000200",1.38828690701443,0.902563078954282,2.87302644457644,-0.199197256536018,0.127483207598095
"TraesCAD_scaffold_040853_01G000400",1.38771473917122,0.97473580467745,1.20261319325643,0.473421135972083,0.72863563046154
"TraesCAD_scaffold_052954_01G000300",1.38707183274295,0.735960758272185,3.57984402339094,0.547176416473522,-0.0553167809384628
"TraesCAD_scaffold_073228_01G000100",1.38705991221341,0.939936119429905,2.16910398015805,0.744063498795032,-0.734760013359178
"TraesCAD_scaffold_048398_01G000100",1.38704169661662,1.07895411258135,3.02696597372554,-0.296511567712377,-1.3015856110519
"TraesCAD_scaffold_064913_01G000200",1.38670071375169,0.758823049149844,2.20591623418822,0.254987958554673,-0.768352195341834
"TraesCAD_scaffold_094989_01G000200",1.38634485937111,0.941703720393948,2.78338014704676,-0.242025276763225,-0.0786671115818148
"TraesCAD_scaffold_007038_01G000100",1.38524652449899,1.3138363918795,4.45147550456082,0.668130450432137,-1.21335796135253
"TraesCAD_scaffold_025471_01G000100",1.38502427697826,1.13968852428621,2.0352935907897,0.490863651681081,-1.05794376350697
"TraesCAD_scaffold_081940_01G000200",1.38498000097113,0.839294377219317,1.76336855511326,0.224104436770794,-0.287669713085038
"TraesCAD_scaffold_071999_01G000400",1.38372829750228,0.96730744494636,3.80456288628671,0.185093137891159,-1.27723742146123
"TraesCAD_scaffold_104265_01G000100",1.38368643837072,0.933568414863516,2.16434340339825,-0.0443459456691232,-0.738534077681438
"TraesCAD_scaffold_015335_01G000200",1.38290628139506,1.10156020466903,2.65588311303406,-0.75606057839672,-0.602552518954624
"TraesCAD_scaffold_090375_01G000100",1.38240494795895,0.697028830960386,1.56532813292593,0.260214191692807,0.740013972308127
"TraesCAD_scaffold_104149_01G000100",1.38202646909516,1.19149138600594,3.7264977610284,0.295915309301813,-0.629166104958656
"TraesCAD_scaffold_012640_01G000100",1.38085525600026,1.27991052090948,3.17143440992692,0.00507038000296338,0.353636391835036
"TraesCAD_scaffold_118402_01G000100",1.38084787474385,0.575833643099716,1.02194304782337,0.0277540638882484,0.771189367141293
"TraesCAD_scaffold_019806_01G000100",1.37928753385068,0.851958251793697,2.27290654963924,-0.0143102190621853,-1.03181426285102
"TraesCAD_scaffold_114113_01G000100",1.37924667635798,1.30961892958588,3.62834007759571,0.172193654332484,-1.80046777085389
"TraesCAD_scaffold_043377_01G000100",1.37752666593868,0.994825718020418,2.16087953324881,0.39986008499952,0.386899409861587
"TraesCAD_scaffold_006412_01G000900",1.37710066472081,1.2706404281183,3.42766824895711,0.60655209317757,-1.12137644970745
"TraesCAD_scaffold_008032_01G000100",1.37700158869237,0.713434092192807,2.26453553883916,-0.088109730025248,0.219312638106082
"TraesCAD_scaffold_001070_01G001000",1.37582560152639,1.06038980520783,2.14984970299476,0.215086352770016,-0.433456375120806
"TraesCAD_scaffold_111743_01G000100",1.3757978915217,1.1198587628633,2.01349378278755,0.768861515042791,-1.49415187059512
"TraesCAD_scaffold_011930_01G000200",1.37511222369436,0.67891858971704,2.17466791773609,0.324745452431879,1.13239764454173
"TraesCAD_scaffold_023779_01G000200",1.37510571243267,1.15112626805034,2.77981082032459,0.0838552426453305,-0.2355608265797
"TraesCAD_scaffold_022355_01G000100",1.37483372361046,1.04231015642266,2.48941168165031,0.344320916644794,-0.233013894452645
"TraesCAD_scaffold_073893_01G000100",1.37367243111301,0.831048595901527,2.23500993609286,-0.014449683699552,0.292782919989458
"TraesCAD_scaffold_072978_01G000200",1.37319377042378,0.695896259056819,1.08324036553147,0.322391998353568,1.32476937203684
"TraesCAD_scaffold_063890_01G000100",1.37304239712749,1.22056931771328,3.02497648514119,0.559169174514022,-1.01059450311718
"TraesCAD_scaffold_064686_01G000300",1.3727435643652,1.20777781121005,2.68396569026419,-0.778758972169351,-1.61932885128345
"TraesCAD_scaffold_066394_01G000100",1.37256315965461,0.980552304127523,0.914828498349912,-0.273235218168243,2.03551554501731
"TraesCAD_scaffold_015500_01G000100",1.37213007361056,0.888200840954473,0.739934699567838,0.566709613885808,-1.06129258378842
"TraesCAD_scaffold_148471_01G000100",1.37208624444414,0.110220075421731,2.33109484683337,0.162973118625144,0.0230329065343047
"TraesCAD_scaffold_068732_01G000100",1.37203937278679,1.13711429548789,4.45947141519429,0.88905150898085,0.582229050760271
"TraesCAD_scaffold_018483_01G000300",1.37192923179021,0.454694507305133,1.70898539541759,0.323709294717637,-0.94593331321074
"TraesCAD_scaffold_033356_01G000100",1.37126581171451,1.1947701928269,2.79774579494923,0.303100971711008,-0.757467789665245
"TraesCAD_scaffold_075795_01G000100",1.37083399914442,1.22942543226702,3.36904312262907,0.235998801508051,-1.27708484084765
"TraesCAD_scaffold_030653_01G000300",1.37016606336485,1.12882266669743,3.15847336793623,-0.105068578685839,0.100757863115234
"TraesCAD_scaffold_087710_01G000100",1.36999962506099,0.945315637710677,0.905647438565881,0.929185965161642,0.175530116470069
"TraesCAD_scaffold_072110_01G000200",1.36796610484941,0.866525511766881,0.777400757857827,0.684427950636376,0.736819718869361
"TraesCAD_scaffold_095442_01G000100",1.36701193926075,0.279546702091479,2.56369203040239,-0.0118332808935232,1.01878709230009
"TraesCAD_scaffold_008999_01G000300",1.36684397409686,0.9762556993464,3.0372324331288,-0.131972088778038,-0.0577952896717784
"TraesCAD_scaffold_010667_01G000500",1.3661824427454,0.857353046491627,3.58306210959593,0.901205808197377,0.874421279706166
"TraesCAD_scaffold_032735_01G000100",1.3658515807996,1.29621704956074,3.78227822012086,0.781970084203068,-0.875929079208193
"TraesCAD_scaffold_004692_01G000200",1.36447462877457,1.32438867252103,3.62029432369591,-0.562335946409368,-1.23960395713398
"TraesCAD_scaffold_078117_01G000100",1.36442331055842,0.604254706332776,3.04318997914135,0.207126915752165,-1.84031357315051
"TraesCAD_scaffold_100511_01G000100",1.36388587765586,1.00356795086618,2.44258406222048,0.475435100017806,-1.2180351077951
"TraesCAD_scaffold_127070_01G000200",1.36344216658703,0.329065178247833,0.575540602883935,-0.0525405694868418,1.27862790625605
"TraesCAD_scaffold_029952_01G000100",1.36244968426559,0.364811748288958,1.5467114682395,0.216583351895854,0.0986393684360439
"TraesCAD_scaffold_087641_01G000200",1.36226519301727,1.14592589958488,2.92976470979552,-0.212870944356426,1.8950378072161
"TraesCAD_scaffold_078796_01G000200",1.36225816946818,0.398684787318293,0.0542091631534663,0.842922844323671,0.102308866153086
"TraesCAD_scaffold_021743_01G000200",1.36133151076476,1.18091994654568,2.99191312407305,0.169975418918397,-0.114748093403176
"TraesCAD_scaffold_041847_01G000100",1.36127757667869,0.724747295847914,2.38196213360326,-0.092695227813316,2.11762392832852
"TraesCAD_scaffold_098202_01G000200",1.36036461714032,0.680476933357192,1.51345735371777,0.135883341494112,0.96685971597202
"TraesCAD_scaffold_051697_01G000100",1.35932151584035,1.16610728910767,3.21439718102654,0.0141972783036173,1.37851445699711
"TraesCAD_scaffold_023372_01G000100",1.35865810364876,0.333784576500802,2.68643279656113,-0.0362371273685093,-0.0278680814826303
"TraesCAD_scaffold_066543_01G000200",1.35769907141826,0.986095086990076,0.86760371954762,0.493311254970646,-0.378103148265684
"TraesCAD_scaffold_060353_01G000300",1.3573394840771,0.850117962716722,2.59012373700365,-0.120316824872215,-1.20216229779319
"TraesCAD_scaffold_113811_01G000100",1.35682782342018,0.614150879773989,1.10168479218312,0.209230995956555,1.35852385637367
"TraesCAD_scaffold_070186_01G000300",1.35666897181214,1.18386041031219,2.99176744100483,0.830751841478781,-2.16854670215033
"TraesCAD_scaffold_007193_01G000300",1.35634736240297,1.2615382301351,3.01903975787756,0.129392684565604,0.163186905960104
"TraesCAD_scaffold_016609_01G000100",1.35622923839117,0.931270979233181,1.14900254074045,-0.0296498188653029,-0.994263282805087
"TraesCAD_scaffold_063852_01G000300",1.35621266865913,1.24200555588275,2.25609136715374,0.347169489088943,-1.87746065404223
"TraesCAD_scaffold_003466_01G000300",1.35539103103072,0.801565383703273,1.59097782287436,0.880789487479285,-0.20265903028215
"TraesCAD_scaffold_059086_01G000400",1.35389123936698,0.942086853887722,2.27901186180138,0.522237815911154,-1.06952595751015
"TraesCAD_scaffold_041694_01G000300",1.35379400244086,1.05027653241543,2.93288288726567,0.552797762921326,-1.55059204048177
"TraesCAD_scaffold_019767_01G000400",1.35305101048146,0.79094305494178,2.22532669053819,0.0157247317752853,0.853315348593168
"TraesCAD_scaffold_053965_01G000100",1.35245769685444,0.558065873594583,0.913545232789908,0.45865237218775,0.122447457383592
"TraesCAD_scaffold_099762_01G000100",1.35222455255016,1.01634318742544,3.1792283018903,-0.120194859596189,-0.477989497612913
"TraesCAD_scaffold_102742_01G000100",1.35149912371288,0.462609722553034,1.44887995779375,0.570647969276532,1.15339017728244
"TraesCAD_scaffold_000050_01G000700",1.35092045712297,0.458892164046403,0.260270220402405,0.837857985427506,0.310849304537449
"TraesCAD_scaffold_103857_01G000200",1.35050977063092,0.27161406395304,3.49357001854462,0.0532617699769884,-0.944542566600055
"TraesCAD_scaffold_002558_01G001400",1.34958234172707,1.21184447662754,2.69397168970078,0.175430291225256,-1.2471393468536
"TraesCAD_scaffold_016066_01G000100",1.3491675399119,0.549235412134709,1.30707849720571,0.183022355785452,1.15325746245311
"TraesCAD_scaffold_011996_01G000100",1.34894985961582,0.884605134713724,2.3055880732635,0.302421687027084,0.864541161807949
"TraesCAD_scaffold_062022_01G000400",1.34865662716818,0.90353226069812,2.22358830769932,0.302227395907117,-1.19777820121796
"TraesCAD_scaffold_022789_01G000300",1.34809599162169,0.257564140583407,2.25088085713123,-0.00718079411002033,0.49422291605073
"TraesCAD_scaffold_123626_01G000200",1.34759132685406,1.19041100428958,2.65002232828878,0.0981374628396649,-1.00943108661067
"TraesCAD_scaffold_016827_01G000100",1.34749675457158,0.267077532302573,0.58426720386245,0.565566056970111,-0.284839966125551
"TraesCAD_scaffold_068826_01G000200",1.34667668507876,0.450757980698114,2.09200488787997,-0.141862499976771,-1.54961397755394
"TraesCAD_scaffold_091741_01G000100",1.34589874426114,0.712075493181508,4.73902077099211,0.459783448813131,-0.499917925624633
"TraesCAD_scaffold_031794_01G000100",1.34506120184377,1.02951256191657,2.76500048784518,0.703815527911912,-0.718031073747464
"TraesCAD_scaffold_134020_01G000100",1.34309842677016,1.06093327996013,3.35712307297557,0.251524741659724,-0.258963236355953
"TraesCAD_scaffold_024917_01G000200",1.34263184595851,1.25838706728451,3.64372799787434,-0.472699281319851,0.360912398594975
"TraesCAD_scaffold_085820_01G000300",1.34228335335056,0.608619735076898,1.8252046804916,0.253256349985803,0.358280075642894
"TraesCAD_scaffold_054183_01G000200",1.34188873835158,0.60273497634718,2.47516051090209,0.371628686621187,-0.0251134498726352
"TraesCAD_scaffold_041799_01G000200",1.34187210562279,1.01834972853819,2.5817322092274,0.746816378549078,-0.585137252865122
"TraesCAD_scaffold_020674_01G000300",1.34183211836573,0.168395369077786,0.572967228057417,0.772465866900054,0.000651208466444096
"TraesCAD_scaffold_051411_01G000100",1.34161885623233,0.884687789126952,2.55337504596374,0.139350567365995,-0.0702709601573346
"TraesCAD_scaffold_025846_01G000100",1.34091031721566,1.21185599356811,3.13429474967923,0.852376423478271,-0.727420593348664
"TraesCAD_scaffold_053810_01G000300",1.34057573541276,0.800952464498174,0.323281523828085,-0.156381809497777,0.525981989272241
"TraesCAD_scaffold_091726_01G000100",1.33972613754063,0.479215171079135,0.865938924169796,0.217375308722003,0.00777860420288794
"TraesCAD_scaffold_061219_01G000300",1.33964003988885,0.761842080454794,3.04317660588677,0.430548845958737,-1.59915184945361
"TraesCAD_scaffold_022190_01G000400",1.33914842581572,0.967269996993343,1.65953181094849,0.833764364943818,-0.526183875963415
"TraesCAD_scaffold_054661_01G000100",1.3380203737103,1.1693051716949,3.90132015585354,-0.259689372773821,-0.646985763845213
"TraesCAD_scaffold_014549_01G000400",1.33726348457455,0.8726381615242,2.92434184349498,-0.0817572669609568,-1.46147098261594
"TraesCAD_scaffold_001246_01G000100",1.33703659599732,1.07440535903307,1.86510208580216,0.351191091568148,-0.0606722034541403
"TraesCAD_scaffold_037441_01G000200",1.33490149042276,0.672082024407933,1.55102993870256,0.684429737112754,0.0163879082758831
"TraesCAD_scaffold_019687_01G000100",1.33447013853688,1.11770773224466,3.69231627172333,-0.320742555120693,-1.61123041503148
"TraesCAD_scaffold_096465_01G000100",1.33407606768245,0.759466190391625,2.09040393103844,0.381294820438968,-0.552137397803031
"TraesCAD_scaffold_043427_01G000100",1.33359793597239,0.987235266337271,2.07710290461663,-0.262456395414002,1.11115940282169
"TraesCAD_scaffold_030008_01G000300",1.33353815629079,1.07264393026862,2.5712639059332,0.112803658103499,-0.103878743977835
"TraesCAD_scaffold_041713_01G000400",1.33336514766901,0.919471855591151,3.33502348051381,0.388826341224705,-0.445935256983833
"TraesCAD_scaffold_094864_01G000200",1.33268792705777,1.30790503953477,4.50308779453761,0.372159360165515,-1.18819914497469
"TraesCAD_scaffold_096101_01G000100",1.33208072681602,0.999375266554222,1.81201218703929,0.0950348049454695,-1.74347773245237
"TraesCAD_scaffold_067331_01G000100",1.33148385337982,1.07659676549996,2.08592481530729,0.467972053970888,-0.956272607622841
"TraesCAD_scaffold_024143_01G000200",1.32817402233905,1.18247794346186,3.25553871015449,0.140376782615874,-0.86341593262033
"TraesCAD_scaffold_039817_01G000300",1.32679998223244,0.904949364838728,2.27941084793971,0.145895906815961,0.158060223807587
"TraesCAD_scaffold_082260_01G000300",1.32535085543228,1.29694501188821,3.74867900621699,-0.150134506592192,-1.02640861902925
"TraesCAD_scaffold_097881_01G000100",1.32515055977602,0.832120222272214,2.67110980775722,0.432623534180751,-0.522253555867146
"TraesCAD_scaffold_050185_01G000100",1.32344798784182,1.09929346644812,2.84419827991464,0.0388928269857615,-1.85786140393012
"TraesCAD_scaffold_104031_01G000100",1.32250292661958,0.932022670986714,3.15143809988316,0.0409347168690002,1.52275480740503
"TraesCAD_scaffold_063894_01G000100",1.32200120194778,0.676187240394246,1.45070877271683,0.389654376871241,1.17805303401284
"TraesCAD_scaffold_091641_01G000100",1.3208484586949,1.13816480610513,2.67581678997,0.809899459097452,-0.743526308164376
"TraesCAD_scaffold_022058_01G000100",1.32066576665215,1.05791801009703,2.0792811198451,0.343424491233941,0.309472133978414
"TraesCAD_scaffold_023857_01G000600",1.32035326866059,1.03462701283229,1.46535518413388,0.809122994151168,-1.83440492278698
"TraesCAD_scaffold_093129_01G000100",1.32020726908529,1.23224214587002,2.05999960328329,0.527525375489986,0.714321759755586
"TraesCAD_scaffold_105987_01G000200",1.32000032555049,0.582916843347745,2.19481012665484,-0.0696116096122225,-0.551590171717943
"TraesCAD_scaffold_003668_01G000100",1.31709022705055,0.784662243945947,0.305331878151539,0.916454697523513,0.392500895176924
"TraesCAD_scaffold_064935_01G000500",1.3164989769945,0.468001025017308,0.879508589837732,0.451377838367587,1.33674566952991
"TraesCAD_scaffold_066098_01G000100",1.31608277850675,0.42406236335474,0.877984090667317,0.550761015012956,0.487608191701554
"TraesCAD_scaffold_093081_01G000200",1.31497796966296,1.15133362651554,2.84461423200366,0.34264360440718,-0.903637979209113
"TraesCAD_scaffold_004350_01G000200",1.3149089820261,0.919998876273684,2.25631128561259,0.232450053991113,0.10589413299298
"TraesCAD_scaffold_044142_01G000100",1.31476402677152,1.04932865253571,2.59350153454641,0.377432959705105,-0.850359127799684
"TraesCAD_scaffold_041607_01G000100",1.31468635621749,0.922374449698243,3.12058903109477,0.0513526592147193,0.872943195784816
"TraesCAD_scaffold_005347_01G000300",1.31408207032083,0.977041270327881,3.25344648489151,-0.137078372711609,-0.5384477956739
"TraesCAD_scaffold_036284_01G000200",1.31405194325442,0.942322681274062,2.75450539123154,0.0880562683877102,-0.0676953654831235
"TraesCAD_scaffold_076299_01G000100",1.3135071999764,1.25070824547498,3.68382238405309,0.151083169995555,-1.89018406308755
"TraesCAD_scaffold_066403_01G000300",1.31318694199233,1.22793062706609,2.589519081235,-0.695481578473703,-0.195679475413197
"TraesCAD_scaffold_008889_01G000200",1.31227338150785,0.3854461757343,3.4019939233755,0.598129492898201,0.270441902216233
"TraesCAD_scaffold_048607_01G000200",1.31141605758482,1.19315723637531,2.35229800485109,0.546118775657722,-1.96953347609336
"TraesCAD_scaffold_033989_01G000100",1.3110447873825,0.464863499769618,1.19503749821897,-0.0757509757519522,-1.00327461906692
"TraesCAD_scaffold_037676_01G000500",1.31090182132118,0.857782168789774,0.688817911458528,0.56019429629537,0.490286297991267
"TraesCAD_scaffold_043163_01G000100",1.31024142776788,1.20190100069314,2.30038598637827,0.650730558008479,-2.19948292664535
"TraesCAD_scaffold_018289_01G000100",1.30948277220563,0.605749474673771,1.34637986862633,0.413083379502429,2.25561634137949
"TraesCAD_scaffold_044461_01G000300",1.3087094258707,1.12440671549181,4.20345354829024,0.0186383183563144,-0.487787156017724
"TraesCAD_scaffold_032483_01G000100",1.30739055742818,1.06241331993554,2.7377646310521,0.348652586937122,-0.703464881167033
"TraesCAD_scaffold_102375_01G000100",1.30689142294317,1.19035312103862,2.60891777185673,0.761254612070821,-0.636098619411406
"TraesCAD_scaffold_003956_01G000800",1.30583156956517,1.26638219322311,2.96708223785827,-0.077770178035341,0.309498979215662
"TraesCAD_scaffold_014291_01G000100",1.30565864907654,1.1762432139915,2.7611553651316,0.893963755220306,-0.815764025613437
"TraesCAD_scaffold_044779_01G000100",1.30518747551125,0.70912862262274,2.65194729404879,0.666544588874363,1.2431992430498
"TraesCAD_scaffold_087347_01G000100",1.30502624356057,1.00922976961385,2.92035292251503,-0.333952718175759,1.1322830130384
"TraesCAD_scaffold_051937_01G000200",1.30502091295521,0.984711675351121,1.36640268943368,0.803789351251492,-0.0829757208353348
"TraesCAD_scaffold_028514_01G000200",1.30436965170246,0.337865871181137,1.51133446011198,0.225554781371489,1.28463415868688
"TraesCAD_scaffold_099207_01G000100",1.30350876759415,0.919034924495247,1.56830045446685,0.447815032400543,-0.31883192326871
"TraesCAD_scaffold_050254_01G000100",1.30311813532746,1.2037821580126,3.58823169768389,-0.199445505298115,-0.341422804767702
"TraesCAD_scaffold_029017_01G000100",1.30217598821279,1.15642593714933,3.02075102423296,0.160998485471292,-1.66388454556081
"TraesCAD_scaffold_107118_01G000100",1.30217433517365,1.04376001244912,1.63834696040395,0.468754986797259,-0.727513007945796
"TraesCAD_scaffold_189224_01G000100",1.30211669346886,1.17049353962525,2.33791897714314,0.633400703754209,-1.11589524635741
"TraesCAD_scaffold_003530_01G000400",1.30115797773987,0.609330692234467,1.41722919522057,0.536546582885159,1.19648200111374
"TraesCAD_scaffold_086754_01G000100",1.30086835154538,0.825175458360161,3.23708401117293,0.342766721179408,-0.326956165526929
"TraesCAD_scaffold_067744_01G000400",1.30023489798412,0.951760507254293,2.26740733833633,0.481538762319014,-0.28333610954359
"TraesCAD_scaffold_042267_01G000100",1.2992617348708,1.12629070320856,2.37751962130895,0.0949170575000569,0.087812620966517
"TraesCAD_scaffold_039443_01G000100",1.29925983028116,1.11007845387329,3.06823924079987,0.422112670368811,-2.25065575480193
"TraesCAD_scaffold_118335_01G000100",1.29859576865731,0.960402926351309,1.80373405144003,0.414738879511638,-0.297220297753313
"TraesCAD_scaffold_025513_01G000300",1.29781244136538,1.18184625760156,2.59053004811536,-0.0415174329080983,-0.652872562876802
"TraesCAD_scaffold_022522_01G000600",1.29729098316088,0.511352246228488,0.791980292789822,-0.314746976543266,-0.564905227011706
"TraesCAD_scaffold_038070_01G000100",1.29727382347406,0.615026074175751,2.28125745838779,-0.0785290433219,-0.49606645736897
"TraesCAD_scaffold_080796_01G000100",1.29696145179069,1.15780692534083,2.49732318784986,0.290748221140709,-0.472138753717455
"TraesCAD_scaffold_082553_01G000200",1.29682891228701,0.599126915465514,2.16353951581201,0.525685872645189,-0.744438652611103
"TraesCAD_scaffold_109386_01G000200",1.29675446650731,0.887268992613955,1.56600979526299,-0.282963975792924,1.19643353482774
"TraesCAD_scaffold_137591_01G000100",1.29660853887049,1.20867888522562,3.59471291276945,0.0285898994799497,-1.49683696771221
"TraesCAD_scaffold_053368_01G000100",1.29512818520998,1.10788992464856,2.24241413983795,0.400990858738681,-0.508051639850054
"TraesCAD_scaffold_000984_01G000100",1.294502125524,0.899103396538227,3.11254685920235,-0.204173910252934,0.925915028739769
"TraesCAD_scaffold_041145_01G000300",1.29406750957998,0.86981400245267,1.82796202538518,0.565826606661164,0.00809923595985223
"TraesCAD_scaffold_074237_01G000100",1.2935668840199,0.614248535764291,2.06041391083812,0.258042701670051,0.421202474441151
"TraesCAD_scaffold_052906_01G000600",1.29287503299505,0.908406156104126,4.00714510117422,0.142202130122836,0.542881362393914
"TraesCAD_scaffold_027569_01G000100",1.29248712218042,0.903607820199345,1.57437225314827,0.368349974968966,-1.03401972951511
"TraesCAD_scaffold_004301_01G000200",1.29162903092841,0.837038302428148,1.76918206344801,0.533380191049833,1.14993683258232
"TraesCAD_scaffold_086212_01G000100",1.29148929435086,1.09771675378946,2.84820794196594,0.134086966095743,-1.28741034082665
"TraesCAD_scaffold_002361_01G000200",1.29086704899921,0.0481335132021167,0.692381137476655,0.753968040347943,-0.1720305960716
"TraesCAD_scaffold_006018_01G000200",1.28986927888432,0.205703993662931,2.7997453211589,0.294368398570975,-0.243148834382227
"TraesCAD_scaffold_011854_01G000400",1.28962932151165,1.26706215961519,3.5379575255098,-0.475541301219519,-0.07189461923946
"TraesCAD_scaffold_100614_01G000300",1.28774395861685,0.425925374911073,1.53407845984423,0.320461634881135,0.639088984453184
"TraesCAD_scaffold_094462_01G000100",1.2869540717351,1.22891397328367,3.28713104290582,0.354059504478201,-1.24558829499439
"TraesCAD_scaffold_079522_01G000100",1.28550533470988,0.611256750104292,1.42013629708249,0.492697046626705,0.614752215908573
"TraesCAD_scaffold_021461_01G000100",1.28544218360204,1.16622123965319,3.17881913000204,0.639656457304674,-1.09957654713799
"TraesCAD_scaffold_040565_01G000200",1.28407382456734,1.02159065326145,3.12390250320414,0.626784529672189,-0.814424332670015
"TraesCAD_scaffold_029949_01G000300",1.28306447602299,1.18540124561677,2.95794918064927,0.31767659276065,-1.16395160726321
"TraesCAD_scaffold_048167_01G000500",1.28252471313768,0.570404346532117,1.10000279176542,0.326457394095958,-0.178467621383574
"TraesCAD_scaffold_109141_01G000100",1.28240469464966,0.58214278543226,1.05698850834389,-0.0913676741058969,0.162019390004392
"TraesCAD_scaffold_011834_01G000100",1.27984339103705,0.158613516111568,0.563990776394694,0.30158770973334,0.614531490500899
"TraesCAD_scaffold_013132_01G000100",1.27975860352959,0.60776353970063,3.22903201172772,0.274662390751668,0.159116926916276
"TraesCAD_scaffold_079196_01G000300",1.27938593463109,0.848608960969373,1.58635025162476,0.5047991953309,-0.18648268844155
"TraesCAD_scaffold_066745_01G000200",1.27908704055312,1.10075653212196,2.40319719958153,0.576177132563553,-0.824781986302031
"TraesCAD_scaffold_154653_01G000200",1.27845287539123,0.746395153572887,2.34025151850822,0.409916491248887,0.0157977073347097
"TraesCAD_scaffold_005666_01G000100",1.27808772635818,0.530508010372958,1.52306943962067,0.527764355166345,0.804513210742468
"TraesCAD_scaffold_077608_01G000100",1.27587306636292,0.938967464166144,2.71395577104978,-0.059769942441011,-1.05902363567327
"TraesCAD_scaffold_003677_01G000200",1.27554794281443,1.04554530581525,2.88448866361293,-0.0640664247038602,-1.67162414537873
"TraesCAD_scaffold_027507_01G000400",1.27474010365188,0.985100074783928,3.49074654787441,0.229722390554499,-0.39770160212527
"TraesCAD_scaffold_006356_01G000100",1.27428061426885,0.499027071397813,2.65683237928061,0.225563530815135,0.50661798054696
"TraesCAD_scaffold_047713_01G000100",1.27280809310881,1.1327148155537,2.68023486705335,0.330156583281174,-0.344311624326986
"TraesCAD_scaffold_016245_01G000100",1.27185097781021,1.10304375230512,1.2756707410139,0.906722634707176,-0.523609235729748
"TraesCAD_scaffold_105744_01G000100",1.27103502101232,0.729166468105807,2.70139349273062,0.449631085468851,-0.959939722352612
"TraesCAD_scaffold_058836_01G000100",1.26973410717088,1.06948484690401,2.50550590512076,0.248514284316901,-1.03323408624605
"TraesCAD_scaffold_065389_01G000200",1.26951947143492,1.14014075083781,2.52865133191564,0.830228747522168,-0.935414783943555
"TraesCAD_scaffold_098764_01G000100",1.26851847908602,0.61881174516232,0.894887297769751,0.0149551352799595,-0.771556602296574
"TraesCAD_scaffold_037275_01G000100",1.26831181864159,0.745653929237399,3.15077715024729,-0.262954462309739,-0.702730450861409
"TraesCAD_scaffold_075005_01G000200",1.26730885863042,0.766077207574128,2.26635143092011,-0.187606170750015,-0.219179379797518
"TraesCAD_scaffold_043759_01G000200",1.26664561499119,0.908504523759898,1.54316442136822,-0.0100792720645153,1.00598478027948
"TraesCAD_scaffold_013453_01G000100",1.26557553802413,0.861159158788607,1.85158511007113,0.165006671707555,-0.329991074720928
"TraesCAD_scaffold_005570_01G000300",1.26417876370493,0.903273125781053,3.44852712290369,0.621040973360119,-1.71396575591903
"TraesCAD_scaffold_002802_01G000200",1.26373882609618,1.04734842656197,3.1187590027449,0.450694968609788,-1.18535395039147
"TraesCAD_scaffold_066579_01G000100",1.26338184707623,1.09191226125856,3.80827810480912,-0.174609320883943,-1.5794568597901
"TraesCAD_scaffold_054225_01G000300",1.25879985324494,0.712808769149659,1.26993603121436,0.62784400310476,0.207674194050557
"TraesCAD_scaffold_083169_01G000200",1.25817053157255,0.494091632346527,1.2479060533715,0.726792767539865,-0.0552759705744225
"TraesCAD_scaffold_054645_01G000200",1.25797656331869,0.728420879971516,1.84995806805277,0.191673994195506,1.84444748164836
"TraesCAD_scaffold_059308_01G000500",1.25741713570519,1.05111640410538,3.08457393644804,-0.544993495116198,0.40422498546455
"TraesCAD_scaffold_023080_01G000400",1.25696984131772,0.739219201441664,1.41112037978279,0.273820899461392,1.37726934950591
"TraesCAD_scaffold_042782_01G000500",1.25687491027581,0.456142135539548,1.69459434170253,0.496696364389619,0.918001805034826
"TraesCAD_scaffold_086116_01G000300",1.2566281454184,1.02293005982009,2.67121894780599,0.118729795894145,-1.52031878631501
"TraesCAD_scaffold_063405_01G000500",1.25653868897068,0.903926271187665,3.01743629844008,-0.173949561267643,-0.551605395477889
"TraesCAD_scaffold_027876_01G000100",1.25506081206466,0.280520316092279,0.723479923974113,0.7619368027407,0.133406321028827
"TraesCAD_scaffold_015761_01G000200",1.25492795566215,0.80867164948102,1.99530668269031,0.391113438524478,-0.437378471915144
"TraesCAD_scaffold_056004_01G000100",1.25482532587383,0.941370452199646,2.76950520584797,-0.658923801102874,0.160374263371134
"TraesCAD_scaffold_031702_01G000200",1.25482093519713,0.874850005152663,1.90521178395622,0.489377735106271,-0.561547250125206
"TraesCAD_scaffold_002042_01G000300",1.25438631335813,0.810360562705835,2.75184958600601,0.707874306243225,1.39019475512519
"TraesCAD_scaffold_072688_01G000200",1.25416964578968,0.560490534275973,1.58320083396603,0.892975952216293,0.816202323015938
"TraesCAD_scaffold_094913_01G000200",1.25269544694735,0.558794608965493,2.70023518617591,-0.612027593520184,0.24209827490433
"TraesCAD_scaffold_022476_01G000300",1.25188014646858,0.976101081460614,2.78365371025762,0.623960706912695,-0.463464127531579
"TraesCAD_scaffold_086368_01G000200",1.25137695713657,1.10617025646783,2.55814294750404,0.525210695859088,0.0599635027818365
"TraesCAD_scaffold_032192_01G000500",1.24850609481334,0.696965817007799,1.65048276103246,-0.526542227870712,0.168022395972861
"TraesCAD_scaffold_091177_01G000200",1.2465137017926,1.00976911783454,2.39648313191507,0.0157806422706022,0.964201990155995
"TraesCAD_scaffold_017260_01G000400",1.24593283784744,0.88545528744217,1.69494755466026,-0.120847074077168,0.227493505857123
"TraesCAD_scaffold_039178_01G000300",1.24475576256486,0.51961904472036,2.66718867736072,0.410389954933379,-1.43556582855491
"TraesCAD_scaffold_065016_01G000200",1.24367408680061,0.62517870669198,1.21768317229329,0.221089695095721,0.757192061449141
"TraesCAD_scaffold_043591_01G000300",1.24350616446812,0.108739892420659,0.620553079818071,0.39004471625145,1.05502228675525
"TraesCAD_scaffold_070793_01G000100",1.24285260645068,0.458078338718779,2.20278023375655,0.547775353768847,1.17775351301183
"TraesCAD_scaffold_095022_01G000100",1.24151934403986,0.802666847523093,1.97268566075645,0.821806656337761,-1.46644870927581
"TraesCAD_scaffold_048835_01G000200",1.24096209322415,0.43952171646165,1.01992986576313,0.584130893742588,1.766234877256
"TraesCAD_scaffold_092884_01G000100",1.24087761212104,0.621375290208855,2.091658026863,0.292313183363713,-0.509483277584091
"TraesCAD_scaffold_044802_01G000100",1.24058032014852,0.941846858656569,2.75187066877514,-0.545706997876837,-0.696998643929607
"TraesCAD_scaffold_040992_01G000200",1.24031605714418,1.0906632282162,2.92699137968154,0.129430538657343,-0.791592555536509
"TraesCAD_scaffold_023837_01G000100",1.23994395219756,1.19386114033672,1.83437860589049,0.857854621932309,-0.615478434997915
"TraesCAD_scaffold_077960_01G000100",1.23821616023176,0.617617712738319,1.057084141089,0.488993833348646,1.29518342199899
"TraesCAD_scaffold_022541_01G000200",1.2364003886525,0.701786022303149,2.23021255886509,0.239223438985901,-0.327679136234194
"TraesCAD_scaffold_077956_01G000100",1.23589607462676,1.15578642860292,3.1697592604395,0.721266385731488,-1.45499040007445
"TraesCAD_scaffold_089002_01G000200",1.23541854489405,0.653734192941598,1.99807659420303,0.733088722768988,-0.252419473171048
"TraesCAD_scaffold_007803_01G000100",1.23454036976197,0.382334943749179,3.04482198585917,0.0160611276618225,-1.30480233458595
"TraesCAD_scaffold_037543_01G000100",1.23451872024727,1.12724176899641,2.69914272175108,0.499227964054488,-1.22767860767288
"TraesCAD_scaffold_033276_01G000300",1.23400261899137,0.496368767927807,1.78262672744172,0.71069165196127,0.438834456920566
"TraesCAD_scaffold_077990_01G000100",1.23284594306477,0.787111897222051,2.38004032311518,0.0765488328286343,-0.658974717588697
"TraesCAD_scaffold_003024_01G000100",1.23252177452797,1.18720588751798,3.50401215849359,-0.604226459537682,-0.895722257594874
"TraesCAD_scaffold_049130_01G000200",1.23203298180219,0.889178047334604,1.57387097430152,0.659821665951284,1.0280919169584
"TraesCAD_scaffold_109492_01G000200",1.23165501770049,0.318669524620456,0.882849879353232,0.688820183887888,0.830397506728075
"TraesCAD_scaffold_042154_01G000200",1.2308958339242,0.995080899885174,2.93623258634775,-0.0603214107661019,-1.4033931754363
"TraesCAD_scaffold_027065_01G000100",1.22993768506916,1.06694929512337,3.04593072844312,0.346685531813093,-1.47393582674676
"TraesCAD_scaffold_019550_01G000200",1.22941781264699,0.741827435858779,1.69310142068962,0.842385156532299,1.30882183678514
"TraesCAD_scaffold_128146_01G000100",1.22935318289077,1.14648838420657,3.50061685759407,-0.0727872617910113,-0.929573839179837
"TraesCAD_scaffold_125133_01G000100",1.22908584508097,0.869032715817416,1.422383489367,0.768630634752196,-0.631867382505253
"TraesCAD_scaffold_073647_01G000100",1.22889673180123,0.782023266199275,1.6085241229909,0.577170701153692,0.24941068903004
"TraesCAD_scaffold_001580_01G000100",1.22761152889368,0.768514013668098,1.74911288320882,-0.0143052895868142,-1.19847583842993
"TraesCAD_scaffold_004914_01G000200",1.22638814539523,0.715837042228869,2.48210548328339,-0.299627035613944,-0.640498095226703
"TraesCAD_scaffold_036919_01G000300",1.2257855044119,0.974890536285577,2.23145457796394,0.0830442524296768,-1.11005585238224
"TraesCAD_scaffold_076533_01G000200",1.22362688064756,0.907777655918802,2.61738260480745,-0.0554755846905699,-0.0310218203141949
"TraesCAD_scaffold_013639_01G000100",1.22327667446365,1.09263947600684,3.04519825608082,0.262558836786761,-1.34905008121697
"TraesCAD_scaffold_034513_01G000100",1.22271910468125,0.55342891528537,3.19599134435677,0.546726691308671,-1.66351728859579
"TraesCAD_scaffold_053840_01G000200",1.22217664925154,0.291959595925255,1.08332523238467,0.133397959959249,-0.589408350478068
"TraesCAD_scaffold_035959_01G000100",1.22153000302738,1.16676475633582,3.6858747180564,-0.379316130741539,-0.830324694468764
"TraesCAD_scaffold_079338_01G000100",1.22073653406076,1.06439785439781,2.62075622862165,0.526029340443071,-0.642837351685071
"TraesCAD_scaffold_007328_01G000200",1.22040851083444,0.654554451351574,2.1853473659344,0.276865799098254,-0.388327563130782
"TraesCAD_scaffold_069361_01G000300",1.22027023115884,0.598978036419666,1.8549364168312,0.749672653833571,-0.597388795387299
"TraesCAD_scaffold_088448_01G000300",1.21879860885673,0.934539993767257,3.44249786049904,0.447993186311983,1.55833401824139
"TraesCAD_scaffold_023242_01G000700",1.21812343309046,1.10696221872125,1.68992832611544,0.0534475911803512,-0.0774706224630824
"TraesCAD_scaffold_057177_01G000100",1.21804314325919,1.11958287663569,3.82187288617101,-0.115786779565415,0.270884806757773
"TraesCAD_scaffold_033826_01G000500",1.21788877942631,0.375917024075815,3.24415260583607,0.206414272824022,-0.167173550122126
"TraesCAD_scaffold_008884_01G000200",1.21766094810274,0.977746741871048,2.9361465664428,-0.0433480818993946,-0.714065123321934
"TraesCAD_scaffold_054938_01G000200",1.21741337495606,0.585119080167085,2.15885588685439,0.381358707502674,0.0436810077967576
"TraesCAD_scaffold_013248_01G000100",1.21688178068286,1.08909814591628,1.32500767928731,0.864245242294601,-0.947097479564813
"TraesCAD_scaffold_020754_01G000300",1.21646633685728,0.529144731577093,3.50332954928123,0.418975835869339,-0.655839456560316
"TraesCAD_scaffold_018814_01G000800",1.21635000666484,1.10491744016133,2.65958755341719,0.411258521373819,-0.741250600676131
"TraesCAD_scaffold_016228_01G000200",1.21614040206674,0.477623665685215,1.91514440871676,-0.163375156778056,0.83599109144159
"TraesCAD_scaffold_098836_01G000300",1.21577564200427,1.08094879991576,2.80006581693198,0.167229529688142,-0.857705918461091
"TraesCAD_scaffold_014545_01G000300",1.21478091825726,0.806575744652144,1.91660816929247,0.343170567740339,0.265982167816813
"TraesCAD_scaffold_022870_01G000100",1.21459150604913,0.894085054931979,4.01286256261911,0.517528812775508,-0.320410732868717
"TraesCAD_scaffold_118765_01G000100",1.21457720041242,0.885292065257408,0.67441248210864,-0.0710262086435039,0.163780798938182
"TraesCAD_scaffold_059011_01G000300",1.21414385627357,1.14326363184895,3.12661128948778,0.325008875408985,0.0455358396506165
"TraesCAD_scaffold_023115_01G000500",1.21371213626704,1.1435118459061,3.503641058772,0.387019480587247,-0.471098066009636
"TraesCAD_scaffold_074677_01G000100",1.21354512658598,0.844268239435032,2.56518684750762,0.312814495745155,-0.726460517294744
"TraesCAD_scaffold_035851_01G000700",1.21309359112426,0.213816443766057,0.916675441534379,0.813934289769037,-0.122293386119306
"TraesCAD_scaffold_093946_01G000100",1.2129133292878,1.11613041208731,4.42374231395414,0.1777924191426,-0.41501654983918
"TraesCAD_scaffold_055794_01G000100",1.21288015669186,0.656491379747353,0.175140557527755,0.267043714465485,0.702157394542996
"TraesCAD_scaffold_061644_01G000200",1.21280015131546,0.643289475700205,1.74516371804644,0.668337771364209,-0.0844987736587041
"TraesCAD_scaffold_017026_01G000200",1.21266423485566,0.752073086602927,1.31742732244999,0.525621722003432,0.0335913659973177
"TraesCAD_scaffold_055447_01G000300",1.21204435693184,0.279574947122301,1.11014607582688,0.264573797408552,0.45408641404764
"TraesCAD_scaffold_085940_01G000200",1.21160926997122,0.187620140151981,0.41002286887016,0.305433076483173,1.14675015897208
"TraesCAD_scaffold_149926_01G000100",1.2116019757392,0.596157059233766,1.42571607644915,0.180528509091342,-0.0687566256662347
"TraesCAD_scaffold_019393_01G000100",1.21114900108783,0.87476078273796,0.702051721142904,0.847099742981817,-0.311669177032705
"TraesCAD_scaffold_026490_01G000100",1.21088735369674,0.574198319384491,1.88621892043405,0.61982410590802,0.396833765516
"TraesCAD_scaffold_037140_01G000200",1.20999405701349,1.12970778533844,2.54508471271946,-0.592808791504657,0.075302732489209
"TraesCAD_scaffold_049521_01G000100",1.2097351137737,0.870459968222553,2.9554131375468,0.169387712174467,-0.548233825805469
"TraesCAD_scaffold_056498_01G000100",1.2068208523234,0.975854343769884,3.67285613392301,-0.32167957098482,0.237257495695791
"TraesCAD_scaffold_023115_01G000800",1.20392663121225,0.823239846545398,1.86742903833827,0.434814297627356,-1.04626182475069
"TraesCAD_scaffold_089600_01G000200",1.20374595899861,1.01716866770016,3.54985211069849,-0.0735155350486919,0.176463562753098
"TraesCAD_scaffold_009573_01G000400",1.20373936673888,0.769969255672594,3.82935090386007,-0.170148998865396,-0.588384276031832
"TraesCAD_scaffold_033362_01G000300",1.20348482571427,0.210244373543302,1.24761917105172,-0.131219694471849,1.91893524315555
"TraesCAD_scaffold_031505_01G000500",1.20312258105543,0.478686700467186,1.25095886905788,0.72018573763062,0.200638831029515
"TraesCAD_scaffold_050042_01G000100",1.20291846470466,0.847641220950972,2.75049402297063,0.430299636773516,-0.729587804129229
"TraesCAD_scaffold_100239_01G000200",1.20268507378355,0.754460920017528,2.15024630534584,-0.454313940851205,-0.862052760952715
"TraesCAD_scaffold_086804_01G000200",1.20267635893548,0.901849612382817,3.18650566673976,0.0237500406372937,0.191577217221064
"TraesCAD_scaffold_128201_01G000100",1.20266854052346,0.344269376997478,1.99371317737775,0.740903884452326,-0.767461992398393
"TraesCAD_scaffold_087375_01G000100",1.2024450199065,1.16597520592796,3.29138753657574,0.467941859477765,-1.45943852973952
"TraesCAD_scaffold_140741_01G000100",1.20216548415589,0.511977773164446,1.10234816803703,0.510734807587979,1.36302421532781
"TraesCAD_scaffold_075017_01G000200",1.20190152574669,0.63077809476245,0.444752102334636,-0.0967515067695175,0.0656091888470303
"TraesCAD_scaffold_080628_01G000200",1.20184732111208,1.1202128300885,2.84901609901016,-0.11913768348886,-1.48779677900169
"TraesCAD_scaffold_012772_01G000500",1.20160435513873,0.829975032661999,2.58116817163399,0.575440682530349,-0.584171258033879
"TraesCAD_scaffold_022068_01G000400",1.20121077580734,0.907929314832494,2.54017064260471,0.705910611688467,-0.702730322844789
"TraesCAD_scaffold_000220_01G000100",1.19968606878019,0.540956538193276,0.98673790287684,0.37814888606199,-0.341211683697318
"TraesCAD_scaffold_105559_01G000100",1.19949199522116,0.907358866611693,1.91887129669636,0.577926014021984,-0.0971719998425446
"TraesCAD_scaffold_008704_01G000400",1.19943531461162,1.11524985778852,2.32559123473361,0.584597626561569,-0.13986027837989
"TraesCAD_scaffold_013894_01G000600",1.19917536751769,0.773026326182012,1.46821508614426,0.486245740530899,0.640089924973837
"TraesCAD_scaffold_091976_01G000100",1.19889709273474,0.691639983067236,1.41233883778104,-0.506018730332741,-0.00566863288761844
"TraesCAD_scaffold_151009_01G000100",1.19863090397737,0.785397507324315,1.68493652761985,0.716158132988215,-0.25139239209717
"TraesCAD_scaffold_087462_01G000100",1.19818304200098,0.0737075429477874,3.44050128758517,0.716638097353863,-0.0925845632737139
"TraesCAD_scaffold_031225_01G000300",1.19798021868106,0.591745461332767,2.47105927532799,0.390306536980034,-0.166625543774072
"TraesCAD_scaffold_084262_01G000300",1.19772941431364,0.811178041724624,1.66500302444863,0.374376539630474,0.788760685622939
"TraesCAD_scaffold_055160_01G000200",1.1962113191033,0.894983752551139,2.45058946739349,0.411332269689799,1.68691796903405
"TraesCAD_scaffold_030239_01G000100",1.19523003453826,0.941427213478124,3.81492154934759,0.137427508946125,-1.53617654109379
"TraesCAD_scaffold_132894_01G000200",1.19464792210965,0.645386329541115,1.80870809843449,0.900938463939082,0.738900243000037
"TraesCAD_scaffold_102474_01G000100",1.193845934541,1.10546417615646,3.46276107241584,0.582522619279803,-1.08323305026979
"TraesCAD_scaffold_079100_01G000100",1.19365048050146,1.00477792958859,1.91361487741783,0.316783271722705,0.47926208707816
"TraesCAD_scaffold_039611_01G000200",1.1933873686046,0.488202269394276,1.8966134621303,0.552752645798989,-0.57544498726416
"TraesCAD_scaffold_149985_01G000100",1.1928996870575,0.876430535985032,3.60569185286802,0.431474885572359,-0.364321447844726
"TraesCAD_scaffold_102733_01G000200",1.19188995841635,0.570679660423317,2.11482965472248,0.0142408997344412,-1.08453778196914
"TraesCAD_scaffold_087068_01G000100",1.19065995444714,0.55732036411559,1.27339955687085,0.407676779486093,-1.08475263454924
"TraesCAD_scaffold_026267_01G000100",1.18989267513875,0.47434464931197,1.60510030210413,0.6196586848709,-0.222225168244836
"TraesCAD_scaffold_102300_01G000200",1.18891180346481,0.2402145199474,1.76121588000427,0.0559304981835223,-0.158831370890144
"TraesCAD_scaffold_141679_01G000100",1.18883074736358,0.433656558361842,2.75662297560724,-0.223479036339419,0.651383916160939
"TraesCAD_scaffold_012829_01G000200",1.18825985707066,0.578816372665574,1.67874382454311,0.144505987865053,-0.00379269308582972
"TraesCAD_scaffold_015824_01G000100",1.18793853615859,0.610494205798057,1.5878827735734,0.147985638490764,-0.427309137114319
"TraesCAD_scaffold_035625_01G000100",1.18626300533903,0.560899224371074,1.14026293305767,0.268308476399962,-0.156049958813946
"TraesCAD_scaffold_080568_01G000200",1.18616873311715,0.85001373083613,1.9541314400484,0.534425367901272,-0.759496214951565
"TraesCAD_scaffold_018475_01G000300",1.18513126369174,0.921643027908942,1.97824316666544,0.494101179941977,-0.828341308097383
"TraesCAD_scaffold_076583_01G000100",1.1846066622564,0.505988069475849,2.97081556520925,-0.33923003453809,-0.547841750261263
"TraesCAD_scaffold_081405_01G000100",1.18254774014664,0.973726468568967,2.35925884921416,-0.0560115758095708,1.45213575442799
"TraesCAD_scaffold_021290_01G000200",1.18196760770228,0.933140546481498,4.02036824916502,0.284283633825202,-0.53750519236597
"TraesCAD_scaffold_021259_01G000400",1.18194136529902,0.572145519116934,1.43647581719897,0.430428777423417,0.821854283242119
"TraesCAD_scaffold_049469_01G000100",1.18124808949197,0.409486101874792,1.22558086169536,0.532707842503194,0.272913992613867
"TraesCAD_scaffold_076549_01G000100",1.1805456724833,0.629636269713574,1.92256091807918,0.200146425042231,1.06992755110695
"TraesCAD_scaffold_049116_01G000100",1.18018614658709,0.644766545420839,2.68819840578365,0.0311240835048185,0.590242708192893
"TraesCAD_scaffold_043395_01G000200",1.17997819082239,0.355650712928962,1.05801299389342,0.0780699737886358,0.429127251851112
"TraesCAD_scaffold_084468_01G000100",1.17994847652212,0.883892878461055,2.7010358301157,0.329603567534693,-1.57181200213324
"TraesCAD_scaffold_019326_01G000100",1.17977128047189,0.485657324339508,3.08373401334037,0.692643569070852,-1.06569039187545
"TraesCAD_scaffold_135760_01G000200",1.17756236550998,0.614687326401894,1.09414436211354,0.141023760404048,0.822396808583887
"TraesCAD_scaffold_033640_01G000200",1.17693365233676,0.885238119226258,3.17502963999937,0.426710795487749,-1.53558112863296
"TraesCAD_scaffold_063917_01G000200",1.17658353881676,0.726599976171717,2.63971444189252,-0.0229786050420719,0.298230074870708
"TraesCAD_scaffold_335434_01G000100",1.17596094858054,1.06343851316518,1.82568474557948,0.588207578002697,0.261514286554393
"TraesCAD_scaffold_076466_01G000500",1.17575048439352,0.709914108795937,2.0825746032335,0.706649637088497,-0.473740766290704
"TraesCAD_scaffold_010603_01G000200",1.17560480037374,0.747480552678042,2.37709976029902,0.651492655457746,-1.28105171364577
"TraesCAD_scaffold_004468_01G000100",1.17398932587565,0.981368744151424,2.3102711024552,-0.0835296636424317,-0.075897063834896
"TraesCAD_scaffold_029989_01G000100",1.17350705225872,0.272553934286946,0.418099032516869,0.468223569425759,0.384700405632683
"TraesCAD_scaffold_089027_01G000100",1.17304107705686,0.703787971673632,1.13566488351348,-0.307064138109749,0.175557516859383
"TraesCAD_scaffold_096426_01G000200",1.17286506820698,0.9356668247521,3.24105819045521,0.144375088238759,-0.375226472106421
"TraesCAD_scaffold_099448_01G000100",1.17275925667932,0.844075025742875,2.13910537819983,-0.162577497627794,-0.877465672721537
"TraesCAD_scaffold_004080_01G000200",1.17102669564233,0.89995075459298,1.79215749989222,-0.0868682080809372,-0.445984450834688
"TraesCAD_scaffold_056525_01G000100",1.1707162802127,0.412252232996325,2.70625363769544,0.00718491484832926,0.431511293357926
"TraesCAD_scaffold_045927_01G000400",1.16925496278019,0.804752444143915,1.89504959516255,-0.249431092333076,0.0384531835167526
"TraesCAD_scaffold_104832_01G000100",1.16799014942709,1.0342572595774,2.68618253138869,0.605063601476288,-1.10992904831821
"TraesCAD_scaffold_074902_01G000100",1.16772117931788,0.930923643986902,2.95444699790106,0.0651678640527156,-0.179599117192819
"TraesCAD_scaffold_149503_01G000100",1.16762213860076,0.601027252828456,0.377186858893412,0.783598323067128,0.269878224539106
"TraesCAD_scaffold_066057_01G000400",1.16735874788748,0.941758915515153,2.28570547094015,0.461104589464489,-0.683992838773264
"TraesCAD_scaffold_065596_01G000100",1.16727773069904,0.698130143284314,2.78522691609195,-0.0310166539726056,0.506911342145766
"TraesCAD_scaffold_014297_01G000100",1.16714266566308,0.951183850383309,1.29126621824384,0.927421848495358,-0.402769440252207
"TraesCAD_scaffold_078042_01G000200",1.1670947005907,0.973051273174458,2.15727709348463,0.379370988085891,-0.206831308216262
"TraesCAD_scaffold_036121_01G000100",1.16564853224358,1.06103869981678,2.60145411229214,0.152010758847682,-0.349683746819439
"TraesCAD_scaffold_099632_01G000100",1.16529084199889,0.710384040355649,1.6426421977477,0.25919028344331,-0.273693826794193
"TraesCAD_scaffold_008676_01G000200",1.1648679631936,0.961336091684946,1.40729855127799,0.610744556228456,-0.329369904014342
"TraesCAD_scaffold_014566_01G000100",1.16451073520693,1.01700307629931,3.82417547873743,0.155076689905341,-1.04919519771271
"TraesCAD_scaffold_102212_01G000100",1.16380229738534,0.374425840160009,0.571723261792977,0.253556722847059,-0.0875344317020966
"TraesCAD_scaffold_040052_01G000700",1.16338876792016,0.840158070676012,0.865489888543403,0.578840118051327,1.25759443932804
"TraesCAD_scaffold_068500_01G000300",1.16237561971162,0.910825989906411,2.43086188493745,0.126146538902676,0.411184727210193
"TraesCAD_scaffold_106103_01G000200",1.16174507699874,0.546953092317352,1.90261501487749,0.437676111746276,0.315152249781301
"TraesCAD_scaffold_063158_01G000200",1.16173451210854,0.798044165274055,1.9873817693903,-0.505312489901822,0.194288381673615
"TraesCAD_scaffold_001208_01G000100",1.16159077460331,0.601954289129404,1.37279018916922,0.371834219328947,0.0645185999605132
"TraesCAD_scaffold_041348_01G000100",1.16156244243272,0.770794274133084,1.49479127367085,0.442669261696161,-0.483555310580573
"TraesCAD_scaffold_095182_01G000100",1.16154492362881,0.52552474696708,1.07677788815663,0.129487936684839,-0.17859435494513
"TraesCAD_scaffold_028149_01G000100",1.16143030180544,0.281544209030476,0.883823485098006,0.459730098057314,0.493039524660041
"TraesCAD_scaffold_014789_01G000400",1.16093427125687,0.806888452639425,1.93939530115902,0.769350042255224,-0.637725751092463
"TraesCAD_scaffold_152145_01G000100",1.15977069471353,0.186269676703186,1.68246580811525,-0.410555250279792,0.350829874981682
"TraesCAD_scaffold_007001_01G000100",1.15969993804638,0.822365983017441,1.63730305536862,0.716411410064153,0.117922216939925
"TraesCAD_scaffold_104511_01G000100",1.15944624152534,0.903781447452728,3.15710057746796,0.0719263413892696,-0.0622849049490053
"TraesCAD_scaffold_017628_01G000100",1.15908525312038,0.139139979747033,1.35769840727133,0.752063615797763,0.165530803000356
"TraesCAD_scaffold_103540_01G000100",1.15854869658892,0.982509835187242,3.03633832407048,-0.432708837740038,-0.394671404524985
"TraesCAD_scaffold_131359_01G000100",1.15848321308063,0.497157874877306,2.3885759878259,0.287610471474069,-0.312239043105791
"TraesCAD_scaffold_062211_01G000100",1.15761484340391,1.05386241569481,2.65248915657994,0.685228092449253,-0.857519628897585
"TraesCAD_scaffold_006222_01G000300",1.15747694908216,0.796735755446572,0.412883653824517,0.91914277959566,-0.158819759646675
"TraesCAD_scaffold_081950_01G000200",1.1572345000415,0.585967612187007,3.2159998996687,0.281647636114718,0.415568280121648
"TraesCAD_scaffold_037122_01G000100",1.15696692880306,0.831526204300025,1.93823612851432,0.109406992051942,0.656267942339484
"TraesCAD_scaffold_053325_01G000100",1.15640881503076,0.612190572166412,1.27138253551044,0.426520691868367,-0.710553794585708
"TraesCAD_scaffold_008896_01G000200",1.15636102948716,0.842897211238954,2.33931974664795,0.366099134060901,1.01314930437391
"TraesCAD_scaffold_075607_01G000100",1.15564790801109,0.956171025295038,2.52299698745269,0.348177287463655,0.762872240260594
"TraesCAD_scaffold_075314_01G000100",1.15515036916936,0.786483794327188,1.94435397974396,0.803371636490053,1.32807638665766
"TraesCAD_scaffold_117538_01G000300",1.15479445691136,0.548028849695283,3.15516500340803,0.292096899670375,-0.0433062389600116
"TraesCAD_scaffold_064188_01G000100",1.154630732847,1.0273937231749,2.53453298398189,0.670077384234808,1.45753187313403
"TraesCAD_scaffold_046072_01G000100",1.15397663404205,0.491179073569161,0.533690685836193,0.609268362260882,0.443755610554024
"TraesCAD_scaffold_045940_01G000100",1.15387064055577,0.820184283414916,1.81357229884528,0.806974396700106,0.926923191692646
"TraesCAD_scaffold_038677_01G000300",1.1537461936712,1.07443030805077,1.63376210021476,0.765985922200265,-0.595390414240367
"TraesCAD_scaffold_092402_01G000200",1.15342817256473,0.232099831627807,1.17186877239156,0.284406298256961,1.18309313867584
"TraesCAD_scaffold_083045_01G000100",1.15283725753773,0.972332943586994,1.68770308186027,0.83728322195673,-1.5234863162193
"TraesCAD_scaffold_102373_01G000200",1.1520181270431,0.923564943764638,3.71131482280771,0.0959496281951734,-1.04689469194918
"TraesCAD_scaffold_122886_01G000100",1.15189987909042,0.527380945867961,1.63075930331225,0.308436406387709,0.551543106362695
"TraesCAD_scaffold_073628_01G000200",1.15135658266909,0.946695896466631,2.84430471412982,-0.0928520314561054,-0.125980752965547
"TraesCAD_scaffold_074246_01G000100",1.15133663668106,0.507229965216788,1.14305276934776,-0.736344062040993,0.0301880429729083
"TraesCAD_scaffold_021668_01G000100",1.15130697623157,1.05534604321781,3.56530151755793,-0.0101481742699401,0.848020597533939
"TraesCAD_scaffold_003580_01G001000",1.15048680150893,0.810844174188679,0.713498559264144,0.920678998091213,-0.403011758952648
"TraesCAD_scaffold_093826_01G000100",1.14861722618494,0.510113241620063,3.75201070689601,0.274501062183293,-0.690702665712873
"TraesCAD_scaffold_059609_01G000400",1.14799672416956,0.953500283759384,2.60701403005939,0.420457292861855,-0.786945014214717
"TraesCAD_scaffold_046519_01G000400",1.14774846443501,0.996124136221058,3.5383898690979,-0.159957898646309,-1.02427140429827
"TraesCAD_scaffold_047857_01G000100",1.1477305052134,0.743225373823982,1.92003277557349,0.56171473163017,-0.620977295503211
"TraesCAD_scaffold_140409_01G000100",1.14668545130779,0.503028815560992,1.607114544007,0.557179805704341,-0.0575424970528316
"TraesCAD_scaffold_041317_01G000100",1.1463398196347,0.638614279590901,2.25349713735056,0.222078304558701,1.37453385930995
"TraesCAD_scaffold_088421_01G000200",1.14489371775237,0.264758910487913,1.21978188653073,-0.382360073929662,0.815413942836789
"TraesCAD_scaffold_088327_01G000200",1.143378935159,0.868630264310705,2.80683357238053,0.795399800973527,-0.587707213537622
"TraesCAD_scaffold_078060_01G000100",1.14205907578521,0.00598689204906194,0.723667467873872,-0.219331760835898,0.738221604934053
"TraesCAD_scaffold_005590_01G000100",1.14130468677785,0.728507064058536,2.22016795169409,0.110320767476063,0.269841213763565
"TraesCAD_scaffold_128499_01G000100",1.14109893795824,1.00624695655853,3.01916128911751,0.419993665073066,-1.44816321922141
"TraesCAD_scaffold_029775_01G000100",1.14101947311449,0.720372802952033,2.67540337954864,-0.340003868884633,0.499717210015521
"TraesCAD_scaffold_336669_01G000300",1.14092485244511,0.29972754261452,0.791044327495615,0.429394753825757,-0.196068615881092
"TraesCAD_scaffold_439132_01G000100",1.1405381607858,0.56570433799087,1.59369642411798,0.590309300179138,-0.104413320785615
"TraesCAD_scaffold_029902_01G000100",1.14043827492368,0.857400405927607,1.84013180090393,0.427865816877989,-0.468584726199646
"TraesCAD_scaffold_021615_01G000400",1.13928835719304,0.831913310111965,1.75124021196584,0.162890527745878,0.879492924118789
"TraesCAD_scaffold_045472_01G000200",1.13892653292631,0.786395411025601,2.94212600509612,0.432764653885062,0.408607277678853
"TraesCAD_scaffold_064809_01G000100",1.13879710083547,0.994718002452643,2.74061399083873,0.773425009945696,-1.35407767397536
"TraesCAD_scaffold_086270_01G000100",1.13876817514788,0.917945788125245,3.25607994413809,0.218775825185413,0.196692461664867
"TraesCAD_scaffold_100665_01G000200",1.13874401857277,1.05122127800855,4.0763430908363,0.839249482601612,-1.43522754721627
"TraesCAD_scaffold_108675_01G000100",1.13847886828684,0.926166843604843,2.20245973207896,0.461225579115402,-1.73383341901773
"TraesCAD_scaffold_083917_01G000400",1.13683941488048,0.242984801139564,0.549755296736167,0.570123948413546,0.019720692378425
"TraesCAD_scaffold_019301_01G000100",1.13473530473679,0.821517182952052,2.04677902176565,0.646057899284963,-0.536330626245351
"TraesCAD_scaffold_026993_01G000300",1.13441273020953,1.01479049657303,3.2221356964342,0.41550250907994,-1.24678415245306
"TraesCAD_scaffold_009086_01G000100",1.13438203448821,0.419240517943559,1.35485189774151,0.049833741884806,0.847695349628851
"TraesCAD_scaffold_024030_01G000300",1.13361785315082,0.939786290798624,3.54767653569913,-0.416632670847032,-1.07874402872404
"TraesCAD_scaffold_045268_01G000100",1.13360694911494,0.921294775390747,2.59418093041267,-0.0520348029716905,-1.17790204330337
"TraesCAD_scaffold_035987_01G000200",1.13354667596978,1.05944642219829,3.6088622471649,-0.166284734899385,1.0608172317481
"TraesCAD_scaffold_042402_01G000200",1.13328025196718,0.907626948625618,2.96058074243716,0.529771391528012,1.3329634747177
"TraesCAD_scaffold_039330_01G000300",1.13284508242602,0.612350929017022,2.18560872039027,0.0764002169037105,0.912216165119829
"TraesCAD_scaffold_100883_01G000100",1.13092183335252,1.0618317069895,3.79013688343872,0.0555522397569507,-1.03251747020109
"TraesCAD_scaffold_014313_01G000400",1.13014529536059,0.971157700643502,3.13943123100368,0.434663385732214,-2.63283297287507
"TraesCAD_scaffold_080462_01G000100",1.12965625745426,0.440439986269731,2.13746464151442,0.177809606412603,0.668529870761736
"TraesCAD_scaffold_006663_01G000300",1.12893117594659,0.838263172138709,2.64543448142457,0.0396846993338241,1.14123710797929
"TraesCAD_scaffold_088641_01G000100",1.12853428508894,0.903569212749692,2.25614756788122,0.782569733534758,3.36044500267573
"TraesCAD_scaffold_042879_01G000500",1.12780316503712,0.976808083858435,2.9142990550387,-0.345625686299045,-0.43151583665625
"TraesCAD_scaffold_046887_01G000100",1.12727694985799,0.807378543258671,3.45290101949692,0.108717788702975,0.810374110768411
"TraesCAD_scaffold_057617_01G000100",1.12719378983506,0.852507422468916,2.7898847156557,0.450524408945383,-1.28341036331564
"TraesCAD_scaffold_010979_01G000100",1.12693816964874,0.622251151097511,3.04542738866318,-0.300662592545959,-1.48183360519327
"TraesCAD_scaffold_075863_01G000400",1.12588925664776,0.911423522206259,1.90323995535161,-0.415370544179338,2.41039731160717
"TraesCAD_scaffold_068515_01G000300",1.12583691883723,0.787895472804442,1.68519134317679,-0.359450530862795,-0.980017706487712
"TraesCAD_scaffold_051687_01G000100",1.12576920502627,0.925150843907965,3.4999797302309,0.479636214035118,-0.839465860569973
"TraesCAD_scaffold_094196_01G000100",1.12462342698399,0.995366754199387,3.17641758509416,0.206065603504656,-1.06317129426983
"TraesCAD_scaffold_128142_01G000100",1.12384879340909,0.525383931246012,3.59932175745706,0.368746063963951,-0.895159429852824
"TraesCAD_scaffold_107831_01G000400",1.12375152525201,0.822811582900906,0.26755220063569,0.511039564759371,0.856214052878475
"TraesCAD_scaffold_009098_01G000100",1.12325846037895,0.231854215192878,2.10080109389313,0.230712152663364,-0.228494919546323
"TraesCAD_scaffold_006468_01G000300",1.12263884028261,0.957511745900355,2.47034332071706,0.473756852010115,-0.691498734551855
"TraesCAD_scaffold_104531_01G000100",1.12238222890538,0.91368706717079,2.96586446828458,-0.136566820599403,1.35699532346415
"TraesCAD_scaffold_005426_01G000100",1.12236485321491,0.783841064728698,1.7231564153555,0.113148762616164,1.10385322785321
"TraesCAD_scaffold_024844_01G000200",1.12181998164226,0.871870752655003,1.88456646920804,0.65462028445698,-0.165751690026197
"TraesCAD_scaffold_063247_01G000300",1.12178947164571,0.767716070196197,2.62335557068787,-0.165195602315008,-0.594614048690496
"TraesCAD_scaffold_012314_01G000300",1.12092966378938,0.49971892138907,0.780932028557837,0.602182795096545,0.367537176413676
"TraesCAD_scaffold_005277_01G000100",1.11965769059808,0.902674229652635,2.76606455703447,0.658382524191849,-1.51596980636053
"TraesCAD_scaffold_031767_01G000400",1.1192948266601,0.689012428276293,2.96668054402027,-0.159313738825327,-1.70933270256071
"TraesCAD_scaffold_036944_01G000200",1.11916485001684,0.517890355862919,0.190779074371066,0.929124793372578,0.361859961856503
"TraesCAD_scaffold_040156_01G000200",1.11810698362908,0.383513494946058,1.27496397248503,0.081789241797715,0.674100291276378
"TraesCAD_scaffold_048327_01G000100",1.11780494725693,0.914411661602035,1.92333553387277,0.643736517943666,-0.787665275295558
"TraesCAD_scaffold_002646_01G000400",1.11772471281347,0.701947719532485,3.9075912488187,0.503634923607139,0.0536957722411686
"TraesCAD_scaffold_049867_01G000200",1.11757742164624,0.736153410307345,2.83593172254563,0.354225490942765,0.228072081598862
"TraesCAD_scaffold_072757_01G000200",1.11710230139505,0.847168149182744,2.68255005383804,0.474246295163672,1.58025134976382
"TraesCAD_scaffold_017260_01G000300",1.1169662516442,0.313904808374939,1.64068629706955,0.0277056249478923,-0.320016834075304
"TraesCAD_scaffold_024667_01G000300",1.11605085207707,0.936967619159557,2.1596099178882,0.579770334382181,1.57207137682268
"TraesCAD_scaffold_130803_01G000100",1.11413541131295,0.811241912704866,1.95500552263569,0.321426157777545,1.42394418791207
"TraesCAD_scaffold_012483_01G000100",1.11384699607685,0.711553626979223,1.61860062970859,0.66364930112816,-0.415167712973566
"TraesCAD_scaffold_127262_01G000200",1.11356332146464,0.707563263192069,1.75613108111054,-0.0233622415979541,1.43277901912527
"TraesCAD_scaffold_040129_01G000500",1.11328820221135,0.932409935744618,2.44739122049521,0.916303915664034,-0.865488335618752
"TraesCAD_scaffold_063516_01G000200",1.1132078332537,0.843902105384426,2.76214094438878,0.238532905974158,-2.38374787880018
"TraesCAD_scaffold_057149_01G000100",1.11305660768163,0.597626854487479,1.45234873733726,-0.277730688410058,1.17197300637927
"TraesCAD_scaffold_038562_01G000200",1.11211113750248,0.91242182686509,2.81810892001243,0.364598520291033,0.570584244571184
"TraesCAD_scaffold_002277_01G000400",1.11102113672386,0.122942936412529,0.740688960456484,0.316302540634421,1.16051362145239
"TraesCAD_scaffold_083996_01G000200",1.1105912663991,0.739617007483312,2.46919106414322,0.280731079565046,-1.14696698820539
"TraesCAD_scaffold_075907_01G000500",1.10888148573902,0.738691902270563,1.16027491216666,0.579868906820591,-0.101569074905393
"TraesCAD_scaffold_081764_01G000100",1.10877072958272,0.237220417870899,1.80612577074752,0.499555008077849,-0.00566496090656537
"TraesCAD_scaffold_021609_01G000100",1.10858195537824,0.83048950518081,2.83161413172557,-0.353276115936437,0.42920707586888
"TraesCAD_scaffold_000558_01G000200",1.10827526040059,1.01323001308348,3.05877124477324,0.615014554147403,-1.76892865057152
"TraesCAD_scaffold_024038_01G000100",1.10554525520197,0.490653737790239,1.24009162343244,0.722237785712994,1.10945682317009
"TraesCAD_scaffold_015490_01G000400",1.10487771754492,0.952340033395184,2.69570560549879,-0.246636647860622,-1.23855424022162
"TraesCAD_scaffold_056160_01G000100",1.10476857012834,0.353820207161154,1.06010778347412,0.201222798032385,-0.467739823943046
"TraesCAD_scaffold_062364_01G000200",1.10461854020499,0.9469401050008,2.53953122683807,0.691815933166208,-0.597437929391473
"TraesCAD_scaffold_082733_01G000300",1.10456283910984,0.819519155163465,1.49306382204081,-0.150712780794598,-1.60122486523613
"TraesCAD_scaffold_103170_01G000100",1.10371524805551,0.879863841336664,2.06685050074287,0.122583019743361,-0.0104477556162277
"TraesCAD_scaffold_002742_01G000100",1.10327158576903,0.886424899186271,2.88601447156804,-0.146063033691133,-0.313939385557725
"TraesCAD_scaffold_095302_01G000200",1.10263297071298,0.688946692566124,1.57938918631255,0.603657905963889,1.41343638940435
"TraesCAD_scaffold_020530_01G000200",1.10151429635713,0.65920533306842,1.4866397487973,0.0875516606971027,0.20161982199571
"TraesCAD_scaffold_042180_01G000200",1.10145894784256,0.528299828635723,1.98660699986133,-0.22273831566695,-1.19827378636919
"TraesCAD_scaffold_044330_01G000200",1.10142955214021,0.536321106987315,0.540995438938622,0.230248564517569,-0.0217952688027818
"TraesCAD_scaffold_019603_01G000100",1.10096588163943,0.526854933275479,0.276066373974565,0.260791624171344,0.0436936598365944
"TraesCAD_scaffold_106315_01G000100",1.10038148526512,0.407703597729504,1.65591314260507,0.54732440229285,1.47788706981588
"TraesCAD_scaffold_043004_01G000200",1.10036040420577,0.523268948476328,1.32008551483122,0.782777831548249,-0.129712064128811
"TraesCAD_scaffold_134465_01G000100",1.0997595182301,0.278688661519734,0.549296457396745,0.609482520670649,0.817673262242798
"TraesCAD_scaffold_047877_01G000200",1.09890677045275,0.497790016031295,1.37200339299125,-0.206020557267929,-0.417427675690358
"TraesCAD_scaffold_128014_01G000200",1.09816932044122,0.32490211565696,0.671055564138837,0.594544140020457,0.547735973574297
"TraesCAD_scaffold_071938_01G000100",1.09735894965831,0.492825230235862,0.977768351444904,0.588180654901111,-0.364842683977363
"TraesCAD_scaffold_025281_01G000100",1.09683452484164,0.799344636270904,2.8465809383023,0.358515303671651,-0.826173639726751
"TraesCAD_scaffold_003367_01G000100",1.09625270295195,0.824182097894904,2.47590077696957,-0.0535084460795386,-1.39423432698289
"TraesCAD_scaffold_055367_01G000100",1.09590694075077,0.772260590826579,3.29232130340984,0.456767806093383,-1.64281012040368
"TraesCAD_scaffold_066904_01G000200",1.09480646818847,0.63573240206036,2.29562476016547,0.297984455245922,-0.253602749005426
"TraesCAD_scaffold_044397_01G000100",1.09413730060424,0.718635103140663,1.94345044251784,0.20791611105177,-0.0361238600189735
"TraesCAD_scaffold_045831_01G000100",1.09331652038109,0.954168161236528,4.02807646552869,0.494995029456195,-0.41822844435592
"TraesCAD_scaffold_046424_01G000300",1.09267627522779,0.24414562448145,0.390554871666597,0.715452112031803,0.313115913504485
"TraesCAD_scaffold_190494_01G000100",1.09058862739412,0.381528539442819,0.802074878710573,-0.0090146462342392,1.17784708515684
"TraesCAD_scaffold_005616_01G000100",1.09012673480555,1.04870531537783,3.05637161268909,0.788752948061753,-1.43939692902852
"TraesCAD_scaffold_011835_01G000400",1.08958205040854,1.00424007970444,2.83560410354474,-0.456659668879864,-1.09118626408452
"TraesCAD_scaffold_039340_01G000100",1.08852584871104,0.984380669844784,2.72109640754574,0.0366716287696606,-1.34760704314628
"TraesCAD_scaffold_088688_01G000200",1.08841283610749,0.720421102518624,1.63598026013428,0.801894981468734,-0.227356196965954
"TraesCAD_scaffold_067407_01G000100",1.08742593902039,0.496961232260498,1.50458121344358,0.83656017642133,0.957287345580791
"TraesCAD_scaffold_038632_01G000300",1.08712734905249,0.245382746249952,0.69079816317539,0.0741497145900346,1.96237796207952
"TraesCAD_scaffold_067723_01G000200",1.08711105069142,1.0501269537608,4.41137519218247,0.808571078795743,-0.832298386036076
"TraesCAD_scaffold_115981_01G000100",1.08618490795297,1.00470986017708,2.94002645061439,-0.56470504719749,0.573249667019168
"TraesCAD_scaffold_020513_01G000200",1.08539792845229,0.190408962192202,1.46566664729855,-0.103102686654042,-0.164314143637213
"TraesCAD_scaffold_355619_01G000100",1.0844107729642,0.420471042106971,1.37622174172958,0.623631733296301,0.360102466494653
"TraesCAD_scaffold_097507_01G000100",1.08433998753947,0.792186432092688,2.61891887628724,0.368356540025709,0.475671746608365
"TraesCAD_scaffold_079563_01G000100",1.08267714707646,0.40734462034669,0.145381183142131,0.320969372292561,0.468862539454245
"TraesCAD_scaffold_287769_01G000100",1.08236729957612,0.765681214726157,1.4339878055328,0.690569448409769,-0.125344176612156
"TraesCAD_scaffold_126519_01G000200",1.08229223252669,0.788040991092549,2.91549686343982,0.0190087710282014,-1.74866301910469
"TraesCAD_scaffold_074293_01G000100",1.08219909001186,0.909649727708572,3.29390560203624,0.638896104994605,-1.14638008370861
"TraesCAD_scaffold_092952_01G000200",1.08044061021401,1.02591248116176,3.31414064490551,0.601691706005214,1.27549683808565
"TraesCAD_scaffold_060693_01G000200",1.08028068880524,0.266619776550784,1.39515000515019,0.718074746783297,0.114971991857587
"TraesCAD_scaffold_028384_01G000300",1.0798248060291,0.544711851760674,2.37622230654265,-0.00718907252907915,0.357868024206093
"TraesCAD_scaffold_079103_01G000100",1.07968629143097,0.952561903163244,2.68421795061075,0.17734083791118,-0.543210903987004
"TraesCAD_scaffold_114771_01G000100",1.07802156354462,0.620544152854496,1.8275087688179,0.182046706153705,1.38451670647875
"TraesCAD_scaffold_013106_01G000100",1.07676713246276,0.315349220833493,3.08403336208553,-0.0266124870891559,-1.18209968896392
"TraesCAD_scaffold_056885_01G000200",1.07643627338198,0.0886112033644804,0.475057508760288,0.473837425445305,0.0949702377103766
"TraesCAD_scaffold_037678_01G000100",1.07566816613831,0.585568133054439,0.826015868651156,0.794572784058945,0.356019046595844
"TraesCAD_scaffold_102443_01G000100",1.07495821764869,0.20300925363933,0.43421701412074,0.365796358143747,0.92035894900324
"TraesCAD_scaffold_083938_01G000100",1.07329903088279,0.785511992408788,1.99005592222456,0.231939299815228,-0.971244040742546
"TraesCAD_scaffold_038072_01G000100",1.07280440240036,0.0357376585268884,0.340101558714108,-0.151897683810169,-0.13572858760162
"TraesCAD_scaffold_137407_01G000100",1.07175052434267,0.748478130120446,2.96015593006936,0.82969567187361,-0.815951432602688
"TraesCAD_scaffold_022229_01G000200",1.07070308817399,0.78712544042712,1.68354580321676,-0.0756714852968696,-0.00525642935886069
"TraesCAD_scaffold_102837_01G000100",1.07055787192142,0.764583589976764,2.53117155655921,0.602899021094456,0.986100215534973
"TraesCAD_scaffold_126519_01G000100",1.06993741333237,0.576203045148785,1.71910408781637,0.499299517511717,-0.421003433055546
"TraesCAD_scaffold_044648_01G000100",1.06932986981153,0.839767114839273,2.875590897227,-0.343443649236274,-0.958432751644382
"TraesCAD_scaffold_064674_01G000200",1.0687733619154,0.716305543314453,2.35140392363883,-0.500093579856858,0.225770552296422
"TraesCAD_scaffold_219047_01G000100",1.06805050618243,0.685053529030956,2.03797825859913,0.0698431613572772,-0.124957620399057
"TraesCAD_scaffold_071382_01G000100",1.06751735436437,0.463133998596453,1.36784185616518,0.734464442619989,0.765884306459436
"TraesCAD_scaffold_121707_01G000200",1.06542585151527,0.575800196089455,1.23173522945737,-0.0385709584328605,0.914194207830427
"TraesCAD_scaffold_032723_01G000100",1.06494325955627,0.852152428407929,2.43167701301978,-0.175158984384195,-0.510349465999787
"TraesCAD_scaffold_064587_01G000100",1.06493544695124,0.85992488842667,2.72074683912969,0.148933991494504,0.782773237969611
"TraesCAD_scaffold_038367_01G000100",1.06318955182478,0.721160642934109,1.90172747614797,0.637842340659278,-0.490102635343289
"TraesCAD_scaffold_084586_01G000100",1.06313502028177,0.945260574354053,2.24073712708447,0.76114502848618,1.07051712727818
"TraesCAD_scaffold_002665_01G000100",1.06306798059919,0.256811289655474,0.568527706711506,-0.0317097344641634,0.909025873549529
"TraesCAD_scaffold_015914_01G000400",1.06284456966636,0.224166793739526,2.00941793926563,0.397479174212814,-0.750448435735635
"TraesCAD_scaffold_000327_01G000300",1.06069467125081,0.822736605237124,2.05571923900959,0.316501415078849,0.374484435798376
"TraesCAD_scaffold_019637_01G000100",1.06054696838215,0.46254155550494,1.59722420534903,0.325679042426473,-0.0014600600119917
"TraesCAD_scaffold_091892_01G000100",1.06053987661299,0.905015150835709,2.91878619238088,0.259511531606485,0.990206508945804
"TraesCAD_scaffold_002362_01G000700",1.06052766693407,0.662108081206849,2.08894531960939,-0.0785317366606845,-0.126796609605183
"TraesCAD_scaffold_001312_01G000500",1.05865235240352,0.428019626116464,1.14531650449748,0.416059086193943,0.686714596842256
"TraesCAD_scaffold_046813_01G000200",1.05790075976068,0.855110908166882,1.88147986218477,0.606709713750939,-0.621513707928632
"TraesCAD_scaffold_101325_01G000100",1.05773454534833,1.00149360784834,2.39410358025625,-0.30376196166483,0.83429489390491
"TraesCAD_scaffold_109747_01G000100",1.056747480879,0.830161181638009,2.20297346304501,-0.0444593142617981,0.386703321051216
"TraesCAD_scaffold_021621_01G000100",1.05582943757961,0.873579363016913,3.15309044282376,0.14995775122287,-1.2556020909211
"TraesCAD_scaffold_071450_01G000200",1.05532567652406,0.94774276655289,2.62503081311718,-0.593321148681579,-0.132048928947844
"TraesCAD_scaffold_058228_01G000100",1.05499674936528,0.461063879480207,1.11554572860478,0.614115325325137,0.832663347880978
"TraesCAD_scaffold_041628_01G000300",1.05458282360524,0.871630868245602,2.51792200049827,0.133924453327902,-2.07004963344351
"TraesCAD_scaffold_048785_01G000100",1.05455974550626,0.541171439543662,2.36496897651985,-0.0886911391944471,0.327574320492282
"TraesCAD_scaffold_020844_01G000200",1.05388432418282,0.58145932340568,2.38802933534011,0.331561907862938,-0.239059072398429
"TraesCAD_scaffold_052949_01G000200",1.05293450451087,0.525984777564957,1.12009749992678,0.478964891931359,0.485029155968598
"TraesCAD_scaffold_029020_01G000100",1.05293348441408,0.975209280507548,2.91664217606142,0.034780017319507,-0.365492632852463
"TraesCAD_scaffold_140331_01G000100",1.0524566931376,0.81586718238055,2.21274323027551,-0.205348175273053,0.776816083310584
"TraesCAD_scaffold_051318_01G000100",1.05242341837699,0.497101437341063,1.66554930647998,0.58133603616768,-0.660660709718222
"TraesCAD_scaffold_090851_01G000100",1.05229822461882,1.00768424323537,2.22167283824869,0.178896965015491,0.271174494076733
"TraesCAD_scaffold_058647_01G000200",1.05171641728444,0.876913201945993,1.92503899391625,-0.0346420075407355,-0.300159543807628
"TraesCAD_scaffold_047192_01G000100",1.05168086815053,0.557708282981223,3.38858784346507,0.367086510993248,0.262259508198747
"TraesCAD_scaffold_097256_01G000100",1.05161762937527,0.667632338519809,1.6617273096015,-0.151595733671346,-0.330645314346369
"TraesCAD_scaffold_016757_01G000200",1.05100122570601,0.187723587524053,0.600068670584616,0.475337295779439,0.260166084720829
"TraesCAD_scaffold_041244_01G000100",1.0507354888274,0.899134894656813,2.7195349419516,0.319429749778609,-0.369932226245837
"TraesCAD_scaffold_058094_01G000100",1.04973622169553,0.831627747091816,0.98625420343215,0.378808217612835,0.103644406620936
"TraesCAD_scaffold_000962_01G000200",1.04850197037224,0.700204148659175,1.9445169260716,0.663051299554342,0.645069273556474
"TraesCAD_scaffold_075828_01G000100",1.04829029403304,0.566345194850217,1.29281308558223,-0.450374616961977,0.698685207369144
"TraesCAD_scaffold_096717_01G000100",1.04756104749566,0.757705488963118,2.39222433670315,0.71144998455881,-1.64589603504316
"TraesCAD_scaffold_006833_01G000200",1.04737093647602,0.472200202703688,3.00158602623578,0.605953576236803,0.568828931123784
"TraesCAD_scaffold_026199_01G000300",1.04607211263631,0.373155023095784,1.9238272963425,-0.176486075827127,0.509631511729156
"TraesCAD_scaffold_020734_01G000200",1.04570809892461,0.763383772346137,0.500965207010689,0.562541314745486,-0.3812999660303
"TraesCAD_scaffold_070483_01G000100",1.04569182321459,0.410817256583352,1.14312227300809,-0.739097504883895,0.292195378059899
"TraesCAD_scaffold_101306_01G000200",1.04455120506669,0.617062910745983,1.06312102442517,0.526855754330377,0.539279338553376
"TraesCAD_scaffold_043197_01G000200",1.04342734272942,0.953748675280247,2.25580897152175,0.321327116363989,-1.90841928940056
"TraesCAD_scaffold_089632_01G000100",1.0419865234616,0.646176505612435,2.26305616918695,0.50864518507822,-0.519582547120216
"TraesCAD_scaffold_030595_01G000400",1.04154616887838,0.651543542756257,0.560755195289933,0.510538136791423,0.689921388537068
"TraesCAD_scaffold_020994_01G000100",1.04123846575476,0.288807732149484,1.82357342701258,0.161680734120418,1.33483508496802
"TraesCAD_scaffold_037032_01G000100",1.04106786650243,0.824971119840443,2.54576950441563,0.21778701909655,-0.622514624770276
"TraesCAD_scaffold_039207_01G000100",1.04022129382493,0.51472177146826,1.7754800266109,0.757740303024606,-0.800264024395363
"TraesCAD_scaffold_010268_01G000200",1.03790787810295,0.993815058881725,2.9438201950859,-0.0195952917602203,-0.205000660269293
"TraesCAD_scaffold_126930_01G000300",1.03789155398219,0.430518487818312,1.20173922028531,0.613839696528877,0.577317403684537
"TraesCAD_scaffold_000911_01G000500",1.0359762286272,0.770976284454848,2.29600355370675,-0.0725411653015747,0.115177676645012
"TraesCAD_scaffold_008707_01G000100",1.03479783402194,0.883565150605573,2.82411606233141,0.584360083303482,1.23945744610472
"TraesCAD_scaffold_066907_01G000200",1.03449435594784,0.561939558967245,2.12459211716598,0.105478355194731,1.07785893134779
"TraesCAD_scaffold_059857_01G000100",1.03389297520419,0.320243083229193,1.59683018715865,0.264153137711855,1.48019145354261
"TraesCAD_scaffold_021940_01G000200",1.03365934273371,0.406514139645432,0.856994317436996,-0.117654166691445,-0.431175151607661
"TraesCAD_scaffold_018769_01G000100",1.03327059251838,0.864949282361699,2.14859989223981,-0.00228644165834022,-0.528312578301946
"TraesCAD_scaffold_135343_01G000100",1.03280374393817,0.691398468161959,3.76595338826214,0.474466079442935,-0.445064273958365
"TraesCAD_scaffold_147372_01G000100",1.0326028166965,0.866938586334839,1.80739225665371,0.914643242039861,-0.52023342486121
"TraesCAD_scaffold_011990_01G000200",1.03222770440378,0.376371052594285,1.12249587650508,-0.112949717218545,0.192502774809358
"TraesCAD_scaffold_078812_01G000100",1.03119816091523,0.482886270501787,0.957463052824305,0.296991566196652,0.857089329547986
"TraesCAD_scaffold_139161_01G000100",1.03012573988184,0.761888136102931,2.29553840540905,0.307662630797774,-0.160118690466375
"TraesCAD_scaffold_030173_01G000300",1.02954551376429,0.547539031311381,2.78874048882947,0.188970889403817,0.0418703971089944
"TraesCAD_scaffold_044824_01G000200",1.02846742747649,0.789904558116557,2.10955051454602,0.346074230508824,-0.969772018927658
"TraesCAD_scaffold_030835_01G000100",1.02825863425701,0.385225449236644,1.53703653902826,-0.10143268479442,-1.0317595094438
"TraesCAD_scaffold_081810_01G000400",1.02794044987395,0.461633482963539,0.968274362250673,0.620128579781814,1.14036141115405
"TraesCAD_scaffold_013121_01G001100",1.02787459466779,0.746510527153253,2.39914622717601,0.203628073377782,-0.994915026417265
"TraesCAD_scaffold_087654_01G000400",1.0278539154308,0.543252892067272,0.314543894967722,0.942002269682761,0.257646905520096
"TraesCAD_scaffold_091516_01G000200",1.02757257757995,0.221974512229555,0.504768654947149,-0.5086785932605,0.873524609970689
"TraesCAD_scaffold_007194_01G000500",1.02655155589626,0.809607490413082,1.67540179687662,0.372078233018357,-1.68832788813288
"TraesCAD_scaffold_016629_01G000100",1.02504629561142,1.0131086697044,2.70552331953507,0.822884085707295,-1.54933956193836
"TraesCAD_scaffold_034790_01G000100",1.02468930295503,0.233787780937888,1.52188973728195,0.302015752617011,-1.06667117264471
"TraesCAD_scaffold_123597_01G000100",1.02467230949471,0.739328492264112,2.33481104339583,0.351877703874135,0.337180831462971
"TraesCAD_scaffold_026714_01G000200",1.02255838166844,0.402968127894254,1.81510713412151,-0.228864782637347,-0.539539829904944
"TraesCAD_scaffold_010107_01G000100",1.02224572793701,0.680913264458025,1.65464616356029,0.348234992732258,0.326905673770354
"TraesCAD_scaffold_130290_01G000100",1.0221132021813,0.715325912177276,2.21206420601428,0.619479930481251,-1.14157521667366
"TraesCAD_scaffold_000016_01G000300",1.02134302772319,0.277457049144567,1.25399062779639,0.388829856114738,-0.306436708986912
"TraesCAD_scaffold_087452_01G000100",1.02133227700521,0.0264054412979954,1.43062096432893,0.262314107586554,0.0893671422172634
"TraesCAD_scaffold_047896_01G000400",1.02081470470003,0.509687925760262,1.09113099698005,0.357967475739679,0.213933270620927
"TraesCAD_scaffold_067442_01G000200",1.02069822640963,0.270244799557552,0.610637492395974,0.422889839859183,0.563952380113794
"TraesCAD_scaffold_083317_01G000300",1.02069318507357,0.647547172101241,1.18194502642123,0.60274378564012,-0.299895768282172
"TraesCAD_scaffold_005351_01G000300",1.01854722300116,0.80518913811223,2.3231867605814,0.245471023474355,-0.0146697137410019
"TraesCAD_scaffold_078842_01G000100",1.01810780187002,0.563220868349192,2.42160301898269,0.423281649934306,0.887824820182082
"TraesCAD_scaffold_128386_01G000200",1.01806632452168,0.724360487342873,2.31724005050155,0.72741173182022,1.57043508018813
"TraesCAD_scaffold_111923_01G000100",1.01739050869714,0.159580912155061,0.522159517488725,0.375471236839063,1.10970363479409
"TraesCAD_scaffold_050623_01G000100",1.01559994280076,0.606599074673647,2.00088793307972,0.604491865161268,1.61793063931431
"TraesCAD_scaffold_108349_01G000100",1.01483774159138,0.498924957901137,1.02430590263885,-0.19844711265803,-1.07297294511733
"TraesCAD_scaffold_011644_01G000200",1.0139123701614,0.725741213409898,1.9053803731329,-0.0317398662494138,1.18661987669512
"TraesCAD_scaffold_027214_01G000400",1.0138302680083,0.296772374560631,1.29142143837864,0.452977109173575,0.357400532965471
"TraesCAD_scaffold_005187_01G000300",1.01347674344672,0.758158607675756,1.89186604524773,0.452215490195799,-0.816788750909178
"TraesCAD_scaffold_027082_01G000100",1.01265767385269,0.212820931231936,1.31757363188717,0.413213042727775,0.243793567482955
"TraesCAD_scaffold_041808_01G000100",1.01205184956558,0.82231814733917,2.3235429879172,0.215621272391325,-1.22816268797943
"TraesCAD_scaffold_127101_01G000100",1.01117498343264,0.199063857037021,1.81490461813128,0.188071018840512,0.0633836432075274
"TraesCAD_scaffold_123881_01G000100",1.00915719723942,0.719291923213368,2.34584777672376,-0.350843107202564,-0.0707960183028489
"TraesCAD_scaffold_009021_01G000100",1.00915584863466,0.664707439458485,1.49409621514574,-0.0141446274604847,-0.140823539514336
"TraesCAD_scaffold_043151_01G000100",1.00907681429336,0.594346260504471,2.53649902505649,0.378922036379368,-1.14118609545191
"TraesCAD_scaffold_005315_01G000200",1.00784436698494,0.847269001418996,2.65506260057296,0.730664887043807,-1.59935123423708
"TraesCAD_scaffold_120034_01G000100",1.00739026445248,0.703845808135453,2.58898982060519,0.533430933274967,-1.19737144222264
"TraesCAD_scaffold_051664_01G000100",1.00678639510784,0.761462235174633,3.37250939492832,0.260243728310525,-0.515263935678813
"TraesCAD_scaffold_057249_01G000200",1.00567836690494,0.445004062272287,1.48516372551924,0.661098469407416,0.0667409389064901
"TraesCAD_scaffold_022164_01G000100",1.00501388455438,0.083131877696211,1.1321542003092,0.517333303961539,0.369857662129918
"TraesCAD_scaffold_018969_01G000100",1.00301781903469,0.80254975695361,2.58401574148127,0.65261964980356,-0.868652018813878
"TraesCAD_scaffold_000224_01G001400",1.00294414569778,0.67275503945959,1.58531933540603,0.29976589137411,-0.199840131795454
"TraesCAD_scaffold_010185_01G000300",1.00276151541111,0.469311391918097,0.972231660028866,-0.111961964271659,-0.354269783995074
"TraesCAD_scaffold_084624_01G000300",1.00232429066534,0.835344520305611,2.71049676842229,0.0719166517820085,0.437445058097118
"TraesCAD_scaffold_018220_01G000300",1.00206226302568,0.512754631210467,1.71956544880301,-0.138631953283442,-1.4364343098364
"TraesCAD_scaffold_039331_01G000300",1.00127329358299,0.11650267525381,0.392422126710701,0.588232187154033,0.561008035958713
"TraesCAD_scaffold_011984_01G000200",1.00062197762072,0.890157153860349,2.29971361287036,0.156036501788765,0.294941843533252
"TraesCAD_scaffold_079416_01G000200",1.0005967396386,0.654183873918983,0.896959971588366,0.839285553671738,-0.379431678368331
"TraesCAD_scaffold_020758_01G000200",1.00057665485532,0.671434632282315,1.22434173864669,-0.0758905149883842,0.466384389991675
"TraesCAD_scaffold_072409_01G000100",0.999989759039795,0.789693495438851,2.29598471630708,0.475497189394588,-0.6208974478344
"TraesCAD_scaffold_029061_01G000200",0.999455002537535,0.602993466131181,1.28101765998062,0.00274379937075242,-0.386813156669524
"TraesCAD_scaffold_037220_01G000100",0.998746365362556,0.479539427022488,1.73514999448199,0.711617929912598,-0.216655014422465
"TraesCAD_scaffold_025325_01G000200",0.997815113423962,0.272037132793543,1.04946660236724,0.458543777464171,-0.410969127509088
"TraesCAD_scaffold_108759_01G000100",0.996792832378945,0.614110432828488,1.14011721980645,0.245374520419292,0.933938796045923
"TraesCAD_scaffold_030595_01G000300",0.995702485889183,0.696222049892228,2.28572808668666,0.473100160326349,-0.673543269899363
"TraesCAD_scaffold_059198_01G000200",0.994615169529487,0.673820939654168,0.829371171355934,0.506668868486344,0.338754508012514
"TraesCAD_scaffold_082231_01G000100",0.993959802273945,0.586475496377035,1.28475062806333,0.515395805865929,-0.0960941484808118
"TraesCAD_scaffold_086349_01G000200",0.992066886899398,0.897209209568376,2.35244444398974,-0.369966888648955,0.70977439210332
"TraesCAD_scaffold_069924_01G000200",0.992051317442893,0.776736023617597,1.58549527805097,0.330973260063024,0.178629612201715
"TraesCAD_scaffold_029248_01G000500",0.991940113554291,0.347992649137932,0.715302489368932,-0.247628266673802,0.618800262565347
"TraesCAD_scaffold_040563_01G000100",0.991737819411599,0.731179946126342,2.0298645585415,0.307021409184445,-0.607529051733699
"TraesCAD_scaffold_038261_01G000200",0.989931117180713,0.779734477285599,2.60353005839901,-0.238148678568876,-0.681086501338108
"TraesCAD_scaffold_033034_01G000100",0.989844931760913,0.632754467538343,1.99449479080491,0.369657779322125,-1.73059574933312
"TraesCAD_scaffold_013564_01G000200",0.989504272633754,0.879307971246049,2.38363471293733,0.369089221481974,-1.39139697182305
"TraesCAD_scaffold_010540_01G000100",0.989462697031134,0.856601240755957,2.00381607510446,0.150406441883595,0.173858939998624
"TraesCAD_scaffold_039994_01G000100",0.9892737809923,0.497731506766904,1.04863927332764,0.0160378952129605,-0.0982678485300304
"TraesCAD_scaffold_000077_01G000100",0.988676375658467,0.619404663526004,1.48446194400356,0.525398853417833,-0.0957192543324581
"TraesCAD_scaffold_051931_01G000100",0.988012168485729,0.498383462971348,1.51251888541096,0.454742809406277,-0.925231830618232
"TraesCAD_scaffold_050299_01G000100",0.98674811262741,0.797227030014964,3.45904524101729,0.517953074524714,-0.566728901897742
"TraesCAD_scaffold_029371_01G000200",0.98621588049896,0.512755093623786,2.6684034667644,0.180857020107035,-0.237106241184659
"TraesCAD_scaffold_080279_01G000100",0.985552609967718,0.83701479663038,2.09806168276128,0.691180508105783,-0.100917678592709
"TraesCAD_scaffold_114912_01G000100",0.985032204217247,0.569492642199688,1.60180046143142,0.351346711325267,0.671331281826735
"TraesCAD_scaffold_027061_01G000200",0.984701097634089,0.0835005543414175,0.380120911165263,0.491836300450877,0.963639843141403
"TraesCAD_scaffold_043785_01G000300",0.98453395213687,0.713905330020669,1.59489127311808,0.776236476778365,0.548391875155077
"TraesCAD_scaffold_012277_01G000100",0.983637896797934,0.8273909203944,1.81216940669219,0.176801446879383,-0.412484461776545
"TraesCAD_scaffold_062666_01G000100",0.98255946631314,0.928567256835543,2.13570726362608,0.641180457874719,-0.684646458933016
"TraesCAD_scaffold_034757_01G000300",0.981093454075882,0.856546902057598,2.48453875736558,-0.145686858970253,0.992593190129626
"TraesCAD_scaffold_126523_01G000100",0.979050283140133,0.171940445683239,0.463197480284063,0.780996977654053,0.117432094412942
"TraesCAD_scaffold_011057_01G000300",0.978345716624087,0.227339087960607,0.688944275368386,0.486015699872651,-0.0488256647319914
"TraesCAD_scaffold_070057_01G000100",0.977939615808334,0.491575242553109,1.85096182075584,0.13245203549489,0.10268453725809
"TraesCAD_scaffold_044509_01G000500",0.977224682315474,0.79932639428455,2.06749703437652,-0.218653292127842,-0.638394024662578
"TraesCAD_scaffold_074820_01G000500",0.977201967793397,0.932250533449653,2.2879701557326,0.4794925004076,-0.17112700378256
"TraesCAD_scaffold_073336_01G000300",0.977037684988544,0.314935118726362,1.79717006200117,-0.0808180902929827,-0.16213907000601
"TraesCAD_scaffold_045913_01G000200",0.976999170454219,0.912540019211686,2.65895207190794,0.158656988196235,0.112546984819579
"TraesCAD_scaffold_015801_01G000100",0.976647816062328,0.548284264553058,1.81898537804508,0.706159763986875,-0.155023728194622
"TraesCAD_scaffold_073077_01G000100",0.975278838348659,0.854603305374483,2.48936721290813,-0.334777808571405,0.647657918184337
"TraesCAD_scaffold_019186_01G000300",0.974592662435663,0.350754181192324,0.868923651709916,0.26610188738843,0.610010758426376
"TraesCAD_scaffold_124852_01G000100",0.974563419310138,0.643476312371381,1.73498890147509,0.489956436157834,-0.468973245755708
"TraesCAD_scaffold_018262_01G000100",0.973431532401438,0.292491059387643,0.488171066638983,0.755565862031799,-0.395225993796241
"TraesCAD_scaffold_045186_01G000100",0.972610760041703,0.730441283780889,2.66728028345348,0.414486730915373,-0.505823615928468
"TraesCAD_scaffold_084635_01G000100",0.971895884089122,0.61213325377712,1.29302156179291,0.622941423792208,-0.128776755345563
"TraesCAD_scaffold_012549_01G000500",0.971124773547106,0.397977216159417,1.97686671517958,-0.172233399122199,-0.682857882263496
"TraesCAD_scaffold_033610_01G000600",0.970967880856068,0.83314093452613,2.65048091756962,0.516159873441991,1.303068579157
"TraesCAD_scaffold_008059_01G000600",0.970656434792513,0.684024003260621,2.178143347483,0.583586653598692,0.157764561459738
"TraesCAD_scaffold_085942_01G000200",0.970214184467878,0.386398001459417,1.845608339492,-0.120877069290773,0.454129780504635
"TraesCAD_scaffold_048129_01G000200",0.970074480444511,0.909324055517113,2.4989902830166,0.757884469848116,-1.07045438702413
"TraesCAD_scaffold_126510_01G000200",0.969759636211085,0.0875715238202385,0.410708113753661,0.471445482182019,-0.0605612000834612
"TraesCAD_scaffold_042939_01G000400",0.96952231085188,0.798239889503068,2.42155324303831,0.595388718137527,-1.12799948053693
"TraesCAD_scaffold_041891_01G000100",0.968521597102269,0.52926669297922,0.974151075227764,0.821217845317027,-0.105553186955457
"TraesCAD_scaffold_048233_01G000500",0.968356110562689,0.68628439098495,2.42789455986603,-0.420394616621121,-0.206540001830813
"TraesCAD_scaffold_095195_01G000200",0.967611408491607,0.522281773523972,1.64970236184238,0.538494906172598,0.170481062598963
"TraesCAD_scaffold_049708_01G000100",0.967139557087174,0.912070368300939,2.1289690803593,0.516050401258412,-1.03154154015624
"TraesCAD_scaffold_074221_01G000200",0.966294099312917,0.685017658759079,1.45851949712027,0.735254349536213,0.589091843500024
"TraesCAD_scaffold_050864_01G000200",0.965940885175966,0.294254627020877,1.15062495308648,0.375819459653012,-0.20532148620778
"TraesCAD_scaffold_014444_01G000300",0.965520017326244,0.533161384980839,2.84335325977566,-0.281048050422643,-0.731454926588907
"TraesCAD_scaffold_082174_01G000200",0.965254589899954,0.596599237282694,2.76694591740268,0.240351437624047,0.382592849186988
"TraesCAD_scaffold_101310_01G000500",0.964905465273361,0.171959676509243,0.259445661890948,0.500688236974028,0.825166207047211
"TraesCAD_scaffold_070238_01G000100",0.962853824325851,0.710497863899892,1.82901772373743,-0.331168066967501,0.429040205515597
"TraesCAD_scaffold_069934_01G000100",0.962219699124711,0.585382389259371,1.98451845872951,0.190789538410224,-0.437604953373827
"TraesCAD_scaffold_005308_01G000100",0.961856731611407,0.860030389151528,1.6086452548842,0.809012610296891,-0.923235875651661
"TraesCAD_scaffold_075863_01G000500",0.958763763262597,0.596142747214481,1.25597225971612,0.00528016763722278,1.07938555527791
"TraesCAD_scaffold_085264_01G000100",0.958449798384409,0.763774862179157,2.9880909164137,-0.212936771681964,0.0592805734997041
"TraesCAD_scaffold_160827_01G000100",0.957988331720508,0.771546820981483,2.61804334580164,0.0705233808951757,-0.397292950284553
"TraesCAD_scaffold_050358_01G000100",0.956326409700704,0.775756903679141,1.98242787224484,0.536722398991325,-0.627698941742185
"TraesCAD_scaffold_152978_01G000100",0.955068746201397,0.72323673697184,2.56510211498891,0.495481378890202,-1.10494964915015
"TraesCAD_scaffold_095716_01G000100",0.954875818693221,0.744084441929509,2.8814378676312,0.473228724850102,0.543282880223775
"TraesCAD_scaffold_102890_01G000100",0.954558637999546,0.317567574982789,2.43306728121512,0.0575270635159092,-1.18520519391456
"TraesCAD_scaffold_006774_01G000200",0.953854990158305,0.740250310642342,1.33191128545477,0.783719345928054,0.639313895250891
"TraesCAD_scaffold_078460_01G000100",0.952926870534507,0.757789765042459,2.33312692356509,-0.243927609126645,-0.472761865649613
"TraesCAD_scaffold_038276_01G000300",0.952683988361367,0.723040700519213,2.78262877265689,0.151166131647724,-1.89315061349058
"TraesCAD_scaffold_067839_01G000100",0.952236323056406,0.661141758869818,1.69831907216272,-0.0577173985026734,1.63365777298952
"TraesCAD_scaffold_091360_01G000200",0.952141570760048,0.600286616921545,3.73104221031964,0.367308304759927,-0.687142922014202
"TraesCAD_scaffold_042452_01G000400",0.950217380009136,0.543052906203768,2.41929256807209,0.339808141729681,-0.379125911546684
"TraesCAD_scaffold_025149_01G000100",0.948685201365851,0.791559551767172,2.53809196692872,0.445442859391189,-0.209574333869824
"TraesCAD_scaffold_040565_01G000400",0.947355704463741,0.786055397753979,3.03906776052586,0.3666698642147,-1.00439353417019
"TraesCAD_scaffold_059919_01G000200",0.946668749538481,0.58235315678875,1.80596543599965,0.328645101456347,0.122806094338685
"TraesCAD_scaffold_087311_01G000200",0.946591621475224,0.919298144912286,2.67774398054695,-0.358665067983934,-0.13577430731829
"TraesCAD_scaffold_009249_01G000100",0.944271861905499,0.520315757055307,1.71263711312428,-0.424560255835794,0.71328905043346
"TraesCAD_scaffold_018465_01G000300",0.943574328172444,0.545783656436213,1.85162133304932,0.585244260940685,-0.525792057744345
"TraesCAD_scaffold_019452_01G000200",0.943243987567909,0.742438250001437,1.57643035385098,0.527918260993336,0.147175562938399
"TraesCAD_scaffold_048271_01G000200",0.942933297231691,0.265764026512515,1.11089368356236,0.301616887666896,1.14497303579985
"TraesCAD_scaffold_004867_01G000200",0.942251698877457,0.279160718215483,1.30841202863561,-0.365730289688174,1.04467908212273
"TraesCAD_scaffold_052722_01G000200",0.942196931552077,0.627846741911661,1.23301451515457,0.760326308177168,-0.431599264265096
"TraesCAD_scaffold_029400_01G000200",0.942032997600875,0.649324116397674,1.74463394892536,-0.222595323231818,-0.0490016638716276
"TraesCAD_scaffold_103745_01G000200",0.94030644585739,0.597330956859148,1.85584894635397,-0.750237841821251,0.934260164710276
"TraesCAD_scaffold_112491_01G000100",0.939827351375857,0.401668995175306,1.08436966264468,0.559663771954814,0.0732912305061896
"TraesCAD_scaffold_133838_01G000300",0.939544444738026,0.660622482480532,2.40532624122218,-0.347223168911223,0.0795219738845596
"TraesCAD_scaffold_042569_01G000200",0.939168379246253,0.784541510056272,1.24106143261047,0.630338058433419,0.141184427972625
"TraesCAD_scaffold_052132_01G000100",0.938782025428544,0.393060968381107,2.08548122603631,0.0802636286510703,1.03683367781658
"TraesCAD_scaffold_039300_01G000100",0.937760719680692,0.675484977421493,2.64475620310856,0.48118732879898,-0.391245263518116
"TraesCAD_scaffold_037895_01G000100",0.937743182814655,0.251312610399031,0.451419344404832,0.30648283602318,-0.482945074349757
"TraesCAD_scaffold_144854_01G000100",0.936048117305965,0.678436744392953,2.24570595962385,-0.139534793112144,-0.605440533772822
"TraesCAD_scaffold_103698_01G000100",0.935796488478241,0.839706554225742,2.48187266071592,0.165792623522254,-0.49841571444209
"TraesCAD_scaffold_130273_01G000100",0.935217308331012,0.339614381883763,1.02161150678764,0.494919451358128,0.179337055996175
"TraesCAD_scaffold_090095_01G000100",0.935146277191775,0.749652529193134,2.76344906076266,0.333542782387241,0.687932652101378
"TraesCAD_scaffold_027205_01G000200",0.934261874001449,0.731479195898123,2.70063557619171,0.0815406115451136,0.105027059908355
"TraesCAD_scaffold_053692_01G000100",0.93370320667053,0.253072420684616,0.622837924277448,0.442101285487484,0.301865012625665
"TraesCAD_scaffold_053755_01G000500",0.933493190457966,0.249064039581945,0.957485571774398,0.171395459231706,-0.748228617873763
"TraesCAD_scaffold_095924_01G000200",0.933105287072282,0.741057119687803,2.74040804550797,0.569199250226206,-0.781665178749475
"TraesCAD_scaffold_062503_01G000100",0.93188242008373,0.332060678642037,0.463272355155851,0.356960597703202,-0.00175082739581284
"TraesCAD_scaffold_039276_01G000300",0.931792595468574,0.608891187036489,2.50707456706362,-0.233697204284741,0.474644576076452
"TraesCAD_scaffold_055295_01G000100",0.93103797498269,0.837727644691897,2.16013590399587,0.545737734361531,-0.199261639413014
"TraesCAD_scaffold_128632_01G000100",0.930483828003352,0.507209090276835,1.51673546136593,-0.0277019484358061,0.196929375805198
"TraesCAD_scaffold_023113_01G000200",0.929011001317819,0.154866406391776,1.40009977634182,0.381661740787734,0.0860705776462027
"TraesCAD_scaffold_003397_01G000400",0.928271196598392,0.611186756907082,1.54131970768695,-0.105994996376029,1.11748654887582
"TraesCAD_scaffold_021501_01G000300",0.927875009058869,0.675081737002587,2.20863085041374,0.392984868756687,-0.352065223072671
"TraesCAD_scaffold_005898_01G000200",0.927638673411019,0.636497088800033,1.32541809720065,0.805087930597762,-0.197578934207396
"TraesCAD_scaffold_046053_01G000100",0.927601515880173,0.666773960441481,1.822036483156,-0.207075408308738,0.827567947916635
"TraesCAD_scaffold_016400_01G000100",0.926997101639752,0.704977208732093,2.04939246645738,0.708950367113984,-0.71850684360774
"TraesCAD_scaffold_012023_01G000400",0.925994490119251,0.434605730221826,0.573487630754878,0.204312011195224,0.158971139281869
"TraesCAD_scaffold_048900_01G000100",0.923800139971904,0.0132338199984526,0.615466200875614,0.174440972579546,0.443636572522304
"TraesCAD_scaffold_022178_01G000500",0.923710816092767,0.772615410079522,2.35236786244551,0.812381814323251,0.573640436367204
"TraesCAD_scaffold_050237_01G000200",0.923513612443266,0.644813987338771,2.03394790594886,-0.221237269707696,-1.31941547076619
"TraesCAD_scaffold_056264_01G000400",0.923455578947704,0.374446491118836,1.32341514273288,-0.305407931249407,0.299194109249489
"TraesCAD_scaffold_002132_01G000300",0.922877404778988,0.51303814480427,1.07720008971383,-0.278437449912408,-0.38291664396824
"TraesCAD_scaffold_062102_01G000500",0.922653739084532,0.563411635576038,1.75604246336546,0.908605608252616,0.936521872768831
"TraesCAD_scaffold_036722_01G000400",0.922187547986751,0.765959880232141,1.15136087749796,0.560906515965166,-0.200684357882798
"TraesCAD_scaffold_039546_01G000200",0.921280087057267,0.624133174506729,2.26509956519367,0.263715894557101,-0.892267938272186
"TraesCAD_scaffold_089458_01G000300",0.921262759936024,0.0920357522884354,0.346766646454944,0.741198240719786,0.917264291832239
"TraesCAD_scaffold_067851_01G000100",0.919618312441854,0.648200596075402,2.17644801263006,0.348029995534552,-0.0697675028632824
"TraesCAD_scaffold_102775_01G000200",0.918513299419686,0.780239913070321,1.90596504232028,0.749597721451891,-0.92842445407929
"TraesCAD_scaffold_091226_01G000100",0.916905413527034,0.710921257512367,1.95624075939802,-0.516634369031778,-0.341112594718008
"TraesCAD_scaffold_055036_01G000300",0.91576053897202,0.769501756699184,2.79969109516345,0.502277990234369,-1.07857942194542
"TraesCAD_scaffold_072070_01G000200",0.915262046160165,0.824744639382953,1.5111272882874,0.727637452192287,-0.694504064780634
"TraesCAD_scaffold_005419_01G000200",0.914385057311154,0.642913177987789,1.29782107695527,0.417491245467187,0.230732350149726
"TraesCAD_scaffold_045281_01G000100",0.913104912244212,0.664053938629467,1.52592090525312,0.0689025878739898,0.111693701272111
"TraesCAD_scaffold_081002_01G000100",0.912313181687353,0.505111414820212,2.16655370934822,0.364111786456256,-0.148128623736376
"TraesCAD_scaffold_002921_01G000700",0.91142499040586,0.299712556526844,1.41228749222061,-0.0396449704101043,0.043638098840829
"TraesCAD_scaffold_070235_01G000200",0.911401609494109,0.360358273993899,1.12416479184395,0.172562515944718,0.420167047747065
"TraesCAD_scaffold_055540_01G000100",0.91124533637505,0.592806504036131,1.92547234844928,0.803090690569928,0.915272511513285
"TraesCAD_scaffold_014084_01G000700",0.909368426861454,0.665901640568657,2.20048961897737,-0.479967214494819,0.0800106865239521
"TraesCAD_scaffold_002213_01G000200",0.908724064697876,0.358651177696636,1.91867096565438,0.425789769761348,0.771268855116509
"TraesCAD_scaffold_010519_01G000200",0.908237858997423,0.729049390029051,2.23834354250028,0.529716274101901,-1.02479301892478
"TraesCAD_scaffold_061616_01G000200",0.907813089942055,0.707753387517819,1.79861091863732,0.324487673221267,-0.541016147826365
"TraesCAD_scaffold_112391_01G000100",0.907551104970871,0.59930206959959,2.15074776491275,0.490511780847605,-0.261891148173461
"TraesCAD_scaffold_035052_01G000200",0.904307926054308,0.501982866143285,0.659665419007251,0.856523437319635,0.621600866849315
"TraesCAD_scaffold_075408_01G000200",0.902298968469963,0.45767168127309,1.51976292356117,0.174535119449822,-0.292187577231075
"TraesCAD_scaffold_027363_01G000200",0.901798123575067,0.433998081166484,1.88219747675985,0.165459614224284,1.29503865548167
"TraesCAD_scaffold_017580_01G000100",0.900348925866099,0.264840248026686,1.28593560340927,0.801108660307233,0.4541242801612
"TraesCAD_scaffold_025029_01G000100",0.900207927526132,0.53189198194538,1.8755007228941,-0.23109222701269,0.446800000669723
"TraesCAD_scaffold_036985_01G000200",0.900155754825845,0.858230303298343,2.41480318917039,-0.385964195471352,-0.887230009602845
"TraesCAD_scaffold_060576_01G000100",0.900145677091739,0.777007499355331,2.23253597941211,0.695540016405024,-0.614504577085809
"TraesCAD_scaffold_002217_01G000100",0.899850998259537,0.846306589457942,1.81799195886636,0.687815657015571,1.13334284336257
"TraesCAD_scaffold_022640_01G000300",0.899191253093064,0.760359125872241,2.30221022810574,-0.238070046495308,-0.347987872564335
"TraesCAD_scaffold_038532_01G000100",0.898988468606148,0.224138989439764,0.0982858915459683,0.525973165341316,0.354263692045544
"TraesCAD_scaffold_156893_01G000100",0.898920068455077,0.285988641554753,1.02450610683708,-0.723553721431999,0.495600532087367
"TraesCAD_scaffold_089276_01G000300",0.897885299241262,0.570545460716981,2.05857914392655,-0.232742771139513,0.934776575197685
"TraesCAD_scaffold_021498_01G000400",0.897613750765094,0.782956462134494,2.1726245331279,-0.0370584717713964,0.127273593552827
"TraesCAD_scaffold_005551_01G000100",0.897507955819532,0.725983291846699,2.0968857727444,0.857959376082861,1.32108347618137
"TraesCAD_scaffold_003270_01G000100",0.895057262595793,0.346790226410031,1.2550601169498,0.145273559174494,0.358456222239474
"TraesCAD_scaffold_107470_01G000100",0.894541626856818,0.733695522527067,2.19894412833084,0.346071771920897,-0.718047094279579
"TraesCAD_scaffold_005029_01G000100",0.894327069975302,0.449320073837653,1.28420670024432,0.604926267055387,-0.391225186095046
"TraesCAD_scaffold_038882_01G000100",0.894150541171067,0.813475496871426,3.17816920213799,-0.0635101469424505,-0.854241633559912
"TraesCAD_scaffold_049622_01G000100",0.893191848845886,0.0788304330865357,0.936090591520812,0.528468621130568,-0.0470242020189921
"TraesCAD_scaffold_032410_01G000200",0.892402949406739,0.140456275259797,1.87175731651417,0.226682051255047,-0.0214545272249675
"TraesCAD_scaffold_074182_01G000100",0.891516469877974,0.554781055895866,1.65093165857469,0.467001054953062,1.00598958771316
"TraesCAD_scaffold_043009_01G000200",0.891355872954223,0.305535477408417,0.730934574497969,0.477702031560495,0.869093132154229
"TraesCAD_scaffold_091119_01G000100",0.890794790330586,0.701783849673835,2.14812496478063,-0.26924500226887,-0.447037622123122
"TraesCAD_scaffold_004414_01G000100",0.889845246877046,0.13845263198907,0.0780617499424779,0.289690548736781,0.715884756777264
"TraesCAD_scaffold_049642_01G000100",0.888605247584166,0.427804512132637,0.778190120434963,0.439932063726808,-0.323076884789467
"TraesCAD_scaffold_028241_01G000200",0.888471239654556,0.553769354569023,1.55787831048957,0.497355243449103,-0.823526880357666
"TraesCAD_scaffold_034474_01G000300",0.888321142003992,0.606975601319745,1.80367750043247,0.224126683526189,0.306599601937522
"TraesCAD_scaffold_082128_01G000300",0.888217042257281,0.491331854446226,1.27267069744357,-0.000293627535875311,0.82025153419769
"TraesCAD_scaffold_001052_01G000100",0.88664717688756,0.558637874439977,1.87011851027407,0.569114030655054,-0.727038903882593
"TraesCAD_scaffold_004233_01G000200",0.885638089685022,0.625234041936548,1.00853134174123,0.755287748989993,0.495095084898376
"TraesCAD_scaffold_093654_01G000100",0.884375781631311,0.658971631226224,2.37326486154799,0.285859943436794,-0.29374205833718
"TraesCAD_scaffold_031678_01G000100",0.884134414571029,0.611761920542618,0.806773083171824,0.817394137046443,0.699208748368842
"TraesCAD_scaffold_007035_01G000200",0.884023229308292,0.621155827074575,1.82545270664052,0.307218501485787,0.7527649979726
"TraesCAD_scaffold_007401_01G000500",0.883682201019684,0.58404156109671,1.4343955769157,0.0520870725267699,-0.496055216803452
"TraesCAD_scaffold_050592_01G000200",0.883485829141976,0.660695816296097,1.1941962808459,0.776726543904082,-0.0100120408591521
"TraesCAD_scaffold_077984_01G000600",0.88168467884449,0.239004667257689,1.11767348856011,0.665384874332606,-0.359936744214312
"TraesCAD_scaffold_013493_01G000100",0.879349404159507,0.608112567571318,1.59529269181992,0.375776607173611,0.333682258444146
"TraesCAD_scaffold_006991_01G000500",0.877955129365442,0.324600256788765,1.85443955677057,0.495099151496703,0.620317505556231
"TraesCAD_scaffold_019119_01G000300",0.877260133142497,0.670780877126861,2.10746279552468,0.488587051950149,-0.357540539051001
"TraesCAD_scaffold_035369_01G000100",0.876256681346744,0.655911588499464,1.90094242813706,0.328328754046921,-0.366408083706609
"TraesCAD_scaffold_019701_01G000100",0.876158984741157,0.665853725654235,1.56520322784404,0.725976381552818,-0.854343550833636
"TraesCAD_scaffold_054912_01G000200",0.876097067053299,0.672693596954102,2.78736981399423,0.0812425457369483,0.302583012855003
"TraesCAD_scaffold_038633_01G000100",0.874289207643582,0.806563034508845,2.17377817719032,0.408156169998819,-1.02198735885923
"TraesCAD_scaffold_045958_01G000200",0.873573074635777,0.646802979181126,1.12816318679259,0.508616288197335,-0.989775948023646
"TraesCAD_scaffold_081704_01G000100",0.873238039572199,0.663447557951286,2.93909777448805,0.352442208455898,-0.384651661811018
"TraesCAD_scaffold_006798_01G000100",0.872679175424329,0.571039259120292,1.66127580115596,0.560039894020685,-1.12371404646959
"TraesCAD_scaffold_053601_01G000100",0.872640668020818,0.807066894855888,3.07690277313686,-0.24571089663137,-1.13949157486109
"TraesCAD_scaffold_008140_01G000500",0.872539957774997,0.142893114095871,0.950566578901891,0.103689538587655,0.880113854619623
"TraesCAD_scaffold_135287_01G000100",0.870981651352065,0.393164425721899,0.922846704659344,0.0352442181368407,0.884717403330806
"TraesCAD_scaffold_058732_01G000100",0.870708650716641,0.702636436994823,2.10216191480613,0.804406320498478,-0.832325429137958
"TraesCAD_scaffold_021955_01G000100",0.870015501412335,0.0540402512803068,0.847989663688788,0.730763739468801,0.320643537376482
"TraesCAD_scaffold_010514_01G000200",0.869800423275719,0.612058376191177,1.36456907161754,-0.115711420243341,-0.249148472767914
"TraesCAD_scaffold_032532_01G000100",0.869691741866958,0.268690422342564,0.201771381337223,-0.168697965220071,-0.760993168925926
"TraesCAD_scaffold_013810_01G000200",0.869053191135348,0.025477152905866,0.74969117075156,-0.443571033007749,0.558662163424825
"TraesCAD_scaffold_057183_01G000200",0.868975641183803,0.588110190922059,2.21954758051861,0.121918072090962,-0.0832553536641619
"TraesCAD_scaffold_096433_01G000100",0.867025634312866,0.633104544513708,1.64156495533224,0.165622831702484,-0.181623544795486
"TraesCAD_scaffold_071209_01G000300",0.866832476253068,0.733964810641631,1.74344493227858,0.837070928572904,-0.764510607992813
"TraesCAD_scaffold_033410_01G000300",0.866721519686129,0.573566511196457,0.91234890780003,0.284129268658387,0.313174099393264
"TraesCAD_scaffold_001865_01G000100",0.86663220294008,0.261090034521285,1.13259785034972,-0.0448924626700314,0.429265252307611
"TraesCAD_scaffold_068716_01G000100",0.863778789049975,0.594016545601334,2.05508864161856,-0.0435270816882333,0.267113957148704
"TraesCAD_scaffold_042821_01G000100",0.863672770251658,0.713040727079036,2.62618122764821,0.343609480307572,0.0115863879080529
"TraesCAD_scaffold_121542_01G000100",0.862929291335455,0.836000380773133,1.73534701218855,0.814156832483197,-0.765281568566884
"TraesCAD_scaffold_044257_01G000100",0.860419562007686,0.788094102565477,0.998740190857855,0.688332435891072,-1.49291954025454
"TraesCAD_scaffold_102171_01G000200",0.858950372963391,0.648289876941175,1.94347345186607,0.703782345515624,-1.84414132758633
"TraesCAD_scaffold_009108_01G000300",0.858589163312243,0.508745623751677,1.27664482096629,-0.515697830843177,-0.897699673300292
"TraesCAD_scaffold_074732_01G000300",0.858409726345643,0.349278748838671,0.690243516266733,0.166106909452698,0.433720937163166
"TraesCAD_scaffold_039608_01G000300",0.856853471619881,0.828515861567549,2.56741637021623,0.777927215681585,-1.16122063507853
"TraesCAD_scaffold_020655_01G000200",0.856420130576584,0.504394689567879,0.797238461639655,0.559381973886174,-0.248680977442267
"TraesCAD_scaffold_017025_01G000300",0.855725668539014,0.680057752590444,2.03666436366608,0.838796937017349,-0.33830354422027
"TraesCAD_scaffold_016428_01G000100",0.854783403951713,0.390880603788161,0.964633992674912,0.381177324548807,-0.16072931201523
"TraesCAD_scaffold_069359_01G000400",0.852565436849594,0.515102840652641,1.61872014125058,0.866124223222254,0.239877012309096
"TraesCAD_scaffold_105033_01G000200",0.852330519456428,0.648956748012108,1.99564358608923,0.0316023220658876,-0.387369023970033
"TraesCAD_scaffold_142598_01G000200",0.852223411067996,0.533911689598005,1.1112444669525,0.609618674867024,0.505804432819199
"TraesCAD_scaffold_017724_01G000200",0.851376339004978,0.740252000640827,1.93110294176988,-0.16471468875231,1.08392661301231
"TraesCAD_scaffold_011776_01G000800",0.851245327226269,0.324877254823728,0.692685946391447,0.449744098595546,0.352930262052496
"TraesCAD_scaffold_100068_01G000100",0.850925155145681,0.231091579517576,0.771278743297512,0.552990138682269,0.130121215402731
"TraesCAD_scaffold_022518_01G000100",0.850492125237799,0.604930337630901,1.33002056178225,0.52185442818132,0.853535212424469
"TraesCAD_scaffold_054969_01G000100",0.850350072350279,0.631161295273653,1.53883866392281,0.477846669197866,0.506533604557894
"TraesCAD_scaffold_045102_01G000200",0.848564597215846,0.524633003375868,1.18987746496263,0.487525526493984,-0.871970642857084
"TraesCAD_scaffold_000521_01G000300",0.848253195494591,0.764560626647645,2.47896611514705,-0.185541860470623,0.0512800887822173
"TraesCAD_scaffold_063650_01G000300",0.847318787195248,0.322755224830339,1.47459235885528,-0.352287087217622,-0.546704030308911
"TraesCAD_scaffold_067274_01G000300",0.846517033152368,0.750005796437499,2.40734040877458,-0.00337566628905107,0.71176083431848
"TraesCAD_scaffold_057728_01G000100",0.845911689576131,0.457771687559254,2.3975222129844,0.793480018874105,-0.65384368886869
"TraesCAD_scaffold_052032_01G000200",0.845911155184036,0.567392093100847,2.00928290235606,0.644139552933868,0.734533572515754
"TraesCAD_scaffold_021617_01G000200",0.845422333095009,0.25251988370476,0.965041286864174,-0.0568855997451456,-0.224260733337279
"TraesCAD_scaffold_016205_01G000100",0.845037973545671,0.618919710636811,2.25990552211092,0.631025924888292,1.03494984107312
"TraesCAD_scaffold_091427_01G000100",0.84458684687317,0.701227506447317,1.89125836701659,0.673288929418148,0.900517099041155
"TraesCAD_scaffold_038040_01G000200",0.84417892004868,0.597771586952553,1.69732409629961,0.724181217374674,1.19007178493843
"TraesCAD_scaffold_025675_01G000600",0.84389483737162,0.698565306379575,2.58406274153469,0.522747117210696,-0.852400945464137
"TraesCAD_scaffold_139308_01G000100",0.843382187748389,0.288751164913065,1.07987737855524,0.631242636866978,-0.336686491101274
"TraesCAD_scaffold_033148_01G000200",0.842221252556494,0.431019322911693,2.01494992410564,0.604720927950931,0.967930717145755
"TraesCAD_scaffold_024040_01G000100",0.842114985019467,0.633869612989589,1.51972750846096,-0.0299953337128146,0.435436263699895
"TraesCAD_scaffold_040200_01G000200",0.842101515528745,0.575612172012851,1.1795836412254,0.668671720850375,-0.255835235384947
"TraesCAD_scaffold_045607_01G000200",0.84132682704497,0.793595148549662,2.76350897369323,0.289426854496585,0.380200767470207
"TraesCAD_scaffold_058667_01G000200",0.840009011383761,0.24041002559952,0.490708092104138,0.931374323832052,0.161932330307108
"TraesCAD_scaffold_007459_01G000100",0.837747982120167,0.489324361238922,1.68146343572317,-0.263981224902545,1.13530052304471
"TraesCAD_scaffold_097689_01G000100",0.837731259714547,0.525611007603665,2.25364360675241,0.250010023123866,0.299362310846578
"TraesCAD_scaffold_001817_01G000200",0.837558437122439,0.53431536081011,1.13473581319884,0.61039541593503,-0.51083400715246
"TraesCAD_scaffold_015945_01G000100",0.837428348461898,0.372044428287368,1.4679018474245,0.51972043823914,-0.274169108177398
"TraesCAD_scaffold_007770_01G000400",0.833288809651301,0.577620854733844,1.45855508128083,0.618758656817253,-1.15104163568123
"TraesCAD_scaffold_045308_01G000100",0.830787260011099,0.681233747642466,1.84824141466766,0.606119195396895,-1.00897285235589
"TraesCAD_scaffold_089284_01G000200",0.830329977515776,0.487573470614833,1.58637084927545,0.562382227937831,0.108507346285268
"TraesCAD_scaffold_051567_01G000200",0.830281945774209,0.338524158381493,1.22912235188928,0.802075304757897,0.340782416398393
"TraesCAD_scaffold_146234_01G000200",0.829354491024085,0.678122568149807,2.4462438043922,-0.381103273830109,0.944465808109197
"TraesCAD_scaffold_032116_01G000100",0.829322110101426,0.396285638315852,0.835957682940014,0.473164950342671,0.0022856353390046
"TraesCAD_scaffold_083388_01G000200",0.829089764615522,0.60035039674523,1.85558020857681,0.542927347302319,1.17253369073738
"TraesCAD_scaffold_104535_01G000100",0.82903044513554,0.549315868095033,1.93918891755911,0.0585682446605135,0.37502718170648
"TraesCAD_scaffold_090234_01G000100",0.828772047539225,0.195993297292094,0.666884231165844,0.430103815227391,1.0509222877051
"TraesCAD_scaffold_150391_01G000100",0.82740949869899,0.383767336840876,0.545914398782962,0.380937385538461,0.108447731724279
"TraesCAD_scaffold_014041_01G000100",0.826922380092573,0.302671824491285,1.15815569028052,0.016172324814592,1.27169770946608
"TraesCAD_scaffold_005297_01G000200",0.826008355912403,0.51914298759832,2.96168889634273,0.347261064210149,0.0370240747174851
"TraesCAD_scaffold_083317_01G000100",0.824661632952244,0.138350258799188,0.849150702026896,0.195871441576566,0.0686282613000209
"TraesCAD_scaffold_067158_01G000100",0.824399380952386,0.739189697804892,1.64185996394885,0.0907092995629398,0.694205450244419
"TraesCAD_scaffold_027921_01G000100",0.823381025779305,0.623071781543983,2.12615255509404,0.426266326257418,0.400139544057063
"TraesCAD_scaffold_080754_01G000200",0.822914054273678,0.689636532077901,2.20325696995682,0.251643056494893,-0.901169828637812
"TraesCAD_scaffold_001656_01G000100",0.820084229617052,0.620000337482145,1.4475975343387,0.578610173445686,0.248779650619371
"TraesCAD_scaffold_014462_01G000100",0.818412305026152,0.46683395497265,1.35304369345128,0.380373223558807,-0.722858127523396
"TraesCAD_scaffold_046226_01G000300",0.817571237179473,0.667651826890336,2.30850950487922,0.557665370700108,-0.374489501928127
"TraesCAD_scaffold_098930_01G000100",0.817057377187578,0.549044506364436,1.33106481786673,0.734538136433705,-0.361962124626363
"TraesCAD_scaffold_053519_01G000500",0.816502656211528,0.764369305424758,2.07977963173639,0.351976425863528,-0.0326802465110397
"TraesCAD_scaffold_131910_01G000200",0.815644300565527,0.262679788736832,0.869971063321645,0.495828861057297,0.371791034680345
"TraesCAD_scaffold_084759_01G000100",0.815044586424666,0.345196114822121,0.648219785432081,0.452242046781741,0.42515009284683
"TraesCAD_scaffold_031664_01G000600",0.81444966207282,0.702162236138182,1.57524076202479,0.475244955564442,-0.114272907495734
"TraesCAD_scaffold_073727_01G000200",0.812833503578301,0.320514747280026,0.951481415064906,0.564025750725962,0.691477487470748
"TraesCAD_scaffold_026288_01G000100",0.811743490138315,0.290003922766552,2.26957342775036,-0.112576326826769,0.629503353449664
"TraesCAD_scaffold_012685_01G000100",0.809460906064474,0.635774433294436,1.90288104204204,0.407642752218807,0.956869522958664
"TraesCAD_scaffold_099042_01G000200",0.809206982245578,0.542203761734973,1.28016635294312,0.485424074482652,-0.177771277999287
"TraesCAD_scaffold_061362_01G000300",0.808729646999636,0.426750403442271,1.3466811800989,0.0791052377116985,0.0340535918581743
"TraesCAD_scaffold_100574_01G000100",0.808447374235172,0.454932320992561,1.3252454759233,0.534719890898161,0.196512849685854
"TraesCAD_scaffold_007639_01G000100",0.808123412244589,0.66554249579924,0.98865975703733,0.799688502374095,0.15574428535764
"TraesCAD_scaffold_079647_01G000200",0.806250263484716,0.283937803074104,2.1866583262524,0.545802080458429,-1.01176930905561
"TraesCAD_scaffold_028845_01G000100",0.805957958263641,0.368833718611893,1.42479256952721,0.0678248910631919,-0.596216497387784
"TraesCAD_scaffold_046985_01G000200",0.805479533828148,0.284113789565456,1.87162811977611,0.475710223690139,0.809700666527511
"TraesCAD_scaffold_089879_01G000200",0.80523526151397,0.618972919716991,1.66813835003662,-0.260872036981895,-0.319478473574903
"TraesCAD_scaffold_026674_01G000100",0.80387491952602,0.673118319284812,2.11941844889733,-0.026218121969068,0.0356388355420344
"TraesCAD_scaffold_037059_01G000100",0.803060483275535,0.501343448202476,1.18657940751569,0.262151654788507,1.60935036904937
"TraesCAD_scaffold_015746_01G000200",0.802731666961673,0.657162024407074,2.10255995467862,0.551389237799889,-1.1480228649989
"TraesCAD_scaffold_006994_01G001200",0.798733735315969,0.740586748404882,2.27995412758323,-0.0443204460409989,0.984990874386791
"TraesCAD_scaffold_006376_01G000100",0.798064138928438,0.612721896761206,1.71646972020272,0.491019464247686,-0.509134291861092
"TraesCAD_scaffold_068234_01G000200",0.797191599531191,0.563249192527224,1.41559195793853,-0.3234019594116,-1.35698742511874
"TraesCAD_scaffold_098535_01G000100",0.7958253808022,0.695325388913332,2.77090039841384,0.25924027110695,0.0763798252627664
"TraesCAD_scaffold_085533_01G000100",0.794324058832658,0.0667508746384442,0.161267941715406,-0.00734919901697301,1.15363259714146
"TraesCAD_scaffold_004216_01G000400",0.793834996662499,0.496318681828477,1.83680557588795,0.361710879929962,0.490367217677804
"TraesCAD_scaffold_136605_01G000100",0.792434726430468,0.745892144525867,2.21873673655183,0.742116437577442,-1.9484775212393
"TraesCAD_scaffold_072198_01G000100",0.792128039331421,0.439051224114239,1.8748905676291,0.600171084411459,-0.395868386681091
"TraesCAD_scaffold_014815_01G000100",0.790745503566302,0.5409699518843,1.45367050044569,0.509779747167201,0.855253113467178
"TraesCAD_scaffold_088686_01G000500",0.788500290511355,0.661947489802768,2.02223861237859,-0.0121032089708034,-0.156785981778123
"TraesCAD_scaffold_005426_01G000300",0.788447689827465,0.352227991118206,1.32492005280588,0.622505866828914,1.26153978146779
"TraesCAD_scaffold_075510_01G000100",0.787058864280659,0.118099045225884,1.05349439667101,0.543978396608746,0.0333419688370582
"TraesCAD_scaffold_097456_01G000100",0.781976225367113,0.245507565975972,1.55081619142087,0.584196875399544,-0.140341438238163
"TraesCAD_scaffold_009138_01G000100",0.781948660016707,0.596295441767809,1.75181448097483,0.119700027516705,-0.319211921548304
"TraesCAD_scaffold_019520_01G000700",0.780964292278174,0.451572716347632,1.16422890404,0.300544892270566,0.598704847080658
"TraesCAD_scaffold_039903_01G000100",0.780851633976811,0.350678559506267,1.15417465046374,0.714569497755784,-0.71090274214812
"TraesCAD_scaffold_093408_01G000100",0.780685550000723,0.423997591171445,1.10705346508851,0.730869617406329,0.00238365333205671
"TraesCAD_scaffold_018778_01G000200",0.777796022867753,0.635631850767641,1.86029788208211,-0.0342957624066769,-0.772197570505908
"TraesCAD_scaffold_041104_01G000200",0.776487759963181,0.302749748266803,1.48033712156698,-0.096680933103941,0.41167461390608
"TraesCAD_scaffold_051953_01G000100",0.775026403858519,0.515402695699814,1.71707890994139,-0.0826697264724844,0.099915391358124
"TraesCAD_scaffold_135599_01G000100",0.774189750461541,0.699508930403568,1.83368186590779,0.504758599018602,0.294408109486018
"TraesCAD_scaffold_032633_01G000100",0.773154276583412,0.268673545422391,0.943413671270886,0.60586429703117,0.510569872894711
"TraesCAD_scaffold_040872_01G000200",0.772780139934137,0.593104918225829,1.59166580427658,-0.23614271545651,0.664539529754081
"TraesCAD_scaffold_026285_01G000400",0.772094713200695,0.194138717500626,0.5282112759396,0.130249888801143,0.878387130505874
"TraesCAD_scaffold_173620_01G000100",0.770245311659316,0.726250883436161,2.51814558916734,0.694177404878131,-1.14798835599424
"TraesCAD_scaffold_065918_01G000300",0.768711089805755,0.598910173201557,1.17260013492546,0.800263371547857,0.777021109383857
"TraesCAD_scaffold_077864_01G000100",0.768456444961763,0.51108972914526,1.01321981199317,0.791537729175066,0.251660828890103
"TraesCAD_scaffold_052808_01G000200",0.767006641450771,0.155357233546288,0.11098251122524,0.984468058917961,-0.0693889449592929
"TraesCAD_scaffold_091955_01G000200",0.763998254511648,0.45970752020553,1.24183759418828,0.36357748813439,-0.0560226301635619
"TraesCAD_scaffold_085730_01G000200",0.762827630030843,0.12693227899284,0.617972143980443,0.104403437605649,0.939737636647042
"TraesCAD_scaffold_080830_01G000100",0.762355803149616,0.537220794199565,1.42203880224644,0.83989606731811,-0.328944968283619
"TraesCAD_scaffold_001866_01G000300",0.760543667733641,0.568669508651131,1.03120805419389,0.500924241094486,-0.796938585769229
"TraesCAD_scaffold_049290_01G000100",0.756620986851571,0.317263932145365,1.1372551233899,0.349493099539145,0.180137848221454
"TraesCAD_scaffold_041774_01G000400",0.753151540240441,0.430232873810014,2.29703927113436,0.369039429902633,-0.616950553230494
"TraesCAD_scaffold_125877_01G000200",0.748868108593641,0.505255240576259,1.7061518499353,0.353240619128706,-0.193581018865689
"TraesCAD_scaffold_014560_01G000100",0.747712181867562,0.217985426105393,1.06910653223213,0.554832311665146,0.159532315799583
"TraesCAD_scaffold_004421_01G000200",0.742053073043611,0.0996265131106193,0.937220719107524,0.806660356683733,0.278715704096636
"TraesCAD_scaffold_058926_01G000100",0.741941201123008,0.558213338170727,2.0239052136494,0.609584250872064,-1.15934862013595
"TraesCAD_scaffold_092581_01G000200",0.741404603190674,0.668159556784245,2.5776089566832,0.842374929385301,-1.68351461828457
"TraesCAD_scaffold_104630_01G000200",0.740907277184684,0.583185586415768,1.37968926920713,0.83753660315154,-1.02736350617281
"TraesCAD_scaffold_062294_01G000100",0.739121687219542,0.14340016996166,0.656984045701442,0.410350691563876,0.216006404295469
"TraesCAD_scaffold_044067_01G000100",0.738586864779679,0.491838814946001,1.35923676992051,0.0991064302340191,0.346439086113351
"TraesCAD_scaffold_057292_01G000200",0.737100038337454,0.562020059182622,1.5312046835157,-0.18700197032622,-0.516801682034683
"TraesCAD_scaffold_057707_01G000100",0.737098357658205,0.451603426504221,1.78866743006119,0.533906726613455,-0.0936104480738806
"TraesCAD_scaffold_079313_01G000400",0.736388883894501,0.116700131142772,0.0951456282898074,0.387931679332762,0.528074999778556
"TraesCAD_scaffold_096119_01G000300",0.736008759806972,0.482480552464757,1.8085192883566,0.517033686221573,-0.93495654138389
"TraesCAD_scaffold_045511_01G000100",0.734521866047621,0.424072071518743,0.635774670679373,0.805705582877054,0.579783574173654
"TraesCAD_scaffold_002745_01G000100",0.732829702138827,0.428446919273275,0.918683491823352,0.0677183657252125,-0.256244394633821
"TraesCAD_scaffold_073823_01G000100",0.732251653798076,0.557961422517226,1.74640522954469,0.586599800482029,-0.559436885112217
"TraesCAD_scaffold_022510_01G000200",0.731907249512625,0.36202357919304,1.6989589659247,0.631298626353355,-0.124544949001837
"TraesCAD_scaffold_037590_01G000100",0.731797325581961,0.557741105580777,1.42333821863777,0.751147280183327,0.476366884958244
"TraesCAD_scaffold_022538_01G000100",0.731195970876458,0.227827355280308,0.686682883171146,0.592343831061843,0.389736708561161
"TraesCAD_scaffold_036774_01G000100",0.730806613935169,0.562870301617829,2.5509161054491,0.576896800804929,0.75865884296779
"TraesCAD_scaffold_044940_01G000100",0.727251871944668,0.174293796230552,0.821149863844069,0.301994366560754,-0.00839437946445333
"TraesCAD_scaffold_027656_01G000100",0.726457592266673,0.568495806361889,2.36482456900529,0.726099439312213,-0.590930168352158
"TraesCAD_scaffold_030870_01G000100",0.72567571979866,0.599330107709126,1.74771178421555,0.729867419039399,-0.579948367796124
"TraesCAD_scaffold_090175_01G000100",0.724684090311568,0.0964671091525365,0.87719504933988,0.799394060638734,-0.0995087140965243
"TraesCAD_scaffold_048394_01G000400",0.724075590486446,0.464902645970111,1.08370204163299,0.34544962294248,-0.255808200914221
"TraesCAD_scaffold_043967_01G000200",0.723556013911853,0.489940764606685,1.88537994524512,-0.142934701517378,0.163943964626853
"TraesCAD_scaffold_098864_01G000300",0.717479038084777,0.154111057192453,1.01053040099805,0.0905768175102716,1.10870354810539
"TraesCAD_scaffold_071969_01G000300",0.715452523583916,0.581209420753312,3.48695379455968,0.724600648346294,0.337458133572347
"TraesCAD_scaffold_006441_01G000600",0.715340392559173,0.594065099826077,1.81124517650231,-0.437455359195542,0.21174515331604
"TraesCAD_scaffold_076444_01G000300",0.71473966725155,0.61470408049698,1.65100810789981,0.132485556404041,-1.02408934730901
"TraesCAD_scaffold_047281_01G000100",0.713810143110333,0.175645802329263,0.281362002111162,0.816148300802724,0.0468345008030909
"TraesCAD_scaffold_012940_01G000300",0.710368793392048,0.244549948576696,0.945919283931187,0.181129787157831,0.199135718776505
"TraesCAD_scaffold_023565_01G000300",0.710305345045328,0.471967520835942,1.58344558031931,-0.404127884046885,-0.458169773144956
"TraesCAD_scaffold_018432_01G000100",0.710088353181328,0.256785106186192,1.09165102486982,0.322329494644309,0.170040427334941
"TraesCAD_scaffold_167501_01G000100",0.709965643370921,0.521332348260814,1.44201046860233,0.579866844037754,0.178619339236877
"TraesCAD_scaffold_046476_01G000300",0.70993608688887,0.545932986361352,2.44404154400982,0.640669584151151,0.348134105447222
"TraesCAD_scaffold_107336_01G000200",0.70776865321245,0.585934673386473,1.35550396515479,0.405458598344226,0.945581908045126
"TraesCAD_scaffold_073336_01G000200",0.707508513746374,0.534276853670106,1.31790472681345,0.613712466243818,-0.706124359025564
"TraesCAD_scaffold_019438_01G000300",0.703901946705857,0.502731248006292,0.420191085164854,0.691929281644318,-0.302781887283749
"TraesCAD_scaffold_008737_01G000100",0.698188586148737,0.464741068984895,1.1489432335832,0.657384660815494,0.0911287730831346
"TraesCAD_scaffold_052860_01G000100",0.696658069282176,0.259036871331225,0.224708977635075,0.655737810012758,0.187641756304124
"TraesCAD_scaffold_081588_01G000100",0.696311283605529,0.444982230622344,1.55036963771102,0.521269807807968,-0.906522821367946
"TraesCAD_scaffold_067886_01G000100",0.695642106550193,0.295901203937782,0.896342453163654,0.443263661674252,-0.45683114897588
"TraesCAD_scaffold_034505_01G000100",0.693086067154989,0.236004232944892,0.630257821398718,-0.314540659685331,0.610104159970722
"TraesCAD_scaffold_071719_01G000100",0.692347046175735,0.254556429862076,0.20827406314837,0.722608363642551,1.09247329063308
"TraesCAD_scaffold_027856_01G000100",0.691744242675094,0.587447771913016,1.64787922483231,0.213222019814457,1.20756591124973
"TraesCAD_scaffold_090672_01G000200",0.69124919714207,0.537537124338518,1.38467365676409,0.856321943942208,0.710302906388418
"TraesCAD_scaffold_154229_01G000100",0.689053110232459,0.32409981541363,1.32109894643416,0.629899979495841,-0.439473867820124
"TraesCAD_scaffold_034865_01G000100",0.688265692294839,0.348834935552401,0.478094353315581,0.120998996426749,-0.331522726675155
"TraesCAD_scaffold_062360_01G000200",0.688159253408828,0.639339685691706,1.95940391155713,0.381007512636693,-1.12340065017344
"TraesCAD_scaffold_068863_01G000400",0.686785117534226,0.272311738299344,0.985908124510812,0.871621628925004,-0.367660761238445
"TraesCAD_scaffold_055094_01G000300",0.686742094571824,0.597926967006832,1.87648132707654,0.785155844904982,-0.435402315523021
"TraesCAD_scaffold_012181_01G000200",0.686355177072816,0.511510373810055,1.55663379870353,0.942957230621851,-0.740195026856868
"TraesCAD_scaffold_026026_01G000100",0.682147844038353,0.360171883980725,1.09397139641676,0.467308657691734,1.29625877786819
"TraesCAD_scaffold_017012_01G000200",0.680206914946356,0.405240252252753,1.22915109736946,0.434415178850511,0.613510849844471
"TraesCAD_scaffold_106873_01G000100",0.680174029229624,0.556365606970979,1.36710160168199,0.551192393267486,-0.00962074182837983
"TraesCAD_scaffold_036722_01G000300",0.679695008807136,0.305340365673057,0.796388867614682,0.872425066660267,0.223291868197677
"TraesCAD_scaffold_019191_01G000200",0.678983318970019,0.565333406388884,1.42020284488203,0.958718560203603,0.882772637876873
"TraesCAD_scaffold_088300_01G000100",0.677870596228918,0.324452724439973,0.730300264164618,0.447890119797973,1.02507843440002
"TraesCAD_scaffold_070471_01G000200",0.677308351760668,0.31497414408304,1.17052699694324,0.58664353660983,0.114273660214125
"TraesCAD_scaffold_121600_01G000200",0.674942120960755,0.417760585120211,1.29896329055964,0.363469149713242,-0.0374610066432277
"TraesCAD_scaffold_103778_01G000100",0.674916568440197,0.124909187062192,0.217214656668445,-0.292803430632502,-0.0725284920366246
"TraesCAD_scaffold_020621_01G000100",0.672536941454485,0.341049050133083,0.565485588571313,0.865967440804903,0.692543540338996
"TraesCAD_scaffold_080071_01G000100",0.671264295397983,0.594247142008845,1.96001114138177,0.15991069801074,-0.288947079758871
"TraesCAD_scaffold_062325_01G000100",0.670843014352104,0.487310498234564,0.914414786595765,0.571284984797765,-0.727844540568725
"TraesCAD_scaffold_035674_01G000100",0.66913503182944,0.414641701106334,0.645256979625953,0.792745066226762,-0.0220758941654498
"TraesCAD_scaffold_016988_01G000200",0.66403136494117,0.235175656220325,1.13891409774587,0.379121644520778,0.722218896030569
"TraesCAD_scaffold_067637_01G000100",0.663448826471758,0.60378204701742,1.52953333479206,0.618054190966492,1.1622673311248
"TraesCAD_scaffold_104943_01G000100",0.662308335302592,0.128967037355791,0.581342225140125,-0.010771254197569,0.00902543501642669
"TraesCAD_scaffold_069948_01G000100",0.661846194747388,0.307165807960771,0.662358320534629,0.273491099002485,0.900319863273641
"TraesCAD_scaffold_085022_01G000100",0.660782127376105,0.30522867877221,1.30090767480072,0.575798339444811,-0.00706714323872802
"TraesCAD_scaffold_083103_01G000100",0.657671445941101,0.4862184172715,1.87606489997761,0.733592500011212,-0.872037280295927
"TraesCAD_scaffold_000647_01G000600",0.656760280249529,0.411542993543015,1.75669118029565,0.228254124672083,-0.0372068938318173
"TraesCAD_scaffold_087691_01G000200",0.654908268338347,0.574918353857359,2.39174972016806,0.792120266637175,-1.51546856252893
"TraesCAD_scaffold_024702_01G000100",0.654050195683878,0.254349557348806,1.03390610151991,0.403148288955462,0.355769805001137
"TraesCAD_scaffold_021862_01G000100",0.652494093549954,0.403546511582201,1.77739460768799,0.822303388326284,-0.0872121624988671
"TraesCAD_scaffold_025692_01G000200",0.652478653343365,0.383655258977338,0.346393863027334,0.887745166096201,0.678315105898469
"TraesCAD_scaffold_037427_01G000100",0.650986444671978,0.249052358825447,0.79454733539118,0.689283596925553,0.347434124600228
"TraesCAD_scaffold_024406_01G000200",0.650066295734401,0.451120460775563,1.15036891754589,0.750535160510234,-0.0136302054947046
"TraesCAD_scaffold_051466_01G000100",0.648670801446428,0.210233744076609,0.63888110499724,0.477274093609453,0.82793636748194
"TraesCAD_scaffold_103132_01G000100",0.648432169152231,0.281351688608836,0.65186850011173,0.466652715599742,-0.0547285655077178
"TraesCAD_scaffold_023201_01G000100",0.646613364881363,0.410915944386364,0.43694710949122,0.541369146502543,0.667416508682712
"TraesCAD_scaffold_065745_01G000100",0.645176972893589,0.524394267939281,1.23396005340383,0.45845791189188,0.322005059066726
"TraesCAD_scaffold_016145_01G000100",0.645136426840519,0.366423915894925,1.11647464246236,-0.339802791340601,-1.03515501909397
"TraesCAD_scaffold_046300_01G000300",0.642223124383287,0.430896943730034,0.782094404228217,0.865065251400445,-0.571364818505773
"TraesCAD_scaffold_008309_01G000100",0.642184931028051,0.315937137762126,1.07484170636029,0.285271992673654,-1.14050743836997
"TraesCAD_scaffold_030397_01G000100",0.640949516633705,0.330451387033721,0.970700937737285,0.519191001790322,-0.0358883509509831
"TraesCAD_scaffold_000744_01G000100",0.64066841685961,0.169238322402258,1.16184310194611,0.551306971865703,0.427811052048116
"TraesCAD_scaffold_036516_01G000400",0.638659877721299,0.278975210567234,0.792859631243158,-0.401303609124814,0.5175021679313
"TraesCAD_scaffold_005067_01G000300",0.637739186398367,0.383291706490926,1.45563629218436,-0.0644713633144234,-1.56211776368387
"TraesCAD_scaffold_058939_01G000200",0.637707577241868,0.356499516550116,1.18380662281309,0.758874558517981,-0.115988202295756
"TraesCAD_scaffold_003085_01G000300",0.632744785290453,0.373805989606264,0.639536090107067,0.294715530513022,0.871714030688236
"TraesCAD_scaffold_019656_01G000100",0.632687234982105,0.277407254557771,0.727996685819679,0.619511905666468,0.478425043781819
"TraesCAD_scaffold_043421_01G000200",0.625212002706215,0.365530854263157,1.43243581767146,0.314605937585733,-0.0909796052427296
"TraesCAD_scaffold_103982_01G000100",0.621701345778129,0.178709882320937,0.653912235370208,0.624889877024553,-0.0104720087432276
"TraesCAD_scaffold_068659_01G000200",0.62024041012677,0.229680142041862,1.06812108525599,0.393700008810245,-0.882914636581621
"TraesCAD_scaffold_099696_01G000200",0.620169384793216,0.594807968473364,2.16104945945422,0.500088453581951,-1.06509182613319
"TraesCAD_scaffold_086081_01G000100",0.619498361805194,0.522931042449535,1.65993319048916,0.566479099450845,-0.820769065708488
"TraesCAD_scaffold_086489_01G000100",0.619397581117645,0.425526670815907,1.24527293272262,0.586762675648203,-0.203094963597082
"TraesCAD_scaffold_009620_01G000100",0.615072193189824,0.222843688563106,0.925588884624656,0.857505755448971,0.0873914160548317
"TraesCAD_scaffold_030662_01G000300",0.609840259064615,0.126268688240819,0.65757183475561,0.648400874262516,-1.15918176604947
"TraesCAD_scaffold_037807_01G000100",0.609379030323661,0.309951754691416,1.08368207942814,0.470585280169736,0.393324630103588
"TraesCAD_scaffold_081112_01G000200",0.609166576699478,0.593133768007339,2.07906475369643,0.252212884579648,-0.411439451647359
"TraesCAD_scaffold_027988_01G000300",0.605433636838735,0.338104254008908,0.906893595651106,0.487013002522717,0.240332753099555
"TraesCAD_scaffold_099826_01G000100",0.600348882957892,0.150944191387839,0.228106245722113,0.761633838262808,-0.137426280223093
"TraesCAD_scaffold_030195_01G000100",0.596265469557713,0.314281794422865,0.298407022591389,0.693949077339091,0.366255363066371
"TraesCAD_scaffold_016205_01G000200",0.595921929033496,0.298835870077739,0.886042199102706,-0.0257014864156119,0.252591244558238
"TraesCAD_scaffold_019904_01G000100",0.594456432107581,0.194927397825604,0.199021534232224,0.814393919149808,0.135897089775788
"TraesCAD_scaffold_020720_01G000100",0.593590782728073,0.15905950506763,0.597952970212875,0.646770087588941,-0.686829710118144
"TraesCAD_scaffold_025278_01G000100",0.592800548681943,0.19902686047615,0.933610674716396,0.547264249275603,-0.038557548878142
"TraesCAD_scaffold_091672_01G000100",0.592081996286532,0.493085194567737,1.86209811077407,0.265877979499957,1.18053972058968
"TraesCAD_scaffold_054895_01G000300",0.591436973489928,0.389399495996628,0.994996577858521,0.58588198098221,-0.758427449839821
"TraesCAD_scaffold_077991_01G000100",0.590074065264357,0.341612717683217,1.19215019714574,0.473157553517266,-0.360815131815819
"TraesCAD_scaffold_110288_01G000100",0.589088412670597,0.192966950621843,1.60020143932148,0.75019020483617,-0.141051913258456
"TraesCAD_scaffold_081960_01G000100",0.587725098381498,0.272880673679817,1.06341809262694,0.429895339347403,0.400101523273217
"TraesCAD_scaffold_090322_01G000100",0.587703889965859,0.168538370421962,0.42070379763975,0.868148445894857,0.0488037356550855
"TraesCAD_scaffold_048924_01G000100",0.587603673035258,0.0787734145889869,0.606886449653472,0.0846662441948379,0.658881544537549
"TraesCAD_scaffold_031195_01G000100",0.58711036769026,0.452873675933245,1.35099907038712,0.768288921698667,-0.419806095420487
"TraesCAD_scaffold_005532_01G000100",0.586856963068617,0.392876574271047,1.52818993595124,0.508948720276508,0.0478042714625603
"TraesCAD_scaffold_092989_01G000100",0.58606187755746,0.513598128128905,1.4875293794243,0.166414857473928,-1.11925972990228
"TraesCAD_scaffold_047953_01G000100",0.583984711112304,0.442274249019519,1.73989788619841,0.942553242802212,-1.07612448017726
"TraesCAD_scaffold_003580_01G000200",0.578064821585935,0.366416006846877,0.814181702199281,0.628846922321569,-0.349403854117412
"TraesCAD_scaffold_003001_01G000300",0.577307122770953,0.214957350014556,1.02792656298386,-0.0232947480179104,0.178540106562575
"TraesCAD_scaffold_001480_01G000500",0.575741415776711,0.273353857080575,1.50077142546849,0.481357984475109,0.387842832462923
"TraesCAD_scaffold_056821_01G000400",0.573840578812847,0.10222360757307,0.574297488559381,0.746452708477303,0.0890153505209732
"TraesCAD_scaffold_115499_01G000300",0.573311989920604,0.295620899248307,0.866175261969223,0.588481084637136,0.0799722456978289
"TraesCAD_scaffold_001183_01G000200",0.572022009177266,0.31816635522541,1.52171803047073,0.701776115494823,0.445129292032751
"TraesCAD_scaffold_020221_01G000200",0.571843236303224,0.099624617020268,0.217425170751679,0.067587736836128,0.468359157580746
"TraesCAD_scaffold_006297_01G000500",0.568214752368105,0.285035222292377,1.68747634789161,0.491456684884545,-0.155162000628597
"TraesCAD_scaffold_012298_01G000100",0.566447195182789,0.0753973569886634,0.240353283433247,0.818520960325309,0.676821795624732
"TraesCAD_scaffold_014176_01G000200",0.564993500120918,0.11840066992346,0.818956914580617,0.467390552902888,-0.346164495068852
"TraesCAD_scaffold_049593_01G000200",0.562322358897232,0.41113874610849,0.955390476695514,0.835446639991175,0.530634293012483
"TraesCAD_scaffold_074398_01G000100",0.557579935646642,0.364257496722883,1.20106193765151,0.238988454491352,-0.382451574693642
"TraesCAD_scaffold_045822_01G000100",0.556151057844747,0.208142925337677,0.931459048728512,0.848437855711824,-0.048847024204939
"TraesCAD_scaffold_055510_01G000300",0.554617750825261,0.424474129033667,1.46493521851595,0.761172709999713,-0.673765989534433
"TraesCAD_scaffold_029281_01G000200",0.549513196115415,0.498722551448527,1.52026587259403,0.358889771493381,-0.94250170905324
"TraesCAD_scaffold_112848_01G000200",0.545331846130274,0.317217892251299,0.472806243505192,0.891330623277405,0.217802903226851
"TraesCAD_scaffold_053516_01G000100",0.542183655355661,0.267086964569483,1.14018615800727,0.616260255643581,0.447728292262232
"TraesCAD_scaffold_025647_01G000200",0.539552351189827,0.209797290109541,0.47684042896307,0.568501276580487,-0.282196400248937
"TraesCAD_scaffold_025270_01G000200",0.533762384367661,0.133882630444949,0.68256345831372,-0.105364163525666,-0.0361161612346307
"TraesCAD_scaffold_052715_01G000200",0.523709724569462,0.405266956991185,1.25656698320367,0.805665750946185,-0.0862178494455732
"TraesCAD_scaffold_091492_01G000200",0.522363703779426,0.416651917637728,1.37565335117307,0.79756761113455,-0.297645621596514
"TraesCAD_scaffold_087575_01G000100",0.518834568817811,0.299247847478522,1.3498088105044,0.696289546659513,-0.67175329995321
"TraesCAD_scaffold_101213_01G000200",0.518292231813916,0.488034380650812,1.33321839965811,0.923950250136995,-0.728298628676053
"TraesCAD_scaffold_050707_01G000300",0.517701209286558,0.327383192454656,1.82401503719074,0.824407816667226,0.358366992648505
"TraesCAD_scaffold_006154_01G000100",0.515648320545895,0.261691084686883,1.09711384875968,0.108024985208742,-0.387717232026157
"TraesCAD_scaffold_037752_01G000100",0.511965278928661,0.27264093902733,0.754592133681499,0.735043033857957,0.594215051385449
"TraesCAD_scaffold_007874_01G000100",0.510376668283665,0.18940941746239,0.628796679783626,0.861608612383699,0.717447656455354
"TraesCAD_scaffold_086744_01G000100",0.510252958183877,0.222114320505703,1.32973970764212,0.139215050690495,0.166893781651423
"TraesCAD_scaffold_129216_01G000100",0.509649550979159,0.272835651221326,0.773157062564814,0.475712267646581,0.487648054048931
"TraesCAD_scaffold_076444_01G000100",0.5082413555794,0.252432028624438,0.442397921869746,0.857522769256061,0.129436924255515
"TraesCAD_scaffold_016575_01G000300",0.505672375668692,0.344935190533709,1.57329082221462,0.555183894135967,0.804571680571557
"TraesCAD_scaffold_098529_01G000100",0.505304405414434,0.333828845687528,1.49172593570257,0.690134122690358,0.777786024665308
"TraesCAD_scaffold_048607_01G000100",0.503411790794341,0.0853135780121475,0.808393392644928,0.927004371135829,0.0188708813801792
"TraesCAD_scaffold_042825_01G000100",0.493270827800814,0.33251900279536,0.660672089000928,0.767458473183071,-0.103803029039402
"TraesCAD_scaffold_057816_01G000200",0.492194930987659,0.364433853291418,1.13335110391813,0.741350552403479,-0.400334519703957
"TraesCAD_scaffold_063992_01G000100",0.491898416457128,0.1949651194865,0.644308423560071,0.868072979430998,0.965760491363843
"TraesCAD_scaffold_002024_01G000200",0.491726122358604,0.242959483542374,1.3694463475304,0.767205506245411,-0.371394637993609
"TraesCAD_scaffold_065547_01G000100",0.489799131227774,0.407648365322421,1.09303833097721,0.813941905161531,-0.223536063745757
"TraesCAD_scaffold_019618_01G000200",0.488921049511201,0.213955279623444,0.239988306468394,0.766254606038544,0.147011985077746
"TraesCAD_scaffold_039762_01G000100",0.488227836333361,0.324023842787988,0.85363563067186,0.113187359439999,0.568805791469178
"TraesCAD_scaffold_014466_01G000400",0.472698082446429,0.341218187313036,1.48612600897821,0.641363409318495,0.0958730074916345
"TraesCAD_scaffold_081034_01G000300",0.471534086400123,0.208854208432808,0.730915755947458,0.795029404545431,0.0397856929906255
"TraesCAD_scaffold_023931_01G000200",0.470304883790738,0.164881540796514,1.63564211575289,0.810163629215303,-0.236749573682043
"TraesCAD_scaffold_128269_01G000100",0.469171028202793,0.367044823809864,1.2371688342699,0.162578969289588,-0.734620793657701
"TraesCAD_scaffold_031161_01G000100",0.458793461494896,0.319264084334185,1.14023073906694,0.488220403122295,-0.0316641264107414
"TraesCAD_scaffold_099972_01G000200",0.456483577724597,0.138366324152303,0.254544300678775,0.646459431965687,0.141919565997313
"TraesCAD_scaffold_034146_01G000800",0.443221100484684,0.151910326640028,0.486183384428469,0.430841083565695,0.561749113022039
"TraesCAD_scaffold_153650_01G000100",0.439747658663126,0.269617099093316,0.33315631880965,0.811606761707193,0.131855810308239
"TraesCAD_scaffold_012263_01G000100",0.438410619149136,0.228200504981447,0.839191015608229,0.732793796879459,0.148103386627199
"TraesCAD_scaffold_133213_01G000100",0.421284340421675,0.24715081411675,0.659764954991291,0.81610738246681,0.489232000299203
"TraesCAD_scaffold_006030_01G000100",0.41900545494349,0.116728357733296,0.958757374645798,0.917055019178888,-0.0198176527472565
"TraesCAD_scaffold_056084_01G000100",0.413994880602304,0.214355937793452,0.352877736126039,0.910889654623909,-0.21313249524708
"TraesCAD_scaffold_054741_01G000200",0.395670821533541,0.125236609182782,0.48050510453835,0.821284350190296,-0.146131831932578
"TraesCAD_scaffold_049099_01G000200",0.38368707088673,0.340209285932956,0.895330972605376,0.824419076942505,0.148379367083829
"TraesCAD_scaffold_033939_01G000100",0.381346055980438,0.215705482315016,1.17928480289589,0.927070373487846,-0.294573618556724
"TraesCAD_scaffold_013569_01G000100",0.38013915333405,0.0678639988066279,0.426878410751631,0.813270166615173,0.499925054550096
"TraesCAD_scaffold_031505_01G000300",0.375394090926255,0.24076616833415,1.5627540817226,0.853884637977787,-0.310453162613425
"TraesCAD_scaffold_021918_01G000100",0.372348394793643,0.0243552503107016,0.583095837136522,0.942074698720696,0.083729111075913
"TraesCAD_scaffold_052346_01G000400",0.346120653766222,0.103917812593442,0.684001887372888,0.36937262802387,0.157893021958421
"TraesCAD_scaffold_038576_01G000100",0.332059378585814,0.222386304578305,0.360027204512496,0.927367786328682,0.00855256834688998
