feature_id	t0	t6	t24	t48
ENSG00000003	-1.00875968653024	1.21106022353702	0.23679155292427	0.000646994477356166
ENSG00000012	0.0232639837691897	0.362408369902218	0.200770042572298	-0.192554635320301
ENSG00000015	-0.71869082338335	-0.110008978966717	-1.13619856795042	-0.956926714441423
ENSG00000018	0.229728786445364	0.173785825994872	-0.482340902593665	0.150756517601554
ENSG00000019	0.395789621324556	-0.707494593077334	0.416493855613602	-0.139541400053553
ENSG00000020	0.242963395115268	-0.139688948012134	-0.0282975193209012	0.417139711822601
ENSG00000024	-0.0456426362520332	-0.447921796215072	0.0529152477368982	0.392035012521099
ENSG00000025	0.0920190785559694	-0.0396201492745973	-0.326184489921634	-0.0388593181726691
ENSG00000029	0.259514530734045	-0.119087183599696	0.327390965693022	0.256683060837888
ENSG00000031	0.00191320960709973	-0.193186273855185	-1.22499165786342	-1.33490655814037
ENSG00000034	0.0556147335030648	0.365898583911127	0.0293278629483691	0.282839798002865
ENSG00000035	-0.54196283939214	0.241073164838957	0.119711022343389	0.579965362520367
ENSG00000036	-0.183266672859051	-0.319448708372864	-0.0726649172304814	-0.0652457512542934
ENSG00000037	-0.248890674673079	-0.0152467877673503	0.147162901483453	-0.119694120621418
ENSG00000041	0.102875373719353	-0.0721909442791553	-0.0985282360242152	-0.238007454446832
ENSG00000042	-0.0137243836657621	-0.106871747180222	0.0380852857669263	0.1496646046807
ENSG00000043	-0.3385031525738	0.276516437447889	-0.158544652166881	0.377478091108987
ENSG00000044	-0.0249644572302836	0.179068739756047	1.89640063756516	2.03581682406545
ENSG00000047	-0.0923580569536613	0.342480484801764	-0.0633505732423272	0.499483069949193
ENSG00000048	0.210707885719029	0.00645099646626601	0.129212926668749	0.120660179785605
ENSG00000050	-0.530719073273801	0.189648084612635	-0.0566726172477772	-0.217458735091316
ENSG00000051	0.0959512904460782	-0.569978017732304	-0.0877764530511129	-0.20733479080232
ENSG00000058	0.343220080564669	0.10477064538301	-0.136514363973751	-0.371054326406297
ENSG00000060	-0.480738157404371	-0.160517448766448	0.0485279971337782	0.263638205693518
ENSG00000067	-0.375580908695506	0.178039277216743	-0.481769150097443	0.334612193244694
ENSG00000068	-0.258654334993565	0.0762901830444349	-0.00710512412279307	-0.188612477642023
ENSG00000077	0.28683604510895	1.74247766960093	0.289345410805593	1.33327582515858
ENSG00000078	-0.172135176283717	0.404498971735213	-0.574334065342732	0.233839315015929
ENSG00000082	-0.276777569171762	-0.614267676680971	-1.00198013875764	-1.56886255063528
ENSG00000085	0.0266975135023548	0.00524734462658039	-0.438152723592976	-0.200727763472951
ENSG00000088	-0.166725013866111	0.270471081565251	-1.3021360349339	-0.435715981415635
ENSG00000089	-0.0720361439661499	0.263690215716937	0.167791070435279	0.371530130797712
ENSG00000093	0.162208616786342	-0.001000200507284	-0.0853084052562343	-0.210089103518913
ENSG00000094	0.196873331329741	-0.0348528905004386	-0.421848351809574	0.142032682679536
ENSG00000095	-0.013095506838436	0.376699062789649	1.30661938867128	0.532337382174937
ENSG00000096	0.637324355494835	-0.0134659397098673	0.1393077748009	0.370159404195265
ENSG00000100	1.83121265797189	-0.214720306264709	1.59191975549621	-1.40956468343879
ENSG00000101	-0.657706255636486	0.0869672166161735	0.687700985475793	-0.0806771748520942
ENSG00000102	-0.0273390196178216	-0.375593673893915	0.546260711751048	1.25825104775458
ENSG00000109	0.227324640654923	0.0734788577777064	0.281312498174639	1.58828922907909
ENSG00000111	0.106957397528103	-0.0190008021270405	-0.32256937641642	0.0834205350258035
ENSG00000112	-0.0788820946727542	0.0361508395780454	0.171501335512922	-0.0280703789890104
ENSG00000114	0.456347619850532	0.260997805118083	0.1425157775064	0.54482218998031
ENSG00000116	-0.310369997347716	-1.03246833982077	-0.438895234894133	-0.0660395290310154
ENSG00000119	0.130556540066234	-1.78126016474299	0.402523756213958	0.310441351590043
ENSG00000120	-0.154769995784803	-0.622109280768886	-0.0835933216972	-0.452221190805557
ENSG00000122	-0.387569451421168	-0.195203823877589	0.281752604232228	0.421874959240172
ENSG00000123	-0.375564395978494	0.0390603237510643	-0.482949805478152	0.263855585697314
ENSG00000125	-0.133006072375163	-0.368000685362374	-0.0174723616365489	0.387070315025813
ENSG00000126	-0.0665185156857522	0.584023267621212	1.35552357138672	1.38165932534617
ENSG00000129	-0.0257057752765588	0.23154900284626	0.0383564617700642	-0.433316780927224
ENSG00000134	0.277394422897708	-0.291963290400489	-0.10988148824222	-0.315346547004728
ENSG00000136	-0.210761355579033	0.0973164545221632	-0.848301817562731	-0.272191038663536
ENSG00000138	0.160133184244314	-0.395007690146445	-0.228676532780616	-0.210970755218732
ENSG00000141	0.0872362410105172	-0.535272360395204	-0.327066163949176	-0.114723598349222
ENSG00000145	-0.0611652843328638	-0.515093592907164	0.559639700928427	-1.08926248449779
ENSG00000149	0.661253810768938	0.365245942743766	-0.049722706698704	0.697181032187155
ENSG00000155	0.388633198608439	0.118222762536965	0.209990655374487	0.0635137855305992
ENSG00000156	0.548343676722022	1.30330440009525	2.41024619701461	2.46040767778296
ENSG00000157	-0.80198673127141	-0.392002645929471	0.420763082207666	1.08539916267245
ENSG00000160	0.963485639364826	-0.154591945793714	1.82274524077705	0.971938752855924
ENSG00000162	-0.194027818724266	-0.110811737673073	-0.33769869695506	-0.18862317972193
ENSG00000163	0.502984443386929	-0.424607952754229	0.870133831074412	0.463904265038138
ENSG00000164	0.344468387381635	-0.395740480635281	-0.169390074027101	0.0163550890543291
ENSG00000166	-0.119929638862239	-0.0598937559488597	-0.175671725614887	0.272397178041201
ENSG00000168	0.112766670047467	0.252487075464725	-0.316195010320048	0.19449779207739
ENSG00000177	-0.24127540745978	-0.151717912310663	0.804447273069759	0.305237441933237
ENSG00000178	0.532663980958389	0.0497815045418513	-0.0224276461226864	-0.154270884005959
ENSG00000180	0.236384974943711	1.24753646452049	-0.756576822312793	-0.136977812617172
ENSG00000186	-0.0216723793483276	0.531682281474497	2.17585117225825	2.18201145750601
ENSG00000188	0.130424489440917	1.31886476512648	0.409040968093317	-0.57040866449656
ENSG00000190	-0.179414545440835	0.245137269723823	-0.485769947616664	0.16029903888
ENSG00000192	0.141292878255769	-0.204270593554268	-0.0466825722007354	-0.142502938943901
ENSG00000194	0.0816683020604758	-0.526381023991074	-0.341221064147259	-0.33971621943572
ENSG00000196	-0.115318914530468	0.122928129569868	1.1443253493941	1.2851714827761
ENSG00000197	0.365351103020845	0.151676953443332	0.845561098676757	0.0136553667384769
ENSG00000198	-0.0803231062189438	0.17552624500731	1.08078450164872	1.84681543532144
ENSG00000199	0.0676570426283636	-0.0995095600986122	-0.754722515319752	-1.27758436638127
ENSG00000203	-0.212108693344613	0.209598654785598	0.169828030905601	0.584397500555133
ENSG00000206	0.580620696853841	-0.165642317617694	0.222777886633791	-0.966306929495781
ENSG00000207	-0.00950203236312053	-0.0131622766332855	-0.0105573791374276	-0.255218723322743
ENSG00000209	-0.13183293648539	-0.898203993173628	0.170082075107993	0.290210128225313
ENSG00000210	0.501422337117547	-0.381620335354113	-0.125945480164536	0.181672522779238
ENSG00000211	-0.272341015749049	0.0580874045712498	-0.535621014329244	0.0225959690755424
ENSG00000213	0.219128604497751	-0.287156346897139	0.401732911410109	0.87744070683546
ENSG00000214	0.0698274452425638	0.355949717180756	0.888458941600577	1.17166816456028
ENSG00000215	0.312678856160128	-0.177777665416528	-0.2220839844817	0.0515104883942543
ENSG00000219	0.179160570855126	-0.2992027565234	-0.0923941904879477	-0.265442290130228
ENSG00000220	-0.0602925596557862	1.04045144258876	2.22268317328953	2.58527393965355
ENSG00000221	-0.428179820961775	-0.335250019602102	-0.104496709683988	-0.309476401682237
ENSG00000222	-0.279257566143665	-0.137513360940604	-0.594047832809999	-0.174479431341833
ENSG00000223	0.048147415494511	0.158260170555256	3.62213025706306	0.465596408101403
ENSG00000225	0.00913602689399795	0.256187966381182	0.0839964545012508	0.586560576595264
ENSG00000227	-0.000998251084004309	0.430871353023193	-0.142175140347934	-0.168747394547655
ENSG00000228	-0.123727511132437	1.47791091270757	2.21478956141047	1.21141273579817
ENSG00000232	0.0253243268464409	0.655828268504937	-0.453830660327068	0.102084120457322
ENSG00000233	-0.125811898048867	-0.784560507411124	-0.0503983443028675	-0.179273265789917
ENSG00000235	-0.240314600279119	0.383715276945448	0.637952870728279	0.780910389454446
ENSG00000240	0.569599492917203	-0.0290610418037844	-0.363552864013017	-0.46508135559795
ENSG00000242	-0.0621492786371496	0.559879918936424	0.85092526032105	1.38541928013501
ENSG00000246	0.057921286688992	0.165358358242537	-0.872143055102346	0.137320300089473
ENSG00000247	-0.12928728594478	0.324163417179403	0.370341611756887	-0.00481296563244804
ENSG00000248	0.404488960943702	-0.252720243758802	-1.61357012519274	-2.21231623221897
ENSG00000251	-0.140263763707877	-0.267334258093529	-0.121358816235929	0.335152320320649
ENSG00000254	0.406233420076524	-0.51141662947424	1.3467939293365	0.0162048834733701
ENSG00000256	0.288134687781257	-0.577654294705734	-0.293975566459627	0.07668930602137
ENSG00000257	0.11318379281367	-0.0217688498521671	-0.0769245162837997	0.37905446106457
ENSG00000259	-0.26158807929541	0.126587785789611	-1.33800733008603	-0.654187723711082
ENSG00000261	0.168631164340416	-0.172924069538751	0.0397838919308287	0.273250784958943
ENSG00000262	0.172771617321294	0.38342471960369	0.689846684251661	1.00978686681809
ENSG00000268	0.165152146444855	-2.11973611087984	-0.389893355793046	0.153397966429634
ENSG00000270	0.271777583768863	0.151232604253056	-0.529872648066991	-0.0348623691337728
ENSG00000283	0.0617938363853865	-0.15024802612979	1.47773769400469	1.85125746285281
ENSG00000284	0.0333406088260046	0.0228492002838498	0.260404733503877	0.235262969074113
ENSG00000286	-0.0438274943580659	-0.14281085456413	0.337370430127891	0.441460108233844
ENSG00000288	0.507345716853807	-0.953804620669023	1.04620184870713	-0.371777164617647
ENSG00000290	-0.246488924308058	-0.449165776835746	0.164060498871613	0.325493069960317
ENSG00000291	0.0720947694153731	0.4509285412172	0.474136755241663	-0.2129183886795
ENSG00000292	0.648583866403958	0.0760698764377077	0.163970732482196	-0.883650242925862
ENSG00000299	0.173568630903019	0.101848738447901	-0.0930139911329588	-0.276750126692249
ENSG00000302	-0.302157764240714	0.435618546659647	0.0348584273566326	-0.836163640658214
ENSG00000303	0.0472062540000522	0.648610699038565	0.226528052559472	1.02990786455793
ENSG00000306	-0.421690798793056	0.299947305159803	-0.29143295353737	0.403717554879421
ENSG00000308	-0.00301080891845729	0.0334089847755994	-0.0539484512022064	-0.155100296552887
ENSG00000314	-0.0329324869787175	0.412721215048813	-0.950556042565023	-0.276607621401999
ENSG00000318	-0.302972675667559	0.0723560995133683	-1.12158467911058	-1.21334437919308
ENSG00000320	0.14899193843787	0.355769075387086	-0.820576778764203	-0.482061456725753
ENSG00000322	0.228037380718426	1.1023909145149	1.79332705478568	1.84908999101465
ENSG00000323	-0.10518602315373	0.049164855336449	-0.0920742565811796	-0.261538114052625
ENSG00000326	0.553746154175644	0.844663889952993	-0.701236109857577	-0.43450008928066
ENSG00000330	0.22308498646364	-0.32151420073318	0.053812960145752	-0.137983290212897
ENSG00000332	0.0930390860393828	0.225338075670496	-0.183506966647176	-0.3691888958909
ENSG00000333	-0.00763098645072446	-0.186026934830537	0.321189735728687	-0.421845456287862
ENSG00000337	-0.296737990815995	0.298620247207891	0.224430322367803	0.067469376870628
ENSG00000338	0.00700290557687744	-0.0478827134473603	0.143025307683534	0.479858947260147
ENSG00000343	-0.407534147222227	-0.00777769704316533	-0.356176030624723	0.31892521863782
ENSG00000347	0.141364184931819	0.1854291777995	-0.0168862549319675	0.555311917394333
ENSG00000349	0.289246888407139	0.312680401240567	0.359682891645333	0.344919368303363
ENSG00000352	0.181367143901628	-0.259181973725351	0.0225869251550765	0.43590288373233
ENSG00000358	0.135922476632047	-0.187838187525188	-0.0460950218872469	0.113441304326447
ENSG00000359	-0.574063825337891	0.178912709462784	1.27959686576333	1.35816362501769
ENSG00000361	-0.10298868943135	0.125481476106549	-0.753021565405504	0.121492189080738
ENSG00000363	-0.188499453159092	-0.222256190296962	1.19396812980079	1.99054647103461
ENSG00000364	0.99094958041269	-0.277902877779816	0.489670630580236	-0.522664462048547
ENSG00000365	-0.00208553765288944	-0.0635570810342561	0.504492286703549	0.254929038448434
ENSG00000366	0.103505083265064	0.122514516505632	-0.618298491719035	-0.942702501316736
ENSG00000367	0.855555525248198	-0.15098464728867	-0.197537657701274	-1.12070807970035
ENSG00000368	-0.0532168485754125	0.414154751097608	0.33893098862323	0.0031960572362042
ENSG00000370	0.175270583130828	-0.0140136269634734	-0.19435642477519	0.272569191462947
ENSG00000371	-0.584322066986241	-0.529530659965046	0.0205661170515805	-1.79968384905226
ENSG00000381	0.083003611707317	-0.964766088506066	-1.50024719621499	-0.456565107407223
ENSG00000384	-0.287955496059279	-0.00691665301469158	0.301594042482707	-0.144083276139034
ENSG00000386	-0.175329867605792	-0.314425271989318	-0.252862130558404	-0.169386112668295
ENSG00000388	0.184762058856604	0.0813295976289012	0.316990704788434	1.48033775671177
ENSG00000390	0.149786527629758	0.175118975442922	-0.353934375660963	-0.104824997403731
ENSG00000391	0.389406905972293	-0.765550453011138	-1.17017264674474	-0.278671682458326
ENSG00000393	-0.207570121461398	-0.140408593901567	0.15573888356513	0.00268393332696526
ENSG00000397	0.35217224441438	-0.441359902215817	0.26430224039637	0.118230985879125
ENSG00000401	-0.411935198713084	-0.0117110387227664	-0.0573337389907804	-0.303073155821051
ENSG00000410	0.496576970708567	0.258144474253934	0.496232021871533	0.431765252717002
ENSG00000411	0.0207860126297383	-0.0235915358313665	-0.764485239196533	-0.472606105372721
ENSG00000415	-0.217282205966312	-0.43489379436964	0.146789137581147	-0.316032102384941
ENSG00000417	-0.203773300834182	0.0273681999060935	-0.0943867239877996	-0.178726253824177
ENSG00000419	-0.356263365318987	0.405234497723007	0.374225576633586	-0.363633565806271
ENSG00000420	0.64002081511117	-0.492702406530956	-0.592998078755106	-1.38594346850415
ENSG00000424	-1.34787094663577	-0.020134895795187	0.115641884334226	-0.487492468244383
ENSG00000425	-0.10985231629639	0.155141771458827	0.0408862872154838	0.179972895267944
ENSG00000430	0.265064687359863	0.390071122387797	1.89126691390428	1.73310106236371
ENSG00000432	0.152024594415131	-0.372548742784494	0.419575106361666	0.987502780638209
ENSG00000433	-0.19241380025336	0.315577308161612	-0.361696337771367	0.270386669377884
ENSG00000436	-0.229993536765895	-0.0795790070628097	-0.0150231122263502	-0.52155636314593
ENSG00000437	0.131350816762745	-0.0666675130009136	0.161232951271947	-1.7717245586903
ENSG00000440	-0.492883355030906	-0.108784984542708	-0.173392172580683	0.0732660097125732
ENSG00000441	0.0410972911390139	-0.195820132095468	-0.0331207374912328	0.340066672385202
ENSG00000443	0.0990616750611633	-0.0241156055748171	0.0494384737558251	-0.122479457253689
ENSG00000444	-0.0901034011392312	-0.313344761091601	-0.38518760662523	-0.1519423528482
ENSG00000446	0.314830280504541	-0.145253355346687	-0.21226663723713	0.190206738998212
ENSG00000447	0.214486054621874	-1.68721942862459	-1.03023475814331	-1.63466120467737
ENSG00000448	0.513386691728842	0.850312570449809	1.85156166239956	1.98175502659241
ENSG00000453	0.404220439650628	2.49802141047765	-0.208798283017912	0.240167873916881
ENSG00000454	0.547242216277989	0.201483357236549	0.0709301159394409	0.0190128357152339
ENSG00000455	0.108203856169488	0.180076081671087	-0.224835096811527	-0.129895513092277
ENSG00000457	-0.103624763449476	-0.0659327856791263	0.232936474195992	0.251273331345094
ENSG00000458	0.303921190985568	-0.321099590436168	0.00719790660730091	-0.00426005648096606
ENSG00000461	-0.308822673831198	-0.0141952943035202	-0.290622015697593	0.188268340123882
ENSG00000462	0.0659566086813896	0.103719172802894	-0.458752613897509	-0.120102382645559
ENSG00000463	0.138463581484169	-0.315732772984333	-0.269118068876967	-0.595658769798597
ENSG00000464	0.094832063439708	-0.30553028653041	0.678745871777531	0.500737054782522
ENSG00000465	-0.0705053420106339	0.311779098359436	-0.253109723091301	-0.0302365017711637
ENSG00000468	-0.506625234944475	0.139699563049557	0.353329441746777	-0.112580914805239
ENSG00000470	0.127223435074553	1.70044551118895	2.01322791473743	0.636665868220817
ENSG00000471	0.111515430843824	0.100853268023248	-0.172758315803141	0.0657581094450066
ENSG00000477	-0.210740360084397	-0.654187567164833	0.361160611211366	-0.1645895902581
ENSG00000478	0.161178074956648	0.0825340714363563	-0.119279978657252	-0.0564459568703892
ENSG00000479	-0.441421053909341	-0.0226713313844353	-0.423558549775873	0.243870105183648
ENSG00000483	-0.215579341614857	0.386113223148836	0.941894251446763	0.0591626684426636
ENSG00000485	0.354799857338826	-0.237432412336217	-2.31654882745322	-2.22518989157386
ENSG00000492	0.0817518435682789	0.049195831906431	0.386609349150129	-0.0957692805582235
ENSG00000494	0.647364047400151	0.0914366531654132	0.226137194033253	0.0699285193062291
ENSG00000503	0.161345302806936	-0.259435157777864	-1.11622885620634	-1.29730755748482
ENSG00000504	0.492356031866365	-0.184922355963532	0.15154519281655	-1.98774672376398
ENSG00000505	0.223050014051461	0.69023777226942	2.02494869711981	1.38733237592667
ENSG00000508	0.200029677833256	-0.478333211869421	0.992407536416157	0.43046941248633
ENSG00000512	0.0275363030988336	1.28222976735988	-0.327792916955283	-0.718006244359047
ENSG00000514	-0.264010089321362	0.00609693712199366	-0.0909310089510882	-0.0476458879685522
ENSG00000517	0.731553482243991	1.12614737561625	-0.266860088198393	-0.537442999904141
ENSG00000519	-0.272802403504659	0.553655849664178	1.16638651173072	1.52455778110473
ENSG00000523	-0.00892823759918393	0.145126283573411	-0.0529805772566556	0.694082401114342
ENSG00000532	0.114235387229446	-0.0207845879329893	0.0534683638030859	-0.269522226855615
ENSG00000533	-0.333313516712579	0.0505937365081977	-0.272586494937947	-0.329238505013247
ENSG00000535	0.324782856827118	0.155200430232903	-0.0145561403423207	0.28837970711542
ENSG00000540	-0.0510698583071791	0.0921916934622518	-0.0341931601679448	-0.463037581439404
ENSG00000544	-0.213128455541208	-1.01567699646077	-2.06447716691822	-1.19183880600355
ENSG00000547	-0.0544550029753461	-0.33887008596614	-0.295701953751004	0.184217538486659
ENSG00000552	0.350701398388102	0.0974759620458006	-0.351387093645734	-0.275376768269165
ENSG00000553	-0.331697802085729	-0.109223415801556	-0.338865554852987	-0.331974043836071
ENSG00000555	-0.0293330663050142	-0.519859006885454	0.376202633279663	0.640122194707484
ENSG00000558	-0.249516377853899	-0.343632019846288	-0.433897365999259	-0.028506302618295
ENSG00000559	0.0692717792400241	-0.57537946588815	-1.20859046375937	-1.53705754718447
ENSG00000560	0.342887125704436	-0.260579619113269	0.204307773611466	-0.483133601496332
ENSG00000566	-0.0359122840875994	-0.220640583176156	-0.281419378324269	0.100730715944989
ENSG00000567	0.126745117769564	-0.0560597307396424	0.840798348310777	1.83492390312177
ENSG00000568	-0.0528653580712559	-0.379504617249772	-0.0212810522058149	-0.167186311386346
ENSG00000572	0.622772902177341	1.6104318419857	1.68341135832606	0.0930797963980772
ENSG00000573	0.179329737539577	-0.0875713337369559	0.389964349997026	-0.0733216705169824
ENSG00000590	0.0174018210209477	-0.0159885197767178	1.3197216751582	1.44253043524301
ENSG00000592	-0.0477624531675218	-0.464853347533619	0.317557412882556	0.00421588529191652
ENSG00000595	2.92375573993694	0.185751872973326	-0.315638097292267	-0.605759309699307
ENSG00000597	-0.196960065005194	-0.157834584653282	0.402244018663399	0.286655262929112
ENSG00000598	0.0301812052737271	-0.37817493495614	-0.27137699082953	-0.865857742797967
ENSG00000599	-0.202784424872833	0.273760229498556	0.349247276965434	0.551723112632965
ENSG00000601	-0.264038300288272	1.32515213521279	1.60498482710374	1.48784063458833
ENSG00000604	0.106070225725888	-0.0894380906301162	-0.104475842121977	0.169238790724921
ENSG00000606	0.115390780323918	-0.273383605253869	-0.183335968479913	-0.287962167457263
ENSG00000607	0.302091961218027	0.0557609623136823	-0.278986158919638	-0.0508510612441953
ENSG00000614	-0.106660618483101	-0.564486110697331	0.0931417603589253	0.2477775418071
ENSG00000619	0.104216225414642	-0.129400746995437	-0.547007616014003	0.0670094784262973
ENSG00000631	-0.325782855251866	-1.25950294247926	-1.12382986339722	-2.21133136217112
ENSG00000634	0.111943350801027	-0.35794106242468	0.153627615214231	0.742223954439873
ENSG00000638	0.220058458223221	-0.147668534850153	-0.473148346035634	-0.23512487805054
ENSG00000641	-0.389991027942463	0.158313629611677	-1.77378767043778	0.433921548982257
ENSG00000643	0.291972511643823	-0.0313765198801512	-0.0719034260634066	-0.124096320268523
ENSG00000644	-0.140731298535801	0.437982225980333	1.5374065367064	0.1947352518642
ENSG00000646	-0.0531718454148171	-0.121741404422856	-0.202649550057163	-0.0299785251056175
ENSG00000648	-0.369767168123726	-0.074634323453437	0.230590667645056	-0.0524315154015023
ENSG00000649	-0.469611074112853	-0.0682310940959674	0.617323928414795	-0.0407386255450515
ENSG00000651	-0.36185480381005	0.250911741056163	-0.208478748690024	-0.332995957089947
ENSG00000655	-0.0039702346810726	0.0705009922994355	-0.215371101646034	-0.116952087202086
ENSG00000659	-0.0940445035174697	-0.185119538386876	-0.547857554890506	-0.248029877842764
ENSG00000660	0.0139191462616433	-0.535125044098847	-0.906161594581006	-0.316207071001575
ENSG00000661	-0.586280770569116	0.0753473118639363	-0.141514716063377	0.479329867988059
ENSG00000663	-0.25224004679245	-0.26485894817942	0.14625242281037	0.213036923974371
ENSG00000664	0.0126915799510794	-0.598846115724389	0.563392209254307	0.461218768355088
ENSG00000666	-0.059989915663401	0.243132236825103	-0.170990055026733	-0.0646861094681643
ENSG00000667	0.0141038465049697	0.309788968729732	-1.00978015901575	-1.35562372501915
ENSG00000668	-0.4586753866792	-0.0264269565725463	-0.55000135616486	-0.392573490600284
ENSG00000671	-0.363767014194555	-0.16189036418678	0.0694302650331817	-0.0107717520260673
ENSG00000673	0.142977372206581	-0.104192905812908	0.263611474099469	1.31350644013298
ENSG00000675	-0.280803828608371	0.275236624689506	0.0891332256482862	-0.0927727367757871
ENSG00000676	-0.277151015674602	0.369210231009624	1.45025690582368	0.311747476764427
ENSG00000678	-0.289175519709495	-0.297284520972269	-1.3496584393474	-1.5751559778326
ENSG00000682	-0.336607879781358	-0.441605549327425	1.00430839692341	1.18206914541984
ENSG00000683	0.417403061289481	0.526296802328035	-0.471399723091507	-0.0432770101733784
ENSG00000688	0.210010911079624	-0.386768862344201	0.0134404131103292	0.576736046680398
ENSG00000693	-0.292469152560407	-0.639289064972921	0.688060342814608	0.490206455729987
ENSG00000694	0.180492464608784	0.0513379007746648	0.054705028184725	-0.294983811838827
ENSG00000699	0.224603373114151	-0.682239605454195	0.117306559257562	0.399596997326094
ENSG00000700	0.0572327357118541	0.0539027719085006	0.220873264059207	0.029113461445557
ENSG00000705	0.277429592356578	-0.322018085339119	-0.186207457898764	0.644341137485901
ENSG00000709	0.340685750955545	-0.389197743644414	-0.120763020248053	-0.0637365211721734
ENSG00000710	0.168586280853221	-0.154542103008948	-0.250988420186298	0.240258255796762
ENSG00000711	0.217076101036716	-0.31026686124875	-0.703887254264513	-0.836581773862739
ENSG00000714	0.00822182787061632	-0.534193356285948	-0.95092913332307	-1.66311569007321
ENSG00000717	0.696401540763889	-0.31231426011845	-0.500567812419211	-0.0217885700452962
ENSG00000722	-0.207746121856078	1.92503275431214	-0.231993262200314	1.95819724754033
ENSG00000726	-0.000860801305830883	0.660741076727296	-0.757341899691668	0.202232817514915
ENSG00000729	2.05810854037898	-0.208161684154556	0.0155912860847822	0.80062790245182
ENSG00000734	0.248759286059697	-0.29272117436819	-0.145245010908323	-0.514772297065645
ENSG00000736	0.00723127648007349	0.691462979320573	2.29851541343235	2.50357739745562
ENSG00000738	-0.214457666786537	-0.740822598663248	-2.11739601908556	-1.72080671173756
ENSG00000740	-0.308875875872302	-0.493948364438818	0.0662248970603123	-0.644870337311466
ENSG00000743	-0.0785867622243441	-0.508278338300667	0.102224647113647	0.0567218251721839
ENSG00000749	-0.344968269455419	-0.291181390591797	-0.567675247168943	-0.0444492736863165
ENSG00000750	0.135638500414752	-0.252095322739119	-0.0202433232149559	0.0718084136882355
ENSG00000752	0.255187866522812	-0.11606041443905	-0.698228469462356	0.0292328003568922
ENSG00000753	-0.129537555366435	0.0784755995198019	-0.033796262361264	0.29160215646947
ENSG00000760	0.0269197005273725	-1.02463022301675	-1.00942174687041	-1.42771421953671
ENSG00000763	-0.0383136322815663	0.120775974417803	0.244698642302968	-0.3709727174835
ENSG00000769	0.488776957786238	-0.157331330407624	-0.432120715760099	-0.11187406168651
ENSG00000777	0.362922953918643	-0.465110119789605	-0.0902162642347584	0.0151653393508848
ENSG00000779	0.362811672035777	0.614699041514863	1.6065466777995	0.679561473776295
ENSG00000784	0.167473833648305	0.0361274712814961	-0.118395730832537	-0.0513039269088083
ENSG00000788	0.123913157344366	-0.58417633288613	1.34905490427897	-1.08401581430276
ENSG00000790	-0.120291374870893	-0.34086414050742	-0.286798877484249	-0.0296753392904581
ENSG00000791	-0.289041118607059	-0.133975031242747	-0.0899515458797673	0.276543307885778
ENSG00000793	-0.164233166244436	-0.173712242708417	-0.325437571356556	-0.624113884562322
ENSG00000796	-0.226029178403302	-0.0326084866597967	-0.211857786822909	0.194610191602932
ENSG00000797	0.188623378296413	0.07452805294258	0.348305541554681	0.340943628064108
ENSG00000799	0.0382709675823607	-0.376650679041627	0.223989333265642	0.308254813995096
ENSG00000801	0.309534179626894	-0.106744802051427	-0.00659110982304334	-0.131013351458213
ENSG00000802	-0.0483223841824802	0.337702436605056	1.14297840913443	1.43141492020905
ENSG00000803	-0.574630785229381	0.0509270222082492	-0.361159838005028	-0.511327337629881
ENSG00000816	0.537007631153454	0.243316784645326	0.0943575308561808	0.158925128906467
ENSG00000817	0.246031151884297	0.370401057239663	1.45714332360348	2.23251993646034
ENSG00000820	-0.172767698849634	-0.248557729038145	0.382184829082084	0.411902013999706
ENSG00000828	-1.44967350263991	-1.01692142494145	0.0715259874299008	0.931263439803267
ENSG00000829	-0.175189161003317	-0.226498482769106	0.84429287943262	-1.4632602106461
ENSG00000831	0.170161037602736	0.0803512752301661	-0.287213203457195	0.128133538444947
ENSG00000832	0.391629570968815	0.279491234060584	-0.412444735856534	0.478818795537502
ENSG00000836	0.118830554985896	0.0134191778306505	-0.32666325067297	-0.1358142020228
ENSG00000837	-0.102869560852554	0.112335625405183	-0.275981279193953	0.0198473076421868
ENSG00000838	0.0769561500101421	-0.378152736997713	0.222084484684481	0.138413752164621
ENSG00000839	-0.263024785208889	-0.113503120295031	-0.541362471583731	1.11125522179621
ENSG00000842	-0.459585919479721	-1.04393340853231	0.136074549681743	0.583216561660515
ENSG00000844	-0.153274972912422	0.25474204272783	1.31794719084292	1.31384894571057
ENSG00000845	-0.519141939287826	-0.280450366679999	-1.65149351914452	-1.31359832557959
ENSG00000848	0.21896838575215	0.0218774649405153	0.806121751761434	3.66569900982166
ENSG00000849	-0.00812860227301027	-0.521071945487016	1.0328454624006	-0.451113295359617
ENSG00000850	0.158603250721921	-0.299097681054734	-0.501091571881126	-0.250955546574806
ENSG00000851	0.50039958041751	0.908143113894393	0.138051630208053	0.517006614786096
ENSG00000854	0.19785166512607	0.454825309153467	-0.308927715772665	-0.123557665512832
ENSG00000855	0.405308606110728	0.935897146838334	1.75580329778032	1.84651271786754
ENSG00000856	-0.321134193234947	0.32816179971001	0.53734048414198	0.604564495170143
ENSG00000860	-0.194131947006303	0.106615660721065	-0.0958204900429003	-0.273787311262751
ENSG00000862	-0.21207205729302	-0.103098341472403	-0.0693039992698301	0.142830395730865
ENSG00000863	0.321221109260023	0.104491090550438	0.23045270071355	0.445702286169903
ENSG00000866	0.438253422321299	0.247971963506332	0.000648641873732814	0.248311466186001
ENSG00000870	0.539323444518731	-0.991681153504224	-1.4196277642323	-0.842578587597249
ENSG00000873	-0.116503160529749	0.328546944084636	-0.551362476336241	0.123373412716433
ENSG00000875	0.283640478056643	-1.45663521500764	-2.26051041102916	-1.83793892712608
ENSG00000880	-0.0313176483018367	-0.217797279111627	0.163992679397147	-0.42019829645424
ENSG00000886	-0.165975405093201	-0.717399104177277	-0.0816267456346509	0.00379624584070015
ENSG00000888	-0.0934189396680134	-0.186552487444794	0.605506433973839	0.0608692550790932
ENSG00000889	-0.324667182231062	-0.546822071911546	-0.172537908152333	-0.0560258433203193
ENSG00000894	0.360215142077399	-0.596113748901868	0.205538071714734	0.793249668738667
ENSG00000896	0.54076849978879	-1.18891464903071	-1.4305469948318	-1.08429214929975
ENSG00000897	0.0170426603347664	-0.0273426535994403	-0.0232073969344562	-0.206176095462867
ENSG00000899	-0.203846250299833	-0.0992999370545018	0.0385437716519661	-0.149900012591432
ENSG00000901	0.0500475478529259	-0.530826020331817	-1.14255525985221	-1.13425421348955
ENSG00000903	0.128439024639681	0.359400638677639	0.822613182850153	0.11299340041343
ENSG00000908	-0.328676592762735	-0.636856671209697	0.0225194168727683	-0.386294278958834
ENSG00000910	0.458313158300243	-0.163694253974282	0.22755504404321	-0.399166971757843
ENSG00000914	0.916465174530771	0.0147549186559743	-0.191735238194763	0.249879572670657
ENSG00000916	0.785732820933676	-0.00251327791664124	0.53445338952152	1.03686188533944
ENSG00000921	0.120428842067981	0.17239642075327	0.70891884423789	0.822989727418175
ENSG00000929	0.296898879002174	0.0584703531380644	-0.0207443519863277	-0.283245313133981
ENSG00000930	-0.643863278372642	-0.761224954725792	-1.93293006716119	-1.38799287560282
ENSG00000931	-0.00648612342706034	-0.275044925336596	-0.0109619910405163	0.0540667739956238
ENSG00000934	0.202974132900668	0.0551762985056232	0.226781041362587	0.116685017584638
ENSG00000935	0.13757303368666	0.108763081200989	-0.644859500271524	-1.42424898271866
ENSG00000938	-0.170860207628198	-0.106250744053934	-0.571036511712732	0.121363528657142
ENSG00000942	-0.0241738740367889	-0.0107422166797271	-0.16581872090471	0.230430367919428
ENSG00000953	-0.509158866993122	0.202657784936531	0.444732810512763	0.944423443016667
ENSG00000955	-0.0419214052756445	0.148937585759665	0.0727298203078011	0.337471557092034
ENSG00000956	0.565758698122166	0.279453571557313	-0.0962574832411827	-0.00979413424356856
ENSG00000957	0.418683700362907	-0.357873857778864	0.249392286308934	-0.260927185754069
ENSG00000959	0.0761548538462389	0.0684334555902035	0.238023974367719	-0.676922147133064
ENSG00000960	0.0437811622776518	-0.0981792195617288	0.0171901709575817	-0.504800558863099
ENSG00000961	0.340520857014551	0.565856467906738	0.595883106347536	0.0892070798314757
ENSG00000963	-0.344328831304187	-0.391419058731531	-0.188438279796212	-0.118883261342986
ENSG00000965	0.077448278530019	0.0312962379383279	-0.14932100463223	0.0598820104258584
ENSG00000968	-0.324320395547642	-0.0609227732141138	0.475310071145413	0.463649586108859
ENSG00000970	0.13516573913374	-0.342397131384326	0.208560293258065	0.138241648031983
ENSG00000981	1.26258831729126	0.0474916994715766	0.14297356268438	-0.120217781382194
ENSG00000982	-0.134865739613391	0.884772068655457	1.83961949886464	0.847236825954614
ENSG00000985	0.0800387107364902	-0.287710644145871	-0.394080415241851	0.397517577591847
ENSG00000988	-0.0829486835032665	-0.188010318777023	-0.584885958416534	0.35928247787642
ENSG00000990	-1.65928119863942	-0.209842505581816	1.48211614981598	-0.175262502494292
ENSG00000991	0.320132580155667	-1.5544123681199	-1.8879190001635	-2.3249119305651
ENSG00000994	-0.0162526945633026	-1.06382884186267	-1.49334723358478	-1.89552802345853
ENSG00000995	-0.1502985328292	0.0807917300455969	-0.414026421585483	-0.00805927132698603
ENSG00000999	-0.031579370173179	0.0487412968154368	-0.122796703453032	0.0923328616443984
ENSG00001005	-0.307165673745805	0.207913853653755	0.190577756434338	-0.474419197565076
ENSG00001010	0.431065938399963	0.350956473271877	0.406598563568414	0.277379277744267
ENSG00001011	0.171833477024645	0.06591461216032	-0.223621667757586	0.3063093154939
ENSG00001014	0.0340733665219859	0.146812178196777	0.0434678888130344	-0.671982185286917
ENSG00001017	0.0974467531010728	-3.0414224873938	-1.28267203920305	-1.83041361211268
ENSG00001018	-0.0552130824701269	0.288660295124915	0.191306680256355	-0.15828352977063
ENSG00001019	0.241920355290928	-0.125976183768983	0.410640151112728	1.33177063270524
ENSG00001020	0.173805502931109	0.15979467535393	0.590127567542721	0.214735812454297
ENSG00001021	-0.94908217161213	-0.201000191237193	0.057273800486227	-0.647661746944543
ENSG00001024	0.128657940356669	0.275105412282535	-0.358702533642138	-0.139421936858433
ENSG00001026	0.0646330144744347	-0.477110490237461	-0.0639288381789882	-0.055793543288372
ENSG00001028	0.00774386723711462	0.560085101674704	1.15497070028176	0.791283624521826
ENSG00001030	0.18185745569592	-1.9172149803134	0.0202160546207502	-0.0149545615136493
ENSG00001031	-0.416460081387974	0.616002206966418	-0.0625863459130098	-1.07104246164223
ENSG00001032	0.300120950194968	-0.300867903063721	-0.46803073098986	-2.10554550365961
ENSG00001035	-0.229728523036334	-0.211613969701634	-0.0637608926304978	0.3327244820657
ENSG00001037	-0.247045941992357	0.42708262343031	0.128106582266243	-0.050812559397758
ENSG00001039	-0.210206078939445	-1.88569903896826	-1.35893311896947	-2.07641517693355
ENSG00001040	0.0547897348914343	-0.468720840462368	0.196464645920297	0.8115077388352
ENSG00001047	0.0328091645632016	-0.27197068025652	0.103590974743659	-0.107649097595705
ENSG00001049	-0.140746294833437	-0.183070321904837	0.139800177261362	-0.00632734874677965
ENSG00001053	-0.753147554019563	-0.196740780219914	0.109285823957691	0.228891677345954
ENSG00001055	-0.171925278965593	0.2258124988632	-0.22822154010127	0.528882348386635
ENSG00001062	-0.0917345253324902	0.148306795277259	0.305994505740859	-0.247385684603119
ENSG00001071	-0.13990676008327	0.142614919143286	-0.788784380111198	1.97614116190747
ENSG00001073	-0.180843338115945	-0.489627322457786	-0.524615693874081	-0.698411804478011
ENSG00001075	0.273145807448848	-0.209199392709005	0.0321238420608205	-0.184622704482106
ENSG00001076	0.0501174592756657	-0.297826389380684	-0.0373677095246032	0.311270734815708
ENSG00001077	-0.0916877284447795	-0.153279492600417	-0.0457611819276487	0.950115021048599
ENSG00001081	-2.11361958185495	-0.10249309840382	0.642620980449617	-0.254759975874776
ENSG00001082	0.383757134284951	0.214382669061377	-0.29968552801811	0.0348757849192074
ENSG00001083	0.103814767751865	0.391550770521116	1.23326221587141	1.07561468029935
ENSG00001088	0.231483801230274	0.254367332350201	0.116901107253026	-0.0913600153249003
ENSG00001089	0.0547378130114122	-0.019794254789911	1.39994162916592	2.87715667524886
ENSG00001090	0.0873766324567091	-0.162303087523031	-1.07126776205114	-1.33445814339209
ENSG00001092	0.0415918235542581	1.3122401142296	1.94509571756982	1.89114492119595
ENSG00001096	0.195687992379663	0.181640774645381	-0.60180219032161	0.0625151161482176
ENSG00001097	0.142056548579771	-0.300536541211554	-0.287899379718203	-0.160780208850131
ENSG00001100	-0.239938304465446	0.208950646057684	2.51431011648799	-0.420308582446933
ENSG00001102	0.104603392196951	-0.121366674654107	0.340729164565971	1.10230606401911
ENSG00001105	0.0563177601483842	0.102072586737783	-0.610371562169328	0.173662108044013
ENSG00001107	-0.16579685842968	-0.335750978741392	-0.370201540266078	-0.395593322430528
ENSG00001108	-0.295580399591468	-1.63272358561015	-1.63210160327699	-2.73203151242834
ENSG00001109	0.188134322724201	-0.368813652947635	-1.12358117065953	-2.00104606044779
ENSG00001111	-0.159085469880236	0.42797417327252	3.7750704258452	0.145561739070569
ENSG00001112	-0.149260658299152	0.15608862037367	0.10585885440198	-0.188171129740979
ENSG00001113	0.290457923207603	0.00313908944156616	0.225565472489833	0.0680849314713647
ENSG00001114	-0.386101047409116	-0.00767974553937645	0.343489987868903	0.58584276649256
ENSG00001115	0.352610933396216	0.315187036594356	0.780451397791573	1.34517329293899
ENSG00001123	-0.109162304247953	0.205258715313838	-0.866348108580567	-1.53251454689858
ENSG00001124	-0.0994276020246616	0.812906039626824	-0.65273959320333	0.573721408227344
ENSG00001125	-0.0147021496511894	0.225010808275447	0.355871432480184	1.32002107603576
ENSG00001127	-0.0615878818580242	-0.483635365695323	-1.11807620192917	-1.06708548286774
ENSG00001128	-0.112063240465426	0.229151671103271	0.0337584223347802	-0.0142584882336489
ENSG00001131	0.0189013191320306	0.101653905438093	0.368561917483428	0.189951802210324
ENSG00001136	0.00627306260399951	-0.230117600976005	0.194496558699896	0.641916748647236
ENSG00001137	0.148370334983587	-0.181254142155248	-0.435365766460474	0.124500794828517
ENSG00001138	-0.0550505936429673	-0.71621357266124	-0.297332238765409	1.06598411708446
ENSG00001139	0.329866024829993	-0.31156451323531	0.304009501572427	0.509796491943787
ENSG00001143	-0.0753496450032509	0.26828112566688	1.0744189364049	1.00637624988692
ENSG00001144	-0.301008366988794	0.182805446650733	0.14905387635437	0.153893088958708
ENSG00001145	-0.0587635967795421	-0.713295997503967	0.257588926614204	0.16616554549157
ENSG00001149	1.66094314234635	0.898407418387917	-0.066741585469333	-0.480704856169283
ENSG00001152	-0.336713871356846	0.327427083023121	-0.00582494996090155	0.120427375956233
ENSG00001153	-0.0492819700341016	0.253429807489702	-0.268208331568331	-0.0624857275431339
ENSG00001154	0.398545872386744	0.127025429642972	-0.0322212880864505	0.0117608286086366
ENSG00001155	-0.362487776442583	0.0814347909900768	0.514400078862553	-0.469993501457243
ENSG00001158	-0.21711647868137	0.178589594589937	0.425067751592014	1.2687183842372
ENSG00001163	-0.163144159955216	-0.00144422149791268	-0.334253722046409	0.390109182429887
ENSG00001164	-0.0451463921470117	0.0452855147802067	-0.214273908862289	-0.176737470595505
ENSG00001167	0.176678080194603	0.244907146513542	0.43443111495265	0.762079086015149
ENSG00001168	-0.246711860014716	0.815259690010684	-0.361677471687937	-0.496118361572231
ENSG00001170	0.60753461501477	-0.208741272885036	-0.00165043337123372	0.340036862904177
ENSG00001171	0.397077360474003	-0.211224576601726	0.0903824238652495	0.101681271576504
ENSG00001173	0.189659352565497	0.00565062159757623	-0.208854864200768	-0.0136021180572641
ENSG00001174	0.110919573101095	-0.205359863764717	-0.832310360523211	-0.803814195461314
ENSG00001177	0.190830167117458	-0.784853097941165	0.383490121113333	0.308913697812331
ENSG00001183	0.284404632971476	0.64113928733834	1.31207127898728	0.508839557554433
ENSG00001184	-0.134848104159146	0.304132390231144	-0.501309757267854	0.0168022069027733
ENSG00001186	-0.0928927956549028	-0.0447248295124161	-0.408905848797076	-0.438786528083003
ENSG00001187	-0.078345016461002	-0.661621740837791	-0.41352048568208	-0.155933770824722
ENSG00001188	0.281499946932621	0.0997989433688531	1.64059744388194	1.66062752198736
ENSG00001189	0.0696457985512957	0.140384158487334	-0.0654507809030829	0.309247612362691
ENSG00001190	-0.351530753130808	0.147521884660793	0.0195521620841008	-0.0090183182289989
ENSG00001192	0.159111522479931	-0.547760469064235	0.253748122710041	0.02623281230251
ENSG00001193	0.0286040211089436	0.00748738963120665	0.163922861392093	0.19886610094348
ENSG00001194	0.138511445345162	0.1383550176736	-0.270263641242097	0.0609339609464055
ENSG00001195	-0.381767310204083	-0.48917280830991	-1.96794561206814	-1.59608074571971
ENSG00001198	-0.138177909864732	-0.150047694708034	0.103549976243368	-0.121352143010865
ENSG00001199	0.0846102243090936	-0.0323299960287908	0.287329381421522	-0.167626564178049
ENSG00001201	0.158907945668533	0.117083027540566	-0.102360037801766	-0.403001991341066
ENSG00001209	0.0550572155957916	0.614792314314855	-0.150488865929123	-0.882103223261698
ENSG00001217	0.450304336687546	-0.192193826791565	-0.0627576586912442	0.258166368015753
ENSG00001219	-0.200008229441517	1.22460647498925	0.874182959269524	1.22673730850462
ENSG00001220	-0.271424026627805	-0.0296723175312241	-1.07885368229193	-1.14301415062781
ENSG00001225	0.141228941356568	-0.410403631177097	0.349132617955764	0.534472215456033
ENSG00001226	0.121846417491336	0.205800351870667	0.542896895373334	1.16211108377111
ENSG00001227	0.286671960268366	0.453628175388896	0.24137144465357	0.667912148238335
ENSG00001228	-0.142284843711405	-0.366264177940375	-1.11205710939557	-0.715758639777569
ENSG00001229	-0.0990435823613502	0.00102937145701532	-0.54124206762606	-0.172690567920443
ENSG00001230	0.0783412669944195	0.0356991017134689	-0.159587471616717	-0.40644543048003
ENSG00001238	0.101253103879333	0.171390983079885	-0.222971099756949	-0.0274801314913571
ENSG00001239	0.490784788143093	-0.444467463915017	-0.885627314517064	0.40345111655415
ENSG00001240	0.291227000368895	0.064614110664925	-0.564302415139786	-0.242315593110478
ENSG00001243	0.325906345188971	-0.0351751380909429	-0.301647149126371	-0.238683293043462
ENSG00001244	0.366791175240101	-0.107738826431547	0.110390100650866	0.874723181443958
ENSG00001248	0.316837869307666	-0.00539057104983698	-0.0579936427213372	-0.357017845581171
ENSG00001249	-0.291008548599539	-0.0964079317949826	0.14161184125789	0.49765017910959
ENSG00001256	-0.0179346963699762	-1.15974625460347	-0.213471420750738	-0.510870640574447
ENSG00001257	-0.101697326451397	0.183908376178699	-0.0515424636450685	-0.139422642571498
ENSG00001259	0.569924051848938	-0.256793573700787	-0.0740856833169463	0.00192002435925875
ENSG00001261	0.304867794161233	0.356782675045448	0.373242418367274	0.641395643303599
ENSG00001262	0.243427669689652	-0.572683343672901	-0.419751250215402	-0.136055873821393
ENSG00001263	-0.240550879938175	0.121098086995477	0.218863987230197	-0.0522297953489197
ENSG00001266	0.0291871253808491	-0.0335260285315666	0.358734285129577	0.0243267906244604
ENSG00001268	-0.39650347104575	-0.302347089649676	-0.00353172918036382	0.631295113192447
ENSG00001271	0.152217367442685	0.0677043137900863	-0.25677698967641	0.00904090317447981
ENSG00001281	-0.355809189118066	-1.18679553642275	-1.71569024619393	-1.56230757492422
ENSG00001282	0.602888946995599	0.249011019589473	-0.0188710178284053	-0.387655036272264
ENSG00001284	0.1451376017088	-1.25111192060709	-1.30775744139047	-1.85102954583156
ENSG00001286	0.147003353985615	-0.193047113844572	-0.135876127319175	-0.371034586569468
ENSG00001296	0.157238704865938	0.006268725315838	0.330883034025543	0.591229129849044
ENSG00001299	-0.0554912719760701	0.0220670554249436	0.173295066516692	-0.900520450864784
ENSG00001304	-0.316951079717695	0.33096444271666	-0.294455437315838	0.210893875946553
ENSG00001305	0.153475601408888	0.0520807331183573	0.0262611916802005	-0.145711700404234
ENSG00001307	-0.400384064541049	-0.62021312493475	-0.585014267485685	-0.274044639805537
ENSG00001308	-0.508111380436373	-0.0831857385159931	-0.519181128462814	0.478965959386563
ENSG00001318	0.0425348428704044	0.110406172733673	-0.617706911602713	0.038341307853349
ENSG00001322	-0.124806969779766	-0.608648825736066	0.29402486924076	0.10116694451353
ENSG00001323	0.037780891818592	-0.103603203283079	-0.0495626081995297	-0.0226566463186533
ENSG00001327	0.195995544361674	-0.143415545757514	-0.53879511399033	-0.131790144765022
ENSG00001331	-0.179969485705518	0.353701625218131	1.94824491880776	1.92529781630156
ENSG00001333	0.19098316346085	0.0106624992346802	-0.317409332023557	0.136045790424776
ENSG00001336	0.110562312280971	-0.0879276251694998	-0.173990435032316	-0.0743343646105004
ENSG00001337	0.442500366847289	-0.648374275324263	-0.27055381623804	-1.77983248963603
ENSG00001343	0.366534822385015	-0.726893224637204	0.209768239528383	0.344581208361626
ENSG00001347	0.242997981883758	0.032087065931246	0.860333484131777	0.48793198939245
ENSG00001348	-0.368914166804233	0.206461010127036	-0.163327785477533	0.1641584950129
ENSG00001353	0.171406360196733	-0.365577122504987	0.256356122644394	0.0357679337603107
ENSG00001354	-0.577494119364101	0.375470364748137	0.906938312856107	0.704647163940344
ENSG00001355	0.224342312244296	-0.264043890250729	-0.196866578596377	-0.0265321168681663
ENSG00001357	-0.000957366747363686	0.145285221403183	0.551835539285607	0.0279308225793669
ENSG00001364	-0.0366020233396576	0.140138943039769	0.403879319759293	0.774812399857176
ENSG00001366	0.269773233533085	-0.102910233385066	-0.000331612960998484	-0.182048655733732
ENSG00001372	0.257244885579466	-0.556513019805546	0.255421869553354	0.0456300910639786
ENSG00001373	0.220423161156591	-1.44156837702639	-2.55564610539734	-1.98801421463416
ENSG00001375	0.0242375106597725	-0.680926413744124	-0.571091560488587	-0.262829845086145
ENSG00001377	0.00802438026180141	0.10811610406987	-0.120269985628832	0.355107603429868
ENSG00001380	0.347363667680344	-0.373458178761611	-0.229630796809698	0.56699479986043
ENSG00001383	0.41181684728517	0.0372501380282992	0.481693164018018	0.907627663428004
ENSG00001385	0.286082809335729	0.238728468320014	-0.201146753822208	0.861610293883036
ENSG00001388	-0.106225658076429	-0.6761657442214	0.0965051697623682	0.516792262005836
ENSG00001392	-0.11338266095391	0.105387240326393	0.963522040560894	1.40050940561721
ENSG00001395	-0.15221920346115	0.151667251001494	0.0205131091828266	0.497947975967933
ENSG00001397	0.192124940499584	-0.040902052298831	-1.12459063900357	-1.89437685443754
ENSG00001405	0.0406782051581391	-0.00468197408008297	-0.227416298477572	0.0776958219865485
ENSG00001410	0.0092789962720401	-0.133148373982474	0.0183666680912138	-0.25312466382992
ENSG00001426	0.202600881503569	-0.370955168596133	0.289210252549331	0.7593435752133
ENSG00001427	0.1441054708109	0.341999117071462	0.700649345084565	1.41797966861658
ENSG00001434	-0.0237310654913632	-0.352741159241592	0.427221114042911	-0.0375102562616352
ENSG00001436	-0.28246721268177	0.274033161715719	0.233091555866133	0.368611830626802
ENSG00001439	0.393108105356784	-0.240042547133907	-0.509839722535763	-0.114530363826717
ENSG00001440	0.00777241531744544	0.401979368684156	-0.101916077600388	-0.00480984201039281
ENSG00001443	0.201836181910938	0.183873498357952	-0.18136141037756	0.118139648984913
ENSG00001444	0.037358483545594	0.385428922893845	1.08009898672788	1.25465927846826
ENSG00001449	0.166307827802127	-0.369664414927348	0.474267327738314	0.512575107430749
ENSG00001453	-0.160247596847014	-0.0685716825813296	-0.46381177438935	0.135743334098013
ENSG00001454	0.56857115460347	0.456267960651003	0.0405121303899652	1.24328094823323
ENSG00001456	-0.0762942999826164	-0.0868240535835385	0.146025476487784	0.536535905871264
ENSG00001458	0.343320623153335	0.0583492210123158	0.20257879378698	0.14276555546321
ENSG00001462	-0.26634506925376	0.277549049137957	0.131279067565179	0.0216484282598044
ENSG00001463	-0.068192769950576	0.0560509471862094	-0.0827148405310982	-0.404141526363349
ENSG00001464	1.46609724440319	-1.05533602893829	-0.433327485779583	-0.182718302824886
ENSG00001467	-0.17224298710507	0.107017777637207	-0.0765183292059088	0.154017824239965
ENSG00001473	0.149691290071535	0.457006815669164	-0.00557530962953301	-0.3802159392172
ENSG00001474	0.417823531497872	-0.418633456762977	0.0492600392051568	-0.631499768481323
ENSG00001476	0.261507073975752	0.0825048043223919	-0.0734475199537812	0.346569289667533
ENSG00001478	0.167855095989724	0.961632215374187	0.890552241813057	2.06893242541119
ENSG00001479	-0.539864523457788	-0.496896812561268	-0.0930740840386495	-0.58939799709917
ENSG00001484	-0.326574341173631	-1.06219431875014	-0.187817540832167	0.281986003857433
ENSG00001490	-0.142345030827016	-0.391815144370883	-0.58798309176347	0.280897239243806
ENSG00001492	-0.0605881219677258	0.00462715185394647	0.34841462730694	0.310966971012189
ENSG00001494	0.192292815274975	0.708209989857089	2.06845275529298	2.42404720792823
ENSG00001502	-0.221936574400009	-0.08831017953867	0.309003059793999	-0.322433718769632
ENSG00001503	0.0172334440423976	-1.11031327964037	-1.0418941814923	-2.61419676433579
ENSG00001505	-1.71466735265705	-0.204921297088793	-0.619528466068041	-0.720951752411908
ENSG00001508	0.113400094872468	0.0392720102755355	-0.726745990509365	-0.149224334042769
ENSG00001511	-0.326964931024199	-1.13427701627643	-2.75926972681832	-1.16566522729575
ENSG00001514	0.253228743099531	-0.17990858939077	1.86803211401467	0.4514112909421
ENSG00001516	-0.255706319825856	-0.195966622166671	0.379833825164818	0.667001080057419
ENSG00001517	0.244064499042186	-0.17337109211639	-0.0953408820458588	0.354118840961493
ENSG00001519	0.0432209508826595	0.202646701005067	0.81564086519092	1.3596755540653
ENSG00001521	-0.555917160560846	-0.00209926690016982	0.594586575057342	1.48292950730595
ENSG00001522	0.213478038480904	-0.227625011271689	-1.04153792569433	-1.7147713342297
ENSG00001524	-0.374255407946526	-0.211404750625171	-0.0518452935516081	0.0808403635231567
ENSG00001539	0.319695719441636	-0.643305912779271	-1.11266455621937	-0.942976774250002
ENSG00001540	0.0378233110018549	-0.315999623300433	-0.336292559417107	0.0231709195624017
ENSG00001542	-0.0362450368531855	-0.331658824026176	-0.116287114849612	-0.414158603787894
ENSG00001544	-0.0675313887973621	-0.572231537581566	0.368322013710051	-0.0934770964695621
ENSG00001549	-0.500517296226135	-0.361388925599504	0.288335861627401	-0.208549015820836
ENSG00001550	1.39916453488453	-1.66279717317539	1.08518819247369	0.637638996379527
ENSG00001552	0.881991466363934	-0.204189756339287	-0.0385814456337306	0.175837261607395
ENSG00001553	-0.077687780769887	0.106969648620231	-0.284673108846204	-0.205033395583313
ENSG00001554	0.160123462666498	-1.54963014622887	-1.14456598671317	-1.87317928573516
ENSG00001558	-0.649118910848697	-0.234190687272566	-0.00611107836260061	-0.250277954447469
ENSG00001561	-0.248212595031265	-1.38483690589475	-1.91741479211067	-1.68478362677705
ENSG00001563	-0.0367961447141685	-0.309105481280507	-0.0609977700744269	-0.123825274861948
ENSG00001564	0.110622803510663	0.0773231424454517	-0.44075400831233	-0.250461866092245
ENSG00001567	-0.261034054245246	0.320709354428141	-0.798819253694797	0.449995128891574
ENSG00001570	-0.0960908042238593	-0.00145276949956674	0.462622252744975	0.352817770376613
ENSG00001571	-0.0728312344151316	-0.253553527204497	-0.529371059200251	0.0799399250014625
ENSG00001572	-0.344259191234116	-0.150415078716613	0.845820344032037	-0.786530625841616
ENSG00001573	0.563792784690306	-2.43608217704195	-0.702812080276491	-1.37933183493234
ENSG00001577	0.17039556432396	0.859756833216608	1.12986014935771	1.6506640637486
ENSG00001578	0.376450594219641	0.959631430797947	2.08950283084002	2.6146316391024
ENSG00001583	0.135925210580435	-1.14181587753561	-2.23205052802668	-1.78126402446352
ENSG00001584	0.385177103951505	-0.215711418579873	-0.07086585736704	0.41976130912211
ENSG00001587	-0.00623778742896697	0.766988251318061	5.22211715394497	-0.0948603844638765
ENSG00001591	0.38099031780052	0.131346116176866	-0.552158716281766	-0.245290476061122
ENSG00001593	-0.224632049672372	0.454274174741631	0.48646239837729	0.146742203038647
ENSG00001594	0.0410977720232992	-1.01990750606437	-1.22988945748044	-2.45542033595618
ENSG00001596	0.0691849988404716	-0.748859638346966	-1.58819399174434	-2.71423737944585
ENSG00001597	0.273197974956497	0.102915925543067	-0.172538484889561	0.227355365426382
ENSG00001599	0.112057509377335	0.901441822265555	0.0876859437384354	-0.600742374731379
ENSG00001600	0.294641947320883	-0.286843900324757	0.0521394234484811	0.164001382658929
ENSG00001601	0.0527401223244635	0.525851585638797	0.763727870322199	0.193845016930638
ENSG00001605	0.285946406610161	-0.0205564445272719	-0.0983001699236334	-0.559163843613714
ENSG00001606	-0.183104450139709	-0.235669557060366	0.378302233680754	0.0188521937881241
ENSG00001608	-0.0513175796594458	-0.11735052177856	0.297349553043089	1.19085939034948
ENSG00001610	0.00577220665621692	-0.531737540094373	0.0580086191221865	0.150909431176903
ENSG00001611	-1.89184325759764	-0.228398251875262	-0.181738245603204	-0.33723427883526
ENSG00001613	0.339906305001887	0.44631801649455	-0.0559846538546553	0.163879686325836
ENSG00001617	-0.234674245478528	-0.247791469552928	-0.182726072928067	0.0948082279993834
ENSG00001621	-0.00432680158470333	-0.914723069859443	-2.09776135891773	-1.9047080752762
ENSG00001622	0.328890737303436	0.0781362186712666	-0.340375818874268	-0.884732499898599
ENSG00001623	0.209240969278531	0.493016958917302	1.1827747385016	1.8305953578977
ENSG00001625	0.169383346206658	-0.259553009744668	-0.181924141549258	0.387598055985006
ENSG00001629	-0.20556103725566	0.244157491924991	0.2754384743583	-0.838244541240444
ENSG00001633	-0.0563061214506657	-0.335975346620531	0.180279655320399	-0.360602880300466
ENSG00001634	0.0756428052069	-0.331703791758241	-0.360810657898674	-1.30511492037421
ENSG00001645	0.0559284065946395	0.203964880803913	0.0571615721817	0.104498802949893
ENSG00001648	-0.0910496463834551	0.0688470075106551	-0.404244513796787	0.323180571384119
ENSG00001653	-0.482121649836602	-0.979499884702844	0.29350509904432	-0.97943690078459
ENSG00001656	-0.182102797174453	0.158690257871518	0.761612812630974	-0.109648507774962
ENSG00001657	0.196570536953135	0.01747984093151	-0.175369753929669	-0.164601700795844
ENSG00001658	0.0319125832346714	0.841505910432717	2.21926731535311	2.1499596154454
ENSG00001661	0.0975404355289209	-0.158538356636294	-0.0468462758510366	2.01979709439174
ENSG00001664	0.556204075995578	0.520456148253374	-0.0617768152980229	-0.104233641912738
ENSG00001665	0.107905847199147	0.180478921748382	0.997268928632698	0.892193423031626
ENSG00001670	-0.311453273778723	0.226525158016304	-0.266143518585071	0.34173140767145
ENSG00001672	-0.189718809836768	0.209387751165692	0.4386513275966	-0.0179437596215895
ENSG00001673	0.0781657620716247	0.298242943567186	-0.0975976343717067	-0.164299846302668
ENSG00001674	-0.13162927178571	-1.57425468896822	1.03210939180759	0.735453624039057
ENSG00001676	-0.113105552136357	0.335121656798441	-0.339220914231708	-0.428094041907086
ENSG00001677	0.0167118045890842	-2.15575310352714	-0.658453723106522	-0.827154384139517
ENSG00001678	-0.264426313262092	0.462396579913396	0.204276564910367	0.191434262137504
ENSG00001679	-0.096406288404264	-0.0589060023963679	0.0749878589389024	0.246998128285401
ENSG00001684	0.300166272457138	0.272127736761091	-0.399160466671219	0.0148312756790636
ENSG00001685	-0.0130847516142243	-0.423655709188085	-0.276758787853081	0.0495373460238566
ENSG00001686	0.301816860035452	-1.41169054655054	-0.929032366956523	-1.22910258797728
ENSG00001688	1.77389394863484	0.127877140405849	0.247616133761974	-0.469716222648571
ENSG00001689	0.0914883301608569	-0.284319139056757	0.00759018844168313	0.204220136967796
ENSG00001690	0.065918578361094	-0.13964854123904	0.098424957828497	-0.481942602812829
ENSG00001694	-0.305470359231762	-0.352417188691366	1.0496717138222	-0.0500942729808997
ENSG00001698	-0.0447191380827512	-0.59163716613139	-0.872201073792513	-1.57537533557689
ENSG00001703	0.0731418996357993	0.00820712141686997	0.11955368519907	-0.160618313271374
ENSG00001704	0.183806589060245	0.225789809248865	0.73455743679392	-0.168429499908282
ENSG00001709	-0.18741067642059	-0.04018576166711	0.236758260437929	0.653783209745892
ENSG00001711	0.192852429583789	0.403495388163411	-0.246245474595384	-0.0830674056070411
ENSG00001713	-0.0337945836468325	0.480229484373266	2.02022282576603	1.23882924275847
ENSG00001715	0.0736810848217377	-0.0409807429082338	-0.2510844555198	-0.560168353036968
ENSG00001719	0.0598800196180722	-0.49751093711804	-1.1998746392121	-1.02587203263946
ENSG00001721	-0.0844145965442671	-0.269232702470601	-0.046322303696666	0.191310473288603
ENSG00001728	-0.075504096453332	-0.142763766339074	0.0277252430872839	-0.303195444138414
ENSG00001729	-0.148137172121931	-0.0350304831751824	0.273701860898361	0.278521323128585
ENSG00001732	0.412285892974671	0.107481520982342	1.03404493042145	0.160689301232416
ENSG00001733	0.323298704373276	0.172752235276395	-0.369016634208279	0.925407010540262
ENSG00001740	-0.154103514402965	-0.830674233241617	-0.280700060821191	-1.01346209166955
ENSG00001741	0.207565493250824	-0.884647634250207	-0.873944985835491	-0.293330523132251
ENSG00001742	0.274047415063238	-0.2015386225511	-0.231548154329367	-0.217671083832499
ENSG00001743	0.00187240531003141	0.235884603742264	-0.553248692676167	0.429954571465201
ENSG00001744	-0.387803804644733	-0.0578270512340389	-0.103025968069726	-0.129309043034759
ENSG00001745	0.220074734299486	-0.115160271578562	-0.0456229118341849	0.370025398561936
ENSG00001747	-0.00663896260871333	0.101738779309504	0.426926015152487	0.118668270177096
ENSG00001748	0.280672213910448	-1.25968679049774	-2.38567472126005	-1.99652350623063
ENSG00001749	-0.285395854308143	-0.667652838953083	-1.21714910865723	-0.753687000876528
ENSG00001752	-0.437751363224934	-0.43004400928697	-1.52906126973138	-2.37420234242319
ENSG00001753	0.133981726791439	0.222552998519304	-0.378844093250947	-1.40948604917073
ENSG00001755	0.267737594565661	0.473623063960034	-0.37729409027599	0.892410671238857
ENSG00001762	-0.0390630794043485	-0.00293704226375269	-0.456209686855622	-0.640192509973916
ENSG00001763	-0.0930199040098358	-0.153312277735168	-0.501781840670599	-0.0103989417959305
ENSG00001765	-0.646074611685515	-0.762442811527687	-1.59030406529859	-1.68361166445481
ENSG00001767	0.415164399341032	0.136587433240889	-0.238205864658233	-0.581470962766186
ENSG00001768	0.151886105268347	0.248389459422607	0.191444855380664	0.204392803689978
ENSG00001778	0.0169788208605599	0.711915132322313	0.806666294579832	0.979619973871714
ENSG00001780	0.344677705443337	-0.224029753278456	0.153343716170653	-0.317115939259146
ENSG00001781	-0.0598192863447058	-0.335323648086936	0.189994363994224	0.0394930521420735
ENSG00001783	0.324202357443794	-0.106135713398973	-0.13261589821469	0.528953194166183
ENSG00001785	-0.0811007229740195	0.66227962813198	0.293314074533141	-0.498418849335312
ENSG00001789	0.307130230250531	0.183694182087445	-0.178349708807859	-0.0913689321458673
ENSG00001791	-0.512812158028044	-0.146407386253958	-0.0494502085899633	0.30045402936883
ENSG00001794	0.115828300324698	-0.85236925193865	0.776622163773227	1.53443110640057
ENSG00001798	1.78362260000155	-0.0863293409838333	-0.0150954812246669	-1.11549475741914
ENSG00001799	-0.248808279119894	-0.222981355800762	-0.136434993402466	0.432514114822434
ENSG00001802	-0.284177718549703	0.556604058281877	0.145130982437268	-0.135779936631061
ENSG00001803	-0.393620460590215	-0.129007504718375	0.160484705756215	-0.034646966764833
ENSG00001804	-0.0223552264921905	-0.276349791428692	-0.0502458986268284	-0.0992837767685728
ENSG00001818	0.329386032370614	-0.198670935186533	-0.0539423234683003	-0.289730557602432
ENSG00001823	0.0830858381895894	0.130238481703298	0.0361275732546087	-0.283994606296613
ENSG00001824	-0.0666456360239849	-2.19938006959701	-0.189601488026084	0.365111349116406
ENSG00001825	-0.693230360271705	0.2142163552445	-0.712865323451129	0.15608300080676
ENSG00001827	0.0916467039921365	0.158324022378727	-0.0862211846698582	-0.302024816473761
ENSG00001830	0.0907019242859253	0.347473789682618	-0.0832026285066156	-0.0295583981336991
ENSG00001831	0.250320088424324	-0.125489842111794	0.143269666875478	-0.310149295562685
ENSG00001835	-0.406282754939566	-0.275207548811366	-0.2703307475008	0.2960054356186
ENSG00001838	-0.121515535278472	0.210353759556955	0.933195718757864	1.1938843727139
ENSG00001840	1.11271824475296	-0.263344600311396	-0.157257300762009	-0.80606628150259
ENSG00001842	-0.161242576878769	-0.361461846205267	-0.478347672036044	0.22583017464723
ENSG00001846	-0.214471906802916	-0.873753504331473	-1.61047033701206	-2.82008444032202
ENSG00001850	-0.0146054703372984	-0.0254241871685847	0.843075220582932	0.46072934561331
ENSG00001855	0.294096601403057	-2.31999396360079	-1.96209335632956	-2.62985579988012
ENSG00001856	0.00965454065169258	-0.261405121814573	-1.12508971334786	-1.67905525035819
ENSG00001858	-0.391192331657238	-0.359267286641797	0.14982922731767	0.020304468424813
ENSG00001860	0.559956346152498	-0.281048834861979	0.197872857237068	0.243192705124205
ENSG00001864	-0.0147239802351766	0.496271637808196	0.835468137922234	1.50075256940651
ENSG00001866	0.154243429850798	0.0893293213963959	1.15886682792215	1.24453534312635
ENSG00001873	-0.319863989163066	0.686408171978535	2.20012122564543	3.11142673610714
ENSG00001882	0.12010482694822	0.0443021260842693	0.0994281767780301	-0.104777943992567
ENSG00001884	0.0191446571156249	-0.091263532657063	-0.310577748481727	-0.359300094989922
ENSG00001887	-0.0454906070974967	0.0523133874654995	0.0451733840312336	0.140821670982797
ENSG00001889	0.376163942339197	0.0798487859847006	-0.0527303493822764	0.163712368362358
ENSG00001891	0.278481160327904	-0.0652095654109752	2.26794778637242	0.92049609832673
ENSG00001895	-0.0630777007355467	-0.304135370943817	-0.199674028424129	0.0384388115224628
ENSG00001897	-0.00548211885394689	0.401097763403564	0.217583132851692	0.775504334128399
ENSG00001902	0.29604752324305	0.384565725508713	0.732036970046309	2.17474548945171
ENSG00001905	-0.353096926995153	-0.0340676944422236	0.0641483387507629	0.198802942981524
ENSG00001912	0.298275571126466	0.0671343447479007	0.371685242891035	0.841207127286433
ENSG00001914	-0.0892761793715344	0.692574401624267	1.91211935264794	2.55772159546431
ENSG00001918	0.239819207683908	-0.270100318276688	0.133382387338951	0.585440661123371
ENSG00001920	-0.238752358359124	0.252752375081159	0.724934988472466	0.79993930400906
ENSG00001922	0.207620562189128	-0.283587778759548	-0.0774650624199795	0.0940474465609737
ENSG00001924	-0.675400700179988	0.0446949365848486	-0.470718019409702	-0.41654373918022
ENSG00001928	0.105267176185425	-0.483483682200724	-2.31352667770899	-0.72001063379806
ENSG00001929	0.036510689127379	0.361224079713281	0.963453776009453	1.58536818226328
ENSG00001935	0.0785170843411009	-0.414074722823267	-0.3865740822823	-0.931045097245566
ENSG00001937	-0.105324364118855	-0.253812630047749	-0.720149105394965	-0.223757605522932
ENSG00001938	0.242845002167358	-0.012444076480759	-1.22449581426839	-0.732627393641826
ENSG00001939	0.0596364072668329	0.0104056300650299	-0.209035746032932	-0.212255916110181
ENSG00001940	0.153841547378203	0.268814458176474	0.908930832289451	1.27917370887546
ENSG00001942	-0.0507297588397719	0.172093939385407	-0.200863450863559	-0.142785348084609
ENSG00001947	0.0960984400322076	0.465988946015395	1.79024027833078	1.60112055119165
ENSG00001948	-0.0251817968308305	-0.245499682167432	0.0404085756056336	-0.480880109383369
ENSG00001949	-0.517178209148073	-0.0800415556907588	-0.11331985675395	0.768486989362796
ENSG00001956	0.0422911018299672	0.331505602792433	-0.0700664626408667	-0.322218936023367
ENSG00001957	-0.326875816443993	-0.393329236440682	-0.044473526449103	0.254633583566694
ENSG00001958	-0.298670905332569	0.0340756331662471	-0.46774852466691	-0.1942367617562
ENSG00001962	-0.419215333445721	0.28769038985753	-0.169765132919776	0.197211291937663
ENSG00001964	0.449475749445034	-0.0618403748864012	-0.332149962873933	-0.151577874269998
ENSG00001968	-0.75053815282889	0.195663137543038	-0.0427189853935301	-0.0753006001148906
ENSG00001970	0.0454897725288301	-0.0765849307581643	-0.319874797871334	0.862456044002696
ENSG00001972	-0.035435770475134	-0.900898649172913	0.87468996145468	0.088290772294326
ENSG00001974	0.161441429891819	-0.0867765424802895	-0.601981993019741	0.212021968777373
ENSG00001975	-0.174853896348481	-0.264998421251846	0.71202091593774	1.54336056383813
ENSG00001976	0.138911309772199	0.104873475532736	-0.282198083361203	-0.385800950483024
ENSG00001981	-0.182465685435465	-0.442932369793201	-0.166247941956168	-0.213655848043965
ENSG00001984	0.139671192947787	-0.115005258828153	-0.0678763603501729	0.451180159406663
ENSG00001985	0.0259482548905154	-1.40390784808936	-1.26459773712286	-2.55989657714947
ENSG00001986	-0.110223567192286	0.253689336281687	0.10386668685267	0.838497637719504
ENSG00001989	0.135459497985057	0.129425260567914	0.130047129357993	-0.174059216038801
ENSG00001994	0.0383204191813942	0.103662540609236	0.0534315125769318	0.0991422943637543
ENSG00001998	0.433781876716964	-0.643224275294228	0.690628101720801	0.456976174183765
ENSG00002000	0.333578786043978	0.575457801923926	-0.115525921915577	0.0500450975037854
ENSG00002006	0.114758862828499	-0.0893943441339555	-1.09209639092073	-1.21037192406892
ENSG00002007	0.109687227487488	0.0709917910310178	-0.211207467707389	-0.0260631286581638
ENSG00002009	0.112509994426158	0.67914815983486	0.170328071654154	0.385334229427126
ENSG00002010	0.0997397267679867	-0.777961499698087	1.02551023218423	-0.0703861807563233
ENSG00002013	0.13405968599414	0.826079747694225	0.537599890092137	0.42716821995335
ENSG00002014	0.285907795250173	-0.630086403595373	-1.13895118781604	-1.52772371307077
ENSG00002015	-0.212002444265655	-0.956404011127352	-1.92215389520589	-0.471814765073835
ENSG00002016	-0.233207089317525	-1.17710017486334	-1.76248254878376	-2.15644867849754
ENSG00002021	0.182305504119469	-0.776134859775819	-2.20749978760995	-0.717697330341755
ENSG00002023	-0.1698739780058	-0.30734022545085	-0.312920933719059	0.375728288838014
ENSG00002026	0.312146404381287	0.0755991420034201	-0.050331618751458	-0.0871961683675622
ENSG00002034	-0.0956508295019489	0.0611587530248574	0.587192083778735	-0.3076341183863
ENSG00002036	-0.216760605178657	0.16345934039092	-0.351953982832837	-0.15714084060093
ENSG00002043	0.754222504104378	-0.520363556017253	-0.0829354650525334	0.514964301225076
ENSG00002045	0.103781521033708	-0.208141228797682	0.528770494695226	-2.06279600857069
ENSG00002050	0.369372397806034	-0.279736194776488	-0.31157867033197	-0.462384465982797
ENSG00002051	0.327041865696122	-0.711717723381133	-0.469435695958579	0.164119931303557
ENSG00002053	-0.415998398947497	-0.0744790332091698	0.995927945726952	0.898232999849534
ENSG00002055	0.176975930768087	0.0592095034172724	-0.241795638975636	0.112077080932306
ENSG00002061	0.338464458060789	-0.0892202488372753	0.0943793710587624	0.413829145542715
ENSG00002062	-0.309697476113663	2.07390132625998	-0.0856472519096565	-0.234289137517304
ENSG00002063	0.198343497050138	0.28550600610187	0.149166273202265	-0.0636764547769495
ENSG00002069	-0.153043813107643	-0.209595705850202	-0.803425311921047	-0.109425853525817
ENSG00002072	0.00607821189249691	0.303731704612686	0.0765264158136674	0.464455307914672
ENSG00002073	-0.361465771083607	-0.156108211993216	-0.131428227012343	-0.550504114368048
ENSG00002075	-0.00393697113250457	-0.27296250181676	-0.12425663251377	-0.00508072921957758
ENSG00002079	0.443183555611367	-0.468258902102092	-0.728237075479759	-0.684218847226144
ENSG00002080	0.104952098021935	0.163301414756787	0.177620096700577	0.16415403605988
ENSG00002082	-0.156283708404893	-0.228749848810453	0.0266574866202518	1.86672777181929
ENSG00002084	-0.151371605228777	-0.0615263830115369	-0.071319098210493	-0.120820276538179
ENSG00002088	-0.606528558497019	-0.307539970178125	0.418735171740462	0.371809158135004
ENSG00002090	0.00303676379408024	-0.0369696982699184	-0.0914974318202777	1.75004026608393
ENSG00002092	0.182261224443723	-2.02565599513156	-1.60552338251164	-1.78388876066526
ENSG00002093	0.197711022636538	1.1317190031032	1.81251107211634	1.08449754019168
ENSG00002096	-0.294508871890887	-0.0557553943319125	-0.175391668259046	0.185679987098018
ENSG00002097	0.0543846443600948	0.401355591280543	-0.163144489646047	-0.22321478398993
ENSG00002101	-0.263676978359729	-0.186591801783232	-0.534057825156534	0.248101919046865
ENSG00002102	-0.328784969390533	-0.0662394424623329	-0.0922903747741	-0.221060969137636
ENSG00002104	0.1515351114019	-0.192960652565199	0.0365142366507012	-0.275683091268801
ENSG00002110	-0.405484880713377	0.343962634926084	-0.0406066952792132	-0.197984662069747
ENSG00002112	-0.269981992063891	-1.6959361016434	-1.14672703379604	-0.85069822642982
ENSG00002114	-0.154219633345085	-0.760343944887611	-0.228725846206017	-0.311325083022318
ENSG00002120	-1.44036303034458	2.38515971081641	1.85184369433955	1.29655730822022
ENSG00002122	-0.236948696721934	0.170604155998601	0.164340225556083	0.0659832448221342
ENSG00002130	0.433996132468248	-0.0706666785315369	-0.20141375401285	-0.3456940790721
ENSG00002131	0.542351684594084	0.252273721915933	-0.22479893126369	0.354469915092382
ENSG00002133	0.7725405210815	0.161128892845069	0.510445897962304	-0.719062655990347
ENSG00002134	-0.492015664637435	-0.112380031849467	0.447268801361336	0.595227719599235
ENSG00002138	-0.313474135715415	0.0296258891455903	1.10399069017018	1.82047263192748
ENSG00002145	-0.173727666684458	-0.298247663941148	-0.22757477933242	-0.104501608130097
ENSG00002147	0.360854013425982	0.0402176175565101	0.233877565984796	0.171094657656217
ENSG00002151	0.0565035898839801	-0.326186083425391	-1.38114117521475	-1.88781466201655
ENSG00002154	-0.187981934092663	-0.385169149367917	0.15358292307454	-0.21612259668661
ENSG00002156	0.160757560736507	-0.180317215928479	-0.0464579205479518	-0.324987219483023
ENSG00002157	-0.364457334062331	-0.330758935796778	-1.45735524460019	-1.77868993893471
ENSG00002159	0.082913581010164	-0.829591734309744	0.193636950677707	-0.120673788526083
ENSG00002161	0.94054403834237	0.760307251669118	0.661451349233094	0.525164378673001
ENSG00002162	0.0365962321200684	0.496544917637099	-0.0442127941508641	0.267938988949901
ENSG00002163	0.227662155911224	-0.188589627686263	0.289001321364789	0.768846535483262
ENSG00002166	-0.371052373582666	0.328935168658502	-0.451838340713165	-0.374773434746999
ENSG00002168	0.00361709010045708	0.200073599249272	1.60708887673959	1.16091676452631
ENSG00002169	-0.186439331206173	-0.472731329967933	0.574823758126663	-0.251323028985326
ENSG00002170	0.355415054536472	-0.439925990374443	-0.280608119067338	-0.135138977393259
ENSG00002171	0.216088361448637	0.64973781375746	1.20548958346411	1.04021654732708
ENSG00002173	-0.480498488074101	-1.88734335434852	-1.12384247894957	-0.14716531720096
ENSG00002176	0.173074121611378	0.348353137978124	-0.550528488185865	-1.27878429471357
ENSG00002177	0.0538592649699527	-0.29555907649759	-0.166200846259056	-0.399939458343324
ENSG00002181	0.388535721500134	0.123233816603634	-0.874850208870964	0.540081499465337
ENSG00002183	-0.163938823633066	-0.106783856517335	-0.4820389806892	0.113216513080566
ENSG00002186	-0.221857565912746	-1.52763434303242	-2.35465303979788	-2.36096686445801
ENSG00002187	-0.194831154716134	-0.177618588246115	-0.168035326107625	0.270017827086313
ENSG00002196	-0.00511787623687709	0.0222276698253099	-0.425969486598432	-0.111586272622973
ENSG00002197	0.350564986992035	-1.62748080431338	-1.18253706704825	-1.11950984976904
ENSG00002199	-0.445190616752436	0.463359501603541	0.467888156970057	0.756238220202212
ENSG00002204	-0.346164571842895	0.290630344590654	0.337385424828997	0.578261178960199
ENSG00002207	-0.135070987522186	-0.556633151055965	0.216149654803708	0.751753197550118
ENSG00002209	0.109978378862153	-0.234055041389106	-0.094611133794877	-0.788355829378478
ENSG00002210	0.920068007492359	-0.200820097322844	0.179754925659656	0.11975095376689
ENSG00002215	-0.0573297960611434	-0.364023248176554	-0.118803067591417	0.00667992148023622
ENSG00002218	-0.00765376715684241	-0.379994205825881	0.0146689489189864	-0.131500786058801
ENSG00002224	0.0339214149986322	-0.0637871217833368	0.254989387364061	0.0516689171744584
ENSG00002225	-0.278968271208195	-0.0638223016791297	0.574934933049933	1.34712770500746
ENSG00002228	0.319201148149914	0.658300305105371	0.358518187596282	0.0510911331702983
ENSG00002230	0.227054994873036	-0.0180455416859306	0.135339563391597	0.199388307639133
ENSG00002233	-0.231176969584411	-0.557051404561837	-1.2040249726171	-0.9599046842411
ENSG00002234	-0.00140650713340662	0.0272982963704944	0.0720872223930691	0.0234104858504622
ENSG00002235	-0.384828016691889	-0.980583600756291	-1.25602162342128	-0.632590307867241
ENSG00002238	0.0713263210798738	0.535304079168063	-0.201660336434983	0.720338297093004
ENSG00002239	-1.26675030372906	-1.41481630170277	-0.472064330266816	-0.414815931585053
ENSG00002240	0.0188297009899872	-0.0806790314357837	0.00142863081903144	0.695844114571389
ENSG00002242	0.249438595701726	-0.257369186583374	-0.338495725002569	-0.548801092445192
ENSG00002243	-0.188061722816639	-1.69318558167797	-0.209137669436036	0.559042399899637
ENSG00002244	-0.0214708003027511	0.0926549161377661	-0.284608964868236	0.313005103994972
ENSG00002248	0.314784678832142	1.45424157536343	2.81369039204046	0.782909558410221
ENSG00002251	-0.0340502986365987	0.0731156066422614	0.0588387406108595	-0.00658017938234323
ENSG00002254	0.371793371493307	-0.886541297454766	-2.5262509520541	-1.97640393358666
ENSG00002255	0.612732429991461	0.0379322718387103	-0.262568472421941	0.414181392753491
ENSG00002259	0.165374140554103	-0.273682473638095	-0.587948464588951	-0.389162547283657
ENSG00002260	0.283464318621197	0.0526611913391539	-0.364904273890311	-0.0291538401712401
ENSG00002262	-0.128554472165017	-0.0662582245856145	0.472457466300116	0.830703197510932
ENSG00002263	-0.298151362546367	-0.247379917783434	-0.2845819366778	-0.0172486831644019
ENSG00002264	0.0511299445293041	0.0241889709935332	0.3355495627689	-0.120883925187901
ENSG00002265	-1.23470681143885	-0.28340704216708	-0.570631854655903	-0.720744460456117
ENSG00002270	0.144368320081121	-0.512408442009495	-0.111569877057534	-0.765934768901907
ENSG00002272	-0.35640545157474	-0.334130237862634	-0.382860921376626	-0.924234282179729
ENSG00002274	-0.167679931269687	0.0257536358777397	-0.618392467351136	0.204140318409632
ENSG00002278	0.420769183356906	-0.0267881669408983	-0.554010071888044	-0.417641429795419
ENSG00002279	0.0109154188492013	-0.103494422014887	-0.263334768789103	0.110435538977854
ENSG00002281	0.239679018995718	0.0486076002991664	1.58856914547105	1.61822918035976
ENSG00002282	0.266534846783749	-1.31396605004059	-1.54951095546666	-1.85991776064292
ENSG00002286	0.163582617816175	-0.171324192463494	0.604908745076488	0.233230332991585
ENSG00002287	0.218337127103952	-0.0194131180599157	-0.105329686006748	-0.0190137284720873
ENSG00002289	-0.158954266515432	-0.165825877048587	0.145806912860111	0.759272946878612
ENSG00002290	0.311319777513731	-0.133598208703132	-0.38151555862237	-0.000262773124465099
ENSG00002293	-0.341781412558788	-0.297720116385217	-0.53624338968148	-0.472974590211845
ENSG00002294	-0.357827510737078	0.222214869292841	0.241560726500017	0.647882916521843
ENSG00002297	-0.150772911919961	-0.548082306402154	-0.136409029566802	-0.37899949090888
ENSG00002303	-1.51149730927375	-1.5841672713137	-1.09033371332304	-0.44419326460309
ENSG00002304	-0.172623378334984	0.127580140658176	1.09512574389146	1.33659880267758
ENSG00002305	0.184629251193773	0.159783591648286	-0.0260117602476857	0.126969642114755
ENSG00002306	-0.362070119328122	-0.00456607386620789	-0.0248967524747705	-0.338772893514523
ENSG00002307	0.0573286625369374	-0.383456090467121	-0.230590778294737	-0.765729441808656
ENSG00002313	0.169263100767368	0.51363874090707	0.678693239796496	0.0548552112072667
ENSG00002317	-0.0157901669957399	-0.603047671729789	-0.700643458284383	-1.07491597671956
ENSG00002324	0.368968054038938	0.88493477459303	1.50085558891986	-0.0405066518885775
ENSG00002325	0.530725220173903	0.20108064638872	-0.213142131365991	-0.535078412112124
ENSG00002327	-0.000994535028308263	0.958361308746078	2.71136856300935	2.12519721313776
ENSG00002330	-0.220810116052502	-0.1551427573719	2.17762346782471	0.136224210651834
ENSG00002333	-0.249676589587504	0.504224521714774	-0.374179860451473	-0.480108126696345
ENSG00002334	-0.308329922080034	-0.158590503070093	0.10315815292769	0.54571886722407
ENSG00002335	0.0167417777531274	-1.51670384840408	0.360718490444921	0.824720519058234
ENSG00002341	-0.113042220488323	-0.359700733218031	0.435793889681738	0.119577683102118
ENSG00002345	0.394863385732091	0.257570257001483	0.292712556539991	0.179918625136801
ENSG00002346	-0.500496134029656	-0.650753037522213	0.774986800977656	0.55869215608622
ENSG00002347	0.0203969094127228	-0.25453498348668	0.073875529451886	0.291911849487907
ENSG00002350	0.233555235317918	0.12796202709321	-0.0729735901810402	0.0143888328967199
ENSG00002353	1.94900158438303	-1.00440450352245	-2.20881431694059	-0.817438327164238
ENSG00002355	-0.138069367093115	-0.182790001569771	-1.13090190362661	-1.4317524297997
ENSG00002356	0.00814410944256405	0.330449964323517	0.0645033030413042	0.113336460737809
ENSG00002358	0.123576245763218	-0.0688702898847424	-0.041095072663027	0.0724248116113735
ENSG00002363	-0.161840638248233	-0.0539192017566013	0.279861561812831	0.256243587636499
ENSG00002365	0.0671397155364035	-1.81695971949641	-1.27185134238959	-1.43481821583733
ENSG00002366	0.146357897810498	1.17285673875435	-0.5086451364645	-0.280415310904599
ENSG00002367	-0.469019524534748	0.528456373500844	0.792808331508531	0.375308823320621
ENSG00002368	-0.319885706020133	0.328587859242934	0.608954747636963	1.22856076499662
ENSG00002369	0.351566815299895	0.371732074864551	1.93131756824188	2.39692929596823
ENSG00002370	0.0391954457705364	-1.29544723195793	-2.29431831410586	-2.53475799844603
ENSG00002371	-0.242445528768888	-0.169545356717048	-0.900998431939707	-1.54980633213295
ENSG00002373	0.214590808726202	0.0503974715840405	-0.375580774335945	-0.131875132424881
ENSG00002374	0.419367057637205	0.0621342719690698	-0.527317649438366	-0.416035136671367
ENSG00002385	0.358295281785233	0.2621506658007	0.777647954498734	0.700852515185066
ENSG00002395	0.395833392505514	0.558273972778141	-0.182960562411401	-0.0999386537924121
ENSG00002397	0.566022511997039	1.14663895737662	-0.777772479994317	-0.34133478114986
ENSG00002398	0.914415156770183	-0.0900167264598632	0.00109639956927765	0.159872485247136
ENSG00002399	0.0795681578434042	-0.140563235348013	-0.0689703171184286	-0.0326780149706112
ENSG00002401	-0.0115055475975696	0.501968398713686	0.576449396394874	-0.117193873473676
ENSG00002402	0.234370435014107	-0.0464369598278713	-0.101597957294679	1.48145614066411
ENSG00002404	0.0914552798461843	0.26479145374378	1.78597154953148	0.264572281576473
ENSG00002405	0.50867497305088	-0.801819746214634	-0.290401096786754	0.0274907323460503
ENSG00002406	0.298831862331404	0.476665782957689	0.490266363856337	0.952883200875485
ENSG00002407	-0.0744913640944933	-0.284611133972994	0.817172302588114	0.872694906939332
ENSG00002410	0.374404858184342	-0.337653794529247	0.2316644348871	-0.199536669435541
ENSG00002411	-0.557941341911602	0.055704024520189	-0.59731638998606	-0.553257878794495
ENSG00002412	-0.202471258515835	-0.324351450976362	-0.285906725441569	-0.304037879613867
ENSG00002419	-0.232122275850522	-0.206130978486544	-0.504785230339941	0.0431750795246844
ENSG00002421	0.010860876651166	0.0739810533773424	0.0511792378334608	-0.119689216646746
ENSG00002422	0.219779374981862	0.33671035993242	-0.0140084003133687	0.211416972071751
ENSG00002424	-0.628569898452657	0.36755412190474	0.125949246910143	0.224311054854173
ENSG00002428	0.260011244526729	-0.0273415286754588	-0.151246878696816	-0.106219690658778
ENSG00002430	0.183863599708886	-0.0197463569510878	0.17891199472347	0.218402166356347
ENSG00002434	-0.122631647052833	0.135371327444838	0.558396163965006	0.747952585099632
ENSG00002436	0.121540123390636	-0.169593379657499	0.0281161367137139	0.0910858437059323
ENSG00002438	-0.10929747281624	0.0339901607393358	-0.193840266915031	-0.121831663604951
ENSG00002443	-0.0466126953727133	-0.433243563262873	-0.0424606451354399	0.392015548949287
ENSG00002446	0.41189644052315	0.499348997353336	0.432843390098577	0.204021741263084
ENSG00002450	-0.363474009172816	0.130565001102076	0.243906533990913	-0.404059175069953
ENSG00002451	0.0268445139134359	-0.512991975432937	0.147427193940523	0.145451050062106
ENSG00002453	0.281444213954209	-0.156980355250997	-0.068104701672242	-0.206947648493637
ENSG00002455	0.0401847715009049	-0.319702684795683	-1.64387127228242	-1.10367609688592
ENSG00002457	-0.064489833211093	-0.886143040417602	-0.921993277570446	-1.34778305721675
ENSG00002458	0.624737824301858	-0.333798114889541	0.175173796461801	-0.283673574492001
ENSG00002464	-0.546340990775204	0.0174157470751641	0.0106763637592131	0.0854160382184714
ENSG00002471	-0.341995121259064	0.962741016520487	-0.242636828880247	-0.408076157617857
ENSG00002475	0.186440459106861	0.0776857782029747	0.287621593160818	0.268835538397277
ENSG00002477	-0.171814607960879	0.646815987769076	1.80626347021317	1.65765537364014
ENSG00002479	-0.353959572572238	-0.531924606424768	0.349991422964456	0.970929500306134
ENSG00002480	0.0614338337127247	0.120993305031762	-0.00026608662055061	0.0976036082660432
ENSG00002484	-0.472914037905952	0.284214395951361	-0.0212893813332933	0.532563973857179
ENSG00002485	0.0691403826874106	-0.213910948248883	-0.0810802106591613	0.147589108844614
ENSG00002487	-0.139303112944066	-0.52759080197547	-1.09247684669759	-0.238251118645384
ENSG00002488	0.341398473480581	-1.50205412138779	-0.898748560718332	-1.13157781787387
ENSG00002491	0.0356346661008784	-0.673596739289784	0.726197894270081	0.527760892730378
ENSG00002497	-0.237414026080501	0.0780872362066845	-0.326247954325867	0.171464931982124
ENSG00002498	0.145868542432632	0.119146037762208	0.624903421398056	0.386695401908327
ENSG00002503	0.0963108694569339	0.631536683371794	0.175082900178463	1.19920558460989
ENSG00002505	-0.240823373122165	0.336607787407665	1.26988121993807	0.767824729520882
ENSG00002507	0.0782862085085103	0.118999960164361	-0.618173778118721	-0.736897253378237
ENSG00002512	-0.384086939574289	-0.344294268132497	-0.304132316054677	0.111914164103963
ENSG00002513	0.562110854734033	-0.209437560001416	0.363853986927367	0.542361752525514
ENSG00002514	0.529652891589471	-0.156210194101807	-0.368290584429441	-0.562074890978747
ENSG00002515	0.17377149273841	-0.394140631818105	0.0632008786918261	0.408243167566694
ENSG00002516	0.227646214308054	-0.0706907208429568	0.320021588655709	0.745375726663907
ENSG00002517	0.119840189041135	0.274901557509436	0.0705845893898029	0.190296699605236
ENSG00002518	-0.396198639597118	-0.16687073391642	-0.217570780383731	-0.124565910235336
ENSG00002519	-0.0152517410954669	-0.00207936598713587	-0.0778284020171647	-0.965936659246132
ENSG00002520	-0.00185708030519205	-1.29600952240858	-1.65736878015951	-1.37165447660766
ENSG00002525	0.129047356712863	-1.18026592317163	0.43439440676018	1.11491956702154
ENSG00002526	-0.0547238336114351	0.195770539410734	-0.0998520253787021	-0.128711632682531
ENSG00002527	0.468431589834537	-0.0318833261749063	-0.0493619243284353	-0.167516583563215
ENSG00002528	-0.014858272705105	-0.499875255632702	0.0712022358956546	0.112263600586722
ENSG00002531	0.0483292038421403	-0.559549795739848	0.395442629748411	0.324765427624348
ENSG00002534	0.162184326840297	-0.0870209361689369	-0.45541158614805	0.827414269829064
ENSG00002536	-0.221841871609092	0.0875415624449669	-0.296563517528394	-0.23850641899387
ENSG00002548	-0.00832186901346077	-0.453412092658255	-0.16586926267806	-0.114293227657081
ENSG00002550	-0.173541687623334	-0.235144036142074	-0.256691698539743	-0.0905659751462364
ENSG00002552	0.114033932348764	1.2361918666069	1.7556055468783	1.08733846379817
ENSG00002557	0.0857642208613978	-0.292490028532206	-0.427117312764068	-0.361137014217381
ENSG00002561	-0.21976291379714	-0.322296311974694	-0.388658306836438	-0.0852174576247133
ENSG00002564	0.32754466050127	-0.0442536570655152	-0.0761938842961341	-0.33928352281202
ENSG00002568	-0.052600433678144	0.10403749464739	-0.676101968407865	-0.901120531064202
ENSG00002573	-0.355151025483682	-0.12265281911971	0.665271714042934	0.724703217519886
ENSG00002574	0.0647018417152108	0.599073085526811	0.551330710650344	0.853225362764663
ENSG00002576	-0.741502768853646	0.0699303022513522	0.150724455454974	-0.210215838111825
ENSG00002580	-0.112552172402888	0.394249911961024	-0.0360035423668625	0.035869962048773
ENSG00002582	0.00893660766129578	-0.123030082364756	-0.153518325592208	0.0781169437402252
ENSG00002583	0.244966138573208	-0.258629255244408	-0.246028548098465	0.52638258336126
ENSG00002584	-0.522562305992692	-0.0123437311994499	0.410967371412172	0.0486236237118236
ENSG00002588	0.358044763836204	1.49172686141141	-0.206415283044286	0.0778591034493363
ENSG00002591	0.286547039819331	0.421929640938637	1.01491325592277	0.468914887041844
ENSG00002597	0.0950066522110533	0.982477011095887	0.334276878393877	0.372600239331236
ENSG00002598	-0.233236239780123	0.465392557086219	0.921005673479931	1.08203755128193
ENSG00002599	-0.00374470983297925	0.304843485318696	0.629355139557645	1.58673834592904
ENSG00002601	0.173594949979371	-0.148384763185751	-0.450882809414763	-0.476139832980726
ENSG00002610	0.0378460361699471	0.22490672350852	-0.0836369793497367	0.0889645854023087
ENSG00002611	-0.225448460506453	-0.306136138204266	-0.7434936533371	-0.356725824968561
ENSG00002612	0.177108318965734	0.175363767272435	-0.118446768393802	-0.313898503943699
ENSG00002615	0.363134671477043	-0.0647042531860667	-0.0464600249327329	-0.0581761061810413
ENSG00002616	0.131587499189681	-0.755673080026551	-1.1090761705681	-1.42930749084125
ENSG00002618	0.0391604928435108	-0.216521339502618	-0.222458590320953	-0.208121187893483
ENSG00002619	-0.673516795963197	-1.33959930306601	-1.24381200217468	-1.55079243905425
ENSG00002621	-0.0125399938509787	-0.331864650835806	-0.134480820310786	-0.312961208083037
ENSG00002623	0.114147388167169	-0.226409346471049	0.997613371706088	0.92522757251613
ENSG00002624	0.0887394098877303	0.406565679039764	1.39291734807331	1.84513702582915
ENSG00002627	-0.695137604641416	0.487674111516996	-1.74061615279459	1.10976457767532
ENSG00002628	-0.336068264368109	1.61031393612199	0.144927180620448	-0.412207725941483
ENSG00002634	0.194135090257523	-0.270183283855133	0.273300958513466	-0.124627306117824
ENSG00002640	-0.214352953509463	-0.160441743334584	0.583814158453342	0.672106567798378
ENSG00002644	0.282646083174074	0.881808531699311	-0.396711760974267	-0.151235567559444
ENSG00002645	-0.238488377316161	0.08996159429398	-0.0930087728999709	0.0436971310167582
ENSG00002648	-0.0785588230563299	0.555946083737465	1.50746487830874	1.68372773024683
ENSG00002649	-0.0227703975944618	0.821528884164112	0.627008251201369	0.0165350377329858
ENSG00002653	-0.328323576420145	0.0317432566436171	-0.195671485142046	0.325391861979387
ENSG00002657	0.24448865365904	0.125765466959946	0.145070733553329	0.0671072222508986
ENSG00002661	0.0630124245713475	-0.12168653356469	-0.163754030710207	0.086246927026572
ENSG00002663	0.0970280451576002	-0.731060668553903	-0.574041670120877	-1.4348007458362
ENSG00002666	0.117300533859442	0.152867161842897	0.0950469400520531	-0.0422529972787791
ENSG00002670	-0.367234181896894	-0.146668523407331	0.442672538654922	0.0469383192338872
ENSG00002673	-0.366296390532632	0.392939133732641	0.587333037615501	0.31221358797481
ENSG00002678	0.517827831774101	0.0432195962169306	0.177778984139282	0.455885130976528
ENSG00002679	-0.114096315647476	0.0996325780894267	0.614947427079963	0.196027056987976
ENSG00002680	0.115542635419671	0.115113395946487	-0.035493834844142	0.230841746005409
ENSG00002688	0.0708064482712345	-0.1207213456858	-0.0266993926007348	0.184827112098171
ENSG00002695	0.0530972310338793	-0.617551895446408	0.00728206441975399	0.162561076849219
ENSG00002698	0.548188519328712	-0.219022577047639	0.000265214238069689	-0.235758762131304
ENSG00002700	-0.154977645409489	0.0301706628859542	-0.137317469974283	-0.310361293405388
ENSG00002712	0.244243717749344	0.163736951134547	-0.180078019866325	-0.136404733990053
ENSG00002719	-0.121735193020245	0.316711144463454	-0.166358220723897	0.140029675259889
ENSG00002724	-0.170192246094846	-0.271305265251069	-0.214481804719197	-0.424456947097926
ENSG00002725	-0.300700441197372	0.152924154804334	0.611205524048694	0.0659287034474438
ENSG00002726	-0.0910387088786031	-0.0583315285493651	0.489020985301336	-0.149968561687967
ENSG00002727	-0.120887474725389	0.455662310534375	-0.227838803954258	-0.390332026275335
ENSG00002730	0.198167772518492	-0.423046017827209	-1.90985569258515	-2.01277731214715
ENSG00002732	-0.0613267440084702	-0.38417950224079	0.197934255588956	0.180429023109083
ENSG00002734	0.0279499856829775	-0.156186223683843	-0.368036334562375	-0.26132847617068
ENSG00002736	-0.412921058704368	0.176806689913495	0.161417840764214	-0.00907981735764896
ENSG00002737	0.0743498557021347	-0.305545293276387	-0.34810389506322	0.278252436011785
ENSG00002743	-0.623829797928684	-0.278861353981144	-0.0839857198059608	0.342574090493674
ENSG00002745	-0.430171506020368	-0.0461450573056279	0.0903865631077672	-0.0964579881009477
ENSG00002749	-0.60586047520593	0.581951188556896	1.52591650925475	1.69714859957298
ENSG00002751	0.130118614870092	-0.197161204458077	-0.576853031622052	-0.126761447679266
ENSG00002752	0.177999128779749	-0.113314499004618	-0.0790676401025578	0.155949733248066
ENSG00002754	-0.259466516514378	0.32802027469087	1.04440894525634	1.70111849455954
ENSG00002759	-0.489244022894017	0.302623006718487	1.18307049393106	1.43283262861789
ENSG00002761	0.0230098199139732	0.445127633042051	1.62583003757518	1.92971504576959
ENSG00002763	0.0803716180300533	0.240972774490581	0.847085305004496	0.755215317972349
ENSG00002765	-0.00580522521940985	-0.316467390280106	-0.4769710294848	-0.430571148402033
ENSG00002766	-0.228363824168918	-0.240785141443896	-0.0505811415988244	0.0496843311169517
ENSG00002770	-0.066176043024015	0.398634134220128	0.60118675834023	0.384950018351992
ENSG00002774	0.373747524085122	0.0351245210591351	0.0297790656588663	0.19856185501459
ENSG00002776	0.34508017964486	-0.350792559480821	0.745992880725469	0.240817294701397
ENSG00002783	0.506526485535199	-0.128966248125467	0.199544980018269	0.0866795293563012
ENSG00002786	0.169438178090657	-0.245362946451378	-0.33357456700378	-0.411550759057638
ENSG00002788	-0.0587119099616018	0.177132396265925	-0.567158135150875	-0.164459569337094
ENSG00002789	-0.252095560906	-0.391840774472744	0.0619826291316894	0.79668946634292
ENSG00002791	0.58526503587581	-0.598578099336634	-0.818311364000381	-0.801467454965084
ENSG00002792	0.172652463421302	0.0849196801508389	-0.676070852612431	-0.723063554049754
ENSG00002794	0.908522604938995	0.12334737575758	0.0707744734225049	-0.911568779660441
ENSG00002795	-0.205236925817659	0.342499473432791	0.20677990439594	1.05737879498344
ENSG00002797	0.0733243097496903	-0.104453929744864	-0.0171867039665621	-0.211112849370643
ENSG00002802	0.321394545990115	0.378392576377951	-0.216068553185067	-0.766250572648936
ENSG00002803	0.274171565076605	-0.6705538992128	-1.5327414789339	-1.54027288434368
ENSG00002805	-0.153679053685186	0.0115938308554053	-0.0691284631019506	0.276542781538216
ENSG00002806	1.18423743963719	0.0062753851867372	0.710135041108348	1.8681186135048
ENSG00002808	0.369884723605705	-0.730292645133917	-0.167337529341576	-0.169668795245373
ENSG00002809	0.19008674169618	-0.138913051513772	-0.416593972075365	0.202461749101574
ENSG00002814	-0.134995034714898	0.232343219129064	-0.14473874984099	0.0473200657152333
ENSG00002819	0.0185621683432764	-0.0389825866248898	-0.343863459245515	0.367108453078611
ENSG00002821	0.504568325698989	0.126352735033562	0.166183771438664	-0.046575185692582
ENSG00002822	-0.182216242252817	-0.251681500498297	0.200577068681859	0.191510978883361
ENSG00002823	0.37919324504717	0.177415354535529	1.42890914085534	1.72873733655431
ENSG00002825	-0.186178754980816	-0.112364700552747	-0.153862947473451	-0.0150220870392932
ENSG00002830	-0.102706646211249	-0.566133074571988	-0.180335883214599	0.097077045074867
ENSG00002831	0.0857299065598003	-0.46059602340637	-0.0149883197648393	0.312723925676797
ENSG00002834	-0.153629849601391	0.0910732920326076	-0.0249963147379866	1.69921575544538
ENSG00002835	-0.100810709616068	-0.251654574059767	0.273466448986548	0.0912281763632139
ENSG00002839	0.218674002983386	0.716484583499533	0.493595273996309	-0.52116975163038
ENSG00002840	0.00333070090723275	-0.206188877574371	-0.0565155594885702	0.444817935081012
ENSG00002842	-0.125266492788427	0.00562294264410745	0.0258318982281995	-0.154566850026317
ENSG00002845	0.139807604345143	-1.47665239707857	-0.150843560097403	-0.304497285382027
ENSG00002847	0.140353172884838	0.391423775529661	0.0403004736808441	0.585980077708552
ENSG00002848	0.0334710868415176	-0.0611637084205441	0.207468092528323	0.095077579108235
ENSG00002849	0.230278200267234	-0.397249299259698	-1.4068420260609	-1.63168681230367
ENSG00002850	0.0694297594442315	0.0549919467898015	-0.279608923825757	0.438322359790288
ENSG00002854	-0.265805277610202	0.118102711548508	-0.421994510882822	0.283254636014138
ENSG00002855	-0.186107657173551	-0.28730055492919	-0.422097768594937	-0.0921022452441802
ENSG00002858	0.349911576365569	-0.298821985468765	-0.337385553281401	0.111626713593866
ENSG00002869	0.30688625891114	-0.525633682545558	-1.6910609669658	-1.68159027285189
ENSG00002870	-0.301684033831772	0.0846525273153151	0.0639302348505026	-0.0718421768173032
ENSG00002872	0.272900129493848	-0.379248609855027	-0.498028121948893	0.80702432698941
ENSG00002877	-0.63661749855915	-0.172701201525909	-0.190648934056398	-0.0426572530739131
ENSG00002879	0.0323629346785648	0.0205439299869496	0.288932069542444	0.872919181557114
ENSG00002880	0.14807851828942	0.199551248546211	-0.793271846038705	0.074419645258966
ENSG00002882	0.066448495566628	0.00486244779647738	0.00892061524466214	0.505734529013049
ENSG00002884	0.168810352223175	-0.129926651167756	-0.0757072486318169	-0.0791563369085821
ENSG00002885	0.188738313310893	-0.212543504876973	0.425412204451582	0.6283423647647
ENSG00002887	0.507933994017476	0.209070248158501	-0.0875314552787128	-0.210360469862699
ENSG00002891	0.0185564359364339	-0.0557070343721016	0.647966284359402	0.135892784719069
ENSG00002893	-0.326324791373788	-0.862666585677331	0.886310791047113	1.18360989570484
ENSG00002897	0.269123941681331	-0.0395646796376372	-0.473476342692731	-0.400113880358566
ENSG00002899	-0.385078445538197	-0.728306271521868	0.793100696861964	1.08294339016144
ENSG00002902	0.195096551877882	0.0573452559413736	0.0162045974883487	-0.301893953720451
ENSG00002906	-0.332634949374327	-0.130875744573654	1.05195514191178	-0.459486720796453
ENSG00002910	-0.0355673434005723	0.0788197650515663	0.566866378719661	1.01866478331031
ENSG00002911	0.109370872636831	-0.0985484777191097	-0.115955479373934	-0.33779446691623
ENSG00002916	0.288394767884119	-0.428026443095227	-1.44520601365321	-2.13960789633244
ENSG00002919	-0.176399376524736	0.151130300429666	0.045073199603813	0.168436805991566
ENSG00002921	-0.0619732842088876	0.0187068130730133	-0.359757003182546	0.327874935825248
ENSG00002923	-0.0100197087267384	0.372501672046737	1.2185263374523	1.32871038893598
ENSG00002924	0.0899514906615577	-0.291642566988287	0.196040449422527	0.280568010354147
ENSG00002925	-0.0142381848457864	-0.361964933569163	0.0691704393514208	-0.093343272769002
ENSG00002926	0.0549586810793157	0.0587586371045061	1.61596685725936	-0.0750464771836308
ENSG00002929	-0.205657924765152	-0.433567050536295	-0.350046645367149	0.533849701380008
ENSG00002931	-0.151506861651797	-0.358116567317635	-0.310917734586934	-0.146461525995437
ENSG00002935	0.101769805742229	0.286849695506621	0.044751025652543	-0.29914390929795
ENSG00002940	0.0208806947170608	-0.413639582099357	-0.286585849017158	0.340147931487224
ENSG00002943	-0.142440056608171	-0.0983545081109991	0.0614410690251681	0.337553802165766
ENSG00002950	0.190131226534255	-0.805032160995076	0.452744904025575	-0.219863221837947
ENSG00002951	0.288003518528235	0.0635597670174306	1.2608997364942	0.958595814920001
ENSG00002952	-0.152973646117603	-0.390843015325657	0.278675706826797	0.596730091992264
ENSG00002956	-0.321847570047201	0.418873370229257	0.13446125021088	0.143069312105263
ENSG00002960	-0.014080318912896	0.311086088794703	0.205539912190932	-0.144329966542301
ENSG00002963	-0.196255238373995	-0.186712672258835	-0.259563670976366	0.0972641923034647
ENSG00002964	-0.574876646554593	0.135865184430276	0.159286695439993	0.100575118713246
ENSG00002967	0.103144359627626	0.638806935396446	-0.137764142229947	-0.00155176610470065
ENSG00002974	-0.141941505948026	-0.0983827045774692	0.181907038079915	-0.141442332201535
ENSG00002981	0.349452087030097	-1.86147364073731	0.236165091790471	-1.61893512552593
ENSG00002983	0.00838686116591436	-0.152101769519147	0.140772461767672	0.208265976979851
ENSG00002985	-0.340090750622996	0.0436470057973519	-0.334295129302077	-0.0795631075574272
ENSG00002994	-0.43541568974026	-0.0762873308449237	0.366469190517305	-0.185129937648506
ENSG00002996	0.89574994451346	-0.353025525853826	1.40612063259957	-0.60862718818955
ENSG00002998	-0.283370981589298	-0.301484119735946	-0.32917827486392	0.46100045515925
ENSG00003000	0.213520163683466	0.144207818338103	0.219759930727866	0.2810639051891
ENSG00003002	-0.188188791387011	0.140461540021716	0.934653873404127	1.11126145900856
ENSG00003003	-0.138929131166758	0.161472345543554	0.220919295827274	0.22169143728831
ENSG00003005	-0.639806751758817	0.810368054701825	-0.385438374456549	0.0700437687389934
ENSG00003006	0.24431762765119	-0.132575546435154	0.402289436918227	0.355039424237887
ENSG00003008	0.186001143049586	-0.826752688985886	-0.0305387808293514	-0.113233105604881
ENSG00003009	0.361500269343222	-0.0694482508958494	0.0839309411100704	0.188712576807138
ENSG00003011	0.205518819542019	0.174776131327721	0.00539618910177175	-0.130518077843689
ENSG00003015	-0.161820116584282	0.279733870014494	-0.445833531426226	-0.168368088593616
ENSG00003016	-0.16612233231654	-0.245873258695362	-0.812123578049241	-0.573171899917596
ENSG00003017	0.0148861012307311	-2.42027854734451	-1.12210722981653	-1.21062142598566
ENSG00003019	-0.0349570619484405	0.149010211758551	-0.421569040125294	0.270587872646644
ENSG00003027	0.0536530286134456	-0.247907750462373	-0.0749936430794462	0.103223465296151
ENSG00003031	-0.0541146586338002	0.1521745964962	0.623430579572899	1.27323645826286
ENSG00003036	0.205580005987501	0.190463432372134	-0.333800369174499	0.229824221789164
ENSG00003037	0.409883987047599	0.176626503358382	-0.331585929052364	-0.729187141871649
ENSG00003039	-0.151266595326586	-0.0674947064955722	-0.367033469023706	-0.0328314746418457
ENSG00003040	-0.72745061597033	0.322038052156085	1.25128738999959	1.01864182215991
ENSG00003042	-0.490364725737513	-0.418920101174561	0.0168138553573005	-0.131219180324429
ENSG00003043	-0.342231664783454	-0.262523240281187	1.13366523698425	0.423022135563803
ENSG00003048	-0.332459681890575	-0.379568008511036	-0.0377631132719305	0.0445041111987887
ENSG00003049	-0.279946125364523	0.790942997784688	-0.104027963042784	-0.624665472596829
ENSG00003050	-0.336601174427456	0.0830298016654041	-0.64770583612682	0.0680558386729437
ENSG00003051	0.367617374164194	0.0458627155696849	-5.20832871720226	0.406402591190179
ENSG00003052	0.140824137982833	0.899440069152101	0.269498722202808	2.71123505511128
ENSG00003053	-0.111374743264602	-0.833936736980616	-0.887884074883877	-0.552076620165002
ENSG00003057	0.00314865231294004	-0.0484764924907486	0.0749752753179136	0.377437965395256
ENSG00003058	0.0698833708865294	-0.86480424808965	-2.46716228209865	-2.32358625083991
ENSG00003059	0.116582095817656	0.0669584078239023	-0.792394595358424	-0.491528550118748
ENSG00003062	0.141479906741905	0.568900025835683	1.25190727012765	1.21079297404244
ENSG00003065	-0.261126767340643	0.574177930449308	1.66254811553879	1.61044097606281
ENSG00003067	0.331743892279869	-0.245504604934668	0.213239557284233	-0.0326665128578671
ENSG00003069	0.232018854844457	-0.0581878499431334	-0.253835023706523	-0.0295824994757568
ENSG00003071	-0.0418578115961665	0.150020129879444	-0.0274081612487418	0.958964501986705
ENSG00003073	-0.10913153666954	-0.33677951691582	0.351197463986686	0.641644978979382
ENSG00003074	-0.106002526074103	0.517845855962573	0.905102804861914	0.551277617333421
ENSG00003075	-0.0858311024552334	-0.250620904579909	-0.21214671379015	-0.917631181656714
ENSG00003076	0.0715960034707726	-0.112180599610593	-0.2670917609844	0.240250350490027
ENSG00003077	-0.221239608680731	-0.363542783931065	0.375868244105332	-0.098887892730902
ENSG00003078	0.190005944491821	0.0392464193682187	1.02865708034142	0.88114355583622
ENSG00003081	0.29553634416316	0.409984614760771	0.238661884029972	0.309365858634349
ENSG00003082	-0.0166493582890537	0.0649809716288097	0.615430626515228	-0.212250076546403
ENSG00003096	0.448875790305951	-0.374728885348524	-0.111889449039916	-0.5370135378003
ENSG00003098	-0.0190238498485753	0.25944465039304	0.448166658787033	0.0207283635240278
ENSG00003100	0.133552321646849	0.431468226921506	-0.805662187866394	-0.273818802729444
ENSG00003103	0.549958788356942	1.08385141690636	-0.80887107410195	-0.372238368637213
ENSG00003104	-0.47493018087181	-0.389018253053246	0.476424287528169	-0.48712938533036
ENSG00003105	-0.0613172313155763	-0.239569961577901	0.0717183924725102	-0.116735139041443
ENSG00003108	-0.238060385664776	0.104810189129884	-0.196984737240156	0.183998779112356
ENSG00003113	0.0413743293546593	-0.429002969412521	0.17500012791751	-0.16476882942371
ENSG00003114	0.182093935061166	-0.0990039024583611	-0.0930786744690506	-0.0975677500138783
ENSG00003116	0.0818199704050517	0.309569626332307	-0.396573571955393	0.254852225342363
ENSG00003118	-0.0837660673024025	-0.384827851606786	-2.46035342008973	-2.10306637481248
ENSG00003119	-0.0348978690322213	1.22403772472054	1.1144343057772	1.21242227835775
ENSG00003122	-1.32131744710332	1.86018652263683	-0.436477301010146	-2.4764059267701
ENSG00003125	-0.260876541344231	-0.189530971791765	-0.2047138458269	0.110433592065803
ENSG00003126	-0.309809037529244	-0.0848066097262263	0.0805625242812789	0.249507507254073
ENSG00003128	-0.130031032487389	0.417991875861262	0.339923471807084	0.625840136031738
ENSG00003132	0.179946710587182	0.251538409008231	-0.332227107620514	0.0623431050421432
ENSG00003134	0.113916398193878	0.633709274733924	-0.793413436169763	0.132112107282302
ENSG00003138	0.153816767658577	2.71573396704054	1.9472019880384	2.23404091960862
ENSG00003140	0.138772400286552	0.135598980187076	-0.0217170760588399	-0.84336518033163
ENSG00003144	-0.0229064349148276	-4.23506653839599	0.168618262435161	0.0428141808564941
ENSG00003151	-0.00243744859343131	0.326689873213736	0.469274059884265	-1.05757799751457
ENSG00003154	0.335605419305947	0.192461153882729	-0.0122465110418504	-0.449437544251722
ENSG00003159	0.447341074180086	0.124513158565622	-0.281461951817243	-0.431550244024422
ENSG00003163	0.151842540178126	0.2732183303763	0.252883182022777	0.0652345876761897
ENSG00003165	1.79347345617607	0.0371056495465361	0.218255761666136	0.0991026990088155
ENSG00003166	-0.207408301493338	0.307958807977554	0.104461055459434	0.736851135298716
ENSG00003167	-0.251279907670336	0.257202385009707	-0.0518551619290171	0.611284437034983
ENSG00003169	-0.148892946485153	-1.17391395492854	0.401854347680844	1.31772986445812
ENSG00003170	0.1350268962015	-0.0960561804062685	0.466813515353063	0.497402169427238
ENSG00003171	0.165199859952887	-0.0941218855910417	-0.224096434933822	-0.228712704821776
ENSG00003175	-0.112200377554496	-0.0404523003719657	-0.453097749651201	-0.191779152238531
ENSG00003181	-0.0114950192024352	-0.4263753287116	-0.259166844147847	-0.00398789673396749
ENSG00003186	0.097080675228856	0.020488279887009	-0.666356094638077	-0.177440005394531
ENSG00003188	-0.467498187720444	0.293331664751006	-0.0650968951194919	0.0971357906095633
ENSG00003189	0.182628936925045	0.0905967433787866	-0.078736603139987	0.364656003228032
ENSG00003191	0.0688063016197713	-0.611590198687809	-0.139272156809779	-1.69900523119186
ENSG00003194	-0.171757049839004	-0.353958751668008	0.130533250640934	0.178819418756779
ENSG00003199	-0.11660056803527	-0.221996293926492	0.095217900283453	0.0463258669366331
ENSG00003201	-0.232092856101243	0.0427692860519793	-0.0625219942424744	0.28874656809757
ENSG00003202	0.220069092657594	0.346528534259766	0.398942111636291	0.447248577653834
ENSG00003205	-0.151622359069833	0.147023565275131	-0.48943498937877	-0.260007168611033
ENSG00003206	0.02855307239669	1.13294036984605	2.0353006953505	1.4673136730536
ENSG00003209	-0.0239085641226824	0.0202234186761654	-0.215702809470974	0.216438024767967
ENSG00003211	0.222653898691807	-1.82741852383252	-2.30610845141664	-2.16537215473583
ENSG00003217	0.262020136274012	-0.038624972207387	-0.597477730356479	0.103824381359312
ENSG00003225	-0.210707110372075	0.184124956818945	-0.104958711912845	-0.0295403023086358
ENSG00003227	-0.394915328034611	-0.468966330439851	-0.836753713180827	-1.83063834208927
ENSG00003229	0.109531661859726	-0.0414515895532706	0.524102071793136	0.89876973970436
ENSG00003232	0.304194046246104	-0.197160560839304	-0.295358290356997	0.119351287846104
ENSG00003236	-0.264784971617029	0.0202188958262344	0.190184112440967	0.163816133420299
ENSG00003238	0.111972464860497	1.14452212929885	-1.91309388598006	0.106353834713493
ENSG00003239	0.0845862038768876	0.238214080956255	-0.155499637317456	-0.155608518973095
ENSG00003240	-0.0417166885512854	-0.308052930867557	0.424565783032497	1.02086017762956
ENSG00003241	0.350551394004819	-0.76414656047066	-0.0541608700957772	-0.365817129359286
ENSG00003243	-0.260529911445977	0.232101674246817	-0.113522271557035	-0.0262075686201735
ENSG00003245	0.0462447502340133	-0.0232365154552436	-0.00224615350421153	-0.104958754009425
ENSG00003250	0.36509507819609	-0.0504593873717019	0.231629759707246	0.581391951128471
ENSG00003257	-0.165507300727929	-0.0555977229028528	0.318367615792623	0.0510337731110537
ENSG00003258	0.112465396128201	0.0698812251319998	-0.128792349829831	-0.10506949541591
ENSG00003263	-0.299413857682252	-0.853087559134837	0.969551011239199	1.27318744980509
ENSG00003268	0.0115244697740078	-0.333856581916434	0.7378163532878	0.603997874113829
ENSG00003269	-0.374538941339646	-0.128509691797033	-0.947180901906163	0.57711309966971
ENSG00003271	-0.113568577549718	0.203212848412003	0.544431102440058	1.36104339714559
ENSG00003274	0.366337911530739	-0.0661522667655134	-0.491340930958441	-0.374392789646389
ENSG00003279	0.419565036381455	-0.250917711972521	-0.39145308499449	0.31095527610494
ENSG00003280	0.933375394970428	-0.158451996552934	0.271988641368644	-0.406235875709797
ENSG00003285	-0.416736597095722	0.1536216136191	-0.143409717954822	-0.0959683228236727
ENSG00003288	-0.0533160207157568	-0.390819337182736	-0.12190982448145	0.33508661965841
ENSG00003290	0.204789189490054	-0.022056037655668	-0.176980255137888	0.115647050196921
ENSG00003292	-0.227084561532153	0.0785344320300059	-0.222323426480546	-0.112197989533093
ENSG00003293	-0.122810032713623	0.426026021716269	-0.0879336610368933	0.586529056412967
ENSG00003295	-0.13449333221185	-0.963145484852194	-0.428847740603151	-0.456082491066899
ENSG00003296	0.161780923751232	-0.810893545175331	-1.34185049313237	-2.23207094347013
ENSG00003299	0.129715343338377	0.400353083474641	0.200887661208846	0.162770022518396
ENSG00003302	0.199633937048421	0.0631307425026337	0.677780236709488	1.15674229055092
ENSG00003306	0.326059897921971	-0.508966351585745	0.143486127801617	0.0892975394811772
ENSG00003309	-1.5059749311389	0.22776237988042	-1.26356134458653	0.922114540448381
ENSG00003312	-0.0316815796690006	-0.121528384530325	-0.00579293214314713	0.310495811673442
ENSG00003313	-0.211347620161517	0.408787676130764	0.0635173487679133	-0.0380995537830007
ENSG00003315	-0.283773663825535	0.417173773299583	1.90103187207848	2.37769254291911
ENSG00003316	0.371879884412325	-0.276702529798051	-0.0875098549123727	-0.00843888947717009
ENSG00003317	0.341524736635879	0.251339254820408	0.348331250357413	0.15225726027095
ENSG00003318	0.171267723205228	-0.247624661029731	-0.00785971132476604	-1.35016870988399
ENSG00003319	0.431065720397767	0.0955801114747361	0.209744883278607	0.353290728118656
ENSG00003321	-0.0262688520169103	0.139406461440068	-0.308318053062784	0.183973645554524
ENSG00003326	-0.0423662571304009	0.218536122663121	0.0254819100646673	-0.0190511126937754
ENSG00003329	0.712950927104133	-1.91119482208836	-0.823113842947638	-0.326027013220729
ENSG00003331	0.491498179855544	1.70152578034825	-0.0581639301580101	0.0644077383703907
ENSG00003336	0.0428735387090011	-0.326062956144032	0.0767471586556994	0.0176823681204343
ENSG00003338	0.27990799979076	-0.238583290578626	1.43560931255042	0.780870312653603
ENSG00003341	0.541168117573291	-0.0861112799222701	-0.109267933871787	0.0950040438639057
ENSG00003344	0.466844216455749	0.0645882749633211	0.109321198321584	-0.33081460412947
ENSG00003347	-0.0757767786533039	1.24427901872221	-1.14087145344153	-0.578770787412673
ENSG00003348	0.33882103332354	-0.6745410962078	0.64858234186547	-0.420016415714393
ENSG00003349	-0.126365854590272	-0.392721564641795	0.251650228446488	-0.327528693050148
ENSG00003352	0.179401264209986	0.375745997074675	0.599504123511911	1.19580233193209
ENSG00003353	-0.571880986353237	-1.3384839783789	-1.66875887668429	-1.74754720318212
ENSG00003354	0.457760115217237	0.109180136435324	0.153149832101474	0.601758593065674
ENSG00003359	0.0672407714503933	0.0485715895197059	-0.127585542307188	-0.48461965592425
ENSG00003361	-0.0936488430611302	0.0687058579731348	0.0761561793701198	-0.046308566641061
ENSG00003362	0.0126997322606819	-0.266753312902076	0.616030384338789	-0.541771027694767
ENSG00003365	-0.17864562667702	0.251076579209033	-0.199984546859881	0.359412037959966
ENSG00003368	-0.061614314557163	-0.2634920085642	-0.428648496438574	0.00628472850201955
ENSG00003369	0.0641290392214851	-0.135076169652478	-0.333336295283519	0.173098155131654
ENSG00003373	0.0823738433162147	-0.187462709803734	-0.0119265401578179	-0.15217095637612
ENSG00003375	0.63554363032373	0.812476746285295	0.815502062986914	1.12897830426045
ENSG00003379	0.261997745573977	0.0092648045363859	1.09253276291098	0.127853602270536
ENSG00003380	0.158052189164266	-0.547166331152967	0.0685814996496212	0.197794025479148
ENSG00003381	0.27750506257811	0.0012040272869136	-0.163229996858273	0.162908584442068
ENSG00003382	-0.145202990081163	0.392962150579399	2.02026642560329	2.84488708163192
ENSG00003383	-0.131786013592452	-0.308845045214458	-0.35605018405688	-0.00952121308627163
ENSG00003385	0.230124821927557	0.0434117728389065	-0.228809359076037	-0.00880552692290415
ENSG00003386	0.190797400313834	-0.482965287329803	0.601693902460466	0.304893927414565
ENSG00003387	0.227469314241568	0.229996041198523	0.120648900110674	0.32851184291593
ENSG00003392	0.346284727470524	2.2106876585728	0.210434964486132	0.83598796198156
ENSG00003393	0.245521228091365	-0.0298099772624258	0.362010854701895	0.192089091768407
ENSG00003395	-0.122157759592564	-0.103063964761923	0.724194760520673	0.583126720819183
ENSG00003397	0.210798112928477	-0.810002890622554	-1.16372808647594	1.51158646276688
ENSG00003398	0.725982480540886	0.551502301530317	0.11929781855995	0.38807567325771
ENSG00003399	-0.639866275035548	-0.066983722735289	-0.0514505392086244	-0.509148034685482
ENSG00003400	0.751698868354851	-0.178609734427693	-0.0741212402765976	0.106158964007766
ENSG00003401	-0.263656156882233	-0.640993448039227	0.326570304042042	0.0424143793031604
ENSG00003402	0.297148966308759	-0.0470431166721461	-0.0983373200981301	-0.286871895030208
ENSG00003406	0.23396702851597	-0.357701735505684	0.0214503520534066	0.098580180978594
ENSG00003408	0.052405559752664	0.260728196507634	0.214468790869233	-0.174467150911866
ENSG00003411	-0.0430150595866836	0.115281130565399	1.09691407364173	0.659351799516712
ENSG00003413	-0.119672429589629	0.0458497124191082	0.0497161401814923	0.328941452304417
ENSG00003417	-0.0662785354972488	-0.036846477627666	-0.0581126338228604	-0.124788547395267
ENSG00003418	-0.0282876298311958	-0.472870872116396	0.0304111514919505	0.263951131467238
ENSG00003421	-0.344692619729498	0.461267873823873	0.0474327397624545	-0.291058984762838
ENSG00003422	0.139977836627338	0.225149716862126	0.133807944656581	0.68229452667492
ENSG00003425	-0.173454765244731	-0.119270121447833	-0.264401807789303	0.157699575295503
ENSG00003427	-0.361267956831767	-0.40271270664363	-1.3978680149786	-1.0010503237331
ENSG00003428	0.371970572299634	0.506596579706533	-0.941452101623065	-0.0485743709384359
ENSG00003429	0.151696656599851	0.576256299709097	1.10363931184732	1.02544211216384
ENSG00003430	-0.4266960322598	-0.364284479638203	-0.5872321041515	-1.86868647133101
ENSG00003433	0.112493992533944	-0.545673837501853	-0.467043054528411	0.314118872686166
ENSG00003439	0.168765206466818	0.119199555380206	0.867331794666549	0.535482147328615
ENSG00003443	0.15398372715678	-0.0830571914598925	-0.357515831635803	-0.135823394565964
ENSG00003446	0.27760278671697	0.285359403505903	0.0985738924610597	-0.537795066893289
ENSG00003448	0.223660580293684	-2.01462516143463	-1.10572723446463	-0.893179012749073
ENSG00003449	-0.233603827977787	-1.18829786260766	-1.61195747648218	-1.25985424508728
ENSG00003451	-0.0113853189178328	0.23499075657838	-1.00726724340105	0.252545093613727
ENSG00003454	-0.0264777875359474	-0.0878706247946561	0.543688885151379	0.50258525973662
ENSG00003456	-0.257162054133655	-0.199047444989469	0.0282709041754439	0.516839965224236
ENSG00003457	0.217052592095636	-0.162579317813251	-0.436778612059053	0.205850532332665
ENSG00003460	0.182957402005179	0.0407197061594253	-0.252918997498933	0.140581821037173
ENSG00003467	-0.038277847963303	-0.259065617668413	-0.449261967197981	0.12140420108516
ENSG00003472	0.0521943912266165	0.188836129285203	0.253345025491099	0.228425265690216
ENSG00003475	-0.979509238553421	0.429089028936754	0.0975630351983767	0.35024446029174
ENSG00003482	-0.123572696510121	-0.555950407175166	-1.24213832419821	-1.20736131603359
ENSG00003485	-0.108724313998071	0.121568061179737	0.0163577844349909	-0.165570970778372
ENSG00003488	-0.177449699206734	-0.0831136392319003	0.171767166739665	0.266538005753498
ENSG00003489	-0.0891326560899639	0.312061788592194	-0.101344546715824	-0.145103804279174
ENSG00003491	-0.146155878105846	-0.00476073187726023	-0.356428225796543	0.447480233266141
ENSG00003495	0.110989952238098	-1.50255001721324	-1.20490029030798	-2.01420225481228
ENSG00003497	0.0502593877452835	0.0634335827884582	-0.0884639781459615	0.17081823523609
ENSG00003499	0.284942527456088	-1.19591351521692	1.00507887998306	1.89052037119406
ENSG00003501	0.0992446587202629	-0.126495240982219	0.147328462919207	0.422943545579122
ENSG00003503	-0.0372982039111793	-0.00750075230244018	0.233254830708897	-0.191902775634602
ENSG00003504	-0.148134578219233	-0.491590202706621	-1.18210393754106	-0.659123493926513
ENSG00003507	0.639321656523964	0.0136295082839961	-0.173095196994027	-0.0305469269697705
ENSG00003510	0.0856576673475296	0.26988509521667	-0.281794032658949	-0.18624752621857
ENSG00003511	0.617135672372521	0.0611042397130594	0.26563126882838	0.808763046764803
ENSG00003512	-0.102285828000085	0.456959245607095	0.0592374307580261	-0.18186417038245
ENSG00003516	0.142303938943209	-0.280129061343002	0.210500793495511	-0.0311855122226596
ENSG00003517	0.458164135887909	-0.283365318980513	-0.602778373230329	0.455328047644382
ENSG00003518	0.134555282444035	0.0204003194489335	-0.20037370357076	-0.3312595950418
ENSG00003521	0.57237901065019	0.0575298832133093	-0.0496877738200237	-0.158549147110946
ENSG00003525	0.324951128359265	-0.0412957085480681	0.0434820562372984	0.377220710502199
ENSG00003528	0.279788561820046	0.392642662744899	-0.147103445070544	-0.0780250111361109
ENSG00003529	0.0655625170156338	-0.124099672733458	0.0782875782966883	-0.142597027412435
ENSG00003531	0.406331448935134	-0.32770893793997	0.262404690699899	0.218604520003865
ENSG00003533	0.0721120967297209	0.307843329803901	-0.258821743724557	-0.844885404372838
ENSG00003535	0.135609950849876	0.0481254437238103	0.0276262513594121	-0.318936322957016
ENSG00003540	-0.0377355558471031	-0.0862723864010135	0.148698469599941	0.346942271671836
ENSG00003543	-0.181151674546778	-0.0141581686045331	-0.245288119382629	-1.31302554749964
ENSG00003551	0.0599789208988435	-0.056438439281628	-0.237596381769307	0.348462991061533
ENSG00003554	0.262953502686576	0.453658905661631	1.68477158286633	1.9049650206032
ENSG00003555	0.272704457484773	0.222141374774333	0.310896635693803	0.487738009469467
ENSG00003558	0.542960815225081	-0.587364106197159	-0.857254854421538	0.0312653146774187
ENSG00003559	0.0393910299662927	-0.529879719772439	0.956341368339314	0.796354450892714
ENSG00003562	-0.27450178637274	-0.156817365334263	0.678762799184192	0.70983539578374
ENSG00003563	-0.0816669705290707	0.222856768051608	1.02448674486303	1.37453858032437
ENSG00003566	-0.146606957530814	0.260487359665984	-0.0252718352336405	0.386669017925614
ENSG00003574	0.439853981128251	0.901538553453597	-0.106351433097324	0.196492249029317
ENSG00003578	0.180666481340945	0.128944353392651	-0.575887456143451	0.000204663525207316
ENSG00003580	0.102037249275543	0.766017388630731	2.15247123894054	2.48281091163824
ENSG00003582	0.0949763278103539	0.0877734094720433	0.698293695006456	0.0153387640559082
ENSG00003585	0.74445783020396	0.0214128995437299	-0.374127813922366	-0.506584917366084
ENSG00003591	-0.054208432105268	0.347256818635559	0.291263070839662	-0.737988512899692
ENSG00003593	0.0310958922055624	0.282251431596574	0.848365855781084	0.915087690487781
ENSG00003599	0.290483503738733	0.174564686481367	-0.21547257534389	-0.29333343599994
ENSG00003600	0.193796327206268	-0.0374399223781001	-0.229797662950631	0.155861495014271
ENSG00003602	0.204504258122678	0.884162680280257	1.81623357314073	2.3037123972911
ENSG00003611	-0.271001295678472	0.911023928018126	2.02504130117285	1.37970469388986
ENSG00003612	-0.550981169192234	-0.165910101163638	-0.406063988314731	-0.119196383956197
ENSG00003613	-0.000368812161054777	0.191052798697806	1.01355555302226	2.00369179101289
ENSG00003614	-0.143140669048293	-1.53104937061298	-1.00020910608851	-1.71576883747656
ENSG00003616	-0.518893247128916	0.0402558067358507	-0.349112856552596	0.400929815067897
ENSG00003617	-0.408806877832987	-0.21450449875833	-0.2871803893532	-0.186895117286331
ENSG00003622	-0.0391729861479115	-0.0640673277262573	0.954255816437193	1.3803642835048
ENSG00003624	0.0306400243757663	0.157146839918799	0.645516574836729	0.524105178415738
ENSG00003626	0.0184730380365625	0.14269168874827	0.368616380146435	0.0147962644785427
ENSG00003629	-0.160938436036753	0.457351101180768	0.511552738580196	-0.0521633022591352
ENSG00003635	-0.370244466128574	-0.301227862291537	-0.436473672068827	-0.0434067584560864
ENSG00003637	0.332075831576021	-0.25103895917327	0.134356140194011	0.143830419196106
ENSG00003640	-0.0761594085493567	0.352150516023517	0.646941211715607	0.0986173213593631
ENSG00003643	0.433248766165525	0.358389204336232	0.184230874215954	0.112909259189468
ENSG00003645	-0.120073829767156	0.371030253321362	0.291073015669907	0.695791619829016
ENSG00003648	0.124058935837702	0.413583933788402	1.4813471478095	-0.561457176070066
ENSG00003650	0.24899967185581	0.228227164334855	0.0205327970909934	1.02121811624686
ENSG00003657	0.89017574439468	0.0685134505654705	0.19628195590696	0.297320008330809
ENSG00003658	-0.36507711148343	0.30104633241596	0.281447336044997	0.25324907503065
ENSG00003662	0.191185489314234	0.0063418831301334	0.78636461450883	0.510343456118399
ENSG00003665	-0.0651476716603003	-0.635246142552772	-0.36352537836243	0.1348298093291
ENSG00003668	-0.149915187368511	0.816276988677857	2.40398575332503	2.65674244365171
ENSG00003671	0.615740587105602	0.518200250148633	0.194533292055028	0.100431598593707
ENSG00003673	-0.358200381959444	-0.130450736942015	-0.343463126678452	0.0512584958456106
ENSG00003676	-0.38245114872708	-0.296782628677689	0.562369361923246	0.820300295282648
ENSG00003677	-0.174628803672833	-0.363206571983111	-0.103862428121513	0.00911875918850669
ENSG00003686	-0.643299977722894	-0.412464939113551	-0.0925113238682442	-0.386319022861436
ENSG00003687	-0.150624812368507	-0.469287417770961	-0.454509729225046	0.347563496989817
ENSG00003689	-0.105301550457751	0.116610424149558	-0.0699771798460382	0.050365134890999
ENSG00003692	-0.247793394771996	0.398601708302453	-1.63216599029624	0.85373475895912
ENSG00003693	0.389644830610086	0.408487396131707	-0.249589162816921	-0.0365460822738726
ENSG00003695	0.21291047384393	-0.177691487688058	0.00586543145966623	-0.837670851135706
ENSG00003696	-0.453433752741368	-0.67588605438081	-0.7643956849586	-0.952808376765623
ENSG00003698	0.217176449185072	0.0658073463387838	-0.306212985486702	0.267441816481041
ENSG00003701	-0.062261412932207	0.077126839086243	-0.364081714315089	0.359057405431408
ENSG00003703	-0.265471656817568	-1.26930992252522	-1.23045832993267	-1.07271905863659
ENSG00003707	0.0626956934122145	-0.0307778520497175	-0.69794322314686	-0.321776753218052
ENSG00003708	-0.12372729416033	0.165328931383105	1.4922147980836	1.56825655703542
ENSG00003712	0.0672951913598165	-0.241014112233947	0.0194593982658997	0.0554203497092667
ENSG00003713	-0.000829321367709301	-1.60188671442471	0.813952388695117	1.26104510458126
ENSG00003716	0.0425458484060748	-0.105697261728332	-0.364735348812571	-0.0563712004833636
ENSG00003717	0.0148669429859991	0.548320349318344	-0.0200099200932931	-0.0121316274810264
ENSG00003718	0.402696413249636	0.248945812115851	1.86784672080182	1.63196674332963
ENSG00003719	-0.423981132622884	2.62996140990993	1.13442115040351	0.510801317406124
ENSG00003725	0.0229132281702604	-0.0622383815534526	0.848775613599248	1.10785435213431
ENSG00003726	0.0589463466996669	0.0918334836043293	-0.200607142852598	-0.478940708070223
ENSG00003730	0.216439616975244	-0.190785077590803	0.69459288256585	-0.175422756749082
ENSG00003732	-0.22041389919886	-0.0646617224000003	-0.0947799171205475	0.714755297149026
ENSG00003738	0.110626668041107	-0.201245908095283	-0.272082092590527	-0.166913049871891
ENSG00003739	0.0327109580804468	0.431638430107242	-0.0540934011144598	0.308585745944466
ENSG00003740	0.724943232736442	-0.391675660138994	-0.209011939406162	-0.0209703752037536
ENSG00003741	-0.0791819105963327	-0.321640508281087	-0.409685022950532	0.0965419302704014
ENSG00003742	-0.222600129145693	0.60087228341152	0.964763947749454	1.27613978794817
ENSG00003744	0.140925404534138	0.199070334195014	0.778556935273397	0.322752313169987
ENSG00003745	-0.0851810563004456	0.125155543846907	-0.0662418025432698	-0.0169912622314961
ENSG00003751	-0.0894246110375141	-0.31486160046172	-0.67885329071077	-0.428835228337061
ENSG00003754	-0.23497309787802	0.116454960520105	-0.649705892108587	0.0691012875160837
ENSG00003760	-0.419729078332626	0.0571249468174209	0.0642760201772479	0.166451892887927
ENSG00003765	-0.0618155811325307	0.0630836690660956	0.372293188444152	-0.0154349766128599
ENSG00003767	0.198912174608963	-0.268004317628566	-0.698022734956333	-0.21166040702234
ENSG00003777	-0.0255744099559987	-0.259753364607407	-0.218167136227517	0.185362705478469
ENSG00003779	-0.567520865602434	0.071690237437628	-0.524625334595713	-0.15384549413006
ENSG00003781	0.0862607936829685	-0.424216469327261	0.16021004678507	-0.18562572343275
ENSG00003782	0.172850019769381	0.155900622202628	-1.32954253618074	0.67583136485842
ENSG00003786	-0.179281050713465	-0.309981739929732	-0.741319325183667	0.251100755156534
ENSG00003787	-0.0325761813803096	-0.912355416325576	-0.997332190551231	-1.58058505188522
ENSG00003790	0.190461111640001	0.0461455023738022	0.381547109362698	0.378140667090531
ENSG00003791	-0.124005754898192	0.126894889238876	-0.0817985435090236	-0.293138878523171
ENSG00003794	-1.07313153130262	0.348881749877867	-0.281919201249095	-0.111546898547492
ENSG00003798	0.147883128435833	-0.772216932615573	0.0879859501098519	-0.155422049316066
ENSG00003800	0.450128183806124	-0.543663357792079	0.882886552618405	0.328884538756794
ENSG00003803	0.298777248574066	-0.236912741561399	-0.210193972526701	0.339317594024353
ENSG00003805	0.0549842714077222	-0.4246608509685	0.0909460844125434	0.404317854449113
ENSG00003806	-0.0329263868363681	-0.0609777113395156	0.0425269839468614	0.0269887503328459
ENSG00003808	0.229366777274127	0.330771686936933	-0.959405734334913	-0.137440046890251
ENSG00003812	-0.0838050939825656	-0.137791744625298	0.2692158905003	-0.0880644948081688
ENSG00003813	-0.537070971921926	-0.0361220005462575	0.0117302724958228	-0.580891411195184
ENSG00003814	0.633881487048024	-0.0388904121133997	-0.147908393853013	-0.20713322951026
ENSG00003818	0.166963595820618	0.235159858205613	-0.243627696602414	-0.7088242121123
ENSG00003821	-0.278758824460601	-0.128693097760467	-0.203279969526768	-0.374205810257768
ENSG00003824	-0.0906075391116827	-0.105219318349816	-0.536160066449849	-0.0700955871963309
ENSG00003825	0.0611576152234292	0.547240128461093	1.23072058256038	2.07214138292643
ENSG00003826	-0.552158790182861	-0.456038258911224	0.365210825759346	0.248348825738794
ENSG00003829	-0.542968589391319	0.144781068218603	0.155611859639474	-0.207278878278538
ENSG00003830	0.271549036405206	0.241773558663196	-0.25706109967194	0.362202319682345
ENSG00003831	0.113901631830031	-0.506623471103148	0.127575733228085	0.190685712009495
ENSG00003836	-0.0951373646999993	-0.225880514695898	0.0372289472981997	-0.100387365686901
ENSG00003837	0.440835548735792	0.428395882769023	0.104392054915511	0.345014045251598
ENSG00003841	0.13545700797764	-0.0322469882268219	0.07914691543386	-0.121915366167313
ENSG00003846	-0.150113010772325	-0.142103959726	-0.0142976947900317	-0.141319577109786
ENSG00003848	0.644419159582934	0.490037028209807	-0.530811436347097	0.210172917516726
ENSG00003851	0.554245537396602	0.418662689338772	-0.358856106551038	0.1541719309248
ENSG00003854	-0.281747003892743	0.88507521789775	-0.137937658467267	-0.20444179532198
ENSG00003856	0.161192409842361	0.0874538499760984	0.243873429229827	0.134554825364189
ENSG00003858	-0.36662061477228	0.00737456523990154	0.150063316425445	0.363554956201014
ENSG00003859	0.213692862460485	-0.17224167353737	0.0390368409450783	0.255686592266649
ENSG00003861	0.512977961683248	-0.711204355833225	-1.68215532996171	-1.56779010357047
ENSG00003862	0.00288364845865274	0.209235355815349	0.223239614780129	-0.0101511025088028
ENSG00003863	0.11370978654546	1.29449029090146	2.50521453910183	1.43082384410976
ENSG00003865	-0.341152301476213	0.113468991146184	-0.00573978873231784	0.505895293185754
ENSG00003867	0.153238342257711	-0.0847407008649288	-0.0849226745885172	0.583761479012247
ENSG00003868	0.0674390208109976	-0.360798716828238	0.260392005182066	0.335110027190314
ENSG00003869	0.371709247445255	-0.311483765102134	0.128325990501716	0.075873635832945
ENSG00003871	0.0232445870757658	-0.469386432603959	-1.24949080287683	-0.90945327910199
ENSG00003875	0.25260095432068	-0.161369145145049	-0.351897318733354	-0.267366207645151
ENSG00003881	-0.0310813907696597	-0.0500008192478694	0.356250193415296	0.603684363060493
ENSG00003882	0.381591553229574	0.295736079651663	-0.0847476032802099	-0.00643936045931959
ENSG00003884	0.204281177334903	0.101432200992793	-0.0617352094061632	-0.197151627466804
ENSG00003886	-0.0362493425802128	0.0558445866111228	-0.170451195662185	0.29783862580595
ENSG00003888	0.0510704215358633	0.21364133312984	0.54972378688417	0.209442341420063
ENSG00003893	0.976009343369101	0.0236563170305901	-0.29265959066311	-0.1990201202018
ENSG00003896	1.92934840236579	-1.71194485414453	-2.35789236181119	0.594485168038923
ENSG00003897	0.478730051957484	-0.287698171053391	-0.273911788695148	-0.663115881222328
ENSG00003899	0.1628810978836	-0.327262884282169	0.354795860377536	-0.113965392571499
ENSG00003903	-0.0965984067471464	0.00710763935122216	-0.25011192153055	-0.519446622447417
ENSG00003905	0.0237532445160156	0.172540538046901	0.115442363889221	0.0438432230889987
ENSG00003908	-0.241087976254016	-0.457538542868563	-0.873743255302097	-0.853345096275676
ENSG00003910	0.242394146367194	0.176946819002629	-0.409188379035061	-0.0753617686442674
ENSG00003911	-0.0951714689039322	0.128113535625473	-0.240902462633796	-0.602668926764194
ENSG00003913	0.259090805051269	0.117976584521532	0.207816791874569	0.761913594616399
ENSG00003918	0.682671529318527	0.33682019725635	0.68656543264425	1.38570385754714
ENSG00003919	-0.021846344652837	0.912802363419552	1.71755898844675	3.05608884116171
ENSG00003920	0.0836759594023668	-0.0872531412735231	0.0652009462180931	-0.286588255167887
ENSG00003921	-0.0372727787837288	0.532586215159942	-0.273973807362982	-0.549523300734363
ENSG00003922	-0.0362675176649994	-0.347231892453634	-0.0507503831024998	0.245670304019667
ENSG00003923	0.00894446642753621	-1.1473414364488	-1.38031938017977	-2.19184086792423
ENSG00003925	-0.0399259630749391	-0.170645172857029	-0.410930260801033	0.0183142290099187
ENSG00003928	-0.095743823345062	0.0152945626916408	-0.235021224088611	0.0187953914086467
ENSG00003932	0.119819228786396	0.350131398333101	0.214183008669843	-0.000215378306974046
ENSG00003939	0.0634923587207368	0.62622369977389	-0.215532807050066	-0.202123744379676
ENSG00003940	-0.073467296123181	-0.0122257099229275	-0.157383222145944	0.217844356893673
ENSG00003944	0.318110620617897	0.197145675001163	0.0930024112839902	0.322816170128545
ENSG00003946	-0.0984440809699567	-0.0253551875866931	0.073724401371897	0.609863854052145
ENSG00003948	-0.346100948679295	-0.3440454912457	0.0217673984856539	-0.227317716504136
ENSG00003954	0.451424315930876	0.319951776632605	-0.371347066623901	-0.215968795004118
ENSG00003956	-0.00969803216880472	-0.184964772924832	0.100558101623781	0.0788361304361693
ENSG00003963	0.515287122523875	-0.1387494178513	0.0256777510084918	0.53645296585342
ENSG00003964	0.193909693989889	-0.0939063639765259	0.107395556099769	-0.476353374021041
ENSG00003967	0.299470208374965	0.400671723790311	0.0567679643738837	0.198833640499886
ENSG00003969	-0.0265997865476866	0.243915329142709	1.01971517861381	1.00791149953144
ENSG00003971	-0.721849848495407	-0.289437792831226	-0.246036539613218	0.335179435767634
ENSG00003972	-0.0415178444584265	0.0524307630035228	-0.72431886009095	-0.107874335954924
ENSG00003974	-0.26024004169696	0.5618871566023	-0.542628773256449	-0.103937099644977
ENSG00003976	-0.146789414534686	0.383702197376362	-0.106482086471443	0.17964513058846
ENSG00003977	0.266976705463602	-0.169847566588667	0.0597226842722662	1.02549012658317
ENSG00003979	-0.0849981424660067	-0.208580358684102	0.101962004567126	0.336144599736782
ENSG00003981	-0.248725459689485	-1.10267154846634	-1.59793568273098	-1.68972105016642
ENSG00003985	-0.2064404375121	0.188052644454034	-0.304258623868533	0.619937805273764
ENSG00003990	0.23528955113037	-0.0784749642592395	-0.0178426767082058	-0.145223105678078
ENSG00003991	-0.172584207210844	0.473568981369477	1.22841545347861	1.4288964960002
ENSG00003992	-0.0596853482096442	0.283744746583416	-0.193147667487167	-0.0356288534695022
ENSG00003995	-0.0202056145995462	-0.421953183584411	1.19103496932151	1.40202553209898
ENSG00003997	-0.486601655491938	0.544250831980818	-0.209885883734636	-0.441136578852038
ENSG00004000	-0.372279870877146	0.770645002647235	0.786332243033471	1.20939155498545
