feature_id	t0	t6	t24	t48
PG00002	0.380415041570272	0.380415041570272	0.380415041570272	0.380415041570272
PG00004	0.283105658905888	0.283105658905888	0.283105658905888	0.283105658905888
PG00005	0.356931734494579	0.356931734494579	0.356931734494579	0.356931734494579
PG00006	0.262902719982625	0.262902719982625	0.262902719982625	0.262902719982625
PG00007	0.270576218039807	0.270576218039807	0.270576218039807	0.270576218039807
PG00008	0.30905221090874	0.30905221090874	0.30905221090874	0.30905221090874
PG00009	0.25379334368296	0.25379334368296	0.25379334368296	0.25379334368296
PG00010	0.265072976956919	0.265072976956919	0.265072976956919	0.265072976956919
PG00012	0.282531892991621	0.282531892991621	0.282531892991621	0.282531892991621
PG00013	0.285716713933961	0.285716713933961	0.285716713933961	0.285716713933961
PG00014	0.270216000047282	0.270216000047282	0.270216000047282	0.270216000047282
PG00015	0.390177317057653	0.390177317057653	0.390177317057653	0.390177317057653
PG00016	0.272346123592001	0.272346123592001	0.272346123592001	0.272346123592001
PG00017	0.284482657314986	0.284482657314986	0.284482657314986	0.284482657314986
PG00019	0.31206329408995	0.31206329408995	0.31206329408995	0.31206329408995
PG00020	0.279411300408054	0.279411300408054	0.279411300408054	0.279411300408054
PG00021	0.243227406923482	0.243227406923482	0.243227406923482	0.243227406923482
PG00022	0.290218815720232	0.290218815720232	0.290218815720232	0.290218815720232
PG00023	0.253194475491183	0.253194475491183	0.253194475491183	0.253194475491183
PG00024	0.262955573248209	0.262955573248209	0.262955573248209	0.262955573248209
PG00025	0.270815958046026	0.270815958046026	0.270815958046026	0.270815958046026
PG00026	0.270320435760313	0.270320435760313	0.270320435760313	0.270320435760313
PG00027	0.247830131782902	0.247830131782902	0.247830131782902	0.247830131782902
PG00028	0.266582569169855	0.266582569169855	0.266582569169855	0.266582569169855
PG00030	0.24046040380698	0.24046040380698	0.24046040380698	0.24046040380698
PG00031	0.260256469289146	0.260256469289146	0.260256469289146	0.260256469289146
PG00031b	0.273659323886275	0.273659323886275	0.273659323886275	0.273659323886275
PG00033	1.1712624223338	1.1712624223338	1.1712624223338	1.1712624223338
PG00034	0.267926366507054	0.267926366507054	0.267926366507054	0.267926366507054
PG00035	0.350803235653668	0.350803235653668	0.350803235653668	0.350803235653668
PG00036	0.283158141412933	0.283158141412933	0.283158141412933	0.283158141412933
PG00037	0.283934907885542	0.283934907885542	0.283934907885542	0.283934907885542
PG00038	0.245116507305705	0.245116507305705	0.245116507305705	0.245116507305705
PG00040	0.261465068159689	0.261465068159689	0.261465068159689	0.261465068159689
PG00041	0.274224724047362	0.274224724047362	0.274224724047362	0.274224724047362
PG00042	0.27007001031302	0.27007001031302	0.27007001031302	0.27007001031302
PG00043	0.283946735217573	0.283946735217573	0.283946735217573	0.283946735217573
PG00044	0.406525211046575	0.406525211046575	0.406525211046575	0.406525211046575
PG00045	0.268761856919296	0.268761856919296	0.268761856919296	0.268761856919296
PG00046	0.2958880177808	0.2958880177808	0.2958880177808	0.2958880177808
PG00048	0.758650435607342	0.758650435607342	0.758650435607342	0.758650435607342
PG00049	0.413412730316672	0.413412730316672	0.413412730316672	0.413412730316672
PG00050b	0.261043048422591	0.261043048422591	0.261043048422591	0.261043048422591
PG00051	0.352354815703718	0.352354815703718	0.352354815703718	0.352354815703718
PG00052	0.299978826032986	0.299978826032986	0.299978826032986	0.299978826032986
PG00054	0.285773844419592	0.285773844419592	0.285773844419592	0.285773844419592
PG00055	0.296291703382248	0.296291703382248	0.296291703382248	0.296291703382248
PG00056	0.271353939129152	0.271353939129152	0.271353939129152	0.271353939129152
PG00057	0.263923854782824	0.263923854782824	0.263923854782824	0.263923854782824
PG00058	0.336515928513861	0.336515928513861	0.336515928513861	0.336515928513861
PG00058b	0.320378392534976	0.320378392534976	0.320378392534976	0.320378392534976
PG00059	0.285202513477588	0.285202513477588	0.285202513477588	0.285202513477588
PG00060	0.281634896376041	0.281634896376041	0.281634896376041	0.281634896376041
PG00061	0.28820613226837	0.28820613226837	0.28820613226837	0.28820613226837
PG00062	0.268757197060902	0.268757197060902	0.268757197060902	0.268757197060902
PG00063	0.265839685792283	0.265839685792283	0.265839685792283	0.265839685792283
PG00065	0.321658035336861	0.321658035336861	0.321658035336861	0.321658035336861
PG00066	0.443468905628541	0.443468905628541	0.443468905628541	0.443468905628541
PG00067	0.314487233583871	0.314487233583871	0.314487233583871	0.314487233583871
PG00069	0.303345296162867	0.303345296162867	0.303345296162867	0.303345296162867
PG00070	0.285011753576359	0.285011753576359	0.285011753576359	0.285011753576359
PG00071	0.269061887967568	0.269061887967568	0.269061887967568	0.269061887967568
PG00072	0.843005517839605	0.843005517839605	0.843005517839605	0.843005517839605
PG00073	0.268686125252896	0.268686125252896	0.268686125252896	0.268686125252896
PG00074	0.266219121113448	0.266219121113448	0.266219121113448	0.266219121113448
PG00075	0.257840954677625	0.257840954677625	0.257840954677625	0.257840954677625
PG00076	0.254354412670073	0.254354412670073	0.254354412670073	0.254354412670073
PG00077	0.278856982653912	0.278856982653912	0.278856982653912	0.278856982653912
PG00078	0.405835566520436	0.405835566520436	0.405835566520436	0.405835566520436
PG00079	0.284363424076271	0.284363424076271	0.284363424076271	0.284363424076271
PG00080	0.334163044259149	0.334163044259149	0.334163044259149	0.334163044259149
PG00081	0.268384750296349	0.268384750296349	0.268384750296349	0.268384750296349
PG00082	0.460501446807433	0.460501446807433	0.460501446807433	0.460501446807433
PG00083	0.261414518893248	0.261414518893248	0.261414518893248	0.261414518893248
PG00084	0.275896314745137	0.275896314745137	0.275896314745137	0.275896314745137
PG00085	0.264547791530855	0.264547791530855	0.264547791530855	0.264547791530855
PG00086	0.277440984335826	0.277440984335826	0.277440984335826	0.277440984335826
PG00087	0.368058326673281	0.368058326673281	0.368058326673281	0.368058326673281
PG00088	0.301908642373281	0.301908642373281	0.301908642373281	0.301908642373281
PG00089	0.277028763372749	0.277028763372749	0.277028763372749	0.277028763372749
PG00090	0.273850390877673	0.273850390877673	0.273850390877673	0.273850390877673
PG00091	0.434783417473811	0.434783417473811	0.434783417473811	0.434783417473811
PG00092	0.29017446284063	0.29017446284063	0.29017446284063	0.29017446284063
PG00093	0.311225988571619	0.311225988571619	0.311225988571619	0.311225988571619
PG00094	0.329028525892219	0.329028525892219	0.329028525892219	0.329028525892219
PG00095	0.288969980297299	0.288969980297299	0.288969980297299	0.288969980297299
PG00096	0.292839515406078	0.292839515406078	0.292839515406078	0.292839515406078
PG00097	0.26664137818768	0.26664137818768	0.26664137818768	0.26664137818768
PG00098	0.25416115080875	0.25416115080875	0.25416115080875	0.25416115080875
PG00099	0.294930382727551	0.294930382727551	0.294930382727551	0.294930382727551
PG00100	0.270168210505166	0.270168210505166	0.270168210505166	0.270168210505166
PG00101	0.251916402658461	0.251916402658461	0.251916402658461	0.251916402658461
PG00102	0.269747477105468	0.269747477105468	0.269747477105468	0.269747477105468
PG00103	0.282656951564731	0.282656951564731	0.282656951564731	0.282656951564731
PG00104	0.27105691862438	0.27105691862438	0.27105691862438	0.27105691862438
PG00105	0.29200602578832	0.29200602578832	0.29200602578832	0.29200602578832
PG00106	0.278166176679606	0.278166176679606	0.278166176679606	0.278166176679606
PG00108	0.289238981367098	0.289238981367098	0.289238981367098	0.289238981367098
PG00109	0.301600776083256	0.301600776083256	0.301600776083256	0.301600776083256
PG00110	0.262640938709228	0.262640938709228	0.262640938709228	0.262640938709228
PG00111	0.355275178681186	0.355275178681186	0.355275178681186	0.355275178681186
PG00112	0.371679387792016	0.371679387792016	0.371679387792016	0.371679387792016
PG00113	0.257055568462116	0.257055568462116	0.257055568462116	0.257055568462116
PG00113b	0.286754732722031	0.286754732722031	0.286754732722031	0.286754732722031
PG00114	0.244991626535867	0.244991626535867	0.244991626535867	0.244991626535867
PG00115	0.271671344193004	0.271671344193004	0.271671344193004	0.271671344193004
PG00116	0.278643601866115	0.278643601866115	0.278643601866115	0.278643601866115
PG00117	0.433924345910911	0.433924345910911	0.433924345910911	0.433924345910911
PG00119	0.235764219138052	0.235764219138052	0.235764219138052	0.235764219138052
PG00120	0.246715600751912	0.246715600751912	0.246715600751912	0.246715600751912
PG00121	0.285407558831041	0.285407558831041	0.285407558831041	0.285407558831041
PG00122	0.289793060580541	0.289793060580541	0.289793060580541	0.289793060580541
PG00123	0.307297663680071	0.307297663680071	0.307297663680071	0.307297663680071
PG00123b	0.260767049499371	0.260767049499371	0.260767049499371	0.260767049499371
PG00124	0.246089554598014	0.246089554598014	0.246089554598014	0.246089554598014
PG00125	0.242325325149304	0.242325325149304	0.242325325149304	0.242325325149304
PG00126	0.341852286536465	0.341852286536465	0.341852286536465	0.341852286536465
PG00127	0.282200202325644	0.282200202325644	0.282200202325644	0.282200202325644
PG00128	0.290536188160364	0.290536188160364	0.290536188160364	0.290536188160364
PG00129	0.46170439707794	0.46170439707794	0.46170439707794	0.46170439707794
PG00130	0.276084632584264	0.276084632584264	0.276084632584264	0.276084632584264
PG00130b	0.248136047008267	0.248136047008267	0.248136047008267	0.248136047008267
PG00131	0.283497351678802	0.283497351678802	0.283497351678802	0.283497351678802
PG00132	0.246541846770212	0.246541846770212	0.246541846770212	0.246541846770212
PG00134	0.292687063674142	0.292687063674142	0.292687063674142	0.292687063674142
PG00136	0.29472357209473	0.29472357209473	0.29472357209473	0.29472357209473
PG00137	0.294560313543767	0.294560313543767	0.294560313543767	0.294560313543767
PG00139	0.269314210348547	0.269314210348547	0.269314210348547	0.269314210348547
PG00140	0.331207496768629	0.331207496768629	0.331207496768629	0.331207496768629
PG00143	0.275006241184108	0.275006241184108	0.275006241184108	0.275006241184108
PG00144	0.293773863476825	0.293773863476825	0.293773863476825	0.293773863476825
PG00144b	0.329167708993755	0.329167708993755	0.329167708993755	0.329167708993755
PG00146	0.402330565564645	0.402330565564645	0.402330565564645	0.402330565564645
PG00148	0.267114032675961	0.267114032675961	0.267114032675961	0.267114032675961
PG00149	0.254229137200257	0.254229137200257	0.254229137200257	0.254229137200257
PG00150	0.450573078982308	0.450573078982308	0.450573078982308	0.450573078982308
PG00151	0.285212585503128	0.285212585503128	0.285212585503128	0.285212585503128
PG00152	0.262941547412775	0.262941547412775	0.262941547412775	0.262941547412775
PG00153	0.30301679943799	0.30301679943799	0.30301679943799	0.30301679943799
PG00154	0.256885585129285	0.256885585129285	0.256885585129285	0.256885585129285
PG00155	0.281167922430545	0.281167922430545	0.281167922430545	0.281167922430545
PG00156	0.476413668499864	0.476413668499864	0.476413668499864	0.476413668499864
PG00156b	0.336385095061134	0.336385095061134	0.336385095061134	0.336385095061134
PG00157	0.305895832225813	0.305895832225813	0.305895832225813	0.305895832225813
PG00158	0.468575189014174	0.468575189014174	0.468575189014174	0.468575189014174
PG00160	0.274299543143678	0.274299543143678	0.274299543143678	0.274299543143678
PG00163	0.285542140900395	0.285542140900395	0.285542140900395	0.285542140900395
PG00164	0.319526138288205	0.319526138288205	0.319526138288205	0.319526138288205
PG00165	0.265543294727262	0.265543294727262	0.265543294727262	0.265543294727262
PG00166	0.259396716850827	0.259396716850827	0.259396716850827	0.259396716850827
PG00167	0.349081111449375	0.349081111449375	0.349081111449375	0.349081111449375
PG00168	0.286617571481801	0.286617571481801	0.286617571481801	0.286617571481801
PG00169	0.302830582136308	0.302830582136308	0.302830582136308	0.302830582136308
PG00170	0.392834758295191	0.392834758295191	0.392834758295191	0.392834758295191
PG00171	0.245846890568042	0.245846890568042	0.245846890568042	0.245846890568042
PG00172	0.271187781799878	0.271187781799878	0.271187781799878	0.271187781799878
PG00173	0.481366803518967	0.481366803518967	0.481366803518967	0.481366803518967
PG00174	0.405602741955564	0.405602741955564	0.405602741955564	0.405602741955564
PG00176	0.295988419269958	0.295988419269958	0.295988419269958	0.295988419269958
PG00177	0.273149935144068	0.273149935144068	0.273149935144068	0.273149935144068
PG00179	0.278246058423902	0.278246058423902	0.278246058423902	0.278246058423902
PG00180	0.243920926093577	0.243920926093577	0.243920926093577	0.243920926093577
PG00181	0.495788419089494	0.495788419089494	0.495788419089494	0.495788419089494
PG00182	0.317434186319483	0.317434186319483	0.317434186319483	0.317434186319483
PG00184	0.350436364505038	0.350436364505038	0.350436364505038	0.350436364505038
PG00185	0.253600327501342	0.253600327501342	0.253600327501342	0.253600327501342
PG00188	0.271053180073587	0.271053180073587	0.271053180073587	0.271053180073587
PG00189	0.276480590305504	0.276480590305504	0.276480590305504	0.276480590305504
PG00189b	0.29365530350715	0.29365530350715	0.29365530350715	0.29365530350715
PG00191	0.431951342214682	0.431951342214682	0.431951342214682	0.431951342214682
PG00192	0.254137585647377	0.254137585647377	0.254137585647377	0.254137585647377
PG00192b	0.259283297474033	0.259283297474033	0.259283297474033	0.259283297474033
PG00194	0.265212847557905	0.265212847557905	0.265212847557905	0.265212847557905
PG00195	0.316027919870541	0.316027919870541	0.316027919870541	0.316027919870541
PG00196	0.315540865467697	0.315540865467697	0.315540865467697	0.315540865467697
PG00197	0.271756090024618	0.271756090024618	0.271756090024618	0.271756090024618
PG00198	0.27553920327781	0.27553920327781	0.27553920327781	0.27553920327781
PG00199	0.276451860759321	0.276451860759321	0.276451860759321	0.276451860759321
PG00200	0.273199475629094	0.273199475629094	0.273199475629094	0.273199475629094
PG00201	0.27743642928502	0.27743642928502	0.27743642928502	0.27743642928502
PG00202	0.297241542515977	0.297241542515977	0.297241542515977	0.297241542515977
PG00203	0.292527998710362	0.292527998710362	0.292527998710362	0.292527998710362
PG00204	0.290853998621957	0.290853998621957	0.290853998621957	0.290853998621957
PG00206	0.290497633690378	0.290497633690378	0.290497633690378	0.290497633690378
PG00207	0.292038748831982	0.292038748831982	0.292038748831982	0.292038748831982
PG00208	0.310326670172318	0.310326670172318	0.310326670172318	0.310326670172318
PG00209	0.283942236703411	0.283942236703411	0.283942236703411	0.283942236703411
PG00210	0.263366165485947	0.263366165485947	0.263366165485947	0.263366165485947
PG00211	0.293095990177266	0.293095990177266	0.293095990177266	0.293095990177266
PG00212	0.264871987246871	0.264871987246871	0.264871987246871	0.264871987246871
PG00213	0.260292388366658	0.260292388366658	0.260292388366658	0.260292388366658
PG00214	0.246461651628389	0.246461651628389	0.246461651628389	0.246461651628389
PG00215	0.265753766542553	0.265753766542553	0.265753766542553	0.265753766542553
PG00216	0.261621755514646	0.261621755514646	0.261621755514646	0.261621755514646
PG00217	0.257214150678866	0.257214150678866	0.257214150678866	0.257214150678866
PG00218	0.270646468531487	0.270646468531487	0.270646468531487	0.270646468531487
PG00219	0.251542759946041	0.251542759946041	0.251542759946041	0.251542759946041
PG00220	0.290819233439789	0.290819233439789	0.290819233439789	0.290819233439789
PG00221	0.262272549220453	0.262272549220453	0.262272549220453	0.262272549220453
PG00222	0.258080886317062	0.258080886317062	0.258080886317062	0.258080886317062
PG00223	0.27255284287222	0.27255284287222	0.27255284287222	0.27255284287222
PG00225	0.267980531356353	0.267980531356353	0.267980531356353	0.267980531356353
PG00226	0.276604127141161	0.276604127141161	0.276604127141161	0.276604127141161
PG00226b	0.260388815112164	0.260388815112164	0.260388815112164	0.260388815112164
PG00227	0.280028797991109	0.280028797991109	0.280028797991109	0.280028797991109
PG00229	0.283227017508127	0.283227017508127	0.283227017508127	0.283227017508127
PG00230	0.285854121252183	0.285854121252183	0.285854121252183	0.285854121252183
PG00231	0.257748720700307	0.257748720700307	0.257748720700307	0.257748720700307
PG00232	0.27609808610837	0.27609808610837	0.27609808610837	0.27609808610837
PG00234	0.376051304582457	0.376051304582457	0.376051304582457	0.376051304582457
PG00235	0.278930504160517	0.278930504160517	0.278930504160517	0.278930504160517
PG00236	0.317234238758531	0.317234238758531	0.317234238758531	0.317234238758531
PG00237	0.850183447668131	0.850183447668131	0.850183447668131	0.850183447668131
PG00238	0.898098946905532	0.898098946905532	0.898098946905532	0.898098946905532
PG00239	0.245982060965654	0.245982060965654	0.245982060965654	0.245982060965654
PG00240	0.64950932661741	0.64950932661741	0.64950932661741	0.64950932661741
PG00241	0.271146109053027	0.271146109053027	0.271146109053027	0.271146109053027
PG00242	0.316021562763977	0.316021562763977	0.316021562763977	0.316021562763977
PG00246	0.277502218827324	0.277502218827324	0.277502218827324	0.277502218827324
PG00247	0.295197735532894	0.295197735532894	0.295197735532894	0.295197735532894
PG00248	0.261857486760115	0.261857486760115	0.261857486760115	0.261857486760115
PG00249	0.262722171781374	0.262722171781374	0.262722171781374	0.262722171781374
PG00251	0.254757100297961	0.254757100297961	0.254757100297961	0.254757100297961
PG00252	0.248930186878733	0.248930186878733	0.248930186878733	0.248930186878733
PG00254	0.276575246727942	0.276575246727942	0.276575246727942	0.276575246727942
PG00255	0.296411163356488	0.296411163356488	0.296411163356488	0.296411163356488
PG00256	0.279322277232033	0.279322277232033	0.279322277232033	0.279322277232033
PG00257	0.284833146830802	0.284833146830802	0.284833146830802	0.284833146830802
PG00258	0.277176827784772	0.277176827784772	0.277176827784772	0.277176827784772
PG00259	0.290824330726869	0.290824330726869	0.290824330726869	0.290824330726869
PG00261	0.272638493800073	0.272638493800073	0.272638493800073	0.272638493800073
PG00261b	0.299083200873342	0.299083200873342	0.299083200873342	0.299083200873342
PG00262	0.279515539224628	0.279515539224628	0.279515539224628	0.279515539224628
PG00263	0.269539244133938	0.269539244133938	0.269539244133938	0.269539244133938
PG00264	0.926217569211433	0.926217569211433	0.926217569211433	0.926217569211433
PG00265	0.253847681372766	0.253847681372766	0.253847681372766	0.253847681372766
PG00267	0.294433669252874	0.294433669252874	0.294433669252874	0.294433669252874
PG00268	0.25217006040912	0.25217006040912	0.25217006040912	0.25217006040912
PG00269	0.249383542379952	0.249383542379952	0.249383542379952	0.249383542379952
PG00270	0.273829320979834	0.273829320979834	0.273829320979834	0.273829320979834
PG00271	0.440598396376265	0.440598396376265	0.440598396376265	0.440598396376265
PG00272	0.254638177695746	0.254638177695746	0.254638177695746	0.254638177695746
PG00273	0.265042048095233	0.265042048095233	0.265042048095233	0.265042048095233
PG00274	0.263761444587662	0.263761444587662	0.263761444587662	0.263761444587662
PG00275	0.364850133219663	0.364850133219663	0.364850133219663	0.364850133219663
PG00276	0.277682015291256	0.277682015291256	0.277682015291256	0.277682015291256
PG00277	0.280415095503796	0.280415095503796	0.280415095503796	0.280415095503796
PG00279	0.250945546353436	0.250945546353436	0.250945546353436	0.250945546353436
PG00281	0.255717238651403	0.255717238651403	0.255717238651403	0.255717238651403
PG00282	0.258646053750247	0.258646053750247	0.258646053750247	0.258646053750247
PG00284	0.253512446275594	0.253512446275594	0.253512446275594	0.253512446275594
PG00285	0.480494489653786	0.480494489653786	0.480494489653786	0.480494489653786
PG00286	0.250332420984748	0.250332420984748	0.250332420984748	0.250332420984748
PG00287	0.270063914457368	0.270063914457368	0.270063914457368	0.270063914457368
PG00288	0.254801757125315	0.254801757125315	0.254801757125315	0.254801757125315
PG00290	0.276049554754304	0.276049554754304	0.276049554754304	0.276049554754304
PG00291	0.270085611028591	0.270085611028591	0.270085611028591	0.270085611028591
PG00292	0.281010603513114	0.281010603513114	0.281010603513114	0.281010603513114
PG00293	0.302410555441063	0.302410555441063	0.302410555441063	0.302410555441063
PG00294	0.271935972175372	0.271935972175372	0.271935972175372	0.271935972175372
PG00295	0.283823768064679	0.283823768064679	0.283823768064679	0.283823768064679
PG00296	0.365386412033025	0.365386412033025	0.365386412033025	0.365386412033025
PG00298	0.268281096789463	0.268281096789463	0.268281096789463	0.268281096789463
PG00299	0.294205863883843	0.294205863883843	0.294205863883843	0.294205863883843
PG00301	0.273713616703471	0.273713616703471	0.273713616703471	0.273713616703471
PG00302	0.272570081319835	0.272570081319835	0.272570081319835	0.272570081319835
PG00303	0.253936600971542	0.253936600971542	0.253936600971542	0.253936600971542
PG00304	0.339454497041477	0.339454497041477	0.339454497041477	0.339454497041477
PG00305	0.256364456490715	0.256364456490715	0.256364456490715	0.256364456490715
PG00306	0.330076637034517	0.330076637034517	0.330076637034517	0.330076637034517
PG00307	0.377051244340489	0.377051244340489	0.377051244340489	0.377051244340489
PG00308	0.290896630422897	0.290896630422897	0.290896630422897	0.290896630422897
PG00309	0.328871851848075	0.328871851848075	0.328871851848075	0.328871851848075
PG00310	0.295504316541443	0.295504316541443	0.295504316541443	0.295504316541443
PG00311	0.297146179766069	0.297146179766069	0.297146179766069	0.297146179766069
PG00313	0.23894095217229	0.23894095217229	0.23894095217229	0.23894095217229
PG00314	0.33117619899765	0.33117619899765	0.33117619899765	0.33117619899765
PG00315	0.270241826696583	0.270241826696583	0.270241826696583	0.270241826696583
PG00316	0.243261965332811	0.243261965332811	0.243261965332811	0.243261965332811
PG00317	0.253871981312256	0.253871981312256	0.253871981312256	0.253871981312256
PG00318	0.254679712033856	0.254679712033856	0.254679712033856	0.254679712033856
PG00319	0.273274714624631	0.273274714624631	0.273274714624631	0.273274714624631
PG00320	0.293870049349507	0.293870049349507	0.293870049349507	0.293870049349507
PG00321	0.281164514620233	0.281164514620233	0.281164514620233	0.281164514620233
PG00323	0.319399745191131	0.319399745191131	0.319399745191131	0.319399745191131
PG00324	0.296950362220922	0.296950362220922	0.296950362220922	0.296950362220922
PG00326	0.289241479077626	0.289241479077626	0.289241479077626	0.289241479077626
PG00327	0.303003363319389	0.303003363319389	0.303003363319389	0.303003363319389
PG00328	0.270679596636398	0.270679596636398	0.270679596636398	0.270679596636398
PG00330	0.294112403576391	0.294112403576391	0.294112403576391	0.294112403576391
PG00331	0.251052373668891	0.251052373668891	0.251052373668891	0.251052373668891
PG00331b	0.243537182194962	0.243537182194962	0.243537182194962	0.243537182194962
PG00332	0.287147513242184	0.287147513242184	0.287147513242184	0.287147513242184
PG00334	0.369398859162842	0.369398859162842	0.369398859162842	0.369398859162842
PG00337	0.28998766635681	0.28998766635681	0.28998766635681	0.28998766635681
PG00338	0.254834471175876	0.254834471175876	0.254834471175876	0.254834471175876
PG00339	0.276797178334285	0.276797178334285	0.276797178334285	0.276797178334285
PG00340	0.279984730801017	0.279984730801017	0.279984730801017	0.279984730801017
PG00342	0.352136266589267	0.352136266589267	0.352136266589267	0.352136266589267
PG00343	0.261917141842209	0.261917141842209	0.261917141842209	0.261917141842209
PG00344	0.295205040348927	0.295205040348927	0.295205040348927	0.295205040348927
PG00345	0.285376272063882	0.285376272063882	0.285376272063882	0.285376272063882
PG00346	0.276527054878205	0.276527054878205	0.276527054878205	0.276527054878205
PG00347	0.264302390338547	0.264302390338547	0.264302390338547	0.264302390338547
PG00349	0.855128337110942	0.855128337110942	0.855128337110942	0.855128337110942
PG00350	0.270324615475013	0.270324615475013	0.270324615475013	0.270324615475013
PG00351	0.254763829289488	0.254763829289488	0.254763829289488	0.254763829289488
PG00352	0.29585691607054	0.29585691607054	0.29585691607054	0.29585691607054
PG00352b	0.271516967570094	0.271516967570094	0.271516967570094	0.271516967570094
PG00353	0.254075833130657	0.254075833130657	0.254075833130657	0.254075833130657
PG00354	0.251768686037046	0.251768686037046	0.251768686037046	0.251768686037046
PG00355	0.354045403743753	0.354045403743753	0.354045403743753	0.354045403743753
PG00356	0.262648910425036	0.262648910425036	0.262648910425036	0.262648910425036
PG00357	0.257932063907749	0.257932063907749	0.257932063907749	0.257932063907749
PG00358	0.265288042719645	0.265288042719645	0.265288042719645	0.265288042719645
PG00361	0.316520335323835	0.316520335323835	0.316520335323835	0.316520335323835
PG00362	0.289484773835694	0.289484773835694	0.289484773835694	0.289484773835694
PG00364	0.26003351001513	0.26003351001513	0.26003351001513	0.26003351001513
PG00366	0.848742518463153	0.848742518463153	0.848742518463153	0.848742518463153
PG00367	0.395054375855132	0.395054375855132	0.395054375855132	0.395054375855132
PG00369	0.267338262372608	0.267338262372608	0.267338262372608	0.267338262372608
PG00370	0.314184477446049	0.314184477446049	0.314184477446049	0.314184477446049
PG00371	0.291223097239166	0.291223097239166	0.291223097239166	0.291223097239166
PG00372	0.243916618492215	0.243916618492215	0.243916618492215	0.243916618492215
PG00373	0.264800555013442	0.264800555013442	0.264800555013442	0.264800555013442
PG00374	0.324833027648864	0.324833027648864	0.324833027648864	0.324833027648864
PG00375	0.324057432874561	0.324057432874561	0.324057432874561	0.324057432874561
PG00376	0.294792518702111	0.294792518702111	0.294792518702111	0.294792518702111
PG00376b	0.250269846024438	0.250269846024438	0.250269846024438	0.250269846024438
PG00377	0.266546111190119	0.266546111190119	0.266546111190119	0.266546111190119
PG00378	0.257562032880824	0.257562032880824	0.257562032880824	0.257562032880824
PG00379	0.399425201632361	0.399425201632361	0.399425201632361	0.399425201632361
PG00380	0.253886413278514	0.253886413278514	0.253886413278514	0.253886413278514
PG00381	0.290105684794105	0.290105684794105	0.290105684794105	0.290105684794105
PG00383	0.281073648279938	0.281073648279938	0.281073648279938	0.281073648279938
PG00384	0.29223236008929	0.29223236008929	0.29223236008929	0.29223236008929
PG00385	0.506394088662124	0.506394088662124	0.506394088662124	0.506394088662124
PG00387	0.300718661660914	0.300718661660914	0.300718661660914	0.300718661660914
PG00388	0.233455686122469	0.233455686122469	0.233455686122469	0.233455686122469
PG00389	0.258677163323782	0.258677163323782	0.258677163323782	0.258677163323782
PG00390	0.259684573287336	0.259684573287336	0.259684573287336	0.259684573287336
PG00391	0.292101471460881	0.292101471460881	0.292101471460881	0.292101471460881
PG00391b	0.284930977969943	0.284930977969943	0.284930977969943	0.284930977969943
PG00392	0.281730207168385	0.281730207168385	0.281730207168385	0.281730207168385
PG00393	0.312349409571878	0.312349409571878	0.312349409571878	0.312349409571878
PG00393b	0.324981868327724	0.324981868327724	0.324981868327724	0.324981868327724
PG00395	0.269181055463681	0.269181055463681	0.269181055463681	0.269181055463681
PG00398	0.282950896301379	0.282950896301379	0.282950896301379	0.282950896301379
PG00399	0.24781509262027	0.24781509262027	0.24781509262027	0.24781509262027
PG00400	0.28133385666007	0.28133385666007	0.28133385666007	0.28133385666007
PG00401	0.308238282565093	0.308238282565093	0.308238282565093	0.308238282565093
PG00402	0.293411525796743	0.293411525796743	0.293411525796743	0.293411525796743
PG00403	0.265487453883773	0.265487453883773	0.265487453883773	0.265487453883773
PG00404	0.262898554400995	0.262898554400995	0.262898554400995	0.262898554400995
PG00405	0.330774065451727	0.330774065451727	0.330774065451727	0.330774065451727
PG00406	0.285716046608217	0.285716046608217	0.285716046608217	0.285716046608217
PG00407	0.264592258751349	0.264592258751349	0.264592258751349	0.264592258751349
PG00408	0.292642873101866	0.292642873101866	0.292642873101866	0.292642873101866
PG00409	0.287421216702397	0.287421216702397	0.287421216702397	0.287421216702397
PG00410	0.378582189378014	0.378582189378014	0.378582189378014	0.378582189378014
PG00410b	0.268565804270647	0.268565804270647	0.268565804270647	0.268565804270647
PG00411	0.291760713906596	0.291760713906596	0.291760713906596	0.291760713906596
PG00413	0.262114777832493	0.262114777832493	0.262114777832493	0.262114777832493
PG00414	0.282693621675065	0.282693621675065	0.282693621675065	0.282693621675065
PG00415	0.256982182963149	0.256982182963149	0.256982182963149	0.256982182963149
PG00417	0.263022095378318	0.263022095378318	0.263022095378318	0.263022095378318
PG00418	0.298846680124817	0.298846680124817	0.298846680124817	0.298846680124817
PG00420	0.270224207697767	0.270224207697767	0.270224207697767	0.270224207697767
PG00421	0.29665298030146	0.29665298030146	0.29665298030146	0.29665298030146
PG00423	0.269184034665322	0.269184034665322	0.269184034665322	0.269184034665322
PG00424	0.242765957991272	0.242765957991272	0.242765957991272	0.242765957991272
PG00425	0.268064148076616	0.268064148076616	0.268064148076616	0.268064148076616
PG00425b	0.242605368293603	0.242605368293603	0.242605368293603	0.242605368293603
PG00426	0.258841894812552	0.258841894812552	0.258841894812552	0.258841894812552
PG00427	0.259662360303792	0.259662360303792	0.259662360303792	0.259662360303792
PG00428	0.264886099043992	0.264886099043992	0.264886099043992	0.264886099043992
PG00429	0.250134099142018	0.250134099142018	0.250134099142018	0.250134099142018
PG00430	0.269762888677448	0.269762888677448	0.269762888677448	0.269762888677448
PG00431	0.236447034663049	0.236447034663049	0.236447034663049	0.236447034663049
PG00432	0.275512155881532	0.275512155881532	0.275512155881532	0.275512155881532
PG00433	0.269697623376904	0.269697623376904	0.269697623376904	0.269697623376904
PG00435	0.325075413378531	0.325075413378531	0.325075413378531	0.325075413378531
PG00436	0.282831664603609	0.282831664603609	0.282831664603609	0.282831664603609
PG00437	0.264528262213344	0.264528262213344	0.264528262213344	0.264528262213344
PG00439	0.2833364193677	0.2833364193677	0.2833364193677	0.2833364193677
PG00440	0.309268981962567	0.309268981962567	0.309268981962567	0.309268981962567
PG00441	0.2761024681423	0.2761024681423	0.2761024681423	0.2761024681423
PG00443	0.276120654255976	0.276120654255976	0.276120654255976	0.276120654255976
PG00444	0.285864217610654	0.285864217610654	0.285864217610654	0.285864217610654
PG00445	0.263269281239874	0.263269281239874	0.263269281239874	0.263269281239874
PG00446	0.242459057302793	0.242459057302793	0.242459057302793	0.242459057302793
PG00448b	0.402782022281226	0.402782022281226	0.402782022281226	0.402782022281226
PG00449	0.313571109100734	0.313571109100734	0.313571109100734	0.313571109100734
PG00450	0.371051136751197	0.371051136751197	0.371051136751197	0.371051136751197
PG00452	0.310947867548739	0.310947867548739	0.310947867548739	0.310947867548739
PG00453	0.295620949793282	0.295620949793282	0.295620949793282	0.295620949793282
PG00454	0.280317742579783	0.280317742579783	0.280317742579783	0.280317742579783
PG00455	0.319804055860021	0.319804055860021	0.319804055860021	0.319804055860021
PG00456	0.380380387891144	0.380380387891144	0.380380387891144	0.380380387891144
PG00457	0.26495977690167	0.26495977690167	0.26495977690167	0.26495977690167
PG00458	0.266749968704968	0.266749968704968	0.266749968704968	0.266749968704968
PG00460	0.274523622790235	0.274523622790235	0.274523622790235	0.274523622790235
PG00461	0.259396631249986	0.259396631249986	0.259396631249986	0.259396631249986
PG00462	0.39140773695505	0.39140773695505	0.39140773695505	0.39140773695505
PG00463	0.330038787478169	0.330038787478169	0.330038787478169	0.330038787478169
PG00464	0.309839699151596	0.309839699151596	0.309839699151596	0.309839699151596
PG00465	0.254953121844085	0.254953121844085	0.254953121844085	0.254953121844085
PG00466	0.285782914960446	0.285782914960446	0.285782914960446	0.285782914960446
PG00466b	0.28072398522468	0.28072398522468	0.28072398522468	0.28072398522468
PG00467	0.271831965452087	0.271831965452087	0.271831965452087	0.271831965452087
PG00468	0.25276987311639	0.25276987311639	0.25276987311639	0.25276987311639
PG00469	0.25819108205962	0.25819108205962	0.25819108205962	0.25819108205962
PG00470	0.275015568343953	0.275015568343953	0.275015568343953	0.275015568343953
PG00471	0.248263057824984	0.248263057824984	0.248263057824984	0.248263057824984
PG00472	0.269552874708402	0.269552874708402	0.269552874708402	0.269552874708402
PG00474	0.911342258467122	0.911342258467122	0.911342258467122	0.911342258467122
PG00475	0.294272675158849	0.294272675158849	0.294272675158849	0.294272675158849
PG00476	0.263217582710839	0.263217582710839	0.263217582710839	0.263217582710839
PG00477	0.247431204858959	0.247431204858959	0.247431204858959	0.247431204858959
PG00478	0.325223370505127	0.325223370505127	0.325223370505127	0.325223370505127
PG00479	1.19245050864918	1.19245050864918	1.19245050864918	1.19245050864918
PG00480	0.268284624704457	0.268284624704457	0.268284624704457	0.268284624704457
PG00481	0.27715121093434	0.27715121093434	0.27715121093434	0.27715121093434
PG00483	0.279794785255227	0.279794785255227	0.279794785255227	0.279794785255227
PG00484	0.27663586433994	0.27663586433994	0.27663586433994	0.27663586433994
PG00485	0.259061071669293	0.259061071669293	0.259061071669293	0.259061071669293
PG00486	0.259081840722944	0.259081840722944	0.259081840722944	0.259081840722944
PG00487	0.261902144578881	0.261902144578881	0.261902144578881	0.261902144578881
PG00488	0.254836449217444	0.254836449217444	0.254836449217444	0.254836449217444
PG00490	0.270441296038171	0.270441296038171	0.270441296038171	0.270441296038171
PG00491	0.265411138069402	0.265411138069402	0.265411138069402	0.265411138069402
PG00492	0.267217094116409	0.267217094116409	0.267217094116409	0.267217094116409
PG00493	0.258760213811121	0.258760213811121	0.258760213811121	0.258760213811121
PG00494	0.281652678050381	0.281652678050381	0.281652678050381	0.281652678050381
PG00495	0.267770609395207	0.267770609395207	0.267770609395207	0.267770609395207
PG00496	0.256881411958883	0.256881411958883	0.256881411958883	0.256881411958883
PG00497	0.28539401886811	0.28539401886811	0.28539401886811	0.28539401886811
PG00498	0.268386228277211	0.268386228277211	0.268386228277211	0.268386228277211
PG00499	0.285216036600406	0.285216036600406	0.285216036600406	0.285216036600406
PG00500	0.2648433774513	0.2648433774513	0.2648433774513	0.2648433774513
PG00502	0.306838219984886	0.306838219984886	0.306838219984886	0.306838219984886
PG00503	0.329267424430482	0.329267424430482	0.329267424430482	0.329267424430482
PG00504	0.821159035543693	0.821159035543693	0.821159035543693	0.821159035543693
PG00506	0.268570050532485	0.268570050532485	0.268570050532485	0.268570050532485
PG00506b	0.294910926387279	0.294910926387279	0.294910926387279	0.294910926387279
PG00507	0.297947784648527	0.297947784648527	0.297947784648527	0.297947784648527
PG00508	0.288529295878068	0.288529295878068	0.288529295878068	0.288529295878068
PG00511	0.256641962212994	0.256641962212994	0.256641962212994	0.256641962212994
PG00512	0.244199800908904	0.244199800908904	0.244199800908904	0.244199800908904
PG00513	0.305176273908052	0.305176273908052	0.305176273908052	0.305176273908052
PG00514	0.38964791149329	0.38964791149329	0.38964791149329	0.38964791149329
PG00515	0.276633880238934	0.276633880238934	0.276633880238934	0.276633880238934
PG00516	0.252803367278447	0.252803367278447	0.252803367278447	0.252803367278447
PG00517	0.267888798046021	0.267888798046021	0.267888798046021	0.267888798046021
PG00518	0.881365172516237	0.881365172516237	0.881365172516237	0.881365172516237
PG00519	0.268565589538713	0.268565589538713	0.268565589538713	0.268565589538713
PG00520	0.28040588201583	0.28040588201583	0.28040588201583	0.28040588201583
PG00521	0.267120022612996	0.267120022612996	0.267120022612996	0.267120022612996
PG00522	0.36394388948664	0.36394388948664	0.36394388948664	0.36394388948664
PG00524	0.285071189944775	0.285071189944775	0.285071189944775	0.285071189944775
PG00526	0.289923486776304	0.289923486776304	0.289923486776304	0.289923486776304
PG00527	0.249855560528684	0.249855560528684	0.249855560528684	0.249855560528684
PG00528	0.275450664186459	0.275450664186459	0.275450664186459	0.275450664186459
PG00529	0.255413730731069	0.255413730731069	0.255413730731069	0.255413730731069
PG00530	0.291681851385688	0.291681851385688	0.291681851385688	0.291681851385688
PG00531	0.259225021752446	0.259225021752446	0.259225021752446	0.259225021752446
PG00532	0.276721660200933	0.276721660200933	0.276721660200933	0.276721660200933
PG00532b	0.260890981645939	0.260890981645939	0.260890981645939	0.260890981645939
PG00533	0.278048096898208	0.278048096898208	0.278048096898208	0.278048096898208
PG00534	0.306571869028845	0.306571869028845	0.306571869028845	0.306571869028845
PG00535	0.301859727676077	0.301859727676077	0.301859727676077	0.301859727676077
PG00536	0.312542492327128	0.312542492327128	0.312542492327128	0.312542492327128
PG00537	0.420350352403263	0.420350352403263	0.420350352403263	0.420350352403263
PG00538	0.299579893199489	0.299579893199489	0.299579893199489	0.299579893199489
PG00539	0.304155856639832	0.304155856639832	0.304155856639832	0.304155856639832
PG00540	0.264211745114765	0.264211745114765	0.264211745114765	0.264211745114765
PG00540b	0.268348865510837	0.268348865510837	0.268348865510837	0.268348865510837
PG00541	0.2620061011472	0.2620061011472	0.2620061011472	0.2620061011472
PG00542	0.246653002681425	0.246653002681425	0.246653002681425	0.246653002681425
PG00543	0.31504259495697	0.31504259495697	0.31504259495697	0.31504259495697
PG00544	0.280891393826816	0.280891393826816	0.280891393826816	0.280891393826816
PG00545	0.278818012237246	0.278818012237246	0.278818012237246	0.278818012237246
PG00546	0.245480137380308	0.245480137380308	0.245480137380308	0.245480137380308
PG00547	0.278329152966322	0.278329152966322	0.278329152966322	0.278329152966322
PG00548	0.256527393038026	0.256527393038026	0.256527393038026	0.256527393038026
PG00550	0.258497531633926	0.258497531633926	0.258497531633926	0.258497531633926
PG00553	0.292218467530217	0.292218467530217	0.292218467530217	0.292218467530217
PG00554	0.376818729557403	0.376818729557403	0.376818729557403	0.376818729557403
PG00555	0.324324361255615	0.324324361255615	0.324324361255615	0.324324361255615
PG00556	0.329392530356705	0.329392530356705	0.329392530356705	0.329392530356705
PG00557	0.286972912747255	0.286972912747255	0.286972912747255	0.286972912747255
PG00558	0.273340295681083	0.273340295681083	0.273340295681083	0.273340295681083
PG00559	0.294864513079147	0.294864513079147	0.294864513079147	0.294864513079147
PG00560	0.24962268393909	0.24962268393909	0.24962268393909	0.24962268393909
PG00561	0.271551697422376	0.271551697422376	0.271551697422376	0.271551697422376
PG00563	0.259912497193968	0.259912497193968	0.259912497193968	0.259912497193968
PG00564	0.398176931097555	0.398176931097555	0.398176931097555	0.398176931097555
PG00565	0.252203657834924	0.252203657834924	0.252203657834924	0.252203657834924
PG00566	0.261536331339401	0.261536331339401	0.261536331339401	0.261536331339401
PG00567	0.292456690904605	0.292456690904605	0.292456690904605	0.292456690904605
PG00568	0.363733604826913	0.363733604826913	0.363733604826913	0.363733604826913
PG00569	0.294997105186177	0.294997105186177	0.294997105186177	0.294997105186177
PG00570	0.28991251035895	0.28991251035895	0.28991251035895	0.28991251035895
PG00571	0.255643862791355	0.255643862791355	0.255643862791355	0.255643862791355
PG00572	0.270836198800937	0.270836198800937	0.270836198800937	0.270836198800937
PG00573	0.289728945374462	0.289728945374462	0.289728945374462	0.289728945374462
PG00574	0.265696991991695	0.265696991991695	0.265696991991695	0.265696991991695
PG00574b	0.303918994735203	0.303918994735203	0.303918994735203	0.303918994735203
PG00575	0.277965087186388	0.277965087186388	0.277965087186388	0.277965087186388
PG00576	0.287879691752194	0.287879691752194	0.287879691752194	0.287879691752194
PG00577	0.355076530031442	0.355076530031442	0.355076530031442	0.355076530031442
PG00578	0.254653378217294	0.254653378217294	0.254653378217294	0.254653378217294
PG00579	0.29870823833015	0.29870823833015	0.29870823833015	0.29870823833015
PG00580	0.258715582255255	0.258715582255255	0.258715582255255	0.258715582255255
PG00581	0.300834137694265	0.300834137694265	0.300834137694265	0.300834137694265
PG00582	0.27139307407803	0.27139307407803	0.27139307407803	0.27139307407803
PG00585	0.304169015967047	0.304169015967047	0.304169015967047	0.304169015967047
PG00587	0.354772232609542	0.354772232609542	0.354772232609542	0.354772232609542
PG00590	0.271389237387741	0.271389237387741	0.271389237387741	0.271389237387741
PG00591	0.282577809171642	0.282577809171642	0.282577809171642	0.282577809171642
PG00592	0.255962719285869	0.255962719285869	0.255962719285869	0.255962719285869
PG00593	0.38618172032001	0.38618172032001	0.38618172032001	0.38618172032001
PG00595	0.256936730406553	0.256936730406553	0.256936730406553	0.256936730406553
PG00596	0.361485843231739	0.361485843231739	0.361485843231739	0.361485843231739
PG00597	0.286692376572775	0.286692376572775	0.286692376572775	0.286692376572775
PG00599	0.299965223875048	0.299965223875048	0.299965223875048	0.299965223875048
PG00602	0.260299837321862	0.260299837321862	0.260299837321862	0.260299837321862
PG00603	0.252429850792769	0.252429850792769	0.252429850792769	0.252429850792769
PG00604	0.298469149339078	0.298469149339078	0.298469149339078	0.298469149339078
PG00605	0.331671129531616	0.331671129531616	0.331671129531616	0.331671129531616
PG00606	0.274114272953704	0.274114272953704	0.274114272953704	0.274114272953704
PG00607	0.315570674168441	0.315570674168441	0.315570674168441	0.315570674168441
PG00608	0.277483476048351	0.277483476048351	0.277483476048351	0.277483476048351
PG00609	0.258335443536204	0.258335443536204	0.258335443536204	0.258335443536204
PG00610	0.30130792978337	0.30130792978337	0.30130792978337	0.30130792978337
PG00611	0.267590889378186	0.267590889378186	0.267590889378186	0.267590889378186
PG00612	0.307115103473155	0.307115103473155	0.307115103473155	0.307115103473155
PG00613	0.247962017654177	0.247962017654177	0.247962017654177	0.247962017654177
PG00615	0.25425171946049	0.25425171946049	0.25425171946049	0.25425171946049
PG00617	0.285559581184141	0.285559581184141	0.285559581184141	0.285559581184141
PG00618	0.320517428433954	0.320517428433954	0.320517428433954	0.320517428433954
PG00619	0.356248856489512	0.356248856489512	0.356248856489512	0.356248856489512
PG00620	0.302596269030617	0.302596269030617	0.302596269030617	0.302596269030617
PG00621	0.308067575793886	0.308067575793886	0.308067575793886	0.308067575793886
PG00622	0.287189086850614	0.287189086850614	0.287189086850614	0.287189086850614
PG00623	0.276075558081977	0.276075558081977	0.276075558081977	0.276075558081977
PG00624	0.268191609403891	0.268191609403891	0.268191609403891	0.268191609403891
PG00626	0.287443061764443	0.287443061764443	0.287443061764443	0.287443061764443
PG00628	0.280882388110188	0.280882388110188	0.280882388110188	0.280882388110188
PG00629	0.283857884074057	0.283857884074057	0.283857884074057	0.283857884074057
PG00630	0.263771947337416	0.263771947337416	0.263771947337416	0.263771947337416
PG00632	0.315181082593247	0.315181082593247	0.315181082593247	0.315181082593247
PG00634	0.28982853276892	0.28982853276892	0.28982853276892	0.28982853276892
PG00635	0.286264572987657	0.286264572987657	0.286264572987657	0.286264572987657
PG00637	0.255106181510592	0.255106181510592	0.255106181510592	0.255106181510592
PG00638	0.260805256045265	0.260805256045265	0.260805256045265	0.260805256045265
PG00640	0.253378697067437	0.253378697067437	0.253378697067437	0.253378697067437
PG00641	0.283355390759017	0.283355390759017	0.283355390759017	0.283355390759017
PG00641b	0.287015752927967	0.287015752927967	0.287015752927967	0.287015752927967
PG00642	0.262023134720469	0.262023134720469	0.262023134720469	0.262023134720469
PG00643	0.274113129154036	0.274113129154036	0.274113129154036	0.274113129154036
PG00644	0.283598851560737	0.283598851560737	0.283598851560737	0.283598851560737
PG00646	0.40905491350796	0.40905491350796	0.40905491350796	0.40905491350796
PG00647	0.279605593743171	0.279605593743171	0.279605593743171	0.279605593743171
PG00648	0.257946775730481	0.257946775730481	0.257946775730481	0.257946775730481
PG00649	0.287072914303366	0.287072914303366	0.287072914303366	0.287072914303366
PG00651	0.258850999597643	0.258850999597643	0.258850999597643	0.258850999597643
PG00652	0.263663481274768	0.263663481274768	0.263663481274768	0.263663481274768
PG00653	0.398991561185805	0.398991561185805	0.398991561185805	0.398991561185805
PG00654	0.26811174725311	0.26811174725311	0.26811174725311	0.26811174725311
PG00657	0.263626188343831	0.263626188343831	0.263626188343831	0.263626188343831
PG00658	0.265265659992142	0.265265659992142	0.265265659992142	0.265265659992142
PG00659	0.256520088458008	0.256520088458008	0.256520088458008	0.256520088458008
PG00660	0.26380919771369	0.26380919771369	0.26380919771369	0.26380919771369
PG00661	0.262771969916511	0.262771969916511	0.262771969916511	0.262771969916511
PG00662	0.291374052695269	0.291374052695269	0.291374052695269	0.291374052695269
PG00664	0.255619868991121	0.255619868991121	0.255619868991121	0.255619868991121
PG00665	0.258127895671894	0.258127895671894	0.258127895671894	0.258127895671894
PG00666	0.270524286251864	0.270524286251864	0.270524286251864	0.270524286251864
PG00666b	0.262098540391686	0.262098540391686	0.262098540391686	0.262098540391686
PG00668	0.281396800951694	0.281396800951694	0.281396800951694	0.281396800951694
PG00669	0.286302059032271	0.286302059032271	0.286302059032271	0.286302059032271
PG00670	0.415589292786511	0.415589292786511	0.415589292786511	0.415589292786511
PG00671	0.264296840750177	0.264296840750177	0.264296840750177	0.264296840750177
PG00673	0.302168016043562	0.302168016043562	0.302168016043562	0.302168016043562
PG00674	0.337361987469029	0.337361987469029	0.337361987469029	0.337361987469029
PG00675	0.275525870140459	0.275525870140459	0.275525870140459	0.275525870140459
PG00676	0.271517251723684	0.271517251723684	0.271517251723684	0.271517251723684
PG00677	0.359324304011601	0.359324304011601	0.359324304011601	0.359324304011601
PG00678	0.267748741668393	0.267748741668393	0.267748741668393	0.267748741668393
PG00679	0.278430041495058	0.278430041495058	0.278430041495058	0.278430041495058
PG00680	0.254669346426364	0.254669346426364	0.254669346426364	0.254669346426364
PG00682	0.289858928954952	0.289858928954952	0.289858928954952	0.289858928954952
PG00683	0.24751562293762	0.24751562293762	0.24751562293762	0.24751562293762
PG00684	0.248113640756823	0.248113640756823	0.248113640756823	0.248113640756823
PG00685	0.248716624273801	0.248716624273801	0.248716624273801	0.248716624273801
PG00686	0.340893974460812	0.340893974460812	0.340893974460812	0.340893974460812
PG00687	0.331137347278138	0.331137347278138	0.331137347278138	0.331137347278138
PG00688	0.246788890710205	0.246788890710205	0.246788890710205	0.246788890710205
PG00689	0.307367000077737	0.307367000077737	0.307367000077737	0.307367000077737
PG00690	0.269122559277838	0.269122559277838	0.269122559277838	0.269122559277838
PG00691	0.286252762901519	0.286252762901519	0.286252762901519	0.286252762901519
PG00694	0.33516575395909	0.33516575395909	0.33516575395909	0.33516575395909
PG00695	0.281472854061012	0.281472854061012	0.281472854061012	0.281472854061012
PG00696	0.261479197850279	0.261479197850279	0.261479197850279	0.261479197850279
PG00697	0.443098710644758	0.443098710644758	0.443098710644758	0.443098710644758
PG00698	0.257597054521429	0.257597054521429	0.257597054521429	0.257597054521429
PG00699	0.273000429542775	0.273000429542775	0.273000429542775	0.273000429542775
PG00700	0.367081655713614	0.367081655713614	0.367081655713614	0.367081655713614
PG00700b	0.316257246867453	0.316257246867453	0.316257246867453	0.316257246867453
PG00701	0.250688354095084	0.250688354095084	0.250688354095084	0.250688354095084
PG00702	0.279276814584907	0.279276814584907	0.279276814584907	0.279276814584907
PG00703	0.274127577905622	0.274127577905622	0.274127577905622	0.274127577905622
PG00704	0.262604325141124	0.262604325141124	0.262604325141124	0.262604325141124
PG00705	0.261776100322248	0.261776100322248	0.261776100322248	0.261776100322248
PG00706	0.257444021917577	0.257444021917577	0.257444021917577	0.257444021917577
PG00707	0.272298745023865	0.272298745023865	0.272298745023865	0.272298745023865
PG00708	0.256217964534978	0.256217964534978	0.256217964534978	0.256217964534978
PG00709	0.271011590632463	0.271011590632463	0.271011590632463	0.271011590632463
PG00710	0.267989563335702	0.267989563335702	0.267989563335702	0.267989563335702
PG00711	0.283484496460754	0.283484496460754	0.283484496460754	0.283484496460754
PG00712	0.281348482748794	0.281348482748794	0.281348482748794	0.281348482748794
PG00713	0.283627194881526	0.283627194881526	0.283627194881526	0.283627194881526
PG00713b	0.259623125540686	0.259623125540686	0.259623125540686	0.259623125540686
PG00714	0.278387070212049	0.278387070212049	0.278387070212049	0.278387070212049
PG00715	0.263347424731497	0.263347424731497	0.263347424731497	0.263347424731497
PG00716	0.301760999898669	0.301760999898669	0.301760999898669	0.301760999898669
PG00718	0.437593924676511	0.437593924676511	0.437593924676511	0.437593924676511
PG00719	0.283892797159878	0.283892797159878	0.283892797159878	0.283892797159878
PG00720	0.309073850853538	0.309073850853538	0.309073850853538	0.309073850853538
PG00721	0.27516394923238	0.27516394923238	0.27516394923238	0.27516394923238
PG00723	0.297578668048984	0.297578668048984	0.297578668048984	0.297578668048984
PG00724	0.271102046240647	0.271102046240647	0.271102046240647	0.271102046240647
PG00725	0.257436303839498	0.257436303839498	0.257436303839498	0.257436303839498
PG00726	0.285588565884213	0.285588565884213	0.285588565884213	0.285588565884213
PG00727	0.278021398659004	0.278021398659004	0.278021398659004	0.278021398659004
PG00728	0.38819861503178	0.38819861503178	0.38819861503178	0.38819861503178
PG00729	0.265156473419424	0.265156473419424	0.265156473419424	0.265156473419424
PG00730	0.797141853568027	0.797141853568027	0.797141853568027	0.797141853568027
PG00732	0.285749074491444	0.285749074491444	0.285749074491444	0.285749074491444
PG00734	0.257522215269278	0.257522215269278	0.257522215269278	0.257522215269278
PG00737	0.341484701783501	0.341484701783501	0.341484701783501	0.341484701783501
PG00738	0.283018487014041	0.283018487014041	0.283018487014041	0.283018487014041
PG00739	0.281724881693083	0.281724881693083	0.281724881693083	0.281724881693083
PG00740	0.278620242720567	0.278620242720567	0.278620242720567	0.278620242720567
PG00741	0.28488937144932	0.28488937144932	0.28488937144932	0.28488937144932
PG00743	0.243038042805847	0.243038042805847	0.243038042805847	0.243038042805847
PG00744	0.289354001766445	0.289354001766445	0.289354001766445	0.289354001766445
PG00746	0.263875084626955	0.263875084626955	0.263875084626955	0.263875084626955
PG00747	0.246044215685347	0.246044215685347	0.246044215685347	0.246044215685347
PG00748	0.297311337403511	0.297311337403511	0.297311337403511	0.297311337403511
PG00749b	0.41774660490034	0.41774660490034	0.41774660490034	0.41774660490034
PG00750	0.271927242573659	0.271927242573659	0.271927242573659	0.271927242573659
PG00751	0.303404104980789	0.303404104980789	0.303404104980789	0.303404104980789
PG00752	0.377869815239417	0.377869815239417	0.377869815239417	0.377869815239417
PG00753	0.252399299383323	0.252399299383323	0.252399299383323	0.252399299383323
PG00755	0.265431215163295	0.265431215163295	0.265431215163295	0.265431215163295
PG00756	0.255918923781314	0.255918923781314	0.255918923781314	0.255918923781314
PG00757	0.269747469904088	0.269747469904088	0.269747469904088	0.269747469904088
PG00759	0.405907430154007	0.405907430154007	0.405907430154007	0.405907430154007
PG00759b	1.03725561098242	1.03725561098242	1.03725561098242	1.03725561098242
PG00760	0.253028961483219	0.253028961483219	0.253028961483219	0.253028961483219
PG00761	0.300350239871643	0.300350239871643	0.300350239871643	0.300350239871643
PG00763	0.506192674566493	0.506192674566493	0.506192674566493	0.506192674566493
PG00764	0.28411645638524	0.28411645638524	0.28411645638524	0.28411645638524
PG00765	0.272871970454497	0.272871970454497	0.272871970454497	0.272871970454497
PG00766	0.262187100345218	0.262187100345218	0.262187100345218	0.262187100345218
PG00766b	0.257241600235369	0.257241600235369	0.257241600235369	0.257241600235369
PG00769	0.281289602912339	0.281289602912339	0.281289602912339	0.281289602912339
PG00769b	0.260773608509449	0.260773608509449	0.260773608509449	0.260773608509449
PG00770	0.267808115458327	0.267808115458327	0.267808115458327	0.267808115458327
PG00772	0.289020193248631	0.289020193248631	0.289020193248631	0.289020193248631
PG00773	0.268971201790882	0.268971201790882	0.268971201790882	0.268971201790882
PG00774	0.257530103282669	0.257530103282669	0.257530103282669	0.257530103282669
PG00775	0.274387207936374	0.274387207936374	0.274387207936374	0.274387207936374
PG00777	0.267908112863071	0.267908112863071	0.267908112863071	0.267908112863071
PG00778	0.264508363536612	0.264508363536612	0.264508363536612	0.264508363536612
PG00779	0.272544320946853	0.272544320946853	0.272544320946853	0.272544320946853
PG00780	0.283019192520867	0.283019192520867	0.283019192520867	0.283019192520867
PG00782	0.2564326899546	0.2564326899546	0.2564326899546	0.2564326899546
PG00783	0.302254518213618	0.302254518213618	0.302254518213618	0.302254518213618
PG00784	0.279421565893353	0.279421565893353	0.279421565893353	0.279421565893353
PG00785	0.287210338353889	0.287210338353889	0.287210338353889	0.287210338353889
PG00786	0.296351659312023	0.296351659312023	0.296351659312023	0.296351659312023
PG00787	0.269848739545418	0.269848739545418	0.269848739545418	0.269848739545418
PG00788	0.261241506335267	0.261241506335267	0.261241506335267	0.261241506335267
PG00789	0.267575458316149	0.267575458316149	0.267575458316149	0.267575458316149
PG00790	0.279839273507647	0.279839273507647	0.279839273507647	0.279839273507647
PG00792	0.286315624817007	0.286315624817007	0.286315624817007	0.286315624817007
PG00793	0.311710216159355	0.311710216159355	0.311710216159355	0.311710216159355
PG00794	0.44252522190618	0.44252522190618	0.44252522190618	0.44252522190618
PG00795	0.344250575792475	0.344250575792475	0.344250575792475	0.344250575792475
PG00796	0.24904161329461	0.24904161329461	0.24904161329461	0.24904161329461
PG00798	0.357389849316477	0.357389849316477	0.357389849316477	0.357389849316477
PG00799	0.275218044761287	0.275218044761287	0.275218044761287	0.275218044761287
PG00800	0.262556698538781	0.262556698538781	0.262556698538781	0.262556698538781
PG00802	0.328664118800664	0.328664118800664	0.328664118800664	0.328664118800664
PG00803	0.282605661702146	0.282605661702146	0.282605661702146	0.282605661702146
PG00804	0.401216289664043	0.401216289664043	0.401216289664043	0.401216289664043
PG00805	0.26086229941887	0.26086229941887	0.26086229941887	0.26086229941887
PG00806	0.283776447662616	0.283776447662616	0.283776447662616	0.283776447662616
PG00808	0.285446180410993	0.285446180410993	0.285446180410993	0.285446180410993
PG00810	0.255180614673658	0.255180614673658	0.255180614673658	0.255180614673658
PG00812	0.367065836507062	0.367065836507062	0.367065836507062	0.367065836507062
PG00813	0.324303081664472	0.324303081664472	0.324303081664472	0.324303081664472
PG00814	0.273249991199033	0.273249991199033	0.273249991199033	0.273249991199033
PG00815	0.256885859223863	0.256885859223863	0.256885859223863	0.256885859223863
PG00816	0.265254747225152	0.265254747225152	0.265254747225152	0.265254747225152
PG00817	0.263255879204466	0.263255879204466	0.263255879204466	0.263255879204466
PG00818	0.293074366591172	0.293074366591172	0.293074366591172	0.293074366591172
PG00820	0.274726240647199	0.274726240647199	0.274726240647199	0.274726240647199
PG00821	0.275089886257589	0.275089886257589	0.275089886257589	0.275089886257589
PG00822	0.393470595774016	0.393470595774016	0.393470595774016	0.393470595774016
PG00823	0.270933514094526	0.270933514094526	0.270933514094526	0.270933514094526
PG00824	0.262774897239629	0.262774897239629	0.262774897239629	0.262774897239629
PG00825	0.273328958758661	0.273328958758661	0.273328958758661	0.273328958758661
PG00826	0.258281371408037	0.258281371408037	0.258281371408037	0.258281371408037
PG00827	0.247090083980289	0.247090083980289	0.247090083980289	0.247090083980289
PG00829	0.299603472481629	0.299603472481629	0.299603472481629	0.299603472481629
PG00830	0.263203806069494	0.263203806069494	0.263203806069494	0.263203806069494
PG00833	0.290589139370891	0.290589139370891	0.290589139370891	0.290589139370891
PG00834	0.258934567273597	0.258934567273597	0.258934567273597	0.258934567273597
PG00835	0.27352795211276	0.27352795211276	0.27352795211276	0.27352795211276
PG00836	0.344066513529617	0.344066513529617	0.344066513529617	0.344066513529617
PG00837	0.301781474933279	0.301781474933279	0.301781474933279	0.301781474933279
PG00838	0.290688782773968	0.290688782773968	0.290688782773968	0.290688782773968
PG00840	0.289783100580408	0.289783100580408	0.289783100580408	0.289783100580408
PG00841	0.252142484896126	0.252142484896126	0.252142484896126	0.252142484896126
PG00843	0.276926513581872	0.276926513581872	0.276926513581872	0.276926513581872
PG00845	0.252897101786571	0.252897101786571	0.252897101786571	0.252897101786571
PG00846	0.271156230334991	0.271156230334991	0.271156230334991	0.271156230334991
PG00847	0.270702063013631	0.270702063013631	0.270702063013631	0.270702063013631
PG00848	0.251294538238091	0.251294538238091	0.251294538238091	0.251294538238091
PG00849	0.287759280806946	0.287759280806946	0.287759280806946	0.287759280806946
PG00850	0.255226445180759	0.255226445180759	0.255226445180759	0.255226445180759
PG00852	0.394210217336314	0.394210217336314	0.394210217336314	0.394210217336314
PG00853	0.595008941719517	0.595008941719517	0.595008941719517	0.595008941719517
PG00855	0.413619730132599	0.413619730132599	0.413619730132599	0.413619730132599
PG00856	0.286896961881952	0.286896961881952	0.286896961881952	0.286896961881952
PG00857	0.312071453551055	0.312071453551055	0.312071453551055	0.312071453551055
PG00860	0.296668147932413	0.296668147932413	0.296668147932413	0.296668147932413
PG00861	0.282782535164997	0.282782535164997	0.282782535164997	0.282782535164997
PG00862	0.273050651857191	0.273050651857191	0.273050651857191	0.273050651857191
PG00863	0.280164702096356	0.280164702096356	0.280164702096356	0.280164702096356
PG00865	0.355076461844431	0.355076461844431	0.355076461844431	0.355076461844431
PG00866	0.256752224361724	0.256752224361724	0.256752224361724	0.256752224361724
PG00867	0.275182114781075	0.275182114781075	0.275182114781075	0.275182114781075
PG00868	0.275575517815873	0.275575517815873	0.275575517815873	0.275575517815873
PG00869	0.279091179324911	0.279091179324911	0.279091179324911	0.279091179324911
PG00870	0.245603885475948	0.245603885475948	0.245603885475948	0.245603885475948
PG00871	0.287536670846394	0.287536670846394	0.287536670846394	0.287536670846394
PG00872	0.263873654770933	0.263873654770933	0.263873654770933	0.263873654770933
PG00872b	0.259010290395997	0.259010290395997	0.259010290395997	0.259010290395997
PG00873	0.262438667961731	0.262438667961731	0.262438667961731	0.262438667961731
PG00874	0.251441744092806	0.251441744092806	0.251441744092806	0.251441744092806
PG00875	0.331095091444024	0.331095091444024	0.331095091444024	0.331095091444024
PG00878	0.278686088882567	0.278686088882567	0.278686088882567	0.278686088882567
PG00879	0.419146113300578	0.419146113300578	0.419146113300578	0.419146113300578
PG00880	0.260014121299768	0.260014121299768	0.260014121299768	0.260014121299768
PG00881	0.270742884206364	0.270742884206364	0.270742884206364	0.270742884206364
PG00882	0.275215181472933	0.275215181472933	0.275215181472933	0.275215181472933
PG00883	0.293195932004726	0.293195932004726	0.293195932004726	0.293195932004726
PG00884	0.280380510237616	0.280380510237616	0.280380510237616	0.280380510237616
PG00886	0.329321680857982	0.329321680857982	0.329321680857982	0.329321680857982
PG00887	0.25641018147343	0.25641018147343	0.25641018147343	0.25641018147343
PG00888	0.287114331101613	0.287114331101613	0.287114331101613	0.287114331101613
PG00889	0.252193188220562	0.252193188220562	0.252193188220562	0.252193188220562
PG00891	0.266236009367816	0.266236009367816	0.266236009367816	0.266236009367816
PG00892	0.351269056315321	0.351269056315321	0.351269056315321	0.351269056315321
PG00893	0.267305678611587	0.267305678611587	0.267305678611587	0.267305678611587
PG00894	0.271754051456529	0.271754051456529	0.271754051456529	0.271754051456529
PG00895	0.281723005315237	0.281723005315237	0.281723005315237	0.281723005315237
PG00897	0.262084758694544	0.262084758694544	0.262084758694544	0.262084758694544
PG00897b	0.267002098267591	0.267002098267591	0.267002098267591	0.267002098267591
PG00898	0.272941445828342	0.272941445828342	0.272941445828342	0.272941445828342
PG00899	0.274017649898398	0.274017649898398	0.274017649898398	0.274017649898398
PG00900	0.341829656755793	0.341829656755793	0.341829656755793	0.341829656755793
PG00901	0.278711850294509	0.278711850294509	0.278711850294509	0.278711850294509
PG00902	0.313065107871337	0.313065107871337	0.313065107871337	0.313065107871337
PG00903	0.420429938931656	0.420429938931656	0.420429938931656	0.420429938931656
PG00904	0.363224881246892	0.363224881246892	0.363224881246892	0.363224881246892
PG00905	0.316009805030312	0.316009805030312	0.316009805030312	0.316009805030312
PG00906	0.297637501716052	0.297637501716052	0.297637501716052	0.297637501716052
PG00907	0.271063985727689	0.271063985727689	0.271063985727689	0.271063985727689
PG00908	0.292661504126659	0.292661504126659	0.292661504126659	0.292661504126659
PG00909	0.261681128889085	0.261681128889085	0.261681128889085	0.261681128889085
PG00910	0.266147481601761	0.266147481601761	0.266147481601761	0.266147481601761
PG00911	0.332257310390626	0.332257310390626	0.332257310390626	0.332257310390626
PG00912	0.244864490870026	0.244864490870026	0.244864490870026	0.244864490870026
PG00914	0.353861816213172	0.353861816213172	0.353861816213172	0.353861816213172
PG00915	0.255120784595571	0.255120784595571	0.255120784595571	0.255120784595571
PG00916	0.276261653327147	0.276261653327147	0.276261653327147	0.276261653327147
PG00917	0.391187878497597	0.391187878497597	0.391187878497597	0.391187878497597
PG00918	0.30507923433494	0.30507923433494	0.30507923433494	0.30507923433494
PG00919	0.320448491636268	0.320448491636268	0.320448491636268	0.320448491636268
PG00921	0.280574481506846	0.280574481506846	0.280574481506846	0.280574481506846
PG00922	0.248241446052694	0.248241446052694	0.248241446052694	0.248241446052694
PG00923	0.267321776931303	0.267321776931303	0.267321776931303	0.267321776931303
PG00924	0.275474618884285	0.275474618884285	0.275474618884285	0.275474618884285
PG00925	0.287334275650369	0.287334275650369	0.287334275650369	0.287334275650369
PG00926	0.301960793406246	0.301960793406246	0.301960793406246	0.301960793406246
PG00927	0.285574400886711	0.285574400886711	0.285574400886711	0.285574400886711
PG00929	0.273770937421892	0.273770937421892	0.273770937421892	0.273770937421892
PG00930	0.26922061738817	0.26922061738817	0.26922061738817	0.26922061738817
PG00931	0.303015274425452	0.303015274425452	0.303015274425452	0.303015274425452
PG00932	0.254160522984598	0.254160522984598	0.254160522984598	0.254160522984598
PG00934	0.253787924484879	0.253787924484879	0.253787924484879	0.253787924484879
PG00935	0.282148137259485	0.282148137259485	0.282148137259485	0.282148137259485
PG00936	0.301501135712091	0.301501135712091	0.301501135712091	0.301501135712091
PG00937	0.2778021377151	0.2778021377151	0.2778021377151	0.2778021377151
PG00938	0.289719079156933	0.289719079156933	0.289719079156933	0.289719079156933
PG00939	0.249641037853147	0.249641037853147	0.249641037853147	0.249641037853147
PG00941	0.256849837807755	0.256849837807755	0.256849837807755	0.256849837807755
PG00942	0.278935802474209	0.278935802474209	0.278935802474209	0.278935802474209
PG00943	0.260626477432793	0.260626477432793	0.260626477432793	0.260626477432793
PG00947	0.257000812301861	0.257000812301861	0.257000812301861	0.257000812301861
PG00948	0.344096515464268	0.344096515464268	0.344096515464268	0.344096515464268
PG00949	0.246685887162791	0.246685887162791	0.246685887162791	0.246685887162791
PG00951	0.317024996577019	0.317024996577019	0.317024996577019	0.317024996577019
PG00952	0.257580958486427	0.257580958486427	0.257580958486427	0.257580958486427
PG00953	0.30299795020736	0.30299795020736	0.30299795020736	0.30299795020736
PG00954	0.316338539566318	0.316338539566318	0.316338539566318	0.316338539566318
PG00955	0.407535149743141	0.407535149743141	0.407535149743141	0.407535149743141
PG00956	0.340563335742979	0.340563335742979	0.340563335742979	0.340563335742979
PG00957	0.265993046179907	0.265993046179907	0.265993046179907	0.265993046179907
PG00959	0.287101083121549	0.287101083121549	0.287101083121549	0.287101083121549
PG00960	0.271245769690861	0.271245769690861	0.271245769690861	0.271245769690861
PG00961	0.342987093967237	0.342987093967237	0.342987093967237	0.342987093967237
PG00962	0.279108758617589	0.279108758617589	0.279108758617589	0.279108758617589
PG00963	0.280847854930527	0.280847854930527	0.280847854930527	0.280847854930527
PG00964	0.297350884983289	0.297350884983289	0.297350884983289	0.297350884983289
PG00965b	0.381795593506546	0.381795593506546	0.381795593506546	0.381795593506546
PG00966	0.421185612574462	0.421185612574462	0.421185612574462	0.421185612574462
PG00967	0.289949051154693	0.289949051154693	0.289949051154693	0.289949051154693
PG00968	0.255252557833472	0.255252557833472	0.255252557833472	0.255252557833472
PG00969	0.270783959821842	0.270783959821842	0.270783959821842	0.270783959821842
PG00971	0.266069419870517	0.266069419870517	0.266069419870517	0.266069419870517
PG00972	0.263748007321015	0.263748007321015	0.263748007321015	0.263748007321015
PG00973	0.248953322575022	0.248953322575022	0.248953322575022	0.248953322575022
PG00974	0.296292236343003	0.296292236343003	0.296292236343003	0.296292236343003
PG00975	0.321670193352035	0.321670193352035	0.321670193352035	0.321670193352035
PG00976	0.290849018058937	0.290849018058937	0.290849018058937	0.290849018058937
PG00977	0.264632278239324	0.264632278239324	0.264632278239324	0.264632278239324
PG00977b	0.280547120004508	0.280547120004508	0.280547120004508	0.280547120004508
PG00978	0.392041230293452	0.392041230293452	0.392041230293452	0.392041230293452
PG00979	0.266007649744324	0.266007649744324	0.266007649744324	0.266007649744324
PG00980	0.315077527116785	0.315077527116785	0.315077527116785	0.315077527116785
PG00981	0.283563755964014	0.283563755964014	0.283563755964014	0.283563755964014
PG00985	0.260424881592155	0.260424881592155	0.260424881592155	0.260424881592155
PG00986	0.27446911142359	0.27446911142359	0.27446911142359	0.27446911142359
PG00987	0.238531548356418	0.238531548356418	0.238531548356418	0.238531548356418
PG00988	0.273270924344417	0.273270924344417	0.273270924344417	0.273270924344417
PG00990	0.258957785499425	0.258957785499425	0.258957785499425	0.258957785499425
PG00990b	0.306635405065316	0.306635405065316	0.306635405065316	0.306635405065316
PG00992	0.251017362081812	0.251017362081812	0.251017362081812	0.251017362081812
PG00993	0.27326156647151	0.27326156647151	0.27326156647151	0.27326156647151
PG00995	0.263169030295987	0.263169030295987	0.263169030295987	0.263169030295987
PG00997	0.301997385320972	0.301997385320972	0.301997385320972	0.301997385320972
PG01000	0.306298534586668	0.306298534586668	0.306298534586668	0.306298534586668
PG01001	0.276750514117877	0.276750514117877	0.276750514117877	0.276750514117877
PG01002	0.445013168524049	0.445013168524049	0.445013168524049	0.445013168524049
PG01002b	0.38880520952255	0.38880520952255	0.38880520952255	0.38880520952255
PG01003	0.273111914730545	0.273111914730545	0.273111914730545	0.273111914730545
PG01004	0.499364055684955	0.499364055684955	0.499364055684955	0.499364055684955
PG01005	0.298111549485379	0.298111549485379	0.298111549485379	0.298111549485379
PG01006	0.464811664454474	0.464811664454474	0.464811664454474	0.464811664454474
PG01006b	0.347367899226632	0.347367899226632	0.347367899226632	0.347367899226632
PG01007	0.30132446935275	0.30132446935275	0.30132446935275	0.30132446935275
PG01008	0.419740670362255	0.419740670362255	0.419740670362255	0.419740670362255
PG01009	0.273814837586328	0.273814837586328	0.273814837586328	0.273814837586328
PG01010	0.326760966073473	0.326760966073473	0.326760966073473	0.326760966073473
PG01011b	0.843890623313323	0.843890623313323	0.843890623313323	0.843890623313323
PG01012	0.25436679712471	0.25436679712471	0.25436679712471	0.25436679712471
PG01013	0.321593090372427	0.321593090372427	0.321593090372427	0.321593090372427
PG01015	0.251090459950869	0.251090459950869	0.251090459950869	0.251090459950869
PG01016	0.298316935011236	0.298316935011236	0.298316935011236	0.298316935011236
PG01017	0.243340821282555	0.243340821282555	0.243340821282555	0.243340821282555
PG01019	0.282137551660329	0.282137551660329	0.282137551660329	0.282137551660329
PG01020	0.252160070045934	0.252160070045934	0.252160070045934	0.252160070045934
PG01021	0.290593876918943	0.290593876918943	0.290593876918943	0.290593876918943
PG01022	0.259515675415136	0.259515675415136	0.259515675415136	0.259515675415136
PG01023	0.299534567542783	0.299534567542783	0.299534567542783	0.299534567542783
PG01024	0.414749510628774	0.414749510628774	0.414749510628774	0.414749510628774
PG01026	0.275739950550162	0.275739950550162	0.275739950550162	0.275739950550162
PG01027	0.40235596344194	0.40235596344194	0.40235596344194	0.40235596344194
PG01028	0.281106369235427	0.281106369235427	0.281106369235427	0.281106369235427
PG01029	0.256681763858469	0.256681763858469	0.256681763858469	0.256681763858469
PG01030	0.2585990105556	0.2585990105556	0.2585990105556	0.2585990105556
PG01031	0.268702092626565	0.268702092626565	0.268702092626565	0.268702092626565
PG01032	0.27173842992423	0.27173842992423	0.27173842992423	0.27173842992423
PG01033	0.282793424457295	0.282793424457295	0.282793424457295	0.282793424457295
PG01034	0.306043724392351	0.306043724392351	0.306043724392351	0.306043724392351
PG01035	0.284206469187209	0.284206469187209	0.284206469187209	0.284206469187209
PG01036	0.290134273750733	0.290134273750733	0.290134273750733	0.290134273750733
PG01037	0.371543558506276	0.371543558506276	0.371543558506276	0.371543558506276
PG01038	0.288877089917548	0.288877089917548	0.288877089917548	0.288877089917548
PG01039	0.248467639423377	0.248467639423377	0.248467639423377	0.248467639423377
PG01040	0.492124650469061	0.492124650469061	0.492124650469061	0.492124650469061
PG01041	0.271177448259711	0.271177448259711	0.271177448259711	0.271177448259711
PG01042	0.286078953711462	0.286078953711462	0.286078953711462	0.286078953711462
PG01043	0.251378268931635	0.251378268931635	0.251378268931635	0.251378268931635
PG01044	0.373338548756274	0.373338548756274	0.373338548756274	0.373338548756274
PG01046	0.309996600378129	0.309996600378129	0.309996600378129	0.309996600378129
PG01046b	0.380928099367713	0.380928099367713	0.380928099367713	0.380928099367713
PG01047	0.271461453394539	0.271461453394539	0.271461453394539	0.271461453394539
PG01049	0.299688196917313	0.299688196917313	0.299688196917313	0.299688196917313
PG01050	0.287987734646473	0.287987734646473	0.287987734646473	0.287987734646473
PG01052	0.274060398821558	0.274060398821558	0.274060398821558	0.274060398821558
PG01053	0.340196135504131	0.340196135504131	0.340196135504131	0.340196135504131
PG01054	0.260578602490892	0.260578602490892	0.260578602490892	0.260578602490892
PG01055	0.29645499516395	0.29645499516395	0.29645499516395	0.29645499516395
PG01056	0.294771012847685	0.294771012847685	0.294771012847685	0.294771012847685
PG01058	0.258979737315387	0.258979737315387	0.258979737315387	0.258979737315387
PG01060	0.308821202233458	0.308821202233458	0.308821202233458	0.308821202233458
PG01061	0.398093291469724	0.398093291469724	0.398093291469724	0.398093291469724
PG01062	0.245749160386792	0.245749160386792	0.245749160386792	0.245749160386792
PG01064	0.261396065232196	0.261396065232196	0.261396065232196	0.261396065232196
PG01066b	1.39474228644819	1.39474228644819	1.39474228644819	1.39474228644819
PG01067	0.260675483004113	0.260675483004113	0.260675483004113	0.260675483004113
PG01068	0.278740223275885	0.278740223275885	0.278740223275885	0.278740223275885
PG01068b	0.338905690346632	0.338905690346632	0.338905690346632	0.338905690346632
PG01069	0.252393191945025	0.252393191945025	0.252393191945025	0.252393191945025
PG01070	0.267221132930068	0.267221132930068	0.267221132930068	0.267221132930068
PG01071	0.31503153488718	0.31503153488718	0.31503153488718	0.31503153488718
PG01072	0.305618098286005	0.305618098286005	0.305618098286005	0.305618098286005
PG01073	0.263883696162364	0.263883696162364	0.263883696162364	0.263883696162364
PG01074	0.2577834222942	0.2577834222942	0.2577834222942	0.2577834222942
PG01075	0.276185981475775	0.276185981475775	0.276185981475775	0.276185981475775
PG01076	0.310652347668969	0.310652347668969	0.310652347668969	0.310652347668969
PG01077	0.30907978064886	0.30907978064886	0.30907978064886	0.30907978064886
PG01078	0.253197240458556	0.253197240458556	0.253197240458556	0.253197240458556
PG01079	0.288271175200402	0.288271175200402	0.288271175200402	0.288271175200402
PG01081	0.263859579058257	0.263859579058257	0.263859579058257	0.263859579058257
PG01082	0.30588991752285	0.30588991752285	0.30588991752285	0.30588991752285
PG01084	0.452619494954893	0.452619494954893	0.452619494954893	0.452619494954893
PG01085	0.293988096958169	0.293988096958169	0.293988096958169	0.293988096958169
PG01086	0.247501505811713	0.247501505811713	0.247501505811713	0.247501505811713
PG01087	0.32756744987082	0.32756744987082	0.32756744987082	0.32756744987082
PG01088	0.298260958922006	0.298260958922006	0.298260958922006	0.298260958922006
PG01089	0.81272209094747	0.81272209094747	0.81272209094747	0.81272209094747
PG01090	0.346716024639974	0.346716024639974	0.346716024639974	0.346716024639974
PG01091	0.278303932863613	0.278303932863613	0.278303932863613	0.278303932863613
PG01092	0.277165942516625	0.277165942516625	0.277165942516625	0.277165942516625
PG01093	0.285835475628682	0.285835475628682	0.285835475628682	0.285835475628682
PG01094	0.916243510125294	0.916243510125294	0.916243510125294	0.916243510125294
PG01094b	0.393971137561537	0.393971137561537	0.393971137561537	0.393971137561537
PG01095	0.294208768390193	0.294208768390193	0.294208768390193	0.294208768390193
PG01096	0.264954481811306	0.264954481811306	0.264954481811306	0.264954481811306
PG01097	0.279345088879989	0.279345088879989	0.279345088879989	0.279345088879989
PG01098	0.254827712102739	0.254827712102739	0.254827712102739	0.254827712102739
PG01099	0.305925257365196	0.305925257365196	0.305925257365196	0.305925257365196
PG01100	0.260669648013905	0.260669648013905	0.260669648013905	0.260669648013905
PG01101	0.287260199412724	0.287260199412724	0.287260199412724	0.287260199412724
PG01103	0.280530458940459	0.280530458940459	0.280530458940459	0.280530458940459
PG01104	0.255499631186524	0.255499631186524	0.255499631186524	0.255499631186524
PG01105	0.279190108970285	0.279190108970285	0.279190108970285	0.279190108970285
PG01106	0.341913022075069	0.341913022075069	0.341913022075069	0.341913022075069
PG01108	0.26849849370915	0.26849849370915	0.26849849370915	0.26849849370915
PG01108b	0.446313948200056	0.446313948200056	0.446313948200056	0.446313948200056
PG01109	0.274393791207028	0.274393791207028	0.274393791207028	0.274393791207028
PG01110	0.267933199314788	0.267933199314788	0.267933199314788	0.267933199314788
PG01111	0.261703778546932	0.261703778546932	0.261703778546932	0.261703778546932
PG01112	0.48344314162743	0.48344314162743	0.48344314162743	0.48344314162743
PG01113	0.311834535775882	0.311834535775882	0.311834535775882	0.311834535775882
PG01114	0.270926676383363	0.270926676383363	0.270926676383363	0.270926676383363
PG01115	0.266543071904717	0.266543071904717	0.266543071904717	0.266543071904717
PG01117	0.435026238084608	0.435026238084608	0.435026238084608	0.435026238084608
PG01119	0.265285878492342	0.265285878492342	0.265285878492342	0.265285878492342
PG01120	0.249896753466959	0.249896753466959	0.249896753466959	0.249896753466959
PG01121	0.280073671480036	0.280073671480036	0.280073671480036	0.280073671480036
PG01122	0.319347400786606	0.319347400786606	0.319347400786606	0.319347400786606
PG01123	0.296719403330008	0.296719403330008	0.296719403330008	0.296719403330008
PG01124	0.283841121374167	0.283841121374167	0.283841121374167	0.283841121374167
PG01125	0.366046622916516	0.366046622916516	0.366046622916516	0.366046622916516
PG01126	0.312154372908467	0.312154372908467	0.312154372908467	0.312154372908467
PG01127	0.282828388263418	0.282828388263418	0.282828388263418	0.282828388263418
PG01130	0.351104610326806	0.351104610326806	0.351104610326806	0.351104610326806
PG01131	0.316458828642636	0.316458828642636	0.316458828642636	0.316458828642636
PG01132	0.434467551051458	0.434467551051458	0.434467551051458	0.434467551051458
PG01132b	0.266034528845329	0.266034528845329	0.266034528845329	0.266034528845329
PG01133	0.272741266727951	0.272741266727951	0.272741266727951	0.272741266727951
PG01134	0.294636600558968	0.294636600558968	0.294636600558968	0.294636600558968
PG01135	0.265284796040427	0.265284796040427	0.265284796040427	0.265284796040427
PG01136	0.28674730883966	0.28674730883966	0.28674730883966	0.28674730883966
PG01137	0.261145877792697	0.261145877792697	0.261145877792697	0.261145877792697
PG01138	0.240799072398188	0.240799072398188	0.240799072398188	0.240799072398188
PG01139	0.284827816072495	0.284827816072495	0.284827816072495	0.284827816072495
PG01140	0.28959511207511	0.28959511207511	0.28959511207511	0.28959511207511
PG01141	0.277055033053087	0.277055033053087	0.277055033053087	0.277055033053087
PG01142	0.270418489151993	0.270418489151993	0.270418489151993	0.270418489151993
PG01143	0.306846270014855	0.306846270014855	0.306846270014855	0.306846270014855
PG01144	0.44976199482397	0.44976199482397	0.44976199482397	0.44976199482397
PG01145	0.263745615286034	0.263745615286034	0.263745615286034	0.263745615286034
PG01146	0.265834437511101	0.265834437511101	0.265834437511101	0.265834437511101
PG01147	0.271678429160816	0.271678429160816	0.271678429160816	0.271678429160816
PG01148	0.2840920512915	0.2840920512915	0.2840920512915	0.2840920512915
PG01149	0.425257600532496	0.425257600532496	0.425257600532496	0.425257600532496
PG01150	0.267162361157183	0.267162361157183	0.267162361157183	0.267162361157183
PG01154	0.283730679811156	0.283730679811156	0.283730679811156	0.283730679811156
PG01155	0.267641463298901	0.267641463298901	0.267641463298901	0.267641463298901
PG01156	0.281488242154084	0.281488242154084	0.281488242154084	0.281488242154084
PG01157	0.421302166496547	0.421302166496547	0.421302166496547	0.421302166496547
PG01157b	0.331779786872168	0.331779786872168	0.331779786872168	0.331779786872168
PG01159	0.283108877416316	0.283108877416316	0.283108877416316	0.283108877416316
PG01161	0.273007719069433	0.273007719069433	0.273007719069433	0.273007719069433
PG01162	0.252026043866444	0.252026043866444	0.252026043866444	0.252026043866444
PG01164	0.310922238534526	0.310922238534526	0.310922238534526	0.310922238534526
PG01165	0.261275018438921	0.261275018438921	0.261275018438921	0.261275018438921
PG01165b	0.241335617649114	0.241335617649114	0.241335617649114	0.241335617649114
PG01166	0.254234102418883	0.254234102418883	0.254234102418883	0.254234102418883
PG01168	0.2674412924986	0.2674412924986	0.2674412924986	0.2674412924986
PG01169	0.271319499738958	0.271319499738958	0.271319499738958	0.271319499738958
PG01169b	0.246927355816538	0.246927355816538	0.246927355816538	0.246927355816538
PG01170	0.306778733859226	0.306778733859226	0.306778733859226	0.306778733859226
PG01171	0.250939653051022	0.250939653051022	0.250939653051022	0.250939653051022
PG01173	0.350197784893502	0.350197784893502	0.350197784893502	0.350197784893502
PG01174	0.25786263728369	0.25786263728369	0.25786263728369	0.25786263728369
PG01176	0.420590576500196	0.420590576500196	0.420590576500196	0.420590576500196
PG01177	0.276365383419548	0.276365383419548	0.276365383419548	0.276365383419548
PG01178	0.263781171799494	0.263781171799494	0.263781171799494	0.263781171799494
PG01179	0.257830421563722	0.257830421563722	0.257830421563722	0.257830421563722
PG01182	0.323633471796588	0.323633471796588	0.323633471796588	0.323633471796588
PG01182b	0.272550859530287	0.272550859530287	0.272550859530287	0.272550859530287
PG01183	0.356700726766886	0.356700726766886	0.356700726766886	0.356700726766886
PG01184	0.268995355748712	0.268995355748712	0.268995355748712	0.268995355748712
PG01185	0.261240103236375	0.261240103236375	0.261240103236375	0.261240103236375
PG01186	0.319390526538412	0.319390526538412	0.319390526538412	0.319390526538412
PG01187	0.284171331294859	0.284171331294859	0.284171331294859	0.284171331294859
PG01188	0.265030347834296	0.265030347834296	0.265030347834296	0.265030347834296
PG01189	0.266419678815459	0.266419678815459	0.266419678815459	0.266419678815459
PG01190	0.276283489733972	0.276283489733972	0.276283489733972	0.276283489733972
PG01191	0.331489078657952	0.331489078657952	0.331489078657952	0.331489078657952
PG01192	0.98547464199966	0.98547464199966	0.98547464199966	0.98547464199966
PG01193	0.691756682852398	0.691756682852398	0.691756682852398	0.691756682852398
PG01194	0.283564208273803	0.283564208273803	0.283564208273803	0.283564208273803
PG01196	0.301474799706016	0.301474799706016	0.301474799706016	0.301474799706016
PG01197	0.251673978040645	0.251673978040645	0.251673978040645	0.251673978040645
PG01198	0.255584437288017	0.255584437288017	0.255584437288017	0.255584437288017
PG01199	0.267822150863202	0.267822150863202	0.267822150863202	0.267822150863202
PG01200	0.28417717293233	0.28417717293233	0.28417717293233	0.28417717293233
PG01202	0.275560869312378	0.275560869312378	0.275560869312378	0.275560869312378
PG01205	0.26544178568326	0.26544178568326	0.26544178568326	0.26544178568326
PG01207	0.277874292698632	0.277874292698632	0.277874292698632	0.277874292698632
PG01209	0.282005258260614	0.282005258260614	0.282005258260614	0.282005258260614
PG01210	0.27350463124146	0.27350463124146	0.27350463124146	0.27350463124146
PG01211	0.350481753090244	0.350481753090244	0.350481753090244	0.350481753090244
PG01211b	0.268367255611324	0.268367255611324	0.268367255611324	0.268367255611324
PG01213	0.262589796748358	0.262589796748358	0.262589796748358	0.262589796748358
PG01215	0.271365603394501	0.271365603394501	0.271365603394501	0.271365603394501
PG01216	0.297450733548591	0.297450733548591	0.297450733548591	0.297450733548591
PG01217	0.245392939861656	0.245392939861656	0.245392939861656	0.245392939861656
PG01220	0.270274832682626	0.270274832682626	0.270274832682626	0.270274832682626
PG01222	0.297592238292039	0.297592238292039	0.297592238292039	0.297592238292039
PG01222b	0.243565937210991	0.243565937210991	0.243565937210991	0.243565937210991
PG01223	0.253204639339198	0.253204639339198	0.253204639339198	0.253204639339198
PG01224	0.268573566244683	0.268573566244683	0.268573566244683	0.268573566244683
PG01225	0.272297097824905	0.272297097824905	0.272297097824905	0.272297097824905
PG01230	0.281273125124491	0.281273125124491	0.281273125124491	0.281273125124491
PG01231	0.282621262775543	0.282621262775543	0.282621262775543	0.282621262775543
PG01232	0.298078484155378	0.298078484155378	0.298078484155378	0.298078484155378
PG01233	0.257060952062008	0.257060952062008	0.257060952062008	0.257060952062008
PG01234	0.276451506326027	0.276451506326027	0.276451506326027	0.276451506326027
PG01235	0.276301728961859	0.276301728961859	0.276301728961859	0.276301728961859
PG01236	0.374624147193787	0.374624147193787	0.374624147193787	0.374624147193787
PG01238	0.253849777350262	0.253849777350262	0.253849777350262	0.253849777350262
PG01239	0.251239371465624	0.251239371465624	0.251239371465624	0.251239371465624
PG01240	0.259076799789405	0.259076799789405	0.259076799789405	0.259076799789405
PG01241	0.290343661726676	0.290343661726676	0.290343661726676	0.290343661726676
PG01242	0.267145503233448	0.267145503233448	0.267145503233448	0.267145503233448
PG01242b	0.288828087089229	0.288828087089229	0.288828087089229	0.288828087089229
PG01244	0.293308622566665	0.293308622566665	0.293308622566665	0.293308622566665
PG01245	0.362355195970902	0.362355195970902	0.362355195970902	0.362355195970902
PG01246	0.266164940092612	0.266164940092612	0.266164940092612	0.266164940092612
PG01247	0.276865977690786	0.276865977690786	0.276865977690786	0.276865977690786
PG01248	0.271528533964485	0.271528533964485	0.271528533964485	0.271528533964485
PG01249	0.294348648241832	0.294348648241832	0.294348648241832	0.294348648241832
PG01251	0.245272096713168	0.245272096713168	0.245272096713168	0.245272096713168
PG01252	0.276461360413566	0.276461360413566	0.276461360413566	0.276461360413566
PG01253	0.297339370992916	0.297339370992916	0.297339370992916	0.297339370992916
PG01255	0.264016274853653	0.264016274853653	0.264016274853653	0.264016274853653
PG01257	0.274294511805998	0.274294511805998	0.274294511805998	0.274294511805998
PG01258	0.275113575131995	0.275113575131995	0.275113575131995	0.275113575131995
PG01259	0.308403416165444	0.308403416165444	0.308403416165444	0.308403416165444
PG01260	0.269233832211374	0.269233832211374	0.269233832211374	0.269233832211374
PG01261	0.299568438290976	0.299568438290976	0.299568438290976	0.299568438290976
PG01262	0.399567290971027	0.399567290971027	0.399567290971027	0.399567290971027
PG01263	0.431852550927057	0.431852550927057	0.431852550927057	0.431852550927057
PG01264	0.274366641282938	0.274366641282938	0.274366641282938	0.274366641282938
PG01265	0.302946274408245	0.302946274408245	0.302946274408245	0.302946274408245
PG01266	0.477912221986881	0.477912221986881	0.477912221986881	0.477912221986881
PG01267	0.300419648811789	0.300419648811789	0.300419648811789	0.300419648811789
PG01269	0.272085317243645	0.272085317243645	0.272085317243645	0.272085317243645
PG01270	0.300186730044608	0.300186730044608	0.300186730044608	0.300186730044608
PG01271	0.283581316138141	0.283581316138141	0.283581316138141	0.283581316138141
PG01272	0.686985111425794	0.686985111425794	0.686985111425794	0.686985111425794
PG01273	0.288178731783055	0.288178731783055	0.288178731783055	0.288178731783055
PG01274	0.253204237261294	0.253204237261294	0.253204237261294	0.253204237261294
PG01277	0.271121818204973	0.271121818204973	0.271121818204973	0.271121818204973
PG01278	0.259580243520297	0.259580243520297	0.259580243520297	0.259580243520297
PG01279	0.282969968754491	0.282969968754491	0.282969968754491	0.282969968754491
PG01280	0.277407310097126	0.277407310097126	0.277407310097126	0.277407310097126
PG01281	0.286497816640508	0.286497816640508	0.286497816640508	0.286497816640508
PG01282	0.330333762257522	0.330333762257522	0.330333762257522	0.330333762257522
PG01282b	0.279270952578914	0.279270952578914	0.279270952578914	0.279270952578914
PG01284	0.275507852147819	0.275507852147819	0.275507852147819	0.275507852147819
PG01285	0.309238794401352	0.309238794401352	0.309238794401352	0.309238794401352
PG01286	0.251900817664769	0.251900817664769	0.251900817664769	0.251900817664769
PG01286b	0.27484674683266	0.27484674683266	0.27484674683266	0.27484674683266
PG01287	0.287032916752851	0.287032916752851	0.287032916752851	0.287032916752851
PG01288	0.278129150216933	0.278129150216933	0.278129150216933	0.278129150216933
PG01289	0.276920740037428	0.276920740037428	0.276920740037428	0.276920740037428
PG01290	0.272964223326859	0.272964223326859	0.272964223326859	0.272964223326859
PG01291	0.567325609820934	0.567325609820934	0.567325609820934	0.567325609820934
PG01291b	0.301201339536851	0.301201339536851	0.301201339536851	0.301201339536851
PG01292	0.28951225586458	0.28951225586458	0.28951225586458	0.28951225586458
PG01293	0.271159580422088	0.271159580422088	0.271159580422088	0.271159580422088
PG01294	0.268623168049034	0.268623168049034	0.268623168049034	0.268623168049034
PG01295	0.27016743438651	0.27016743438651	0.27016743438651	0.27016743438651
PG01297	0.259837212781642	0.259837212781642	0.259837212781642	0.259837212781642
PG01298	0.29008666739188	0.29008666739188	0.29008666739188	0.29008666739188
PG01299	0.299348007491201	0.299348007491201	0.299348007491201	0.299348007491201
PG01300	0.293286770888947	0.293286770888947	0.293286770888947	0.293286770888947
PG01301	0.275856779207689	0.275856779207689	0.275856779207689	0.275856779207689
PG01302	0.330137052032424	0.330137052032424	0.330137052032424	0.330137052032424
PG01303	0.264784501743149	0.264784501743149	0.264784501743149	0.264784501743149
PG01305	0.282496562127631	0.282496562127631	0.282496562127631	0.282496562127631
PG01305b	0.272772249829059	0.272772249829059	0.272772249829059	0.272772249829059
PG01306	0.278565638735698	0.278565638735698	0.278565638735698	0.278565638735698
PG01308	0.27889828938967	0.27889828938967	0.27889828938967	0.27889828938967
PG01309	0.304181801016926	0.304181801016926	0.304181801016926	0.304181801016926
PG01310	0.259214951924894	0.259214951924894	0.259214951924894	0.259214951924894
PG01311	0.304620538840536	0.304620538840536	0.304620538840536	0.304620538840536
PG01314	0.257022498698618	0.257022498698618	0.257022498698618	0.257022498698618
PG01315	0.279771757921853	0.279771757921853	0.279771757921853	0.279771757921853
PG01316	0.291450473256086	0.291450473256086	0.291450473256086	0.291450473256086
PG01317	0.27433670401502	0.27433670401502	0.27433670401502	0.27433670401502
PG01318	0.25327606832263	0.25327606832263	0.25327606832263	0.25327606832263
PG01319	0.445161587168517	0.445161587168517	0.445161587168517	0.445161587168517
PG01321	0.405064406696158	0.405064406696158	0.405064406696158	0.405064406696158
PG01322	0.288403398221199	0.288403398221199	0.288403398221199	0.288403398221199
PG01324	0.255646647607424	0.255646647607424	0.255646647607424	0.255646647607424
PG01325	0.263087027977066	0.263087027977066	0.263087027977066	0.263087027977066
PG01326	0.26673750633376	0.26673750633376	0.26673750633376	0.26673750633376
PG01327	0.244828520726426	0.244828520726426	0.244828520726426	0.244828520726426
PG01328	0.259735841728429	0.259735841728429	0.259735841728429	0.259735841728429
PG01329	0.282587909362011	0.282587909362011	0.282587909362011	0.282587909362011
PG01330	0.302747663895542	0.302747663895542	0.302747663895542	0.302747663895542
PG01331	0.253388580416699	0.253388580416699	0.253388580416699	0.253388580416699
PG01332	0.25707079233624	0.25707079233624	0.25707079233624	0.25707079233624
PG01333	0.273555962802046	0.273555962802046	0.273555962802046	0.273555962802046
PG01335	0.286243115243443	0.286243115243443	0.286243115243443	0.286243115243443
PG01336	0.250101894766092	0.250101894766092	0.250101894766092	0.250101894766092
PG01337	0.306508815794801	0.306508815794801	0.306508815794801	0.306508815794801
PG01338	0.297523972741232	0.297523972741232	0.297523972741232	0.297523972741232
PG01339	0.25183404796471	0.25183404796471	0.25183404796471	0.25183404796471
PG01341	0.345369890850626	0.345369890850626	0.345369890850626	0.345369890850626
PG01342	0.288394882014679	0.288394882014679	0.288394882014679	0.288394882014679
PG01343	0.268131063585392	0.268131063585392	0.268131063585392	0.268131063585392
PG01344	0.276577727259041	0.276577727259041	0.276577727259041	0.276577727259041
PG01345	0.258635381535353	0.258635381535353	0.258635381535353	0.258635381535353
PG01347	0.2652524523512	0.2652524523512	0.2652524523512	0.2652524523512
PG01349	1.14271208322013	1.14271208322013	1.14271208322013	1.14271208322013
PG01350	0.271136550784788	0.271136550784788	0.271136550784788	0.271136550784788
PG01351	0.270631201836246	0.270631201836246	0.270631201836246	0.270631201836246
PG01352	0.279697371985386	0.279697371985386	0.279697371985386	0.279697371985386
PG01353	0.39523755207084	0.39523755207084	0.39523755207084	0.39523755207084
PG01354	0.244582994486676	0.244582994486676	0.244582994486676	0.244582994486676
PG01355	0.27158384537739	0.27158384537739	0.27158384537739	0.27158384537739
PG01356	0.287237946669996	0.287237946669996	0.287237946669996	0.287237946669996
PG01356b	0.270104325716455	0.270104325716455	0.270104325716455	0.270104325716455
PG01357	0.306000153656048	0.306000153656048	0.306000153656048	0.306000153656048
PG01358	0.368021082278367	0.368021082278367	0.368021082278367	0.368021082278367
PG01358b	0.47460700901178	0.47460700901178	0.47460700901178	0.47460700901178
PG01359	0.247810145296483	0.247810145296483	0.247810145296483	0.247810145296483
PG01360	0.264083431472589	0.264083431472589	0.264083431472589	0.264083431472589
PG01361	0.281477828993036	0.281477828993036	0.281477828993036	0.281477828993036
PG01361b	0.258838591946703	0.258838591946703	0.258838591946703	0.258838591946703
PG01362	0.25339144612426	0.25339144612426	0.25339144612426	0.25339144612426
PG01364	0.280519865316571	0.280519865316571	0.280519865316571	0.280519865316571
PG01365	0.295662654635437	0.295662654635437	0.295662654635437	0.295662654635437
PG01366	0.273492795529296	0.273492795529296	0.273492795529296	0.273492795529296
PG01367	0.305297649935738	0.305297649935738	0.305297649935738	0.305297649935738
PG01370	0.421103837972003	0.421103837972003	0.421103837972003	0.421103837972003
PG01371	0.27753539398804	0.27753539398804	0.27753539398804	0.27753539398804
PG01373	0.284865062828562	0.284865062828562	0.284865062828562	0.284865062828562
PG01374	0.285504685895908	0.285504685895908	0.285504685895908	0.285504685895908
PG01375	0.263401394901842	0.263401394901842	0.263401394901842	0.263401394901842
PG01376	0.261360377199903	0.261360377199903	0.261360377199903	0.261360377199903
PG01377	0.287949951406849	0.287949951406849	0.287949951406849	0.287949951406849
PG01378	0.261759762293102	0.261759762293102	0.261759762293102	0.261759762293102
PG01380	0.28137272281853	0.28137272281853	0.28137272281853	0.28137272281853
PG01381	0.265473959700875	0.265473959700875	0.265473959700875	0.265473959700875
PG01382	0.258473964702966	0.258473964702966	0.258473964702966	0.258473964702966
PG01383	0.292673243414206	0.292673243414206	0.292673243414206	0.292673243414206
PG01384	0.351562241653685	0.351562241653685	0.351562241653685	0.351562241653685
PG01385	0.288176363336258	0.288176363336258	0.288176363336258	0.288176363336258
PG01385b	0.428243357371961	0.428243357371961	0.428243357371961	0.428243357371961
PG01386	0.295474294375698	0.295474294375698	0.295474294375698	0.295474294375698
PG01387	0.277947372336333	0.277947372336333	0.277947372336333	0.277947372336333
PG01388	0.27413172891205	0.27413172891205	0.27413172891205	0.27413172891205
PG01389	0.281594644580716	0.281594644580716	0.281594644580716	0.281594644580716
PG01391	0.269462214017298	0.269462214017298	0.269462214017298	0.269462214017298
PG01392	0.272826026044981	0.272826026044981	0.272826026044981	0.272826026044981
PG01394	0.359180348070383	0.359180348070383	0.359180348070383	0.359180348070383
PG01395	0.254060294579385	0.254060294579385	0.254060294579385	0.254060294579385
PG01396	0.277826644666136	0.277826644666136	0.277826644666136	0.277826644666136
PG01397	0.479504328920333	0.479504328920333	0.479504328920333	0.479504328920333
PG01398	0.335824414125603	0.335824414125603	0.335824414125603	0.335824414125603
PG01399	0.265830187268896	0.265830187268896	0.265830187268896	0.265830187268896
PG01400	0.303413483118725	0.303413483118725	0.303413483118725	0.303413483118725
PG01401	0.272620436762724	0.272620436762724	0.272620436762724	0.272620436762724
PG01403	0.290548125665866	0.290548125665866	0.290548125665866	0.290548125665866
PG01404	0.282187094672204	0.282187094672204	0.282187094672204	0.282187094672204
PG01407	0.254796509184459	0.254796509184459	0.254796509184459	0.254796509184459
PG01408	0.303013096072866	0.303013096072866	0.303013096072866	0.303013096072866
PG01409	0.354987325553722	0.354987325553722	0.354987325553722	0.354987325553722
PG01410	0.313337859935168	0.313337859935168	0.313337859935168	0.313337859935168
PG01411	0.508905304053119	0.508905304053119	0.508905304053119	0.508905304053119
PG01412	0.29101246096262	0.29101246096262	0.29101246096262	0.29101246096262
PG01414	0.25551930772052	0.25551930772052	0.25551930772052	0.25551930772052
PG01416	0.273323961707254	0.273323961707254	0.273323961707254	0.273323961707254
PG01417	0.294222032282874	0.294222032282874	0.294222032282874	0.294222032282874
PG01419	0.289371085053071	0.289371085053071	0.289371085053071	0.289371085053071
PG01420	0.273711912290981	0.273711912290981	0.273711912290981	0.273711912290981
PG01421	0.288014978917935	0.288014978917935	0.288014978917935	0.288014978917935
PG01422	1.16150867858455	1.16150867858455	1.16150867858455	1.16150867858455
PG01423	0.259360430186349	0.259360430186349	0.259360430186349	0.259360430186349
PG01424	0.306238867388244	0.306238867388244	0.306238867388244	0.306238867388244
PG01425	0.310183282739794	0.310183282739794	0.310183282739794	0.310183282739794
PG01426	0.297973819673843	0.297973819673843	0.297973819673843	0.297973819673843
PG01427	0.292393486349805	0.292393486349805	0.292393486349805	0.292393486349805
PG01428	0.348647084670702	0.348647084670702	0.348647084670702	0.348647084670702
PG01429	0.2693577090967	0.2693577090967	0.2693577090967	0.2693577090967
PG01430	0.432780079632359	0.432780079632359	0.432780079632359	0.432780079632359
PG01431	0.269851501172078	0.269851501172078	0.269851501172078	0.269851501172078
PG01433	1.17152696546914	1.17152696546914	1.17152696546914	1.17152696546914
PG01436	0.271596769306003	0.271596769306003	0.271596769306003	0.271596769306003
PG01438	0.247426337213135	0.247426337213135	0.247426337213135	0.247426337213135
PG01439	0.262386410127958	0.262386410127958	0.262386410127958	0.262386410127958
PG01440	0.307833161838864	0.307833161838864	0.307833161838864	0.307833161838864
PG01441	0.365182649928754	0.365182649928754	0.365182649928754	0.365182649928754
PG01442	0.473012105499888	0.473012105499888	0.473012105499888	0.473012105499888
PG01443	0.264876652347707	0.264876652347707	0.264876652347707	0.264876652347707
PG01444	0.292824117633058	0.292824117633058	0.292824117633058	0.292824117633058
PG01445	0.266958196277041	0.266958196277041	0.266958196277041	0.266958196277041
PG01446	0.249344515073936	0.249344515073936	0.249344515073936	0.249344515073936
PG01447	0.288694208279291	0.288694208279291	0.288694208279291	0.288694208279291
PG01448	0.300928634947065	0.300928634947065	0.300928634947065	0.300928634947065
PG01449	0.27663029752728	0.27663029752728	0.27663029752728	0.27663029752728
PG01451	0.313716209118248	0.313716209118248	0.313716209118248	0.313716209118248
PG01452	0.262987099835255	0.262987099835255	0.262987099835255	0.262987099835255
PG01453	0.264182933608094	0.264182933608094	0.264182933608094	0.264182933608094
PG01454	0.369064864732089	0.369064864732089	0.369064864732089	0.369064864732089
PG01455	0.252193569936913	0.252193569936913	0.252193569936913	0.252193569936913
PG01456	0.266636425699329	0.266636425699329	0.266636425699329	0.266636425699329
PG01457	0.282924529838006	0.282924529838006	0.282924529838006	0.282924529838006
PG01458	0.257141859763747	0.257141859763747	0.257141859763747	0.257141859763747
PG01459	0.279050241461287	0.279050241461287	0.279050241461287	0.279050241461287
PG01460	0.276772717235431	0.276772717235431	0.276772717235431	0.276772717235431
PG01461	0.313691550378862	0.313691550378862	0.313691550378862	0.313691550378862
PG01462	0.451246848043386	0.451246848043386	0.451246848043386	0.451246848043386
PG01463	0.279102697117349	0.279102697117349	0.279102697117349	0.279102697117349
PG01464	0.297789662346123	0.297789662346123	0.297789662346123	0.297789662346123
PG01465	0.268007014753379	0.268007014753379	0.268007014753379	0.268007014753379
PG01466	0.505775430028248	0.505775430028248	0.505775430028248	0.505775430028248
PG01467	0.273886854026388	0.273886854026388	0.273886854026388	0.273886854026388
PG01468	0.278222613218818	0.278222613218818	0.278222613218818	0.278222613218818
PG01469	0.278137674301605	0.278137674301605	0.278137674301605	0.278137674301605
PG01470	0.258533393168596	0.258533393168596	0.258533393168596	0.258533393168596
PG01470b	0.284326966579894	0.284326966579894	0.284326966579894	0.284326966579894
PG01471	0.23967569121806	0.23967569121806	0.23967569121806	0.23967569121806
PG01473	0.251484123592831	0.251484123592831	0.251484123592831	0.251484123592831
PG01474	0.264774374105995	0.264774374105995	0.264774374105995	0.264774374105995
PG01475	0.358718725782646	0.358718725782646	0.358718725782646	0.358718725782646
PG01479	0.263801123682834	0.263801123682834	0.263801123682834	0.263801123682834
PG01480	0.311524255168143	0.311524255168143	0.311524255168143	0.311524255168143
PG01481	0.334086757903295	0.334086757903295	0.334086757903295	0.334086757903295
PG01482	0.272672489629856	0.272672489629856	0.272672489629856	0.272672489629856
PG01485	0.306244791929516	0.306244791929516	0.306244791929516	0.306244791929516
PG01487	0.250347667317012	0.250347667317012	0.250347667317012	0.250347667317012
PG01488	0.2442925386206	0.2442925386206	0.2442925386206	0.2442925386206
PG01489	0.250743610846148	0.250743610846148	0.250743610846148	0.250743610846148
PG01491	0.355895778787977	0.355895778787977	0.355895778787977	0.355895778787977
PG01492	0.346959581779095	0.346959581779095	0.346959581779095	0.346959581779095
PG01493	0.269023447275405	0.269023447275405	0.269023447275405	0.269023447275405
PG01494	0.365766594376877	0.365766594376877	0.365766594376877	0.365766594376877
PG01495	0.415303394630375	0.415303394630375	0.415303394630375	0.415303394630375
PG01496	0.248035431516136	0.248035431516136	0.248035431516136	0.248035431516136
PG01497	0.278733951950054	0.278733951950054	0.278733951950054	0.278733951950054
PG01498	0.277405727439818	0.277405727439818	0.277405727439818	0.277405727439818
PG01499	0.269601704300714	0.269601704300714	0.269601704300714	0.269601704300714
PG01500	0.522197985208056	0.522197985208056	0.522197985208056	0.522197985208056
PG01502	0.257803011490344	0.257803011490344	0.257803011490344	0.257803011490344
PG01502b	0.266211865975687	0.266211865975687	0.266211865975687	0.266211865975687
PG01503	0.268814297823265	0.268814297823265	0.268814297823265	0.268814297823265
PG01504	0.260439662989131	0.260439662989131	0.260439662989131	0.260439662989131
PG01505	0.380777263370456	0.380777263370456	0.380777263370456	0.380777263370456
PG01506	0.26549263007109	0.26549263007109	0.26549263007109	0.26549263007109
PG01507	0.327753298724219	0.327753298724219	0.327753298724219	0.327753298724219
PG01508	0.235536557616031	0.235536557616031	0.235536557616031	0.235536557616031
PG01509	0.268241555234447	0.268241555234447	0.268241555234447	0.268241555234447
PG01513	0.265674387136354	0.265674387136354	0.265674387136354	0.265674387136354
PG01514	0.249944579547794	0.249944579547794	0.249944579547794	0.249944579547794
PG01515	0.404039949799028	0.404039949799028	0.404039949799028	0.404039949799028
PG01517	0.307852061328614	0.307852061328614	0.307852061328614	0.307852061328614
PG01518	0.257567811952019	0.257567811952019	0.257567811952019	0.257567811952019
PG01519	0.251566463593736	0.251566463593736	0.251566463593736	0.251566463593736
PG01520	0.29246426008885	0.29246426008885	0.29246426008885	0.29246426008885
PG01522	0.475878044676396	0.475878044676396	0.475878044676396	0.475878044676396
PG01523	0.982741002502396	0.982741002502396	0.982741002502396	0.982741002502396
PG01524	0.279688140992934	0.279688140992934	0.279688140992934	0.279688140992934
PG01525	0.281615142316256	0.281615142316256	0.281615142316256	0.281615142316256
PG01526	0.274827275201765	0.274827275201765	0.274827275201765	0.274827275201765
PG01527	0.326461798841404	0.326461798841404	0.326461798841404	0.326461798841404
PG01528	0.255855774099796	0.255855774099796	0.255855774099796	0.255855774099796
PG01529	0.29834172855507	0.29834172855507	0.29834172855507	0.29834172855507
PG01530	0.256645622483278	0.256645622483278	0.256645622483278	0.256645622483278
PG01531	0.281713983095672	0.281713983095672	0.281713983095672	0.281713983095672
PG01532	0.279985895665067	0.279985895665067	0.279985895665067	0.279985895665067
PG01533	0.263639306576274	0.263639306576274	0.263639306576274	0.263639306576274
PG01535	0.288888658245029	0.288888658245029	0.288888658245029	0.288888658245029
PG01536	0.386693155810786	0.386693155810786	0.386693155810786	0.386693155810786
PG01538	0.306979299562235	0.306979299562235	0.306979299562235	0.306979299562235
PG01539	0.304647101674653	0.304647101674653	0.304647101674653	0.304647101674653
PG01540	0.270782325867728	0.270782325867728	0.270782325867728	0.270782325867728
PG01541	0.293940937812086	0.293940937812086	0.293940937812086	0.293940937812086
PG01542	0.293381483966445	0.293381483966445	0.293381483966445	0.293381483966445
PG01543	0.286082111680494	0.286082111680494	0.286082111680494	0.286082111680494
PG01544	0.254435906635795	0.254435906635795	0.254435906635795	0.254435906635795
PG01545	0.354952778364735	0.354952778364735	0.354952778364735	0.354952778364735
PG01547	0.26726139139867	0.26726139139867	0.26726139139867	0.26726139139867
PG01548	0.290781763451735	0.290781763451735	0.290781763451735	0.290781763451735
PG01549	0.301652289139559	0.301652289139559	0.301652289139559	0.301652289139559
PG01551	0.422105044491219	0.422105044491219	0.422105044491219	0.422105044491219
PG01552	0.452725513042002	0.452725513042002	0.452725513042002	0.452725513042002
PG01553	0.268371767746249	0.268371767746249	0.268371767746249	0.268371767746249
PG01554	0.26599561634599	0.26599561634599	0.26599561634599	0.26599561634599
PG01555	0.251548770678111	0.251548770678111	0.251548770678111	0.251548770678111
PG01556	0.260003559780623	0.260003559780623	0.260003559780623	0.260003559780623
PG01557	0.238688366541906	0.238688366541906	0.238688366541906	0.238688366541906
PG01559	0.25465018733658	0.25465018733658	0.25465018733658	0.25465018733658
PG01560	0.303268962061155	0.303268962061155	0.303268962061155	0.303268962061155
PG01561	0.249007600892959	0.249007600892959	0.249007600892959	0.249007600892959
PG01564	0.265698794974631	0.265698794974631	0.265698794974631	0.265698794974631
PG01564b	0.278513254110644	0.278513254110644	0.278513254110644	0.278513254110644
PG01565	0.283233951112257	0.283233951112257	0.283233951112257	0.283233951112257
PG01567	0.306296690875637	0.306296690875637	0.306296690875637	0.306296690875637
PG01568	0.277806853465645	0.277806853465645	0.277806853465645	0.277806853465645
PG01569	0.278666537576947	0.278666537576947	0.278666537576947	0.278666537576947
PG01570	0.26600800461241	0.26600800461241	0.26600800461241	0.26600800461241
PG01571	0.267357020337656	0.267357020337656	0.267357020337656	0.267357020337656
PG01572	0.283716915896925	0.283716915896925	0.283716915896925	0.283716915896925
PG01573	0.261672079585185	0.261672079585185	0.261672079585185	0.261672079585185
PG01575	0.277919460913882	0.277919460913882	0.277919460913882	0.277919460913882
PG01577	0.30369756022541	0.30369756022541	0.30369756022541	0.30369756022541
PG01578	0.283599242069627	0.283599242069627	0.283599242069627	0.283599242069627
PG01579	0.377360870883418	0.377360870883418	0.377360870883418	0.377360870883418
PG01580	0.263699460647494	0.263699460647494	0.263699460647494	0.263699460647494
PG01581	0.408240988742655	0.408240988742655	0.408240988742655	0.408240988742655
PG01582	0.385973508322671	0.385973508322671	0.385973508322671	0.385973508322671
PG01584	0.397448857676574	0.397448857676574	0.397448857676574	0.397448857676574
PG01586	0.289489488554674	0.289489488554674	0.289489488554674	0.289489488554674
PG01587	0.250430060870902	0.250430060870902	0.250430060870902	0.250430060870902
PG01588	0.278421274880112	0.278421274880112	0.278421274880112	0.278421274880112
PG01590	0.278302294012504	0.278302294012504	0.278302294012504	0.278302294012504
PG01591	0.254691233531338	0.254691233531338	0.254691233531338	0.254691233531338
PG01593	0.392156363413314	0.392156363413314	0.392156363413314	0.392156363413314
PG01596	0.319789054567822	0.319789054567822	0.319789054567822	0.319789054567822
PG01597	0.256485672197563	0.256485672197563	0.256485672197563	0.256485672197563
PG01599	0.305310849069041	0.305310849069041	0.305310849069041	0.305310849069041
PG01600	0.28690272820381	0.28690272820381	0.28690272820381	0.28690272820381
PG01601	0.267414874515605	0.267414874515605	0.267414874515605	0.267414874515605
PG01602	0.261883002660191	0.261883002660191	0.261883002660191	0.261883002660191
PG01603	0.272601429303455	0.272601429303455	0.272601429303455	0.272601429303455
PG01603b	0.257008063123632	0.257008063123632	0.257008063123632	0.257008063123632
PG01605	0.258096397989858	0.258096397989858	0.258096397989858	0.258096397989858
PG01606	0.270177966869295	0.270177966869295	0.270177966869295	0.270177966869295
PG01607	0.300296235217694	0.300296235217694	0.300296235217694	0.300296235217694
PG01608	0.420574433781496	0.420574433781496	0.420574433781496	0.420574433781496
PG01610	0.283843694992252	0.283843694992252	0.283843694992252	0.283843694992252
PG01611	0.272413954453514	0.272413954453514	0.272413954453514	0.272413954453514
PG01612b	0.335769721702026	0.335769721702026	0.335769721702026	0.335769721702026
PG01613	0.277975777413047	0.277975777413047	0.277975777413047	0.277975777413047
PG01614	0.252030590488744	0.252030590488744	0.252030590488744	0.252030590488744
PG01615	0.276709907283436	0.276709907283436	0.276709907283436	0.276709907283436
PG01615b	0.269115815733083	0.269115815733083	0.269115815733083	0.269115815733083
PG01616	0.294109180970499	0.294109180970499	0.294109180970499	0.294109180970499
PG01617	0.278035446704528	0.278035446704528	0.278035446704528	0.278035446704528
PG01619	0.267485281011354	0.267485281011354	0.267485281011354	0.267485281011354
PG01620	0.261499168462788	0.261499168462788	0.261499168462788	0.261499168462788
PG01621	0.273021921679749	0.273021921679749	0.273021921679749	0.273021921679749
PG01623	0.273333189824913	0.273333189824913	0.273333189824913	0.273333189824913
PG01624	0.288750535601621	0.288750535601621	0.288750535601621	0.288750535601621
PG01625	0.301192805334436	0.301192805334436	0.301192805334436	0.301192805334436
PG01626	0.278625432136099	0.278625432136099	0.278625432136099	0.278625432136099
PG01627	0.289462145110355	0.289462145110355	0.289462145110355	0.289462145110355
PG01628	0.254993166456989	0.254993166456989	0.254993166456989	0.254993166456989
PG01629	0.242642774410967	0.242642774410967	0.242642774410967	0.242642774410967
PG01630	0.292142737453601	0.292142737453601	0.292142737453601	0.292142737453601
PG01632	0.299125202056595	0.299125202056595	0.299125202056595	0.299125202056595
PG01633	0.266768701741205	0.266768701741205	0.266768701741205	0.266768701741205
PG01634	0.286777758066005	0.286777758066005	0.286777758066005	0.286777758066005
PG01634b	0.267457099596722	0.267457099596722	0.267457099596722	0.267457099596722
PG01635	0.274940203540855	0.274940203540855	0.274940203540855	0.274940203540855
PG01637	0.254353592216761	0.254353592216761	0.254353592216761	0.254353592216761
PG01639	0.423163170222574	0.423163170222574	0.423163170222574	0.423163170222574
PG01640	0.270052398810827	0.270052398810827	0.270052398810827	0.270052398810827
PG01641	0.295847505832259	0.295847505832259	0.295847505832259	0.295847505832259
PG01642	0.278195495197759	0.278195495197759	0.278195495197759	0.278195495197759
PG01643	0.311865298533999	0.311865298533999	0.311865298533999	0.311865298533999
PG01645	0.27573040127843	0.27573040127843	0.27573040127843	0.27573040127843
PG01646	0.321743842338119	0.321743842338119	0.321743842338119	0.321743842338119
PG01646b	0.271399743524789	0.271399743524789	0.271399743524789	0.271399743524789
PG01648	0.273076395958088	0.273076395958088	0.273076395958088	0.273076395958088
PG01649	0.287359924300885	0.287359924300885	0.287359924300885	0.287359924300885
PG01650	0.268587487316241	0.268587487316241	0.268587487316241	0.268587487316241
PG01651	0.289569090480415	0.289569090480415	0.289569090480415	0.289569090480415
PG01652	0.276907414019289	0.276907414019289	0.276907414019289	0.276907414019289
PG01653	0.28946568252239	0.28946568252239	0.28946568252239	0.28946568252239
PG01654	0.291117448911466	0.291117448911466	0.291117448911466	0.291117448911466
PG01655	0.309190647083284	0.309190647083284	0.309190647083284	0.309190647083284
PG01656	0.291801190657221	0.291801190657221	0.291801190657221	0.291801190657221
PG01657	0.271341717569594	0.271341717569594	0.271341717569594	0.271341717569594
PG01657b	0.355063200847804	0.355063200847804	0.355063200847804	0.355063200847804
PG01658	0.273711948159255	0.273711948159255	0.273711948159255	0.273711948159255
PG01660	0.265768108127139	0.265768108127139	0.265768108127139	0.265768108127139
PG01661	0.289138697367047	0.289138697367047	0.289138697367047	0.289138697367047
PG01662	0.26777486755538	0.26777486755538	0.26777486755538	0.26777486755538
PG01663	0.245706523738264	0.245706523738264	0.245706523738264	0.245706523738264
PG01664	0.375166518008481	0.375166518008481	0.375166518008481	0.375166518008481
PG01665	0.262552219900258	0.262552219900258	0.262552219900258	0.262552219900258
PG01666	0.286226602771615	0.286226602771615	0.286226602771615	0.286226602771615
PG01667	0.282149685622888	0.282149685622888	0.282149685622888	0.282149685622888
PG01668	0.35229336719693	0.35229336719693	0.35229336719693	0.35229336719693
PG01669	0.26129205426549	0.26129205426549	0.26129205426549	0.26129205426549
PG01670	0.32576008538098	0.32576008538098	0.32576008538098	0.32576008538098
PG01672	0.261685126384836	0.261685126384836	0.261685126384836	0.261685126384836
PG01673	0.268469719663472	0.268469719663472	0.268469719663472	0.268469719663472
PG01675	0.271219391960095	0.271219391960095	0.271219391960095	0.271219391960095
PG01676	0.262654943310658	0.262654943310658	0.262654943310658	0.262654943310658
PG01677	0.28389660176267	0.28389660176267	0.28389660176267	0.28389660176267
PG01679	0.270063387559638	0.270063387559638	0.270063387559638	0.270063387559638
PG01680	0.238957683712735	0.238957683712735	0.238957683712735	0.238957683712735
PG01682	0.281990303050196	0.281990303050196	0.281990303050196	0.281990303050196
PG01683	0.324069314360218	0.324069314360218	0.324069314360218	0.324069314360218
PG01684	0.277773171953332	0.277773171953332	0.277773171953332	0.277773171953332
PG01685	0.751072832092838	0.751072832092838	0.751072832092838	0.751072832092838
PG01686	0.255759406366411	0.255759406366411	0.255759406366411	0.255759406366411
PG01687	0.250134852168941	0.250134852168941	0.250134852168941	0.250134852168941
PG01688	0.290670700995751	0.290670700995751	0.290670700995751	0.290670700995751
PG01689	0.32549071389697	0.32549071389697	0.32549071389697	0.32549071389697
PG01690	0.258242559163214	0.258242559163214	0.258242559163214	0.258242559163214
PG01691	0.294427432049202	0.294427432049202	0.294427432049202	0.294427432049202
PG01693	0.271855627340111	0.271855627340111	0.271855627340111	0.271855627340111
PG01694	0.290594528951335	0.290594528951335	0.290594528951335	0.290594528951335
PG01696	0.2529616649165	0.2529616649165	0.2529616649165	0.2529616649165
PG01697	0.406422575317227	0.406422575317227	0.406422575317227	0.406422575317227
PG01699	0.278221528584671	0.278221528584671	0.278221528584671	0.278221528584671
PG01700	0.314550900508216	0.314550900508216	0.314550900508216	0.314550900508216
PG01701	0.264317814645811	0.264317814645811	0.264317814645811	0.264317814645811
PG01702	0.360418766047206	0.360418766047206	0.360418766047206	0.360418766047206
PG01705	0.296743800957784	0.296743800957784	0.296743800957784	0.296743800957784
PG01705b	0.269574573683196	0.269574573683196	0.269574573683196	0.269574573683196
PG01706	0.261439167587607	0.261439167587607	0.261439167587607	0.261439167587607
PG01708	0.299398940376263	0.299398940376263	0.299398940376263	0.299398940376263
PG01709	0.276762794956663	0.276762794956663	0.276762794956663	0.276762794956663
PG01710	0.274930782382891	0.274930782382891	0.274930782382891	0.274930782382891
PG01711	0.290130848138235	0.290130848138235	0.290130848138235	0.290130848138235
PG01712	0.278487104716898	0.278487104716898	0.278487104716898	0.278487104716898
PG01713	0.262436054101251	0.262436054101251	0.262436054101251	0.262436054101251
PG01714	0.272211891463205	0.272211891463205	0.272211891463205	0.272211891463205
PG01715	0.314189583549366	0.314189583549366	0.314189583549366	0.314189583549366
PG01716	0.279806659425746	0.279806659425746	0.279806659425746	0.279806659425746
PG01716b	0.255707252354901	0.255707252354901	0.255707252354901	0.255707252354901
PG01717	0.304801007652701	0.304801007652701	0.304801007652701	0.304801007652701
PG01718	0.275761645688881	0.275761645688881	0.275761645688881	0.275761645688881
PG01721	0.291142467066816	0.291142467066816	0.291142467066816	0.291142467066816
PG01723	0.276873698388172	0.276873698388172	0.276873698388172	0.276873698388172
PG01724	0.401840763870891	0.401840763870891	0.401840763870891	0.401840763870891
PG01725	0.302249322239683	0.302249322239683	0.302249322239683	0.302249322239683
PG01726	0.255678535753357	0.255678535753357	0.255678535753357	0.255678535753357
PG01727	0.270727448267994	0.270727448267994	0.270727448267994	0.270727448267994
PG01728	0.88090848224595	0.88090848224595	0.88090848224595	0.88090848224595
PG01729	0.277033137960261	0.277033137960261	0.277033137960261	0.277033137960261
PG01730	0.303311970072538	0.303311970072538	0.303311970072538	0.303311970072538
PG01732	0.317793090309718	0.317793090309718	0.317793090309718	0.317793090309718
PG01733	0.271716608382337	0.271716608382337	0.271716608382337	0.271716608382337
PG01734	0.28928461359374	0.28928461359374	0.28928461359374	0.28928461359374
PG01735	0.270341105005199	0.270341105005199	0.270341105005199	0.270341105005199
PG01737	0.262250615192697	0.262250615192697	0.262250615192697	0.262250615192697
PG01739	0.265864212449463	0.265864212449463	0.265864212449463	0.265864212449463
PG01740	0.29515586159521	0.29515586159521	0.29515586159521	0.29515586159521
PG01741	0.282701738019038	0.282701738019038	0.282701738019038	0.282701738019038
PG01742	0.284404084420588	0.284404084420588	0.284404084420588	0.284404084420588
PG01743	0.275362741140291	0.275362741140291	0.275362741140291	0.275362741140291
PG01744	0.408936568059477	0.408936568059477	0.408936568059477	0.408936568059477
PG01745	0.300375325462351	0.300375325462351	0.300375325462351	0.300375325462351
PG01746	0.294976082309457	0.294976082309457	0.294976082309457	0.294976082309457
PG01747	0.246487661522776	0.246487661522776	0.246487661522776	0.246487661522776
PG01749	0.262779214590987	0.262779214590987	0.262779214590987	0.262779214590987
PG01750	0.264424419597508	0.264424419597508	0.264424419597508	0.264424419597508
PG01751	0.347733867682315	0.347733867682315	0.347733867682315	0.347733867682315
PG01752	0.256158999908311	0.256158999908311	0.256158999908311	0.256158999908311
PG01753	0.279730679881188	0.279730679881188	0.279730679881188	0.279730679881188
PG01754	0.274445581657103	0.274445581657103	0.274445581657103	0.274445581657103
PG01755	0.271296586923257	0.271296586923257	0.271296586923257	0.271296586923257
PG01756	0.285905923651456	0.285905923651456	0.285905923651456	0.285905923651456
PG01757	0.272140385494747	0.272140385494747	0.272140385494747	0.272140385494747
PG01758	0.245188440707082	0.245188440707082	0.245188440707082	0.245188440707082
PG01759	0.451009745892881	0.451009745892881	0.451009745892881	0.451009745892881
PG01760	0.282540288193173	0.282540288193173	0.282540288193173	0.282540288193173
PG01761	0.315582298878688	0.315582298878688	0.315582298878688	0.315582298878688
PG01762	0.278295187958371	0.278295187958371	0.278295187958371	0.278295187958371
PG01763	0.249733782658184	0.249733782658184	0.249733782658184	0.249733782658184
PG01764	0.276925285976473	0.276925285976473	0.276925285976473	0.276925285976473
PG01764b	0.246955039535893	0.246955039535893	0.246955039535893	0.246955039535893
PG01765	0.507182071372519	0.507182071372519	0.507182071372519	0.507182071372519
PG01766	0.313607310557656	0.313607310557656	0.313607310557656	0.313607310557656
PG01767	0.248493092351593	0.248493092351593	0.248493092351593	0.248493092351593
PG01768	0.266581132632878	0.266581132632878	0.266581132632878	0.266581132632878
PG01770	0.276133957007325	0.276133957007325	0.276133957007325	0.276133957007325
PG01771	0.25614659940319	0.25614659940319	0.25614659940319	0.25614659940319
PG01772	0.31419816985405	0.31419816985405	0.31419816985405	0.31419816985405
PG01773	0.278760947365753	0.278760947365753	0.278760947365753	0.278760947365753
PG01775	0.255942957415877	0.255942957415877	0.255942957415877	0.255942957415877
PG01777	0.299280389705711	0.299280389705711	0.299280389705711	0.299280389705711
PG01778	0.271089354105864	0.271089354105864	0.271089354105864	0.271089354105864
PG01779	0.271715572354084	0.271715572354084	0.271715572354084	0.271715572354084
PG01780	0.267495471723281	0.267495471723281	0.267495471723281	0.267495471723281
PG01781	0.339247446054882	0.339247446054882	0.339247446054882	0.339247446054882
PG01783	0.341759955833041	0.341759955833041	0.341759955833041	0.341759955833041
PG01784	1.10945871077816	1.10945871077816	1.10945871077816	1.10945871077816
PG01785	0.278289201917801	0.278289201917801	0.278289201917801	0.278289201917801
PG01786	0.254301060958497	0.254301060958497	0.254301060958497	0.254301060958497
PG01787	0.283798873938322	0.283798873938322	0.283798873938322	0.283798873938322
PG01788	0.28630095838813	0.28630095838813	0.28630095838813	0.28630095838813
PG01788b	0.301919644933883	0.301919644933883	0.301919644933883	0.301919644933883
PG01789	0.28045983993126	0.28045983993126	0.28045983993126	0.28045983993126
PG01790	0.379296746688089	0.379296746688089	0.379296746688089	0.379296746688089
PG01791	0.272626320272708	0.272626320272708	0.272626320272708	0.272626320272708
PG01792	0.270608196478029	0.270608196478029	0.270608196478029	0.270608196478029
PG01794	0.513271988173125	0.513271988173125	0.513271988173125	0.513271988173125
PG01795	0.298268957211428	0.298268957211428	0.298268957211428	0.298268957211428
PG01796	0.251433035078182	0.251433035078182	0.251433035078182	0.251433035078182
PG01796b	0.277888275619983	0.277888275619983	0.277888275619983	0.277888275619983
PG01797	0.261264606402877	0.261264606402877	0.261264606402877	0.261264606402877
PG01798	0.262171709144143	0.262171709144143	0.262171709144143	0.262171709144143
PG01799	0.253998662411052	0.253998662411052	0.253998662411052	0.253998662411052
PG01800	0.280044064855547	0.280044064855547	0.280044064855547	0.280044064855547
PG01801	0.264447321846564	0.264447321846564	0.264447321846564	0.264447321846564
PG01804	0.258387422517545	0.258387422517545	0.258387422517545	0.258387422517545
PG01805	0.295105749972747	0.295105749972747	0.295105749972747	0.295105749972747
PG01806	0.299723980651482	0.299723980651482	0.299723980651482	0.299723980651482
PG01807	0.300304111443206	0.300304111443206	0.300304111443206	0.300304111443206
PG01807b	0.266998955330012	0.266998955330012	0.266998955330012	0.266998955330012
PG01808	0.292386236482317	0.292386236482317	0.292386236482317	0.292386236482317
PG01809	0.272628456502411	0.272628456502411	0.272628456502411	0.272628456502411
PG01810	0.294008866745561	0.294008866745561	0.294008866745561	0.294008866745561
PG01812	0.276562922341979	0.276562922341979	0.276562922341979	0.276562922341979
PG01813	0.253313703758668	0.253313703758668	0.253313703758668	0.253313703758668
PG01814	0.273487984076608	0.273487984076608	0.273487984076608	0.273487984076608
PG01815	0.263456918023505	0.263456918023505	0.263456918023505	0.263456918023505
PG01816	0.281933823147271	0.281933823147271	0.281933823147271	0.281933823147271
PG01817	0.329472874495652	0.329472874495652	0.329472874495652	0.329472874495652
PG01818	0.448075254326787	0.448075254326787	0.448075254326787	0.448075254326787
PG01819	0.364628671623334	0.364628671623334	0.364628671623334	0.364628671623334
PG01820	0.294390636477453	0.294390636477453	0.294390636477453	0.294390636477453
PG01821	0.279063536406265	0.279063536406265	0.279063536406265	0.279063536406265
PG01822	0.283075885892425	0.283075885892425	0.283075885892425	0.283075885892425
PG01823	0.287174614946582	0.287174614946582	0.287174614946582	0.287174614946582
PG01824	0.281063107417171	0.281063107417171	0.281063107417171	0.281063107417171
PG01826	0.275768028557731	0.275768028557731	0.275768028557731	0.275768028557731
PG01827	0.29823007800845	0.29823007800845	0.29823007800845	0.29823007800845
PG01828	0.281630770365234	0.281630770365234	0.281630770365234	0.281630770365234
PG01829	0.319338725507576	0.319338725507576	0.319338725507576	0.319338725507576
PG01830	0.287509140820744	0.287509140820744	0.287509140820744	0.287509140820744
PG01831	0.287694700372884	0.287694700372884	0.287694700372884	0.287694700372884
PGSHARED0001	0.237346104413781	0.237346104413781	0.237346104413781	0.237346104413781
PGSHARED0002	0.246835621843544	0.246835621843544	0.246835621843544	0.246835621843544
PGSHARED0004	0.280209680774508	0.280209680774508	0.280209680774508	0.280209680774508
PGSHARED0005	0.278424797550798	0.278424797550798	0.278424797550798	0.278424797550798
PGSHARED0006	0.30096624006388	0.30096624006388	0.30096624006388	0.30096624006388
PGSHARED0007	0.279303416135693	0.279303416135693	0.279303416135693	0.279303416135693
PGSHARED0008	0.285427364220377	0.285427364220377	0.285427364220377	0.285427364220377
PGSHARED0009	0.264675513247278	0.264675513247278	0.264675513247278	0.264675513247278
PGSHARED0010	0.281391770427247	0.281391770427247	0.281391770427247	0.281391770427247
PGSHARED0011	0.258301126140342	0.258301126140342	0.258301126140342	0.258301126140342
PGSHARED0012	0.283627713465144	0.283627713465144	0.283627713465144	0.283627713465144
PGSHARED0013	0.277064461210579	0.277064461210579	0.277064461210579	0.277064461210579
PGSHARED0014	0.265125187744301	0.265125187744301	0.265125187744301	0.265125187744301
PGSHARED0015	0.271181297909906	0.271181297909906	0.271181297909906	0.271181297909906
PGSHARED0016	0.291689810383789	0.291689810383789	0.291689810383789	0.291689810383789
PGSHARED0017	0.280365937709849	0.280365937709849	0.280365937709849	0.280365937709849
PGSHARED0018	0.296897076417693	0.296897076417693	0.296897076417693	0.296897076417693
PGSHARED0019	0.286243603210567	0.286243603210567	0.286243603210567	0.286243603210567
PGSHARED0020	0.285338439226176	0.285338439226176	0.285338439226176	0.285338439226176
PGSHARED0021	0.268201658440036	0.268201658440036	0.268201658440036	0.268201658440036
PGSHARED0022	0.253485522819999	0.253485522819999	0.253485522819999	0.253485522819999
PGSHARED0023	0.263072394897533	0.263072394897533	0.263072394897533	0.263072394897533
PGSHARED0024	0.264370564623362	0.264370564623362	0.264370564623362	0.264370564623362
PGSHARED0025	0.311493401537528	0.311493401537528	0.311493401537528	0.311493401537528
PGSHARED0026	0.277173759090161	0.277173759090161	0.277173759090161	0.277173759090161
PGSHARED0029	0.300630115934218	0.300630115934218	0.300630115934218	0.300630115934218
PGSHARED0030	0.263145631997345	0.263145631997345	0.263145631997345	0.263145631997345
PGSHARED0031	0.265824484448537	0.265824484448537	0.265824484448537	0.265824484448537
PGSHARED0032	0.271418220656874	0.271418220656874	0.271418220656874	0.271418220656874
PGSHARED0033	0.250315221023877	0.250315221023877	0.250315221023877	0.250315221023877
PGSHARED0034	0.260581839540744	0.260581839540744	0.260581839540744	0.260581839540744
PGSHARED0036	0.251228683809481	0.251228683809481	0.251228683809481	0.251228683809481
PGSHARED0037	0.272485727337008	0.272485727337008	0.272485727337008	0.272485727337008
PGSHARED0038	0.278992782025682	0.278992782025682	0.278992782025682	0.278992782025682
PGSHARED0039	0.273072695395367	0.273072695395367	0.273072695395367	0.273072695395367
PGSHARED0040	0.27857380715838	0.27857380715838	0.27857380715838	0.27857380715838
PGSHARED0041	0.268333381047238	0.268333381047238	0.268333381047238	0.268333381047238
PGSHARED0042	0.2506846882099	0.2506846882099	0.2506846882099	0.2506846882099
PGSHARED0043	0.271486423371529	0.271486423371529	0.271486423371529	0.271486423371529
PGSHARED0044	0.262134053940258	0.262134053940258	0.262134053940258	0.262134053940258
PGSHARED0045	0.294772089738422	0.294772089738422	0.294772089738422	0.294772089738422
PGSHARED0046	0.290534322149111	0.290534322149111	0.290534322149111	0.290534322149111
PGSHARED0047	0.310796516135984	0.310796516135984	0.310796516135984	0.310796516135984
PGSHARED0048	0.25390866879763	0.25390866879763	0.25390866879763	0.25390866879763
PGSHARED0049	0.254033863609121	0.254033863609121	0.254033863609121	0.254033863609121
PGSHARED0050	0.259575877084258	0.259575877084258	0.259575877084258	0.259575877084258
PGSHARED0051	0.290488201502124	0.290488201502124	0.290488201502124	0.290488201502124
PGSHARED0052	0.310424614199187	0.310424614199187	0.310424614199187	0.310424614199187
PGSHARED0053	0.254030136741065	0.254030136741065	0.254030136741065	0.254030136741065
PGSHARED0054	0.262005773050709	0.262005773050709	0.262005773050709	0.262005773050709
PGSHARED0055	0.273714962033358	0.273714962033358	0.273714962033358	0.273714962033358
PGSHARED0056	0.37648392995929	0.37648392995929	0.37648392995929	0.37648392995929
PGSHARED0058	0.245601137040044	0.245601137040044	0.245601137040044	0.245601137040044
PGSHARED0059	0.282037689012604	0.282037689012604	0.282037689012604	0.282037689012604
PGSHARED0060	0.260818697094974	0.260818697094974	0.260818697094974	0.260818697094974
PGSHARED0061	0.289329039632712	0.289329039632712	0.289329039632712	0.289329039632712
PGSHARED0062	0.333682620943031	0.333682620943031	0.333682620943031	0.333682620943031
PGSHARED0063	0.26555546533621	0.26555546533621	0.26555546533621	0.26555546533621
PGSHARED0064	0.270859430876527	0.270859430876527	0.270859430876527	0.270859430876527
PGSHARED0065	0.275878495954163	0.275878495954163	0.275878495954163	0.275878495954163
PGSHARED0066	0.299636929004977	0.299636929004977	0.299636929004977	0.299636929004977
PGSHARED0067	0.296503461536884	0.296503461536884	0.296503461536884	0.296503461536884
PGSHARED0068	0.291268781633679	0.291268781633679	0.291268781633679	0.291268781633679
PGSHARED0069	0.272244210930867	0.272244210930867	0.272244210930867	0.272244210930867
PGSHARED0070	0.274499531789337	0.274499531789337	0.274499531789337	0.274499531789337
PGSHARED0071	0.269033207252605	0.269033207252605	0.269033207252605	0.269033207252605
PGSHARED0072	0.276536978916161	0.276536978916161	0.276536978916161	0.276536978916161
PGSHARED0073	0.281651078341669	0.281651078341669	0.281651078341669	0.281651078341669
