feature_id	t0	t6	t24	t48
ENSG00000003	0.482525813407652	0.0407939695505926	0.799196031189439	0.999391700223044
ENSG00000012	0.998958733508448	0.64257733579811	0.756055043026967	0.751353313445092
ENSG00000015	0.798050853378911	0.946211211193814	0.0155487793234123	0.0432341574547822
ENSG00000018	0.998958733508448	0.855212803879092	0.232812966459167	0.789820086602553
ENSG00000019	0.998958733508448	0.11505805953497	0.351672037365822	0.809399405216552
ENSG00000020	0.998958733508448	0.917738962759955	0.971700167292095	0.426567267996461
ENSG00000024	0.998958733508448	0.408340347892515	0.944814088491187	0.329840034048797
ENSG00000025	0.998958733508448	0.96963314871066	0.497181500359738	0.951815242593299
ENSG00000029	0.998958733508448	0.92458922397994	0.546404259012508	0.642162029454906
ENSG00000031	0.998958733508448	0.855212803879092	0.000905484147564741	0.000233595813249468
ENSG00000034	0.998958733508448	0.604976765282714	0.967422144586947	0.567418570607504
ENSG00000035	0.998958733508448	0.868857177912341	0.921641296242288	0.363977829467904
ENSG00000036	0.998958733508448	0.677803046262941	0.931936777165033	0.91628841908428
ENSG00000037	0.998958733508448	0.989520329826775	0.838236326522255	0.842102725931855
ENSG00000041	0.998958733508448	0.963703109244201	0.918439579578949	0.72416307500952
ENSG00000042	0.998958733508448	0.934059143600812	0.955751018896573	0.807514740144898
ENSG00000043	0.998958733508448	0.689510369801641	0.777399412115796	0.323754000064087
ENSG00000044	0.998958733508448	0.867830729033218	1.38836010211008e-06	2.66251499820399e-07
ENSG00000047	0.998958733508448	0.601336048972217	0.935309757665611	0.172682215398892
ENSG00000048	0.998958733508448	0.994029304591727	0.844029434164405	0.834569477849731
ENSG00000050	0.828234454894704	0.847077280540236	0.944814088491187	0.697586059474082
ENSG00000051	0.998958733508448	0.263874726062743	0.916146714199235	0.713389011310568
ENSG00000058	0.998958733508448	0.923534063756894	0.822960173256222	0.340978472547393
ENSG00000060	0.93568861095667	0.868857177912341	0.950364821546123	0.595809158884932
ENSG00000067	0.998958733508448	0.842080716533683	0.168574963095581	0.391801493562837
ENSG00000068	0.998958733508448	0.950284377271542	0.989636670800845	0.730311456929346
ENSG00000077	0.998958733508448	0.574144565701386	0.935309757665611	0.537937054203748
ENSG00000078	0.998958733508448	0.53848078503519	0.137745189367247	0.655251029003324
ENSG00000082	0.998958733508448	0.439479451930788	0.0360765123360031	0.000494044290600483
ENSG00000085	0.998958733508448	0.994029304591727	0.35308294560001	0.743719824894452
ENSG00000088	0.998958733508448	0.756014935694308	0.000413210712758628	0.336037833680179
ENSG00000089	0.998958733508448	0.715456811116257	0.759158865171102	0.332389915782603
ENSG00000093	0.998958733508448	0.99692385327154	0.916146714199235	0.695982262365149
ENSG00000094	0.998958733508448	0.971603748165927	0.354403986261282	0.809399405216552
ENSG00000095	0.998958733508448	0.587608340224897	0.0001851253863748	0.176240255601918
ENSG00000096	0.715001442191393	0.989520329826775	0.848456298247652	0.445810192228902
ENSG00000100	0.0123487508225004	0.892725504293575	0.00311273706547817	0.0078149792772327
ENSG00000101	0.617386643011917	0.942244388818565	0.0642281432163408	0.890296895689865
ENSG00000102	0.998958733508448	0.649366664763086	0.235183006458587	0.000828549314884161
ENSG00000109	0.998958733508448	0.981684264338143	0.907874301860375	0.170694368761637
ENSG00000111	0.998958733508448	0.989520329826775	0.721649642344391	0.932708647290583
ENSG00000112	0.998958733508448	0.971361553295389	0.777399412115796	0.969738754895777
ENSG00000114	0.998958733508448	0.843195336096904	0.894773214836892	0.332193097525591
ENSG00000116	0.998958733508448	0.0211667303932109	0.393083562476091	0.927813565582824
ENSG00000119	0.998958733508448	1.08774601099994e-05	0.420979326136293	0.551150982440807
ENSG00000120	0.998958733508448	0.2692405385754	0.926240246014156	0.336714361668225
ENSG00000122	0.998958733508448	0.847077280540236	0.600845245798649	0.330143527765695
ENSG00000123	0.998958733508448	0.96963314871066	0.234821771020669	0.591080617996388
ENSG00000125	0.998958733508448	0.635166462426236	0.979487240201288	0.413462553514464
ENSG00000126	0.998958733508448	0.290562934412222	0.000263497768069959	0.000150764465631794
ENSG00000129	0.998958733508448	0.808712394300221	0.955751018896573	0.332389915782603
ENSG00000134	0.998958733508448	0.745243066241883	0.903117654701586	0.54628705669528
ENSG00000136	0.998958733508448	0.936980249880012	0.0159272986516461	0.585159047813321
ENSG00000138	0.998958733508448	0.548405184217436	0.687286860018647	0.700424460824797
ENSG00000141	0.998958733508448	0.474618480516214	0.615558900274477	0.866766359872404
ENSG00000145	0.998958733508448	0.688220669971576	0.48841461963334	0.0720477741095033
ENSG00000149	0.760521494667795	0.689510369801641	0.95305452615754	0.119051882397061
ENSG00000155	0.998958733508448	0.932451859901917	0.764301244646489	0.931387899339768
ENSG00000156	0.869184339338971	0.00110435441115394	7.90331846548613e-09	3.65917314414206e-09
ENSG00000157	0.257676381540202	0.555595877441171	0.338114817462125	0.00131130790985622
ENSG00000160	0.998958733508448	0.965163094128348	0.161923550653606	0.531030741682541
ENSG00000162	0.998958733508448	0.925370549259049	0.484083759741787	0.743719824894452
ENSG00000163	0.869601743711941	0.496399173141803	0.0121181608953776	0.248748395496992
ENSG00000164	0.998958733508448	0.529917491449084	0.777399412115796	0.981581047181005
ENSG00000166	0.998958733508448	0.963703109244201	0.758982412539493	0.550078884266647
ENSG00000168	0.998958733508448	0.776669017818828	0.551156741049817	0.746379853106883
ENSG00000177	0.998958733508448	0.935598838385827	0.189875633072794	0.728436103907494
ENSG00000178	0.902200757461706	0.968108730543495	0.973787687567693	0.805038866557324
ENSG00000180	0.998958733508448	0.010850494218151	0.12042638033962	0.849605939434536
ENSG00000186	0.998958733508448	0.315021370333695	1.68584692606529e-08	1.13222357808843e-08
ENSG00000188	0.998958733508448	0.0744369834034678	0.682369757838546	0.483191314627159
ENSG00000190	0.998958733508448	0.759771045455398	0.225231586242942	0.782187131965182
ENSG00000192	0.998958733508448	0.843195336096904	0.952399007915548	0.809399405216552
ENSG00000194	0.998958733508448	0.307574772256372	0.467741778945797	0.447211180989587
ENSG00000196	0.998958733508448	0.919218019141795	0.00144228220972566	0.000265768292881219
ENSG00000197	0.998958733508448	0.925370549259049	0.115926331425186	0.989129404551221
ENSG00000198	0.998958733508448	0.878658103118266	0.00623506651521949	4.04640523375447e-06
ENSG00000199	0.998958733508448	0.936980249880012	0.0439432692414213	0.000265768292881219
ENSG00000203	0.998958733508448	0.842080716533683	0.794831405740157	0.133053049609188
ENSG00000206	0.998958733508448	0.934059143600812	0.838236326522255	0.110425553428789
ENSG00000207	0.998958733508448	0.989520329826775	0.987436715187169	0.655251029003324
ENSG00000209	0.998958733508448	0.0686349099529025	0.825221634015907	0.629210264519401
ENSG00000210	0.998958733508448	0.692940408722222	0.90418669484677	0.80485955656769
ENSG00000211	0.998958733508448	0.963703109244201	0.230528245560308	0.978854510072521
ENSG00000213	0.998958733508448	0.752701428499627	0.433662362545055	0.0210506417918188
ENSG00000214	0.998958733508448	0.609955881525679	0.010707084271784	0.000516902633712649
ENSG00000215	0.998958733508448	0.847077280540236	0.680890091778692	0.932708647290583
ENSG00000219	0.998958733508448	0.745561603498912	0.918439579578949	0.649708436338613
ENSG00000220	0.998958733508448	0.006965795954003	1.33145029434977e-08	2.77590990449783e-10
ENSG00000221	0.998958733508448	0.608449606850906	0.887451256750087	0.476876186166272
ENSG00000222	0.998958733508448	0.900002246351507	0.126067297833466	0.766522828069637
ENSG00000223	0.998958733508448	0.882782094641725	7.93533069703448e-14	0.292394450564316
ENSG00000225	0.998958733508448	0.756014935694308	0.918439579578949	0.123173200752169
ENSG00000227	0.998958733508448	0.555595877441171	0.850169827213226	0.789876830608927
ENSG00000228	0.998958733508448	0.000155945183265048	2.73793450698822e-08	0.000591761724567894
ENSG00000232	0.998958733508448	0.215634368801203	0.344711875769435	0.866766359872404
ENSG00000233	0.998958733508448	0.117935738506088	0.952399007915548	0.78451058134775
ENSG00000235	0.998958733508448	0.555595877441171	0.0817004802953483	0.0210506417918188
ENSG00000240	0.998958733508448	0.983027942935103	0.606174305226772	0.439454015584223
ENSG00000242	0.998958733508448	0.548553129614054	0.116158262977034	0.00388349217327586
ENSG00000246	0.998958733508448	0.843458579454085	0.00281988175027733	0.782187131965182
ENSG00000247	0.998958733508448	0.606763969889523	0.357518682521125	0.99312353866458
ENSG00000248	0.998958733508448	0.760212350494558	7.58633957560066e-06	1.13222357808843e-08
ENSG00000251	0.998958733508448	0.756014935694308	0.879358472965537	0.496272455213478
ENSG00000254	0.998958733508448	0.683894923410552	0.0203645539276777	0.989129404551221
ENSG00000256	0.998958733508448	0.140107133377856	0.480674749342576	0.877556885803438
ENSG00000257	0.998958733508448	0.983027942935103	0.918439579578949	0.329840034048797
ENSG00000259	0.998958733508448	0.919218019141795	0.000303615593514601	0.0983677265793541
ENSG00000261	0.998958733508448	0.872611265425714	0.955751018896573	0.622848210114912
ENSG00000262	0.998958733508448	0.548405184217436	0.0489256524839692	0.00192859161254182
ENSG00000268	0.998958733508448	1.44472530456946e-08	0.329608444209161	0.775442732127834
ENSG00000270	0.998958733508448	0.86252039076644	0.122610447318284	0.951815242593299
ENSG00000283	0.998958733508448	0.92122677650148	0.000881167013906716	2.98718478711435e-05
ENSG00000284	0.998958733508448	0.983027942935103	0.658480837063746	0.684651051232939
ENSG00000286	0.998958733508448	0.91110418338106	0.543450730661755	0.339765095743216
ENSG00000288	0.998958733508448	0.286239124124305	0.116817684865251	0.699991014992803
ENSG00000290	0.998958733508448	0.345013082449909	0.758982412539493	0.404990189348604
ENSG00000291	0.998958733508448	0.506460877046504	0.300277352105669	0.7267355513085
ENSG00000292	0.417324994957747	0.9446625419228	0.768583668072716	0.00406418014065245
ENSG00000299	0.998958733508448	0.939752883435601	0.918439579578949	0.622848210114912
ENSG00000302	0.998958733508448	0.555595877441171	0.96526052655118	0.0316850257923808
ENSG00000303	0.998958733508448	0.238724608454131	0.733561034438631	0.00657946185911542
ENSG00000306	0.998958733508448	0.702480521865857	0.574284298944051	0.344226322357422
ENSG00000308	0.998958733508448	0.979653315691842	0.952399007915548	0.833826042374804
ENSG00000314	0.998958733508448	0.544586077246233	0.00788325539742017	0.589309326125826
ENSG00000318	0.998958733508448	0.960259900615388	0.00203582382801693	0.000643318340942136
ENSG00000320	0.998958733508448	0.782681687700647	0.165588566753705	0.496272455213478
ENSG00000322	0.998958733508448	0.00341066626015855	6.6807734982903e-07	2.98316593740809e-07
ENSG00000323	0.998958733508448	0.963849806961968	0.907874301860375	0.574073049973251
ENSG00000326	0.998958733508448	0.363115110078112	0.351672037365822	0.613792656704155
ENSG00000330	0.998958733508448	0.700543152979715	0.949309574804673	0.823505456886998
ENSG00000332	0.998958733508448	0.791418301466218	0.756761907344664	0.391759996748989
ENSG00000333	0.998958733508448	0.868857177912341	0.596081810921596	0.406775689749315
ENSG00000337	0.998958733508448	0.681893793148251	0.680890091778692	0.908102758181089
ENSG00000338	0.998958733508448	0.96963314871066	0.84049908021094	0.265511590627671
ENSG00000343	0.998958733508448	0.994029304591727	0.556085518931167	0.589309326125826
ENSG00000347	0.998958733508448	0.868857177912341	0.979487240201288	0.231533072181465
ENSG00000349	0.998958733508448	0.855212803879092	0.734770085949704	0.734488297821371
ENSG00000352	0.998958733508448	0.757023094439621	0.973787687567693	0.316811131312233
ENSG00000358	0.998958733508448	0.855212803879092	0.952399007915548	0.849772814604736
ENSG00000359	0.951138790985812	0.882782094641725	0.00213831582356288	0.000837417825876102
ENSG00000361	0.998958733508448	0.913502679907436	0.0342481523177832	0.83594295285473
ENSG00000363	0.998958733508448	0.791418301466218	0.000336985029241533	3.22573478067229e-08
ENSG00000364	0.297607813758101	0.815997332115388	0.413472176453439	0.342174533059464
ENSG00000365	0.998958733508448	0.963703109244201	0.261679925150758	0.65265619331393
ENSG00000366	0.998958733508448	0.927427437579151	0.172201643842539	0.0175716751947772
ENSG00000367	0.743870526852411	0.934059143600812	0.84240926019802	0.030481716517062
ENSG00000368	0.998958733508448	0.442567786297108	0.419383466759823	0.994058426284826
ENSG00000370	0.998958733508448	0.989520329826775	0.755085158086814	0.591080617996388
ENSG00000371	0.998958733508448	0.71746262574768	0.984485636083634	0.00431923425582098
ENSG00000381	0.998958733508448	0.176968482884091	0.00418690135082212	0.530796032998849
ENSG00000384	0.998958733508448	0.994029304591727	0.611516561840495	0.823505456886998
ENSG00000386	0.998958733508448	0.688220669971576	0.657026951357271	0.779831091064759
ENSG00000388	0.998958733508448	0.950584767430676	0.551156741049817	3.68292635465185e-05
ENSG00000390	0.998958733508448	0.843831561513403	0.386037285066163	0.838544300433927
ENSG00000391	0.998958733508448	0.537081126049523	0.101784187210334	0.800233220037431
ENSG00000393	0.998958733508448	0.92122677650148	0.850117494165359	0.997296149954583
ENSG00000397	0.998958733508448	0.663094182624123	0.742868213605279	0.877556885803438
ENSG00000401	0.998958733508448	0.989520329826775	0.937184832085569	0.494198890993994
ENSG00000410	0.933222626062712	0.756014935694308	0.235783878530262	0.316100496810996
ENSG00000411	0.998958733508448	0.983027942935103	0.0259253277976557	0.220113595158044
ENSG00000415	0.998958733508448	0.746321264500423	0.914687050125512	0.734488297821371
ENSG00000417	0.998958733508448	0.975359228373749	0.89908905277951	0.728998462440116
ENSG00000419	0.998958733508448	0.536380497889685	0.415377077032713	0.409167593012086
ENSG00000420	0.809093731263564	0.532853820707071	0.227963235904625	0.000612680399737953
ENSG00000424	0.0166566831741288	0.985431745505728	0.907874301860375	0.332389915782603
ENSG00000425	0.998958733508448	0.881431075019549	0.953981150340943	0.765241776917039
ENSG00000430	0.998958733508448	0.5853616773882	4.82584489695263e-07	2.19654948476163e-06
ENSG00000432	0.998958733508448	0.606763969889523	0.363631103428636	0.00492032177128619
ENSG00000433	0.998958733508448	0.688220669971576	0.452718162536663	0.596710948594203
ENSG00000436	0.998958733508448	0.952889274907284	0.979487240201288	0.203272973846729
ENSG00000437	0.998958733508448	0.963703109244201	0.825407467342967	5.11844946156401e-06
ENSG00000440	0.998958733508448	0.934918974577562	0.805986052295744	0.912614337043757
ENSG00000441	0.998958733508448	0.855212803879092	0.966739653786734	0.51266688947417
ENSG00000443	0.998958733508448	0.983027942935103	0.952399007915548	0.841594334348083
ENSG00000444	0.998958733508448	0.720757504958105	0.462047611277468	0.809399405216552
ENSG00000446	0.998958733508448	0.913683645986814	0.768519058114789	0.782187131965182
ENSG00000447	0.998958733508448	2.396471120721e-05	0.00516205683445768	9.86723278042465e-06
ENSG00000448	0.828234454894704	0.0325841606261734	2.81873074281149e-07	5.09763269611587e-08
ENSG00000453	0.998958733508448	1.99626165246269e-08	0.756055043026967	0.694854579865815
ENSG00000454	0.760521494667795	0.842080716533683	0.931936777165033	0.980709869304375
ENSG00000455	0.998958733508448	0.84999527496673	0.685356476133924	0.815517578395241
ENSG00000457	0.998958733508448	0.957365238253538	0.640199021588132	0.575104361420307
ENSG00000458	0.998958733508448	0.670394231835017	0.989636670800845	0.99312353866458
ENSG00000461	0.998958733508448	0.989520329826775	0.560224442431325	0.735096024856478
ENSG00000462	0.998958733508448	0.925370549259049	0.245328321185147	0.828926117051315
ENSG00000463	0.998958733508448	0.684295914725784	0.621414731952717	0.118145165235288
ENSG00000464	0.998958733508448	0.663094182624123	0.0435477058758807	0.163904709083805
ENSG00000465	0.998958733508448	0.720757504958105	0.687286860018647	0.970628543897313
ENSG00000468	0.851097524410463	0.890324472045185	0.439853947318389	0.838544300433927
ENSG00000470	0.998958733508448	2.6831166360402e-06	3.29974661826204e-08	0.0661437743627264
ENSG00000471	0.998958733508448	0.934918974577562	0.785982137461912	0.91628841908428
ENSG00000477	0.998958733508448	0.155358462732812	0.439853947318389	0.782187131965182
ENSG00000478	0.998958733508448	0.939879868197714	0.844029434164405	0.917901613883135
ENSG00000479	0.998958733508448	0.983027942935103	0.36960192787771	0.65963620285816
ENSG00000483	0.998958733508448	0.603734093600211	0.0111532241113674	0.931387899339768
ENSG00000485	0.998958733508448	0.808712394300221	1.82635529915866e-08	3.02103001429373e-08
ENSG00000492	0.998958733508448	0.963849806961968	0.363631103428636	0.858639043810611
ENSG00000494	0.653646690792224	0.942244388818565	0.707946267877424	0.912209089002133
ENSG00000503	0.998958733508448	0.855212803879092	0.0293417288642075	0.00799001935981076
ENSG00000504	0.969909460548117	0.855212803879092	0.826243685990751	1.95195522948604e-07
ENSG00000505	0.998958733508448	0.250173553461293	3.09344250372776e-06	0.000664670064139193
ENSG00000508	0.998958733508448	0.882782094641725	0.551156741049817	0.81611973030846
ENSG00000512	0.998958733508448	0.590837357546167	0.907874301860375	0.708347917897012
ENSG00000514	0.998958733508448	0.994029304591727	0.904813437482066	0.934693369071416
ENSG00000517	0.998958733508448	0.45953110691414	0.894155597237143	0.694116910732352
ENSG00000519	0.998958733508448	0.288146400582347	0.000861271394941353	1.40659080093843e-05
ENSG00000523	0.998958733508448	0.915174710010372	0.952399007915548	0.125572117652347
ENSG00000532	0.998958733508448	0.984043201251351	0.947724941337104	0.608664815680178
ENSG00000533	0.998958733508448	0.96963314871066	0.658480837063746	0.537937054203748
ENSG00000535	0.998958733508448	0.871952421754662	0.979487240201288	0.537937054203748
ENSG00000540	0.998958733508448	0.939067108870743	0.957103455154382	0.238025323811683
ENSG00000544	0.998958733508448	0.00474597167273592	1.6700429147981e-08	0.000212187460508941
ENSG00000547	0.998958733508448	0.594422564966388	0.515136533807641	0.7267355513085
ENSG00000552	0.998958733508448	0.939067108870743	0.483718442256623	0.595809158884932
ENSG00000553	0.998958733508448	0.93576306425035	0.551156741049817	0.533780114971386
ENSG00000555	0.998958733508448	0.363267963506224	0.441386882388927	0.0984861554752927
ENSG00000558	0.998958733508448	0.670394231835017	0.363631103428636	0.971581835610533
ENSG00000559	0.998958733508448	0.279367585380739	0.000786749310172358	1.92579034029747e-05
ENSG00000560	0.998958733508448	0.782238450282581	0.758982412539493	0.288920426908048
ENSG00000566	0.998958733508448	0.817582262195133	0.608211559060306	0.862403483630732
ENSG00000567	0.998958733508448	0.963703109244201	0.0242497623620262	9.96294485333547e-07
ENSG00000568	0.998958733508448	0.586712034933215	0.973787687567693	0.779741252115593
ENSG00000572	0.998958733508448	0.460095706027288	0.266733734094073	0.971581835610533
ENSG00000573	0.998958733508448	0.939067108870743	0.345607535036986	0.892951457166496
ENSG00000590	0.998958733508448	0.989520329826775	0.000583089370401412	0.000131908280249364
ENSG00000592	0.998958733508448	0.361629001168283	0.480674749342576	0.99312353866458
ENSG00000595	4.46669295376351e-12	0.842080716533683	0.480674749342576	0.0716715019401778
ENSG00000597	0.998958733508448	0.878658103118266	0.389665847950594	0.569890154585801
ENSG00000598	0.998958733508448	0.802792174618829	0.799196031189439	0.188820793158803
ENSG00000599	0.998958733508448	0.719344840045492	0.425907883904433	0.120953377875912
ENSG00000601	0.998958733508448	0.000305459885415732	5.0553119396877e-06	1.3817410645106e-05
ENSG00000604	0.998958733508448	0.939879868197714	0.897853330752815	0.768706320908039
ENSG00000606	0.998958733508448	0.842080716533683	0.840638940981575	0.700424460824797
ENSG00000607	0.998958733508448	0.963703109244201	0.615558900274477	0.940904397964553
ENSG00000614	0.998958733508448	0.305182396263676	0.916146714199235	0.655251029003324
ENSG00000619	0.998958733508448	0.893229203818374	0.127923594931912	0.908102758181089
ENSG00000631	0.998958733508448	0.000355081184873781	0.000620185874280431	2.83129036529782e-09
ENSG00000634	0.998958733508448	0.587608340224897	0.802533675257546	0.0263817164837718
ENSG00000638	0.998958733508448	0.877424906470541	0.217049705633136	0.62400496518917
ENSG00000641	0.998958733508448	0.942244388818565	0.00495231322577035	0.649899035060705
ENSG00000643	0.998958733508448	0.971603748165927	0.926240246014156	0.815620550377218
ENSG00000644	0.998958733508448	0.484931291178446	1.53432223909661e-05	0.735096024856478
ENSG00000646	0.998958733508448	0.913502679907436	0.721016334102753	0.965358342135423
ENSG00000648	0.998958733508448	0.957365238253538	0.698432370849121	0.937297987128228
ENSG00000649	0.989778117091677	0.962397963039196	0.108569269778511	0.950493400534262
ENSG00000651	0.998958733508448	0.782238450282581	0.743320792875517	0.503880950539162
ENSG00000655	0.998958733508448	0.963703109244201	0.756055043026967	0.857391727416753
ENSG00000659	0.998958733508448	0.855212803879092	0.169843585039748	0.637293513938759
ENSG00000660	0.998958733508448	0.351767688248807	0.0151019422011087	0.535830761803482
ENSG00000661	0.998958733508448	0.963703109244201	0.903117654701586	0.446431693899121
ENSG00000663	0.998958733508448	0.74822589981874	0.82443784708912	0.699991014992803
ENSG00000664	0.998958733508448	0.296762931454883	0.208425508755856	0.327733972362476
ENSG00000666	0.998958733508448	0.782681687700647	0.793722692556206	0.917901613883135
ENSG00000667	0.998958733508448	0.697992135398496	0.00418690135082212	9.95497865734921e-05
ENSG00000668	0.933222626062712	0.978546677848048	0.12839118919674	0.326788728069766
ENSG00000671	0.998958733508448	0.913683645986814	0.944814088491187	0.990016330345679
ENSG00000673	0.998958733508448	0.925370549259049	0.600845245798649	5.60027365022309e-05
ENSG00000675	0.998958733508448	0.806036982781903	0.930926654956986	0.898983303994296
ENSG00000676	0.998958733508448	0.756014935694308	0.00348796247429401	0.694854579865815
ENSG00000678	0.998958733508448	0.743789356876294	0.000373389172696275	3.04691298725233e-05
ENSG00000682	0.998958733508448	0.612673103878299	0.0240584550097295	0.00560945418538083
ENSG00000683	0.998958733508448	0.411277812220076	0.333905845177778	0.951815242593299
ENSG00000688	0.998958733508448	0.633848053198199	0.983738044826033	0.190175511996077
ENSG00000693	0.998958733508448	0.0928007641547771	0.027319531919658	0.14093402221617
ENSG00000694	0.998958733508448	0.96963314871066	0.952399007915548	0.655251029003324
ENSG00000699	0.998958733508448	0.136513191581055	0.879358472965537	0.358704404729719
ENSG00000700	0.998958733508448	0.963703109244201	0.658480837063746	0.964382360880035
ENSG00000705	0.998958733508448	0.641367902001406	0.743320792875517	0.0558409171678066
ENSG00000709	0.998958733508448	0.535092557968339	0.854691239861515	0.912614337043757
ENSG00000710	0.998958733508448	0.881661158645215	0.658480837063746	0.655251029003324
ENSG00000711	0.998958733508448	0.726262057906608	0.0931123326673098	0.031463036631195
ENSG00000714	0.998958733508448	0.350571926212005	0.00976128388826665	6.46878893723907e-06
ENSG00000717	0.742481672068446	0.752701428499627	0.338666977668365	0.981317854713728
ENSG00000722	0.998958733508448	4.94435129638775e-06	0.728463180750629	9.96294485333547e-07
ENSG00000726	0.998958733508448	0.207977090769598	0.0573204879996346	0.746379853106883
ENSG00000729	1.29246135979276e-05	0.855212803879092	0.981442332655771	0.0492018783228957
ENSG00000734	0.998958733508448	0.719344840045492	0.827161807333961	0.19800598270121
ENSG00000736	0.998958733508448	0.189878703814582	3.97063475452572e-08	5.0747122789841e-09
ENSG00000738	0.998958733508448	0.043480987654558	2.9796703362575e-09	1.54984003320928e-07
ENSG00000740	0.998958733508448	0.442567786297108	0.937117757496465	0.108357190538919
ENSG00000743	0.998958733508448	0.59426036806049	0.927114205433549	0.950479127074073
ENSG00000749	0.998958733508448	0.747700636510638	0.197053024813886	0.950493400534262
ENSG00000750	0.998958733508448	0.746321264500423	0.973787687567693	0.898561496077003
ENSG00000752	0.998958733508448	0.92458922397994	0.0679474789007455	0.969738754895777
ENSG00000753	0.998958733508448	0.955806141126319	0.96376601857407	0.574052422447238
ENSG00000760	0.998958733508448	0.0698762933595812	0.0356474318148304	0.00159646232441245
ENSG00000763	0.998958733508448	0.913683645986814	0.651201159020403	0.38665641765203
ENSG00000769	0.998958733508448	0.891454131668627	0.393193188751004	0.858639043810611
ENSG00000777	0.998958733508448	0.484931291178446	0.918439579578949	0.981911672194835
ENSG00000779	0.998958733508448	0.225997445773499	1.09127530173679e-05	0.0693489571340647
ENSG00000784	0.998958733508448	0.971361553295389	0.872383830279019	0.934693369071416
ENSG00000788	0.998958733508448	0.855212803879092	0.361122268293944	0.476876186166272
ENSG00000790	0.998958733508448	0.644112017514474	0.587392402217972	0.969738754895777
ENSG00000791	0.998958733508448	0.891454131668627	0.91009833044746	0.54628705669528
ENSG00000793	0.998958733508448	0.864308473768817	0.532892966798022	0.105366942654987
ENSG00000796	0.998958733508448	0.971361553295389	0.698096277668179	0.711332625079922
ENSG00000797	0.998958733508448	0.950584767430676	0.423137043854947	0.409761644187796
ENSG00000799	0.998958733508448	0.720757504958105	0.786050910878647	0.655251029003324
ENSG00000801	0.998958733508448	0.925370549259049	0.989636670800845	0.815517578395241
ENSG00000802	0.998958733508448	0.618666949719761	0.000564629330666546	1.58518370516302e-05
ENSG00000803	0.742481672068446	0.963849806961968	0.433662362545055	0.188820793158803
ENSG00000816	0.998958733508448	0.842080716533683	0.925805384407217	0.816567603521129
ENSG00000817	0.998958733508448	0.643118609021663	0.000117417134548994	3.66988061030102e-08
ENSG00000820	0.998958733508448	0.756014935694308	0.383401104037214	0.314821976959527
ENSG00000828	0.998958733508448	0.683183405886068	0.973787687567693	0.552975773938921
ENSG00000829	0.998958733508448	0.881431075019549	0.14601312696255	0.00388349217327586
ENSG00000831	0.998958733508448	0.948536135647709	0.576782470289652	0.823505456886998
ENSG00000832	0.998958733508448	0.785221900211993	0.466264640246821	0.342727333886559
ENSG00000836	0.998958733508448	0.989520329826775	0.560224442431325	0.834569477849731
ENSG00000837	0.998958733508448	0.913683645986814	0.550308544313765	0.977827887785148
ENSG00000838	0.998958733508448	0.574144565701386	0.698096277668179	0.807992858073189
ENSG00000839	0.998958733508448	0.939752883435601	0.302989572261689	0.00764766322667096
ENSG00000842	0.998958733508448	0.0352473487168571	0.886776339994733	0.232653889882916
ENSG00000844	0.998958733508448	0.713567192641592	1.53432223909661e-05	1.22045553772939e-05
ENSG00000845	0.828234454894704	0.721900682325979	3.17993809049505e-06	0.000101126199599155
ENSG00000848	0.998958733508448	0.983027942935103	0.0170447225569402	6.01276423123301e-15
ENSG00000849	0.998958733508448	0.631529492163788	0.0621085386452794	0.531216807030643
ENSG00000850	0.998958733508448	0.67330559031746	0.178812082435517	0.593211650491975
ENSG00000851	0.996018255087451	0.0407939695505926	0.854710419796285	0.237958165780535
ENSG00000854	0.998958733508448	0.489775186770785	0.570926912184139	0.838544300433927
ENSG00000855	0.998958733508448	0.0364993923132281	7.06821700772507e-06	2.24319792138041e-06
ENSG00000856	0.998958733508448	0.860733287404564	0.596081810921596	0.504097963895117
ENSG00000860	0.998958733508448	0.939067108870743	0.918439579578949	0.644212478962823
ENSG00000862	0.998958733508448	0.91685903227243	0.921641296242288	0.779741252115593
ENSG00000863	0.998958733508448	0.925370549259049	0.673019753613221	0.253905971036233
ENSG00000866	0.998958733508448	0.756014935694308	0.999341878943013	0.612994888225182
ENSG00000870	0.82121577757248	0.0117608366957937	6.21567869413082e-05	0.0167134881505052
ENSG00000873	0.998958733508448	0.684397798451102	0.193204558452307	0.838544300433927
ENSG00000875	0.998958733508448	0.000655028633983077	1.35009795655059e-07	5.11844946156401e-06
ENSG00000880	0.998958733508448	0.81023134682198	0.799196031189439	0.323754000064087
ENSG00000886	0.998958733508448	0.136513191581055	0.926240246014156	0.994058426284826
ENSG00000888	0.998958733508448	0.842080716533683	0.0771820064524491	0.913553864155922
ENSG00000889	0.998958733508448	0.335661345789894	0.799196031189439	0.934693369071416
ENSG00000894	0.998958733508448	0.344601242671947	0.777399412115796	0.0583909469839315
ENSG00000896	0.933222626062712	0.00443883256706265	0.000184859644484636	0.00385080488708751
ENSG00000897	0.998958733508448	0.979544432076651	0.973323762562709	0.711332625079922
ENSG00000899	0.998958733508448	0.934280702533614	0.954173763829846	0.790353897286879
ENSG00000901	0.998958733508448	0.502685815693976	0.00844674624630341	0.00764766322667096
ENSG00000903	0.998958733508448	0.65468816911085	0.0327514755969716	0.851086743911208
ENSG00000908	0.998958733508448	0.166657150130709	0.973787687567693	0.364531380072237
ENSG00000910	0.998958733508448	0.882782094641725	0.729882894318713	0.416179291454113
ENSG00000914	0.186142783239044	0.989520329826775	0.776836816669287	0.66044882559577
ENSG00000916	0.182723957782281	0.99692385327154	0.131009046675329	0.000817336133827542
ENSG00000921	0.998958733508448	0.877424906470541	0.0865598449241653	0.0326453713580366
ENSG00000929	0.998958733508448	0.963703109244201	0.973787687567693	0.550078884266647
ENSG00000930	0.715001442191393	0.104312231128427	5.26562160260744e-07	0.000122476699702115
ENSG00000931	0.998958733508448	0.720757504958105	0.984485636083634	0.931387899339768
ENSG00000934	0.998958733508448	0.963703109244201	0.687286860018647	0.837656990418734
ENSG00000935	0.998958733508448	0.936980249880012	0.14053070154881	0.00019806614487215
ENSG00000938	0.998958733508448	0.929367737101411	0.146699605650718	0.837490822998434
ENSG00000942	0.998958733508448	0.993118612126102	0.824081073052973	0.713389011310568
ENSG00000953	0.869601743711941	0.842080716533683	0.304352963892876	0.00584190763771858
ENSG00000955	0.998958733508448	0.865563315803365	0.921641296242288	0.391801493562837
ENSG00000956	0.653646690792224	0.683894923410552	0.895376669845851	0.98900096582079
ENSG00000957	0.998958733508448	0.589463444057495	0.63502876049342	0.585923100686168
ENSG00000959	0.998958733508448	0.958638127110773	0.658480837063746	0.049585638378568
ENSG00000960	0.998958733508448	0.934918974577562	0.978522300697098	0.19352591193835
ENSG00000961	0.998958733508448	0.199213777255721	0.0845891034123556	0.862403483630732
ENSG00000963	0.998958733508448	0.558808014862614	0.756761907344664	0.838544300433927
ENSG00000965	0.998958733508448	0.971361553295389	0.784432468782251	0.911337385810194
ENSG00000968	0.998958733508448	0.963703109244201	0.27892886706151	0.275942084436299
ENSG00000970	0.998958733508448	0.643118609021663	0.728463180750629	0.81009756767597
ENSG00000981	0.0428123009720475	0.97056931529717	0.879358472965537	0.862403483630732
ENSG00000982	0.998958733508448	0.0407939695505926	1.44358197532602e-06	0.0210506417918188
ENSG00000985	0.998958733508448	0.715456811116257	0.374847319266283	0.342727333886559
ENSG00000988	0.998958733508448	0.855212803879092	0.16183252360069	0.462659046964892
ENSG00000990	0.000791888273077631	0.855212803879092	0.000253336407669206	0.794644888609124
ENSG00000991	0.998958733508448	5.68046600740689e-05	5.24291148236161e-07	5.75982652686763e-09
ENSG00000994	0.998958733508448	0.006965795954003	3.56682541124383e-05	3.68939324406051e-07
ENSG00000995	0.998958733508448	0.9552966584341	0.396718358671424	0.991414372792011
ENSG00000999	0.998958733508448	0.965163094128348	0.860119914915125	0.866766359872404
ENSG00001005	0.998958733508448	0.791418301466218	0.721649642344391	0.172682215398892
ENSG00001010	0.998958733508448	0.791418301466218	0.617399051284196	0.750323007566072
ENSG00001011	0.998958733508448	0.963703109244201	0.756055043026967	0.61104680156355
ENSG00001014	0.998958733508448	0.929777499425249	0.96526052655118	0.232989307495647
ENSG00001017	0.998958733508448	2.79165920644534e-09	0.00172305537809647	9.93427870388928e-06
ENSG00001018	0.998958733508448	0.756014935694308	0.784432468782251	0.807992858073189
ENSG00001019	0.998958733508448	0.91685903227243	0.389550048712471	0.000180336864656109
ENSG00001020	0.998958733508448	0.905319744137982	0.227963235904625	0.755420569480617
ENSG00001021	0.601505717493524	0.892725504293575	0.953981150340943	0.27546286176008
ENSG00001024	0.998958733508448	0.727971879592928	0.437635733503219	0.807992858073189
ENSG00001026	0.998958733508448	0.401991639727607	0.935309757665611	0.931387899339768
ENSG00001028	0.998958733508448	0.289460614739493	0.00112037276062665	0.0271467701462713
ENSG00001030	0.998958733508448	3.18789009626397e-07	0.973787687567693	0.981581047181005
ENSG00001031	0.998958733508448	0.506460877046504	0.952399007915548	0.0362317957418083
ENSG00001032	0.998958733508448	0.778251781216396	0.420316775245922	2.13760106246117e-06
ENSG00001035	0.998958733508448	0.855212803879092	0.944814088491187	0.560562475458004
ENSG00001037	0.998958733508448	0.45953110691414	0.841290655554839	0.934693369071416
ENSG00001039	0.998958733508448	2.05273916754701e-06	0.000180157689890486	7.13523635776769e-08
ENSG00001040	0.998958733508448	0.440743226592392	0.75392227629812	0.0215334115800932
ENSG00001047	0.998958733508448	0.718549996748227	0.889272550054905	0.838544300433927
ENSG00001049	0.998958733508448	0.847077280540236	0.82443784708912	0.992103865043694
ENSG00001053	0.369093256843694	0.847077280540236	0.897853330752815	0.684651051232939
ENSG00001055	0.998958733508448	0.765238660931702	0.655253736589043	0.127546893434224
ENSG00001062	0.998958733508448	0.882782094641725	0.551156741049817	0.63312896556061
ENSG00001071	0.998958733508448	0.96963314871066	0.697376883299427	0.154120856939506
ENSG00001073	0.998958733508448	0.473716433927241	0.259168151635073	0.0856165606426452
ENSG00001075	0.998958733508448	0.817480276702323	0.963033568990472	0.743968965591177
ENSG00001076	0.998958733508448	0.668494724403646	0.95305452615754	0.456172821608351
ENSG00001077	0.998958733508448	0.913683645986814	0.955751018896573	0.026034191521891
ENSG00001081	0.998958733508448	0.983027942935103	0.829876361885996	0.931387899339768
ENSG00001082	0.998958733508448	0.815997332115388	0.558927256893753	0.959277715081981
ENSG00001083	0.998958733508448	0.586950715838299	0.000590615498922325	0.00217210729932956
ENSG00001088	0.998958733508448	0.776669017818828	0.887529238110789	0.879746660670268
ENSG00001089	0.998958733508448	0.984659143202273	0.000100955983283219	9.62472572066656e-11
ENSG00001090	0.998958733508448	0.864308473768817	0.00130881878849654	5.60027365022309e-05
ENSG00001092	0.998958733508448	0.000247258131482203	7.11169046881695e-08	9.00725565222042e-08
ENSG00001096	0.998958733508448	0.849745923972726	0.102816422379615	0.91628841908428
ENSG00001097	0.998958733508448	0.67330559031746	0.551156741049817	0.771637398912012
ENSG00001100	0.998958733508448	0.840412594147763	1.29317383783072e-09	0.330587926460879
ENSG00001102	0.998958733508448	0.913683645986814	0.472440574183419	0.000951260407533398
ENSG00001105	0.998958733508448	0.934059143600812	0.108569269778511	0.765241776917039
ENSG00001107	0.998958733508448	0.625855191658869	0.395574971980448	0.332193097525591
ENSG00001108	0.998958733508448	3.73327035610913e-05	1.23785892224986e-05	2.66437476384655e-10
ENSG00001109	0.998958733508448	0.594365033427703	0.00113774592082557	6.24983838699843e-08
ENSG00001111	0.998958733508448	0.460095706027288	6.10587382551207e-16	0.791661221084016
ENSG00001112	0.998958733508448	0.887310877545435	0.907543234962311	0.765241776917039
ENSG00001113	0.998958733508448	0.99692385327154	0.698096277668179	0.912061668643824
ENSG00001114	0.998958733508448	0.994029304591727	0.515136533807641	0.154391356241089
ENSG00001115	0.998958733508448	0.672600672142258	0.02641165309006	6.77052080942982e-05
ENSG00001123	0.998958733508448	0.855212803879092	0.0376922335839397	0.000108697870048201
ENSG00001124	0.998958733508448	0.152164991573283	0.184862107692776	0.253905971036233
ENSG00001125	0.998958733508448	0.957365238253538	0.881765361476796	0.329840034048797
ENSG00001127	0.998958733508448	0.431151186537511	0.00184173382754535	0.00242670450744371
ENSG00001128	0.998958733508448	0.842080716533683	0.966739653786734	0.985584359100957
ENSG00001131	0.998958733508448	0.939067108870743	0.483418492321895	0.765241776917039
ENSG00001136	0.998958733508448	0.778251781216396	0.733561034438631	0.0620747514954542
ENSG00001137	0.998958733508448	0.842080716533683	0.245416890277022	0.809399405216552
ENSG00001138	0.998958733508448	0.189878703814582	0.63502876049342	0.00643659703498567
ENSG00001139	0.998958733508448	0.822435913791466	0.729308967954112	0.445927803478782
ENSG00001143	0.998958733508448	0.756014935694308	0.00270109311453592	0.00422496482329701
ENSG00001144	0.998958733508448	0.843851183744864	0.805986052295744	0.782187131965182
ENSG00001145	0.998958733508448	0.109388153011133	0.638736920969675	0.779831091064759
ENSG00001149	0.93568861095667	0.746321264500423	0.974529699303559	0.80586366342863
ENSG00001152	0.998958733508448	0.667046800121225	0.989636670800845	0.837490822998434
ENSG00001153	0.998958733508448	0.778251781216396	0.643637583681284	0.927813565582824
ENSG00001154	0.998958733508448	0.913502679907436	0.963403651303204	0.987566590988328
ENSG00001155	0.998958733508448	0.963703109244201	0.410789004427959	0.445561668556287
ENSG00001158	0.998958733508448	0.864414495269465	0.378125277007636	0.000456259942299084
ENSG00001163	0.998958733508448	0.99692385327154	0.550308544313765	0.425360855642538
ENSG00001164	0.998958733508448	0.965163094128348	0.687286860018647	0.736674856206425
ENSG00001167	0.998958733508448	0.782238450282581	0.336047793810398	0.0349304261684368
ENSG00001168	0.998958733508448	0.0355929430570098	0.409551223079827	0.183993422009123
ENSG00001170	0.760521494667795	0.847077280540236	0.999164602056881	0.51266688947417
ENSG00001171	0.998958733508448	0.808712394300221	0.911131142770487	0.849772814604736
ENSG00001173	0.998958733508448	0.994029304591727	0.694519274672651	0.981581047181005
ENSG00001174	0.998958733508448	0.843195336096904	0.0245300513194011	0.026748850044459
ENSG00001177	0.998958733508448	0.136331236058709	0.497140208101102	0.593751381427376
ENSG00001183	0.998958733508448	0.267678906411772	0.00088118889129173	0.279585128346185
ENSG00001184	0.998958733508448	0.756014935694308	0.331675431506637	0.981911672194835
ENSG00001186	0.998958733508448	0.978546677848048	0.638736920969675	0.575104361420307
ENSG00001187	0.998958733508448	0.237301421854604	0.433662362545055	0.809399405216552
ENSG00001188	0.998958733508448	0.942244388818565	4.3905919726174e-05	2.7724120251416e-05
ENSG00001189	0.998958733508448	0.887310877545435	0.935309757665611	0.503880950539162
ENSG00001190	0.998958733508448	0.881431075019549	0.974529699303559	0.989420484518906
ENSG00001192	0.998958733508448	0.219297191177113	0.600320885614421	0.969738754895777
ENSG00001193	0.998958733508448	0.994029304591727	0.838236326522255	0.779540458056564
ENSG00001194	0.998958733508448	0.91110418338106	0.638736920969675	0.928322655451341
ENSG00001195	0.998958733508448	0.424796784998854	2.95391185978911e-07	1.09958561744273e-05
ENSG00001198	0.998958733508448	0.865563315803365	0.881765361476796	0.815517578395241
ENSG00001199	0.998958733508448	0.975359228373749	0.602867574425816	0.782880378686789
ENSG00001201	0.998958733508448	0.913683645986814	0.895376669845851	0.319090314270918
ENSG00001209	0.998958733508448	0.170116142627799	0.805986052295744	0.00690843374384451
ENSG00001217	0.998958733508448	0.855212803879092	0.944228979214989	0.655251029003324
ENSG00001219	0.998958733508448	0.0358915539923789	0.109221879251991	0.0126894087634665
ENSG00001220	0.998958733508448	0.983027942935103	0.0126347952209096	0.00669157356090322
ENSG00001225	0.998958733508448	0.663855662022436	0.597494896748276	0.312481322441837
ENSG00001226	0.998958733508448	0.847077280540236	0.219833244627605	0.00148549064435261
ENSG00001227	0.998958733508448	0.46807715757504	0.680890091778692	0.0722320582639675
ENSG00001228	0.998958733508448	0.663094182624123	0.00378058245184621	0.0762831746005424
ENSG00001229	0.998958733508448	0.99692385327154	0.129239572629673	0.746379853106883
ENSG00001230	0.998958733508448	0.971361553295389	0.805986052295744	0.347256402057374
ENSG00001238	0.998958733508448	0.855212803879092	0.687286860018647	0.969738754895777
ENSG00001239	0.998958733508448	0.703152289745755	0.12218171327001	0.586325053511757
ENSG00001240	0.998958733508448	0.960259900615388	0.116286495460682	0.61104680156355
ENSG00001243	0.998958733508448	0.971361553295389	0.546010578757721	0.637293513938759
ENSG00001244	0.998958733508448	0.936452756352175	0.904813437482066	0.0220452570498856
ENSG00001248	0.998958733508448	0.995676984774698	0.95305452615754	0.613134814651385
ENSG00001249	0.998958733508448	0.942244388818565	0.850559749859674	0.269739945388035
ENSG00001256	0.998958733508448	0.00501225108022317	0.747465334123081	0.248582157434595
ENSG00001257	0.998958733508448	0.845906143851781	0.944814088491187	0.80197091545701
ENSG00001259	0.760521494667795	0.756014935694308	0.929582613603516	0.997639702055854
ENSG00001261	0.998958733508448	0.663855662022436	0.474463959240317	0.115666210376048
ENSG00001262	0.998958733508448	0.226992232637347	0.313633171010758	0.807992858073189
ENSG00001263	0.998958733508448	0.92122677650148	0.721649642344391	0.938365376390067
ENSG00001266	0.998958733508448	0.975359228373749	0.496044081679435	0.977687016679136
ENSG00001268	0.998958733508448	0.806036982781903	0.996995976090931	0.248582157434595
ENSG00001271	0.998958733508448	0.95746750035104	0.608211559060306	0.989129404551221
ENSG00001281	0.998958733508448	0.00549279709432957	1.52069338710864e-05	5.20219788725205e-05
ENSG00001282	0.653646690792224	0.756014935694308	0.974646029739576	0.341985979511002
ENSG00001284	0.998958733508448	0.00358331704662769	0.000864409771682551	3.80594168707653e-06
ENSG00001286	0.998958733508448	0.847077280540236	0.84240926019802	0.409761644187796
ENSG00001296	0.998958733508448	0.994029304591727	0.578107837815124	0.190175511996077
ENSG00001299	0.998958733508448	0.985431745505728	0.850117494165359	0.0653809460068108
ENSG00001304	0.998958733508448	0.666343978768055	0.573240971334943	0.711332625079922
ENSG00001305	0.998958733508448	0.965163094128348	0.971700167292095	0.810497847568717
ENSG00001307	0.998958733508448	0.155358462732812	0.105362528862131	0.550078884266647
ENSG00001308	0.998958733508448	0.963703109244201	0.441386882388927	0.474503490706798
ENSG00001318	0.998958733508448	0.923491960816727	0.0851825604712347	0.950755499148166
ENSG00001322	0.998958733508448	0.460095706027288	0.713752268560053	0.901399330544976
ENSG00001323	0.998958733508448	0.936980249880012	0.952399007915548	0.978854510072521
ENSG00001327	0.998958733508448	0.913502679907436	0.250665972119104	0.838544300433927
ENSG00001331	0.998958733508448	0.596662677257916	7.11169046881695e-08	6.38379350742066e-08
ENSG00001333	0.998958733508448	0.989740181464203	0.484083759741787	0.805038866557324
ENSG00001336	0.998958733508448	0.950584767430676	0.808919199649452	0.913692933609615
ENSG00001337	0.998958733508448	0.335661345789894	0.714809773167922	3.63403249550959e-05
ENSG00001343	0.998958733508448	0.111424796820469	0.733561034438631	0.467781504362785
ENSG00001347	0.998958733508448	0.979653315691842	0.0473503973053601	0.336037833680179
ENSG00001348	0.998958733508448	0.842080716533683	0.805986052295744	0.78832112899373
ENSG00001353	0.998958733508448	0.576874245959701	0.615670183150726	0.954697787983518
ENSG00001354	0.869601743711941	0.663094182624123	0.025248749673586	0.0928846314664426
ENSG00001355	0.998958733508448	0.749836302968682	0.745496849881374	0.971581835610533
ENSG00001357	0.998958733508448	0.913683645986814	0.257071470600537	0.974321594775252
ENSG00001364	0.998958733508448	0.878658103118266	0.303388684847051	0.0135402222034881
ENSG00001366	0.998958733508448	0.925370549259049	0.999341878943013	0.735096024856478
ENSG00001372	0.998958733508448	0.334029518857479	0.676462936596117	0.9484879304196
ENSG00001373	0.998958733508448	0.00157218116063102	3.6891285231593e-08	3.80594168707653e-06
ENSG00001375	0.998958733508448	0.35338858161727	0.336047793810398	0.734488297821371
ENSG00001377	0.998958733508448	0.939067108870743	0.898759075146175	0.51266688947417
ENSG00001380	0.998958733508448	0.670394231835017	0.744579567635134	0.223625761367312
ENSG00001383	0.998958733508448	0.971361553295389	0.298255796429203	0.0144308312962896
ENSG00001385	0.998958733508448	0.791418301466218	0.750099328466775	0.0156771149344366
ENSG00001388	0.998958733508448	0.136513191581055	0.907874301860375	0.190175511996077
ENSG00001392	0.998958733508448	0.936452756352175	0.0104284014076099	0.000133670138377893
ENSG00001395	0.998958733508448	0.887310877545435	0.974646029739576	0.238725187980286
ENSG00001397	0.998958733508448	0.97056931529717	0.00226084595855881	7.30378594533119e-07
ENSG00001405	0.998958733508448	0.994029304591727	0.687286860018647	0.892951457166496
ENSG00001410	0.998958733508448	0.925169394952358	0.979487240201288	0.700646311661779
ENSG00001426	0.998958733508448	0.643379013210228	0.622316926209436	0.0511749463237523
ENSG00001427	0.998958733508448	0.67330559031746	0.082139434631901	0.0001094760451992
ENSG00001434	0.998958733508448	0.587608340224897	0.291088928191421	0.951529189630161
ENSG00001436	0.998958733508448	0.724109517848259	0.673531496419486	0.389734989686403
ENSG00001439	0.998958733508448	0.756014935694308	0.169843585039748	0.837490822998434
ENSG00001440	0.998958733508448	0.544586077246233	0.903117654701586	0.99312353866458
ENSG00001443	0.998958733508448	0.847077280540236	0.758982412539493	0.837490822998434
ENSG00001444	0.998958733508448	0.587608340224897	0.00235275750856859	0.000313641495645171
ENSG00001449	0.998958733508448	0.631529492163788	0.300277352105669	0.231533072181465
ENSG00001453	0.998958733508448	0.96963314871066	0.555690549592883	0.877556885803438
ENSG00001454	0.787547121837513	0.484931291178446	0.954173763829846	0.000466239301502937
ENSG00001456	0.998958733508448	0.939879868197714	0.815912154767111	0.142846276122467
ENSG00001458	0.998958733508448	0.963703109244201	0.756761907344664	0.816567603521129
ENSG00001462	0.998958733508448	0.719344840045492	0.840124726097835	0.977687016679136
ENSG00001463	0.998958733508448	0.963703109244201	0.918439579578949	0.332193097525591
ENSG00001464	0.059669771575709	0.113519984452364	0.576782470289652	0.837469498721226
ENSG00001467	0.998958733508448	0.927427437579151	0.926240246014156	0.789820086602553
ENSG00001473	0.998958733508448	0.431151186537511	0.989636670800845	0.372979805242972
ENSG00001474	0.998958733508448	0.506460877046504	0.949309574804673	0.078733827014232
ENSG00001476	0.998958733508448	0.942244388818565	0.926240246014156	0.409761644187796
ENSG00001478	0.998958733508448	0.011253300737702	0.00933102568832486	2.29259006763763e-08
ENSG00001479	0.760521494667795	0.345013082449909	0.90829234530887	0.103422704973572
ENSG00001484	0.998958733508448	0.0124741308187119	0.784432468782251	0.612994888225182
ENSG00001490	0.998958733508448	0.532853820707071	0.104673390959608	0.539455590996304
ENSG00001492	0.998958733508448	0.994029304591727	0.43443699644395	0.487151290610285
ENSG00001494	0.998958733508448	0.0657835922514304	7.4168064724775e-09	1.95433121665627e-10
ENSG00001502	0.998958733508448	0.9446625419228	0.569670294586935	0.521795967778376
ENSG00001503	0.998958733508448	0.006965795954003	0.00528749607013444	9.9145548488501e-10
ENSG00001505	0.0333976529093081	0.912179639366323	0.389205204615728	0.265622782195803
ENSG00001508	0.998958733508448	0.96963314871066	0.041873415069663	0.792499215202897
ENSG00001511	0.998958733508448	0.00995443797245524	2.38711048299054e-09	0.00260777522404016
ENSG00001514	0.998958733508448	0.892725504293575	3.33902776095069e-05	0.435271211631345
ENSG00001516	0.998958733508448	0.847077280540236	0.425907883904433	0.0739522093977728
ENSG00001517	0.998958733508448	0.860733287404564	0.910780806762815	0.437129056110562
ENSG00001519	0.998958733508448	0.882782094641725	0.12042638033962	0.00391267703935302
ENSG00001521	0.760521494667795	0.99692385327154	0.119697438279827	1.66510325575046e-05
ENSG00001522	0.998958733508448	0.809905346131735	0.00387368353673474	3.27464245591908e-06
ENSG00001524	0.998958733508448	0.806036982781903	0.944814088491187	0.880228363878323
ENSG00001539	0.998958733508448	0.231115354170545	0.00321754195186433	0.0120099238785281
ENSG00001540	0.998958733508448	0.631529492163788	0.425907883904433	0.972183419291699
ENSG00001542	0.998958733508448	0.606763969889523	0.856751330647927	0.275308115270874
ENSG00001544	0.998958733508448	0.189878703814582	0.370817321078385	0.85766481835316
ENSG00001549	0.998958733508448	0.726262057906608	0.698925821582437	0.782880378686789
ENSG00001550	0.0178467095022173	0.000324880511326729	0.0126932620679694	0.193077298882633
ENSG00001552	0.064216441822112	0.806036982781903	0.95305452615754	0.735096024856478
ENSG00001553	0.998958733508448	0.939752883435601	0.658480837063746	0.765241776917039
ENSG00001554	0.998958733508448	3.90779313000242e-05	0.00100705762242317	2.98093905917663e-07
ENSG00001558	0.715001442191393	0.81023134682198	0.989636670800845	0.659098644015386
ENSG00001561	0.998958733508448	0.00366378594088137	1.5844081817604e-05	9.42698375357189e-05
ENSG00001563	0.998958733508448	0.715456811116257	0.944228979214989	0.838544300433927
ENSG00001564	0.998958733508448	0.950584767430676	0.290610739627498	0.612994888225182
ENSG00001567	0.998958733508448	0.847077280540236	0.255436881668368	0.591080617996388
ENSG00001570	0.998958733508448	0.99692385327154	0.240967040304738	0.404597369554208
ENSG00001571	0.998958733508448	0.760468387227396	0.197053024813886	0.892951457166496
ENSG00001572	0.998958733508448	0.878658103118266	0.0126781806460371	0.0191003235392255
ENSG00001573	0.715001442191393	1.81437521169085e-09	0.0355226305470834	1.84364179041895e-05
ENSG00001577	0.998958733508448	0.0462052712505965	0.00184173382754535	6.8336609032522e-06
ENSG00001578	0.998958733508448	0.0172206998991658	6.08548581591688e-08	2.80881845448183e-10
ENSG00001583	0.998958733508448	0.00185957732556478	6.42207939499317e-09	4.30427941836421e-07
ENSG00001584	0.998958733508448	0.808712394300221	0.930926654956986	0.309388104593565
ENSG00001587	0.998958733508448	0.0513007323240756	6.17568780467162e-21	0.860016209595977
ENSG00001591	0.998958733508448	0.912899892266567	0.166723352507834	0.642162029454906
ENSG00001593	0.998958733508448	0.406626480646218	0.207841577539628	0.789820086602553
ENSG00001594	0.998958733508448	0.00862784475568417	0.000452104872396626	9.9145548488501e-10
ENSG00001596	0.998958733508448	0.0806097036556169	7.58633957560066e-06	1.21927764545336e-10
ENSG00001597	0.998958733508448	0.936980249880012	0.799196031189439	0.699991014992803
ENSG00001599	0.998958733508448	0.0361288359806138	0.918439579578949	0.133674167760606
ENSG00001600	0.998958733508448	0.692957000828988	0.944814088491187	0.765241776917039
ENSG00001601	0.998958733508448	0.351767688248807	0.043651700735644	0.747076565620319
ENSG00001605	0.998958733508448	0.983027942935103	0.904813437482066	0.132087873582659
ENSG00001606	0.998958733508448	0.838506247589502	0.496044081679435	0.981581047181005
ENSG00001608	0.998958733508448	0.958638127110773	0.774144228507008	0.0432341574547822
ENSG00001610	0.998958733508448	0.361629001168283	0.944814088491187	0.807992858073189
ENSG00001611	9.79470940464349e-05	0.843458579454085	0.808370573522036	0.551004646519931
ENSG00001613	0.998958733508448	0.484931291178446	0.944814088491187	0.78451058134775
ENSG00001617	0.998958733508448	0.808712394300221	0.799196031189439	0.881209990331153
ENSG00001621	0.998958733508448	0.0235717002137631	4.1413565286541e-08	2.29308118567055e-07
ENSG00001622	0.998958733508448	0.947362692001557	0.449309533945224	0.00669157356090322
ENSG00001623	0.998958733508448	0.442567786297108	0.00145168051598564	1.75802207697867e-06
ENSG00001625	0.998958733508448	0.760212350494558	0.777833569120276	0.400237454693734
ENSG00001629	0.998958733508448	0.864308473768817	0.756055043026967	0.127318003717439
ENSG00001633	0.998958733508448	0.643379013210228	0.767097765346552	0.409761644187796
ENSG00001634	0.998958733508448	0.925370549259049	0.874832831574826	0.319090314270918
ENSG00001645	0.998958733508448	0.847077280540236	0.945349016818192	0.862403483630732
ENSG00001648	0.998958733508448	0.957365238253538	0.335046291261167	0.461971698413492
ENSG00001653	0.998958733508448	0.0698762933595812	0.690386724803457	0.0285218310992286
ENSG00001656	0.998958733508448	0.882782094641725	0.0486879427060349	0.856436272502683
ENSG00001657	0.998958733508448	0.985431745505728	0.793722692556206	0.788641234926308
ENSG00001658	0.998958733508448	0.0513007323240756	2.73793450698822e-08	3.44808727487172e-08
ENSG00001661	0.998958733508448	0.882782094641725	0.952399007915548	1.81744551948526e-07
ENSG00001664	0.679924438881611	0.244213043383639	0.935309757665611	0.838544300433927
ENSG00001665	0.998958733508448	0.865563315803365	0.00844674624630341	0.0176415570840266
ENSG00001670	0.998958733508448	0.791418301466218	0.610685205065154	0.444713254567223
ENSG00001672	0.998958733508448	0.791418301466218	0.245416890277022	0.980709869304375
ENSG00001673	0.998958733508448	0.746321264500423	0.916146714199235	0.80197091545701
ENSG00001674	0.998958733508448	0.00881018398146764	0.0788839505149242	0.248582157434595
ENSG00001676	0.998958733508448	0.663094182624123	0.491879281214062	0.320878440226414
ENSG00001677	0.998958733508448	8.9445887820317e-07	0.137745189367247	0.0410655257451695
ENSG00001678	0.998958733508448	0.670394231835017	0.827161807333961	0.815517578395241
ENSG00001679	0.998958733508448	0.963703109244201	0.922266465880602	0.598309847752632
ENSG00001684	0.998958733508448	0.734824438548637	0.36960192787771	0.981581047181005
ENSG00001685	0.998958733508448	0.460095706027288	0.570926912184139	0.934693369071416
ENSG00001686	0.998958733508448	0.000172037363103358	0.00821256294102797	0.000322162501215198
ENSG00001688	0.728016094702887	0.96963314871066	0.916465072777246	0.782187131965182
ENSG00001689	0.998958733508448	0.698891002218683	0.989636670800845	0.694854579865815
ENSG00001690	0.998958733508448	0.913683645986814	0.916146714199235	0.312481322441837
ENSG00001694	0.998958733508448	0.855038116321609	0.177147476912629	0.971581835610533
ENSG00001698	0.998958733508448	0.276406506238007	0.0208416290237132	1.89613235033363e-05
ENSG00001703	0.998958733508448	0.994029304591727	0.877646015224286	0.78832112899373
ENSG00001704	0.998958733508448	0.760212350494558	0.0228226786890504	0.747076565620319
ENSG00001709	0.998958733508448	0.96960716406226	0.610685205065154	0.0326453713580366
ENSG00001711	0.998958733508448	0.538172597353578	0.65747538710382	0.882595377897525
ENSG00001713	0.998958733508448	0.473716433927241	3.92700618574496e-07	0.000759279398770603
ENSG00001715	0.998958733508448	0.96963314871066	0.652625382698212	0.144673098403594
ENSG00001719	0.998958733508448	0.328456025685888	0.000278385545609409	0.00144324879731197
ENSG00001721	0.998958733508448	0.752701428499627	0.952399007915548	0.746379853106883
ENSG00001728	0.998958733508448	0.890324472045185	0.969476528668772	0.526708830974495
ENSG00001729	0.998958733508448	0.971361553295389	0.599686909843095	0.560562475458004
ENSG00001732	0.998958733508448	0.92911689798511	0.00322675644848552	0.787767095441294
ENSG00001733	0.998958733508448	0.868857177912341	0.466264640246821	0.011242737823033
ENSG00001740	0.998958733508448	0.0314795007864439	0.566007825432404	0.00162468460615691
ENSG00001741	0.998958733508448	0.0663846066184302	0.0330886258047551	0.612994888225182
ENSG00001742	0.998958733508448	0.847077280540236	0.70539161078849	0.711332625079922
ENSG00001743	0.998958733508448	0.809905346131735	0.206259493457378	0.353386270762857
ENSG00001744	0.998958733508448	0.963849806961968	0.913339989192202	0.838544300433927
ENSG00001745	0.998958733508448	0.923534063756894	0.952399007915548	0.408233359046825
ENSG00001747	0.998958733508448	0.929367737101411	0.305783295788637	0.83594295285473
ENSG00001748	0.998958733508448	0.000655028633983077	2.38711048299054e-09	5.87424251954612e-08
ENSG00001749	0.998958733508448	0.178912083842116	0.000816644960203984	0.0432341574547822
ENSG00001752	0.998958733508448	0.548405184217436	4.79953289610962e-05	8.78544842894453e-09
ENSG00001753	0.998958733508448	0.847077280540236	0.515828688865943	0.000464854961051652
ENSG00001755	0.998958733508448	0.723853540255057	0.698096277668179	0.172438638881777
ENSG00001762	0.998958733508448	0.99692385327154	0.462047611277468	0.221669887476829
ENSG00001763	0.998958733508448	0.865563315803365	0.166713432535106	0.988618532533699
ENSG00001765	0.951138790985812	0.265502033095363	0.000677490616377543	0.000239943455925125
ENSG00001767	0.998958733508448	0.907739161628375	0.687286860018647	0.135424791778014
ENSG00001768	0.998958733508448	0.756014935694308	0.747465334123081	0.71078159330932
ENSG00001778	0.998958733508448	0.250173553461293	0.0832486693054176	0.0231067835219388
ENSG00001780	0.998958733508448	0.822435913791466	0.826243685990751	0.533780114971386
ENSG00001781	0.998958733508448	0.808712394300221	0.860119914915125	0.971581835610533
ENSG00001783	0.998958733508448	0.925370549259049	0.84049908021094	0.160168905042463
ENSG00001785	0.998958733508448	0.192157112038287	0.603368841904634	0.248748395496992
ENSG00001789	0.998958733508448	0.860733287404564	0.793722692556206	0.880228363878323
ENSG00001791	0.78899237549405	0.878658103118266	0.947724941337104	0.503880950539162
ENSG00001794	0.998958733508448	0.202437287017013	0.154672359088139	0.00112269835298484
ENSG00001798	0.000634914151586518	0.958638127110773	0.983548565228101	0.00775201726459037
ENSG00001799	0.998958733508448	0.809905346131735	0.84240926019802	0.319090314270918
ENSG00001802	0.998958733508448	0.241168320623342	0.816052856911501	0.807992858073189
ENSG00001803	0.998958733508448	0.91179270831536	0.799196031189439	0.959266939747059
ENSG00001804	0.998958733508448	0.723853540255057	0.947724941337104	0.858343988197803
ENSG00001818	0.998958733508448	0.855212803879092	0.950364821546123	0.603864211108626
ENSG00001823	0.998958733508448	0.913502679907436	0.957103455154382	0.574923640335089
ENSG00001824	0.998958733508448	7.03548479177564e-08	0.764301244646489	0.434267569589909
ENSG00001825	0.969909460548117	0.887310877545435	0.243876729425344	0.849772814604736
ENSG00001827	0.998958733508448	0.877424906470541	0.918439579578949	0.533783188537465
ENSG00001830	0.998958733508448	0.612071557842641	0.918439579578949	0.968424795721024
ENSG00001831	0.998958733508448	0.913683645986814	0.833233172411689	0.526621437955506
ENSG00001835	0.998958733508448	0.720757504958105	0.594862135599414	0.517432868441527
ENSG00001838	0.998958733508448	0.791418301466218	0.00316989458035058	0.000125577541846152
ENSG00001840	0.0535092457465785	0.782681687700647	0.829876361885996	0.0402579740477848
ENSG00001842	0.998958733508448	0.590837357546167	0.234821771020669	0.660469143415081
ENSG00001846	0.998958733508448	0.0551770646398377	2.85794338893298e-05	2.66437476384655e-10
ENSG00001850	0.998958733508448	0.979653315691842	0.0118711952335016	0.231556023818507
ENSG00001855	0.998958733508448	1.99626165246269e-08	2.02524427345015e-07	2.66437476384655e-10
ENSG00001856	0.998958733508448	0.842080716533683	0.014372226775049	0.000177064603861379
ENSG00001858	0.998958733508448	0.678523506511405	0.847403780331637	0.981507992156715
ENSG00001860	0.868343653866905	0.756014935694308	0.768519058114789	0.684528352975001
ENSG00001864	0.998958733508448	0.443627502963334	0.0321212501159387	5.60976209636771e-05
ENSG00001866	0.998958733508448	0.936980249880012	0.000313007199094198	8.95285024775562e-05
ENSG00001873	0.998958733508448	0.148455533371463	2.74221726807621e-08	1.26341867864527e-11
ENSG00001882	0.998958733508448	0.967931657001918	0.89809390098841	0.842229111220513
ENSG00001884	0.998958733508448	0.939879868197714	0.547498465733305	0.427610039105338
ENSG00001887	0.998958733508448	0.963849806961968	0.952399007915548	0.809399405216552
ENSG00001889	0.998958733508448	0.942244388818565	0.944228979214989	0.765241776917039
ENSG00001891	0.998958733508448	0.963703109244201	3.55819895718587e-08	0.013593795833931
ENSG00001895	0.998958733508448	0.670394231835017	0.721649642344391	0.950493400534262
ENSG00001897	0.998958733508448	0.745363819412625	0.82443784708912	0.185205588575763
ENSG00001902	0.998958733508448	0.860733287404564	0.514891294923093	0.00901259176005093
ENSG00001905	0.998958733508448	0.983027942935103	0.95305452615754	0.823590313948372
ENSG00001912	0.998958733508448	0.963703109244201	0.472906668148597	0.0253302842193342
ENSG00001914	0.998958733508448	0.235984455420069	5.85336648119348e-06	1.50009266432491e-08
ENSG00001918	0.998958733508448	0.778251781216396	0.874832831574826	0.182179786609284
ENSG00001920	0.998958733508448	0.782238450282581	0.0642281432163408	0.0312698335442141
ENSG00001922	0.998958733508448	0.727971879592928	0.926240246014156	0.869812803564565
ENSG00001924	0.627197908160385	0.96963314871066	0.29736100452515	0.355211252331521
ENSG00001928	0.998958733508448	0.606763969889523	4.68226890335076e-06	0.170694368761637
ENSG00001929	0.998958733508448	0.582094796984357	0.00341094631365639	2.56934869697924e-06
ENSG00001935	0.998958733508448	0.544586077246233	0.419383466759823	0.00811092692479708
ENSG00001937	0.998958733508448	0.765238660931702	0.0572038106331143	0.694854579865815
ENSG00001938	0.998958733508448	0.989520329826775	0.000725708302105607	0.049585638378568
ENSG00001939	0.998958733508448	0.989740181464203	0.687779741285936	0.655251029003324
ENSG00001940	0.998958733508448	0.760212350494558	0.0169215722437617	0.000471108693475391
ENSG00001942	0.998958733508448	0.852423844964393	0.713752268560053	0.789820086602553
ENSG00001947	0.998958733508448	0.40605253300478	4.82584489695263e-07	3.38314222495045e-06
ENSG00001948	0.998958733508448	0.749836302968682	0.952399007915548	0.190044256938831
ENSG00001949	0.998958733508448	0.963703109244201	0.913339989192202	0.0912778862653833
ENSG00001956	0.998958733508448	0.67330559031746	0.935309757665611	0.517613625273393
ENSG00001957	0.998958733508448	0.762137943647546	0.969311725057771	0.783375345237437
ENSG00001958	0.998958733508448	0.971361553295389	0.245416890277022	0.7267355513085
ENSG00001962	0.998958733508448	0.720757504958105	0.79089445586656	0.734488297821371
ENSG00001964	0.998958733508448	0.963703109244201	0.514891294923093	0.80197091545701
ENSG00001968	0.511179592425069	0.855212803879092	0.954173763829846	0.912006410836594
ENSG00001970	0.998958733508448	0.957365238253538	0.551156741049817	0.0177652673886706
ENSG00001972	0.998958733508448	0.100081049192384	0.0557209350593753	0.908102758181089
ENSG00001974	0.998958733508448	0.939879868197714	0.0950964070626655	0.684651051232939
ENSG00001975	0.998958733508448	0.765238660931702	0.0771820064524491	3.1842032587538e-05
ENSG00001976	0.998958733508448	0.92458922397994	0.554601593936827	0.332193097525591
ENSG00001981	0.998958733508448	0.462123721899943	0.792503591509807	0.698597056909265
ENSG00001984	0.998958733508448	0.942244388818565	0.947724941337104	0.444713254567223
ENSG00001985	0.998958733508448	0.000161700514181332	0.000253336407669206	2.66437476384655e-10
ENSG00001986	0.998958733508448	0.760212350494558	0.903117654701586	0.0168955933658913
ENSG00001989	0.998958733508448	0.913683645986814	0.863020479933523	0.781343051017798
ENSG00001994	0.998958733508448	0.918689224348237	0.937117757496465	0.840098953387377
ENSG00001998	0.998958733508448	0.184758400049047	0.0679474789007455	0.278065875972671
ENSG00002000	0.998958733508448	0.267678906411772	0.884792306094972	0.940904397964553
ENSG00002006	0.998958733508448	0.960259900615388	0.0182266511068035	0.00693959484701813
ENSG00002007	0.998958733508448	0.962136522998565	0.734770085949704	0.972311460300717
ENSG00002009	0.998958733508448	0.246892965225356	0.826243685990751	0.483626454151463
ENSG00002010	0.998958733508448	0.373340357413146	0.0845891034123556	0.94740425498327
ENSG00002013	0.998958733508448	0.213545157336573	0.387377002898493	0.510172420942509
ENSG00002014	0.998958733508448	0.320393725887252	0.00611415473424821	0.000177064603861379
ENSG00002015	0.998958733508448	0.0361288359806138	1.81818842176007e-06	0.321716389337885
ENSG00002016	0.998958733508448	0.00205222562116873	1.45551029138654e-06	1.9300456397548e-08
ENSG00002021	0.998958733508448	0.114045369689958	8.94852428164012e-08	0.0732544610866056
ENSG00002023	0.998958733508448	0.67330559031746	0.514891294923093	0.372236987857453
ENSG00002026	0.998958733508448	0.953942551665633	0.948998567739369	0.877556885803438
ENSG00002034	0.998958733508448	0.965163094128348	0.26840868845532	0.637293513938759
ENSG00002036	0.998958733508448	0.855212803879092	0.393193188751004	0.766522828069637
ENSG00002043	0.760521494667795	0.555595877441171	0.936592183697044	0.371654276466966
ENSG00002045	0.998958733508448	0.809905346131735	0.155603936195567	1.16469348458649e-08
ENSG00002050	0.998958733508448	0.745243066241883	0.555690549592883	0.278397260136213
ENSG00002051	0.998958733508448	0.395677589303454	0.52125673587925	0.842229111220513
ENSG00002053	0.998958733508448	0.963703109244201	0.0133319539769556	0.0249560426160124
ENSG00002055	0.998958733508448	0.965163094128348	0.734770085949704	0.866766359872404
ENSG00002061	0.998958733508448	0.9446625419228	0.915794205765402	0.361325683782149
ENSG00002062	0.998958733508448	1.99626165246269e-08	0.912494000287392	0.616593176557057
ENSG00002063	0.998958733508448	0.720757504958105	0.822477767300299	0.916705921930812
ENSG00002069	0.998958733508448	0.842080716533683	0.0293417288642075	0.849772814604736
ENSG00002072	0.998958733508448	0.723853540255057	0.93196938609287	0.306489673914254
ENSG00002073	0.998958733508448	0.899236548578614	0.879923046269859	0.230454957403578
ENSG00002075	0.998958733508448	0.756014935694308	0.879401898449253	0.99312353866458
ENSG00002079	0.998958733508448	0.442567786297108	0.0504785148842477	0.0638611958420253
ENSG00002080	0.998958733508448	0.868857177912341	0.777399412115796	0.782187131965182
ENSG00002082	0.998958733508448	0.842080716533683	0.973323762562709	3.80594168707653e-06
ENSG00002084	0.998958733508448	0.963703109244201	0.926240246014156	0.82474989647799
ENSG00002088	0.627197908160385	0.664390609720849	0.299837299624456	0.355765510559352
ENSG00002090	0.998958733508448	0.971361553295389	0.916465072777246	2.85582221379199e-06
ENSG00002092	0.998958733508448	2.6831166360402e-06	5.32543002357375e-05	7.12834508978872e-06
ENSG00002093	0.998958733508448	0.00386049687546867	1.28622628355876e-06	0.00197196153988121
ENSG00002096	0.998958733508448	0.963849806961968	0.802205031262849	0.771637398912012
ENSG00002097	0.998958733508448	0.484931291178446	0.777399412115796	0.642162029454906
ENSG00002101	0.998958733508448	0.843458579454085	0.153037439330532	0.608664815680178
ENSG00002102	0.998958733508448	0.963703109244201	0.916146714199235	0.704537656925845
ENSG00002104	0.998958733508448	0.842080716533683	0.955751018896573	0.560562475458004
ENSG00002110	0.998958733508448	0.606763969889523	0.95305452615754	0.712732130346297
ENSG00002112	0.998958733508448	0.000683632385093116	0.0131890900459649	0.0739522093977728
ENSG00002114	0.998958733508448	0.0407939695505926	0.651201159020403	0.454512144256716
ENSG00002120	0.0123487508225004	5.3739219555918e-07	1.70432843900342e-05	0.00158818360964222
ENSG00002122	0.998958733508448	0.855212803879092	0.784432468782251	0.911337385810194
ENSG00002130	0.998958733508448	0.963703109244201	0.776836816669287	0.521932112735491
ENSG00002131	0.996018255087451	0.815997332115388	0.755085158086814	0.530796032998849
ENSG00002133	0.876749375605788	0.929367737101411	0.493813671588229	0.248582157434595
ENSG00002134	0.998958733508448	0.942244388818565	0.46890040949482	0.260558387241354
ENSG00002138	0.998958733508448	0.975427361909935	0.00120857077630405	3.52465519946724e-07
ENSG00002145	0.998958733508448	0.731576500612862	0.721649642344391	0.862403483630732
ENSG00002147	0.998958733508448	0.96963314871066	0.687286860018647	0.773097546693157
ENSG00002151	0.998958733508448	0.759766799595128	0.00264829970095237	4.71404218470885e-05
ENSG00002154	0.998958733508448	0.594781850298499	0.82443784708912	0.713031284505867
ENSG00002156	0.998958733508448	0.860733287404564	0.952399007915548	0.514000722312462
ENSG00002157	0.998958733508448	0.71193461194915	0.000180157689890486	5.79609281812011e-06
ENSG00002159	0.998958733508448	0.244560166623589	0.841290655554839	0.881209990331153
ENSG00002161	0.742481672068446	0.408340347892515	0.351672037365822	0.482049857043999
ENSG00002162	0.998958733508448	0.448026585223423	0.953672393073883	0.636326097137153
ENSG00002163	0.998958733508448	0.842080716533683	0.550308544313765	0.0183145353249656
ENSG00002166	0.998958733508448	0.670394231835017	0.299837299624456	0.404597369554208
ENSG00002168	0.998958733508448	0.842080716533683	5.17456275013636e-06	0.000531423730505352
ENSG00002169	0.998958733508448	0.398421644572135	0.12839118919674	0.613792656704155
ENSG00002170	0.998958733508448	0.405499975055928	0.551156741049817	0.80197091545701
ENSG00002171	0.998958733508448	0.241168320623342	0.00180534418279905	0.00640732041243173
ENSG00002173	0.998958733508448	4.00275102003956e-05	0.00838523677235536	0.837490822998434
ENSG00002176	0.998958733508448	0.67330559031746	0.218479907184665	0.000545895822368075
ENSG00002177	0.998958733508448	0.702480521865857	0.790945331045212	0.341425180092333
ENSG00002181	0.998958733508448	0.9446625419228	0.121536586302243	0.408233359046825
ENSG00002183	0.998958733508448	0.927427437579151	0.240967040304738	0.839380888174813
ENSG00002186	0.998958733508448	0.000612650663599026	1.39257841236282e-07	9.01679712121596e-08
ENSG00002187	0.998958733508448	0.864414495269465	0.805986052295744	0.616593176557057
ENSG00002196	0.998958733508448	0.983027942935103	0.309404921772325	0.838544300433927
ENSG00002197	0.998958733508448	2.4430520089003e-05	0.000864409771682551	0.00126449247646291
ENSG00002199	0.869601743711941	0.320393725887252	0.179120918007924	0.0123912592019829
ENSG00002204	0.998958733508448	0.720757504958105	0.497181500359738	0.135424791778014
ENSG00002207	0.998958733508448	0.208151693190231	0.680890091778692	0.0175716751947772
ENSG00002209	0.998958733508448	0.756447371584861	0.903117654701586	0.0131937683371551
ENSG00002210	0.121807550384177	0.843458579454085	0.777833569120276	0.838544300433927
ENSG00002215	0.998958733508448	0.589463444057495	0.86957251856247	0.992103865043694
ENSG00002218	0.998958733508448	0.659071033330904	0.982544234291728	0.838544300433927
ENSG00002224	0.998958733508448	0.963703109244201	0.705554116838887	0.94740425498327
ENSG00002225	0.998958733508448	0.963703109244201	0.157603188058421	0.000134710357968931
ENSG00002228	0.998958733508448	0.27297107103094	0.551156741049817	0.94740425498327
ENSG00002230	0.998958733508448	0.985431745505728	0.844343237174788	0.734488297821371
ENSG00002233	0.998958733508448	0.715456811116257	0.109321005170139	0.214880880938433
ENSG00002234	0.998958733508448	0.983027942935103	0.935309757665611	0.978854510072521
ENSG00002235	0.998958733508448	0.0071285053659253	0.000157048892827164	0.0680053892583246
ENSG00002238	0.998958733508448	0.413624201540983	0.776836816669287	0.0815280201622327
ENSG00002239	0.277098146776096	0.0311257104016288	0.562774432198072	0.607156101625049
ENSG00002240	0.998958733508448	0.950584767430676	0.999164602056881	0.0595951443680533
ENSG00002242	0.998958733508448	0.834726074581694	0.606174305226772	0.285951814148123
ENSG00002243	0.998958733508448	0.343094840824834	0.935309757665611	0.765241776917039
ENSG00002244	0.998958733508448	0.935598838385827	0.551304203172644	0.470890784580957
ENSG00002248	0.998958733508448	0.00130593111196165	4.12802280781907e-09	0.0747644428823666
ENSG00002251	0.998958733508448	0.950584767430676	0.935521105969614	0.991945393173697
ENSG00002254	0.998958733508448	0.0578949991436112	7.90331846548613e-09	8.84281132853712e-07
ENSG00002255	0.511179592425069	0.96963314871066	0.570926912184139	0.259543264053401
ENSG00002259	0.998958733508448	0.756014935694308	0.156645656568846	0.408233359046825
ENSG00002260	0.998958733508448	0.963703109244201	0.390030623479918	0.966101682657439
ENSG00002262	0.998958733508448	0.963703109244201	0.318385414741135	0.0293285658449912
ENSG00002263	0.998958733508448	0.756014935694308	0.566007825432404	0.981507992156715
ENSG00002264	0.998958733508448	0.983027942935103	0.562774432198072	0.849772814604736
ENSG00002265	0.277098146776096	0.855212803879092	0.437635733503219	0.264010772592013
ENSG00002270	0.998958733508448	0.363267963506224	0.894773214836892	0.0343915320621192
ENSG00002272	0.998958733508448	0.808712394300221	0.648555421299906	0.100338654397584
ENSG00002274	0.998958733508448	0.983027942935103	0.128243450979179	0.735096024856478
ENSG00002278	0.998958733508448	0.978546677848048	0.130155985794355	0.291127739411578
ENSG00002279	0.998958733508448	0.927427437579151	0.606174305226772	0.838544300433927
ENSG00002281	0.998958733508448	0.965163094128348	7.58633957560066e-06	4.22449436254643e-06
ENSG00002282	0.998958733508448	0.000478529870308618	1.44615302356604e-05	3.60215588568458e-07
ENSG00002286	0.998958733508448	0.868857177912341	0.142395667382686	0.69122953720133
ENSG00002287	0.998958733508448	0.985431745505728	0.913339989192202	0.981581047181005
ENSG00002289	0.998958733508448	0.878658103118266	0.840124726097835	0.0446107206546836
ENSG00002290	0.998958733508448	0.913683645986814	0.463645852107702	0.999391700223044
ENSG00002293	0.998958733508448	0.815997332115388	0.393653247830799	0.454249126627004
ENSG00002294	0.998958733508448	0.842080716533683	0.698925821582437	0.109329661161049
ENSG00002297	0.998958733508448	0.224675376542601	0.823155660686772	0.332193097525591
ENSG00002303	0.25106820056441	0.0364993923132281	0.12839118919674	0.649708436338613
ENSG00002304	0.998958733508448	0.913683645986814	0.00178015592610306	0.000110957642899205
ENSG00002305	0.998958733508448	0.882782094641725	0.971700167292095	0.838544300433927
ENSG00002306	0.998958733508448	0.994029304591727	0.970392350803876	0.409761644187796
ENSG00002307	0.998958733508448	0.745363819412625	0.799196031189439	0.170556441777929
ENSG00002313	0.998958733508448	0.363866947639393	0.0803572536579399	0.934693369071416
ENSG00002317	0.998958733508448	0.228214279549351	0.0621085386452794	0.00179406004859178
ENSG00002324	0.998958733508448	0.0626649305914428	0.000135403387481963	0.958222232925851
ENSG00002325	0.933222626062712	0.852008449541795	0.745496849881374	0.214880880938433
ENSG00002327	0.998958733508448	0.0174364348805663	2.25411381762694e-10	3.15699598742668e-08
ENSG00002330	0.998958733508448	0.91685903227243	3.91439297704185e-06	0.849772814604736
ENSG00002333	0.998958733508448	0.329482864605756	0.395400619546164	0.213593815039831
ENSG00002334	0.998958733508448	0.887310877545435	0.911634800996289	0.214880880938433
ENSG00002335	0.998958733508448	0.000197352419226203	0.499006279501975	0.031551498923585
ENSG00002341	0.998958733508448	0.587608340224897	0.287084458941536	0.833686319098516
ENSG00002345	0.998958733508448	0.808712394300221	0.651688301769087	0.789820086602553
ENSG00002346	0.998958733508448	0.489775186770785	0.204144529049598	0.404597369554208
ENSG00002347	0.998958733508448	0.726262057906608	0.921641296242288	0.496272455213478
ENSG00002350	0.998958733508448	0.91110418338106	0.926240246014156	0.981581047181005
ENSG00002353	0.998958733508448	0.847077280540236	0.361122268293944	0.789820086602553
ENSG00002355	0.998958733508448	0.847077280540236	0.000721543785819638	1.84422863816572e-05
ENSG00002356	0.998958733508448	0.670394231835017	0.936154342186695	0.843387849292251
ENSG00002358	0.998958733508448	0.957365238253538	0.952399007915548	0.895693200810584
ENSG00002363	0.998958733508448	0.963703109244201	0.596081810921596	0.612994888225182
ENSG00002365	0.998958733508448	6.00696270930395e-05	0.00226084595855881	0.000459689908670539
ENSG00002366	0.998958733508448	0.00710478709922589	0.300277352105669	0.636326097137153
ENSG00002367	0.951138790985812	0.303937392321587	0.0233570459444411	0.385297539874568
ENSG00002368	0.998958733508448	0.635166462426236	0.0903087784050618	0.00015179580788197
ENSG00002369	0.998958733508448	0.606763969889523	3.41344778243685e-07	2.94416423614755e-09
ENSG00002370	0.998958733508448	0.00358331704662769	1.73636997436274e-07	1.69504800984683e-08
ENSG00002371	0.998958733508448	0.887310877545435	0.0313109414137683	0.000102063245325707
ENSG00002373	0.998958733508448	0.963703109244201	0.370292796426056	0.807992858073189
ENSG00002374	0.998958733508448	0.963703109244201	0.240967040304738	0.382302093398432
ENSG00002385	0.998958733508448	0.746321264500423	0.0264841381198366	0.044290671512216
ENSG00002395	0.998958733508448	0.395677589303454	0.805986052295744	0.880228363878323
ENSG00002397	0.998958733508448	0.144679549380641	0.291088928191421	0.728998462440116
ENSG00002398	0.223754557795688	0.947422326489069	0.999341878943013	0.805038866557324
ENSG00002399	0.998958733508448	0.879468475965123	0.926240246014156	0.958222232925851
ENSG00002401	0.998958733508448	0.536380497889685	0.261679925150758	0.865177659243007
ENSG00002402	0.998958733508448	0.96963314871066	0.915284508137408	0.000114734621147871
ENSG00002404	0.998958733508448	0.942244388818565	0.154672359088139	0.880228363878323
ENSG00002405	0.998958733508448	0.194903537493604	0.698432370849121	0.978854510072521
ENSG00002406	0.998958733508448	0.442567786297108	0.261679925150758	0.00741752487538078
ENSG00002407	0.998958733508448	0.735026494213588	0.0272682598652285	0.0147267820899173
ENSG00002410	0.998958733508448	0.677097426099988	0.713752268560053	0.746379853106883
ENSG00002411	0.998958733508448	0.983027942935103	0.658480837063746	0.672630025622564
ENSG00002412	0.998958733508448	0.715456811116257	0.638736920969675	0.58002983248317
ENSG00002419	0.998958733508448	0.834726074581694	0.208425508755856	0.94740425498327
ENSG00002421	0.998958733508448	0.958638127110773	0.950364821546123	0.838544300433927
ENSG00002422	0.998958733508448	0.609955881525679	0.979487240201288	0.682535771619639
ENSG00002424	0.760521494667795	0.670394231835017	0.889378181427644	0.73348503423467
ENSG00002428	0.998958733508448	0.978546677848048	0.806551240952051	0.84427162142165
ENSG00002430	0.998958733508448	0.984659143202273	0.794831405740157	0.723360300421398
ENSG00002434	0.998958733508448	0.91319657986532	0.178812082435517	0.044166036873344
ENSG00002436	0.998958733508448	0.855212803879092	0.96729362474682	0.863163740348163
ENSG00002438	0.998958733508448	0.97512829854446	0.760621060174114	0.838544300433927
ENSG00002443	0.998958733508448	0.643118609021663	0.962031592975545	0.517613625273393
ENSG00002446	0.998958733508448	0.351767688248807	0.311977656700339	0.713389011310568
ENSG00002450	0.998958733508448	0.913502679907436	0.680519428776346	0.363770855494202
ENSG00002451	0.998958733508448	0.341542083071371	0.824378407179117	0.80485955656769
ENSG00002453	0.998958733508448	0.868857177912341	0.93290865669665	0.700424460824797
ENSG00002455	0.998958733508448	0.855212803879092	0.0139470567891224	0.112972838824543
ENSG00002457	0.998958733508448	0.0806097036556169	0.0296213478200594	0.000772935614222913
ENSG00002458	0.679924438881611	0.663094182624123	0.781305078938932	0.567224355608219
ENSG00002464	0.760521494667795	0.985431745505728	0.985053578817162	0.880228363878323
ENSG00002471	0.998958733508448	0.239776111286666	0.82443784708912	0.632141018490084
ENSG00002475	0.998958733508448	0.950584767430676	0.570926912184139	0.582841081415623
ENSG00002477	0.998958733508448	0.117935738506088	1.54103888990786e-07	6.48643646350779e-07
ENSG00002479	0.998958733508448	0.350571926212005	0.493531283694319	0.00669157356090322
ENSG00002480	0.998958733508448	0.934918974577562	0.999341878943013	0.889905361759643
ENSG00002484	0.998958733508448	0.756014935694308	0.975662053220026	0.238025323811683
ENSG00002485	0.998958733508448	0.842080716533683	0.926240246014156	0.809399405216552
ENSG00002487	0.998958733508448	0.574144565701386	0.0258879961730791	0.766522828069637
ENSG00002488	0.998958733508448	0.000655028633983077	0.0342735699293032	0.00490912073700742
ENSG00002491	0.998958733508448	0.176968482884091	0.0629679942666179	0.210181915945624
ENSG00002497	0.998958733508448	0.963703109244201	0.658480837063746	0.823505456886998
ENSG00002498	0.998958733508448	0.934918974577562	0.194310205194129	0.494198890993994
ENSG00002503	0.998958733508448	0.149111984445842	0.765437042160128	0.000218336548524367
ENSG00002505	0.998958733508448	0.663094182624123	0.000327833104578407	0.0316850257923808
ENSG00002507	0.998958733508448	0.927427437579151	0.156645656568846	0.0677339318674286
ENSG00002512	0.998958733508448	0.631529492163788	0.547498465733305	0.840605117674099
ENSG00002513	0.828234454894704	0.844457261214178	0.484496845704876	0.203272973846729
ENSG00002514	0.760521494667795	0.868857177912341	0.40938400584809	0.123445760539398
ENSG00002515	0.998958733508448	0.462123721899943	0.931936777165033	0.256972356447921
ENSG00002516	0.998958733508448	0.963703109244201	0.557543968310791	0.049585638378568
ENSG00002517	0.998958733508448	0.75820325407188	0.935309757665611	0.765241776917039
ENSG00002518	0.998958733508448	0.868857177912341	0.721649642344391	0.837490822998434
ENSG00002519	0.998958733508448	0.99692385327154	0.926240246014156	0.00495963184558298
ENSG00002520	0.998958733508448	0.00296731549358997	4.17438173232535e-05	0.000465864206422792
ENSG00002525	0.998958733508448	0.121050887108337	0.641170481821773	0.0713305068176526
ENSG00002526	0.998958733508448	0.842080716533683	0.903117654701586	0.820776387829429
ENSG00002527	0.959708448268924	0.975350054435828	0.949309574804673	0.773097546693157
ENSG00002528	0.998958733508448	0.371403562202351	0.93290865669665	0.843387849292251
ENSG00002531	0.998958733508448	0.324854168927939	0.425732356009692	0.524357282485581
ENSG00002534	0.998958733508448	0.963703109244201	0.593958114982121	0.192232808999616
ENSG00002536	0.998958733508448	0.942244388818565	0.560224442431325	0.648385822459262
ENSG00002548	0.998958733508448	0.506460877046504	0.808604840002604	0.849772814604736
ENSG00002550	0.998958733508448	0.787137299328851	0.639140025171134	0.875249830685855
ENSG00002552	0.998958733508448	0.00185468350010268	3.45751660859155e-06	0.00236744717894449
ENSG00002557	0.998958733508448	0.720757504958105	0.346285240894481	0.435812340470749
ENSG00002561	0.998958733508448	0.698891002218683	0.433662362545055	0.890296895689865
ENSG00002564	0.998958733508448	0.96963314871066	0.926240246014156	0.472646967188941
ENSG00002568	0.998958733508448	0.925169394952358	0.0454911542556799	0.00443502110328288
ENSG00002573	0.998958733508448	0.930182521933032	0.146072950423545	0.094568992656785
ENSG00002574	0.998958733508448	0.189330101110982	0.136430665573311	0.00901388904699283
ENSG00002576	0.277098146776096	0.955806141126319	0.802533675257546	0.682535771619639
ENSG00002580	0.998958733508448	0.551716194874689	0.955969896766904	0.958222232925851
ENSG00002582	0.998958733508448	0.892725504293575	0.777833569120276	0.877556885803438
ENSG00002583	0.998958733508448	0.806553313969574	0.721649642344391	0.268006000762888
ENSG00002584	0.760521494667795	0.989520329826775	0.304336234947079	0.934693369071416
ENSG00002588	0.998958733508448	0.00277016137758353	0.806551240952051	0.927813565582824
ENSG00002591	0.998958733508448	0.474618480516214	0.00226084595855881	0.223527026803092
ENSG00002597	0.998958733508448	0.196451335345866	0.721649642344391	0.655251029003324
ENSG00002598	0.998958733508448	0.45953110691414	0.010707084271784	0.00197196153988121
ENSG00002599	0.998958733508448	0.684295914725784	0.0871142425186533	4.04143600442912e-06
ENSG00002601	0.998958733508448	0.878658103118266	0.261386067596307	0.211465468616585
ENSG00002610	0.998958733508448	0.782681687700647	0.916146714199235	0.866766359872404
ENSG00002611	0.998958733508448	0.800301259927334	0.160217436256589	0.597571954811097
ENSG00002612	0.998958733508448	0.855793693703703	0.87751582204082	0.510172420942509
ENSG00002615	0.998958733508448	0.963703109244201	0.952399007915548	0.926646114412871
ENSG00002616	0.998958733508448	0.189878703814582	0.00887048027070033	0.0005384472622578
ENSG00002618	0.998958733508448	0.842080716533683	0.727073653078468	0.734488297821371
ENSG00002619	0.511179592425069	0.000247492792585248	0.000263497768069959	6.46878893723907e-06
ENSG00002621	0.998958733508448	0.653997515677194	0.840564052040482	0.503880950539162
ENSG00002623	0.998958733508448	0.809905346131735	0.00542351393536935	0.00894502831035574
ENSG00002624	0.998958733508448	0.670394231835017	0.00130881878849654	2.06613594040813e-05
ENSG00002627	0.998958733508448	0.912179639366323	0.290610739627498	0.544464211755337
ENSG00002628	0.998958733508448	0.227331501955723	0.944814088491187	0.78832112899373
ENSG00002634	0.998958733508448	0.756014935694308	0.639140025171134	0.838544300433927
ENSG00002640	0.998958733508448	0.891454131668627	0.204144529049598	0.115135855786409
ENSG00002644	0.998958733508448	0.0158486833526523	0.332010352600902	0.782187131965182
ENSG00002645	0.998958733508448	0.939067108870743	0.907874301860375	0.945179182311286
ENSG00002648	0.998958733508448	0.276406506238007	1.86596749071456e-05	2.21188476064632e-06
ENSG00002649	0.998958733508448	0.0685093865158076	0.12739630031676	0.981581047181005
ENSG00002653	0.998958733508448	0.975359228373749	0.756055043026967	0.504097963895117
ENSG00002657	0.998958733508448	0.913502679907436	0.82443784708912	0.912061668643824
ENSG00002661	0.998958733508448	0.92122677650148	0.805986052295744	0.883544201407364
ENSG00002663	0.998958733508448	0.123455129275596	0.168574963095581	7.43230180389515e-05
ENSG00002666	0.998958733508448	0.882782094641725	0.912494000287392	0.950479127074073
ENSG00002670	0.998958733508448	0.881431075019549	0.27892886706151	0.940904397964553
ENSG00002673	0.998958733508448	0.544586077246233	0.116817684865251	0.498188361656574
ENSG00002678	0.869184339338971	0.96963314871066	0.777833569120276	0.275308115270874
ENSG00002679	0.998958733508448	0.942244388818565	0.163264801482196	0.765241776917039
ENSG00002680	0.998958733508448	0.913502679907436	0.954173763829846	0.616582636425946
ENSG00002688	0.998958733508448	0.917738962759955	0.970656694366137	0.750301113485105
ENSG00002695	0.998958733508448	0.109835651585277	0.989636670800845	0.746379853106883
ENSG00002698	0.742481672068446	0.790842833149882	0.999341878943013	0.622848210114912
ENSG00002700	0.998958733508448	0.975359228373749	0.838236326522255	0.51266688947417
ENSG00002712	0.998958733508448	0.868857177912341	0.777399412115796	0.815517578395241
ENSG00002719	0.998958733508448	0.702480521865857	0.805986052295744	0.816567603521129
ENSG00002724	0.998958733508448	0.756014935694308	0.734770085949704	0.348156470735114
ENSG00002725	0.998958733508448	0.901909347973588	0.168574963095581	0.927813565582824
ENSG00002726	0.998958733508448	0.963703109244201	0.206330008957456	0.78832112899373
ENSG00002727	0.998958733508448	0.474241044671134	0.705554116838887	0.391759996748989
ENSG00002730	0.998958733508448	0.536380497889685	4.26319423650627e-07	1.10861032668393e-07
ENSG00002732	0.998958733508448	0.7343095892298	0.829876361885996	0.823505456886998
ENSG00002734	0.998958733508448	0.865563315803365	0.389665847950594	0.573287085530367
ENSG00002736	0.998958733508448	0.847077280540236	0.781305078938932	0.989129404551221
ENSG00002737	0.998958733508448	0.67330559031746	0.437635733503219	0.550078884266647
ENSG00002743	0.760521494667795	0.756014935694308	0.926240246014156	0.507579795472867
ENSG00002745	0.998958733508448	0.967931657001918	0.913339989192202	0.860987293942115
ENSG00002749	0.760521494667795	0.320393725887252	7.16143907384266e-05	9.93427870388928e-06
ENSG00002751	0.998958733508448	0.887310877545435	0.338114817462125	0.869796316974927
ENSG00002752	0.998958733508448	0.923534063756894	0.923028315895684	0.78832112899373
ENSG00002754	0.998958733508448	0.67330559031746	0.0034996977093731	3.27464245591908e-06
ENSG00002759	0.93568861095667	0.702480521865857	0.000723494221625744	3.74669464854169e-05
ENSG00002761	0.998958733508448	0.545555321540971	2.91384698458394e-05	1.12815473108879e-06
ENSG00002763	0.998958733508448	0.746321264500423	0.00696531588570027	0.0154469027571083
ENSG00002765	0.998958733508448	0.695499195687351	0.27892886706151	0.330587926460879
ENSG00002766	0.998958733508448	0.815997332115388	0.952399007915548	0.94740425498327
ENSG00002770	0.998958733508448	0.538172597353578	0.108895306081132	0.363977829467904
ENSG00002774	0.998958733508448	0.971361553295389	0.967422144586947	0.734488297821371
ENSG00002776	0.998958733508448	0.64257733579811	0.0454911542556799	0.655251029003324
ENSG00002783	0.998958733508448	0.925370549259049	0.784432468782251	0.901427707916962
ENSG00002786	0.998958733508448	0.774910924785894	0.497140208101102	0.336714361668225
ENSG00002788	0.998958733508448	0.877424906470541	0.219833244627605	0.80485955656769
ENSG00002789	0.998958733508448	0.756014935694308	0.95305452615754	0.176760248093474
ENSG00002791	0.998958733508448	0.598039705061186	0.223542170146591	0.222380817428688
ENSG00002792	0.998958733508448	0.946211211193814	0.0791498461240538	0.0482247611390492
ENSG00002794	0.257676381540202	0.925370549259049	0.936592183697044	0.0203475404908061
ENSG00002795	0.998958733508448	0.847077280540236	0.881966185408434	0.136902026016883
ENSG00002797	0.998958733508448	0.939752883435601	0.979487240201288	0.746379853106883
ENSG00002802	0.998958733508448	0.587608340224897	0.721649642344391	0.0310940601159265
ENSG00002803	0.998958733508448	0.22996033321018	0.000108298986960399	7.76387142447214e-05
ENSG00002805	0.998958733508448	0.989999955365291	0.935309757665611	0.608664815680178
ENSG00002806	0.998958733508448	0.99692385327154	0.608211559060306	0.0559685660275186
ENSG00002808	0.998958733508448	0.136513191581055	0.80945800109554	0.78832112899373
ENSG00002809	0.998958733508448	0.882782094641725	0.302989572261689	0.697586059474082
ENSG00002814	0.998958733508448	0.791418301466218	0.827161807333961	0.943585976577018
ENSG00002819	0.998958733508448	0.96963314871066	0.447623863292682	0.386625460440438
ENSG00002821	0.951138790985812	0.918689224348237	0.806551240952051	0.94740425498327
ENSG00002822	0.998958733508448	0.778251781216396	0.754457170316269	0.750301113485105
ENSG00002823	0.998958733508448	0.865563315803365	0.000128555046860366	4.53368649710673e-06
ENSG00002825	0.998958733508448	0.923491960816727	0.805986052295744	0.981581047181005
ENSG00002830	0.998958733508448	0.284919386121111	0.777833569120276	0.866766359872404
ENSG00002831	0.998958733508448	0.551716194874689	0.982544234291728	0.591080617996388
ENSG00002834	0.998958733508448	0.939067108870743	0.970656694366137	8.84281132853712e-07
ENSG00002835	0.998958733508448	0.791418301466218	0.648280081024135	0.881209990331153
ENSG00002839	0.998958733508448	0.124491863635509	0.257524662994989	0.207621064154927
ENSG00002840	0.998958733508448	0.842080716533683	0.944814088491187	0.310706153636933
ENSG00002842	0.998958733508448	0.994029304591727	0.971700167292095	0.792499215202897
ENSG00002845	0.998958733508448	0.000166411493703304	0.827161807333961	0.550078884266647
ENSG00002847	0.998958733508448	0.606763969889523	0.955751018896573	0.165917563473479
ENSG00002848	0.998958733508448	0.963703109244201	0.732135023022444	0.866766359872404
ENSG00002849	0.998958733508448	0.551716194874689	5.92300541020847e-05	4.03319859981323e-06
ENSG00002850	0.998958733508448	0.963703109244201	0.600845245798649	0.300201275017882
ENSG00002854	0.998958733508448	0.913683645986814	0.311125166470469	0.543673867523017
ENSG00002855	0.998958733508448	0.749836302968682	0.394516284938688	0.881209990331153
ENSG00002858	0.998958733508448	0.749836302968682	0.560224442431325	0.860987293942115
ENSG00002869	0.998958733508448	0.40605253300478	1.39783980814078e-05	1.10319682312952e-05
ENSG00002870	0.998958733508448	0.946211211193814	0.936818057416059	0.90990162889149
ENSG00002872	0.998958733508448	0.692940408722222	0.370292796426056	0.0728835549526601
ENSG00002877	0.627197908160385	0.855212803879092	0.753218660540156	0.94740425498327
ENSG00002879	0.998958733508448	0.984043201251351	0.587014908988295	0.0121103516393094
ENSG00002880	0.998958733508448	0.847077280540236	0.0350079008683296	0.908102758181089
ENSG00002882	0.998958733508448	0.994029304591727	0.989636670800845	0.228703534623257
ENSG00002884	0.998958733508448	0.92458922397994	0.935309757665611	0.911337385810194
ENSG00002885	0.998958733508448	0.808712394300221	0.30722446355311	0.0732544610866056
ENSG00002887	0.998958733508448	0.855212803879092	0.926240246014156	0.750301113485105
ENSG00002891	0.998958733508448	0.963703109244201	0.0669599857775421	0.807992858073189
ENSG00002893	0.998958733508448	0.043480987654558	0.015842953477679	0.000794069833386159
ENSG00002897	0.998958733508448	0.971361553295389	0.321781024406699	0.409761644187796
ENSG00002899	0.998958733508448	0.111054954532764	0.0313109414137683	0.00184192741710023
ENSG00002902	0.998958733508448	0.963703109244201	0.978522300697098	0.493670491218995
ENSG00002906	0.998958733508448	0.951011663155335	0.100504272643634	0.584026503014882
ENSG00002910	0.998958733508448	0.963849806961968	0.423137043854947	0.0641997905769783
ENSG00002911	0.998958733508448	0.939879868197714	0.89771843980748	0.51266688947417
ENSG00002916	0.998958733508448	0.456865377908817	1.52069338710864e-05	5.23983431086497e-09
ENSG00002919	0.998958733508448	0.878658103118266	0.952399007915548	0.768706320908039
ENSG00002921	0.998958733508448	0.984659143202273	0.437635733503219	0.476876186166272
ENSG00002923	0.998958733508448	0.52928962563663	9.81944909033022e-05	1.9114316365302e-05
ENSG00002924	0.998958733508448	0.698891002218683	0.733977187136394	0.547575341540572
ENSG00002925	0.998958733508448	0.64257733579811	0.935309757665611	0.877556885803438
ENSG00002926	0.998958733508448	0.963849806961968	5.34130735925995e-05	0.915212069061972
ENSG00002929	0.998958733508448	0.437500300173327	0.420979326136293	0.133183773559014
ENSG00002931	0.998958733508448	0.587608340224897	0.511608446924881	0.790353897286879
ENSG00002935	0.998958733508448	0.726262057906608	0.952399007915548	0.546006457159647
ENSG00002940	0.998958733508448	0.572787943656554	0.617399051284196	0.503880950539162
ENSG00002943	0.998958733508448	0.928510819023085	0.935309757665611	0.409761644187796
ENSG00002950	0.998958733508448	0.120148991440464	0.389665847950594	0.742207894845401
ENSG00002951	0.998958733508448	0.963703109244201	0.00117285340261615	0.0133449043063467
ENSG00002952	0.998958733508448	0.515932234175549	0.559403920989417	0.0787776958619435
ENSG00002956	0.998958733508448	0.670394231835017	0.903117654701586	0.84427162142165
ENSG00002960	0.998958733508448	0.720757504958105	0.756055043026967	0.816567603521129
ENSG00002963	0.998958733508448	0.84999527496673	0.63502876049342	0.862403483630732
ENSG00002964	0.760521494667795	0.91110418338106	0.810258041534059	0.862403483630732
ENSG00002967	0.998958733508448	0.144760839161631	0.827161807333961	0.997829348145056
ENSG00002974	0.998958733508448	0.934918974577562	0.763982589844174	0.807514740144898
ENSG00002981	0.998958733508448	0.515932234175549	0.944814088491187	0.409167593012086
ENSG00002983	0.998958733508448	0.882782094641725	0.837873596726506	0.715506125992895
ENSG00002985	0.998958733508448	0.96963314871066	0.497181500359738	0.892951457166496
ENSG00002994	0.998958733508448	0.957365238253538	0.462047611277468	0.765241776917039
ENSG00002996	0.715001442191393	0.782681687700647	0.00665706901154707	0.336714361668225
ENSG00002998	0.998958733508448	0.659071033330904	0.436971713069416	0.196184173083266
ENSG00003000	0.998958733508448	0.891454131668627	0.713752268560053	0.574778073778852
ENSG00003002	0.998958733508448	0.887310877545435	0.00541241695722272	0.000684687815777645
ENSG00003003	0.998958733508448	0.892725504293575	0.755085158086814	0.736674856206425
ENSG00003005	0.82121577757248	0.140107133377856	0.52125673587925	0.928322655451341
ENSG00003006	0.998958733508448	0.887310877545435	0.307746852585746	0.371501623008698
ENSG00003008	0.998958733508448	0.0399675682770884	0.96526052655118	0.838544300433927
ENSG00003009	0.998958733508448	0.957365238253538	0.916146714199235	0.7267738900239
ENSG00003011	0.998958733508448	0.84999527496673	0.989636670800845	0.809399405216552
ENSG00003015	0.998958733508448	0.746321264500423	0.332010352600902	0.783156249000954
ENSG00003016	0.998958733508448	0.808712394300221	0.0446224755796475	0.1916665964136
ENSG00003017	0.998958733508448	1.1834017302827e-08	0.00148355525923788	0.000471108693475391
ENSG00003019	0.998958733508448	0.912899892266567	0.433662362545055	0.655251029003324
ENSG00003027	0.998958733508448	0.878658103118266	0.952399007915548	0.91628841908428
ENSG00003031	0.998958733508448	0.886853174078608	0.118554789633779	0.000305520976034396
ENSG00003036	0.998958733508448	0.855212803879092	0.541586126950504	0.699991014992803
ENSG00003037	0.998958733508448	0.865563315803365	0.543450730661755	0.0572728655971457
ENSG00003039	0.998958733508448	0.960259900615388	0.420979326136293	0.961728376602919
ENSG00003040	0.3309402128825	0.663094182624123	0.000216549640529785	0.00199314327996414
ENSG00003042	0.998958733508448	0.563467810647134	0.979487240201288	0.837490822998434
ENSG00003043	0.998958733508448	0.745363819412625	0.000758006165192119	0.300201275017882
ENSG00003048	0.998958733508448	0.606763969889523	0.955969896766904	0.948520932705963
ENSG00003049	0.998958733508448	0.0531492226992485	0.898759075146175	0.0835689426829049
ENSG00003050	0.998958733508448	0.942244388818565	0.0683799804820147	0.908102758181089
ENSG00003051	0.998958733508448	0.96963314871066	9.48509774340727e-19	0.404898192541544
ENSG00003052	0.998958733508448	0.137801488434449	0.734770085949704	5.49309742504012e-08
ENSG00003053	0.998958733508448	0.0400947379528555	0.0104284014076099	0.145355511263866
ENSG00003057	0.998958733508448	0.96963314871066	0.935309757665611	0.45784963228378
ENSG00003058	0.998958733508448	0.0410517898189495	2.80981820375502e-09	6.29613130213976e-09
ENSG00003059	0.998958733508448	0.963703109244201	0.0302482336487309	0.231556023818507
ENSG00003062	0.998958733508448	0.297314635167151	0.000589411318487878	0.000664028662230455
ENSG00003065	0.998958733508448	0.253643495301387	3.70953821291896e-06	4.89346384240141e-06
ENSG00003067	0.998958733508448	0.778251781216396	0.725638405500177	0.964927214660444
ENSG00003069	0.998958733508448	0.96963314871066	0.756055043026967	0.977827887785148
ENSG00003071	0.998958733508448	0.871952421754662	0.967422144586947	0.00260383071426821
ENSG00003073	0.998958733508448	0.670394231835017	0.484496845704876	0.094568992656785
ENSG00003074	0.998958733508448	0.720757504958105	0.227922004811099	0.524251103043881
ENSG00003075	0.998958733508448	0.842080716533683	0.790945331045212	0.0395821738450486
ENSG00003076	0.998958733508448	0.92458922397994	0.614807110936818	0.642162029454906
ENSG00003077	0.998958733508448	0.67330559031746	0.50250916453986	0.880228363878323
ENSG00003078	0.998958733508448	0.97056931529717	0.00348796247429401	0.0118955708404799
ENSG00003081	0.998958733508448	0.587608340224897	0.707946267877424	0.560562475458004
ENSG00003082	0.998958733508448	0.963703109244201	0.133994035835411	0.7267738900239
ENSG00003096	0.951138790985812	0.548405184217436	0.87571795151811	0.133325106040986
ENSG00003098	0.998958733508448	0.792425219984202	0.38257023661917	0.981317854713728
ENSG00003100	0.998958733508448	0.670394231835017	0.12042638033962	0.716672257403239
ENSG00003103	0.993193717889565	0.0211667303932109	0.0642281432163408	0.507312875041731
ENSG00003104	0.998958733508448	0.842080716533683	0.657668872544044	0.621542046505771
ENSG00003105	0.998958733508448	0.809905346131735	0.935309757665611	0.849772814604736
ENSG00003108	0.998958733508448	0.925370549259049	0.727193238787447	0.734488297821371
ENSG00003113	0.998958733508448	0.515932234175549	0.784432468782251	0.782880378686789
ENSG00003114	0.998958733508448	0.941609165846253	0.918439579578949	0.877556885803438
ENSG00003116	0.998958733508448	0.720757504958105	0.435680477842409	0.655251029003324
ENSG00003118	0.998958733508448	0.587608340224897	2.38711048299054e-09	3.52057317655314e-08
ENSG00003119	0.998958733508448	0.00279637476775397	0.00305161550013658	0.000945805538200042
ENSG00003122	0.998958733508448	0.532853820707071	0.907543234962311	0.163904709083805
ENSG00003125	0.998958733508448	0.843458579454085	0.721649642344391	0.838544300433927
ENSG00003126	0.998958733508448	0.955806141126319	0.93196938609287	0.6913387053864
ENSG00003128	0.998958733508448	0.606763969889523	0.570926912184139	0.166071589103862
ENSG00003132	0.998958733508448	0.806036982781903	0.564631723311874	0.931387899339768
ENSG00003134	0.998958733508448	0.250173553461293	0.0481473119546565	0.837656990418734
ENSG00003138	0.998958733508448	5.41692355673826e-07	4.79953289610962e-05	4.43936198862836e-06
ENSG00003140	0.998958733508448	0.903218941864216	0.973787687567693	0.0147731471094725
ENSG00003144	0.998958733508448	3.61807914841781e-07	0.903117654701586	0.971581835610533
ENSG00003151	0.998958733508448	0.670394231835017	0.268736479809438	0.00192859161254182
ENSG00003154	0.998958733508448	0.96963314871066	0.996995976090931	0.858639043810611
ENSG00003159	0.998958733508448	0.913683645986814	0.602091300788075	0.317841316323713
ENSG00003163	0.998958733508448	0.702480521865857	0.602091300788075	0.908102758181089
ENSG00003165	1.29246135979276e-05	0.971054762303469	0.698925821582437	0.858452881609411
ENSG00003166	0.998958733508448	0.749836302968682	0.915794205765402	0.0838140054290614
ENSG00003167	0.998958733508448	0.847077280540236	0.954942740839669	0.275308115270874
ENSG00003169	0.998958733508448	0.155358462732812	0.698432370849121	0.0371760658478658
ENSG00003170	0.998958733508448	0.936980249880012	0.259168151635073	0.203272973846729
ENSG00003171	0.998958733508448	0.943685939178152	0.733977187136394	0.711332625079922
ENSG00003175	0.998958733508448	0.96963314871066	0.287084458941536	0.735424646736718
ENSG00003181	0.998958733508448	0.440743226592392	0.596976115464204	0.99312353866458
ENSG00003186	0.998958733508448	0.984659143202273	0.108499388565741	0.782187131965182
ENSG00003188	0.998958733508448	0.756014935694308	0.944228979214989	0.880228363878323
ENSG00003189	0.998958733508448	0.942244388818565	0.926240246014156	0.437129056110562
ENSG00003191	0.998958733508448	0.339186707812698	0.877646015224286	3.4380749139409e-05
ENSG00003194	0.998958733508448	0.60395135875313	0.84240926019802	0.750301113485105
ENSG00003199	0.998958733508448	0.803602424945698	0.907874301860375	0.94344427019678
ENSG00003201	0.998958733508448	0.975359228373749	0.952399007915548	0.711332625079922
ENSG00003202	0.998958733508448	0.590837357546167	0.330843936769112	0.234378396925064
ENSG00003205	0.998958733508448	0.882782094641725	0.232812966459167	0.606030035898634
ENSG00003206	0.998958733508448	0.00497550567159832	2.13976765074322e-07	5.60976209636771e-05
ENSG00003209	0.998958733508448	0.983027942935103	0.697376883299427	0.673088227841209
ENSG00003211	0.998958733508448	3.38628722614657e-06	1.20301737781598e-08	3.02103001429373e-08
ENSG00003217	0.998958733508448	0.971361553295389	0.136430665573311	0.8590101866096
ENSG00003225	0.998958733508448	0.878658103118266	0.916146714199235	0.972311460300717
ENSG00003227	0.998958733508448	0.735906014310405	0.246000750353247	0.00371216508675092
ENSG00003229	0.998958733508448	0.96963314871066	0.219833244627605	0.0123912592019829
ENSG00003232	0.998958733508448	0.855212803879092	0.621193350427839	0.849772814604736
ENSG00003236	0.998958733508448	0.984043201251351	0.756055043026967	0.782187131965182
ENSG00003238	0.998958733508448	0.227748989539248	0.00466851054850057	0.931387899339768
ENSG00003239	0.998958733508448	0.791418301466218	0.816569400755059	0.792499215202897
ENSG00003240	0.998958733508448	0.711158290895433	0.361122268293944	0.00391267703935302
ENSG00003241	0.998958733508448	0.0895096404626095	0.947724941337104	0.435271211631345
ENSG00003243	0.998958733508448	0.756014935694308	0.861531594263067	0.969738754895777
ENSG00003245	0.998958733508448	0.979653315691842	0.996995976090931	0.837656990418734
ENSG00003250	0.998958733508448	0.963703109244201	0.652625382698212	0.0872774715198311
ENSG00003257	0.998958733508448	0.963703109244201	0.514891294923093	0.935591255282559
ENSG00003258	0.998958733508448	0.963849806961968	0.907874301860375	0.892951457166496
ENSG00003263	0.998958733508448	0.0319997450807596	0.0042116580778194	0.000134710357968931
ENSG00003268	0.998958733508448	0.720757504958105	0.0966988663887751	0.1916665964136
ENSG00003269	0.998958733508448	0.934280702533614	0.0373175283182705	0.265511590627671
ENSG00003271	0.998958733508448	0.842080716533683	0.178812082435517	9.76951832903719e-05
ENSG00003274	0.998958733508448	0.963703109244201	0.331675431506637	0.489911178449928
ENSG00003279	0.998958733508448	0.743789356876294	0.335046291261167	0.46599126211441
ENSG00003280	0.0387766327429032	0.855212803879092	0.551156741049817	0.269739945388035
ENSG00003285	0.998958733508448	0.865563315803365	0.80945800109554	0.856436272502683
ENSG00003288	0.998958733508448	0.715456811116257	0.913339989192202	0.622848210114912
ENSG00003290	0.998958733508448	0.985431745505728	0.841290655554839	0.877556885803438
ENSG00003292	0.998958733508448	0.950584767430676	0.705527160963765	0.842229111220513
ENSG00003293	0.998958733508448	0.688220669971576	0.935521105969614	0.317266320477241
ENSG00003295	0.998958733508448	0.196451335345866	0.604926283618304	0.54628705669528
ENSG00003296	0.998958733508448	0.0291660192556549	3.0132497228195e-05	9.9145548488501e-10
ENSG00003299	0.998958733508448	0.574144565701386	0.754357916633348	0.78880373389438
ENSG00003302	0.998958733508448	0.963703109244201	0.0817983875535411	0.000953903188143797
ENSG00003306	0.998958733508448	0.350571926212005	0.828285166708679	0.877556885803438
ENSG00003309	0.304806333307778	0.923534063756894	0.0914099408695782	0.253089751220683
ENSG00003312	0.998958733508448	0.911207727450797	0.989636670800845	0.4681995559014
ENSG00003313	0.998958733508448	0.536380497889685	0.935521105969614	0.953322096110546
ENSG00003315	0.998958733508448	0.489775186770785	1.35009795655059e-07	7.95769072155065e-10
ENSG00003316	0.998958733508448	0.846052519868438	0.937117757496465	0.992262509252005
ENSG00003317	0.998958733508448	0.756014935694308	0.455800225901441	0.789820086602553
ENSG00003318	0.998958733508448	0.842080716533683	0.989636670800845	0.00131130790985622
ENSG00003319	0.904883866924642	0.925370549259049	0.666768354409584	0.336714361668225
ENSG00003321	0.998958733508448	0.892725504293575	0.547498465733305	0.750301113485105
ENSG00003326	0.998958733508448	0.808712394300221	0.970656694366137	0.980709869304375
ENSG00003329	0.297607813758101	1.31304026324125e-07	0.010654830500614	0.434407420893807
ENSG00003331	0.998958733508448	0.00251276773784874	0.954173763829846	0.94740425498327
ENSG00003336	0.998958733508448	0.726262057906608	0.935309757665611	0.981581047181005
ENSG00003338	0.998958733508448	0.760212350494558	1.87583228454511e-05	0.0180835369594798
ENSG00003341	0.742481672068446	0.939752883435601	0.877646015224286	0.85766481835316
ENSG00003344	0.998958733508448	0.963703109244201	0.907364211836466	0.531216807030643
ENSG00003347	0.998958733508448	0.124491863635509	0.0948678655392472	0.496291818174569
ENSG00003348	0.998958733508448	0.855212803879092	0.781305078938932	0.841594334348083
ENSG00003349	0.998958733508448	0.587608340224897	0.673019753613221	0.510172420942509
ENSG00003352	0.998958733508448	0.609955881525679	0.142705201998477	0.000768294325762894
ENSG00003353	0.760521494667795	0.000465812144144859	5.10477754957537e-06	1.75802207697867e-06
ENSG00003354	0.998958733508448	0.941609165846253	0.858288811204275	0.214880880938433
ENSG00003359	0.998958733508448	0.963849806961968	0.84240926019802	0.196331317098199
ENSG00003361	0.998958733508448	0.963703109244201	0.935309757665611	0.950479127074073
ENSG00003362	0.998958733508448	0.724109517848259	0.0832486693054176	0.132087873582659
ENSG00003365	0.998958733508448	0.782238450282581	0.756055043026967	0.455667266776834
ENSG00003368	0.998958733508448	0.760212350494558	0.3622207329564	0.992262509252005
ENSG00003369	0.998958733508448	0.897579531579793	0.483418492321895	0.765241776917039
ENSG00003373	0.998958733508448	0.858770956327317	0.984804656599921	0.807992858073189
ENSG00003375	0.998958733508448	0.276406506238007	0.15581755638281	0.0272610885175581
ENSG00003379	0.998958733508448	0.994029304591727	0.00665374908526289	0.84380779072549
ENSG00003380	0.998958733508448	0.408340347892515	0.941169951898367	0.768706320908039
ENSG00003381	0.998958733508448	0.99692385327154	0.799196031189439	0.782544855847542
ENSG00003382	0.998958733508448	0.612673103878299	5.24291148236161e-07	2.66437476384655e-10
ENSG00003383	0.998958733508448	0.726262057906608	0.514891294923093	0.990016330345679
ENSG00003385	0.998958733508448	0.96963314871066	0.721649642344391	0.990016330345679
ENSG00003386	0.998958733508448	0.34422559060949	0.0906836089407299	0.493670491218995
ENSG00003387	0.998958733508448	0.8562959082226	0.913339989192202	0.629210264519401
ENSG00003392	0.998958733508448	2.9379295916318e-08	0.721649642344391	0.0154469027571083
ENSG00003393	0.998958733508448	0.979653315691842	0.497140208101102	0.765241776917039
ENSG00003395	0.998958733508448	0.939879868197714	0.0871397474748651	0.188820793158803
ENSG00003397	0.998958733508448	0.341542083071371	0.0412989504884146	0.00479869652353103
ENSG00003398	0.998958733508448	0.670394231835017	0.93290865669665	0.673088227841209
ENSG00003399	0.627197908160385	0.962659908870113	0.947724941337104	0.194539527848232
ENSG00003400	0.301595304700839	0.855212803879092	0.926240246014156	0.849772814604736
ENSG00003401	0.998958733508448	0.124491863635509	0.461197532772834	0.946300100484816
ENSG00003402	0.998958733508448	0.965163094128348	0.903117654701586	0.536949825151994
ENSG00003406	0.998958733508448	0.536380497889685	0.971700167292095	0.841594334348083
ENSG00003408	0.998958733508448	0.731576500612862	0.696963203823163	0.748746952625268
ENSG00003411	0.998958733508448	0.93436194475566	0.00561449226892816	0.127149166239473
ENSG00003413	0.998958733508448	0.965163094128348	0.944814088491187	0.426567267996461
ENSG00003417	0.998958733508448	0.96963314871066	0.935309757665611	0.807992858073189
ENSG00003418	0.998958733508448	0.466785663786228	0.968243087530218	0.630627319571519
ENSG00003421	0.998958733508448	0.548405184217436	0.95305452615754	0.622848210114912
ENSG00003422	0.998958733508448	0.815802853057154	0.852904571515095	0.0720477741095033
ENSG00003425	0.998958733508448	0.923534063756894	0.647882834287811	0.792499215202897
ENSG00003427	0.998958733508448	0.538172597353578	5.34130735925995e-05	0.00293589383333387
ENSG00003428	0.998958733508448	0.35037639023939	0.00660151096243991	0.940904397964553
ENSG00003429	0.998958733508448	0.297228948487694	0.00273737184722921	0.0046137882280015
ENSG00003430	0.998958733508448	0.587608340224897	0.116229407941434	1.54984003320928e-07
ENSG00003433	0.998958733508448	0.326053292163707	0.29736100452515	0.530796032998849
ENSG00003439	0.998958733508448	0.930575618664588	0.0350079008683296	0.248762249834966
ENSG00003443	0.998958733508448	0.950584767430676	0.48841461963334	0.825131450899937
ENSG00003446	0.998958733508448	0.842080716533683	0.93290865669665	0.38665641765203
ENSG00003448	0.998958733508448	1.48820834960383e-07	0.00111034465006229	0.00765361687683641
ENSG00003449	0.998958733508448	0.0713059480208714	0.00310971152952348	0.0198136941077421
ENSG00003451	0.998958733508448	0.868857177912341	0.058649572278821	0.765241776917039
ENSG00003454	0.998958733508448	0.963703109244201	0.437635733503219	0.4681995559014
ENSG00003456	0.998958733508448	0.855212803879092	0.970656694366137	0.238025323811683
ENSG00003457	0.998958733508448	0.855212803879092	0.261679925150758	0.686417585362103
ENSG00003460	0.998958733508448	0.97056931529717	0.666498980458582	0.815517578395241
ENSG00003467	0.998958733508448	0.760212350494558	0.321832400052886	0.838544300433927
ENSG00003472	0.998958733508448	0.842080716533683	0.615558900274477	0.642162029454906
ENSG00003475	0.599261697167273	0.719344840045492	0.935309757665611	0.654570726863765
ENSG00003482	0.998958733508448	0.442567786297108	0.00340458481031663	0.00377251998956119
ENSG00003485	0.998958733508448	0.913502679907436	0.978522300697098	0.765241776917039
ENSG00003488	0.998958733508448	0.957365238253538	0.823153303711074	0.661447070654157
ENSG00003489	0.998958733508448	0.719344840045492	0.911131142770487	0.815517578395241
ENSG00003491	0.998958733508448	0.994029304591727	0.446055970978233	0.275942084436299
ENSG00003495	0.998958733508448	3.86951895739397e-05	0.000354275615601521	3.24312772340974e-08
ENSG00003497	0.998958733508448	0.960259900615388	0.907874301860375	0.746379853106883
ENSG00003499	0.998958733508448	0.000776025160607766	0.00237218721039285	8.15509536714485e-08
ENSG00003501	0.998958733508448	0.913683645986814	0.82443784708912	0.323754000064087
ENSG00003503	0.998958733508448	0.994029304591727	0.729882894318713	0.773097546693157
ENSG00003504	0.998958733508448	0.688220669971576	0.0430304842693216	0.332193097525591
ENSG00003507	0.715001442191393	0.989520329826775	0.799196031189439	0.969738754895777
ENSG00003510	0.998958733508448	0.749836302968682	0.602867574425816	0.750323007566072
ENSG00003511	0.933222626062712	0.965163094128348	0.721649642344391	0.0786022949185561
ENSG00003512	0.998958733508448	0.474618480516214	0.944228979214989	0.765241776917039
ENSG00003516	0.998958733508448	0.700230751012106	0.697376883299427	0.961728376602919
ENSG00003517	0.935073561314726	0.700230751012106	0.0887247333315923	0.228703534623257
ENSG00003518	0.998958733508448	0.984659143202273	0.769473531887432	0.533783188537465
ENSG00003521	0.760521494667795	0.963703109244201	0.952399007915548	0.791661221084016
ENSG00003525	0.998958733508448	0.96963314871066	0.952399007915548	0.391759996748989
ENSG00003528	0.998958733508448	0.53848078503519	0.816052856911501	0.890296895689865
ENSG00003529	0.998958733508448	0.914329983972532	0.926240246014156	0.809114200862369
ENSG00003531	0.998958733508448	0.671010468591444	0.639140025171134	0.699991014992803
ENSG00003533	0.998958733508448	0.720757504958105	0.675035120302504	0.0253302842193342
ENSG00003535	0.998958733508448	0.96963314871066	0.971700167292095	0.567370501048966
ENSG00003540	0.998958733508448	0.946211211193814	0.828285166708679	0.472890370542519
ENSG00003543	0.998958733508448	0.989520329826775	0.698096277668179	0.00038104691068811
ENSG00003551	0.998958733508448	0.963703109244201	0.651148031941165	0.406775689749315
ENSG00003554	0.998958733508448	0.350571926212005	3.12335049271304e-07	1.9300456397548e-08
ENSG00003555	0.998958733508448	0.842080716533683	0.593958114982121	0.285951814148123
ENSG00003558	0.936413819455091	0.328456025685888	0.0340194554939218	0.970628543897313
ENSG00003559	0.998958733508448	0.311760706927595	0.00552819280648168	0.0210281109709486
ENSG00003562	0.998958733508448	0.855212803879092	0.0350791229916138	0.0226405770573301
ENSG00003563	0.998958733508448	0.813292753106976	0.00401845144775196	9.42698375357189e-05
ENSG00003566	0.998958733508448	0.731576500612862	0.970392350803876	0.334881383208565
ENSG00003574	0.998958733508448	0.26105641947235	0.935309757665611	0.834569477849731
ENSG00003578	0.998958733508448	0.913502679907436	0.138986040453129	0.999391700223044
ENSG00003580	0.998958733508448	0.125056352438339	1.85200714670466e-07	6.86497351681354e-09
ENSG00003582	0.998958733508448	0.9446625419228	0.0722739613103866	0.981581047181005
ENSG00003585	0.627197908160385	0.984659143202273	0.515136533807641	0.299318550953916
ENSG00003591	0.998958733508448	0.649366664763086	0.593958114982121	0.0432341574547822
ENSG00003593	0.998958733508448	0.698891002218683	0.00922413405886839	0.00392951878204436
ENSG00003599	0.998958733508448	0.860733287404564	0.721649642344391	0.552115054290099
ENSG00003600	0.998958733508448	0.971361553295389	0.721649642344391	0.80586366342863
ENSG00003602	0.998958733508448	0.0296582906791006	6.18637442612849e-07	3.67785808073951e-09
ENSG00003611	0.998958733508448	0.0407939695505926	3.92700618574496e-07	0.000196191671015745
ENSG00003612	0.82121577757248	0.871952421754662	0.389883137401696	0.838544300433927
ENSG00003613	0.99899004276842	0.855212803879092	0.00751103690211804	3.60215588568458e-07
ENSG00003614	0.998958733508448	0.000175109296205672	0.00887048027070033	7.27342425394394e-06
ENSG00003616	0.998958733508448	0.971361553295389	0.55902506714511	0.450828416160359
ENSG00003617	0.998958733508448	0.843458579454085	0.626166150183823	0.769061355762509
ENSG00003622	0.998958733508448	0.962592697049185	0.00368603825845402	2.55193468946442e-05
ENSG00003624	0.998958733508448	0.878658103118266	0.0946002383542133	0.192389361088465
ENSG00003626	0.998958733508448	0.887310877545435	0.423137043854947	0.981581047181005
ENSG00003629	0.998958733508448	0.514551378266476	0.261679925150758	0.941342827016742
ENSG00003635	0.998958733508448	0.698891002218683	0.310315364092849	0.94740425498327
ENSG00003637	0.998958733508448	0.731576500612862	0.824081073052973	0.787767095441294
ENSG00003640	0.998958733508448	0.760212350494558	0.27892886706151	0.90990162889149
ENSG00003643	0.998958733508448	0.596662677257916	0.756055043026967	0.838544300433927
ENSG00003645	0.998958733508448	0.6350766067203	0.610685205065154	0.0747644428823666
ENSG00003648	0.998958733508448	0.560988159193842	6.21567869413082e-05	0.176240255601918
ENSG00003650	0.998958733508448	0.86226859406444	0.979487240201288	0.0293285658449912
ENSG00003657	0.106449202416077	0.958638127110773	0.734770085949704	0.521932112735491
ENSG00003658	0.998958733508448	0.764329617980639	0.687286860018647	0.711332625079922
ENSG00003662	0.998958733508448	0.994029304591727	0.0231809145583937	0.181772375749855
ENSG00003665	0.998958733508448	0.182155725084906	0.438298705794025	0.815517578395241
ENSG00003668	0.998958733508448	0.0514651684757637	2.80981820375502e-09	2.54642261500926e-10
ENSG00003671	0.653646690792224	0.320393725887252	0.743320792875517	0.857391727416753
ENSG00003673	0.998958733508448	0.913683645986814	0.514891294923093	0.941342827016742
ENSG00003676	0.998958733508448	0.711507217080244	0.153037439330532	0.018182951692073
ENSG00003677	0.998958733508448	0.52925600833271	0.87571795151811	0.989129404551221
ENSG00003686	0.715001442191393	0.558808014862614	0.916146714199235	0.409761644187796
ENSG00003687	0.998958733508448	0.576874245959701	0.425732356009692	0.560562475458004
ENSG00003689	0.998958733508448	0.92458922397994	0.935309757665611	0.940904397964553
ENSG00003692	0.998958733508448	0.892725504293575	0.159533524984964	0.536949825151994
ENSG00003693	0.998958733508448	0.495049847629819	0.628309952614147	0.952842362427318
ENSG00003695	0.998958733508448	0.847077280540236	0.989636670800845	0.0081779546866224
ENSG00003696	0.998958733508448	0.196451335345866	0.0572038106331143	0.0112688294817825
ENSG00003698	0.998958733508448	0.963703109244201	0.651688301769087	0.693200701382739
ENSG00003701	0.998958733508448	0.950284377271542	0.413650828480621	0.400237454693734
ENSG00003703	0.998958733508448	0.00244351546072601	0.0013367924838232	0.00449399533522186
ENSG00003707	0.998958733508448	0.975359228373749	0.0629679942666179	0.503880950539162
ENSG00003708	0.998958733508448	0.882156344035455	9.0371821444528e-05	3.1842032587538e-05
ENSG00003712	0.998958733508448	0.756014935694308	0.973849467752136	0.927813565582824
ENSG00003713	0.99899004276842	0.00581764031052387	0.178812082435517	0.0168955933658913
ENSG00003716	0.998958733508448	0.934280702533614	0.462047611277468	0.934047278111206
ENSG00003717	0.998958733508448	0.431151186537511	0.978522300697098	0.989129404551221
ENSG00003718	0.998958733508448	0.757023094439621	2.66675166034947e-07	2.85582221379199e-06
ENSG00003719	0.998958733508448	2.01333078809331e-06	0.02055778220132	0.398062936981191
ENSG00003725	0.998958733508448	0.963703109244201	0.0122513815666945	0.000706192216420901
ENSG00003726	0.998958733508448	0.939067108870743	0.728617881894961	0.214880880938433
ENSG00003730	0.998958733508448	0.86252039076644	0.106705185043283	0.789820086602553
ENSG00003732	0.998958733508448	0.963703109244201	0.913339989192202	0.0536900022742679
ENSG00003738	0.998958733508448	0.843458579454085	0.622316926209436	0.782187131965182
ENSG00003739	0.998958733508448	0.548405184217436	0.949309574804673	0.560562475458004
ENSG00003740	0.482525813407652	0.587608340224897	0.738378204300912	0.980347810265012
ENSG00003741	0.998958733508448	0.663094182624123	0.34031887427735	0.860987293942115
ENSG00003742	0.998958733508448	0.22994233349725	0.00623756732847397	0.000215801355094344
ENSG00003744	0.998958733508448	0.86252039076644	0.0769439541757907	0.57979995073385
ENSG00003745	0.998958733508448	0.904387868880293	0.93196938609287	0.981317854713728
ENSG00003751	0.998958733508448	0.735906014310405	0.126067297833466	0.400237454693734
ENSG00003754	0.998958733508448	0.92458922397994	0.0955043299593918	0.912614337043757
ENSG00003760	0.998958733508448	0.963849806961968	0.943407330961696	0.79171893401678
ENSG00003765	0.998958733508448	0.963703109244201	0.441386882388927	0.981581047181005
ENSG00003767	0.998958733508448	0.855212803879092	0.27892886706151	0.809399405216552
ENSG00003777	0.998958733508448	0.798268879380849	0.755085158086814	0.782187131965182
ENSG00003779	0.715001442191393	0.95477401625772	0.158239727359871	0.782187131965182
ENSG00003781	0.998958733508448	0.517664068091054	0.805986052295744	0.750301113485105
ENSG00003782	0.998958733508448	0.968108730543495	0.390312626025562	0.724832567025277
ENSG00003786	0.998958733508448	0.702480521865857	0.0499183173807374	0.642162029454906
ENSG00003787	0.998958733508448	0.0563184584389858	0.0132457011738733	6.33832622844947e-05
ENSG00003790	0.998958733508448	0.97056931529717	0.527570302174557	0.50855738625341
ENSG00003791	0.998958733508448	0.913683645986814	0.922266465880602	0.551945079732646
ENSG00003794	0.0577600125401436	0.670394231835017	0.63502876049342	0.857391727416753
ENSG00003798	0.998958733508448	0.0698762933595812	0.916146714199235	0.789820086602553
ENSG00003800	0.996018255087451	0.273809436641019	0.00939075144413512	0.463342867504096
ENSG00003803	0.998958733508448	0.782238450282581	0.721649642344391	0.454249126627004
ENSG00003805	0.998958733508448	0.576874245959701	0.921257741439681	0.411361666528409
ENSG00003806	0.998958733508448	0.963703109244201	0.953981150340943	0.972183419291699
ENSG00003808	0.998958733508448	0.687925633410523	0.0100247965180395	0.823505456886998
ENSG00003812	0.998958733508448	0.906479694916324	0.631578284147823	0.880228363878323
ENSG00003813	0.998958733508448	0.983027942935103	0.989636670800845	0.389794710929742
ENSG00003814	0.760521494667795	0.971361553295389	0.848456298247652	0.750301113485105
ENSG00003818	0.998958733508448	0.822435913791466	0.707946267877424	0.0806367747378471
ENSG00003821	0.998958733508448	0.891454131668627	0.698925821582437	0.333004284487931
ENSG00003824	0.998958733508448	0.927427437579151	0.165290336735094	0.908102758181089
ENSG00003825	0.998958733508448	0.276406506238007	0.000312893492785928	2.34009436583471e-08
ENSG00003826	0.998958733508448	0.631529492163788	0.599686909843095	0.742816971902606
ENSG00003829	0.760521494667795	0.881431075019549	0.799196031189439	0.694854579865815
ENSG00003830	0.998958733508448	0.791418301466218	0.658480837063746	0.446974633232594
ENSG00003831	0.998958733508448	0.371403562202351	0.861531594263067	0.747076565620319
ENSG00003836	0.998958733508448	0.808712394300221	0.955751018896573	0.860987293942115
ENSG00003837	0.998958733508448	0.548405184217436	0.907874301860375	0.495192514167398
ENSG00003841	0.998958733508448	0.975359228373749	0.926240246014156	0.837490822998434
ENSG00003846	0.998958733508448	0.877424906470541	0.979487240201288	0.78880373389438
ENSG00003848	0.998958733508448	0.720757504958105	0.543450730661755	0.83594295285473
ENSG00003851	0.828234454894704	0.551716194874689	0.484083759741787	0.80485955656769
ENSG00003854	0.998958733508448	0.0838482559409995	0.879358472965537	0.768706320908039
ENSG00003856	0.998958733508448	0.9446625419228	0.68475377519433	0.823505456886998
ENSG00003858	0.998958733508448	0.994029304591727	0.799196031189439	0.359094458379322
ENSG00003859	0.998958733508448	0.855212803879092	0.95305452615754	0.585159047813321
ENSG00003861	0.998958733508448	0.59847467667816	0.0214775097266893	0.0283125648517068
ENSG00003862	0.998958733508448	0.855212803879092	0.755085158086814	0.990016330345679
ENSG00003863	0.998958733508448	0.000161700514181332	9.8447304982331e-11	7.60982416650451e-06
ENSG00003865	0.998958733508448	0.923534063756894	0.989636670800845	0.194221276171072
ENSG00003867	0.998958733508448	0.946211211193814	0.919699489109812	0.135424791778014
ENSG00003868	0.998958733508448	0.582094796984357	0.60604671071295	0.434852697046209
ENSG00003869	0.998958733508448	0.752701428499627	0.894773214836892	0.916705921930812
ENSG00003871	0.998958733508448	0.45953110691414	0.000553868098809917	0.0112688294817825
ENSG00003875	0.998958733508448	0.86252039076644	0.425732356009692	0.56492412913533
ENSG00003881	0.998958733508448	0.96963314871066	0.520968708012645	0.163463589572763
ENSG00003882	0.998958733508448	0.715456811116257	0.918439579578949	0.992207074897535
ENSG00003884	0.998958733508448	0.93436194475566	0.937117757496465	0.734488297821371
ENSG00003886	0.998958733508448	0.963703109244201	0.784432468782251	0.533783188537465
ENSG00003888	0.998958733508448	0.86252039076644	0.314865335889554	0.779831091064759
ENSG00003893	0.297607813758101	0.984659143202273	0.687356312296032	0.78832112899373
ENSG00003896	0.998958733508448	0.548405184217436	0.172251326028614	0.807992858073189
ENSG00003897	0.998958733508448	0.731576500612862	0.626954624090718	0.0811665836922236
ENSG00003899	0.998958733508448	0.631529492163788	0.4178309010181	0.837490822998434
ENSG00003903	0.998958733508448	0.994029304591727	0.682489916630721	0.223625761367312
ENSG00003905	0.998958733508448	0.86252039076644	0.882035618489832	0.94740425498327
ENSG00003908	0.998958733508448	0.484931291178446	0.01912802568878	0.019543565475135
ENSG00003910	0.998958733508448	0.913683645986814	0.59079824486805	0.934693369071416
ENSG00003911	0.998958733508448	0.913683645986814	0.680890091778692	0.115135855786409
ENSG00003913	0.998958733508448	0.921230189776661	0.731492083170516	0.031551498923585
ENSG00003918	0.998958733508448	0.858770956327317	0.456456329148556	0.0452218481137504
ENSG00003919	0.998958733508448	0.0483617197222802	1.4592844626813e-05	1.21927764545336e-10
ENSG00003920	0.998958733508448	0.942244388818565	0.935309757665611	0.562316174337751
ENSG00003921	0.998958733508448	0.286239124124305	0.593958114982121	0.135670278804704
ENSG00003922	0.998958733508448	0.612071557842641	0.947724941337104	0.622848210114912
ENSG00003923	0.998958733508448	0.00110435441115394	2.91227930688282e-05	2.83129036529782e-09
ENSG00003925	0.998958733508448	0.868857177912341	0.389665847950594	0.981581047181005
ENSG00003928	0.998958733508448	0.987654333385197	0.674342597492061	0.980709869304375
ENSG00003932	0.998958733508448	0.596662677257916	0.698432370849121	0.999391700223044
ENSG00003939	0.998958733508448	0.265502033095363	0.750896731601064	0.750323007566072
ENSG00003940	0.998958733508448	0.989999955365291	0.835078151549948	0.735096024856478
ENSG00003944	0.998958733508448	0.855212803879092	0.918439579578949	0.54628705669528
ENSG00003946	0.998958733508448	0.983027942935103	0.935309757665611	0.143422572530198
ENSG00003948	0.998958733508448	0.649366664763086	0.973787687567693	0.684651051232939
ENSG00003954	0.998958733508448	0.719344840045492	0.489205057683517	0.734488297821371
ENSG00003956	0.998958733508448	0.855212803879092	0.907874301860375	0.898561496077003
ENSG00003963	0.760521494667795	0.882976151124084	0.97018357594519	0.133053049609188
ENSG00003964	0.998958733508448	0.939879868197714	0.89908905277951	0.253905971036233
ENSG00003967	0.998958733508448	0.537081126049523	0.944228979214989	0.723692161371025
ENSG00003969	0.998958733508448	0.791418301466218	0.00541537759444303	0.0050411376728226
ENSG00003971	0.742481672068446	0.789885715194791	0.742868213605279	0.585958425183587
ENSG00003972	0.998958733508448	0.975359228373749	0.331926587638406	0.917213301568738
ENSG00003974	0.998958733508448	0.536380497889685	0.383401104037214	0.898652213280126
ENSG00003976	0.998958733508448	0.633848053198199	0.907874301860375	0.782187131965182
ENSG00003977	0.998958733508448	0.868857177912341	0.944228979214989	0.00392951878204436
ENSG00003979	0.998958733508448	0.843458579454085	0.907874301860375	0.503880950539162
ENSG00003981	0.998958733508448	0.0071285053659253	2.34209408712008e-05	6.91509814192428e-06
ENSG00003985	0.998958733508448	0.855212803879092	0.578343537599105	0.118145165235288
ENSG00003990	0.998958733508448	0.953942551665633	0.978522300697098	0.807992858073189
ENSG00003991	0.998958733508448	0.510111201406641	0.00150635231308301	0.000177064603861379
ENSG00003992	0.998958733508448	0.746321264500423	0.766086029437533	0.961728376602919
ENSG00003995	0.998958733508448	0.620012292623738	0.0040474252030679	0.0005384472622578
ENSG00003997	0.998958733508448	0.350571926212005	0.750099328466775	0.335416231541039
ENSG00004000	0.998958733508448	0.109835651585277	0.0457144571749234	0.000951611641678628
