feature_id	t0	t6	t24	t48
PG00002	0.481723623821456	0.037921522636268	0.791010161010399	0.999398453009854
PG00004	0.998852197927735	0.636070605709265	0.749589578758935	0.754286624639594
PG00005	0.824401601886595	0.948097594914378	0.0155784449032405	0.0438950865966102
PG00006	0.998852197927735	0.859861037583401	0.236070517200303	0.796630430966449
PG00007	0.998852197927735	0.113123004240851	0.357252533982245	0.813625507823825
PG00008	0.998852197927735	0.915556707701798	0.973498689042639	0.41748869816338
PG00009	0.998852197927735	0.42100036480598	0.951896758787818	0.330444285196152
PG00010	0.998852197927735	0.970257978423362	0.49836604718186	0.94994794697715
PG00012	0.998852197927735	0.924145937413874	0.542491220035241	0.643577960197127
PG00013	0.998852197927735	0.859540011413938	0.000820291729038905	0.000216990276018708
PG00014	0.998852197927735	0.605967740804236	0.970393352698831	0.570105056870098
PG00015	0.998852197927735	0.87143170947225	0.923720107289101	0.352319144107478
PG00016	0.998852197927735	0.677240812577339	0.934913737812712	0.913221347474571
PG00017	0.998852197927735	0.988649865010774	0.836022889210765	0.841579302751358
PG00019	0.998852197927735	0.96516785797642	0.921742047223674	0.720795581063185
PG00020	0.998852197927735	0.933923063935427	0.959302987162102	0.809339737280175
PG00021	0.998852197927735	0.694600488883742	0.777287323549619	0.328600206946921
PG00022	0.998852197927735	0.87143170947225	9.65874073988606e-07	1.77068420937656e-07
PG00023	0.998852197927735	0.605967740804236	0.938561277325615	0.179019369922112
PG00024	0.998852197927735	0.993409055525167	0.845615230740085	0.838783251782799
PG00025	0.87503999729104	0.849748828053246	0.951896758787818	0.700901570830045
PG00026	0.998852197927735	0.267946307266031	0.919930767244445	0.717826808122075
PG00027	0.998852197927735	0.924145937413874	0.823942102722539	0.346724095033803
PG00028	0.963002809257042	0.874031654290529	0.95665773215535	0.601311563850259
PG00030	0.998852197927735	0.840185457164615	0.178824075720769	0.399359827338442
PG00031	0.998852197927735	0.778961233955117	0.492979391925533	0.825451575593601
PG00031b	0.998852197927735	0.96516785797642	0.686580196139	0.654749071817798
PG00033	0.998852197927735	0.571498173793749	0.938561277325615	0.534633245278332
PG00034	0.998852197927735	0.546138791053781	0.142159850933811	0.658566959201534
PG00035	0.998852197927735	0.430978073495338	0.0332529053676037	0.000407087771915271
PG00036	0.998852197927735	0.993409055525167	0.353052700119549	0.74492498080331
PG00037	0.998852197927735	0.75617527425495	0.000351879393220483	0.33386129357938
PG00038	0.998852197927735	0.716250821279185	0.760419154047971	0.339857084643739
PG00040	0.998852197927735	0.996963666273004	0.919930767244445	0.700901570830045
PG00041	0.998852197927735	0.971441673203106	0.357295082412148	0.813622902984338
PG00042	0.998852197927735	0.595766745318307	0.000175474450362743	0.179287284884205
PG00043	0.733942266956044	0.988649865010774	0.845615230740085	0.4402552086268
PG00044	0.00905500461190074	0.891959054141184	0.00271148319563816	0.00724748440676865
PG00045	0.62066769303625	0.943961375169098	0.0646429393235107	0.889108595883606
PG00046	0.998852197927735	0.63683021687599	0.231843090720422	0.000743624624499075
PG00048	0.998852197927735	0.979985176714913	0.906887715192032	0.172355966409928
PG00049	0.998852197927735	0.988649865010774	0.719592926170662	0.930291067237201
PG00050b	0.998852197927735	0.971441673203106	0.776241766316584	0.966879512955996
PG00051	0.998852197927735	0.840185457164615	0.890718479783817	0.330444285196152
PG00052	0.998852197927735	0.019094606767366	0.389966772411982	0.922595600936814
PG00054	0.998852197927735	6.68359830879763e-06	0.418008600471781	0.549823170721307
PG00055	0.998852197927735	0.26899330362288	0.929123698774422	0.336327298802155
PG00056	0.998852197927735	0.84662160807972	0.6006704899073	0.32827249192961
PG00057	0.998852197927735	0.970257978423362	0.237337762766605	0.594655541242121
PG00058	0.998852197927735	0.943006789900995	0.958380987436569	0.551830521970569
PG00058b	0.998852197927735	0.0084085183986423	0.97393346166183	0.27007304329665
PG00059	0.998852197927735	0.292670195092	0.000224956810211527	0.00013154993681356
PG00060	0.998852197927735	0.807995362930089	0.959302987162102	0.332768656827141
PG00061	0.998852197927735	0.735003284088168	0.901415894768178	0.545636234662623
PG00062	0.998852197927735	0.937736549358971	0.0165668482743503	0.587827058125663
PG00063	0.998852197927735	0.550455904816137	0.689362922054836	0.706016203268913
PG00065	0.998852197927735	0.471659251214199	0.608424768642341	0.86503536058335
PG00066	0.998852197927735	0.680583286491037	0.486117034967631	0.0709277929648173
PG00067	0.802873857281319	0.680583286491037	0.95665773215535	0.116324412340199
PG00069	0.998852197927735	0.929866243750826	0.75819269149104	0.926679860145872
PG00070	0.893728999272656	0.00087325470453076	3.94102564010668e-09	1.65592368915581e-09
PG00071	0.283183815628906	0.565684827929941	0.344138069027484	0.00139457309951643
PG00072	0.998852197927735	0.96516785797642	0.165339373779548	0.529390100057225
PG00073	0.998852197927735	0.926911415214115	0.486910888879545	0.747840735500723
PG00074	0.912409032349626	0.506405850507386	0.0125280187559259	0.254287521417741
PG00075	0.998852197927735	0.541910505523505	0.776241766316584	0.978686951628163
PG00076	0.998852197927735	0.96516785797642	0.758806650165587	0.55475524065795
PG00077	0.998852197927735	0.773860135407918	0.553577280207183	0.749018809848265
PG00078	0.998852197927735	0.935855469965559	0.184630039367643	0.724201418677106
PG00079	0.936013681459878	0.967649511397484	0.97393346166183	0.805517218158926
PG00080	0.998852197927735	0.00849751429205837	0.114526161153107	0.845621940059051
PG00081	0.998852197927735	0.321371030517125	9.75014220370544e-09	6.80227535809283e-09
PG00082	0.998852197927735	0.0687822552169689	0.674445342086494	0.475043756888411
PG00083	0.998852197927735	0.758241980934411	0.227466007351372	0.785610083139606
PG00084	0.998852197927735	0.840185457164615	0.95665773215535	0.813625507823825
PG00085	0.998852197927735	0.318861188451974	0.472939791206679	0.45080454691137
PG00086	0.998852197927735	0.919874582359409	0.00130465048472385	0.000246571497369323
PG00087	0.998852197927735	0.926911415214115	0.11119725382683	0.988006537649121
PG00088	0.998852197927735	0.881534702413847	0.00572426959809343	2.99121110576188e-06
PG00089	0.998852197927735	0.93909489784552	0.0448100852300241	0.000262583178066445
PG00090	0.998852197927735	0.8399372128902	0.791739889939672	0.135530615446658
PG00091	0.998852197927735	0.933923063935427	0.839307704472537	0.114328979542724
PG00092	0.998852197927735	0.988649865010774	0.987333510688918	0.656093128036699
PG00093	0.998852197927735	0.0657036273038152	0.823942102722539	0.629777608522499
PG00094	0.998852197927735	0.682092677498628	0.901234743561033	0.804402213520001
PG00095	0.998852197927735	0.96516785797642	0.229243305877202	0.975352179228447
PG00096	0.998852197927735	0.748514925276889	0.432912816166763	0.0213663118787303
PG00097	0.998852197927735	0.608939122561969	0.0107479197444541	0.000491484546840826
PG00098	0.998852197927735	0.849748828053246	0.683189716885953	0.93020498858114
PG00099	0.998852197927735	0.734983868822678	0.921988294728056	0.647242049094891
PG00100	0.998852197927735	0.0064330781210072	7.18919357712631e-09	1.15677011451767e-10
PG00101	0.998852197927735	0.611377579352227	0.885841207524691	0.478741587451223
PG00102	0.998852197927735	0.902891131937749	0.128159255143374	0.771857520298054
PG00103	0.998852197927735	0.883661493286672	1.72672025840722e-14	0.29026829431081
PG00104	0.998852197927735	0.756378031872754	0.922941818163114	0.12769479358356
PG00105	0.998852197927735	0.555646910184577	0.847515572261343	0.795843851748239
PG00106	0.998852197927735	0.000108002857622978	1.48092858930609e-08	0.000548004088931823
PG00108	0.998852197927735	0.210585468419605	0.342483568774641	0.867236013859451
PG00109	0.998852197927735	0.115733640077372	0.95665773215535	0.79118734477353
PG00110	0.998852197927735	0.562804605041107	0.0848801266542073	0.0223124628244717
PG00111	0.998852197927735	0.982562154445513	0.606737056097123	0.438548556240928
PG00112	0.998852197927735	0.546138791053781	0.110631727061179	0.00332443578020601
PG00113	0.998852197927735	0.89043389089487	3.4991836324002e-07	0.656941057615128
PG00113b	0.998852197927735	0.0903798488763572	0.929123698774422	0.964962561437986
PG00114	0.998852197927735	0.61538920808939	0.369336926786907	0.992857551137583
PG00115	0.998852197927735	0.760498814482903	6.30998543854158e-06	6.69504102876718e-09
PG00116	0.998852197927735	0.75617527425495	0.873891543770577	0.495516949894062
PG00117	0.998852197927735	0.673916898284149	0.0189413908882682	0.988006537649121
PG00119	0.998852197927735	0.15245149400084	0.490292658954629	0.877000902800223
PG00120	0.998852197927735	0.982562154445513	0.921988294728056	0.333606633978367
PG00121	0.998852197927735	0.919874582359409	0.000266162427907351	0.0983068586265117
PG00122	0.998852197927735	0.875492302680412	0.959302987162102	0.625935087251205
PG00123	0.998852197927735	0.414645149392436	0.377158888912425	0.00329630963301735
PG00123b	0.998852197927735	0.706589232942719	0.0124968997413257	0.00592334956393354
PG00124	0.998852197927735	1.09198047842856e-08	0.335970419647587	0.783072671434582
PG00125	0.998852197927735	0.870873090078724	0.132225845603594	0.95095476089
PG00126	0.998852197927735	0.920864634438447	0.000744116018194652	2.32850751890827e-05
PG00127	0.998852197927735	0.982562154445513	0.654715855526662	0.687260528410729
PG00128	0.998852197927735	0.909765979693604	0.541096892173874	0.338535134725059
PG00129	0.998852197927735	0.283345737328073	0.114309325411989	0.700901570830045
PG00130	0.998852197927735	0.96516785797642	0.760346854475343	0.805517218158926
PG00130b	0.998852197927735	0.233412313808983	0.642068364013181	0.266800160135895
PG00131	0.998852197927735	0.50930443551857	0.299276885981266	0.724523439743748
PG00132	0.481723623821456	0.948097594914378	0.772318925361313	0.00487922681321721
PG00134	0.998852197927735	0.939841555183669	0.921742047223674	0.624914467145696
PG00136	0.998852197927735	0.554875741333967	0.968150070083059	0.0309386499470332
PG00137	0.998852197927735	0.230501422567625	0.724561680045522	0.00609569140429147
PG00139	0.998852197927735	0.706589232942719	0.575772547829392	0.346724095033803
PG00140	0.998852197927735	0.977727025757424	0.95665773215535	0.834463232212402
PG00143	0.998852197927735	0.546138791053781	0.007890398675649	0.591265000394462
PG00144	0.998852197927735	0.988366880548786	0.00215886127147178	0.000300150564554473
PG00144b	0.998852197927735	0.63683021687599	0.0897065788065286	0.802260275594949
PG00146	0.998852197927735	0.781396055747786	0.16816247223712	0.49672158175937
PG00148	0.998852197927735	0.00303112205624024	5.20629015502558e-07	2.34788723994327e-07
PG00149	0.998852197927735	0.96516785797642	0.906887715192032	0.579137685867
PG00150	0.998852197927735	0.364605510122217	0.347749599805263	0.61478008100282
PG00151	0.998852197927735	0.701801860791569	0.956372098397074	0.825261677757746
PG00152	0.998852197927735	0.791787970549896	0.755414247305788	0.392956822654489
PG00153	0.998852197927735	0.87143170947225	0.590003990410929	0.399359827338442
PG00154	0.998852197927735	0.680583286491037	0.683189716885953	0.905829984091967
PG00155	0.998852197927735	0.970257978423362	0.840092300662974	0.266800160135895
PG00156	0.998852197927735	0.109996976072538	0.629416915996832	0.326407978625298
PG00156b	0.998852197927735	0.0700615749017263	0.534654656136541	0.0628138212117993
PG00157	0.998852197927735	0.871841295407838	0.980835373864976	0.229383494878247
PG00158	0.998852197927735	0.859540011413938	0.724561680045522	0.734545120951501
PG00160	0.998852197927735	0.756378031872754	0.97393346166183	0.315807048862186
PG00163	0.998852197927735	0.859935888393671	0.95665773215535	0.849276201193421
PG00164	0.966065598534395	0.883661493286672	0.00184137375394793	0.000744753751189359
PG00165	0.998852197927735	0.914306555554942	0.0345857222298931	0.838783251782799
PG00166	0.998852197927735	0.791787970549896	0.000339365638041585	2.31528300404511e-08
PG00167	0.330084197022589	0.817548912881294	0.420385988416296	0.346724095033803
PG00168	0.998852197927735	0.96516785797642	0.26276208577893	0.652347872896706
PG00169	0.998852197927735	0.926911415214115	0.16816247223712	0.0161354654320589
PG00170	0.785050924412463	0.933344862857448	0.841764099841119	0.0296268013729278
PG00171	0.998852197927735	0.466689239179713	0.430810980502473	0.994518110667387
PG00172	0.998852197927735	0.988649865010774	0.749589578758935	0.591265000394462
PG00173	0.998852197927735	0.712833358479508	0.984734582875013	0.0043805776031524
PG00174	0.998852197927735	0.175314252330686	0.00416470757235915	0.529576369232894
PG00176	0.998852197927735	0.993409055525167	0.608411356649583	0.824632887483184
PG00177	0.998852197927735	0.684234742593137	0.653674617691343	0.784052085718273
PG00179	0.998852197927735	0.952889995102041	0.55099428564973	3.11605120449163e-05
PG00180	0.998852197927735	0.84662160807972	0.397083555427759	0.839703162583332
PG00181	0.998852197927735	0.539368028359282	0.0968454416173195	0.799157412486794
PG00182	0.998852197927735	0.919874582359409	0.845615230740085	0.996928022058228
PG00184	0.998852197927735	0.644313881364776	0.732792072290341	0.876358369994316
PG00185	0.998852197927735	0.988649865010774	0.945702776797752	0.497956314173086
PG00188	0.958861138404341	0.75617527425495	0.237337762766605	0.314437112228417
PG00189	0.998852197927735	0.87143170947225	0.0279814812398534	0.343325321045718
PG00189b	0.998852197927735	0.75282708932455	0.142159850933811	0.205675463038721
PG00191	0.998852197927735	0.739268036373419	0.913542695723156	0.735219497837965
PG00192	0.998852197927735	0.920864634438447	0.991046856110325	0.621516019823677
PG00192b	0.998852197927735	0.909765979693604	0.75819269149104	0.820326323829624
PG00194	0.998852197927735	0.541910505523505	0.418008600471781	0.407052630729224
PG00195	0.812928026940622	0.528242847701072	0.219845603409123	0.000500746011713603
PG00196	0.0136590472032052	0.986153788826659	0.906887715192032	0.330444285196152
PG00197	0.998852197927735	0.883661493286672	0.95665773215535	0.767976348665649
PG00198	0.998852197927735	0.587883508037456	3.38017649776239e-07	1.74986416307013e-06
PG00199	0.998852197927735	0.606302954074811	0.366407446144828	0.00496813490699821
PG00200	0.998852197927735	0.682092677498628	0.455942137228196	0.601311563850259
PG00201	0.998852197927735	0.955544585792299	0.980892201611747	0.20742502137103
PG00202	0.998852197927735	0.96516785797642	0.823942102722539	4.39390675228013e-06
PG00203	0.998852197927735	0.93604462778063	0.802804126368488	0.90962242451049
PG00204	0.998852197927735	0.859540011413938	0.969179711297814	0.506985187330817
PG00206	0.998852197927735	0.982562154445513	0.95665773215535	0.841424919154799
PG00207	0.998852197927735	0.716250821279185	0.457890274323242	0.812403206457651
PG00208	0.998852197927735	0.914306555554942	0.760463113121619	0.785610083139606
PG00209	0.998852197927735	1.70682314851579e-05	0.00500294192088379	8.07264626276116e-06
PG00210	0.880512128860478	0.0326976702211416	2.22304269365526e-07	3.67793667221786e-08
PG00211	0.998852197927735	1.14483785653407e-08	0.749589578758935	0.694334298528606
PG00212	0.802873857281319	0.840185457164615	0.934913737812712	0.976889951419761
PG00213	0.998852197927735	0.854399687302652	0.688277467471821	0.820104980754657
PG00214	0.998852197927735	0.958751171358316	0.642068364013181	0.58589035539318
PG00215	0.998852197927735	0.662893625062247	0.991046856110325	0.993344454714351
PG00216	0.998852197927735	0.988649865010774	0.561241113802264	0.739627224170076
PG00217	0.998852197927735	0.926911415214115	0.254140616952916	0.834645302632238
PG00218	0.998852197927735	0.680583286491037	0.620290829945414	0.118346509004125
PG00219	0.998852197927735	0.662893625062247	0.0475225941801624	0.173153633916239
PG00220	0.998852197927735	0.716250821279185	0.685626310240213	0.967005507781826
PG00221	0.893728999272656	0.89043389089487	0.443905799816701	0.839703162583332
PG00222	0.998852197927735	2.53578943986423e-06	2.20526392269255e-08	0.069549812473428
PG00223	0.998852197927735	0.93604462778063	0.78637182178122	0.91294181800525
PG00225	0.998852197927735	0.155047211301601	0.443905799816701	0.785610083139606
PG00226	0.998852197927735	0.914306555554942	0.204387046031043	0.934211968703185
PG00226b	0.998852197927735	0.970257978423362	0.845615230740085	0.92196168347373
PG00227	0.998852197927735	0.982562154445513	0.369323976369042	0.659142575151872
PG00229	0.998852197927735	0.603940742637188	0.0109089986533816	0.926679860145872
PG00230	0.998852197927735	0.804063651326512	9.75014220370544e-09	1.83489579463575e-08
PG00231	0.998852197927735	0.96516785797642	0.375565310394821	0.860398992006925
PG00232	0.695418702156523	0.943006789900995	0.704678575393002	0.909279481457878
PG00234	0.998852197927735	0.855062258928234	0.0266856440366625	0.00714935567270959
PG00235	0.992765483997891	0.859651848375173	0.823942102722539	1.25258105292756e-07
PG00236	0.998852197927735	0.241980409711753	1.90543480791144e-06	0.000554108161520333
PG00237	0.998852197927735	0.884421113031047	0.550293408972547	0.820104980754657
PG00238	0.998852197927735	0.59603731617994	0.906887715192032	0.708123453573731
PG00239	0.998852197927735	0.993409055525167	0.905332225876771	0.932973173168073
PG00240	0.998852197927735	0.470072638071192	0.89018937177303	0.697324663309093
PG00241	0.998852197927735	0.295298764831923	0.000787674700050332	1.24918179354543e-05
PG00242	0.998852197927735	0.914306555554942	0.95665773215535	0.121406488669919
PG00246	0.998852197927735	0.984912758206681	0.956135167086821	0.611282671103465
PG00247	0.998852197927735	0.97021168786543	0.654715855526662	0.534633245278332
PG00248	0.998852197927735	0.877805719703939	0.980835373864976	0.541668144536643
PG00249	0.998852197927735	0.939841555183669	0.961271889886406	0.247522661906452
PG00251	0.998852197927735	0.00445289683381748	9.75014220370544e-09	0.000213693462794772
PG00252	0.998852197927735	0.604770129600898	0.52310543992693	0.731454077703925
PG00254	0.998852197927735	0.939841555183669	0.484481570715903	0.597592757750447
PG00255	0.998852197927735	0.936144226419685	0.550293408972547	0.532389772799882
PG00256	0.998852197927735	0.371377103839238	0.443905799816701	0.0983068586265117
PG00257	0.998852197927735	0.662893625062247	0.36352852608246	0.967533221299317
PG00258	0.998852197927735	0.280394540619314	0.00068624127225754	1.5625229187143e-05
PG00259	0.998852197927735	0.778961233955117	0.753125081486147	0.283368557714334
PG00261	0.998852197927735	0.571498173793749	0.486263068838366	0.744980802445082
PG00261b	0.998852197927735	0.883661493286672	0.701251477244811	0.903452269150568
PG00262	0.998852197927735	0.96516785797642	0.0238671984787208	7.23260707960898e-07
PG00263	0.998852197927735	0.587883508037456	0.97393346166183	0.784052085718273
PG00264	0.998852197927735	0.470072638071192	0.267844122312862	0.967533221299317
PG00265	0.998852197927735	0.941221062603501	0.358115991680851	0.895318763628209
PG00267	0.998852197927735	0.988649865010774	0.000483486909148992	0.000111888677593135
PG00268	0.998852197927735	0.380375747329257	0.486263068838366	0.993344454714351
PG00269	8.94727133467643e-13	0.840185457164615	0.485733577201758	0.0743398332354145
PG00270	0.998852197927735	0.883661493286672	0.389888211859202	0.570105056870098
PG00271	0.998852197927735	0.791787970549896	0.795047934416659	0.181955641678769
PG00272	0.998852197927735	0.716250821279185	0.432912816166763	0.127181241705584
PG00273	0.998852197927735	0.00026047349250551	4.35600010680177e-06	1.27887146214796e-05
PG00274	0.998852197927735	0.942510817974236	0.895122035809723	0.772572646055855
PG00275	0.998852197927735	0.840185457164615	0.841764099841119	0.707305075309085
PG00276	0.998852197927735	0.96516785797642	0.613679956352715	0.937367105387784
PG00277	0.998852197927735	0.307604471840049	0.918150011687626	0.654749071817798
PG00279	0.998852197927735	0.899303906725639	0.13346912456516	0.905829984091967
PG00281	0.998852197927735	0.000328979419613333	0.000620632607799011	1.65592368915581e-09
PG00282	0.998852197927735	0.59603731617994	0.802804126368488	0.028726382621623
PG00284	0.998852197927735	0.881138025884207	0.224075489262491	0.632452639713363
PG00285	0.998852197927735	0.943006789900995	0.00433648404976772	0.646243039882489
PG00286	0.998852197927735	0.97165952941628	0.929123698774422	0.820326323829624
PG00287	0.998852197927735	0.491323000145999	1.31823052675284e-05	0.739627224170076
PG00288	0.998852197927735	0.914306555554942	0.719121547135302	0.962412829079694
PG00290	0.998852197927735	0.958751171358316	0.697942835562335	0.934211968703185
PG00291	0.998852197927735	0.963954618104903	0.111082292302316	0.949537322415506
PG00292	0.998852197927735	0.778961233955117	0.738923458110018	0.500445079499651
PG00293	0.998852197927735	0.96516785797642	0.749589578758935	0.855270870785231
PG00294	0.998852197927735	0.858260511871225	0.175717743192452	0.641676494363283
PG00295	0.998852197927735	0.358154870908111	0.0152779168739161	0.534633245278332
PG00296	0.998852197927735	0.96516785797642	0.898429514084053	0.438215589950271
PG00298	0.998852197927735	0.745850283514864	0.823942102722539	0.706016203268913
PG00299	0.998852197927735	0.296147345122891	0.207209263073161	0.324093866345425
PG00301	0.998852197927735	0.778961233955117	0.790453768554181	0.91422077942283
PG00302	0.998852197927735	0.694600488883742	0.00410944794909144	9.07979679689729e-05
PG00303	0.963002809257042	0.977569311035306	0.136706214608775	0.330444285196152
PG00304	0.998852197927735	0.914306555554942	0.951896758787818	0.988689413779229
PG00305	0.998852197927735	0.926911415214115	0.602932417286104	5.80207907559321e-05
PG00306	0.998852197927735	0.804063651326512	0.934247684978691	0.897196110980341
PG00307	0.998852197927735	0.749069056382577	0.00295406761754436	0.690584471025289
PG00308	0.998852197927735	0.729739676688211	0.000304367889174388	2.32850751890827e-05
PG00309	0.998852197927735	0.608741228803161	0.0228298566367038	0.00522039945140807
PG00310	0.998852197927735	0.414645149392436	0.331905288470599	0.94994794697715
PG00311	0.998852197927735	0.625133786064367	0.983847160893206	0.188319216262562
PG00313	0.998852197927735	0.103333334461463	0.031627041560559	0.15601531735165
PG00314	0.998852197927735	0.970257978423362	0.95665773215535	0.652347872896706
PG00315	0.998852197927735	0.131481306104641	0.873891543770577	0.356822988131934
PG00316	0.998852197927735	0.96516785797642	0.662378080046026	0.961339303265702
PG00317	0.998852197927735	0.63683021687599	0.743420553446579	0.0595698592248652
PG00318	0.998852197927735	0.541910505523505	0.853944840197099	0.90962242451049
PG00319	0.998852197927735	0.883661493286672	0.654715855526662	0.656093128036699
PG00320	0.998852197927735	0.720080170829686	0.0904380725481588	0.0300305358208208
PG00321	0.998852197927735	0.3576163640144	0.0095085430017627	5.06063251383736e-06
PG00323	0.785050924412463	0.749069056382577	0.34297373262344	0.978000805120628
PG00324	0.998852197927735	3.01442999996251e-06	0.719592926170662	6.59680365694033e-07
PG00326	0.998852197927735	0.204205908333878	0.0572003493200768	0.749018809848265
PG00327	6.30948994107746e-06	0.855112761720418	0.982468517558805	0.0474919009989327
PG00328	0.998852197927735	0.716250821279185	0.827413852797257	0.200746909448387
PG00330	0.998852197927735	0.183590188421671	2.16321442495567e-08	2.29038702970056e-09
PG00331	0.998852197927735	0.0481045886919208	4.7692199761423e-09	3.4055182609076e-06
PG00331b	0.998852197927735	0.103333334461463	1.29237423137345e-09	3.13174665904513e-11
PG00332	0.998852197927735	0.446987005079366	0.943636013068928	0.109270900724165
PG00334	0.998852197927735	0.598012814851768	0.930196222602152	0.948595572666288
PG00337	0.998852197927735	0.740107842774698	0.192336214784305	0.948595572666288
PG00338	0.998852197927735	0.745149274909578	0.97393346166183	0.897196110980341
PG00339	0.998852197927735	0.924793466648448	0.0704044005312873	0.966879512955996
PG00340	0.998852197927735	0.956678657960023	0.966789714465162	0.572661937810381
PG00342	0.998852197927735	0.0629294548144617	0.0326272578138959	0.00134626769984202
PG00343	0.998852197927735	0.914306555554942	0.650739825745321	0.388339622104297
PG00344	0.998852197927735	0.89043389089487	0.389966772411982	0.857938669482993
PG00345	0.998852197927735	0.486360867101166	0.921742047223674	0.979879628949594
PG00346	0.998852197927735	0.228276841849905	9.58924371571941e-06	0.0709277929648173
PG00347	0.998852197927735	0.971441673203106	0.871803318077725	0.932973173168073
PG00349	0.998852197927735	0.859540011413938	0.362599091455576	0.476074861686142
PG00350	0.998852197927735	0.640439189981553	0.589848501625988	0.966510948296361
PG00351	0.998852197927735	0.892864616518847	0.910429693637801	0.549879505084171
PG00352	0.998852197927735	0.780896456314231	0.744516554973923	0.295969136705967
PG00352b	0.998852197927735	0.96516785797642	0.16816247223712	0.00447011592952766
PG00353	0.998852197927735	0.971441673203106	0.698535664373281	0.718112864114878
PG00354	0.998852197927735	0.952889995102041	0.430376360900796	0.415285567615567
PG00355	0.998852197927735	0.716869383869232	0.786485250064037	0.659142575151872
PG00356	0.998852197927735	0.926911415214115	0.991046856110325	0.820104980754657
PG00357	0.998852197927735	0.622187184855119	0.000553989054679329	1.5625229187143e-05
PG00358	0.786752636182916	0.96516785797642	0.438059787666485	0.192138742911411
PG00361	0.998852197927735	0.838233284048177	0.928081837660739	0.820104980754657
PG00362	0.998852197927735	0.636070605709265	9.78420738595047e-05	2.15705020187274e-08
PG00364	0.998852197927735	0.75617527425495	0.389888211859202	0.31740928911938
PG00366	0.998852197927735	0.678459363375933	0.97393346166183	0.554459165311871
PG00367	0.998852197927735	0.883661493286672	0.143095723428708	0.00355096209998917
PG00369	0.998852197927735	0.951970217071941	0.579962776235703	0.825972440863032
PG00370	0.998852197927735	0.778961233955117	0.461434164118851	0.33764356699455
PG00371	0.998852197927735	0.988649865010774	0.557510003885341	0.834645302632238
PG00372	0.998852197927735	0.914306555554942	0.554265227178463	0.975352179228447
PG00373	0.998852197927735	0.578831406109584	0.697942835562335	0.812403206457651
PG00374	0.998852197927735	0.939841555183669	0.301031983828873	0.0073577598044264
PG00375	0.998852197927735	0.033024102682188	0.88241230940176	0.234721531891276
PG00376	0.998852197927735	0.970257978423362	0.000502465070203507	0.00875738533092242
PG00376b	0.998852197927735	0.328878581483918	5.21033408813896e-05	2.41574314528013e-06
PG00377	0.880512128860478	0.7219459889266	2.87915257402618e-06	0.000102681376203758
PG00378	0.998852197927735	0.982562154445513	0.0177295013325303	6.28957562339511e-16
PG00379	0.998852197927735	0.624867612359856	0.0616000530545749	0.528362620271449
PG00380	0.998852197927735	0.673916898284149	0.187674482895612	0.601311563850259
PG00381	0.998852197927735	0.0390063868096754	0.853944840197099	0.241555306539772
PG00383	0.998852197927735	0.493421482004304	0.568591362503232	0.83940691437048
PG00384	0.998852197927735	0.0337343014786399	5.0164957786542e-06	1.60080374695965e-06
PG00385	0.998852197927735	0.861291839790562	0.590071911804628	0.4990682124582
PG00387	0.998852197927735	0.939841555183669	0.921742047223674	0.642495655047117
PG00388	0.998852197927735	0.919874582359409	0.928081837660739	0.785610083139606
PG00389	0.998852197927735	0.926911415214115	0.674445342086494	0.261732715870226
PG00390	0.998852197927735	0.75617527425495	0.999338922779358	0.619375313345452
PG00391	0.998852197927735	0.401321072367545	0.000162719763246024	0.00129779926372074
PG00391b	0.730525504847357	0.00660980650936485	0.000111777423768452	0.0323904895263248
PG00392	0.998852197927735	0.680583286491037	0.192336214784305	0.83940691437048
PG00393	0.998852197927735	0.000625143914852231	1.54286358055454e-07	5.93794519904813e-06
PG00393b	0.998852197927735	0.0193295858495941	2.93106888852198e-07	9.01162857172704e-06
PG00395	0.998852197927735	0.810879402992458	0.79784356116502	0.326625817783978
PG00398	0.998852197927735	0.129738421790642	0.929123698774422	0.994518110667387
PG00399	0.998852197927735	0.840185457164615	0.0826325494135941	0.911585633997393
PG00400	0.998852197927735	0.33686116759929	0.795500352026122	0.931129119766702
PG00401	0.998852197927735	0.341209482249009	0.77198075562295	0.0557061393392486
PG00402	0.958861138404341	0.00375576683235199	0.000156988776535996	0.00363001943865542
PG00403	0.998852197927735	0.977608689558678	0.97393346166183	0.712257754727437
PG00404	0.998852197927735	0.934558801693706	0.958380987436569	0.796734197779327
PG00405	0.998852197927735	0.502232400053251	0.007890398675649	0.00724748440676865
PG00406	0.998852197927735	0.640439189981553	0.031627041560559	0.84972796939761
PG00407	0.998852197927735	0.166876963062862	0.97393346166183	0.366464386857095
PG00408	0.998852197927735	0.883661493286672	0.721308801274643	0.409555575016212
PG00409	0.188305622699373	0.988649865010774	0.77198075562295	0.659637454318041
PG00410	0.998852197927735	0.608741228803161	0.353646384275688	0.0845308170288116
PG00410b	0.00762054009986148	0.883661493286672	0.214118778758177	0.0012101449804103
PG00411	0.998852197927735	0.877805719703939	0.0848801266542073	0.0318978678065791
PG00413	0.998852197927735	0.96516785797642	0.97393346166183	0.551830521970569
PG00414	0.730525504847357	0.100678331209391	3.52713385786831e-07	0.000108611538261315
PG00415	0.998852197927735	0.716250821279185	0.984734582875013	0.926679860145872
PG00417	0.998852197927735	0.96516785797642	0.688277467471821	0.83940691437048
PG00418	0.998852197927735	0.937736549358971	0.138276267239061	0.000164445061718307
PG00420	0.998852197927735	0.928432455790818	0.149863085964043	0.838795435163856
PG00421	0.998852197927735	0.992381806649778	0.82082637468334	0.712257754727437
PG00423	0.912409032349626	0.840185457164615	0.308538785370511	0.00592334956393354
PG00424	0.998852197927735	0.87143170947225	0.928081837660739	0.399359827338442
PG00425	0.516507658561748	0.471659251214199	0.749776734245938	0.95512991561964
PG00425b	0.998852197927735	0.96516785797642	0.189630108585573	0.929211547852541
PG00426	0.998852197927735	0.59603731617994	0.634372620880465	0.590564175342107
PG00427	0.998852197927735	0.959491026703046	0.655661389017472	0.050933130073047
PG00428	0.998852197927735	0.93604462778063	0.978694288151532	0.199458696821955
PG00429	0.998852197927735	0.212208146525388	0.0925864693627526	0.86503536058335
PG00430	0.998852197927735	0.569230860693527	0.755414247305788	0.83940691437048
PG00431	0.998852197927735	0.971441673203106	0.786485250064037	0.909279481457878
PG00432	0.998852197927735	0.96516785797642	0.276919432686787	0.276212082280278
PG00433	0.998852197927735	0.63683021687599	0.723884310533637	0.815285748460384
PG00435	0.0369114610492219	0.970500838393668	0.873891543770577	0.860695580804812
PG00436	0.998852197927735	0.0390063868096754	1.03480275969094e-06	0.0213663118787303
PG00437	0.998852197927735	0.715256771220545	0.380817977266744	0.346724095033803
PG00439	0.998852197927735	0.859651848375173	0.162141727478782	0.460124751807309
PG00440	0.000541207140549908	0.859540011413938	0.000201667766384453	0.79694896271763
PG00441	0.998852197927735	3.87333090320728e-05	3.52713385786831e-07	3.02895171786286e-09
PG00443	0.998852197927735	0.0064330781210072	3.16786027702522e-05	2.83151017818355e-07
PG00444	0.998852197927735	0.955919091316563	0.397765548705912	0.990267151450949
PG00445	0.998852197927735	0.96516785797642	0.85857615957104	0.867236013859451
PG00446	0.998852197927735	0.791787970549896	0.719592926170662	0.183849444355746
PG00448b	0.998852197927735	0.788772086128485	0.611782923220483	0.752130833241531
PG00449	0.998852197927735	0.96516785797642	0.749589578758935	0.609148006062352
PG00450	0.998852197927735	0.928432455790818	0.968459685078835	0.230181810358321
PG00452	0.998852197927735	1.24194416250811e-09	0.00143936378043933	7.26624682668575e-06
PG00453	0.998852197927735	0.749069056382577	0.779116599675726	0.809339737280175
PG00454	0.998852197927735	0.91722860471645	0.389966772411982	0.000171264728789604
PG00455	0.998852197927735	0.909218899800259	0.231843090720422	0.760959410955613
PG00456	0.575281392016411	0.891959054141184	0.95665773215535	0.268202200925144
PG00457	0.998852197927735	0.727671492185935	0.441926616016736	0.811929277700152
PG00458	0.998852197927735	0.409935063978158	0.939654038786871	0.926679860145872
PG00460	0.998852197927735	0.295298764831923	0.00104563546644496	0.0278367783955219
PG00461	0.998852197927735	2.54838022248743e-07	0.97393346166183	0.979553798170908
PG00462	0.998852197927735	0.519602187336905	0.95665773215535	0.0387129239849508
PG00463	0.998852197927735	0.772773443711731	0.415393495434781	1.33835843726153e-06
PG00464	0.998852197927735	0.857029369775243	0.951896758787818	0.554459165311871
PG00465	0.998852197927735	0.470072638071192	0.841764099841119	0.931129119766702
PG00466	0.998852197927735	1.93996055246187e-06	0.00020009628744366	3.96852751465994e-08
PG00466b	0.998852197927735	4.20377601478524e-06	0.000263559089213701	1.40649588591164e-06
PG00467	0.998852197927735	0.444645471100827	0.748437270359258	0.0217237601702162
PG00468	0.998852197927735	0.716250821279185	0.88845566077381	0.839727584240599
PG00469	0.998852197927735	0.84662160807972	0.82416894835081	0.991393037053378
PG00470	0.394547888984642	0.84662160807972	0.894613199805459	0.687860672145243
PG00471	0.998852197927735	0.772773443711731	0.654715855526662	0.136367886813774
PG00472	0.998852197927735	0.886624077902977	0.553577280207183	0.638077370130321
PG00474	0.998852197927735	0.970257978423362	0.693348915614435	0.154698545785989
PG00475	0.998852197927735	0.471659251214199	0.254140616952916	0.083134938353137
PG00476	0.998852197927735	0.818049783748193	0.966789714465162	0.747840735500723
PG00477	0.998852197927735	0.664289227378958	0.95665773215535	0.466069121261092
PG00478	0.998852197927735	0.914306555554942	0.959302987162102	0.0254091685534535
PG00479	0.998852197927735	0.982562154445513	0.828245299285552	0.926679860145872
PG00480	0.998852197927735	0.817115673263944	0.558427352635015	0.95622934827088
PG00481	0.998852197927735	0.587883508037456	0.000527918667214734	0.00212921679967103
PG00483	0.998852197927735	0.772773443711731	0.88369867257743	0.877000902800223
PG00484	0.998852197927735	0.985691762418969	8.99658488339966e-05	2.85123098601701e-11
PG00485	0.998852197927735	0.869789688227388	0.00126785716825892	5.31481725889774e-05
PG00486	0.998852197927735	0.000221581922928846	5.48792166487757e-08	7.15432248133674e-08
PG00487	0.998852197927735	0.853440998400178	0.108727792103912	0.913221347474571
PG00488	0.998852197927735	0.673916898284149	0.554574640108995	0.777985453553222
PG00490	0.998852197927735	0.835750534217979	5.38028326400027e-10	0.32827249192961
PG00491	0.998852197927735	0.914306555554942	0.475857005473327	0.000991854036515004
PG00492	0.998852197927735	0.933923063935427	0.111160628649703	0.771026348058413
PG00493	0.998852197927735	0.625133786064367	0.406785590130725	0.335384760384776
PG00494	0.998852197927735	2.55269856088365e-05	9.98741162247726e-06	1.00618303336842e-10
PG00495	0.998852197927735	0.597796536414672	0.00107170923558293	4.24674416697347e-08
PG00496	0.998852197927735	0.471659251214199	1.19382090438121e-16	0.79694896271763
PG00497	0.998852197927735	0.886648189223734	0.904849899115338	0.768559994140775
PG00498	0.998852197927735	0.996775953883956	0.697942835562335	0.909279481457878
PG00499	0.998852197927735	0.993409055525167	0.514090588103127	0.155737435270727
PG00500	0.998852197927735	0.668255992410514	0.0271978952085367	6.62312152740633e-05
PG00502	0.998852197927735	0.859540011413938	0.0359311160668875	9.03027739472111e-05
PG00503	0.998852197927735	0.147097974771858	0.184630039367643	0.254287521417741
PG00504	0.998852197927735	0.958751171358316	0.877130926090626	0.32827249192961
PG00506	0.998852197927735	0.63683021687599	0.000246221973417129	1.5625229187143e-05
PG00506b	0.998852197927735	0.380656688269296	0.00473474944761248	0.0133273415579238
PG00507	0.998852197927735	0.837735120846007	0.969179711297814	0.982943631383713
PG00508	0.998852197927735	0.939841555183669	0.480346367882265	0.768559994140775
PG00511	0.998852197927735	0.778961233955117	0.729408757187047	0.064509881305234
PG00512	0.998852197927735	0.840185457164615	0.254140616952916	0.817172517307937
PG00513	0.998852197927735	0.184520016159121	0.629416915996832	0.00613585976580262
PG00514	0.998852197927735	0.817115673263944	0.719592926170662	0.438548556240928
PG00515	0.998852197927735	0.7522075541161	0.00255888918414678	0.0042261518444782
PG00516	0.998852197927735	0.84662160807972	0.802804126368488	0.785861082706508
PG00517	0.998852197927735	0.105521688754213	0.634732188449062	0.784052085718273
PG00518	0.963002809257042	0.740473673098708	0.974593615960832	0.807562527581733
PG00519	0.998852197927735	0.662369846831386	0.991046856110325	0.838795435163856
PG00520	0.998852197927735	0.774674379344104	0.637256015904266	0.92196168347373
PG00521	0.998852197927735	0.914306555554942	0.966789714465162	0.985432217599115
PG00522	0.998852197927735	0.96516785797642	0.417596718521862	0.447095570039826
PG00524	0.998852197927735	0.869789688227388	0.380494776397696	0.000422878812472293
PG00526	0.998852197927735	0.996963666273004	0.545467428924661	0.418658778787578
PG00527	0.998852197927735	0.96516785797642	0.689717588511687	0.744980802445082
PG00528	0.998852197927735	0.778961233955117	0.339418064763173	0.0358472345484343
PG00529	0.998852197927735	0.0344832706059229	0.416279315153138	0.188087247154489
PG00530	0.802873857281319	0.84662160807972	0.999338922779358	0.508515737293998
PG00531	0.998852197927735	0.808413506362089	0.912155614278568	0.851987630293865
PG00532	0.998852197927735	0.909765979693604	0.484481570715903	0.845764887773033
PG00532b	0.998852197927735	0.970257978423362	0.823942102722539	0.97588280119022
PG00533	0.998852197927735	0.840185457164615	0.0245951688188108	0.0272812814373078
PG00534	0.998852197927735	0.125616341586403	0.490057167600459	0.590564175342107
PG00535	0.998852197927735	0.261810061111357	0.000744116018194652	0.276173389136843
PG00536	0.998852197927735	0.750631913205059	0.32696833326103	0.979879628949594
PG00537	0.998852197927735	0.977510779110494	0.630104252173753	0.571267255654901
PG00538	0.998852197927735	0.229427777581641	0.430775877400389	0.812403206457651
PG00539	0.998852197927735	0.943006789900995	3.33774785329271e-05	2.08317911462233e-05
PG00540	0.998852197927735	0.816494201096697	0.467627316652894	0.843468983731648
PG00540b	0.998852197927735	0.846227550915499	0.970076157331186	0.402538962604381
PG00541	0.998852197927735	0.883661493286672	0.974593615960832	0.988305469957884
PG00542	0.998852197927735	0.228276841849905	0.602932417286104	0.966879512955996
PG00543	0.998852197927735	0.993409055525167	0.834916642177579	0.777985453553222
PG00544	0.998852197927735	0.909765979693604	0.634732188449062	0.924122464914988
PG00545	0.998852197927735	0.428691647021019	2.05735977323357e-07	8.89821552077566e-06
PG00546	0.998852197927735	0.87143170947225	0.881510919294709	0.820943006915892
PG00547	0.998852197927735	0.973260912956095	0.6006704899073	0.788452008804069
PG00548	0.998852197927735	0.914306555554942	0.894465761087178	0.322581293622751
PG00550	0.998852197927735	0.175314252330686	0.805591937848736	0.00752002943578697
PG00553	0.998852197927735	0.859935888393671	0.951126554354707	0.654749071817798
PG00554	0.998852197927735	0.0319353970242815	0.104326974551587	0.011369787514975
PG00555	0.998852197927735	0.981211836853744	0.0115729061818585	0.00609014012012239
PG00556	0.998852197927735	0.651553583996323	0.590071911804628	0.303252952438458
PG00557	0.998852197927735	0.84662160807972	0.214118778758177	0.00134488310976872
PG00558	0.998852197927735	0.471736998615373	0.677924807187011	0.0724354364639851
PG00559	0.998852197927735	0.651553583996323	0.00344141693843655	0.0744559654830749
PG00560	0.998852197927735	0.996963666273004	0.136296477417726	0.752077256666036
PG00561	0.998852197927735	0.971441673203106	0.802804126368488	0.346724095033803
PG00563	0.998852197927735	0.859861037583401	0.689717588511687	0.966879512955996
PG00564	0.998852197927735	0.706589232942719	0.123085053911689	0.587827058125663
PG00565	0.998852197927735	0.962768739134498	0.120325673954931	0.617279052786585
PG00566	0.998852197927735	0.971441673203106	0.545467428924661	0.641676494363283
PG00567	0.998852197927735	0.936144226419685	0.902712179170711	0.0215312092599418
PG00568	0.998852197927735	0.994921122323872	0.95665773215535	0.609148006062352
PG00569	0.998852197927735	0.943006789900995	0.85122966694917	0.274920657848698
PG00570	0.998852197927735	0.00431844050801972	0.741995523117676	0.247522661906452
PG00571	0.998852197927735	0.84662160807972	0.952862423330795	0.805517218158926
PG00572	0.802873857281319	0.756378031872754	0.932414812167171	0.997404669320651
PG00573	0.998852197927735	0.654967217855614	0.472939791206679	0.116324412340199
PG00574	0.998852197927735	0.113123004240851	0.317733906769503	0.790771413271757
PG00574b	0.998852197927735	0.000102183555746	0.571373131799355	0.937395278475796
PG00575	0.998852197927735	0.920864634438447	0.719592926170662	0.935329739431889
PG00576	0.998852197927735	0.973260912956095	0.490292658954629	0.975094021305098
PG00577	0.998852197927735	0.79363325905	0.997412123154662	0.24276014590414
PG00578	0.998852197927735	0.958751171358316	0.611782923220483	0.988043257767534
PG00579	0.998852197927735	0.00459575856118843	1.15332703652728e-05	4.19107193293175e-05
PG00580	0.706242368261504	0.75617527425495	0.974746490058307	0.346724095033803
PG00581	0.998852197927735	0.00284555158852509	0.000703730844700032	2.59285216865832e-06
PG00582	0.998852197927735	0.84662160807972	0.842787908044013	0.408121189641353
PG00585	0.998852197927735	0.993409055525167	0.574554379805713	0.188087247154489
PG00587	0.998852197927735	0.986153788826659	0.847515572261343	0.064509881305234
PG00590	0.998852197927735	0.662369846831386	0.575438804550121	0.712257754727437
PG00591	0.998852197927735	0.96516785797642	0.973498689042639	0.813625507823825
PG00592	0.998852197927735	0.161257234865186	0.111082292302316	0.55475524065795
PG00593	0.998852197927735	0.96516785797642	0.443905799816701	0.474409775221879
PG00595	0.998852197927735	0.923879474912029	0.0894618053794644	0.949537322415506
PG00596	0.998852197927735	0.466689239179713	0.707922014706929	0.897547876806028
PG00597	0.998852197927735	0.937736549358971	0.95665773215535	0.975352179228447
PG00599	0.998852197927735	0.914306555554942	0.249782789186235	0.83940691437048
PG00602	0.998852197927735	0.605967740804236	5.79337458426293e-08	5.2640341790503e-08
PG00603	0.998852197927735	0.989282625357591	0.486910888879545	0.807562527581733
PG00604	0.998852197927735	0.952889995102041	0.805551740337798	0.910048877806553
PG00605	0.998852197927735	0.332762952866143	0.706399397306078	2.67677734318864e-05
PG00606	0.998852197927735	0.106571060244776	0.724561680045522	0.466184374882644
PG00607	0.998852197927735	0.977679594416865	0.0447202358716413	0.330444285196152
PG00608	0.998852197927735	0.840185457164615	0.802804126368488	0.793157336236355
PG00609	0.998852197927735	0.587883508037456	0.621166479171478	0.953650238095928
PG00610	0.899647958337683	0.65011175477024	0.0238217803849395	0.0895402726441933
PG00611	0.998852197927735	0.745850283514864	0.741995523117676	0.967533221299317
PG00612	0.998852197927735	0.914306555554942	0.249782789186235	0.970387202240116
PG00613	0.998852197927735	0.883661493286672	0.317185155799837	0.0157092154725138
PG00615	0.998852197927735	0.926911415214115	0.999338922779358	0.740252110224937
PG00617	0.998852197927735	0.335895976942246	0.672899221252637	0.946514580932208
PG00618	0.998852197927735	0.00120393515743897	2.16321442495567e-08	2.82492328309602e-06
PG00619	0.998852197927735	0.358108732327794	0.333383821543422	0.734545120951501
PG00620	0.998852197927735	0.939841555183669	0.894613199805459	0.505575276501134
PG00621	0.998852197927735	0.662893625062247	0.736570462501228	0.220339574749288
PG00622	0.998852197927735	0.971441673203106	0.297990655265486	0.0144315358331036
PG00623	0.998852197927735	0.791619666674777	0.744516554973923	0.0158281810693326
PG00624	0.998852197927735	0.131882551354754	0.906887715192032	0.192138742911411
PG00626	0.998852197927735	0.937102430682526	0.0102189571103136	0.00012116183973989
PG00628	0.998852197927735	0.89043389089487	0.974746490058307	0.244415213257057
PG00629	0.998852197927735	0.970500838393668	0.00208653246467759	5.18675307455558e-07
PG00630	0.998852197927735	0.993409055525167	0.688277467471821	0.892447418119895
PG00632	0.998852197927735	0.924145937413874	0.98061178115896	0.700901570830045
PG00634	0.998852197927735	0.636070605709265	0.618501654991403	0.0495169137707539
PG00635	0.998852197927735	0.667188109911348	0.0822200775551892	9.6017716840023e-05
PG00637	0.998852197927735	0.59603731617994	0.298969192211018	0.94994794697715
PG00638	0.998852197927735	0.72247261676384	0.672899221252637	0.389305717204097
PG00640	0.998852197927735	0.756378031872754	0.176299663019519	0.838795435163856
PG00641	0.998852197927735	0.840185457164615	0.938561277325615	0.956009842872473
PG00641b	0.998852197927735	2.53578943986423e-06	0.697942835562335	0.745647520955969
PG00642	0.998852197927735	0.849663839548209	0.75819269149104	0.838795435163856
PG00643	0.998852197927735	0.587883508037456	0.0022096158462731	0.000291464954948187
PG00644	0.998852197927735	0.624867612359856	0.299276885981266	0.231481463938238
PG00646	0.998852197927735	0.970257978423362	0.553577280207183	0.876766735276437
PG00647	0.812928026940622	0.48619334760437	0.958380987436569	0.000424168028887271
PG00648	0.998852197927735	0.942510817974236	0.816750491824014	0.148218449262336
PG00649	0.998852197927735	0.96516785797642	0.750811774585515	0.820174808836821
PG00651	0.998852197927735	0.716250821279185	0.840092300662974	0.975194010423902
PG00652	0.998852197927735	0.96516785797642	0.921988294728056	0.334310583510894
PG00653	0.0548247028647377	0.107801599229571	0.575202415056359	0.838783251782799
PG00654	0.998852197927735	0.927897069818664	0.929123698774422	0.796630430966449
PG00657	0.998852197927735	0.440419640999559	0.991046856110325	0.374753367242079
PG00658	0.998852197927735	0.517422094287506	0.95665773215535	0.0818749759574963
PG00659	0.998852197927735	0.943961375169098	0.929123698774422	0.416990322784167
PG00660	0.998852197927735	0.0108991310720602	0.00964891414048648	1.56723875944262e-08
PG00661	0.802873857281319	0.358154870908111	0.910429693637801	0.109548509279146
PG00662	0.998852197927735	0.0108991310720602	0.780309025483365	0.613034976747924
PG00664	0.998852197927735	0.541910505523505	0.108383817314251	0.542990782134632
PG00665	0.998852197927735	0.993409055525167	0.443905799816701	0.494614765078479
PG00666	0.998852197927735	4.18891941154694e-05	5.73464522512677e-11	7.21171332550518e-11
PG00666b	0.998852197927735	0.500745541377243	2.48681789333366e-07	1.14671436556167e-09
PG00668	0.998852197927735	0.945921625806032	0.568763260028264	0.521114108778591
PG00669	0.998852197927735	0.00604965894816697	0.00486278048946323	4.20112384198679e-10
PG00670	0.028872473349975	0.909765979693604	0.384513678466766	0.262512690209441
PG00671	0.998852197927735	0.970257978423362	0.0425714773406891	0.797492537010882
PG00673	0.998852197927735	0.00814675142193057	8.34459923191148e-10	0.00227119213480295
PG00674	0.998852197927735	0.89043389089487	2.44740020930196e-05	0.423763736530147
PG00675	0.998852197927735	0.84662160807972	0.430810980502473	0.0753062846739958
PG00676	0.998852197927735	0.865615261342288	0.911545412328028	0.4402552086268
PG00677	0.998852197927735	0.883661493286672	0.119854755902322	0.0038682486667778
PG00678	0.802873857281319	0.996926835415707	0.123685898976349	1.58501640669457e-05
PG00679	0.998852197927735	0.808243430544316	0.00372979236848308	2.56870637531668e-06
PG00680	0.998852197927735	0.804063651326512	0.951896758787818	0.877674863723875
PG00682	0.998852197927735	0.228276841849905	0.00290351636951336	0.0113627792208832
PG00683	0.998852197927735	0.63683021687599	0.439488725753957	0.968881564420285
PG00684	0.998852197927735	0.608741228803161	0.857133928724321	0.279913010148879
PG00685	0.998852197927735	0.198293708968529	0.384513678466766	0.858469881667818
PG00686	0.998852197927735	0.720080170829686	0.697248109599223	0.785610083139606
PG00687	0.0145453553220822	0.000246754143489473	0.012312220275507	0.192317742040719
PG00688	0.0704647678349283	0.806098226906832	0.95665773215535	0.742193230875221
PG00689	0.998852197927735	0.939841555183669	0.653674617691343	0.76468348469692
PG00690	0.998852197927735	2.75748804789691e-05	0.000912124877127448	2.1132515675727e-07
PG00691	0.730525504847357	0.808243430544316	0.991046856110325	0.658506406821657
PG00694	0.998852197927735	0.00302357632811111	1.23545306947536e-05	7.81873177717512e-05
PG00695	0.998852197927735	0.71247998625218	0.951068435533048	0.83940691437048
PG00696	0.998852197927735	0.952889995102041	0.295270552960239	0.618557689825073
PG00697	0.998852197927735	0.84662160807972	0.248677305478083	0.587526251030554
PG00698	0.998852197927735	0.996963666273004	0.249782789186235	0.407052630729224
PG00699	0.998852197927735	0.761125942422525	0.198845698702147	0.892447418119895
PG00700	0.998852197927735	0.988649865010774	0.209135824042028	0.0535221690304826
PG00700b	0.998852197927735	0.79363325905	0.0231701149641741	0.15601531735165
PG00701	0.733942266956044	1.0607490368283e-09	0.0372741705333857	1.78481536049877e-05
PG00702	0.998852197927735	0.0431418676210515	0.00163391520021579	5.09673523245723e-06
PG00703	0.998852197927735	0.0165073719007732	3.88024585512899e-08	1.20270744910833e-10
PG00704	0.998852197927735	0.0016980013977687	3.79915694187409e-09	3.62220109525298e-07
PG00705	0.998852197927735	0.807995362930089	0.934247684978691	0.308632468937962
PG00706	0.998852197927735	0.0535360174674925	5.76671528075861e-22	0.861171830026399
PG00707	0.998852197927735	0.913196867221622	0.171841207323976	0.647196401207633
PG00708	0.998852197927735	0.416685993238286	0.212769559039881	0.796630430966449
PG00709	0.998852197927735	0.00799493353736492	0.000409786749401309	5.029811838434e-10
PG00710	0.998852197927735	0.0790955564229906	6.52624390780135e-06	3.93823311205252e-11
PG00711	0.998852197927735	0.937736549358971	0.79784356116502	0.700901570830045
PG00712	0.998852197927735	0.0337343014786399	0.921988294728056	0.135449095826424
PG00713	0.998852197927735	0.541910505523505	0.929123698774422	0.551830521970569
PG00713b	0.998852197927735	0.96516785797642	0.97393346166183	0.862421405606705
PG00714	0.998852197927735	0.358154870908111	0.0430199065206215	0.749189022010086
PG00715	0.998852197927735	0.983546810826639	0.904038087839422	0.138258333566246
PG00716	0.998852197927735	0.829402397060212	0.48884887222403	0.978686951628163
PG00718	0.998852197927735	0.958751171358316	0.762100141278201	0.0409222183500329
PG00719	0.998852197927735	0.364641127873115	0.951896758787818	0.811599453734718
PG00720	5.39771968628387e-05	0.840185457164615	0.802804126368488	0.547046224532738
PG00721	0.998852197927735	0.491323000145999	0.951896758787818	0.790771413271757
PG00723	0.998852197927735	0.804063651326512	0.795481275845828	0.877674863723875
PG00724	0.998852197927735	0.0228673192103158	2.66608682836144e-08	1.72969755660962e-07
PG00725	0.998852197927735	0.949901550500306	0.456657331562214	0.00714898422196742
PG00726	0.998852197927735	0.444175483631392	0.00124913503002916	1.21800301535643e-06
PG00727	0.998852197927735	0.75987312742767	0.776610193274258	0.398798896884307
PG00728	0.998852197927735	0.869653156961698	0.749589578758935	0.128779469971696
PG00729	0.998852197927735	0.63683021687599	0.762029844451299	0.411703458894778
PG00730	0.998852197927735	0.926911415214115	0.871803318077725	0.317560037061688
PG00732	0.998852197927735	0.84662160807972	0.953277033347145	0.862421405606705
PG00734	0.998852197927735	0.958751171358316	0.342483568774641	0.466668116811058
PG00737	0.998852197927735	0.068438789122244	0.689362922054836	0.0287585622499118
PG00738	0.998852197927735	0.883661493286672	0.0482869442843052	0.855270870785231
PG00739	0.998852197927735	0.986153788826659	0.790911848107543	0.793535787428967
PG00740	0.998852197927735	0.0495946905618268	1.48092858930609e-08	2.15705020187274e-08
PG00741	0.998852197927735	0.884294767387952	0.95665773215535	1.40226924186211e-07
PG00743	0.730525504847357	0.254898960443347	0.938561277325615	0.839703162583332
PG00744	0.998852197927735	0.870873090078724	0.00802551724044062	0.017367207743731
PG00746	0.998852197927735	0.791787970549896	0.611782923220483	0.445093866907451
PG00747	0.998852197927735	0.79363325905	0.254140616952916	0.976889951419761
PG00748	0.998852197927735	0.740107842774698	0.919525109328836	0.804402213520001
PG00749b	0.998852197927735	0.00795459075342278	0.0785350685806692	0.247718553507222
PG00750	0.998852197927735	0.654967217855614	0.490292658954629	0.321080409607336
PG00751	0.998852197927735	5.57662341157697e-07	0.136246216839318	0.0396891173071021
PG00752	0.998852197927735	0.659871853551903	0.824290182159293	0.818831604242394
PG00753	0.998852197927735	0.96516785797642	0.928081837660739	0.60875304476734
PG00755	0.998852197927735	0.729739676688211	0.37350057476436	0.979553798170908
PG00756	0.998852197927735	0.474255999660812	0.575772547829392	0.932973173168073
PG00757	0.998852197927735	0.000132661129081086	0.00805102307775821	0.000308888627077832
PG00759	0.998852197927735	0.87143170947225	0.0819767322136476	0.700901570830045
PG00759b	0.880512128860478	0.996926835415707	0.853944840197099	0.782120058739404
PG00760	0.998852197927735	0.701862844607734	0.991046856110325	0.700901570830045
PG00761	0.998852197927735	0.914306555554942	0.919525109328836	0.308632468937962
PG00763	0.998852197927735	0.855112761720418	0.182971992007889	0.967533221299317
PG00764	0.998852197927735	0.278501821658575	0.0205306769713204	1.5625229187143e-05
PG00765	0.998852197927735	0.993409055525167	0.873891543770577	0.793228337538914
PG00766	0.998852197927735	0.617095861780052	1.10609194574694e-09	0.73983091490405
PG00766b	0.998852197927735	0.941221062603501	0.484481570715903	0.812403206457651
PG00769	0.998852197927735	0.84662160807972	0.85122966694917	0.254287521417741
PG00769b	0.998852197927735	0.955919091316563	0.450279654622609	0.0318978678065791
PG00770	0.998852197927735	0.546138791053781	0.654715855526662	0.882189426867356
PG00772	0.998852197927735	0.471659251214199	2.41630772963049e-07	0.000669413458714267
PG00773	0.998852197927735	0.970257978423362	0.650739825745321	0.147667473738323
PG00774	0.998852197927735	0.341209482249009	0.000291118619527308	0.00162236843335881
PG00775	0.998852197927735	0.748514925276889	0.95665773215535	0.749018809848265
PG00777	0.998852197927735	0.89043389089487	0.9717643295532	0.528210678766127
PG00778	0.998852197927735	0.971441673203106	0.6006704899073	0.56666033025962
PG00779	0.998852197927735	0.928432455790818	0.00327045922868194	0.793228337538914
PG00780	0.998852197927735	0.87143170947225	0.465154953444612	0.0109424184979833
PG00782	0.998852197927735	0.032279540223434	0.569712845564503	0.00176068124992321
PG00783	0.998852197927735	0.0616340243339426	0.0314613612360309	0.611735239570357
PG00784	0.998852197927735	0.84662160807972	0.700564078367252	0.712257754727437
PG00785	0.998852197927735	0.807995362930089	0.203521071920781	0.346724095033803
PG00786	0.998852197927735	0.96516785797642	0.912155614278568	0.83940691437048
PG00787	0.998852197927735	0.923879474912029	0.95665773215535	0.407052630729224
PG00788	0.998852197927735	0.929866243750826	0.314978499676956	0.838795435163856
PG00789	0.998852197927735	0.000603883764003542	1.29237423137345e-09	4.34059904027469e-08
PG00790	0.998852197927735	0.174762613688746	0.000702551487080845	0.0428575269674739
PG00792	0.998852197927735	0.546138791053781	3.85622013667017e-05	4.12415891613408e-09
PG00793	0.998852197927735	0.84662160807972	0.510388335724702	0.000395468632741
PG00794	0.998852197927735	0.716250821279185	0.69308948143774	0.165165882843477
PG00795	0.998852197927735	0.996926835415707	0.457890274323242	0.21952401943373
PG00796	0.998852197927735	0.87143170947225	0.175717743192452	0.98665980624175
PG00798	0.963002809257042	0.258120203519485	0.000527918667214734	0.000194829652127281
PG00799	0.998852197927735	0.909765979693604	0.688277467471821	0.140072189872313
PG00800	0.998852197927735	0.756378031872754	0.744516554973923	0.712257754727437
PG00802	0.998852197927735	0.241980409711753	0.0813005922431693	0.0219336655600157
PG00803	0.998852197927735	0.819347295082967	0.823942102722539	0.53188661353982
PG00804	0.998852197927735	0.804063651326512	0.853944840197099	0.967533221299317
PG00805	0.998852197927735	0.926911415214115	0.840092300662974	0.163022349252082
PG00806	0.998852197927735	0.188561456635533	0.6006704899073	0.248658067862329
PG00808	0.998852197927735	0.863694953110149	0.790453768554181	0.877674863723875
PG00810	0.824401601886595	0.883661493286672	0.956135167086821	0.50407628171481
PG00812	0.998852197927735	0.194572291273808	0.150627180531797	0.00102121017455345
PG00813	0.000395829690880709	0.958751171358316	0.983847160893206	0.00711184597754652
PG00814	0.998852197927735	0.808243430544316	0.843295241450811	0.31743195290621
PG00815	0.998852197927735	0.241980409711753	0.817141830245632	0.811929277700152
PG00816	0.998852197927735	0.911439264239052	0.79919024749614	0.95622934827088
PG00817	0.998852197927735	0.722489890329996	0.956139733603115	0.857938669482993
PG00818	0.998852197927735	0.859540011413938	0.95665773215535	0.601311563850259
PG00820	0.998852197927735	0.914306555554942	0.960755730405058	0.57705610840205
PG00821	0.998852197927735	4.10725070976428e-08	0.759460625095402	0.430076495181072
PG00822	0.992765483997891	0.887916213993188	0.244629120770423	0.849276201193421
PG00823	0.998852197927735	0.880855610404193	0.921742047223674	0.534633245278332
PG00824	0.998852197927735	0.61538920808939	0.921742047223674	0.964962561437986
PG00825	0.998852197927735	0.914306555554942	0.832274213199985	0.52650863025943
PG00826	0.998852197927735	0.716845661147373	0.59557847738168	0.521114108778591
PG00827	0.998852197927735	0.79363325905	0.00343366745706238	0.000136518318385562
PG00829	0.0521441701804975	0.783840019375874	0.832274213199985	0.043059584138308
PG00830	0.998852197927735	0.598312700095795	0.242736695154389	0.668756632996467
PG00833	0.998852197927735	0.050713011462687	2.11412749837861e-05	1.00618303336842e-10
PG00834	0.998852197927735	0.979345638183213	0.0128911444990879	0.242499923464823
PG00835	0.998852197927735	1.14483785653407e-08	1.4624977753578e-07	1.14772615555238e-10
PG00836	0.998852197927735	0.840185457164615	0.0132939048806107	0.000148971719834617
PG00837	0.998852197927735	0.668255992410514	0.844100910102393	0.978151719972389
PG00838	0.893728999272656	0.75343650232283	0.761966626832976	0.685911876540721
PG00840	0.998852197927735	0.448212095865784	0.0314954518810727	4.89779569555212e-05
PG00841	0.998852197927735	0.939841555183669	0.000342579589148662	0.000101287899540796
PG00843	0.998852197927735	0.145840663257235	1.51875549004893e-08	2.69210875972606e-12
PG00845	0.998852197927735	0.967649511397484	0.89694233864829	0.843468983731648
PG00846	0.998852197927735	0.942510817974236	0.549182775286297	0.430772527539212
PG00847	0.998852197927735	0.96516785797642	0.95665773215535	0.812403206457651
PG00848	0.998852197927735	0.945816682345092	0.951896758787818	0.770787430720469
PG00849	0.998852197927735	0.96516785797642	1.83087838844209e-08	0.0130627494455863
PG00850	0.998852197927735	0.668255992410514	0.719592926170662	0.949537322415506
PG00852	0.998852197927735	0.732743063090126	0.823942102722539	0.180434274847793
PG00853	0.998852197927735	0.865615261342288	0.514090588103127	0.0100019078687883
PG00855	0.998852197927735	0.982562154445513	0.95665773215535	0.825703444134969
PG00856	0.998852197927735	0.96516785797642	0.469114832862786	0.0248271742195225
PG00857	0.998852197927735	0.22906795429121	4.18610249183842e-06	7.49277623095783e-09
PG00860	0.998852197927735	0.772773443711731	0.871068966070583	0.179019369922112
PG00861	0.998852197927735	0.778961233955117	0.0640472805138474	0.0313321807090634
PG00862	0.998852197927735	0.727671492185935	0.929123698774422	0.871333992946618
PG00863	0.655407252971362	0.970257978423362	0.296845214842794	0.352319144107478
PG00865	0.998852197927735	0.605967740804236	4.19490796905332e-06	0.168757630343602
PG00866	0.998852197927735	0.587883508037456	0.00362418442786099	2.48585647815067e-06
PG00867	0.998852197927735	0.546138791053781	0.419498661131144	0.00810595487105809
PG00868	0.998852197927735	0.765643431531688	0.0577828421386305	0.699245214879417
PG00869	0.998852197927735	0.988661288738265	0.000631909060321887	0.0491303266364461
PG00870	0.998852197927735	0.989282625357591	0.693348915614435	0.663704386011852
PG00871	0.998852197927735	0.75987312742767	0.0164675043030435	0.000423252668236213
PG00872	0.998852197927735	0.971441673203106	0.777287323549619	0.804402213520001
PG00872b	0.998852197927735	0.310897094781881	0.641883087138744	0.838795435163856
PG00873	0.998852197927735	0.415755009326667	3.67181610178624e-07	2.98609725976177e-06
PG00874	0.998852197927735	0.749069056382577	0.95665773215535	0.19699618403774
PG00875	0.998852197927735	0.96516785797642	0.913542695723156	0.0929524431143261
PG00878	0.998852197927735	0.668255992410514	0.938561277325615	0.514968268593138
PG00879	0.998852197927735	0.758241980934411	0.970827070020441	0.786035350296694
PG00880	0.998852197927735	0.971441673203106	0.249782789186235	0.726229756099112
PG00881	0.998852197927735	0.716869383869232	0.790087640202967	0.73688539955514
PG00882	0.998852197927735	0.96516785797642	0.513812422064424	0.804402213520001
PG00883	0.535693544647225	0.859540011413938	0.958380987436569	0.908866595612333
PG00884	0.998852197927735	0.958751171358316	0.550293408972547	0.0176194357946837
PG00886	0.998852197927735	0.0905936781032939	0.0522365344098543	0.905829984091967
PG00887	0.998852197927735	0.942510817974236	0.0980208416243493	0.690584471025289
PG00888	0.998852197927735	0.764502208913974	0.0771861035237441	2.61465608773322e-05
PG00889	0.998852197927735	0.926679372293598	0.557510003885341	0.335384760384776
PG00891	0.998852197927735	0.471659251214199	0.790453768554181	0.700901570830045
PG00892	0.998852197927735	0.943006789900995	0.956135167086821	0.45080454691137
PG00893	0.998852197927735	0.000127220363626524	0.000238923839540751	1.15677011451767e-10
PG00894	0.998852197927735	0.75987312742767	0.901234743561033	0.0173191850783472
PG00895	0.998852197927735	0.914306555554942	0.861751769269324	0.785276965260137
PG00897	0.998852197927735	0.539368028359282	0.311397235899276	0.817276851949575
PG00897b	0.998852197927735	0.701801860791569	0.279828147926553	0.847236158547579
PG00898	0.998852197927735	0.182910265415362	0.069241401631984	0.278588926030513
PG00899	0.998852197927735	0.26899330362288	0.881510919294709	0.937367105387784
PG00900	0.998852197927735	0.960462611237083	0.0177127092953522	0.00676540623330388
PG00901	0.998852197927735	0.963436183916753	0.729408757187047	0.968881564420285
PG00902	0.998852197927735	0.241980409711753	0.823942102722539	0.478369283473258
PG00903	0.998852197927735	0.377329457316123	0.0832373861415131	0.943723914723299
PG00904	0.998852197927735	0.20816500796671	0.384513678466766	0.504563197885358
PG00905	0.998852197927735	0.318861188451974	0.00552462961929806	0.000148793998964997
PG00906	0.998852197927735	0.0332792630471356	1.19147000134799e-06	0.31740928911938
PG00907	0.998852197927735	0.00170422517675724	1.03480275969094e-06	1.11661806167129e-08
PG00908	0.998852197927735	0.106571060244776	4.98525505996754e-08	0.0714018695067215
PG00909	0.998852197927735	0.676700405684187	0.51778845835733	0.378077664440881
PG00910	0.998852197927735	0.955919091316563	0.956372098397074	0.877000902800223
PG00911	0.998852197927735	0.96516785797642	0.26276208577893	0.63348176399913
PG00912	0.998852197927735	0.859540011413938	0.403195003098731	0.772572646055855
PG00914	0.802873857281319	0.556918543892007	0.94229473886396	0.367964852343994
PG00915	0.998852197927735	0.808243430544316	0.160103430964816	7.49937727798693e-09
PG00916	0.998852197927735	0.735003284088168	0.554574640108995	0.278588926030513
PG00917	0.998852197927735	0.394680910348961	0.515247073327165	0.842026552988097
PG00918	0.998852197927735	0.96516785797642	0.012759461771436	0.0242706955835834
PG00919	0.998852197927735	0.96516785797642	0.731082898857242	0.867236013859451
PG00921	0.998852197927735	0.945816682345092	0.915607423199898	0.358728811592159
PG00922	0.998852197927735	1.52150219039755e-08	0.913542695723156	0.625820538259722
PG00923	0.998852197927735	0.716250821279185	0.82082637468334	0.913221347474571
PG00924	0.998852197927735	0.840185457164615	0.0292463271752802	0.849276201193421
PG00925	0.998852197927735	0.720080170829686	0.934913737812712	0.303252952438458
PG00926	0.998852197927735	0.898750113807931	0.873891543770577	0.22618002115043
PG00927	0.998852197927735	0.75617527425495	0.873891543770577	0.993344454714351
PG00929	0.998852197927735	0.448212095865784	0.0518559035871103	0.064509881305234
PG00930	0.998852197927735	0.871841295407838	0.775684637305913	0.785610083139606
PG00931	0.998852197927735	0.840185457164615	0.97393346166183	2.56870637531668e-06
PG00932	0.998852197927735	0.96516785797642	0.929123698774422	0.828591348186499
PG00934	0.655407252971362	0.662893625062247	0.309318008469508	0.364174420178059
PG00935	0.998852197927735	0.971441673203106	0.919930767244445	2.32749770277849e-06
PG00936	0.998852197927735	1.85018976841297e-06	4.02752419135214e-05	5.06063251383736e-06
PG00937	0.998852197927735	0.00354785826167561	9.8514077501736e-07	0.0019984621321692
PG00938	0.998852197927735	0.96516785797642	0.79919024749614	0.772572646055855
PG00939	0.998852197927735	0.500745541377243	0.776703886832483	0.650488210953329
PG00941	0.998852197927735	0.845998431645984	0.158458745142752	0.614008016007218
PG00942	0.998852197927735	0.96516785797642	0.91865814692043	0.706338874642793
PG00943	0.998852197927735	0.840185457164615	0.959302987162102	0.563182644733617
PG00947	0.998852197927735	0.608741228803161	0.95665773215535	0.716742933511539
PG00948	0.998852197927735	0.000603883764003542	0.0129177995166085	0.0735586577627412
PG00949	0.998852197927735	0.0430233200134661	0.653674617691343	0.463556427097717
PG00951	0.0085071334071047	3.16263737913176e-07	1.24662275842859e-05	0.00137401394457267
PG00952	0.998852197927735	0.859651848375173	0.78379161415238	0.908866595612333
PG00953	0.998852197927735	0.96516785797642	0.772318925361313	0.523274490594089
PG00954	0.998852197927735	0.817408659930753	0.749589578758935	0.532389772799882
PG00955	0.912409032349626	0.928432455790818	0.489097295502132	0.247522661906452
PG00956	0.998852197927735	0.943006789900995	0.462909672828596	0.256575516911711
PG00957	0.998852197927735	0.974580647778529	0.00122058116752513	2.96140719787278e-07
PG00959	0.998852197927735	0.727671492185935	0.719592926170662	0.862421405606705
PG00960	0.998852197927735	0.970257978423362	0.688277467471821	0.777985453553222
PG00961	0.998852197927735	0.756378031872754	0.0024871602471301	4.34729549526307e-05
PG00962	0.998852197927735	0.597505716424414	0.823942102722539	0.713695098467953
PG00963	0.998852197927735	0.864407854865548	0.95665773215535	0.514946117733155
PG00964	0.998852197927735	0.706589232942719	0.000145096965336926	4.18559857961656e-06
PG00965b	0.998852197927735	0.241980409711753	0.840092300662974	0.878251699241847
PG00966	0.749202551001662	0.405672908626225	0.342483568774641	0.472390210724397
PG00967	0.998852197927735	0.448212095865784	0.95665773215535	0.63348176399913
PG00968	0.998852197927735	0.840185457164615	0.554265227178463	0.0206606807308122
PG00969	0.998852197927735	0.662893625062247	0.300367110386188	0.40252137614207
PG00971	0.998852197927735	0.840185457164615	4.54146671315069e-06	0.000536056118337454
PG00972	0.998852197927735	0.408192195239531	0.13346912456516	0.620921798585364
PG00973	0.998852197927735	0.420413399108322	0.554574640108995	0.805517218158926
PG00974	0.998852197927735	0.233412313808983	0.00152705725745344	0.00592334956393354
PG00975	0.998852197927735	2.75213194569076e-05	0.00768294641099331	0.838783251782799
PG00976	0.998852197927735	0.665055327516978	0.214118778758177	0.000491484546840826
PG00977	0.998852197927735	0.973260912956095	0.886140335963916	0.478369283473258
PG00977b	0.998852197927735	0.608741228803161	0.696219773064115	0.150399941559736
PG00978	0.998852197927735	0.945921625806032	0.121487534263646	0.405368711484755
PG00979	0.998852197927735	0.927614657704706	0.244629120770423	0.839727584240599
PG00980	0.998852197927735	0.000439137520024562	8.13136779542255e-08	5.2640341790503e-08
PG00981	0.998852197927735	0.869789688227388	0.802804126368488	0.620921798585364
PG00985	0.998852197927735	0.982562154445513	0.31464795846589	0.839703162583332
PG00986	0.998852197927735	1.70682314851579e-05	0.000775014731321001	0.00123607099579626
PG00987	0.941475563582548	0.33686116759929	0.191457995042664	0.0140728706553927
PG00988	0.998852197927735	0.716869383869232	0.495690246425637	0.139627462785079
PG00990	0.998852197927735	0.408192195239531	0.529980161622419	0.00974268570821516
PG00990b	0.998852197927735	0.105175733362449	0.991046856110325	0.371242376624404
PG00992	0.998852197927735	0.760086988556144	0.902712179170711	0.0151631464094594
PG00993	0.117852040887011	0.841418755272171	0.776241766316584	0.83940691437048
PG00995	0.998852197927735	0.59603731617994	0.87002920131227	0.99130477220961
PG00997	0.998852197927735	0.640439189981553	0.983414816754087	0.83940691437048
PG01000	0.998852197927735	0.96516785797642	0.699017644420027	0.943681246558528
PG01001	0.998852197927735	0.96516785797642	0.158745381890423	0.000122354728350391
PG01002	0.998852197927735	0.63683021687599	0.490292658954629	0.772572646055855
PG01002b	0.998852197927735	0.550455904816137	0.999338922779358	0.876766735276437
PG01003	0.998852197927735	0.986153788826659	0.844167017373477	0.736016492340526
PG01004	0.998852197927735	0.712833358479508	0.11119725382683	0.21924393074174
PG01005	0.998852197927735	0.981211836853744	0.939617214714541	0.975352179228447
PG01006	0.998852197927735	0.96516785797642	0.176974245373771	0.420282233507304
PG01006b	0.998852197927735	0.00072468286114208	0.000111777423768452	0.140072580092558
PG01007	0.998852197927735	0.415755009326667	0.77083120613701	0.0803016865986779
PG01008	0.283183815628906	0.0288339363329692	0.557510003885341	0.604626838610507
PG01009	0.998852197927735	0.952889995102041	0.999338922779358	0.0592354951341051
PG01010	0.998852197927735	0.824112599874385	0.6006704899073	0.278588926030513
PG01011b	0.998852197927735	0.34833534296943	0.938561277325615	0.769854930080673
PG01012	0.998852197927735	0.937736549358971	0.557510003885341	0.478369283473258
PG01013	0.998852197927735	0.0010175501304693	1.71750398110539e-09	0.0737063939898285
PG01015	0.998852197927735	0.952889995102041	0.94229473886396	0.991253116141024
PG01016	0.998852197927735	0.0542494064267968	3.94102564010668e-09	5.99407476296334e-07
PG01017	0.568030299237761	0.970257978423362	0.577215127914537	0.268202200925144
PG01019	0.998852197927735	0.7522075541161	0.157883808584274	0.404714394650167
PG01020	0.998852197927735	0.96516785797642	0.398017514439759	0.96349604743849
PG01021	0.998852197927735	0.96516785797642	0.317733906769503	0.0293118951547973
PG01022	0.998852197927735	0.75617527425495	0.569317630732033	0.978205916450692
PG01023	0.998852197927735	0.982562154445513	0.557510003885341	0.84879067263987
PG01024	0.283183815628906	0.857029369775243	0.432862922989173	0.256942843422681
PG01026	0.998852197927735	0.372367762998041	0.890718479783817	0.0350037451982815
PG01027	0.998852197927735	0.804063651326512	0.640413355593427	0.097509634834827
PG01028	0.998852197927735	0.981211836853744	0.128558968122731	0.737467236314093
PG01029	0.998852197927735	0.977569311035306	0.138276267239061	0.299333689186213
PG01030	0.998852197927735	0.927614657704706	0.608411356649583	0.839727584240599
PG01031	0.998852197927735	0.96516785797642	6.77998271364918e-06	3.70723605070653e-06
PG01032	0.998852197927735	0.000421731238541932	1.28936944265341e-05	2.96140719787278e-07
PG01033	0.998852197927735	0.871841295407838	0.142981879480166	0.691439028263591
PG01034	0.998852197927735	0.986153788826659	0.913542695723156	0.978686951628163
PG01035	0.998852197927735	0.880952562600471	0.839307704472537	0.0446233664544407
PG01036	0.998852197927735	0.914306555554942	0.460348171540981	0.999398453009854
PG01037	0.998852197927735	0.816580480771415	0.39952457685126	0.456913472419463
PG01038	0.998852197927735	0.837735120846007	0.697942835562335	0.109548509279146
PG01039	0.998852197927735	0.229427777581641	0.823942102722539	0.336390299136262
PG01040	0.240227872696489	0.033024102682188	0.124864134676874	0.646243039882489
PG01041	0.998852197927735	0.914306555554942	0.00166324874547808	0.000102681376203758
PG01042	0.998852197927735	0.883661493286672	0.973498689042639	0.83940691437048
PG01043	0.998852197927735	0.993409055525167	0.972565060165764	0.417709641777114
PG01044	0.998852197927735	0.729739676688211	0.795047934416659	0.164081760719072
PG01046	0.998852197927735	0.716250821279185	0.95665773215535	0.776922474447053
PG01046b	0.998852197927735	0.000381802531286521	0.00230003680609234	0.838795435163856
PG01047	0.998852197927735	0.228276841849905	0.0619961472609518	0.00173377879829678
PG01049	0.998852197927735	0.0567354580823044	0.000104999113576861	0.955178942158501
PG01050	0.958861138404341	0.850188591346959	0.739197171966402	0.215130281294723
PG01052	0.998852197927735	0.0165306233523331	8.49041196589318e-11	1.94415115919681e-08
PG01053	0.998852197927735	0.914306555554942	3.11817352229984e-06	0.849228500212293
PG01054	0.998852197927735	0.341134902694671	0.403570491608277	0.219650838910742
PG01055	0.998852197927735	0.89043389089487	0.912155614278568	0.219650838910742
PG01056	0.998852197927735	0.000171858380631902	0.503326176904692	0.0333718145788707
PG01058	0.998852197927735	0.59603731617994	0.296413211293784	0.83722033487681
PG01060	0.998852197927735	0.804063651326512	0.641883087138744	0.793535787428967
PG01061	0.998852197927735	0.48619334760437	0.196819655728832	0.393454483107352
PG01062	0.998852197927735	0.729412462826983	0.928051807968534	0.4990682124582
PG01064	0.998852197927735	0.910574567750359	0.929123698774422	0.979553798170908
PG01066b	0.998852197927735	0.84662160807972	0.36044525824983	0.795843851748239
PG01067	0.998852197927735	0.849663839548209	0.000719812475255216	1.83215455409719e-05
PG01068	0.998852197927735	0.636070605709265	0.991417948262082	0.876368959774736
PG01068b	0.998852197927735	0.909218899800259	0.0195214502614209	0.330444285196152
PG01069	0.998852197927735	0.958751171358316	0.95665773215535	0.895816161948858
PG01070	0.998852197927735	0.96516785797642	0.59557847738168	0.61828697644099
PG01071	0.998852197927735	3.7665656866056e-05	0.00192371855282888	0.000381691547693982
PG01072	0.998852197927735	0.00656099128679525	0.301832704182517	0.638077370130321
PG01073	0.989979197943178	0.312352247324742	0.0239439867066762	0.385399460269084
PG01074	0.998852197927735	0.63683021687599	0.095891621779422	0.000164445061718307
PG01075	0.998852197927735	0.606302954074811	2.41630772963049e-07	1.58944179116778e-09
PG01076	0.998852197927735	0.00293552129368337	1.09520205818399e-07	9.21660193902522e-09
PG01077	0.998852197927735	0.886624077902977	0.0296412605494092	8.63236296300641e-05
PG01078	0.998852197927735	0.96516785797642	0.384065722837783	0.812403206457651
PG01079	0.998852197927735	0.96516785797642	0.237337762766605	0.374753367242079
PG01081	0.998852197927735	0.744573148263995	0.0271978952085367	0.0459482389448251
PG01082	0.998852197927735	0.391954729488102	0.802804126368488	0.877000902800223
PG01084	0.998852197927735	0.131051593539278	0.279828147926553	0.724201418677106
PG01085	0.224719765467282	0.948097594914378	0.999338922779358	0.805517218158926
PG01086	0.998852197927735	0.883661493286672	0.929123698774422	0.956009842872473
PG01087	0.998852197927735	0.541910505523505	0.26276208577893	0.86503536058335
PG01088	0.998852197927735	0.970257978423362	0.913542695723156	9.22528544439721e-05
PG01089	0.998852197927735	0.943961375169098	0.157883808584274	0.877674863723875
PG01090	0.998852197927735	0.194572291273808	0.697942835562335	0.975352179228447
PG01091	0.998852197927735	0.448212095865784	0.26276208577893	0.00732080793844864
PG01092	0.998852197927735	0.729739676688211	0.0271978952085367	0.0148718163595738
PG01093	0.998852197927735	0.673916898284149	0.709969117647345	0.749018809848265
PG01094	0.998852197927735	0.935348511551434	0.590071911804628	0.97588280119022
PG01094b	0.802873857281319	0.923879474912029	0.629416915996832	0.0215312092599418
PG01095	0.998852197927735	0.711777523180305	0.630301747210436	0.57705610840205
PG01096	0.998852197927735	0.831748533322687	0.2106947141319	0.945999904061287
PG01097	0.998852197927735	0.959001321453947	0.95665773215535	0.839703162583332
PG01098	0.998852197927735	0.61538920808939	0.980835373864976	0.689637171313513
PG01099	0.802873857281319	0.664416035671183	0.887381019947288	0.735119651578031
PG01100	0.998852197927735	0.977569311035306	0.806048079504905	0.846535722538316
PG01101	0.998852197927735	0.985691762418969	0.790911848107543	0.722068915109419
PG01103	0.998852197927735	0.913196867221622	0.182483791563852	0.044929612452863
PG01104	0.998852197927735	0.859651848375173	0.970393352698831	0.86503536058335
PG01105	0.998852197927735	0.973260912956095	0.758160875715758	0.83940691437048
PG01106	0.998852197927735	0.63683021687599	0.965674159744645	0.521114108778591
PG01108	0.998852197927735	0.436141551154086	0.266660682220882	0.982943631383713
PG01108b	0.998852197927735	0.126614587991857	0.983847160893206	3.54375594176996e-06
PG01109	0.998852197927735	0.914306555554942	0.674445342086494	0.359757607170094
PG01110	0.998852197927735	0.348929988359659	0.823942102722539	0.805517218158926
PG01111	0.998852197927735	0.874622257092613	0.936397433343189	0.707284038789575
PG01112	0.998852197927735	0.860539322467353	0.0155215674302653	0.117928477698549
PG01113	0.998852197927735	0.0720135268937203	0.0271978952085367	0.000643792247629549
PG01114	0.730525504847357	0.654967217855614	0.779116599675726	0.570105056870098
PG01115	0.802873857281319	0.986153788826659	0.985590711544867	0.877674863723875
PG01117	0.998852197927735	0.229427777581641	0.82082637468334	0.626485549586045
PG01119	0.998852197927735	0.952889995102041	0.575439325206254	0.587827058125663
PG01120	0.998852197927735	0.117605144635493	1.26202890573389e-07	5.90100275168483e-07
PG01121	0.998852197927735	0.3576163640144	0.490103650452725	0.00661161371105922
PG01122	0.998852197927735	0.934353273901769	0.999338922779358	0.885685506845833
PG01123	0.998852197927735	0.75617527425495	0.975109438972372	0.236653099273753
PG01124	0.998852197927735	0.840185457164615	0.929123698774422	0.812403206457651
PG01125	0.998852197927735	0.571498173793749	0.0251169906667507	0.770787430720469
PG01126	0.998852197927735	0.000481013265492324	0.0320844854815444	0.00449142685713997
PG01127	0.998852197927735	0.175314252330686	0.0636255661790025	0.211951421140154
PG01130	0.998852197927735	0.96516785797642	0.653674617691343	0.824632887483184
PG01131	0.998852197927735	0.935115552974844	0.188013298710926	0.483395253638365
PG01132	0.998852197927735	0.0390063868096754	0.704802677383256	0.000197633560506027
PG01132b	0.998852197927735	0.710924108255597	0.624389482985004	0.0290009220912794
PG01133	0.998852197927735	0.654967217855614	0.000291794049092302	0.0320409061042293
PG01134	0.998852197927735	0.926911415214115	0.15398789075004	0.064509881305234
PG01135	0.998852197927735	0.625133786064367	0.548973653730754	0.841424919154799
PG01136	0.87503999729104	0.843563153341881	0.484481570715903	0.203616215509561
PG01137	0.812928026940622	0.874808439296181	0.418008600471781	0.130561504894441
PG01138	0.998852197927735	0.485566343807948	0.936070573190972	0.270855369392052
PG01139	0.998852197927735	0.96516785797642	0.556940647012786	0.049775785391632
PG01140	0.998852197927735	0.756378031872754	0.938561277325615	0.768851949090966
PG01141	0.998852197927735	0.874031654290529	0.719592926170662	0.838795435163856
PG01142	0.998852197927735	0.996926835415707	0.929123698774422	0.00496813490699821
PG01143	0.998852197927735	0.00237158691089735	3.21455712653504e-05	0.00040043989775502
PG01144	0.998852197927735	0.111718630336899	0.634367139139676	0.0676834863267141
PG01145	0.998852197927735	0.840185457164615	0.902712179170711	0.824632887483184
PG01146	0.992765483997891	0.973260912956095	0.95665773215535	0.777985453553222
PG01147	0.998852197927735	0.380656688269296	0.936070573190972	0.843468983731648
PG01148	0.998852197927735	0.327037284218338	0.425244482786705	0.522682695328011
PG01149	0.998852197927735	0.96516785797642	0.582763215948832	0.188087247154489
PG01150	0.998852197927735	0.943006789900995	0.561241113802264	0.650488210953329
PG01154	0.998852197927735	0.505610664785848	0.804667493517641	0.848829730296859
PG01155	0.998852197927735	0.783840019375874	0.635577189396972	0.875450410783896
PG01156	0.998852197927735	0.00149408143692593	2.5270904521638e-06	0.00224412622316536
PG01157	0.998852197927735	0.625133786064367	0.697942835562335	0.62626582520475
PG01157b	0.998852197927735	0.906752693339909	0.0165645230621532	0.0721960477208575
PG01159	0.998852197927735	0.694600488883742	0.432912816166763	0.889009897534633
PG01161	0.998852197927735	0.970257978423362	0.929123698774422	0.473586919150384
PG01162	0.998852197927735	0.926911415214115	0.0491991701054027	0.00496026013864116
PG01164	0.998852197927735	0.928432455790818	0.143095723428708	0.0918394729788099
PG01165	0.998852197927735	0.150061098456647	0.300112041579064	0.0487855236264533
PG01165b	0.998852197927735	0.778961233955117	0.000224956810211527	2.46336602021817e-08
PG01166	0.304481598444914	0.958751171358316	0.802804126368488	0.690584471025289
PG01168	0.998852197927735	0.555789741498037	0.959724060752668	0.955432428841463
PG01169	0.998852197927735	0.358154870908111	0.934913737812712	0.729893531993285
PG01169b	0.998852197927735	0.958751171358316	0.724561680045522	0.978686951628163
PG01170	0.998852197927735	0.800623359295565	0.716091830651858	0.264520735139698
PG01171	0.802873857281319	0.988649865010774	0.313958179812453	0.932973173168073
PG01173	0.998852197927735	0.00216925622413995	0.802804126368488	0.92196168347373
PG01174	0.998852197927735	0.485566343807948	0.00222952216021163	0.22793131082813
PG01176	0.998852197927735	0.18850541928566	0.719121547135302	0.654027883085856
PG01177	0.998852197927735	0.466689239179713	0.0107479197444541	0.00193633401445463
PG01178	0.998852197927735	0.682092677498628	0.0920170556843671	3.76351516815163e-06
PG01179	0.998852197927735	0.883661493286672	0.267671811649905	0.21941887152307
PG01182	0.998852197927735	0.885151219098474	0.419498661131144	0.157098623253013
PG01182b	0.998852197927735	0.729437626990329	0.0958075767911605	0.476599960202209
PG01183	0.998852197927735	0.791787970549896	0.157883808584274	0.594655541242121
PG01184	0.998852197927735	0.861118370384375	0.873891543770577	0.508208002026092
PG01185	0.998852197927735	0.96516785797642	0.95665773215535	0.92196168347373
PG01186	0.998852197927735	0.183590188421671	0.00818486535521499	0.000483742723858645
PG01187	0.998852197927735	0.840185457164615	0.719592926170662	0.735217627089958
PG01188	0.548290109864128	0.000224947490072062	0.000263559089213701	6.05311169137737e-06
PG01189	0.998852197927735	0.65011175477024	0.841669881671567	0.505032047304157
PG01190	0.998852197927735	0.80807509990098	0.00520640341668436	0.00887668639370606
PG01191	0.998852197927735	0.658970347573636	0.00105728142189163	1.49649462761665e-05
PG01192	0.998852197927735	0.910574567750359	0.288674991865956	0.541668144536643
PG01193	0.998852197927735	0.229427777581641	0.951896758787818	0.793228337538914
PG01194	0.998852197927735	0.75617527425495	0.634372620880465	0.83940691437048
PG01196	0.998852197927735	0.89043389089487	0.199524891400677	0.112763374659853
PG01197	0.998852197927735	0.0165073719007732	0.339418064763173	0.788452008804069
PG01198	0.998852197927735	0.939841555183669	0.906887715192032	0.942922736194519
PG01199	0.998852197927735	0.280394540619314	1.61395442474237e-05	1.74986416307013e-06
PG01200	0.998852197927735	0.06528939155876	0.127236827919749	0.979553798170908
PG01202	0.998852197927735	0.973260912956095	0.749589578758935	0.502559624797285
PG01205	0.998852197927735	0.914306555554942	0.823942102722539	0.909279481457878
PG01207	0.998852197927735	0.920864634438447	0.802804126368488	0.882189426867356
PG01209	0.998852197927735	0.117605144635493	0.169280000766464	6.47077945687341e-05
PG01210	0.998852197927735	0.883661493286672	0.912155614278568	0.948595572666288
PG01211	0.963002809257042	0.883661493286672	0.760346854475343	0.855270870785231
PG01211b	0.998852197927735	0.89043389089487	0.0873726869312366	0.975352179228447
PG01213	0.998852197927735	0.546138791053781	0.120325673954931	0.4990682124582
PG01215	0.907364671179965	0.970257978423362	0.776610193274258	0.277322003167876
PG01216	0.998852197927735	0.942980475269072	0.161620766319042	0.768559994140775
PG01217	0.998852197927735	0.914306555554942	0.958380987436569	0.626117403400643
PG01220	0.998852197927735	0.918555983982438	0.972565060165764	0.752130833241531
PG01222	0.998852197927735	2.53578943986423e-06	0.749589578758935	0.495581647844674
PG01222b	0.998852197927735	0.716250821279185	0.823942102722539	0.915800305035128
PG01223	0.786752636182916	0.791619666674777	0.999338922779358	0.629842070505989
PG01224	0.998852197927735	0.974405982202621	0.839659954944007	0.514968268593138
PG01225	0.998852197927735	0.874040378534946	0.774884188014131	0.820104980754657
PG01230	0.998852197927735	0.701801860791569	0.802804126368488	0.820174808836821
PG01231	0.998852197927735	0.75617527425495	0.729408757187047	0.346724095033803
PG01232	0.998852197927735	0.901069480812002	0.166372201138275	0.922351527740811
PG01233	0.998852197927735	0.96516785797642	0.211527283327688	0.793535787428967
PG01234	0.998852197927735	0.479609942826339	0.701251477244811	0.389732176873184
PG01235	0.998852197927735	0.541910505523505	2.95163266170463e-07	7.40869565953169e-08
PG01236	0.998852197927735	0.729739676688211	0.830377644128537	0.825451575593601
PG01238	0.998852197927735	0.87143170947225	0.397321638698388	0.579137685867
PG01239	0.998852197927735	0.848745755619432	0.781622888842398	0.988043257767534
PG01240	0.998852197927735	0.673916898284149	0.443905799816701	0.554459165311871
PG01241	0.795288740093713	0.75617527425495	0.929123698774422	0.50269531363418
PG01242	0.998852197927735	0.96516785797642	0.85122966694917	0.877000902800223
PG01242b	0.998852197927735	0.87608163333711	0.313958179812453	0.650488210953329
PG01244	0.802873857281319	0.320426165800717	5.72442292129167e-05	7.41191329930559e-06
PG01245	0.998852197927735	0.887916213993188	0.333383821543422	0.867236013859451
PG01246	0.998852197927735	0.923879474912029	0.928081837660739	0.793535787428967
PG01247	0.998852197927735	0.672303262131353	0.00344141693843655	2.61813591102216e-06
PG01248	0.963002809257042	0.706589232942719	0.000689438507830711	3.59329078538249e-05
PG01249	0.998852197927735	0.546138791053781	2.23242625620488e-05	7.36588879444093e-07
PG01251	0.998852197927735	0.748514925276889	0.007890398675649	0.0175230395938824
PG01252	0.998852197927735	0.689001441785756	0.276919432686787	0.32827249192961
PG01253	0.998852197927735	0.810879402992458	0.95665773215535	0.943723914723299
PG01255	0.998852197927735	0.546138791053781	0.112046172629721	0.367191946055667
PG01257	0.998852197927735	0.971441673203106	0.970393352698831	0.737662596756169
PG01258	0.998852197927735	0.63683021687599	0.0460492778352721	0.658258530142331
PG01259	0.998852197927735	0.925265232416719	0.779116599675726	0.897196110980341
PG01260	0.998852197927735	0.772773443711731	0.493866529505251	0.335384760384776
PG01261	0.998852197927735	0.877805719703939	0.214118778758177	0.804716409167327
PG01262	0.998852197927735	0.748514925276889	0.95665773215535	0.172363125194211
PG01263	0.998852197927735	0.597528835220628	0.219310782299802	0.219650838910742
PG01264	0.998852197927735	0.948097594914378	0.0795929769564705	0.0482173615744295
PG01265	0.281941107342518	0.926911415214115	0.94229473886396	0.0207746600151443
PG01266	0.998852197927735	0.84679959452647	0.877130926090626	0.13950117120409
PG01267	0.998852197927735	0.939841555183669	0.980835373864976	0.747840735500723
PG01269	0.998852197927735	0.59603731617994	0.719121547135302	0.0320409061042293
PG01270	0.998852197927735	0.226513665225337	8.6240360330087e-05	6.24608061997596e-05
PG01271	0.998852197927735	0.989282625357591	0.938561277325615	0.609148006062352
PG01272	0.998852197927735	0.996926835415707	0.608424768642341	0.0587492141472669
PG01273	0.998852197927735	0.129738421790642	0.806048079504905	0.793228337538914
PG01274	0.998852197927735	0.886624077902977	0.311397235899276	0.701764989225021
PG01277	0.998852197927735	0.791787970549896	0.828245299285552	0.940508018806497
PG01278	0.998852197927735	0.970257978423362	0.455942137228196	0.389258329464455
PG01279	0.985713484098211	0.918555983982438	0.802804126368488	0.945228515947346
PG01280	0.998852197927735	0.77382577936496	0.748437270359258	0.75209932633124
PG01281	0.998852197927735	0.87143170947225	0.00011170248300837	3.59341238661768e-06
PG01282	0.998852197927735	0.981211836853744	0.98709704458613	0.857938669482993
PG01282b	0.998852197927735	0.87143170947225	0.641093576287618	0.937367105387784
PG01284	0.998852197927735	0.289205317809716	0.776610193274258	0.867236013859451
PG01285	0.998852197927735	0.550455904816137	0.983414816754087	0.588955876450399
PG01286	0.802873857281319	0.848745755619432	0.719592926170662	0.726229756099112
PG01286b	0.998852197927735	0.84662160807972	0.9717643295532	2.60773941573709e-16
PG01287	0.998852197927735	0.784777884709653	0.64003031648193	0.877674863723875
PG01288	0.998852197927735	0.120638292364037	0.257850214237157	0.209291452020318
PG01289	0.998852197927735	0.840185457164615	0.951896758787818	0.308492706014652
PG01290	0.998852197927735	0.993409055525167	0.973498689042639	0.79694896271763
PG01291	0.998852197927735	0.955919091316563	0.6006704899073	0.16172187309219
PG01291b	0.998852197927735	1.70682314851579e-05	0.543157614572653	0.758810969033964
PG01292	0.998852197927735	0.605967740804236	0.959302987162102	0.163675344093167
PG01293	0.998852197927735	0.96516785797642	0.724561680045522	0.867236013859451
PG01294	0.998852197927735	0.554875741333967	5.16761173366479e-05	3.21374907439843e-06
PG01295	0.998852197927735	0.96516785797642	0.6006704899073	0.301049830346153
PG01297	0.998852197927735	0.914306555554942	0.317733906769503	0.547237647586171
PG01298	0.998852197927735	0.744919924233068	0.394801926124623	0.877674863723875
PG01299	0.998852197927735	0.741442933652295	0.554574640108995	0.859833908233055
PG01300	0.998852197927735	0.408192195239531	1.0919711293503e-05	8.6892471150396e-06
PG01301	0.998852197927735	0.948097594914378	0.943298648037706	0.906646672382535
PG01302	0.998852197927735	0.685683280259378	0.370855022032002	0.0724332269738433
PG01303	0.655407252971362	0.861118370384375	0.748457291560957	0.946324718974665
PG01305	0.998852197927735	0.993409055525167	0.548665941432843	0.00993899334833722
PG01305b	0.998852197927735	0.869653156961698	0.679967685991572	0.378077664440881
PG01306	0.998852197927735	0.84662160807972	0.0336531030558803	0.905829984091967
PG01308	0.998852197927735	0.993409055525167	0.990268210902611	0.229512061463962
PG01309	0.998852197927735	0.923879474912029	0.938561277325615	0.906646672382535
PG01310	0.998852197927735	0.80807509990098	0.312974089437483	0.0748985808688552
PG01311	0.998852197927735	0.855210223622578	0.929123698774422	0.75209932633124
PG01314	0.998852197927735	0.96516785797642	0.0704646027847189	0.811929277700152
PG01315	0.998852197927735	0.0430233200134661	0.0162087424413443	0.000787071239327886
PG01316	0.998852197927735	0.971441673203106	0.317733906769503	0.407052630729224
PG01317	0.998852197927735	0.106571060244776	0.0310679596289108	0.00177360559168554
PG01318	0.998852197927735	0.96516785797642	0.978694288151532	0.4990682124582
PG01319	0.998852197927735	0.952889995102041	0.095891621779422	0.577466967735618
PG01321	0.998852197927735	0.96516785797642	0.421560130858638	0.0628138212117993
PG01322	0.998852197927735	0.941221062603501	0.892293403113834	0.506108240030794
PG01324	0.998852197927735	0.470072638071192	1.49748671175294e-05	3.37093192334269e-09
PG01325	0.998852197927735	0.883661493286672	0.95665773215535	0.772572646055855
PG01326	0.998852197927735	0.985691762418969	0.443905799816701	0.478741587451223
PG01327	0.998852197927735	0.544640184795398	0.000113009187245463	2.26458191870479e-05
PG01328	0.998852197927735	0.701862844607734	0.731082898857242	0.551830521970569
PG01329	0.998852197927735	0.636070605709265	0.938561277325615	0.876939017536872
PG01330	0.998852197927735	0.96516785797642	4.02752419135214e-05	0.910464480440818
PG01331	0.998852197927735	0.448212095865784	0.430775877400389	0.14075074332211
PG01332	0.998852197927735	0.59603731617994	0.512488208750862	0.796734197779327
PG01333	0.998852197927735	0.722685384720525	0.95665773215535	0.545636234662623
PG01335	0.998852197927735	0.571498173793749	0.616165473505915	0.4990682124582
PG01336	0.998852197927735	0.928432455790818	0.938561277325615	0.417410657099892
PG01337	0.998852197927735	0.111718630336899	0.385725300394167	0.73983091490405
PG01338	0.998852197927735	0.96516785797642	0.000951995841243894	0.0123093323485894
PG01339	0.998852197927735	0.533944244868355	0.563394562063537	0.0837084801420388
PG01341	0.998852197927735	0.662893625062247	0.898226179183499	0.843468983731648
PG01342	0.998852197927735	0.716250821279185	0.749589578758935	0.820104980754657
PG01343	0.998852197927735	0.851314688533587	0.633035392061982	0.862587406874804
PG01344	0.802873857281319	0.909765979693604	0.809461284426016	0.862421405606705
PG01345	0.998852197927735	0.147097974771858	0.828245299285552	0.997663672620848
PG01347	0.998852197927735	0.93604462778063	0.760346854475343	0.810715081741085
PG01349	0.998852197927735	0.519602187336905	0.951896758787818	0.405798364782674
PG01350	0.998852197927735	0.883661493286672	0.834916642177579	0.717462876468067
PG01351	0.998852197927735	0.970257978423362	0.495690246425637	0.892447418119895
PG01352	0.998852197927735	0.958751171358316	0.461434164118851	0.767976348665649
PG01353	0.730525504847357	0.778961233955117	0.00598188270584591	0.332459666399642
PG01354	0.998852197927735	0.654967217855614	0.443905799816701	0.205675463038721
PG01355	0.998852197927735	0.890857862981765	0.710490521051158	0.57705610840205
PG01356	0.998852197927735	0.977510779110494	0.36352852608246	0.247522661906452
PG01356b	0.998852197927735	0.89043389089487	0.00439477176348806	0.000491484546840826
PG01357	0.998852197927735	0.891959054141184	0.748437270359258	0.737662596756169
PG01358	0.758316477027916	0.914306555554942	0.0982607036533103	0.151512703282096
PG01358b	0.998852197927735	0.000717579628725592	0.802804126368488	0.0257713541846678
PG01359	0.998852197927735	0.89043389089487	0.317733906769503	0.379345141559932
PG01360	0.998852197927735	0.0390063868096754	0.969099169475401	0.839703162583332
PG01361	0.998852197927735	0.92373343811775	0.973498689042639	0.804716409167327
PG01361b	0.445319171873975	0.970257978423362	0.634372620880465	0.587526251030554
PG01362	0.998852197927735	0.855062258928234	0.991046856110325	0.813625507823825
PG01364	0.998852197927735	0.741559240048145	0.333383821543422	0.788452008804069
PG01365	0.998852197927735	0.804063651326512	0.0430199065206215	0.188889632857478
PG01366	0.998852197927735	6.50870824446475e-09	0.00138344763380936	0.000450789590305109
PG01367	0.998852197927735	0.910574567750359	0.430775877400389	0.654027883085856
PG01370	0.998852197927735	0.878829381641466	0.95665773215535	0.911585633997393
PG01371	0.998852197927735	0.886624077902977	0.11910612320977	0.000282973181669887
PG01373	0.998852197927735	0.859540011413938	0.534073916800481	0.700901570830045
PG01374	0.998852197927735	0.87143170947225	0.541096892173874	0.0576566649789301
PG01375	0.998852197927735	0.962768739134498	0.424773993132582	0.959043485007771
PG01376	0.360675228275356	0.654967217855614	0.000203373647149205	0.00203047594602304
PG01377	0.998852197927735	0.566544016212294	0.98061178115896	0.838795435163856
PG01378	0.998852197927735	0.740107842774698	0.00073306551452852	0.303252952438458
PG01380	0.998852197927735	0.606302954074811	0.959724060752668	0.946944711248964
PG01381	0.998852197927735	0.0535360174674925	0.897025376059134	0.0867019396139667
PG01382	0.998852197927735	0.943961375169098	0.0727710673007984	0.905829984091967
PG01383	0.998852197927735	0.970257978423362	7.46637123823487e-20	0.399866663980468
PG01384	0.998852197927735	0.12649419420906	0.724561680045522	2.76201637660618e-08
PG01385	0.998852197927735	0.0377692273564428	0.000325941377473608	0.0617142010210073
PG01385b	0.998852197927735	0.602714923803288	0.983414816754087	0.967533221299317
PG01386	0.998852197927735	0.970257978423362	0.938561277325615	0.455356311983642
PG01387	0.998852197927735	0.0405814266560496	1.29237423137345e-09	3.37185519143932e-09
PG01388	0.998852197927735	0.96516785797642	0.0310679596289108	0.237095586289209
PG01389	0.998852197927735	0.303899606851783	0.000531562823774869	0.000643792247629549
PG01391	0.998852197927735	0.258120203519485	3.11246801566098e-06	4.19334990409957e-06
PG01392	0.998852197927735	0.778015295113834	0.719592926170662	0.961339303265702
PG01394	0.998852197927735	0.970257978423362	0.750529031573091	0.975352179228447
PG01395	0.998852197927735	0.877805719703939	0.970393352698831	0.00292724902551562
PG01396	0.998852197927735	0.662893625062247	0.485733577201758	0.095101895435664
PG01397	0.998852197927735	0.716250821279185	0.231843090720422	0.525689791174201
PG01398	0.998852197927735	0.840185457164615	0.786485250064037	0.0390061680035049
PG01399	0.998852197927735	0.924145937413874	0.613679956352715	0.646243039882489
PG01400	0.998852197927735	0.665055327516978	0.493866529505251	0.877000902800223
PG01401	0.998852197927735	0.970500838393668	0.00344141693843655	0.0119935182426571
PG01403	0.998852197927735	0.587883508037456	0.703137083952916	0.559130258014701
PG01404	0.998852197927735	0.96516785797642	0.13346912456516	0.724201418677106
PG01407	0.992765483997891	0.556918543892007	0.873891543770577	0.14075074332211
PG01408	0.998852197927735	0.791787970549896	0.384627798103779	0.978000805120628
PG01409	0.998852197927735	0.662893625062247	0.119854755902322	0.717462876468067
PG01410	0.998846765626614	0.0183198846370937	0.0619961472609518	0.4990682124582
PG01411	0.998852197927735	0.840185457164615	0.65090448967713	0.620921798585364
PG01412	0.998852197927735	0.807995362930089	0.938561277325615	0.849228500212293
PG01414	0.998852197927735	0.926911415214115	0.724561680045522	0.739627224170076
PG01416	0.998852197927735	0.521847128620793	0.782459290667733	0.788452008804069
PG01417	0.998852197927735	0.942510817974236	0.921742047223674	0.876766735276437
PG01419	0.998852197927735	0.716250821279185	0.433084448456095	0.656055273465188
PG01420	0.998852197927735	0.587883508037456	1.10609194574694e-09	2.28423823926999e-08
PG01421	0.998852197927735	0.00220826737613503	0.00266455479173277	0.000838586095663092
PG01422	0.998852197927735	0.536669225480826	0.904849899115338	0.163275773135525
PG01423	0.998852197927735	0.843563153341881	0.719592926170662	0.839727584240599
PG01424	0.998852197927735	0.958388535427982	0.936070573190972	0.697324663309093
PG01425	0.998852197927735	0.606302954074811	0.569317630732033	0.165160601561116
PG01426	0.998852197927735	0.800348206401371	0.559781224174553	0.926679860145872
PG01427	0.998852197927735	0.241980409711753	0.0460492778352721	0.838795435163856
PG01428	0.998852197927735	5.46993877859972e-07	4.6328130584655e-05	4.18559857961656e-06
PG01429	0.998852197927735	0.907803770369826	0.97393346166183	0.0155309296262811
PG01430	0.998852197927735	3.16263737913176e-07	0.898429514084053	0.967533221299317
PG01431	0.998852197927735	0.662893625062247	0.270940400991915	0.00192092183201379
PG01433	0.998852197927735	0.970257978423362	0.997412123154662	0.857938669482993
PG01436	0.998852197927735	0.914306555554942	0.6006704899073	0.315807048862186
PG01438	0.998852197927735	0.711271322977516	0.607153473213761	0.905829984091967
PG01439	6.30948994107746e-06	0.971441673203106	0.699017644420027	0.857938669482993
PG01440	0.998852197927735	0.740473673098708	0.913542695723156	0.0798880230640535
PG01441	0.998852197927735	0.848745755619432	0.959302987162102	0.278588926030513
PG01442	0.998852197927735	0.146628478366207	0.694327720490034	0.0350936990583889
PG01443	0.998852197927735	0.937736549358971	0.26276208577893	0.207924876276077
PG01444	0.998852197927735	0.943961375169098	0.724561680045522	0.712246655343922
PG01445	0.998852197927735	0.970257978423362	0.289081801907496	0.73983091490405
PG01446	0.998852197927735	0.448212095865784	0.6006704899073	0.993344454714351
PG01447	0.998852197927735	0.985691762418969	0.106630124977324	0.785610083139606
PG01448	0.998852197927735	0.749822346955571	0.951068435533048	0.877674863723875
PG01449	0.998852197927735	0.943006789900995	0.929123698774422	0.434095011398066
PG01451	0.998852197927735	0.336182102626201	0.873891543770577	2.61465608773322e-05
PG01452	0.998852197927735	0.606302954074811	0.844100910102393	0.754286624639594
PG01453	0.998852197927735	0.802485321762637	0.906887715192032	0.940431863691198
PG01454	0.998852197927735	0.973260912956095	0.95665773215535	0.71170579533191
PG01455	0.998852197927735	0.598312700095795	0.336975077145244	0.244415213257057
PG01456	0.998852197927735	0.886624077902977	0.236070517200303	0.609148006062352
PG01457	0.998852197927735	0.00431532671285016	1.39145957802919e-07	4.80834329745278e-05
PG01458	0.998852197927735	0.983546810826639	0.697942835562335	0.681836887714896
PG01459	0.998852197927735	2.59495636950833e-06	6.61098212602188e-09	1.94415115919681e-08
PG01460	0.998852197927735	0.971441673203106	0.138276267239061	0.858475452803966
PG01461	0.998852197927735	0.879719128081065	0.916679397125001	0.968881564420285
PG01462	0.998852197927735	0.729739676688211	0.249782789186235	0.00387212535478479
PG01463	0.998852197927735	0.970257978423362	0.219639691162863	0.012329068300962
PG01464	0.998852197927735	0.859651848375173	0.621166479171478	0.849228500212293
PG01465	0.998852197927735	0.984912758206681	0.749589578758935	0.785610083139606
PG01466	0.998852197927735	0.224000899500649	0.00433648404976772	0.926679860145872
PG01467	0.998852197927735	0.789530592878425	0.815879115332733	0.79694896271763
PG01468	0.998852197927735	0.71020524021931	0.362599091455576	0.00387212535478479
PG01469	0.998852197927735	0.0889691648177168	0.956135167086821	0.435715878696286
PG01470	0.998852197927735	0.68085162627156	0.959302987162102	0.915463639698782
PG01470b	0.998852197927735	0.973260912956095	0.389966772411982	0.877000902800223
PG01471	0.998852197927735	0.979751512447953	0.997412123154662	0.83940691437048
PG01473	0.998852197927735	0.96516785797642	0.654715855526662	0.0947938738238113
PG01474	0.998852197927735	0.96516785797642	0.51497763226073	0.933053643557999
PG01475	0.998852197927735	0.96516785797642	0.90694420585546	0.892447418119895
PG01479	0.998852197927735	0.0325018473992903	0.00439477176348806	0.000138254219408787
PG01480	0.998852197927735	0.716250821279185	0.0954838128339722	0.188784811410514
PG01481	0.998852197927735	0.933344862857448	0.0345857222298931	0.259878192897087
PG01482	0.998852197927735	0.840185457164615	0.18062321987561	8.64825330495089e-05
PG01485	0.998852197927735	0.96516785797642	0.32696833326103	0.482844642129446
PG01487	0.998852197927735	0.740107842774698	0.344138069027484	0.473586919150384
PG01488	0.0419521079935108	0.861118370384375	0.560241496850627	0.282926909251142
PG01489	0.998852197927735	0.87143170947225	0.812570725149507	0.857049828760059
PG01491	0.998852197927735	0.71247998625218	0.913542695723156	0.626117403400643
PG01492	0.998852197927735	0.986153788826659	0.840092300662974	0.876766735276437
PG01493	0.998852197927735	0.952889995102041	0.701251477244811	0.843468983731648
PG01494	0.998852197927735	0.680583286491037	0.939654038786871	0.308632468937962
PG01495	0.998852197927735	0.193422449985794	0.6006704899073	0.542990782134632
PG01496	0.998852197927735	0.0301604461662864	3.16786027702522e-05	5.8777567049423e-10
PG01497	0.998852197927735	0.571567955877894	0.748457291560957	0.793535787428967
PG01498	0.998852197927735	0.96516785797642	0.0826325494135941	0.000944427575703162
PG01499	0.998852197927735	0.358154870908111	0.828245299285552	0.876766735276437
PG01500	0.328131863415724	0.920864634438447	0.0894618053794644	0.247718553507222
PG01502	0.998852197927735	0.970257978423362	0.873891543770577	0.328539905091969
PG01502b	0.998852197927735	0.712833358479508	0.654715855526662	0.905829984091967
PG01503	0.998852197927735	0.544640184795398	0.941902232256779	0.951512245768351
PG01504	0.998852197927735	0.503784132618902	1.055609837231e-07	4.20112384198679e-10
PG01505	0.998852197927735	0.845998431645984	0.943697156554263	0.991451018161382
PG01506	0.998852197927735	0.756378031872754	0.461434164118851	0.796630430966449
PG01507	0.998852197927735	0.840185457164615	0.991046856110325	0.00109525708934549
PG01508	0.958861138404341	0.926911415214115	0.674445342086494	0.346724095033803
PG01509	0.998852197927735	0.896767696993468	0.547806405177424	0.752130833241531
PG01513	0.998852197927735	0.807995362930089	0.973498689042639	0.976889951419761
PG01514	0.328131863415724	1.1613096533622e-07	0.0118453845031574	0.4402552086268
PG01515	0.998852197927735	0.00243527159217178	0.958380987436569	0.946514580932208
PG01517	0.998852197927735	0.720080170829686	0.938561277325615	0.979553798170908
PG01518	0.998852197927735	0.762842145055321	1.93362051412365e-05	0.0196888637837535
PG01519	0.795288740093713	0.941221062603501	0.873891543770577	0.857938669482993
PG01520	0.998852197927735	0.96516785797642	0.904038087839422	0.528210678766127
PG01522	0.998852197927735	0.114172722566623	0.0907344611382406	0.487331552304295
PG01523	0.998852197927735	0.859540011413938	0.777287323549619	0.841424919154799
PG01524	0.998852197927735	0.588520070866243	0.669396132654348	0.506108240030794
PG01525	0.998852197927735	0.608939122561969	0.144999675535071	0.000751780207638267
PG01526	0.802873857281319	0.000381802531286521	4.19490796905332e-06	1.40649588591164e-06
PG01527	0.998852197927735	0.942980475269072	0.857133928724321	0.219650838910742
PG01528	0.998852197927735	0.96516785797642	0.843295241450811	0.202853421466005
PG01529	0.998852197927735	0.96516785797642	0.938561277325615	0.948595572666288
PG01530	0.998852197927735	0.727671492185935	0.0897065788065286	0.140072580092558
PG01531	0.998852197927735	0.778961233955117	0.749589578758935	0.455365265710274
PG01532	0.998852197927735	0.758109202125813	0.36044525824983	0.991451018161382
PG01533	0.998852197927735	0.901069480812002	0.485733577201758	0.768851949090966
PG01535	0.998852197927735	0.861118370384375	0.985207970605258	0.811929277700152
PG01536	0.998852197927735	0.26899330362288	0.150627180531797	0.025463113386026
PG01538	0.998852197927735	0.993409055525167	0.00598188270584591	0.843468983731648
PG01539	0.998852197927735	0.408192195239531	0.945918052814534	0.771026348058413
PG01540	0.998852197927735	0.996963666273004	0.800607679869336	0.788452008804069
PG01541	0.998852197927735	0.608741228803161	3.33001552202681e-07	1.00618303336842e-10
PG01542	0.998852197927735	0.7219459889266	0.510388335724702	0.988689413779229
PG01543	0.998852197927735	0.970257978423362	0.71668828828229	0.988796936083643
PG01544	0.998852197927735	0.3576163640144	0.0958075767911605	0.49672158175937
PG01545	0.998852197927735	0.861118370384375	0.913542695723156	0.63348176399913
PG01547	0.998852197927735	1.77151141763195e-08	0.719592926170662	0.0156150987621377
PG01548	0.998852197927735	0.977608689558678	0.490577791570224	0.768514255268649
PG01549	0.998852197927735	0.941221062603501	0.0897065788065286	0.190369821755276
PG01551	0.998852197927735	0.348127760812874	0.0418988127493018	0.0049067843041879
PG01552	0.998852197927735	0.662369846831386	0.936070573190972	0.668814857723232
PG01553	0.655407252971362	0.96516785797642	0.956139733603115	0.201932380359239
PG01554	0.331485037294305	0.859540011413938	0.929123698774422	0.849228500212293
PG01555	0.998852197927735	0.126614587991857	0.467627316652894	0.943681246558528
PG01556	0.998852197927735	0.96516785797642	0.902712179170711	0.541226287687737
PG01557	0.998852197927735	0.546138791053781	0.973754607681221	0.843468983731648
PG01559	0.998852197927735	0.729739676688211	0.697828379513064	0.752130833241531
PG01560	0.998852197927735	0.933923063935427	0.00518090002252781	0.125529880861739
PG01561	0.998852197927735	0.96516785797642	0.953277033347145	0.432602091592272
PG01564	0.998852197927735	0.993409055525167	0.929123698774422	0.824632887483184
PG01564b	0.998852197927735	0.967649511397484	0.956139733603115	0.801400633195217
PG01565	0.998852197927735	0.471659251214199	0.970393352698831	0.629777608522499
PG01567	0.998852197927735	0.546138791053781	0.95665773215535	0.621516019823677
PG01568	0.998852197927735	0.810879402992458	0.85122966694917	0.0709277929648173
PG01569	0.998852197927735	0.923879474912029	0.641516621574492	0.79694896271763
PG01570	0.998852197927735	0.546138791053781	4.94799800709463e-05	0.00301911261060037
PG01571	0.998852197927735	0.358108732327794	0.00661394166775665	0.937367105387784
PG01572	0.998852197927735	0.297880881838089	0.00252360539811457	0.00448833016495718
PG01573	0.998852197927735	0.59603731617994	0.119413500341682	1.20749007988747e-07
PG01575	0.998852197927735	0.328878581483918	0.296845214842794	0.528299584293357
PG01577	0.998852197927735	0.928432455790818	0.0332529053676037	0.247522661906452
PG01578	0.998852197927735	0.952889995102041	0.486263068838366	0.825972440863032
PG01579	0.998852197927735	0.840185457164615	0.936179980530755	0.383963785293052
PG01580	0.998852197927735	1.1613096533622e-07	0.00107584629169689	0.00804531848688233
PG01581	0.998852197927735	0.0700596645847928	0.00309907603135562	0.0205686524857875
PG01582	0.998852197927735	0.87143170947225	0.0581416901383057	0.769672488571493
PG01584	0.998852197927735	0.96516785797642	0.433709131107272	0.4622320290256
PG01586	0.998852197927735	0.855112761720418	0.972881348868555	0.240411229114692
PG01587	0.998852197927735	0.861118370384375	0.268673957395538	0.692929697531958
PG01588	0.998852197927735	0.970500838393668	0.662378080046026	0.819073269969697
PG01590	0.998852197927735	0.760498814482903	0.321663304154967	0.83940691437048
PG01591	0.998852197927735	0.840185457164615	0.620290829945414	0.649438487701426
PG01593	0.575281392016411	0.712833358479508	0.938561277325615	0.650488210953329
PG01596	0.998852197927735	0.44042972508457	0.00295280572608789	0.00332443578020601
PG01597	0.998852197927735	0.914306555554942	0.978694288151532	0.772387217826009
PG01599	0.998852197927735	0.958751171358316	0.818075376591902	0.658566959201534
PG01600	0.998852197927735	0.715256771220545	0.910429693637801	0.818961644766779
PG01601	0.998852197927735	0.993409055525167	0.450279654622609	0.278588926030513
PG01602	0.998852197927735	2.88117729034419e-05	0.000339365638041585	2.27062008675864e-08
PG01603	0.998852197927735	0.861118370384375	0.524324631114226	0.0494227531527514
PG01603b	0.998852197927735	0.993409055525167	0.969179711297814	0.838795435163856
PG01605	0.998852197927735	0.00072468286114208	0.00250258893687217	6.65433692404628e-08
PG01606	0.998852197927735	0.914306555554942	0.823942102722539	0.324955338540946
PG01607	0.998852197927735	0.993409055525167	0.721436006024813	0.773094998669653
PG01608	0.998852197927735	0.680583286491037	0.0417637778714071	0.32827249192961
PG01610	0.733942266956044	0.988649865010774	0.79784356116502	0.966879512955996
PG01611	0.998852197927735	0.744919924233068	0.6006704899073	0.752130833241531
PG01612b	0.958861138404341	0.96516785797642	0.719592926170662	0.0773879890502651
PG01613	0.998852197927735	0.481055714616906	0.951276053553139	0.769672488571493
PG01614	0.998852197927735	0.706589232942719	0.697942835562335	0.959183287833208
PG01615	0.998852197927735	0.814268487217859	0.0621662245477084	0.43235858951729
PG01615b	0.998852197927735	0.684234742593137	0.158069193337268	0.211894502155521
PG01616	0.998852197927735	0.985691762418969	0.761966626832976	0.529576369232894
PG01617	0.802873857281319	0.96516785797642	0.95665773215535	0.796734197779327
PG01619	0.998852197927735	0.970257978423362	0.95665773215535	0.390343089456159
PG01620	0.998852197927735	0.546138791053781	0.818075376591902	0.890070227766352
PG01621	0.998852197927735	0.914306555554942	0.929123698774422	0.812403206457651
PG01623	0.998852197927735	0.665055327516978	0.635434190691733	0.701764989225021
PG01624	0.998852197927735	0.716845661147373	0.671886822299788	0.0251679205882442
PG01625	0.998852197927735	0.970257978423362	0.973498689042639	0.562854710181027
PG01626	0.998852197927735	0.948097594914378	0.828245299285552	0.472390210724397
PG01627	0.998852197927735	0.988649865010774	0.695066817308906	0.000328780216099622
PG01628	0.998852197927735	0.96516785797642	0.65090448967713	0.408121189641353
PG01629	0.998852197927735	0.366015956922046	2.74159263095868e-07	1.56643574496935e-08
PG01630	0.998852197927735	0.840185457164615	0.58763579009863	0.279913010148879
PG01632	0.963002809257042	0.328878581483918	0.0325657576971152	0.967005507781826
PG01633	0.998852197927735	0.320076830800452	0.005582002039143	0.0217237601702162
PG01634	0.998852197927735	0.571498173793749	0.00362418442786099	0.00319812760322856
PG01634b	0.998852197927735	0.986153788826659	0.192336214784305	0.247718553507222
PG01635	0.998852197927735	0.810879402992458	0.00386434439565248	8.52626180370312e-05
PG01637	0.998852197927735	0.729739676688211	0.972565060165764	0.338535134725059
PG01639	0.998852197927735	0.258120203519485	0.938561277325615	0.835467274096006
PG01640	0.998852197927735	0.914306555554942	0.144120761813662	0.999398453009854
PG01641	0.998852197927735	0.117605144635493	1.09520205818399e-07	3.2235951263482e-09
PG01642	0.998852197927735	0.945921625806032	0.0722169619110651	0.979553798170908
PG01643	0.655407252971362	0.985691762418969	0.515247073327165	0.300407158946933
PG01645	0.998852197927735	0.640439189981553	0.59041830231646	0.0441740554724055
PG01646	0.998852197927735	0.546138791053781	0.0332529053676037	0.0018180324428859
PG01646b	0.998852197927735	0.348127760812874	0.0277298028203938	0.044080638017462
PG01648	0.998852197927735	0.865615261342288	0.719592926170662	0.554459165311871
PG01649	0.998852197927735	0.971441673203106	0.71668828828229	0.805517218158926
PG01650	0.998852197927735	0.028779488800592	4.45689714162574e-07	1.90407100259149e-09
PG01651	0.998852197927735	0.0383027419366071	2.41630772963049e-07	0.000164445061718307
PG01652	0.852349468473877	0.874622257092613	0.389966772411982	0.839703162583332
PG01653	0.998988687863787	0.859861037583401	0.00698861786471394	2.34788723994327e-07
PG01654	0.998852197927735	0.000127013438293599	0.00818486535521499	5.35723309000399e-06
PG01655	0.998852197927735	0.971441673203106	0.554574640108995	0.445093866907451
PG01656	0.998852197927735	0.841418755272171	0.624630395744305	0.772572646055855
PG01657	0.998852197927735	0.884294767387952	0.00828270920460003	7.81873177717512e-05
PG01657b	0.998852197927735	0.879719128081065	0.0363632483518759	0.0017441275049911
PG01658	0.998852197927735	0.883661493286672	0.0965420068810379	0.196409975633226
PG01660	0.998852197927735	0.89043389089487	0.42834000999361	0.979553798170908
PG01661	0.998852197927735	0.515230961572647	0.260234313722792	0.937367105387784
PG01662	0.998852197927735	0.701801860791569	0.317001771908665	0.946099138167981
PG01663	0.998852197927735	0.729739676688211	0.823942102722539	0.793535787428967
PG01664	0.998852197927735	0.758241980934411	0.276919432686787	0.905829984091967
PG01665	0.998852197927735	0.603326186087171	0.753201159451551	0.839703162583332
PG01666	0.998852197927735	0.625284888148857	0.608424768642341	0.0741744851192619
PG01667	0.998852197927735	0.56041888850757	4.98540542145481e-05	0.173153633916239
PG01668	0.998852197927735	0.861118370384375	0.98061178115896	0.0272804911431179
PG01669	0.110089429580338	0.960024854254282	0.732792072290341	0.525150986901766
PG01670	0.998852197927735	0.7642156463811	0.688277467471821	0.712257754727437
PG01672	0.998852197927735	0.993409055525167	0.0239439867066762	0.186060675283685
PG01673	0.998852197927735	0.179642551562878	0.441926616016736	0.820104980754657
PG01675	0.998852197927735	0.0506922012506025	1.29237423137345e-09	9.11074172680732e-11
PG01676	0.695418702156523	0.325878517894993	0.739197171966402	0.857049828760059
PG01677	0.998852197927735	0.914306555554942	0.512488208750862	0.937367105387784
PG01679	0.998852197927735	0.71247998625218	0.158069193337268	0.0194378532134284
PG01680	0.998852197927735	0.544640184795398	0.873891543770577	0.988006537649121
PG01682	0.730525504847357	0.562343414795764	0.919525109328836	0.407052630729224
PG01683	0.998852197927735	0.571498173793749	0.421560130858638	0.55475524065795
PG01684	0.998852197927735	0.924793466648448	0.938561277325615	0.937367105387784
PG01685	0.998852197927735	0.893849032209003	0.162141727478782	0.534633245278332
PG01686	0.998852197927735	0.505610664785848	0.629416915996832	0.951154852205791
PG01687	0.998852197927735	0.84662160807972	0.991046856110325	0.00887668639370606
PG01688	0.998852197927735	0.191529096627483	0.0557204686777083	0.0107223277217614
PG01689	0.998852197927735	0.96516785797642	0.645394293980597	0.692929697531958
PG01690	0.998852197927735	0.952889995102041	0.418008600471781	0.399359827338442
PG01691	0.998852197927735	0.00189144189436506	0.00113561954150117	0.00421240014926935
PG01693	0.998852197927735	0.974299511267923	0.0636255661790025	0.500920580779443
PG01694	0.998852197927735	0.883661493286672	7.15236845740153e-05	2.46131789337e-05
PG01696	0.998852197927735	0.75617527425495	0.97393346166183	0.922886795190934
PG01697	0.998987634562034	0.00501862056190234	0.178824075720769	0.01655146294086
PG01699	0.998852197927735	0.933923063935427	0.461434164118851	0.93020498858114
PG01700	0.998852197927735	0.434574517794165	0.978694288151532	0.988006537649121
PG01701	0.998852197927735	0.758109202125813	2.03909572285666e-07	2.48585647815067e-06
PG01702	0.998852197927735	1.85018976841297e-06	0.0201570357484903	0.391443235663434
PG01705	0.87503999729104	0.90966343487898	0.0118010499849014	0.00057692099154455
PG01705b	0.998852197927735	0.939841555183669	0.0195880890322421	0.00143706916507182
PG01706	0.998852197927735	0.939841555183669	0.724561680045522	0.222903805663833
PG01708	0.998852197927735	0.866059326530482	0.104214275475683	0.793535787428967
PG01709	0.998852197927735	0.96516785797642	0.913542695723156	0.0539161988367114
PG01710	0.998852197927735	0.843563153341881	0.622430505490919	0.786035350296694
PG01711	0.998852197927735	0.550455904816137	0.95665773215535	0.559472178175752
PG01712	0.503983094675034	0.587883508037456	0.732792072290341	0.97588280119022
PG01713	0.998852197927735	0.658970347573636	0.345219531215885	0.861171830026399
PG01714	0.998852197927735	0.229427777581641	0.0062028343332545	0.000207998862063929
PG01715	0.998852197927735	0.869045017464824	0.0773400970016589	0.579783084652531
PG01716	0.998852197927735	0.96516785797642	0.714050547809811	0.708123453573731
PG01716b	0.998852197927735	0.804063651326512	0.834916642177579	0.825261677757746
PG01717	0.998852197927735	0.729739676688211	0.123085053911689	0.392280893283203
PG01718	0.998852197927735	0.924145937413874	0.0968042139133491	0.90962242451049
PG01721	0.998852197927735	0.96516785797642	0.948437259825219	0.796734197779327
PG01723	0.998852197927735	0.96516785797642	0.443905799816701	0.979553798170908
PG01724	0.998852197927735	0.859540011413938	0.271495321400894	0.811929277700152
PG01725	0.998852197927735	0.791787970549896	0.748437270359258	0.785610083139606
PG01726	0.754819752149596	0.956678657960023	0.165803448727493	0.788452008804069
PG01727	0.998852197927735	0.52309738065951	0.802804126368488	0.752130833241531
PG01728	0.998852197927735	0.967649511397484	0.389966772411982	0.724201418677106
PG01729	0.998852197927735	0.705065977880285	0.0499168497840167	0.64482954662845
PG01730	0.998852197927735	0.0513666864250809	0.012312220275507	4.94088223836259e-05
PG01732	0.998852197927735	0.970500838393668	0.515247073327165	0.4990682124582
PG01733	0.998852197927735	0.914306555554942	0.928051807968534	0.552297223494165
PG01734	0.0521441701804975	0.662893625062247	0.629416915996832	0.855425117853525
PG01735	0.998852197927735	0.0693782258269638	0.919930767244445	0.796630430966449
PG01737	0.998852197927735	0.281004011503477	0.00983281757484638	0.466668116811058
PG01739	0.998852197927735	0.778961233955117	0.719592926170662	0.455365265710274
PG01740	0.998852197927735	0.571567955877894	0.923720107289101	0.407052630729224
PG01741	0.998852197927735	0.96516785797642	0.95665773215535	0.968881564420285
PG01742	0.998852197927735	0.680583286491037	0.00967699342998897	0.825261677757746
PG01743	0.998852197927735	0.909218899800259	0.629416915996832	0.877674863723875
PG01744	0.998852197927735	0.982562154445513	0.991046856110325	0.386052587884943
PG01745	0.802873857281319	0.971441673203106	0.845615230740085	0.75209932633124
PG01746	0.998852197927735	0.817408659930753	0.701251477244811	0.0785762881010115
PG01747	0.998852197927735	0.895113844470897	0.701251477244811	0.338846599528113
PG01749	0.998852197927735	0.927614657704706	0.16816247223712	0.905829984091967
PG01750	0.998852197927735	0.282107893887841	0.000291794049092302	1.56723875944262e-08
PG01751	0.998852197927735	0.621058421810136	0.595188198573601	0.741285944968709
PG01752	0.802873857281319	0.883661493286672	0.798242977400048	0.700901570830045
PG01753	0.998852197927735	0.791619666674777	0.654715855526662	0.445093866907451
PG01754	0.998852197927735	0.379571031841071	0.859379137102931	0.74992722210828
PG01755	0.998852197927735	0.804063651326512	0.959302987162102	0.860695580804812
PG01756	0.998852197927735	0.546138791053781	0.906887715192032	0.493603399110395
PG01757	0.998852197927735	0.973260912956095	0.929123698774422	0.838795435163856
PG01758	0.998852197927735	0.882513796227378	0.98061178115896	0.796593821584068
PG01759	0.998852197927735	0.715646303511663	0.530596851102796	0.834645302632238
PG01760	0.87503999729104	0.553183341673932	0.484481570715903	0.805517218158926
PG01761	0.998852197927735	0.0774785394915621	0.873891543770577	0.771602969657025
PG01762	0.998852197927735	0.945921625806032	0.682129752535356	0.825261677757746
PG01763	0.998852197927735	0.993409055525167	0.801740427889996	0.367964852343994
PG01764	0.998852197927735	0.96516785797642	0.939654038786871	0.707305075309085
PG01764b	0.998852197927735	0.546138791053781	0.95665773215535	0.448188738273449
PG01765	0.998852197927735	0.602714923803288	0.0222645850136005	0.0293118951547973
PG01766	0.998852197927735	0.859540011413938	0.749589578758935	0.988689413779229
PG01767	0.998852197927735	0.000140954255491234	5.73464522512677e-11	8.07264626276116e-06
PG01768	0.998852197927735	0.923879474912029	0.991046856110325	0.201932380359239
PG01770	0.998852197927735	0.948097594914378	0.923720107289101	0.139965269671614
PG01771	0.998852197927735	0.587883508037456	0.608424768642341	0.438548556240928
PG01772	0.998852197927735	0.744919924233068	0.889211578899736	0.91294181800525
PG01773	0.998852197927735	0.466689239179713	0.000483486909148992	0.0111005698998529
PG01775	0.998852197927735	0.869653156961698	0.432862922989173	0.571254810619573
PG01777	0.998852197927735	0.970257978423362	0.521707152905903	0.165160601561116
PG01778	0.998852197927735	0.714932953248369	0.921988294728056	0.991393037053378
PG01779	0.998852197927735	0.935855469965559	0.945362205980285	0.737467236314093
PG01780	0.998852197927735	0.96516785797642	0.783853337968143	0.534633245278332
PG01781	0.998852197927735	0.869653156961698	0.318995582279519	0.785276965260137
PG01783	0.328131863415724	0.985691762418969	0.690188601104407	0.793535787428967
PG01784	0.998852197927735	0.547406021205096	0.174374962951523	0.811929277700152
PG01785	0.998852197927735	0.729437626990329	0.624630395744305	0.0816311560847478
PG01786	0.998852197927735	0.634100641350802	0.424111288477108	0.838795435163856
PG01787	0.998852197927735	0.993409055525167	0.678849827013141	0.223232864548946
PG01788	0.998852197927735	0.727671492185935	0.802804126368488	0.91294181800525
PG01788b	0.998852197927735	0.971441673203106	0.973498689042639	0.799575930407794
PG01789	0.998852197927735	0.48619334760437	0.0183978139955882	0.019275931888766
PG01790	0.998852197927735	0.914306555554942	0.577302550399459	0.931129119766702
PG01791	0.998852197927735	0.914306555554942	0.677924807187011	0.116743305979307
PG01792	0.998852197927735	0.920864634438447	0.724561680045522	0.0320409061042293
PG01794	0.998852197927735	0.860539322467353	0.450104784255022	0.0437451618414501
PG01795	0.998852197927735	0.045043614287525	1.10801487524135e-05	3.13174665904513e-11
PG01796	0.998852197927735	0.993409055525167	0.0727854200620352	0.94994794697715
PG01796b	0.998852197927735	0.943293510974699	0.881510919294709	0.534633245278332
PG01797	0.998852197927735	0.295298764831923	0.59523264320841	0.141570291658274
PG01798	0.998852197927735	0.61538920808939	0.956135167086821	0.626485549586045
PG01799	0.998852197927735	0.00101842938537515	2.95177772474926e-05	1.65592368915581e-09
PG01800	0.998852197927735	0.87143170947225	0.389966772411982	0.978464503183682
PG01801	0.998852197927735	0.988366880548786	0.674445342086494	0.976889951419761
PG01804	0.998852197927735	0.605967740804236	0.700564078367252	0.999398453009854
PG01805	0.998852197927735	0.261810061111357	0.744516554973923	0.752130833241531
PG01806	0.998852197927735	0.989282625357591	0.832274213199985	0.737467236314093
PG01807	0.998852197927735	0.822454832821149	0.95665773215535	0.49698722784492
PG01807b	0.998852197927735	0.617095861780052	0.000483466284001328	0.609800088194707
PG01808	0.998852197927735	0.982562154445513	0.938561277325615	0.146929367145147
PG01809	0.998852197927735	0.640439189981553	0.97393346166183	0.687260528410729
PG01810	0.998852197927735	0.715256771220545	0.485906043970747	0.734545120951501
PG01812	0.998852197927735	0.859540011413938	0.906887715192032	0.895816161948858
PG01813	0.812928026940622	0.886624077902977	0.972565060165764	0.13950117120409
PG01814	0.998852197927735	0.941221062603501	0.89694233864829	0.254287521417741
PG01815	0.998852197927735	0.544640184795398	0.951126554354707	0.724201418677106
PG01816	0.998852197927735	0.791619666674777	0.00515710889282334	0.00496026013864116
PG01817	0.78365632255193	0.783840019375874	0.735686349509615	0.587160376610157
PG01818	0.998852197927735	0.973260912956095	0.321663304154967	0.91294181800525
PG01819	0.998852197927735	0.539368028359282	0.381305857146334	0.895816161948858
PG01820	0.998852197927735	0.624867612359856	0.906887715192032	0.785610083139606
PG01821	0.998852197927735	0.87143170947225	0.951131893124794	0.00385194569469151
PG01822	0.998852197927735	0.841158691954435	0.906887715192032	0.4990682124582
PG01823	0.998852197927735	0.00656099128679525	1.9769976883624e-05	5.49525632614898e-06
PG01824	0.998852197927735	0.859540011413938	0.575772547829392	0.117816756024052
PG01826	0.998852197927735	0.955919091316563	0.978694288151532	0.811929277700152
PG01827	0.998852197927735	0.510556238286656	0.00132090800084246	0.000152944275140009
PG01828	0.998852197927735	0.739268036373419	0.760346854475343	0.958100871839127
PG01829	0.998852197927735	0.61538920808939	0.00384095544090533	0.000495177307825942
PG01830	0.998852197927735	0.358108732327794	0.744516554973923	0.33386129357938
PG01831	0.998852197927735	0.103333334461463	0.0440494146046591	0.000850672729755309
PGSHARED0001	0.998852197927735	0.962768739134498	0.921742047223674	0.799157412486794
PGSHARED0002	0.998852197927735	0.909765979693604	0.898226179183499	0.291918223156984
PGSHARED0004	0.998852197927735	0.758109202125813	0.95665773215535	0.31740928911938
PGSHARED0005	0.998852197927735	0.605967740804236	4.74622192912505e-05	0.0101582539099613
PGSHARED0006	0.998852197927735	2.9266772862674e-06	6.5377478095586e-09	0.000119175136422603
PGSHARED0007	0.998852197927735	0.787777378731756	0.95665773215535	0.994856228104528
PGSHARED0008	0.998852197927735	0.716250821279185	0.97393346166183	0.839703162583332
PGSHARED0009	9.97741079700562e-21	0.911439264239052	0.997381312834339	0.62626582520475
PGSHARED0010	0.998852197927735	0.26899330362288	0.277268089616762	0.57666206498219
PGSHARED0011	0.998852197927735	0.988649865010774	0.267705319350283	0.265948572267132
PGSHARED0012	0.998852197927735	0.701469937650723	0.007890398675649	0.0956805012703714
PGSHARED0013	0.998852197927735	0.729739676688211	0.929123698774422	0.265948572267132
PGSHARED0014	0.998852197927735	0.200514355353045	2.76790003359251e-05	0.00177360559168554
PGSHARED0015	0.998852197927735	2.89823902448679e-05	0.026184842983905	0.0487855236264533
PGSHARED0016	0.998852197927735	0.942980475269072	0.622430505490919	0.72455151794545
PGSHARED0017	0.584177881478193	0.861118370384375	0.39952457685126	0.679013395421473
PGSHARED0018	0.998852197927735	0.470927325195132	0.418008600471781	0.724201418677106
PGSHARED0019	0.998852197927735	0.546138791053781	0.95665773215535	0.0347322030341564
PGSHARED0020	0.998852197927735	0.96516785797642	0.252357123942877	0.824632887483184
PGSHARED0021	0.998852197927735	0.988649865010774	0.897327295564944	0.266800160135895
PGSHARED0022	0.958861138404341	0.772773443711731	0.95665773215535	0.949537322415506
PGSHARED0023	0.998852197927735	0.87143170947225	0.16816247223712	0.00803842153126226
PGSHARED0024	0.998852197927735	0.869653156961698	0.972565060165764	0.430076495181072
PGSHARED0025	0.998852197927735	0.727671492185935	0.95665773215535	0.118110319739474
PGSHARED0026	0.998852197927735	0.783830374380073	0.719592926170662	0.905829984091967
PGSHARED0029	0.998852197927735	0.832942105608378	0.873891543770577	0.26181721098632
PGSHARED0030	0.998852197927735	0.59603731617994	0.960755730405058	0.895816161948858
PGSHARED0031	0.998852197927735	0.973260912956095	0.782459290667733	0.872980401015775
PGSHARED0032	0.998852197927735	0.571567955877894	0.902757236323444	0.219650838910742
PGSHARED0033	0.998852197927735	0.617095861780052	0.829325526498334	0.365584366592578
PGSHARED0034	0.998852197927735	0.590072465416826	0.472939791206679	0.752130833241531
PGSHARED0036	0.998852197927735	0.883661493286672	0.873891543770577	0.29037678258941
PGSHARED0037	0.998852197927735	0.945921625806032	0.333383821543422	0.626117403400643
PGSHARED0038	0.998852197927735	0.971441673203106	0.59523264320841	0.466668116811058
PGSHARED0039	0.998852197927735	0.963772478683283	0.513812422064424	0.839190927096849
PGSHARED0040	0.998852197927735	0.433307947806273	0.112046172629721	0.291268311058402
PGSHARED0041	0.998852197927735	0.408192195239531	0.433395990487845	0.495581647844674
PGSHARED0042	0.998852197927735	0.958751171358316	0.466748291103356	0.0110731259920162
PGSHARED0043	0.998852197927735	0.919874582359409	0.876921333026606	0.849228500212293
PGSHARED0044	0.998852197927735	0.525098532035762	0.000246221973417129	0.000381691547693982
PGSHARED0045	0.998852197927735	0.536694048741392	0.853944840197099	0.83940691437048
PGSHARED0046	0.998852197927735	0.194572291273808	0.929123698774422	0.723554016225741
PGSHARED0047	0.998852197927735	0.0629294548144617	0.0228298566367038	0.790105298698079
PGSHARED0048	0.998852197927735	0.716250821279185	0.864082498825583	0.258626131439551
PGSHARED0049	0.998852197927735	0.664416035671183	0.920316542050105	0.772572646055855
PGSHARED0050	0.998852197927735	0.729739676688211	0.550293408972547	0.523274490594089
PGSHARED0051	0.998852197927735	0.585867563698663	0.97393346166183	0.374753367242079
PGSHARED0052	0.998852197927735	0.96516785797642	0.719592926170662	0.01942235059562
PGSHARED0053	0.907364671179965	0.840185457164615	0.802804126368488	0.876766735276437
PGSHARED0054	0.998852197927735	0.729739676688211	0.608424768642341	0.92196168347373
PGSHARED0055	0.998852197927735	0.928110255514821	0.561241113802264	0.877674863723875
PGSHARED0056	0.958861138404341	0.711777523180305	0.951896758787818	0.95622934827088
PGSHARED0058	0.998852197927735	0.773860135407918	3.50201624294099e-05	0.00173377879829678
PGSHARED0059	0.998852197927735	1.85869015255136e-05	8.05724029610436e-05	2.61813591102216e-06
PGSHARED0060	0.998852197927735	0.953701377593336	0.288674991865956	0.16172187309219
PGSHARED0061	0.998852197927735	0.92373343811775	0.608411356649583	0.289504752647731
PGSHARED0062	0.998852197927735	0.939841555183669	0.026438752677871	0.86503536058335
PGSHARED0063	0.998852197927735	0.479702192603876	0.142981879480166	0.83940691437048
PGSHARED0064	0.998852197927735	0.958254208684701	0.95665773215535	0.895816161948858
PGSHARED0065	0.998852197927735	0.909765979693604	0.0968042139133491	0.044929612452863
PGSHARED0066	0.998852197927735	0.97165952941628	0.206230657026235	0.0213663118787303
PGSHARED0067	0.998852197927735	0.625133786064367	0.568591362503232	0.700901570830045
PGSHARED0068	0.998852197927735	0.0430233200134661	0.000218086083274191	3.62676548504192e-07
PGSHARED0069	0.998852197927735	6.68359830879763e-06	0.000103426712369375	6.16512140351426e-06
PGSHARED0070	0.998852197927735	0.926911415214115	0.18062321987561	0.320729963521746
PGSHARED0071	0.998852197927735	0.0693782258269638	0.719121547135302	0.723799619544524
PGSHARED0072	0.998852197927735	0.571567955877894	0.946124123686195	0.793535787428967
PGSHARED0073	0.998852197927735	0.654434067326161	0.112046172629721	0.044929612452863
