feature_id	t0	t6	t24	t48
ENSG00000003	0.383373377043961	0.383373377043961	0.383373377043961	0.383373377043961
ENSG00000012	0.281825777565696	0.281825777565696	0.281825777565696	0.281825777565696
ENSG00000015	0.355268857666593	0.355268857666593	0.355268857666593	0.355268857666593
ENSG00000018	0.260679995078096	0.260679995078096	0.260679995078096	0.260679995078096
ENSG00000019	0.267946632308487	0.267946632308487	0.267946632308487	0.267946632308487
ENSG00000020	0.31066496618313	0.31066496618313	0.31066496618313	0.31066496618313
ENSG00000024	0.250752807014976	0.250752807014976	0.250752807014976	0.250752807014976
ENSG00000025	0.262717668942379	0.262717668942379	0.262717668942379	0.262717668942379
ENSG00000029	0.281783884222518	0.281783884222518	0.281783884222518	0.281783884222518
ENSG00000031	0.284384494575655	0.284384494575655	0.284384494575655	0.284384494575655
ENSG00000034	0.268421429856871	0.268421429856871	0.268421429856871	0.268421429856871
ENSG00000035	0.393361401333833	0.393361401333833	0.393361401333833	0.393361401333833
ENSG00000036	0.269563752023477	0.269563752023477	0.269563752023477	0.269563752023477
ENSG00000037	0.284080878660871	0.284080878660871	0.284080878660871	0.284080878660871
ENSG00000041	0.31365812940835	0.31365812940835	0.31365812940835	0.31365812940835
ENSG00000042	0.278080960091064	0.278080960091064	0.278080960091064	0.278080960091064
ENSG00000043	0.239048048670369	0.239048048670369	0.239048048670369	0.239048048670369
ENSG00000044	0.289604892371174	0.289604892371174	0.289604892371174	0.289604892371174
ENSG00000047	0.249899491637846	0.249899491637846	0.249899491637846	0.249899491637846
ENSG00000048	0.259142774866006	0.259142774866006	0.259142774866006	0.259142774866006
ENSG00000050	0.267937968391742	0.267937968391742	0.267937968391742	0.267937968391742
ENSG00000051	0.2678575080817	0.2678575080817	0.2678575080817	0.2678575080817
ENSG00000058	0.243398902611305	0.243398902611305	0.243398902611305	0.243398902611305
ENSG00000060	0.263950598085177	0.263950598085177	0.263950598085177	0.263950598085177
ENSG00000067	0.236034520442553	0.236034520442553	0.236034520442553	0.236034520442553
ENSG00000068	0.253506657097613	0.253506657097613	0.253506657097613	0.253506657097613
ENSG00000077	1.17100581992222	1.17100581992222	1.17100581992222	1.17100581992222
ENSG00000078	0.265566820309594	0.265566820309594	0.265566820309594	0.265566820309594
ENSG00000082	0.353714042571871	0.353714042571871	0.353714042571871	0.353714042571871
ENSG00000085	0.282508222842668	0.282508222842668	0.282508222842668	0.282508222842668
ENSG00000088	0.28328094747805	0.28328094747805	0.28328094747805	0.28328094747805
ENSG00000089	0.239970828185619	0.239970828185619	0.239970828185619	0.239970828185619
ENSG00000093	0.257943286987759	0.257943286987759	0.257943286987759	0.257943286987759
ENSG00000094	0.272518727075293	0.272518727075293	0.272518727075293	0.272518727075293
ENSG00000095	0.267875817673816	0.267875817673816	0.267875817673816	0.267875817673816
ENSG00000096	0.283865724585307	0.283865724585307	0.283865724585307	0.283865724585307
ENSG00000100	0.409542575160286	0.409542575160286	0.409542575160286	0.409542575160286
ENSG00000101	0.267577349996567	0.267577349996567	0.267577349996567	0.267577349996567
ENSG00000102	0.29651508601073	0.29651508601073	0.29651508601073	0.29651508601073
ENSG00000109	0.755982237106589	0.755982237106589	0.755982237106589	0.755982237106589
ENSG00000111	0.40550553509534	0.40550553509534	0.40550553509534	0.40550553509534
ENSG00000112	0.258914081545797	0.258914081545797	0.258914081545797	0.258914081545797
ENSG00000114	0.350593846148951	0.350593846148951	0.350593846148951	0.350593846148951
ENSG00000116	0.300080721565879	0.300080721565879	0.300080721565879	0.300080721565879
ENSG00000119	0.286286129106342	0.286286129106342	0.286286129106342	0.286286129106342
ENSG00000120	0.294976647871039	0.294976647871039	0.294976647871039	0.294976647871039
ENSG00000122	0.270084386806108	0.270084386806108	0.270084386806108	0.270084386806108
ENSG00000123	0.261894590532509	0.261894590532509	0.261894590532509	0.261894590532509
ENSG00000125	0.283859393414606	0.283859393414606	0.283859393414606	0.283859393414606
ENSG00000126	0.284953576866187	0.284953576866187	0.284953576866187	0.284953576866187
ENSG00000129	0.27982445232788	0.27982445232788	0.27982445232788	0.27982445232788
ENSG00000134	0.2872241530247	0.2872241530247	0.2872241530247	0.2872241530247
ENSG00000136	0.266201193864433	0.266201193864433	0.266201193864433	0.266201193864433
ENSG00000138	0.263268584093543	0.263268584093543	0.263268584093543	0.263268584093543
ENSG00000141	0.323438335633531	0.323438335633531	0.323438335633531	0.323438335633531
ENSG00000145	0.443045676440303	0.443045676440303	0.443045676440303	0.443045676440303
ENSG00000149	0.315741782854335	0.315741782854335	0.315741782854335	0.315741782854335
ENSG00000155	0.303909263210426	0.303909263210426	0.303909263210426	0.303909263210426
ENSG00000156	0.284601625180352	0.284601625180352	0.284601625180352	0.284601625180352
ENSG00000157	0.265833640917186	0.265833640917186	0.265833640917186	0.265833640917186
ENSG00000160	0.840312144856443	0.840312144856443	0.840312144856443	0.840312144856443
ENSG00000162	0.265398900466731	0.265398900466731	0.265398900466731	0.265398900466731
ENSG00000163	0.26348556107873	0.26348556107873	0.26348556107873	0.26348556107873
ENSG00000164	0.254324699615935	0.254324699615935	0.254324699615935	0.254324699615935
ENSG00000166	0.250457825692973	0.250457825692973	0.250457825692973	0.250457825692973
ENSG00000168	0.276860707706463	0.276860707706463	0.276860707706463	0.276860707706463
ENSG00000177	0.407842701251291	0.407842701251291	0.407842701251291	0.407842701251291
ENSG00000178	0.283589407313774	0.283589407313774	0.283589407313774	0.283589407313774
ENSG00000180	0.337319277212236	0.337319277212236	0.337319277212236	0.337319277212236
ENSG00000186	0.266178466863674	0.266178466863674	0.266178466863674	0.266178466863674
ENSG00000188	0.462869270478717	0.462869270478717	0.462869270478717	0.462869270478717
ENSG00000190	0.259410720239606	0.259410720239606	0.259410720239606	0.259410720239606
ENSG00000192	0.274748450475055	0.274748450475055	0.274748450475055	0.274748450475055
ENSG00000194	0.261591802987308	0.261591802987308	0.261591802987308	0.261591802987308
ENSG00000196	0.276448582436837	0.276448582436837	0.276448582436837	0.276448582436837
ENSG00000197	0.370671469213686	0.370671469213686	0.370671469213686	0.370671469213686
ENSG00000198	0.30241814616368	0.30241814616368	0.30241814616368	0.30241814616368
ENSG00000199	0.274760613680919	0.274760613680919	0.274760613680919	0.274760613680919
ENSG00000203	0.272500745171836	0.272500745171836	0.272500745171836	0.272500745171836
ENSG00000206	0.430411009079567	0.430411009079567	0.430411009079567	0.430411009079567
ENSG00000207	0.289296043162792	0.289296043162792	0.289296043162792	0.289296043162792
ENSG00000209	0.310351510694322	0.310351510694322	0.310351510694322	0.310351510694322
ENSG00000210	0.330774758151731	0.330774758151731	0.330774758151731	0.330774758151731
ENSG00000211	0.288404904841634	0.288404904841634	0.288404904841634	0.288404904841634
ENSG00000213	0.291578409165808	0.291578409165808	0.291578409165808	0.291578409165808
ENSG00000214	0.265109882207634	0.265109882207634	0.265109882207634	0.265109882207634
ENSG00000215	0.250462246298038	0.250462246298038	0.250462246298038	0.250462246298038
ENSG00000219	0.295649575113449	0.295649575113449	0.295649575113449	0.295649575113449
ENSG00000220	0.268572674689079	0.268572674689079	0.268572674689079	0.268572674689079
ENSG00000221	0.248865492842554	0.248865492842554	0.248865492842554	0.248865492842554
ENSG00000222	0.267912198271385	0.267912198271385	0.267912198271385	0.267912198271385
ENSG00000223	0.282007872990283	0.282007872990283	0.282007872990283	0.282007872990283
ENSG00000225	0.268077685935657	0.268077685935657	0.268077685935657	0.268077685935657
ENSG00000227	0.292215315897985	0.292215315897985	0.292215315897985	0.292215315897985
ENSG00000228	0.277283553692453	0.277283553692453	0.277283553692453	0.277283553692453
ENSG00000232	0.289135293712812	0.289135293712812	0.289135293712812	0.289135293712812
ENSG00000233	0.298542955610637	0.298542955610637	0.298542955610637	0.298542955610637
ENSG00000235	0.259606768977246	0.259606768977246	0.259606768977246	0.259606768977246
ENSG00000240	0.353422704558263	0.353422704558263	0.353422704558263	0.353422704558263
ENSG00000242	0.375038713938374	0.375038713938374	0.375038713938374	0.375038713938374
ENSG00000246	0.224393010323615	0.224393010323615	0.224393010323615	0.224393010323615
ENSG00000247	0.240124231505427	0.240124231505427	0.240124231505427	0.240124231505427
ENSG00000248	0.270081899184481	0.270081899184481	0.270081899184481	0.270081899184481
ENSG00000251	0.277448699697531	0.277448699697531	0.277448699697531	0.277448699697531
ENSG00000254	0.435706685700389	0.435706685700389	0.435706685700389	0.435706685700389
ENSG00000256	0.229332626931327	0.229332626931327	0.229332626931327	0.229332626931327
ENSG00000257	0.242210711874178	0.242210711874178	0.242210711874178	0.242210711874178
ENSG00000259	0.284169035486991	0.284169035486991	0.284169035486991	0.284169035486991
ENSG00000261	0.289201650407487	0.289201650407487	0.289201650407487	0.289201650407487
ENSG00000262	0.25598070749308	0.25598070749308	0.25598070749308	0.25598070749308
ENSG00000268	0.242305943363088	0.242305943363088	0.242305943363088	0.242305943363088
ENSG00000270	0.237431417147728	0.237431417147728	0.237431417147728	0.237431417147728
ENSG00000283	0.34204895899775	0.34204895899775	0.34204895899775	0.34204895899775
ENSG00000284	0.281567519643313	0.281567519643313	0.281567519643313	0.281567519643313
ENSG00000286	0.289045465182784	0.289045465182784	0.289045465182784	0.289045465182784
ENSG00000288	0.462551494386837	0.462551494386837	0.462551494386837	0.462551494386837
ENSG00000290	0.234087853155972	0.234087853155972	0.234087853155972	0.234087853155972
ENSG00000291	0.28289424933388	0.28289424933388	0.28289424933388	0.28289424933388
ENSG00000292	0.24067752848537	0.24067752848537	0.24067752848537	0.24067752848537
ENSG00000299	0.292338424669857	0.292338424669857	0.292338424669857	0.292338424669857
ENSG00000302	0.295609114840496	0.295609114840496	0.295609114840496	0.295609114840496
ENSG00000303	0.295283297431083	0.295283297431083	0.295283297431083	0.295283297431083
ENSG00000306	0.266672713737957	0.266672713737957	0.266672713737957	0.266672713737957
ENSG00000308	0.331121795131614	0.331121795131614	0.331121795131614	0.331121795131614
ENSG00000314	0.273108849813866	0.273108849813866	0.273108849813866	0.273108849813866
ENSG00000318	0.279617060296798	0.279617060296798	0.279617060296798	0.279617060296798
ENSG00000320	0.399551539303724	0.399551539303724	0.399551539303724	0.399551539303724
ENSG00000322	0.264674880022832	0.264674880022832	0.264674880022832	0.264674880022832
ENSG00000323	0.250827779297792	0.250827779297792	0.250827779297792	0.250827779297792
ENSG00000326	0.451229185527991	0.451229185527991	0.451229185527991	0.451229185527991
ENSG00000330	0.284147731738844	0.284147731738844	0.284147731738844	0.284147731738844
ENSG00000332	0.260006079193591	0.260006079193591	0.260006079193591	0.260006079193591
ENSG00000333	0.304320471081804	0.304320471081804	0.304320471081804	0.304320471081804
ENSG00000337	0.253277005265969	0.253277005265969	0.253277005265969	0.253277005265969
ENSG00000338	0.279371733163681	0.279371733163681	0.279371733163681	0.279371733163681
ENSG00000343	0.314644796737353	0.314644796737353	0.314644796737353	0.314644796737353
ENSG00000347	0.306450991078975	0.306450991078975	0.306450991078975	0.306450991078975
ENSG00000349	0.471482285512675	0.471482285512675	0.471482285512675	0.471482285512675
ENSG00000352	0.272639662753555	0.272639662753555	0.272639662753555	0.272639662753555
ENSG00000358	0.284651365562127	0.284651365562127	0.284651365562127	0.284651365562127
ENSG00000359	0.320431773588405	0.320431773588405	0.320431773588405	0.320431773588405
ENSG00000361	0.263141498005827	0.263141498005827	0.263141498005827	0.263141498005827
ENSG00000363	0.255845819339355	0.255845819339355	0.255845819339355	0.255845819339355
ENSG00000364	0.343890564318602	0.343890564318602	0.343890564318602	0.343890564318602
ENSG00000365	0.28548281851529	0.28548281851529	0.28548281851529	0.28548281851529
ENSG00000366	0.304997506627279	0.304997506627279	0.304997506627279	0.304997506627279
ENSG00000367	0.39321740058477	0.39321740058477	0.39321740058477	0.39321740058477
ENSG00000368	0.24011837226441	0.24011837226441	0.24011837226441	0.24011837226441
ENSG00000370	0.27026892388521	0.27026892388521	0.27026892388521	0.27026892388521
ENSG00000371	0.481599348392608	0.481599348392608	0.481599348392608	0.481599348392608
ENSG00000381	0.402705086819901	0.402705086819901	0.402705086819901	0.402705086819901
ENSG00000384	0.296623269854136	0.296623269854136	0.296623269854136	0.296623269854136
ENSG00000386	0.271151667420341	0.271151667420341	0.271151667420341	0.271151667420341
ENSG00000388	0.277447932171644	0.277447932171644	0.277447932171644	0.277447932171644
ENSG00000390	0.238638739772606	0.238638739772606	0.238638739772606	0.238638739772606
ENSG00000391	0.499464587182127	0.499464587182127	0.499464587182127	0.499464587182127
ENSG00000393	0.318924489246482	0.318924489246482	0.318924489246482	0.318924489246482
ENSG00000397	0.352176846673971	0.352176846673971	0.352176846673971	0.352176846673971
ENSG00000401	0.249950581976051	0.249950581976051	0.249950581976051	0.249950581976051
ENSG00000410	0.26969328126516	0.26969328126516	0.26969328126516	0.26969328126516
ENSG00000411	0.256029679416278	0.256029679416278	0.256029679416278	0.256029679416278
ENSG00000415	0.43094453312812	0.43094453312812	0.43094453312812	0.43094453312812
ENSG00000417	0.239427254760074	0.239427254760074	0.239427254760074	0.239427254760074
ENSG00000419	0.263645478157343	0.263645478157343	0.263645478157343	0.263645478157343
ENSG00000420	0.318146847086164	0.318146847086164	0.318146847086164	0.318146847086164
ENSG00000424	0.314583479767728	0.314583479767728	0.314583479767728	0.314583479767728
ENSG00000425	0.270892926487311	0.270892926487311	0.270892926487311	0.270892926487311
ENSG00000430	0.273931938518703	0.273931938518703	0.273931938518703	0.273931938518703
ENSG00000432	0.274595849032206	0.274595849032206	0.274595849032206	0.274595849032206
ENSG00000433	0.27120852958355	0.27120852958355	0.27120852958355	0.27120852958355
ENSG00000436	0.275350122041011	0.275350122041011	0.275350122041011	0.275350122041011
ENSG00000437	0.294741314751614	0.294741314751614	0.294741314751614	0.294741314751614
ENSG00000440	0.290994778892252	0.290994778892252	0.290994778892252	0.290994778892252
ENSG00000441	0.291273739937446	0.291273739937446	0.291273739937446	0.291273739937446
ENSG00000443	0.28977411986023	0.28977411986023	0.28977411986023	0.28977411986023
ENSG00000444	0.292547049611338	0.292547049611338	0.292547049611338	0.292547049611338
ENSG00000446	0.311083150735143	0.311083150735143	0.311083150735143	0.311083150735143
ENSG00000447	0.282386548127921	0.282386548127921	0.282386548127921	0.282386548127921
ENSG00000448	0.260480770657893	0.260480770657893	0.260480770657893	0.260480770657893
ENSG00000453	0.294118860650154	0.294118860650154	0.294118860650154	0.294118860650154
ENSG00000454	0.263267717408481	0.263267717408481	0.263267717408481	0.263267717408481
ENSG00000455	0.256065487339366	0.256065487339366	0.256065487339366	0.256065487339366
ENSG00000457	0.24201767970045	0.24201767970045	0.24201767970045	0.24201767970045
ENSG00000458	0.263861598129494	0.263861598129494	0.263861598129494	0.263861598129494
ENSG00000461	0.259438125878378	0.259438125878378	0.259438125878378	0.259438125878378
ENSG00000462	0.252693716928709	0.252693716928709	0.252693716928709	0.252693716928709
ENSG00000463	0.269600936256739	0.269600936256739	0.269600936256739	0.269600936256739
ENSG00000464	0.246555365661117	0.246555365661117	0.246555365661117	0.246555365661117
ENSG00000465	0.291327819480536	0.291327819480536	0.291327819480536	0.291327819480536
ENSG00000468	0.260385013928572	0.260385013928572	0.260385013928572	0.260385013928572
ENSG00000470	0.254602911860141	0.254602911860141	0.254602911860141	0.254602911860141
ENSG00000471	0.269723467481917	0.269723467481917	0.269723467481917	0.269723467481917
ENSG00000477	0.26618298188636	0.26618298188636	0.26618298188636	0.26618298188636
ENSG00000478	0.238936263509183	0.238936263509183	0.238936263509183	0.238936263509183
ENSG00000479	0.279301298378527	0.279301298378527	0.279301298378527	0.279301298378527
ENSG00000483	0.282473273885025	0.282473273885025	0.282473273885025	0.282473273885025
ENSG00000485	0.284716305275589	0.284716305275589	0.284716305275589	0.284716305275589
ENSG00000492	0.253166386586265	0.253166386586265	0.253166386586265	0.253166386586265
ENSG00000494	0.274652616027935	0.274652616027935	0.274652616027935	0.274652616027935
ENSG00000503	0.379893814585625	0.379893814585625	0.379893814585625	0.379893814585625
ENSG00000504	0.278705499135247	0.278705499135247	0.278705499135247	0.278705499135247
ENSG00000505	0.319348115130518	0.319348115130518	0.319348115130518	0.319348115130518
ENSG00000508	0.848281734204747	0.848281734204747	0.848281734204747	0.848281734204747
ENSG00000512	0.895554062691478	0.895554062691478	0.895554062691478	0.895554062691478
ENSG00000514	0.240227228551682	0.240227228551682	0.240227228551682	0.240227228551682
ENSG00000517	0.645207691025135	0.645207691025135	0.645207691025135	0.645207691025135
ENSG00000519	0.269139954332434	0.269139954332434	0.269139954332434	0.269139954332434
ENSG00000523	0.31780133454033	0.31780133454033	0.31780133454033	0.31780133454033
ENSG00000532	0.275895495861331	0.275895495861331	0.275895495861331	0.275895495861331
ENSG00000533	0.295703453830019	0.295703453830019	0.295703453830019	0.295703453830019
ENSG00000535	0.258907680025449	0.258907680025449	0.258907680025449	0.258907680025449
ENSG00000540	0.258803527944828	0.258803527944828	0.258803527944828	0.258803527944828
ENSG00000544	0.252026026981959	0.252026026981959	0.252026026981959	0.252026026981959
ENSG00000547	0.244469777495983	0.244469777495983	0.244469777495983	0.244469777495983
ENSG00000552	0.275526222600917	0.275526222600917	0.275526222600917	0.275526222600917
ENSG00000553	0.294839549923976	0.294839549923976	0.294839549923976	0.294839549923976
ENSG00000555	0.278249393212804	0.278249393212804	0.278249393212804	0.278249393212804
ENSG00000558	0.284272048311545	0.284272048311545	0.284272048311545	0.284272048311545
ENSG00000559	0.27678472829669	0.27678472829669	0.27678472829669	0.27678472829669
ENSG00000560	0.291209337803345	0.291209337803345	0.291209337803345	0.291209337803345
ENSG00000566	0.274820739909552	0.274820739909552	0.274820739909552	0.274820739909552
ENSG00000567	0.278772894143339	0.278772894143339	0.278772894143339	0.278772894143339
ENSG00000568	0.267006970483031	0.267006970483031	0.267006970483031	0.267006970483031
ENSG00000572	0.923195173609531	0.923195173609531	0.923195173609531	0.923195173609531
ENSG00000573	0.24882043515236	0.24882043515236	0.24882043515236	0.24882043515236
ENSG00000590	0.294562167045083	0.294562167045083	0.294562167045083	0.294562167045083
ENSG00000592	0.247735975008097	0.247735975008097	0.247735975008097	0.247735975008097
ENSG00000595	0.246005688483624	0.246005688483624	0.246005688483624	0.246005688483624
ENSG00000597	0.272999217506132	0.272999217506132	0.272999217506132	0.272999217506132
ENSG00000598	0.444351471181082	0.444351471181082	0.444351471181082	0.444351471181082
ENSG00000599	0.251120793438132	0.251120793438132	0.251120793438132	0.251120793438132
ENSG00000601	0.262292326140056	0.262292326140056	0.262292326140056	0.262292326140056
ENSG00000604	0.261724014443939	0.261724014443939	0.261724014443939	0.261724014443939
ENSG00000606	0.359341211397834	0.359341211397834	0.359341211397834	0.359341211397834
ENSG00000607	0.276411263323747	0.276411263323747	0.276411263323747	0.276411263323747
ENSG00000614	0.279769723819847	0.279769723819847	0.279769723819847	0.279769723819847
ENSG00000619	0.247663484336658	0.247663484336658	0.247663484336658	0.247663484336658
ENSG00000631	0.252303667598825	0.252303667598825	0.252303667598825	0.252303667598825
ENSG00000634	0.254733621778837	0.254733621778837	0.254733621778837	0.254733621778837
ENSG00000638	0.249465333027703	0.249465333027703	0.249465333027703	0.249465333027703
ENSG00000641	0.483811861786516	0.483811861786516	0.483811861786516	0.483811861786516
ENSG00000643	0.246735472505663	0.246735472505663	0.246735472505663	0.246735472505663
ENSG00000644	0.268409135083724	0.268409135083724	0.268409135083724	0.268409135083724
ENSG00000646	0.251815953208682	0.251815953208682	0.251815953208682	0.251815953208682
ENSG00000648	0.273710556955385	0.273710556955385	0.273710556955385	0.273710556955385
ENSG00000649	0.267935032548579	0.267935032548579	0.267935032548579	0.267935032548579
ENSG00000651	0.279787914655529	0.279787914655529	0.279787914655529	0.279787914655529
ENSG00000655	0.303660905736153	0.303660905736153	0.303660905736153	0.303660905736153
ENSG00000659	0.269268791695592	0.269268791695592	0.269268791695592	0.269268791695592
ENSG00000660	0.282296061647966	0.282296061647966	0.282296061647966	0.282296061647966
ENSG00000661	0.368263330154256	0.368263330154256	0.368263330154256	0.368263330154256
ENSG00000663	0.265070992226024	0.265070992226024	0.265070992226024	0.265070992226024
ENSG00000664	0.293837722189043	0.293837722189043	0.293837722189043	0.293837722189043
ENSG00000666	0.273069311119185	0.273069311119185	0.273069311119185	0.273069311119185
ENSG00000667	0.271080750074002	0.271080750074002	0.271080750074002	0.271080750074002
ENSG00000668	0.249711798090836	0.249711798090836	0.249711798090836	0.249711798090836
ENSG00000671	0.341176485386573	0.341176485386573	0.341176485386573	0.341176485386573
ENSG00000673	0.252682846203455	0.252682846203455	0.252682846203455	0.252682846203455
ENSG00000675	0.32685912207023	0.32685912207023	0.32685912207023	0.32685912207023
ENSG00000676	0.380666966886626	0.380666966886626	0.380666966886626	0.380666966886626
ENSG00000678	0.291481307040442	0.291481307040442	0.291481307040442	0.291481307040442
ENSG00000682	0.330341318826622	0.330341318826622	0.330341318826622	0.330341318826622
ENSG00000683	0.295486414831116	0.295486414831116	0.295486414831116	0.295486414831116
ENSG00000688	0.297354239872838	0.297354239872838	0.297354239872838	0.297354239872838
ENSG00000693	0.23236937476921	0.23236937476921	0.23236937476921	0.23236937476921
ENSG00000694	0.333016174084311	0.333016174084311	0.333016174084311	0.333016174084311
ENSG00000699	0.268902988581752	0.268902988581752	0.268902988581752	0.268902988581752
ENSG00000700	0.238952982411284	0.238952982411284	0.238952982411284	0.238952982411284
ENSG00000705	0.249862946790447	0.249862946790447	0.249862946790447	0.249862946790447
ENSG00000709	0.251916608280924	0.251916608280924	0.251916608280924	0.251916608280924
ENSG00000710	0.271526071775828	0.271526071775828	0.271526071775828	0.271526071775828
ENSG00000711	0.295127479161285	0.295127479161285	0.295127479161285	0.295127479161285
ENSG00000714	0.280395611845013	0.280395611845013	0.280395611845013	0.280395611845013
ENSG00000717	0.316622652646144	0.316622652646144	0.316622652646144	0.316622652646144
ENSG00000722	0.297575797076055	0.297575797076055	0.297575797076055	0.297575797076055
ENSG00000726	0.288499328290829	0.288499328290829	0.288499328290829	0.288499328290829
ENSG00000729	0.303762364780952	0.303762364780952	0.303762364780952	0.303762364780952
ENSG00000734	0.269585538469829	0.269585538469829	0.269585538469829	0.269585538469829
ENSG00000736	0.29395665484686	0.29395665484686	0.29395665484686	0.29395665484686
ENSG00000738	0.238631645700214	0.238631645700214	0.238631645700214	0.238631645700214
ENSG00000740	0.285927906974976	0.285927906974976	0.285927906974976	0.285927906974976
ENSG00000743	0.365956291317602	0.365956291317602	0.365956291317602	0.365956291317602
ENSG00000749	0.290974426087304	0.290974426087304	0.290974426087304	0.290974426087304
ENSG00000750	0.251186078651914	0.251186078651914	0.251186078651914	0.251186078651914
ENSG00000752	0.274520786091254	0.274520786091254	0.274520786091254	0.274520786091254
ENSG00000753	0.279431319109143	0.279431319109143	0.279431319109143	0.279431319109143
ENSG00000760	0.35545669370023	0.35545669370023	0.35545669370023	0.35545669370023
ENSG00000763	0.259250441293213	0.259250441293213	0.259250441293213	0.259250441293213
ENSG00000769	0.295764496430595	0.295764496430595	0.295764496430595	0.295764496430595
ENSG00000777	0.284979299325119	0.284979299325119	0.284979299325119	0.284979299325119
ENSG00000779	0.274232394820466	0.274232394820466	0.274232394820466	0.274232394820466
ENSG00000784	0.261509510640641	0.261509510640641	0.261509510640641	0.261509510640641
ENSG00000788	0.852683458727772	0.852683458727772	0.852683458727772	0.852683458727772
ENSG00000790	0.267302866414635	0.267302866414635	0.267302866414635	0.267302866414635
ENSG00000791	0.252029489202957	0.252029489202957	0.252029489202957	0.252029489202957
ENSG00000793	0.275126513197357	0.275126513197357	0.275126513197357	0.275126513197357
ENSG00000796	0.249410659877008	0.249410659877008	0.249410659877008	0.249410659877008
ENSG00000797	0.24861786454746	0.24861786454746	0.24861786454746	0.24861786454746
ENSG00000799	0.35019110836607	0.35019110836607	0.35019110836607	0.35019110836607
ENSG00000801	0.259367764994102	0.259367764994102	0.259367764994102	0.259367764994102
ENSG00000802	0.254413628100555	0.254413628100555	0.254413628100555	0.254413628100555
ENSG00000803	0.262626069468245	0.262626069468245	0.262626069468245	0.262626069468245
ENSG00000816	0.318393842206337	0.318393842206337	0.318393842206337	0.318393842206337
ENSG00000817	0.289421421158424	0.289421421158424	0.289421421158424	0.289421421158424
ENSG00000820	0.256793056075013	0.256793056075013	0.256793056075013	0.256793056075013
ENSG00000828	0.845750256677857	0.845750256677857	0.845750256677857	0.845750256677857
ENSG00000829	0.39614924077192	0.39614924077192	0.39614924077192	0.39614924077192
ENSG00000831	0.263912978660716	0.263912978660716	0.263912978660716	0.263912978660716
ENSG00000832	0.315235783336013	0.315235783336013	0.315235783336013	0.315235783336013
ENSG00000836	0.291296155863465	0.291296155863465	0.291296155863465	0.291296155863465
ENSG00000837	0.239570699096032	0.239570699096032	0.239570699096032	0.239570699096032
ENSG00000838	0.261840610059991	0.261840610059991	0.261840610059991	0.261840610059991
ENSG00000839	0.324401909220954	0.324401909220954	0.324401909220954	0.324401909220954
ENSG00000842	0.322899808914495	0.322899808914495	0.322899808914495	0.322899808914495
ENSG00000844	0.23001323091622	0.23001323091622	0.23001323091622	0.23001323091622
ENSG00000845	0.26303523896875	0.26303523896875	0.26303523896875	0.26303523896875
ENSG00000848	0.255137526161782	0.255137526161782	0.255137526161782	0.255137526161782
ENSG00000849	0.398779649387355	0.398779649387355	0.398779649387355	0.398779649387355
ENSG00000850	0.249895984083565	0.249895984083565	0.249895984083565	0.249895984083565
ENSG00000851	0.288477129015516	0.288477129015516	0.288477129015516	0.288477129015516
ENSG00000854	0.280488925472058	0.280488925472058	0.280488925472058	0.280488925472058
ENSG00000855	0.292484478196182	0.292484478196182	0.292484478196182	0.292484478196182
ENSG00000856	0.507617101285416	0.507617101285416	0.507617101285416	0.507617101285416
ENSG00000860	0.302094835878636	0.302094835878636	0.302094835878636	0.302094835878636
ENSG00000862	0.22802858538859	0.22802858538859	0.22802858538859	0.22802858538859
ENSG00000863	0.255245720434532	0.255245720434532	0.255245720434532	0.255245720434532
ENSG00000866	0.2567923814626	0.2567923814626	0.2567923814626	0.2567923814626
ENSG00000870	0.27069163716119	0.27069163716119	0.27069163716119	0.27069163716119
ENSG00000873	0.280838758304268	0.280838758304268	0.280838758304268	0.280838758304268
ENSG00000875	0.305389634526922	0.305389634526922	0.305389634526922	0.305389634526922
ENSG00000880	0.266219288502056	0.266219288502056	0.266219288502056	0.266219288502056
ENSG00000886	0.282208915971763	0.282208915971763	0.282208915971763	0.282208915971763
ENSG00000888	0.243561472800405	0.243561472800405	0.243561472800405	0.243561472800405
ENSG00000889	0.280953702586626	0.280953702586626	0.280953702586626	0.280953702586626
ENSG00000894	0.309755667745477	0.309755667745477	0.309755667745477	0.309755667745477
ENSG00000896	0.293102719749579	0.293102719749579	0.293102719749579	0.293102719749579
ENSG00000897	0.263383913272237	0.263383913272237	0.263383913272237	0.263383913272237
ENSG00000899	0.260298433876019	0.260298433876019	0.260298433876019	0.260298433876019
ENSG00000901	0.331063327966253	0.331063327966253	0.331063327966253	0.331063327966253
ENSG00000903	0.285380835039714	0.285380835039714	0.285380835039714	0.285380835039714
ENSG00000908	0.2624701334851	0.2624701334851	0.2624701334851	0.2624701334851
ENSG00000910	0.293690756903229	0.293690756903229	0.293690756903229	0.293690756903229
ENSG00000914	0.286741266357092	0.286741266357092	0.286741266357092	0.286741266357092
ENSG00000916	0.24400556636395	0.24400556636395	0.24400556636395	0.24400556636395
ENSG00000921	0.292483215836323	0.292483215836323	0.292483215836323	0.292483215836323
ENSG00000929	0.260136926225363	0.260136926225363	0.260136926225363	0.260136926225363
ENSG00000930	0.281898783755236	0.281898783755236	0.281898783755236	0.281898783755236
ENSG00000931	0.254384176504549	0.254384176504549	0.254384176504549	0.254384176504549
ENSG00000934	0.259619300305863	0.259619300305863	0.259619300305863	0.259619300305863
ENSG00000935	0.299713470277783	0.299713470277783	0.299713470277783	0.299713470277783
ENSG00000938	0.268478263976192	0.268478263976192	0.268478263976192	0.268478263976192
ENSG00000942	0.297590907810353	0.297590907810353	0.297590907810353	0.297590907810353
ENSG00000953	0.26735124823639	0.26735124823639	0.26735124823639	0.26735124823639
ENSG00000955	0.238118445051308	0.238118445051308	0.238118445051308	0.238118445051308
ENSG00000956	0.237860866851983	0.237860866851983	0.237860866851983	0.237860866851983
ENSG00000957	0.255815157248057	0.255815157248057	0.255815157248057	0.255815157248057
ENSG00000959	0.257452300576073	0.257452300576073	0.257452300576073	0.257452300576073
ENSG00000960	0.262191808430474	0.262191808430474	0.262191808430474	0.262191808430474
ENSG00000961	0.244641858296615	0.244641858296615	0.244641858296615	0.244641858296615
ENSG00000963	0.266710704424373	0.266710704424373	0.266710704424373	0.266710704424373
ENSG00000965	0.231421195723329	0.231421195723329	0.231421195723329	0.231421195723329
ENSG00000968	0.274627541103233	0.274627541103233	0.274627541103233	0.274627541103233
ENSG00000970	0.267543214190888	0.267543214190888	0.267543214190888	0.267543214190888
ENSG00000981	0.326937393927316	0.326937393927316	0.326937393927316	0.326937393927316
ENSG00000982	0.281642615205168	0.281642615205168	0.281642615205168	0.281642615205168
ENSG00000985	0.262011697605665	0.262011697605665	0.262011697605665	0.262011697605665
ENSG00000988	0.282756298719825	0.282756298719825	0.282756298719825	0.282756298719825
ENSG00000990	0.310453333652725	0.310453333652725	0.310453333652725	0.310453333652725
ENSG00000991	0.275039992880083	0.275039992880083	0.275039992880083	0.275039992880083
ENSG00000994	0.274518567965874	0.274518567965874	0.274518567965874	0.274518567965874
ENSG00000995	0.285374704317022	0.285374704317022	0.285374704317022	0.285374704317022
ENSG00000999	0.261465858762306	0.261465858762306	0.261465858762306	0.261465858762306
ENSG00001005	0.237349073534256	0.237349073534256	0.237349073534256	0.237349073534256
ENSG00001010	0.404857129301566	0.404857129301566	0.404857129301566	0.404857129301566
ENSG00001011	0.314835881686216	0.314835881686216	0.314835881686216	0.314835881686216
ENSG00001014	0.372391231500989	0.372391231500989	0.372391231500989	0.372391231500989
ENSG00001017	0.312692742486718	0.312692742486718	0.312692742486718	0.312692742486718
ENSG00001018	0.296163593057868	0.296163593057868	0.296163593057868	0.296163593057868
ENSG00001019	0.278350828188518	0.278350828188518	0.278350828188518	0.278350828188518
ENSG00001020	0.316655068569437	0.316655068569437	0.316655068569437	0.316655068569437
ENSG00001021	0.382989737547525	0.382989737547525	0.382989737547525	0.382989737547525
ENSG00001024	0.262626986181329	0.262626986181329	0.262626986181329	0.262626986181329
ENSG00001026	0.264229628564361	0.264229628564361	0.264229628564361	0.264229628564361
ENSG00001028	0.272791526979945	0.272791526979945	0.272791526979945	0.272791526979945
ENSG00001030	0.256750273013925	0.256750273013925	0.256750273013925	0.256750273013925
ENSG00001031	0.386583635996935	0.386583635996935	0.386583635996935	0.386583635996935
ENSG00001032	0.33218045835679	0.33218045835679	0.33218045835679	0.33218045835679
ENSG00001035	0.311468804454835	0.311468804454835	0.311468804454835	0.311468804454835
ENSG00001037	0.252217205983974	0.252217205983974	0.252217205983974	0.252217205983974
ENSG00001039	0.277728479369763	0.277728479369763	0.277728479369763	0.277728479369763
ENSG00001040	0.27063620500493	0.27063620500493	0.27063620500493	0.27063620500493
ENSG00001047	0.248806253803256	0.248806253803256	0.248806253803256	0.248806253803256
ENSG00001049	0.254179360520692	0.254179360520692	0.254179360520692	0.254179360520692
ENSG00001053	0.27353622140861	0.27353622140861	0.27353622140861	0.27353622140861
ENSG00001055	0.244012588653341	0.244012588653341	0.244012588653341	0.244012588653341
ENSG00001062	0.266490119992445	0.266490119992445	0.266490119992445	0.266490119992445
ENSG00001071	0.911153074451046	0.911153074451046	0.911153074451046	0.911153074451046
ENSG00001073	0.295044337088599	0.295044337088599	0.295044337088599	0.295044337088599
ENSG00001075	0.260232325842688	0.260232325842688	0.260232325842688	0.260232325842688
ENSG00001076	0.242863658287318	0.242863658287318	0.242863658287318	0.242863658287318
ENSG00001077	0.325398359328555	0.325398359328555	0.325398359328555	0.325398359328555
ENSG00001081	1.1923919489959	1.1923919489959	1.1923919489959	1.1923919489959
ENSG00001082	0.265918679449427	0.265918679449427	0.265918679449427	0.265918679449427
ENSG00001083	0.275787828949118	0.275787828949118	0.275787828949118	0.275787828949118
ENSG00001088	0.27900145404784	0.27900145404784	0.27900145404784	0.27900145404784
ENSG00001089	0.275259394607059	0.275259394607059	0.275259394607059	0.275259394607059
ENSG00001090	0.256630134051291	0.256630134051291	0.256630134051291	0.256630134051291
ENSG00001092	0.255728857087103	0.255728857087103	0.255728857087103	0.255728857087103
ENSG00001096	0.25785894463391	0.25785894463391	0.25785894463391	0.25785894463391
ENSG00001097	0.251109595184116	0.251109595184116	0.251109595184116	0.251109595184116
ENSG00001100	0.269437536412741	0.269437536412741	0.269437536412741	0.269437536412741
ENSG00001102	0.262772661117216	0.262772661117216	0.262772661117216	0.262772661117216
ENSG00001105	0.264957485557687	0.264957485557687	0.264957485557687	0.264957485557687
ENSG00001107	0.254719520754135	0.254719520754135	0.254719520754135	0.254719520754135
ENSG00001108	0.280571776104054	0.280571776104054	0.280571776104054	0.280571776104054
ENSG00001109	0.265811625900554	0.265811625900554	0.265811625900554	0.265811625900554
ENSG00001111	0.254286495037945	0.254286495037945	0.254286495037945	0.254286495037945
ENSG00001112	0.284370356245535	0.284370356245535	0.284370356245535	0.284370356245535
ENSG00001113	0.26641010641338	0.26641010641338	0.26641010641338	0.26641010641338
ENSG00001114	0.284071688556102	0.284071688556102	0.284071688556102	0.284071688556102
ENSG00001115	0.262100448910632	0.262100448910632	0.262100448910632	0.262100448910632
ENSG00001123	0.307586853249776	0.307586853249776	0.307586853249776	0.307586853249776
ENSG00001124	0.32867864756882	0.32867864756882	0.32867864756882	0.32867864756882
ENSG00001125	0.818264502297226	0.818264502297226	0.818264502297226	0.818264502297226
ENSG00001127	0.2763802236201	0.2763802236201	0.2763802236201	0.2763802236201
ENSG00001128	0.297869015815671	0.297869015815671	0.297869015815671	0.297869015815671
ENSG00001131	0.288702106659456	0.288702106659456	0.288702106659456	0.288702106659456
ENSG00001136	0.253647179818494	0.253647179818494	0.253647179818494	0.253647179818494
ENSG00001137	0.240237287212732	0.240237287212732	0.240237287212732	0.240237287212732
ENSG00001138	0.304852723620976	0.304852723620976	0.304852723620976	0.304852723620976
ENSG00001139	0.39125891424306	0.39125891424306	0.39125891424306	0.39125891424306
ENSG00001143	0.275183566494719	0.275183566494719	0.275183566494719	0.275183566494719
ENSG00001144	0.249434750118986	0.249434750118986	0.249434750118986	0.249434750118986
ENSG00001145	0.266248933481911	0.266248933481911	0.266248933481911	0.266248933481911
ENSG00001149	0.877617990525817	0.877617990525817	0.877617990525817	0.877617990525817
ENSG00001152	0.266456126644805	0.266456126644805	0.266456126644805	0.266456126644805
ENSG00001153	0.280236282362563	0.280236282362563	0.280236282362563	0.280236282362563
ENSG00001154	0.263697432819029	0.263697432819029	0.263697432819029	0.263697432819029
ENSG00001155	0.360093436133866	0.360093436133866	0.360093436133866	0.360093436133866
ENSG00001158	0.283691958113341	0.283691958113341	0.283691958113341	0.283691958113341
ENSG00001163	0.289942682790526	0.289942682790526	0.289942682790526	0.289942682790526
ENSG00001164	0.245068998334393	0.245068998334393	0.245068998334393	0.245068998334393
ENSG00001167	0.273568778131902	0.273568778131902	0.273568778131902	0.273568778131902
ENSG00001168	0.252716021476188	0.252716021476188	0.252716021476188	0.252716021476188
ENSG00001170	0.290939990488752	0.290939990488752	0.290939990488752	0.290939990488752
ENSG00001171	0.25536938347707	0.25536938347707	0.25536938347707	0.25536938347707
ENSG00001173	0.243569765344414	0.243569765344414	0.243569765344414	0.243569765344414
ENSG00001174	0.276473050879279	0.276473050879279	0.276473050879279	0.276473050879279
ENSG00001177	0.308020594814261	0.308020594814261	0.308020594814261	0.308020594814261
ENSG00001183	0.302903043559362	0.302903043559362	0.302903043559362	0.302903043559362
ENSG00001184	0.312751065494622	0.312751065494622	0.312751065494622	0.312751065494622
ENSG00001186	0.422645663611809	0.422645663611809	0.422645663611809	0.422645663611809
ENSG00001187	0.300564569143977	0.300564569143977	0.300564569143977	0.300564569143977
ENSG00001188	0.305378557841656	0.305378557841656	0.305378557841656	0.305378557841656
ENSG00001189	0.259312915026894	0.259312915026894	0.259312915026894	0.259312915026894
ENSG00001190	0.258695431869768	0.258695431869768	0.258695431869768	0.258695431869768
ENSG00001192	0.24249750684213	0.24249750684213	0.24249750684213	0.24249750684213
ENSG00001193	0.316610191184672	0.316610191184672	0.316610191184672	0.316610191184672
ENSG00001194	0.279039889319327	0.279039889319327	0.279039889319327	0.279039889319327
ENSG00001195	0.277656350149607	0.277656350149607	0.277656350149607	0.277656350149607
ENSG00001198	0.240854053951002	0.240854053951002	0.240854053951002	0.240854053951002
ENSG00001199	0.276892928991491	0.276892928991491	0.276892928991491	0.276892928991491
ENSG00001201	0.2532193239839	0.2532193239839	0.2532193239839	0.2532193239839
ENSG00001209	0.254514585585178	0.254514585585178	0.254514585585178	0.254514585585178
ENSG00001217	0.292161010101188	0.292161010101188	0.292161010101188	0.292161010101188
ENSG00001219	0.380171322023179	0.380171322023179	0.380171322023179	0.380171322023179
ENSG00001220	0.326578032142707	0.326578032142707	0.326578032142707	0.326578032142707
ENSG00001225	0.331306788382338	0.331306788382338	0.331306788382338	0.331306788382338
ENSG00001226	0.287665940073855	0.287665940073855	0.287665940073855	0.287665940073855
ENSG00001227	0.271960773633228	0.271960773633228	0.271960773633228	0.271960773633228
ENSG00001228	0.295182817230799	0.295182817230799	0.295182817230799	0.295182817230799
ENSG00001229	0.246182770460985	0.246182770460985	0.246182770460985	0.246182770460985
ENSG00001230	0.269482349970133	0.269482349970133	0.269482349970133	0.269482349970133
ENSG00001238	0.256595286659187	0.256595286659187	0.256595286659187	0.256595286659187
ENSG00001239	0.396368990311246	0.396368990311246	0.396368990311246	0.396368990311246
ENSG00001240	0.249020227756379	0.249020227756379	0.249020227756379	0.249020227756379
ENSG00001243	0.259324179355628	0.259324179355628	0.259324179355628	0.259324179355628
ENSG00001244	0.292679440813648	0.292679440813648	0.292679440813648	0.292679440813648
ENSG00001248	0.367967334796367	0.367967334796367	0.367967334796367	0.367967334796367
ENSG00001249	0.291784847423796	0.291784847423796	0.291784847423796	0.291784847423796
ENSG00001256	0.289701078907836	0.289701078907836	0.289701078907836	0.289701078907836
ENSG00001257	0.252226871506573	0.252226871506573	0.252226871506573	0.252226871506573
ENSG00001259	0.268621609466793	0.268621609466793	0.268621609466793	0.268621609466793
ENSG00001261	0.288819091270341	0.288819091270341	0.288819091270341	0.288819091270341
ENSG00001262	0.255950394241968	0.255950394241968	0.255950394241968	0.255950394241968
ENSG00001263	0.275594083616865	0.275594083616865	0.275594083616865	0.275594083616865
ENSG00001266	0.287356939834886	0.287356939834886	0.287356939834886	0.287356939834886
ENSG00001268	0.358113499456618	0.358113499456618	0.358113499456618	0.358113499456618
ENSG00001271	0.250791599560234	0.250791599560234	0.250791599560234	0.250791599560234
ENSG00001281	0.299012789392707	0.299012789392707	0.299012789392707	0.299012789392707
ENSG00001282	0.254858348133071	0.254858348133071	0.254858348133071	0.254858348133071
ENSG00001284	0.302129378859726	0.302129378859726	0.302129378859726	0.302129378859726
ENSG00001286	0.270473758339027	0.270473758339027	0.270473758339027	0.270473758339027
ENSG00001296	0.304669415133418	0.304669415133418	0.304669415133418	0.304669415133418
ENSG00001299	0.354763094216648	0.354763094216648	0.354763094216648	0.354763094216648
ENSG00001304	0.26893350167216	0.26893350167216	0.26893350167216	0.26893350167216
ENSG00001305	0.28266234076332	0.28266234076332	0.28266234076332	0.28266234076332
ENSG00001307	0.252039977946131	0.252039977946131	0.252039977946131	0.252039977946131
ENSG00001308	0.38389493176668	0.38389493176668	0.38389493176668	0.38389493176668
ENSG00001318	0.254029392179297	0.254029392179297	0.254029392179297	0.254029392179297
ENSG00001322	0.360922402357009	0.360922402357009	0.360922402357009	0.360922402357009
ENSG00001323	0.286477225568947	0.286477225568947	0.286477225568947	0.286477225568947
ENSG00001327	0.299379425019771	0.299379425019771	0.299379425019771	0.299379425019771
ENSG00001331	0.256169356201097	0.256169356201097	0.256169356201097	0.256169356201097
ENSG00001333	0.249417969129491	0.249417969129491	0.249417969129491	0.249417969129491
ENSG00001336	0.298573400574545	0.298573400574545	0.298573400574545	0.298573400574545
ENSG00001337	0.33318747374144	0.33318747374144	0.33318747374144	0.33318747374144
ENSG00001343	0.273164363476395	0.273164363476395	0.273164363476395	0.273164363476395
ENSG00001347	0.317292486899684	0.317292486899684	0.317292486899684	0.317292486899684
ENSG00001348	0.276533085803755	0.276533085803755	0.276533085803755	0.276533085803755
ENSG00001353	0.254344578956799	0.254344578956799	0.254344578956799	0.254344578956799
ENSG00001354	0.302470156639876	0.302470156639876	0.302470156639876	0.302470156639876
ENSG00001355	0.265889600739034	0.265889600739034	0.265889600739034	0.265889600739034
ENSG00001357	0.309115355511907	0.309115355511907	0.309115355511907	0.309115355511907
ENSG00001364	0.242261892248294	0.242261892248294	0.242261892248294	0.242261892248294
ENSG00001366	0.250642551222083	0.250642551222083	0.250642551222083	0.250642551222083
ENSG00001372	0.285118182810438	0.285118182810438	0.285118182810438	0.285118182810438
ENSG00001373	0.32193693021932	0.32193693021932	0.32193693021932	0.32193693021932
ENSG00001375	0.357370784462292	0.357370784462292	0.357370784462292	0.357370784462292
ENSG00001377	0.303859910069388	0.303859910069388	0.303859910069388	0.303859910069388
ENSG00001380	0.308971891101564	0.308971891101564	0.308971891101564	0.308971891101564
ENSG00001383	0.286049859610621	0.286049859610621	0.286049859610621	0.286049859610621
ENSG00001385	0.274657828357128	0.274657828357128	0.274657828357128	0.274657828357128
ENSG00001388	0.266387718019019	0.266387718019019	0.266387718019019	0.266387718019019
ENSG00001392	0.286331103442547	0.286331103442547	0.286331103442547	0.286331103442547
ENSG00001395	0.278691811465414	0.278691811465414	0.278691811465414	0.278691811465414
ENSG00001397	0.283208574383029	0.283208574383029	0.283208574383029	0.283208574383029
ENSG00001405	0.261578090716411	0.261578090716411	0.261578090716411	0.261578090716411
ENSG00001410	0.316378459799162	0.316378459799162	0.316378459799162	0.316378459799162
ENSG00001426	0.290300341558872	0.290300341558872	0.290300341558872	0.290300341558872
ENSG00001427	0.285661968641908	0.285661968641908	0.285661968641908	0.285661968641908
ENSG00001434	0.25138640601657	0.25138640601657	0.25138640601657	0.25138640601657
ENSG00001436	0.258566248900612	0.258566248900612	0.258566248900612	0.258566248900612
ENSG00001439	0.250497912946081	0.250497912946081	0.250497912946081	0.250497912946081
ENSG00001440	0.266054127633389	0.266054127633389	0.266054127633389	0.266054127633389
ENSG00001443	0.259009181074566	0.259009181074566	0.259009181074566	0.259009181074566
ENSG00001444	0.273104121871851	0.273104121871851	0.273104121871851	0.273104121871851
ENSG00001449	0.282960272478806	0.282960272478806	0.282960272478806	0.282960272478806
ENSG00001453	0.409010929322644	0.409010929322644	0.409010929322644	0.409010929322644
ENSG00001454	0.278852034002184	0.278852034002184	0.278852034002184	0.278852034002184
ENSG00001456	0.255186091768528	0.255186091768528	0.255186091768528	0.255186091768528
ENSG00001458	0.286651725249005	0.286651725249005	0.286651725249005	0.286651725249005
ENSG00001462	0.255430035468445	0.255430035468445	0.255430035468445	0.255430035468445
ENSG00001463	0.260517258929412	0.260517258929412	0.260517258929412	0.260517258929412
ENSG00001464	0.398086582141845	0.398086582141845	0.398086582141845	0.398086582141845
ENSG00001467	0.265746887052849	0.265746887052849	0.265746887052849	0.265746887052849
ENSG00001473	0.261226313402541	0.261226313402541	0.261226313402541	0.261226313402541
ENSG00001474	0.262081307635258	0.262081307635258	0.262081307635258	0.262081307635258
ENSG00001476	0.252875009980437	0.252875009980437	0.252875009980437	0.252875009980437
ENSG00001478	0.261155252794532	0.261155252794532	0.261155252794532	0.261155252794532
ENSG00001479	0.258790171056342	0.258790171056342	0.258790171056342	0.258790171056342
ENSG00001484	0.291825385159063	0.291825385159063	0.291825385159063	0.291825385159063
ENSG00001490	0.252886941837229	0.252886941837229	0.252886941837229	0.252886941837229
ENSG00001492	0.253719003168761	0.253719003168761	0.253719003168761	0.253719003168761
ENSG00001494	0.242637747926705	0.242637747926705	0.242637747926705	0.242637747926705
ENSG00001502	0.279842827866551	0.279842827866551	0.279842827866551	0.279842827866551
ENSG00001503	0.286344984240872	0.286344984240872	0.286344984240872	0.286344984240872
ENSG00001505	0.41716078523648	0.41716078523648	0.41716078523648	0.41716078523648
ENSG00001508	0.262305739756827	0.262305739756827	0.262305739756827	0.262305739756827
ENSG00001511	0.304001926120758	0.304001926120758	0.304001926120758	0.304001926120758
ENSG00001514	0.340390691527531	0.340390691527531	0.340390691527531	0.340390691527531
ENSG00001516	0.273230151582328	0.273230151582328	0.273230151582328	0.273230151582328
ENSG00001517	0.268288542072921	0.268288542072921	0.268288542072921	0.268288542072921
ENSG00001519	0.359703849148521	0.359703849148521	0.359703849148521	0.359703849148521
ENSG00001521	0.264378931558794	0.264378931558794	0.264378931558794	0.264378931558794
ENSG00001522	0.277182956812399	0.277182956812399	0.277182956812399	0.277182956812399
ENSG00001524	0.250554607799881	0.250554607799881	0.250554607799881	0.250554607799881
ENSG00001539	0.290175144905775	0.290175144905775	0.290175144905775	0.290175144905775
ENSG00001540	0.241786013234899	0.241786013234899	0.241786013234899	0.241786013234899
ENSG00001542	0.244504699180842	0.244504699180842	0.244504699180842	0.244504699180842
ENSG00001544	0.243776248491231	0.243776248491231	0.243776248491231	0.243776248491231
ENSG00001549	0.342965806510503	0.342965806510503	0.342965806510503	0.342965806510503
ENSG00001550	0.330827641116253	0.330827641116253	0.330827641116253	0.330827641116253
ENSG00001552	0.242449250320119	0.242449250320119	0.242449250320119	0.242449250320119
ENSG00001553	0.308163579842155	0.308163579842155	0.308163579842155	0.308163579842155
ENSG00001554	0.267934422330405	0.267934422330405	0.267934422330405	0.267934422330405
ENSG00001558	0.286181894246021	0.286181894246021	0.286181894246021	0.286181894246021
ENSG00001561	0.335515588033579	0.335515588033579	0.335515588033579	0.335515588033579
ENSG00001563	0.280140906405492	0.280140906405492	0.280140906405492	0.280140906405492
ENSG00001564	0.258923424363235	0.258923424363235	0.258923424363235	0.258923424363235
ENSG00001567	0.446419275515728	0.446419275515728	0.446419275515728	0.446419275515728
ENSG00001570	0.253100792419978	0.253100792419978	0.253100792419978	0.253100792419978
ENSG00001571	0.271355251881011	0.271355251881011	0.271355251881011	0.271355251881011
ENSG00001572	0.257707378573145	0.257707378573145	0.257707378573145	0.257707378573145
ENSG00001573	0.247362042780988	0.247362042780988	0.247362042780988	0.247362042780988
ENSG00001577	0.279206856549196	0.279206856549196	0.279206856549196	0.279206856549196
ENSG00001578	0.272404346845595	0.272404346845595	0.272404346845595	0.272404346845595
ENSG00001583	0.259860591804856	0.259860591804856	0.259860591804856	0.259860591804856
ENSG00001584	0.259604003473342	0.259604003473342	0.259604003473342	0.259604003473342
ENSG00001587	0.252846398785407	0.252846398785407	0.252846398785407	0.252846398785407
ENSG00001591	0.269547281884061	0.269547281884061	0.269547281884061	0.269547281884061
ENSG00001593	0.253310324302576	0.253310324302576	0.253310324302576	0.253310324302576
ENSG00001594	0.269335086193607	0.269335086193607	0.269335086193607	0.269335086193607
ENSG00001596	0.265971936533319	0.265971936533319	0.265971936533319	0.265971936533319
ENSG00001597	0.282674926544579	0.282674926544579	0.282674926544579	0.282674926544579
ENSG00001599	0.280800957376693	0.280800957376693	0.280800957376693	0.280800957376693
ENSG00001600	0.249513602688318	0.249513602688318	0.249513602688318	0.249513602688318
ENSG00001601	0.277648715313422	0.277648715313422	0.277648715313422	0.277648715313422
ENSG00001605	0.26008995137348	0.26008995137348	0.26008995137348	0.26008995137348
ENSG00001606	0.302847915315742	0.302847915315742	0.302847915315742	0.302847915315742
ENSG00001608	0.441081471644364	0.441081471644364	0.441081471644364	0.441081471644364
ENSG00001610	0.283504095868591	0.283504095868591	0.283504095868591	0.283504095868591
ENSG00001611	0.310705771162705	0.310705771162705	0.310705771162705	0.310705771162705
ENSG00001613	0.27268072774459	0.27268072774459	0.27268072774459	0.27268072774459
ENSG00001617	0.298339405761863	0.298339405761863	0.298339405761863	0.298339405761863
ENSG00001621	0.269062744973238	0.269062744973238	0.269062744973238	0.269062744973238
ENSG00001622	0.254208522603379	0.254208522603379	0.254208522603379	0.254208522603379
ENSG00001623	0.286015640684813	0.286015640684813	0.286015640684813	0.286015640684813
ENSG00001625	0.276532173725099	0.276532173725099	0.276532173725099	0.276532173725099
ENSG00001629	0.386416632963209	0.386416632963209	0.386416632963209	0.386416632963209
ENSG00001633	0.263077468631676	0.263077468631676	0.263077468631676	0.263077468631676
ENSG00001634	0.794554637278545	0.794554637278545	0.794554637278545	0.794554637278545
ENSG00001645	0.283625491054173	0.283625491054173	0.283625491054173	0.283625491054173
ENSG00001648	0.253992451915659	0.253992451915659	0.253992451915659	0.253992451915659
ENSG00001653	0.340242163441483	0.340242163441483	0.340242163441483	0.340242163441483
ENSG00001656	0.282278725188255	0.282278725188255	0.282278725188255	0.282278725188255
ENSG00001657	0.279831894366617	0.279831894366617	0.279831894366617	0.279831894366617
ENSG00001658	0.277556799380821	0.277556799380821	0.277556799380821	0.277556799380821
ENSG00001661	0.282156872403985	0.282156872403985	0.282156872403985	0.282156872403985
ENSG00001664	0.238920722683459	0.238920722683459	0.238920722683459	0.238920722683459
ENSG00001665	0.289016320189175	0.289016320189175	0.289016320189175	0.289016320189175
ENSG00001670	0.261283802147166	0.261283802147166	0.261283802147166	0.261283802147166
ENSG00001672	0.242060647964673	0.242060647964673	0.242060647964673	0.242060647964673
ENSG00001673	0.297167107765903	0.297167107765903	0.297167107765903	0.297167107765903
ENSG00001674	0.416936677784162	0.416936677784162	0.416936677784162	0.416936677784162
ENSG00001676	0.269843316016653	0.269843316016653	0.269843316016653	0.269843316016653
ENSG00001677	0.304243443222709	0.304243443222709	0.304243443222709	0.304243443222709
ENSG00001678	0.378779583931087	0.378779583931087	0.378779583931087	0.378779583931087
ENSG00001679	0.248611564093384	0.248611564093384	0.248611564093384	0.248611564093384
ENSG00001684	0.26336930827634	0.26336930827634	0.26336930827634	0.26336930827634
ENSG00001685	0.251513036329136	0.251513036329136	0.251513036329136	0.251513036329136
ENSG00001686	0.268128031472959	0.268128031472959	0.268128031472959	0.268128031472959
ENSG00001688	0.752406716805162	0.752406716805162	0.752406716805162	0.752406716805162
ENSG00001689	0.249969447676837	0.249969447676837	0.249969447676837	0.249969447676837
ENSG00001690	0.299488330672682	0.299488330672682	0.299488330672682	0.299488330672682
ENSG00001694	0.502064937260657	0.502064937260657	0.502064937260657	0.502064937260657
ENSG00001698	0.283198375477215	0.283198375477215	0.283198375477215	0.283198375477215
ENSG00001703	0.271118846513383	0.271118846513383	0.271118846513383	0.271118846513383
ENSG00001704	0.241321843722675	0.241321843722675	0.241321843722675	0.241321843722675
ENSG00001709	0.232274242500412	0.232274242500412	0.232274242500412	0.232274242500412
ENSG00001711	0.26443341626805	0.26443341626805	0.26443341626805	0.26443341626805
ENSG00001713	0.289516680442617	0.289516680442617	0.289516680442617	0.289516680442617
ENSG00001715	0.26741375966513	0.26741375966513	0.26741375966513	0.26741375966513
ENSG00001719	0.253264069741821	0.253264069741821	0.253264069741821	0.253264069741821
ENSG00001721	0.273110131204165	0.273110131204165	0.273110131204165	0.273110131204165
ENSG00001728	0.265684719456335	0.265684719456335	0.265684719456335	0.265684719456335
ENSG00001729	0.261174564087482	0.261174564087482	0.261174564087482	0.261174564087482
ENSG00001732	0.269861081320173	0.269861081320173	0.269861081320173	0.269861081320173
ENSG00001733	0.282299048511966	0.282299048511966	0.282299048511966	0.282299048511966
ENSG00001740	0.252962908811639	0.252962908811639	0.252962908811639	0.252962908811639
ENSG00001741	0.303259038484405	0.303259038484405	0.303259038484405	0.303259038484405
ENSG00001742	0.278633926563229	0.278633926563229	0.278633926563229	0.278633926563229
ENSG00001743	0.287228649248189	0.287228649248189	0.287228649248189	0.287228649248189
ENSG00001744	0.296969556868284	0.296969556868284	0.296969556868284	0.296969556868284
ENSG00001745	0.267753190575871	0.267753190575871	0.267753190575871	0.267753190575871
ENSG00001747	0.257174704504323	0.257174704504323	0.257174704504323	0.257174704504323
ENSG00001748	0.264342315931912	0.264342315931912	0.264342315931912	0.264342315931912
ENSG00001749	0.279633742529188	0.279633742529188	0.279633742529188	0.279633742529188
ENSG00001752	0.286411758536429	0.286411758536429	0.286411758536429	0.286411758536429
ENSG00001753	0.313444220728269	0.313444220728269	0.313444220728269	0.313444220728269
ENSG00001755	0.445886031301249	0.445886031301249	0.445886031301249	0.445886031301249
ENSG00001762	0.345466607507941	0.345466607507941	0.345466607507941	0.345466607507941
ENSG00001763	0.244822088208633	0.244822088208633	0.244822088208633	0.244822088208633
ENSG00001765	0.359441161843203	0.359441161843203	0.359441161843203	0.359441161843203
ENSG00001767	0.272877940341299	0.272877940341299	0.272877940341299	0.272877940341299
ENSG00001768	0.259859804276617	0.259859804276617	0.259859804276617	0.259859804276617
ENSG00001778	0.329957652546037	0.329957652546037	0.329957652546037	0.329957652546037
ENSG00001780	0.281559517118416	0.281559517118416	0.281559517118416	0.281559517118416
ENSG00001781	0.404042052178359	0.404042052178359	0.404042052178359	0.404042052178359
ENSG00001783	0.258712472155924	0.258712472155924	0.258712472155924	0.258712472155924
ENSG00001785	0.283100020456496	0.283100020456496	0.283100020456496	0.283100020456496
ENSG00001789	0.284908017875805	0.284908017875805	0.284908017875805	0.284908017875805
ENSG00001791	0.252227268296547	0.252227268296547	0.252227268296547	0.252227268296547
ENSG00001794	0.369407072675911	0.369407072675911	0.369407072675911	0.369407072675911
ENSG00001798	0.326332910507698	0.326332910507698	0.326332910507698	0.326332910507698
ENSG00001799	0.271824071781736	0.271824071781736	0.271824071781736	0.271824071781736
ENSG00001802	0.254404774674594	0.254404774674594	0.254404774674594	0.254404774674594
ENSG00001803	0.262527960719703	0.262527960719703	0.262527960719703	0.262527960719703
ENSG00001804	0.260126384597036	0.260126384597036	0.260126384597036	0.260126384597036
ENSG00001818	0.29371952729783	0.29371952729783	0.29371952729783	0.29371952729783
ENSG00001823	0.273056478518745	0.273056478518745	0.273056478518745	0.273056478518745
ENSG00001824	0.274539418164422	0.274539418164422	0.274539418164422	0.274539418164422
ENSG00001825	0.391815452076384	0.391815452076384	0.391815452076384	0.391815452076384
ENSG00001827	0.268826766626931	0.268826766626931	0.268826766626931	0.268826766626931
ENSG00001830	0.259817637993795	0.259817637993795	0.259817637993795	0.259817637993795
ENSG00001831	0.271551123414573	0.271551123414573	0.271551123414573	0.271551123414573
ENSG00001835	0.255172062011928	0.255172062011928	0.255172062011928	0.255172062011928
ENSG00001838	0.242948207908143	0.242948207908143	0.242948207908143	0.242948207908143
ENSG00001840	0.295642729472867	0.295642729472867	0.295642729472867	0.295642729472867
ENSG00001842	0.259392335338063	0.259392335338063	0.259392335338063	0.259392335338063
ENSG00001846	0.2916433500609	0.2916433500609	0.2916433500609	0.2916433500609
ENSG00001850	0.2546204705101	0.2546204705101	0.2546204705101	0.2546204705101
ENSG00001855	0.271469958551551	0.271469958551551	0.271469958551551	0.271469958551551
ENSG00001856	0.346425361299387	0.346425361299387	0.346425361299387	0.346425361299387
ENSG00001858	0.3036274275731	0.3036274275731	0.3036274275731	0.3036274275731
ENSG00001860	0.289878361622418	0.289878361622418	0.289878361622418	0.289878361622418
ENSG00001864	0.288973693377315	0.288973693377315	0.288973693377315	0.288973693377315
ENSG00001866	0.246867805430371	0.246867805430371	0.246867805430371	0.246867805430371
ENSG00001873	0.275875705822149	0.275875705822149	0.275875705822149	0.275875705822149
ENSG00001882	0.249747268388598	0.249747268388598	0.249747268388598	0.249747268388598
ENSG00001884	0.268180220200502	0.268180220200502	0.268180220200502	0.268180220200502
ENSG00001887	0.269077829374511	0.269077829374511	0.269077829374511	0.269077829374511
ENSG00001889	0.245936612173159	0.245936612173159	0.245936612173159	0.245936612173159
ENSG00001891	0.28805194466025	0.28805194466025	0.28805194466025	0.28805194466025
ENSG00001895	0.250405184909758	0.250405184909758	0.250405184909758	0.250405184909758
ENSG00001897	0.395855325358592	0.395855325358592	0.395855325358592	0.395855325358592
ENSG00001902	0.590288144010623	0.590288144010623	0.590288144010623	0.590288144010623
ENSG00001905	0.411239974525642	0.411239974525642	0.411239974525642	0.411239974525642
ENSG00001912	0.286978445601959	0.286978445601959	0.286978445601959	0.286978445601959
ENSG00001914	0.313662796915322	0.313662796915322	0.313662796915322	0.313662796915322
ENSG00001918	0.297361245446187	0.297361245446187	0.297361245446187	0.297361245446187
ENSG00001920	0.281854575830726	0.281854575830726	0.281854575830726	0.281854575830726
ENSG00001922	0.270895096881438	0.270895096881438	0.270895096881438	0.270895096881438
ENSG00001924	0.278962382699174	0.278962382699174	0.278962382699174	0.278962382699174
ENSG00001928	0.355536807705625	0.355536807705625	0.355536807705625	0.355536807705625
ENSG00001929	0.252876684633266	0.252876684633266	0.252876684633266	0.252876684633266
ENSG00001935	0.273938863524938	0.273938863524938	0.273938863524938	0.273938863524938
ENSG00001937	0.274046780339664	0.274046780339664	0.274046780339664	0.274046780339664
ENSG00001938	0.278532476058689	0.278532476058689	0.278532476058689	0.278532476058689
ENSG00001939	0.241322449871791	0.241322449871791	0.241322449871791	0.241322449871791
ENSG00001940	0.287311036551701	0.287311036551701	0.287311036551701	0.287311036551701
ENSG00001942	0.246776021311335	0.246776021311335	0.246776021311335	0.246776021311335
ENSG00001947	0.259486366177617	0.259486366177617	0.259486366177617	0.259486366177617
ENSG00001948	0.247504701149177	0.247504701149177	0.247504701149177	0.247504701149177
ENSG00001949	0.328682968415839	0.328682968415839	0.328682968415839	0.328682968415839
ENSG00001956	0.278230528288398	0.278230528288398	0.278230528288398	0.278230528288398
ENSG00001957	0.422082264190973	0.422082264190973	0.422082264190973	0.422082264190973
ENSG00001958	0.257831799025952	0.257831799025952	0.257831799025952	0.257831799025952
ENSG00001962	0.26785829398315	0.26785829398315	0.26785829398315	0.26785829398315
ENSG00001964	0.274014979922723	0.274014979922723	0.274014979922723	0.274014979922723
ENSG00001968	0.292764522937708	0.292764522937708	0.292764522937708	0.292764522937708
ENSG00001970	0.279722938988894	0.279722938988894	0.279722938988894	0.279722938988894
ENSG00001972	0.331310240345422	0.331310240345422	0.331310240345422	0.331310240345422
ENSG00001974	0.253719848668049	0.253719848668049	0.253719848668049	0.253719848668049
ENSG00001975	0.286458002666839	0.286458002666839	0.286458002666839	0.286458002666839
ENSG00001976	0.248336642696123	0.248336642696123	0.248336642696123	0.248336642696123
ENSG00001981	0.264017101194397	0.264017101194397	0.264017101194397	0.264017101194397
ENSG00001984	0.345150913007084	0.345150913007084	0.345150913007084	0.345150913007084
ENSG00001985	0.264846400112299	0.264846400112299	0.264846400112299	0.264846400112299
ENSG00001986	0.269875995253671	0.269875995253671	0.269875995253671	0.269875995253671
ENSG00001989	0.280164340955484	0.280164340955484	0.280164340955484	0.280164340955484
ENSG00001994	0.231959839930362	0.231959839930362	0.231959839930362	0.231959839930362
ENSG00001998	0.27145596855452	0.27145596855452	0.27145596855452	0.27145596855452
ENSG00002000	0.272266315652186	0.272266315652186	0.272266315652186	0.272266315652186
ENSG00002006	0.342817814013682	0.342817814013682	0.342817814013682	0.342817814013682
ENSG00002007	0.277560321811167	0.277560321811167	0.277560321811167	0.277560321811167
ENSG00002009	0.313046079858665	0.313046079858665	0.313046079858665	0.313046079858665
ENSG00002010	0.420886196213206	0.420886196213206	0.420886196213206	0.420886196213206
ENSG00002013	0.363177058581237	0.363177058581237	0.363177058581237	0.363177058581237
ENSG00002014	0.317175308685101	0.317175308685101	0.317175308685101	0.317175308685101
ENSG00002015	0.29783686665269	0.29783686665269	0.29783686665269	0.29783686665269
ENSG00002016	0.270133675627639	0.270133675627639	0.270133675627639	0.270133675627639
ENSG00002021	0.293262651203401	0.293262651203401	0.293262651203401	0.293262651203401
ENSG00002023	0.257788127337072	0.257788127337072	0.257788127337072	0.257788127337072
ENSG00002026	0.263671949521094	0.263671949521094	0.263671949521094	0.263671949521094
ENSG00002034	0.334059708524194	0.334059708524194	0.334059708524194	0.334059708524194
ENSG00002036	0.240977665252391	0.240977665252391	0.240977665252391	0.240977665252391
ENSG00002043	0.352890315905206	0.352890315905206	0.352890315905206	0.352890315905206
ENSG00002045	0.252394209766563	0.252394209766563	0.252394209766563	0.252394209766563
ENSG00002050	0.274922565841212	0.274922565841212	0.274922565841212	0.274922565841212
ENSG00002051	0.39174718501633	0.39174718501633	0.39174718501633	0.39174718501633
ENSG00002053	0.305473088227356	0.305473088227356	0.305473088227356	0.305473088227356
ENSG00002055	0.31826734408695	0.31826734408695	0.31826734408695	0.31826734408695
ENSG00002061	0.279571508952874	0.279571508952874	0.279571508952874	0.279571508952874
ENSG00002062	0.24472653095259	0.24472653095259	0.24472653095259	0.24472653095259
ENSG00002063	0.265337305417474	0.265337305417474	0.265337305417474	0.265337305417474
ENSG00002069	0.273944541756691	0.273944541756691	0.273944541756691	0.273944541756691
ENSG00002072	0.286207832970075	0.286207832970075	0.286207832970075	0.286207832970075
ENSG00002073	0.303189034026151	0.303189034026151	0.303189034026151	0.303189034026151
ENSG00002075	0.285749884167642	0.285749884167642	0.285749884167642	0.285749884167642
ENSG00002079	0.27171251257524	0.27171251257524	0.27171251257524	0.27171251257524
ENSG00002080	0.267886918278829	0.267886918278829	0.267886918278829	0.267886918278829
ENSG00002082	0.304749330286233	0.304749330286233	0.304749330286233	0.304749330286233
ENSG00002084	0.250984770062277	0.250984770062277	0.250984770062277	0.250984770062277
ENSG00002088	0.249296419642639	0.249296419642639	0.249296419642639	0.249296419642639
ENSG00002090	0.280825340803028	0.280825340803028	0.280825340803028	0.280825340803028
ENSG00002092	0.302674016212776	0.302674016212776	0.302674016212776	0.302674016212776
ENSG00002093	0.275629136663529	0.275629136663529	0.275629136663529	0.275629136663529
ENSG00002096	0.289880101958919	0.289880101958919	0.289880101958919	0.289880101958919
ENSG00002097	0.245462531938175	0.245462531938175	0.245462531938175	0.245462531938175
ENSG00002101	0.253611722177061	0.253611722177061	0.253611722177061	0.253611722177061
ENSG00002102	0.278134617397119	0.278134617397119	0.278134617397119	0.278134617397119
ENSG00002104	0.25790844311978	0.25790844311978	0.25790844311978	0.25790844311978
ENSG00002110	0.254483842141081	0.254483842141081	0.254483842141081	0.254483842141081
ENSG00002112	0.344329197800986	0.344329197800986	0.344329197800986	0.344329197800986
ENSG00002114	0.242167546129937	0.242167546129937	0.242167546129937	0.242167546129937
ENSG00002120	0.319386053527872	0.319386053527872	0.319386053527872	0.319386053527872
ENSG00002122	0.254820363497217	0.254820363497217	0.254820363497217	0.254820363497217
ENSG00002130	0.300517500644252	0.300517500644252	0.300517500644252	0.300517500644252
ENSG00002131	0.312585546991245	0.312585546991245	0.312585546991245	0.312585546991245
ENSG00002133	0.407403644743878	0.407403644743878	0.407403644743878	0.407403644743878
ENSG00002134	0.342236879114164	0.342236879114164	0.342236879114164	0.342236879114164
ENSG00002138	0.262620348442921	0.262620348442921	0.262620348442921	0.262620348442921
ENSG00002145	0.287092077470589	0.287092077470589	0.287092077470589	0.287092077470589
ENSG00002147	0.268733583081439	0.268733583081439	0.268733583081439	0.268733583081439
ENSG00002151	0.343644455085814	0.343644455085814	0.343644455085814	0.343644455085814
ENSG00002154	0.278201104099654	0.278201104099654	0.278201104099654	0.278201104099654
ENSG00002156	0.27894933537899	0.27894933537899	0.27894933537899	0.27894933537899
ENSG00002157	0.297957536614568	0.297957536614568	0.297957536614568	0.297957536614568
ENSG00002159	0.381299191802798	0.381299191802798	0.381299191802798	0.381299191802798
ENSG00002161	0.425152415394524	0.425152415394524	0.425152415394524	0.425152415394524
ENSG00002162	0.290245269531811	0.290245269531811	0.290245269531811	0.290245269531811
ENSG00002163	0.250556280189299	0.250556280189299	0.250556280189299	0.250556280189299
ENSG00002166	0.269077106959074	0.269077106959074	0.269077106959074	0.269077106959074
ENSG00002168	0.263293689274165	0.263293689274165	0.263293689274165	0.263293689274165
ENSG00002169	0.260930173638187	0.260930173638187	0.260930173638187	0.260930173638187
ENSG00002170	0.244440831944576	0.244440831944576	0.244440831944576	0.244440831944576
ENSG00002171	0.297237442866976	0.297237442866976	0.297237442866976	0.297237442866976
ENSG00002173	0.323576639246555	0.323576639246555	0.323576639246555	0.323576639246555
ENSG00002176	0.290907020767498	0.290907020767498	0.290907020767498	0.290907020767498
ENSG00002177	0.262624796826744	0.262624796826744	0.262624796826744	0.262624796826744
ENSG00002181	0.390943684563049	0.390943684563049	0.390943684563049	0.390943684563049
ENSG00002183	0.263922386447965	0.263922386447965	0.263922386447965	0.263922386447965
ENSG00002186	0.3163254988425	0.3163254988425	0.3163254988425	0.3163254988425
ENSG00002187	0.282052458551451	0.282052458551451	0.282052458551451	0.282052458551451
ENSG00002196	0.258008990919396	0.258008990919396	0.258008990919396	0.258008990919396
ENSG00002197	0.273204285977216	0.273204285977216	0.273204285977216	0.273204285977216
ENSG00002199	0.233754923062161	0.233754923062161	0.233754923062161	0.233754923062161
ENSG00002204	0.271420286664297	0.271420286664297	0.271420286664297	0.271420286664297
ENSG00002207	0.243313010640944	0.243313010640944	0.243313010640944	0.243313010640944
ENSG00002209	0.245594933772148	0.245594933772148	0.245594933772148	0.245594933772148
ENSG00002210	0.272142955650697	0.272142955650697	0.272142955650697	0.272142955650697
ENSG00002215	0.260250257344201	0.260250257344201	0.260250257344201	0.260250257344201
ENSG00002218	0.303195461285298	0.303195461285298	0.303195461285298	0.303195461285298
ENSG00002224	0.307578579889379	0.307578579889379	0.307578579889379	0.307578579889379
ENSG00002225	0.275766111894851	0.275766111894851	0.275766111894851	0.275766111894851
ENSG00002228	0.31334538089163	0.31334538089163	0.31334538089163	0.31334538089163
ENSG00002230	0.272047424170405	0.272047424170405	0.272047424170405	0.272047424170405
ENSG00002233	0.497850428239544	0.497850428239544	0.497850428239544	0.497850428239544
ENSG00002234	0.298913212289114	0.298913212289114	0.298913212289114	0.298913212289114
ENSG00002235	0.254345541247868	0.254345541247868	0.254345541247868	0.254345541247868
ENSG00002238	0.30129783893139	0.30129783893139	0.30129783893139	0.30129783893139
ENSG00002239	0.421337084586619	0.421337084586619	0.421337084586619	0.421337084586619
ENSG00002240	0.27306458256123	0.27306458256123	0.27306458256123	0.27306458256123
ENSG00002242	0.328528112152915	0.328528112152915	0.328528112152915	0.328528112152915
ENSG00002243	0.84124044587995	0.84124044587995	0.84124044587995	0.84124044587995
ENSG00002244	0.249435048153787	0.249435048153787	0.249435048153787	0.249435048153787
ENSG00002248	0.32163215536651	0.32163215536651	0.32163215536651	0.32163215536651
ENSG00002251	0.24598174767509	0.24598174767509	0.24598174767509	0.24598174767509
ENSG00002254	0.298274565808494	0.298274565808494	0.298274565808494	0.298274565808494
ENSG00002255	0.239049243662605	0.239049243662605	0.239049243662605	0.239049243662605
ENSG00002259	0.281457884495816	0.281457884495816	0.281457884495816	0.281457884495816
ENSG00002260	0.248435004951525	0.248435004951525	0.248435004951525	0.248435004951525
ENSG00002262	0.289820907757249	0.289820907757249	0.289820907757249	0.289820907757249
ENSG00002263	0.256559752887697	0.256559752887697	0.256559752887697	0.256559752887697
ENSG00002264	0.300797303389266	0.300797303389266	0.300797303389266	0.300797303389266
ENSG00002265	0.418125613459329	0.418125613459329	0.418125613459329	0.418125613459329
ENSG00002270	0.274255756226517	0.274255756226517	0.274255756226517	0.274255756226517
ENSG00002272	0.403327206981159	0.403327206981159	0.403327206981159	0.403327206981159
ENSG00002274	0.280266365336003	0.280266365336003	0.280266365336003	0.280266365336003
ENSG00002278	0.252474690343693	0.252474690343693	0.252474690343693	0.252474690343693
ENSG00002279	0.255811541914529	0.255811541914529	0.255811541914529	0.255811541914529
ENSG00002281	0.266080952058463	0.266080952058463	0.266080952058463	0.266080952058463
ENSG00002282	0.268857478516207	0.268857478516207	0.268857478516207	0.268857478516207
ENSG00002286	0.282057670701438	0.282057670701438	0.282057670701438	0.282057670701438
ENSG00002287	0.307173274501946	0.307173274501946	0.307173274501946	0.307173274501946
ENSG00002289	0.283570369451643	0.283570369451643	0.283570369451643	0.283570369451643
ENSG00002290	0.290715654903198	0.290715654903198	0.290715654903198	0.290715654903198
ENSG00002293	0.367560817431731	0.367560817431731	0.367560817431731	0.367560817431731
ENSG00002294	0.287890897796534	0.287890897796534	0.287890897796534	0.287890897796534
ENSG00002297	0.244002293971855	0.244002293971855	0.244002293971855	0.244002293971855
ENSG00002303	0.494722294861605	0.494722294861605	0.494722294861605	0.494722294861605
ENSG00002304	0.269597265214621	0.269597265214621	0.269597265214621	0.269597265214621
ENSG00002305	0.284848947449051	0.284848947449051	0.284848947449051	0.284848947449051
ENSG00002306	0.246392528284197	0.246392528284197	0.246392528284197	0.246392528284197
ENSG00002307	0.376075098398827	0.376075098398827	0.376075098398827	0.376075098398827
ENSG00002313	0.275285830012679	0.275285830012679	0.275285830012679	0.275285830012679
ENSG00002317	0.270575325331722	0.270575325331722	0.270575325331722	0.270575325331722
ENSG00002324	0.301011675388212	0.301011675388212	0.301011675388212	0.301011675388212
ENSG00002325	0.287806073125934	0.287806073125934	0.287806073125934	0.287806073125934
ENSG00002327	0.272668363153908	0.272668363153908	0.272668363153908	0.272668363153908
ENSG00002330	0.341680647282978	0.341680647282978	0.341680647282978	0.341680647282978
ENSG00002333	0.257245229076368	0.257245229076368	0.257245229076368	0.257245229076368
ENSG00002334	0.293049470545755	0.293049470545755	0.293049470545755	0.293049470545755
ENSG00002335	0.291264018599336	0.291264018599336	0.291264018599336	0.291264018599336
ENSG00002341	0.254778172787147	0.254778172787147	0.254778172787147	0.254778172787147
ENSG00002345	0.310654188451223	0.310654188451223	0.310654188451223	0.310654188451223
ENSG00002346	0.401021951139125	0.401021951139125	0.401021951139125	0.401021951139125
ENSG00002347	0.241865571000148	0.241865571000148	0.241865571000148	0.241865571000148
ENSG00002350	0.259012930155716	0.259012930155716	0.259012930155716	0.259012930155716
ENSG00002353	1.39485969299199	1.39485969299199	1.39485969299199	1.39485969299199
ENSG00002355	0.256882428865284	0.256882428865284	0.256882428865284	0.256882428865284
ENSG00002356	0.272178071307363	0.272178071307363	0.272178071307363	0.272178071307363
ENSG00002358	0.249139310613163	0.249139310613163	0.249139310613163	0.249139310613163
ENSG00002363	0.265145339707669	0.265145339707669	0.265145339707669	0.265145339707669
ENSG00002365	0.317074646199227	0.317074646199227	0.317074646199227	0.317074646199227
ENSG00002366	0.303591096778551	0.303591096778551	0.303591096778551	0.303591096778551
ENSG00002367	0.261426931919407	0.261426931919407	0.261426931919407	0.261426931919407
ENSG00002368	0.25358613789527	0.25358613789527	0.25358613789527	0.25358613789527
ENSG00002369	0.274652188754077	0.274652188754077	0.274652188754077	0.274652188754077
ENSG00002370	0.311717865270805	0.311717865270805	0.311717865270805	0.311717865270805
ENSG00002371	0.310223464525562	0.310223464525562	0.310223464525562	0.310223464525562
ENSG00002373	0.248234643692627	0.248234643692627	0.248234643692627	0.248234643692627
ENSG00002374	0.288737690276235	0.288737690276235	0.288737690276235	0.288737690276235
ENSG00002385	0.261368085579487	0.261368085579487	0.261368085579487	0.261368085579487
ENSG00002395	0.307125058584825	0.307125058584825	0.307125058584825	0.307125058584825
ENSG00002397	0.45725397331395	0.45725397331395	0.45725397331395	0.45725397331395
ENSG00002398	0.293715666429598	0.293715666429598	0.293715666429598	0.293715666429598
ENSG00002399	0.243822377930959	0.243822377930959	0.243822377930959	0.243822377930959
ENSG00002401	0.326134584506648	0.326134584506648	0.326134584506648	0.326134584506648
ENSG00002402	0.299550744116664	0.299550744116664	0.299550744116664	0.299550744116664
ENSG00002404	0.810089185855323	0.810089185855323	0.810089185855323	0.810089185855323
ENSG00002405	0.343959310667458	0.343959310667458	0.343959310667458	0.343959310667458
ENSG00002406	0.277104723339136	0.277104723339136	0.277104723339136	0.277104723339136
ENSG00002407	0.275780905667834	0.275780905667834	0.275780905667834	0.275780905667834
ENSG00002410	0.284494900552864	0.284494900552864	0.284494900552864	0.284494900552864
ENSG00002411	0.63630072287611	0.63630072287611	0.63630072287611	0.63630072287611
ENSG00002412	0.294933196006071	0.294933196006071	0.294933196006071	0.294933196006071
ENSG00002419	0.263324472892651	0.263324472892651	0.263324472892651	0.263324472892651
ENSG00002421	0.27745850142486	0.27745850142486	0.27745850142486	0.27745850142486
ENSG00002422	0.250920881302721	0.250920881302721	0.250920881302721	0.250920881302721
ENSG00002424	0.303179269779638	0.303179269779638	0.303179269779638	0.303179269779638
ENSG00002428	0.257335670336438	0.257335670336438	0.257335670336438	0.257335670336438
ENSG00002430	0.286967471233055	0.286967471233055	0.286967471233055	0.286967471233055
ENSG00002434	0.278702585663241	0.278702585663241	0.278702585663241	0.278702585663241
ENSG00002436	0.251357970264953	0.251357970264953	0.251357970264953	0.251357970264953
ENSG00002438	0.278154124069361	0.278154124069361	0.278154124069361	0.278154124069361
ENSG00002443	0.338475200970598	0.338475200970598	0.338475200970598	0.338475200970598
ENSG00002446	0.26333328797682	0.26333328797682	0.26333328797682	0.26333328797682
ENSG00002450	0.27382399501859	0.27382399501859	0.27382399501859	0.27382399501859
ENSG00002451	0.265464874308101	0.265464874308101	0.265464874308101	0.265464874308101
ENSG00002453	0.258426228784899	0.258426228784899	0.258426228784899	0.258426228784899
ENSG00002455	0.479189101920955	0.479189101920955	0.479189101920955	0.479189101920955
ENSG00002457	0.314314869516371	0.314314869516371	0.314314869516371	0.314314869516371
ENSG00002458	0.268730803892772	0.268730803892772	0.268730803892772	0.268730803892772
ENSG00002464	0.265091014097583	0.265091014097583	0.265091014097583	0.265091014097583
ENSG00002471	0.438489451977082	0.438489451977082	0.438489451977082	0.438489451977082
ENSG00002475	0.261813159239954	0.261813159239954	0.261813159239954	0.261813159239954
ENSG00002477	0.246364727628541	0.246364727628541	0.246364727628541	0.246364727628541
ENSG00002479	0.27906044316518	0.27906044316518	0.27906044316518	0.27906044316518
ENSG00002480	0.320669498410244	0.320669498410244	0.320669498410244	0.320669498410244
ENSG00002484	0.297562273966349	0.297562273966349	0.297562273966349	0.297562273966349
ENSG00002485	0.284129279288338	0.284129279288338	0.284129279288338	0.284129279288338
ENSG00002487	0.365641926290506	0.365641926290506	0.365641926290506	0.365641926290506
ENSG00002488	0.313753454043146	0.313753454043146	0.313753454043146	0.313753454043146
ENSG00002491	0.281313149898703	0.281313149898703	0.281313149898703	0.281313149898703
ENSG00002497	0.352877061289533	0.352877061289533	0.352877061289533	0.352877061289533
ENSG00002498	0.31853719556228	0.31853719556228	0.31853719556228	0.31853719556228
ENSG00002503	0.254250458864255	0.254250458864255	0.254250458864255	0.254250458864255
ENSG00002505	0.271480334847279	0.271480334847279	0.271480334847279	0.271480334847279
ENSG00002507	0.295959696104968	0.295959696104968	0.295959696104968	0.295959696104968
ENSG00002512	0.262659711495589	0.262659711495589	0.262659711495589	0.262659711495589
ENSG00002513	0.286353433099233	0.286353433099233	0.286353433099233	0.286353433099233
ENSG00002514	0.257124336663216	0.257124336663216	0.257124336663216	0.257124336663216
ENSG00002515	0.234815253253445	0.234815253253445	0.234815253253445	0.234815253253445
ENSG00002516	0.283344395694619	0.283344395694619	0.283344395694619	0.283344395694619
ENSG00002517	0.289856155965513	0.289856155965513	0.289856155965513	0.289856155965513
ENSG00002518	0.275141512246115	0.275141512246115	0.275141512246115	0.275141512246115
ENSG00002519	0.268900936593501	0.268900936593501	0.268900936593501	0.268900936593501
ENSG00002520	0.307510277922325	0.307510277922325	0.307510277922325	0.307510277922325
ENSG00002525	0.452221461968602	0.452221461968602	0.452221461968602	0.452221461968602
ENSG00002526	0.261240036203004	0.261240036203004	0.261240036203004	0.261240036203004
ENSG00002527	0.263246030401604	0.263246030401604	0.263246030401604	0.263246030401604
ENSG00002528	0.269825877152045	0.269825877152045	0.269825877152045	0.269825877152045
ENSG00002531	0.283462460855592	0.283462460855592	0.283462460855592	0.283462460855592
ENSG00002534	0.428272605639436	0.428272605639436	0.428272605639436	0.428272605639436
ENSG00002536	0.264739874300896	0.264739874300896	0.264739874300896	0.264739874300896
ENSG00002548	0.28408513831178	0.28408513831178	0.28408513831178	0.28408513831178
ENSG00002550	0.266147887119899	0.266147887119899	0.266147887119899	0.266147887119899
ENSG00002552	0.28093078908446	0.28093078908446	0.28093078908446	0.28093078908446
ENSG00002557	0.272878482400267	0.272878482400267	0.272878482400267	0.272878482400267
ENSG00002561	0.282519913228116	0.282519913228116	0.282519913228116	0.282519913228116
ENSG00002564	0.271047890952902	0.271047890952902	0.271047890952902	0.271047890952902
ENSG00002568	0.247693654023684	0.247693654023684	0.247693654023684	0.247693654023684
ENSG00002573	0.312040522290023	0.312040522290023	0.312040522290023	0.312040522290023
ENSG00002574	0.254169954785367	0.254169954785367	0.254169954785367	0.254169954785367
ENSG00002576	0.249693173534653	0.249693173534653	0.249693173534653	0.249693173534653
ENSG00002580	0.265502908745619	0.265502908745619	0.265502908745619	0.265502908745619
ENSG00002582	0.2331270435605	0.2331270435605	0.2331270435605	0.2331270435605
ENSG00002583	0.307631343428192	0.307631343428192	0.307631343428192	0.307631343428192
ENSG00002584	0.246899808153413	0.246899808153413	0.246899808153413	0.246899808153413
ENSG00002588	0.351271781510099	0.351271781510099	0.351271781510099	0.351271781510099
ENSG00002591	0.255471381783722	0.255471381783722	0.255471381783722	0.255471381783722
ENSG00002597	0.422519989178306	0.422519989178306	0.422519989178306	0.422519989178306
ENSG00002598	0.274910140679962	0.274910140679962	0.274910140679962	0.274910140679962
ENSG00002599	0.260070625559114	0.260070625559114	0.260070625559114	0.260070625559114
ENSG00002601	0.254328053206593	0.254328053206593	0.254328053206593	0.254328053206593
ENSG00002610	0.25223332171742	0.25223332171742	0.25223332171742	0.25223332171742
ENSG00002611	0.358457221612754	0.358457221612754	0.358457221612754	0.358457221612754
ENSG00002612	0.267187605801429	0.267187605801429	0.267187605801429	0.267187605801429
ENSG00002615	0.258109959254304	0.258109959254304	0.258109959254304	0.258109959254304
ENSG00002616	0.320592770816497	0.320592770816497	0.320592770816497	0.320592770816497
ENSG00002618	0.283940446550724	0.283940446550724	0.283940446550724	0.283940446550724
ENSG00002619	0.261465472374541	0.261465472374541	0.261465472374541	0.261465472374541
ENSG00002621	0.263129698040441	0.263129698040441	0.263129698040441	0.263129698040441
ENSG00002623	0.275190912599782	0.275190912599782	0.275190912599782	0.275190912599782
ENSG00002624	0.333671046356488	0.333671046356488	0.333671046356488	0.333671046356488
ENSG00002627	0.985124675754307	0.985124675754307	0.985124675754307	0.985124675754307
ENSG00002628	0.687496666250972	0.687496666250972	0.687496666250972	0.687496666250972
ENSG00002634	0.283089440647401	0.283089440647401	0.283089440647401	0.283089440647401
ENSG00002640	0.302092666058287	0.302092666058287	0.302092666058287	0.302092666058287
ENSG00002644	0.248050278638943	0.248050278638943	0.248050278638943	0.248050278638943
ENSG00002645	0.251771180659674	0.251771180659674	0.251771180659674	0.251771180659674
ENSG00002648	0.266370089725284	0.266370089725284	0.266370089725284	0.266370089725284
ENSG00002649	0.283507117305942	0.283507117305942	0.283507117305942	0.283507117305942
ENSG00002653	0.274037932299288	0.274037932299288	0.274037932299288	0.274037932299288
ENSG00002657	0.261881747812297	0.261881747812297	0.261881747812297	0.261881747812297
ENSG00002661	0.276183783277175	0.276183783277175	0.276183783277175	0.276183783277175
ENSG00002663	0.28122669097977	0.28122669097977	0.28122669097977	0.28122669097977
ENSG00002666	0.271973327639157	0.271973327639157	0.271973327639157	0.271973327639157
ENSG00002670	0.255896999326442	0.255896999326442	0.255896999326442	0.255896999326442
ENSG00002673	0.259655909828283	0.259655909828283	0.259655909828283	0.259655909828283
ENSG00002678	0.269387098436761	0.269387098436761	0.269387098436761	0.269387098436761
ENSG00002679	0.298179387240457	0.298179387240457	0.298179387240457	0.298179387240457
ENSG00002680	0.240714565547623	0.240714565547623	0.240714565547623	0.240714565547623
ENSG00002688	0.268534442941499	0.268534442941499	0.268534442941499	0.268534442941499
ENSG00002695	0.230910656919112	0.230910656919112	0.230910656919112	0.230910656919112
ENSG00002698	0.249402109666859	0.249402109666859	0.249402109666859	0.249402109666859
ENSG00002700	0.265328182920053	0.265328182920053	0.265328182920053	0.265328182920053
ENSG00002712	0.270592139028808	0.270592139028808	0.270592139028808	0.270592139028808
ENSG00002719	0.281135273029521	0.281135273029521	0.281135273029521	0.281135273029521
ENSG00002724	0.281856107781287	0.281856107781287	0.281856107781287	0.281856107781287
ENSG00002725	0.299508611408742	0.299508611408742	0.299508611408742	0.299508611408742
ENSG00002726	0.254045477885164	0.254045477885164	0.254045477885164	0.254045477885164
ENSG00002727	0.27505726671604	0.27505726671604	0.27505726671604	0.27505726671604
ENSG00002730	0.274896628398966	0.274896628398966	0.274896628398966	0.274896628398966
ENSG00002732	0.37126853384189	0.37126853384189	0.37126853384189	0.37126853384189
ENSG00002734	0.250010575491632	0.250010575491632	0.250010575491632	0.250010575491632
ENSG00002736	0.24713706979257	0.24713706979257	0.24713706979257	0.24713706979257
ENSG00002737	0.255488381094816	0.255488381094816	0.255488381094816	0.255488381094816
ENSG00002743	0.28996910894086	0.28996910894086	0.28996910894086	0.28996910894086
ENSG00002745	0.259999440205018	0.259999440205018	0.259999440205018	0.259999440205018
ENSG00002749	0.293557928859515	0.293557928859515	0.293557928859515	0.293557928859515
ENSG00002751	0.364293313339749	0.364293313339749	0.364293313339749	0.364293313339749
ENSG00002752	0.263572506533215	0.263572506533215	0.263572506533215	0.263572506533215
ENSG00002754	0.27511016142128	0.27511016142128	0.27511016142128	0.27511016142128
ENSG00002759	0.268917899703907	0.268917899703907	0.268917899703907	0.268917899703907
ENSG00002761	0.295078291194293	0.295078291194293	0.295078291194293	0.295078291194293
ENSG00002763	0.240239881774831	0.240239881774831	0.240239881774831	0.240239881774831
ENSG00002765	0.276106818609701	0.276106818609701	0.276106818609701	0.276106818609701
ENSG00002766	0.298070256600303	0.298070256600303	0.298070256600303	0.298070256600303
ENSG00002770	0.261248506136243	0.261248506136243	0.261248506136243	0.261248506136243
ENSG00002774	0.271472563404365	0.271472563404365	0.271472563404365	0.271472563404365
ENSG00002776	0.273210575921427	0.273210575921427	0.273210575921427	0.273210575921427
ENSG00002783	0.310081918290886	0.310081918290886	0.310081918290886	0.310081918290886
ENSG00002786	0.268073427281463	0.268073427281463	0.268073427281463	0.268073427281463
ENSG00002788	0.300558162149407	0.300558162149407	0.300558162149407	0.300558162149407
ENSG00002789	0.401381339234861	0.401381339234861	0.401381339234861	0.401381339234861
ENSG00002791	0.433210920634486	0.433210920634486	0.433210920634486	0.433210920634486
ENSG00002792	0.2733979623181	0.2733979623181	0.2733979623181	0.2733979623181
ENSG00002794	0.301317120459718	0.301317120459718	0.301317120459718	0.301317120459718
ENSG00002795	0.477842719045603	0.477842719045603	0.477842719045603	0.477842719045603
ENSG00002797	0.300782414733432	0.300782414733432	0.300782414733432	0.300782414733432
ENSG00002802	0.269672349360301	0.269672349360301	0.269672349360301	0.269672349360301
ENSG00002803	0.301573474054511	0.301573474054511	0.301573474054511	0.301573474054511
ENSG00002805	0.282917531117558	0.282917531117558	0.282917531117558	0.282917531117558
ENSG00002806	0.682172320530566	0.682172320530566	0.682172320530566	0.682172320530566
ENSG00002808	0.287894008976483	0.287894008976483	0.287894008976483	0.287894008976483
ENSG00002809	0.249601318205914	0.249601318205914	0.249601318205914	0.249601318205914
ENSG00002814	0.26852342441156	0.26852342441156	0.26852342441156	0.26852342441156
ENSG00002819	0.256219216360002	0.256219216360002	0.256219216360002	0.256219216360002
ENSG00002821	0.28224186318341	0.28224186318341	0.28224186318341	0.28224186318341
ENSG00002822	0.27714097644119	0.27714097644119	0.27714097644119	0.27714097644119
ENSG00002823	0.285526356414483	0.285526356414483	0.285526356414483	0.285526356414483
ENSG00002825	0.25864238059457	0.25864238059457	0.25864238059457	0.25864238059457
ENSG00002830	0.273762248663352	0.273762248663352	0.273762248663352	0.273762248663352
ENSG00002831	0.31012024875667	0.31012024875667	0.31012024875667	0.31012024875667
ENSG00002834	0.256526586711055	0.256526586711055	0.256526586711055	0.256526586711055
ENSG00002835	0.28773633930878	0.28773633930878	0.28773633930878	0.28773633930878
ENSG00002839	0.276787038732785	0.276787038732785	0.276787038732785	0.276787038732785
ENSG00002840	0.275640898161646	0.275640898161646	0.275640898161646	0.275640898161646
ENSG00002842	0.272036303460395	0.272036303460395	0.272036303460395	0.272036303460395
ENSG00002845	0.279485017706809	0.279485017706809	0.279485017706809	0.279485017706809
ENSG00002847	0.28947177040809	0.28947177040809	0.28947177040809	0.28947177040809
ENSG00002848	0.26917329926089	0.26917329926089	0.26917329926089	0.26917329926089
ENSG00002849	0.267270705407103	0.267270705407103	0.267270705407103	0.267270705407103
ENSG00002850	0.268020390489868	0.268020390489868	0.268020390489868	0.268020390489868
ENSG00002854	0.256356615514401	0.256356615514401	0.256356615514401	0.256356615514401
ENSG00002855	0.289751422287258	0.289751422287258	0.289751422287258	0.289751422287258
ENSG00002858	0.300789570714493	0.300789570714493	0.300789570714493	0.300789570714493
ENSG00002869	0.292716256618049	0.292716256618049	0.292716256618049	0.292716256618049
ENSG00002870	0.273413148008517	0.273413148008517	0.273413148008517	0.273413148008517
ENSG00002872	0.329244565605596	0.329244565605596	0.329244565605596	0.329244565605596
ENSG00002877	0.262065321016821	0.262065321016821	0.262065321016821	0.262065321016821
ENSG00002879	0.26896570561785	0.26896570561785	0.26896570561785	0.26896570561785
ENSG00002880	0.278385445036165	0.278385445036165	0.278385445036165	0.278385445036165
ENSG00002882	0.277779811518407	0.277779811518407	0.277779811518407	0.277779811518407
ENSG00002884	0.304992928641349	0.304992928641349	0.304992928641349	0.304992928641349
ENSG00002885	0.256792509935697	0.256792509935697	0.256792509935697	0.256792509935697
ENSG00002887	0.305430464967497	0.305430464967497	0.305430464967497	0.305430464967497
ENSG00002891	0.253922726874869	0.253922726874869	0.253922726874869	0.253922726874869
ENSG00002893	0.277839089162993	0.277839089162993	0.277839089162993	0.277839089162993
ENSG00002897	0.291612255048885	0.291612255048885	0.291612255048885	0.291612255048885
ENSG00002899	0.273286133133655	0.273286133133655	0.273286133133655	0.273286133133655
ENSG00002902	0.248488620989502	0.248488620989502	0.248488620989502	0.248488620989502
ENSG00002906	0.448438403494687	0.448438403494687	0.448438403494687	0.448438403494687
ENSG00002910	0.405047270940967	0.405047270940967	0.405047270940967	0.405047270940967
ENSG00002911	0.289198186436037	0.289198186436037	0.289198186436037	0.289198186436037
ENSG00002916	0.251887064666938	0.251887064666938	0.251887064666938	0.251887064666938
ENSG00002919	0.260209865178842	0.260209865178842	0.260209865178842	0.260209865178842
ENSG00002921	0.263799281377979	0.263799281377979	0.263799281377979	0.263799281377979
ENSG00002923	0.239065409691633	0.239065409691633	0.239065409691633	0.239065409691633
ENSG00002924	0.256357643347901	0.256357643347901	0.256357643347901	0.256357643347901
ENSG00002925	0.281694511239209	0.281694511239209	0.281694511239209	0.281694511239209
ENSG00002926	0.304512359275697	0.304512359275697	0.304512359275697	0.304512359275697
ENSG00002929	0.249102110291797	0.249102110291797	0.249102110291797	0.249102110291797
ENSG00002931	0.254539004149875	0.254539004149875	0.254539004149875	0.254539004149875
ENSG00002935	0.271828373888302	0.271828373888302	0.271828373888302	0.271828373888302
ENSG00002940	0.28532992769147	0.28532992769147	0.28532992769147	0.28532992769147
ENSG00002943	0.246043382927351	0.246043382927351	0.246043382927351	0.246043382927351
ENSG00002950	0.30768168122271	0.30768168122271	0.30768168122271	0.30768168122271
ENSG00002951	0.299124281748459	0.299124281748459	0.299124281748459	0.299124281748459
ENSG00002952	0.24778505210965	0.24778505210965	0.24778505210965	0.24778505210965
ENSG00002956	0.345546507476872	0.345546507476872	0.345546507476872	0.345546507476872
ENSG00002960	0.288837821980674	0.288837821980674	0.288837821980674	0.288837821980674
ENSG00002963	0.266159138365413	0.266159138365413	0.266159138365413	0.266159138365413
ENSG00002964	0.275140015552929	0.275140015552929	0.275140015552929	0.275140015552929
ENSG00002967	0.255444507474421	0.255444507474421	0.255444507474421	0.255444507474421
ENSG00002974	0.262652228221581	0.262652228221581	0.262652228221581	0.262652228221581
ENSG00002981	1.14265558767579	1.14265558767579	1.14265558767579	1.14265558767579
ENSG00002983	0.270126644641922	0.270126644641922	0.270126644641922	0.270126644641922
ENSG00002985	0.269167078639995	0.269167078639995	0.269167078639995	0.269167078639995
ENSG00002994	0.278624825141383	0.278624825141383	0.278624825141383	0.278624825141383
ENSG00002996	0.396873321979301	0.396873321979301	0.396873321979301	0.396873321979301
ENSG00002998	0.240622467468021	0.240622467468021	0.240622467468021	0.240622467468021
ENSG00003000	0.269979450481239	0.269979450481239	0.269979450481239	0.269979450481239
ENSG00003002	0.257544232885699	0.257544232885699	0.257544232885699	0.257544232885699
ENSG00003003	0.307246839608089	0.307246839608089	0.307246839608089	0.307246839608089
ENSG00003005	0.321456627199943	0.321456627199943	0.321456627199943	0.321456627199943
ENSG00003006	0.243110395955355	0.243110395955355	0.243110395955355	0.243110395955355
ENSG00003008	0.261302639929044	0.261302639929044	0.261302639929044	0.261302639929044
ENSG00003009	0.25128766076813	0.25128766076813	0.25128766076813	0.25128766076813
ENSG00003011	0.24916542174863	0.24916542174863	0.24916542174863	0.24916542174863
ENSG00003015	0.278616038684191	0.278616038684191	0.278616038684191	0.278616038684191
ENSG00003016	0.296318371088699	0.296318371088699	0.296318371088699	0.296318371088699
ENSG00003017	0.271930396549104	0.271930396549104	0.271930396549104	0.271930396549104
ENSG00003019	0.306056193563271	0.306056193563271	0.306056193563271	0.306056193563271
ENSG00003027	0.424273996752441	0.424273996752441	0.424273996752441	0.424273996752441
ENSG00003031	0.276552997360608	0.276552997360608	0.276552997360608	0.276552997360608
ENSG00003036	0.284836709905941	0.284836709905941	0.284836709905941	0.284836709905941
ENSG00003037	0.284124268753271	0.284124268753271	0.284124268753271	0.284124268753271
ENSG00003039	0.260965731392777	0.260965731392777	0.260965731392777	0.260965731392777
ENSG00003040	0.25921629824341	0.25921629824341	0.25921629824341	0.25921629824341
ENSG00003042	0.286901011895376	0.286901011895376	0.286901011895376	0.286901011895376
ENSG00003043	0.258804394027691	0.258804394027691	0.258804394027691	0.258804394027691
ENSG00003048	0.279554401640542	0.279554401640542	0.279554401640542	0.279554401640542
ENSG00003049	0.262530655721	0.262530655721	0.262530655721	0.262530655721
ENSG00003050	0.255037667959583	0.255037667959583	0.255037667959583	0.255037667959583
ENSG00003051	0.29206180922088	0.29206180922088	0.29206180922088	0.29206180922088
ENSG00003052	0.354998599497411	0.354998599497411	0.354998599497411	0.354998599497411
ENSG00003053	0.263947012764942	0.263947012764942	0.263947012764942	0.263947012764942
ENSG00003057	0.295192705386027	0.295192705386027	0.295192705386027	0.295192705386027
ENSG00003058	0.276160103546703	0.276160103546703	0.276160103546703	0.276160103546703
ENSG00003059	0.271580795961102	0.271580795961102	0.271580795961102	0.271580795961102
ENSG00003062	0.279777248793897	0.279777248793897	0.279777248793897	0.279777248793897
ENSG00003065	0.26712269726898	0.26712269726898	0.26712269726898	0.26712269726898
ENSG00003067	0.271370497198293	0.271370497198293	0.271370497198293	0.271370497198293
ENSG00003069	0.356827746897395	0.356827746897395	0.356827746897395	0.356827746897395
ENSG00003071	0.249969701521006	0.249969701521006	0.249969701521006	0.249969701521006
ENSG00003073	0.276575895830675	0.276575895830675	0.276575895830675	0.276575895830675
ENSG00003074	0.476079136982418	0.476079136982418	0.476079136982418	0.476079136982418
ENSG00003075	0.335615768253764	0.335615768253764	0.335615768253764	0.335615768253764
ENSG00003076	0.263846754088458	0.263846754088458	0.263846754088458	0.263846754088458
ENSG00003077	0.304724947597619	0.304724947597619	0.304724947597619	0.304724947597619
ENSG00003078	0.270759753839885	0.270759753839885	0.270759753839885	0.270759753839885
ENSG00003081	0.289873215638525	0.289873215638525	0.289873215638525	0.289873215638525
ENSG00003082	0.282395706026736	0.282395706026736	0.282395706026736	0.282395706026736
ENSG00003096	0.250755001885994	0.250755001885994	0.250755001885994	0.250755001885994
ENSG00003098	0.300583610586654	0.300583610586654	0.300583610586654	0.300583610586654
ENSG00003100	0.355081354439682	0.355081354439682	0.355081354439682	0.355081354439682
ENSG00003103	0.314762737639281	0.314762737639281	0.314762737639281	0.314762737639281
ENSG00003104	0.510487309975741	0.510487309975741	0.510487309975741	0.510487309975741
ENSG00003105	0.290750704225292	0.290750704225292	0.290750704225292	0.290750704225292
ENSG00003108	0.251732909927091	0.251732909927091	0.251732909927091	0.251732909927091
ENSG00003113	0.272132271465669	0.272132271465669	0.272132271465669	0.272132271465669
ENSG00003114	0.293989650249958	0.293989650249958	0.293989650249958	0.293989650249958
ENSG00003116	0.289330639480935	0.289330639480935	0.289330639480935	0.289330639480935
ENSG00003118	0.271962377459754	0.271962377459754	0.271962377459754	0.271962377459754
ENSG00003119	0.28879114254803	0.28879114254803	0.28879114254803	0.28879114254803
ENSG00003122	1.1613538509515	1.1613538509515	1.1613538509515	1.1613538509515
ENSG00003125	0.256421354491356	0.256421354491356	0.256421354491356	0.256421354491356
ENSG00003126	0.302083750129222	0.302083750129222	0.302083750129222	0.302083750129222
ENSG00003128	0.309384622235671	0.309384622235671	0.309384622235671	0.309384622235671
ENSG00003132	0.298586589533648	0.298586589533648	0.298586589533648	0.298586589533648
ENSG00003134	0.293338940270366	0.293338940270366	0.293338940270366	0.293338940270366
ENSG00003138	0.348397606610018	0.348397606610018	0.348397606610018	0.348397606610018
ENSG00003140	0.266711650628407	0.266711650628407	0.266711650628407	0.266711650628407
ENSG00003144	0.433866488121793	0.433866488121793	0.433866488121793	0.433866488121793
ENSG00003151	0.268029959000111	0.268029959000111	0.268029959000111	0.268029959000111
ENSG00003154	1.1712645988119	1.1712645988119	1.1712645988119	1.1712645988119
ENSG00003159	0.270525441105137	0.270525441105137	0.270525441105137	0.270525441105137
ENSG00003163	0.243135665172297	0.243135665172297	0.243135665172297	0.243135665172297
ENSG00003165	0.260262061831886	0.260262061831886	0.260262061831886	0.260262061831886
ENSG00003166	0.309977295477277	0.309977295477277	0.309977295477277	0.309977295477277
ENSG00003167	0.36119481162692	0.36119481162692	0.36119481162692	0.36119481162692
ENSG00003169	0.476570947205454	0.476570947205454	0.476570947205454	0.476570947205454
ENSG00003170	0.262535757203641	0.262535757203641	0.262535757203641	0.262535757203641
ENSG00003171	0.29299198853905	0.29299198853905	0.29299198853905	0.29299198853905
ENSG00003175	0.264850666632527	0.264850666632527	0.264850666632527	0.264850666632527
ENSG00003181	0.245988764045985	0.245988764045985	0.245988764045985	0.245988764045985
ENSG00003186	0.288929799057072	0.288929799057072	0.288929799057072	0.288929799057072
ENSG00003188	0.300417232764993	0.300417232764993	0.300417232764993	0.300417232764993
ENSG00003189	0.276247239955465	0.276247239955465	0.276247239955465	0.276247239955465
ENSG00003191	0.315014919327615	0.315014919327615	0.315014919327615	0.315014919327615
ENSG00003194	0.259232777320193	0.259232777320193	0.259232777320193	0.259232777320193
ENSG00003199	0.261446406174592	0.261446406174592	0.261446406174592	0.261446406174592
ENSG00003201	0.369185066289507	0.369185066289507	0.369185066289507	0.369185066289507
ENSG00003202	0.248386197785548	0.248386197785548	0.248386197785548	0.248386197785548
ENSG00003205	0.264460965877856	0.264460965877856	0.264460965877856	0.264460965877856
ENSG00003206	0.28251688395085	0.28251688395085	0.28251688395085	0.28251688395085
ENSG00003209	0.253433271014238	0.253433271014238	0.253433271014238	0.253433271014238
ENSG00003211	0.277083084736338	0.277083084736338	0.277083084736338	0.277083084736338
ENSG00003217	0.27534753347839	0.27534753347839	0.27534753347839	0.27534753347839
ENSG00003225	0.315539250183517	0.315539250183517	0.315539250183517	0.315539250183517
ENSG00003227	0.449572445311929	0.449572445311929	0.449572445311929	0.449572445311929
ENSG00003229	0.277842792212855	0.277842792212855	0.277842792212855	0.277842792212855
ENSG00003232	0.29556217104308	0.29556217104308	0.29556217104308	0.29556217104308
ENSG00003236	0.266016374702716	0.266016374702716	0.266016374702716	0.266016374702716
ENSG00003238	0.508097418124504	0.508097418124504	0.508097418124504	0.508097418124504
ENSG00003239	0.273223906796232	0.273223906796232	0.273223906796232	0.273223906796232
ENSG00003240	0.276775630626724	0.276775630626724	0.276775630626724	0.276775630626724
ENSG00003241	0.276080317956441	0.276080317956441	0.276080317956441	0.276080317956441
ENSG00003243	0.243121967189044	0.243121967189044	0.243121967189044	0.243121967189044
ENSG00003245	0.23338096045663	0.23338096045663	0.23338096045663	0.23338096045663
ENSG00003250	0.246559699168952	0.246559699168952	0.246559699168952	0.246559699168952
ENSG00003257	0.262597769683992	0.262597769683992	0.262597769683992	0.262597769683992
ENSG00003258	0.355968037844203	0.355968037844203	0.355968037844203	0.355968037844203
ENSG00003263	0.260534272188572	0.260534272188572	0.260534272188572	0.260534272188572
ENSG00003268	0.312205557036965	0.312205557036965	0.312205557036965	0.312205557036965
ENSG00003269	0.336049513809308	0.336049513809308	0.336049513809308	0.336049513809308
ENSG00003271	0.271742708687257	0.271742708687257	0.271742708687257	0.271742708687257
ENSG00003274	0.306546385502592	0.306546385502592	0.306546385502592	0.306546385502592
ENSG00003279	0.245890122225824	0.245890122225824	0.245890122225824	0.245890122225824
ENSG00003280	0.238073538422399	0.238073538422399	0.238073538422399	0.238073538422399
ENSG00003285	0.247015960876582	0.247015960876582	0.247015960876582	0.247015960876582
ENSG00003288	0.354731367883027	0.354731367883027	0.354731367883027	0.354731367883027
ENSG00003290	0.348322486987351	0.348322486987351	0.348322486987351	0.348322486987351
ENSG00003292	0.267848749572185	0.267848749572185	0.267848749572185	0.267848749572185
ENSG00003293	0.367240461355203	0.367240461355203	0.367240461355203	0.367240461355203
ENSG00003295	0.414946870915486	0.414946870915486	0.414946870915486	0.414946870915486
ENSG00003296	0.244122737833144	0.244122737833144	0.244122737833144	0.244122737833144
ENSG00003299	0.277215347913926	0.277215347913926	0.277215347913926	0.277215347913926
ENSG00003302	0.276007493485696	0.276007493485696	0.276007493485696	0.276007493485696
ENSG00003306	0.267512783257065	0.267512783257065	0.267512783257065	0.267512783257065
ENSG00003309	0.525475842458008	0.525475842458008	0.525475842458008	0.525475842458008
ENSG00003312	0.246588065044152	0.246588065044152	0.246588065044152	0.246588065044152
ENSG00003313	0.26631005412959	0.26631005412959	0.26631005412959	0.26631005412959
ENSG00003315	0.257219124270832	0.257219124270832	0.257219124270832	0.257219124270832
ENSG00003316	0.380045412055639	0.380045412055639	0.380045412055639	0.380045412055639
ENSG00003317	0.26214547623342	0.26214547623342	0.26214547623342	0.26214547623342
ENSG00003318	0.330595969059228	0.330595969059228	0.330595969059228	0.330595969059228
ENSG00003319	0.230195702197921	0.230195702197921	0.230195702197921	0.230195702197921
ENSG00003321	0.265876579233225	0.265876579233225	0.265876579233225	0.265876579233225
ENSG00003326	0.262089643554326	0.262089643554326	0.262089643554326	0.262089643554326
ENSG00003329	0.24534779481541	0.24534779481541	0.24534779481541	0.24534779481541
ENSG00003331	0.397291189421332	0.397291189421332	0.397291189421332	0.397291189421332
ENSG00003336	0.30936281734976	0.30936281734976	0.30936281734976	0.30936281734976
ENSG00003338	0.253893252232002	0.253893252232002	0.253893252232002	0.253893252232002
ENSG00003341	0.247919375645838	0.247919375645838	0.247919375645838	0.247919375645838
ENSG00003344	0.29257503578079	0.29257503578079	0.29257503578079	0.29257503578079
ENSG00003347	0.479852502845381	0.479852502845381	0.479852502845381	0.479852502845381
ENSG00003348	0.981798937303086	0.981798937303086	0.981798937303086	0.981798937303086
ENSG00003349	0.278613753377093	0.278613753377093	0.278613753377093	0.278613753377093
ENSG00003352	0.279808622448273	0.279808622448273	0.279808622448273	0.279808622448273
ENSG00003353	0.273031299042098	0.273031299042098	0.273031299042098	0.273031299042098
ENSG00003354	0.323659514351531	0.323659514351531	0.323659514351531	0.323659514351531
ENSG00003359	0.253128986293214	0.253128986293214	0.253128986293214	0.253128986293214
ENSG00003361	0.299760645392959	0.299760645392959	0.299760645392959	0.299760645392959
ENSG00003362	0.251925079454653	0.251925079454653	0.251925079454653	0.251925079454653
ENSG00003365	0.280090754609087	0.280090754609087	0.280090754609087	0.280090754609087
ENSG00003368	0.279913592057764	0.279913592057764	0.279913592057764	0.279913592057764
ENSG00003369	0.26108312802691	0.26108312802691	0.26108312802691	0.26108312802691
ENSG00003373	0.288029173458342	0.288029173458342	0.288029173458342	0.288029173458342
ENSG00003375	0.389577751208234	0.389577751208234	0.389577751208234	0.389577751208234
ENSG00003379	0.30821248899158	0.30821248899158	0.30821248899158	0.30821248899158
ENSG00003380	0.306067352948229	0.306067352948229	0.306067352948229	0.306067352948229
ENSG00003381	0.267893334892021	0.267893334892021	0.267893334892021	0.267893334892021
ENSG00003382	0.294350539265586	0.294350539265586	0.294350539265586	0.294350539265586
ENSG00003383	0.293555234567283	0.293555234567283	0.293555234567283	0.293555234567283
ENSG00003385	0.285819630292102	0.285819630292102	0.285819630292102	0.285819630292102
ENSG00003386	0.250868285858783	0.250868285858783	0.250868285858783	0.250868285858783
ENSG00003387	0.351157041291378	0.351157041291378	0.351157041291378	0.351157041291378
ENSG00003392	0.265891698736838	0.265891698736838	0.265891698736838	0.265891698736838
ENSG00003393	0.290895666376868	0.290895666376868	0.290895666376868	0.290895666376868
ENSG00003395	0.299426127091201	0.299426127091201	0.299426127091201	0.299426127091201
ENSG00003397	0.419026965458938	0.419026965458938	0.419026965458938	0.419026965458938
ENSG00003398	0.454591610474488	0.454591610474488	0.454591610474488	0.454591610474488
ENSG00003399	0.265064395401494	0.265064395401494	0.265064395401494	0.265064395401494
ENSG00003400	0.262409713633862	0.262409713633862	0.262409713633862	0.262409713633862
ENSG00003401	0.247393034223102	0.247393034223102	0.247393034223102	0.247393034223102
ENSG00003402	0.256758828859099	0.256758828859099	0.256758828859099	0.256758828859099
ENSG00003406	0.233046207410692	0.233046207410692	0.233046207410692	0.233046207410692
ENSG00003408	0.251109924075198	0.251109924075198	0.251109924075198	0.251109924075198
ENSG00003411	0.303638710729083	0.303638710729083	0.303638710729083	0.303638710729083
ENSG00003413	0.244957047528964	0.244957047528964	0.244957047528964	0.244957047528964
ENSG00003417	0.235321322260991	0.235321322260991	0.235321322260991	0.235321322260991
ENSG00003418	0.282992590139771	0.282992590139771	0.282992590139771	0.282992590139771
ENSG00003421	0.307496798740938	0.307496798740938	0.307496798740938	0.307496798740938
ENSG00003422	0.277575576866105	0.277575576866105	0.277575576866105	0.277575576866105
ENSG00003425	0.277824369150712	0.277824369150712	0.277824369150712	0.277824369150712
ENSG00003427	0.263861814282478	0.263861814282478	0.263861814282478	0.263861814282478
ENSG00003428	0.265272407463016	0.265272407463016	0.265272407463016	0.265272407463016
ENSG00003429	0.283115034868139	0.283115034868139	0.283115034868139	0.283115034868139
ENSG00003430	0.25898144707145	0.25898144707145	0.25898144707145	0.25898144707145
ENSG00003433	0.276930558870914	0.276930558870914	0.276930558870914	0.276930558870914
ENSG00003439	0.304262716275219	0.304262716275219	0.304262716275219	0.304262716275219
ENSG00003443	0.282851550083951	0.282851550083951	0.282851550083951	0.282851550083951
ENSG00003446	0.375644212861249	0.375644212861249	0.375644212861249	0.375644212861249
ENSG00003448	0.260859545196396	0.260859545196396	0.260859545196396	0.260859545196396
ENSG00003449	0.407719154338625	0.407719154338625	0.407719154338625	0.407719154338625
ENSG00003451	0.385222820104092	0.385222820104092	0.385222820104092	0.385222820104092
ENSG00003454	0.399024914304374	0.399024914304374	0.399024914304374	0.399024914304374
ENSG00003456	0.288760901732097	0.288760901732097	0.288760901732097	0.288760901732097
ENSG00003457	0.247166636491209	0.247166636491209	0.247166636491209	0.247166636491209
ENSG00003460	0.277234266127037	0.277234266127037	0.277234266127037	0.277234266127037
ENSG00003467	0.276882743611886	0.276882743611886	0.276882743611886	0.276882743611886
ENSG00003472	0.251112313914605	0.251112313914605	0.251112313914605	0.251112313914605
ENSG00003475	0.393501496911275	0.393501496911275	0.393501496911275	0.393501496911275
ENSG00003482	0.321930676230977	0.321930676230977	0.321930676230977	0.321930676230977
ENSG00003485	0.252780634431445	0.252780634431445	0.252780634431445	0.252780634431445
ENSG00003488	0.306785082689687	0.306785082689687	0.306785082689687	0.306785082689687
ENSG00003489	0.28679650760829	0.28679650760829	0.28679650760829	0.28679650760829
ENSG00003491	0.264997554653385	0.264997554653385	0.264997554653385	0.264997554653385
ENSG00003495	0.259177742134399	0.259177742134399	0.259177742134399	0.259177742134399
ENSG00003497	0.243550030128593	0.243550030128593	0.243550030128593	0.243550030128593
ENSG00003499	0.254424933247953	0.254424933247953	0.254424933247953	0.254424933247953
ENSG00003501	0.268026881077357	0.268026881077357	0.268026881077357	0.268026881077357
ENSG00003503	0.300899961700453	0.300899961700453	0.300899961700453	0.300899961700453
ENSG00003504	0.422166457869431	0.422166457869431	0.422166457869431	0.422166457869431
ENSG00003507	0.284236467428179	0.284236467428179	0.284236467428179	0.284236467428179
ENSG00003510	0.271609024379047	0.271609024379047	0.271609024379047	0.271609024379047
ENSG00003511	0.335402440141399	0.335402440141399	0.335402440141399	0.335402440141399
ENSG00003512	0.276645600082598	0.276645600082598	0.276645600082598	0.276645600082598
ENSG00003516	0.247026273671997	0.247026273671997	0.247026273671997	0.247026273671997
ENSG00003517	0.250122843144348	0.250122843144348	0.250122843144348	0.250122843144348
ENSG00003518	0.294861796031628	0.294861796031628	0.294861796031628	0.294861796031628
ENSG00003521	0.276762000888483	0.276762000888483	0.276762000888483	0.276762000888483
ENSG00003525	0.265506875547817	0.265506875547817	0.265506875547817	0.265506875547817
ENSG00003528	0.257858609618701	0.257858609618701	0.257858609618701	0.257858609618701
ENSG00003529	0.2709277839709	0.2709277839709	0.2709277839709	0.2709277839709
ENSG00003531	0.27192087504838	0.27192087504838	0.27192087504838	0.27192087504838
ENSG00003533	0.288157403958186	0.288157403958186	0.288157403958186	0.288157403958186
ENSG00003535	0.302423102098016	0.302423102098016	0.302423102098016	0.302423102098016
ENSG00003540	0.277427517721831	0.277427517721831	0.277427517721831	0.277427517721831
ENSG00003543	0.289845027007041	0.289845027007041	0.289845027007041	0.289845027007041
ENSG00003551	0.251255110387554	0.251255110387554	0.251255110387554	0.251255110387554
ENSG00003554	0.23847945820681	0.23847945820681	0.23847945820681	0.23847945820681
ENSG00003555	0.292879903800157	0.292879903800157	0.292879903800157	0.292879903800157
ENSG00003558	0.299161844273148	0.299161844273148	0.299161844273148	0.299161844273148
ENSG00003559	0.264393874043476	0.264393874043476	0.264393874043476	0.264393874043476
ENSG00003562	0.238387984703907	0.238387984703907	0.238387984703907	0.238387984703907
ENSG00003563	0.27365612373022	0.27365612373022	0.27365612373022	0.27365612373022
ENSG00003566	0.250694123223767	0.250694123223767	0.250694123223767	0.250694123223767
ENSG00003574	0.422326131573472	0.422326131573472	0.422326131573472	0.422326131573472
ENSG00003578	0.266911981330757	0.266911981330757	0.266911981330757	0.266911981330757
ENSG00003580	0.296417042361199	0.296417042361199	0.296417042361199	0.296417042361199
ENSG00003582	0.277537826154889	0.277537826154889	0.277537826154889	0.277537826154889
ENSG00003585	0.309280442337488	0.309280442337488	0.309280442337488	0.309280442337488
ENSG00003591	0.274025258359147	0.274025258359147	0.274025258359147	0.274025258359147
ENSG00003593	0.24838256652332	0.24838256652332	0.24838256652332	0.24838256652332
ENSG00003599	0.271210174026722	0.271210174026722	0.271210174026722	0.271210174026722
ENSG00003600	0.287399526295048	0.287399526295048	0.287399526295048	0.287399526295048
ENSG00003602	0.2669511195009	0.2669511195009	0.2669511195009	0.2669511195009
ENSG00003611	0.290049923501893	0.290049923501893	0.290049923501893	0.290049923501893
ENSG00003612	0.276237976095307	0.276237976095307	0.276237976095307	0.276237976095307
ENSG00003613	0.289699302266853	0.289699302266853	0.289699302266853	0.289699302266853
ENSG00003614	0.291550473979835	0.291550473979835	0.291550473979835	0.291550473979835
ENSG00003616	0.309926783716621	0.309926783716621	0.309926783716621	0.309926783716621
ENSG00003617	0.289942339435264	0.289942339435264	0.289942339435264	0.289942339435264
ENSG00003622	0.252619229071175	0.252619229071175	0.252619229071175	0.252619229071175
ENSG00003624	0.271544358114058	0.271544358114058	0.271544358114058	0.271544358114058
ENSG00003626	0.263338659265566	0.263338659265566	0.263338659265566	0.263338659265566
ENSG00003629	0.289079813608741	0.289079813608741	0.289079813608741	0.289079813608741
ENSG00003635	0.264775137449642	0.264775137449642	0.264775137449642	0.264775137449642
ENSG00003637	0.241443124792928	0.241443124792928	0.241443124792928	0.241443124792928
ENSG00003640	0.374589925189664	0.374589925189664	0.374589925189664	0.374589925189664
ENSG00003643	0.259860135773231	0.259860135773231	0.259860135773231	0.259860135773231
ENSG00003645	0.285777303345128	0.285777303345128	0.285777303345128	0.285777303345128
ENSG00003648	0.28250993127337	0.28250993127337	0.28250993127337	0.28250993127337
ENSG00003650	0.355787546623616	0.355787546623616	0.355787546623616	0.355787546623616
ENSG00003657	0.258305297533521	0.258305297533521	0.258305297533521	0.258305297533521
ENSG00003658	0.324094829722361	0.324094829722361	0.324094829722361	0.324094829722361
ENSG00003662	0.258946075271159	0.258946075271159	0.258946075271159	0.258946075271159
ENSG00003665	0.267159451396336	0.267159451396336	0.267159451396336	0.267159451396336
ENSG00003668	0.269610495753425	0.269610495753425	0.269610495753425	0.269610495753425
ENSG00003671	0.260815327038175	0.260815327038175	0.260815327038175	0.260815327038175
ENSG00003673	0.282996898094803	0.282996898094803	0.282996898094803	0.282996898094803
ENSG00003676	0.266991340645811	0.266991340645811	0.266991340645811	0.266991340645811
ENSG00003677	0.232873116853114	0.232873116853114	0.232873116853114	0.232873116853114
ENSG00003686	0.281069824531053	0.281069824531053	0.281069824531053	0.281069824531053
ENSG00003687	0.325712942173142	0.325712942173142	0.325712942173142	0.325712942173142
ENSG00003689	0.275884348512974	0.275884348512974	0.275884348512974	0.275884348512974
ENSG00003692	0.748644128490388	0.748644128490388	0.748644128490388	0.748644128490388
ENSG00003693	0.253021428287824	0.253021428287824	0.253021428287824	0.253021428287824
ENSG00003695	0.246765794322044	0.246765794322044	0.246765794322044	0.246765794322044
ENSG00003696	0.290956734436437	0.290956734436437	0.290956734436437	0.290956734436437
ENSG00003698	0.324898718313331	0.324898718313331	0.324898718313331	0.324898718313331
ENSG00003701	0.255905541439898	0.255905541439898	0.255905541439898	0.255905541439898
ENSG00003703	0.295144477014558	0.295144477014558	0.295144477014558	0.295144477014558
ENSG00003707	0.270270281286396	0.270270281286396	0.270270281286396	0.270270281286396
ENSG00003708	0.291167614788535	0.291167614788535	0.291167614788535	0.291167614788535
ENSG00003712	0.249973493995466	0.249973493995466	0.249973493995466	0.249973493995466
ENSG00003713	0.405961260893118	0.405961260893118	0.405961260893118	0.405961260893118
ENSG00003716	0.277260842128513	0.277260842128513	0.277260842128513	0.277260842128513
ENSG00003717	0.31290002003387	0.31290002003387	0.31290002003387	0.31290002003387
ENSG00003718	0.261914668266775	0.261914668266775	0.261914668266775	0.261914668266775
ENSG00003719	0.361001309123629	0.361001309123629	0.361001309123629	0.361001309123629
ENSG00003725	0.257432356492439	0.257432356492439	0.257432356492439	0.257432356492439
ENSG00003726	0.257667999395689	0.257667999395689	0.257667999395689	0.257667999395689
ENSG00003730	0.300097048836408	0.300097048836408	0.300097048836408	0.300097048836408
ENSG00003732	0.275377047817854	0.275377047817854	0.275377047817854	0.275377047817854
ENSG00003738	0.273309553628695	0.273309553628695	0.273309553628695	0.273309553628695
ENSG00003739	0.288813827897871	0.288813827897871	0.288813827897871	0.288813827897871
ENSG00003740	0.277066982496152	0.277066982496152	0.277066982496152	0.277066982496152
ENSG00003741	0.259721428676534	0.259721428676534	0.259721428676534	0.259721428676534
ENSG00003742	0.270252684257893	0.270252684257893	0.270252684257893	0.270252684257893
ENSG00003744	0.312755337191357	0.312755337191357	0.312755337191357	0.312755337191357
ENSG00003745	0.247144626126049	0.247144626126049	0.247144626126049	0.247144626126049
ENSG00003751	0.305724362165374	0.305724362165374	0.305724362165374	0.305724362165374
ENSG00003754	0.274179102053433	0.274179102053433	0.274179102053433	0.274179102053433
ENSG00003760	0.291209678213192	0.291209678213192	0.291209678213192	0.291209678213192
ENSG00003765	0.275008571195873	0.275008571195873	0.275008571195873	0.275008571195873
ENSG00003767	0.40378787393645	0.40378787393645	0.40378787393645	0.40378787393645
ENSG00003777	0.303055316950198	0.303055316950198	0.303055316950198	0.303055316950198
ENSG00003779	0.251987558731762	0.251987558731762	0.251987558731762	0.251987558731762
ENSG00003781	0.26969605123623	0.26969605123623	0.26969605123623	0.26969605123623
ENSG00003782	0.879637635605002	0.879637635605002	0.879637635605002	0.879637635605002
ENSG00003786	0.276013772834938	0.276013772834938	0.276013772834938	0.276013772834938
ENSG00003787	0.304908762637907	0.304908762637907	0.304908762637907	0.304908762637907
ENSG00003790	0.320495310768727	0.320495310768727	0.320495310768727	0.320495310768727
ENSG00003791	0.270771506466832	0.270771506466832	0.270771506466832	0.270771506466832
ENSG00003794	0.288839953194023	0.288839953194023	0.288839953194023	0.288839953194023
ENSG00003798	0.268206904314524	0.268206904314524	0.268206904314524	0.268206904314524
ENSG00003800	0.259190587870454	0.259190587870454	0.259190587870454	0.259190587870454
ENSG00003803	0.263557768467073	0.263557768467073	0.263557768467073	0.263557768467073
ENSG00003805	0.295683077450264	0.295683077450264	0.295683077450264	0.295683077450264
ENSG00003806	0.28293878316693	0.28293878316693	0.28293878316693	0.28293878316693
ENSG00003808	0.283795953069509	0.283795953069509	0.283795953069509	0.283795953069509
ENSG00003812	0.274137491040317	0.274137491040317	0.274137491040317	0.274137491040317
ENSG00003813	0.407753736018943	0.407753736018943	0.407753736018943	0.407753736018943
ENSG00003814	0.301265130535085	0.301265130535085	0.301265130535085	0.301265130535085
ENSG00003818	0.295557598671843	0.295557598671843	0.295557598671843	0.295557598671843
ENSG00003821	0.241996960464813	0.241996960464813	0.241996960464813	0.241996960464813
ENSG00003824	0.260822491869996	0.260822491869996	0.260822491869996	0.260822491869996
ENSG00003825	0.262034234360884	0.262034234360884	0.262034234360884	0.262034234360884
ENSG00003826	0.348275926204673	0.348275926204673	0.348275926204673	0.348275926204673
ENSG00003829	0.253536088681345	0.253536088681345	0.253536088681345	0.253536088681345
ENSG00003830	0.278652586356681	0.278652586356681	0.278652586356681	0.278652586356681
ENSG00003831	0.273443437834448	0.273443437834448	0.273443437834448	0.273443437834448
ENSG00003836	0.269663590627442	0.269663590627442	0.269663590627442	0.269663590627442
ENSG00003837	0.285032846655587	0.285032846655587	0.285032846655587	0.285032846655587
ENSG00003841	0.269713161122278	0.269713161122278	0.269713161122278	0.269713161122278
ENSG00003846	0.240966420778397	0.240966420778397	0.240966420778397	0.240966420778397
ENSG00003848	0.454670875566262	0.454670875566262	0.454670875566262	0.454670875566262
ENSG00003851	0.282088987710798	0.282088987710798	0.282088987710798	0.282088987710798
ENSG00003854	0.316588680432099	0.316588680432099	0.316588680432099	0.316588680432099
ENSG00003856	0.277281516059088	0.277281516059088	0.277281516059088	0.277281516059088
ENSG00003858	0.244895947359221	0.244895947359221	0.244895947359221	0.244895947359221
ENSG00003859	0.250259849592624	0.250259849592624	0.250259849592624	0.250259849592624
ENSG00003861	0.505521121331998	0.505521121331998	0.505521121331998	0.505521121331998
ENSG00003862	0.309801497946866	0.309801497946866	0.309801497946866	0.309801497946866
ENSG00003863	0.243803018942309	0.243803018942309	0.243803018942309	0.243803018942309
ENSG00003865	0.263128437673593	0.263128437673593	0.263128437673593	0.263128437673593
ENSG00003867	0.273866061885657	0.273866061885657	0.273866061885657	0.273866061885657
ENSG00003868	0.252463880901734	0.252463880901734	0.252463880901734	0.252463880901734
ENSG00003869	0.31540223815404	0.31540223815404	0.31540223815404	0.31540223815404
ENSG00003871	0.277609724888623	0.277609724888623	0.277609724888623	0.277609724888623
ENSG00003875	0.252445181677653	0.252445181677653	0.252445181677653	0.252445181677653
ENSG00003881	0.296763574177698	0.296763574177698	0.296763574177698	0.296763574177698
ENSG00003882	0.269041265385011	0.269041265385011	0.269041265385011	0.269041265385011
ENSG00003884	0.267311309853589	0.267311309853589	0.267311309853589	0.267311309853589
ENSG00003886	0.265120166993101	0.265120166993101	0.265120166993101	0.265120166993101
ENSG00003888	0.33582371158227	0.33582371158227	0.33582371158227	0.33582371158227
ENSG00003893	0.337361612683468	0.337361612683468	0.337361612683468	0.337361612683468
ENSG00003896	1.10921293258639	1.10921293258639	1.10921293258639	1.10921293258639
ENSG00003897	0.277025380043714	0.277025380043714	0.277025380043714	0.277025380043714
ENSG00003899	0.250710599232425	0.250710599232425	0.250710599232425	0.250710599232425
ENSG00003903	0.283337904445297	0.283337904445297	0.283337904445297	0.283337904445297
ENSG00003905	0.269710429340039	0.269710429340039	0.269710429340039	0.269710429340039
ENSG00003908	0.280480177877216	0.280480177877216	0.280480177877216	0.280480177877216
ENSG00003910	0.382887911996562	0.382887911996562	0.382887911996562	0.382887911996562
ENSG00003911	0.271007861113141	0.271007861113141	0.271007861113141	0.271007861113141
ENSG00003913	0.269103936403926	0.269103936403926	0.269103936403926	0.269103936403926
ENSG00003918	0.5166239296493	0.5166239296493	0.5166239296493	0.5166239296493
ENSG00003919	0.298344198227076	0.298344198227076	0.298344198227076	0.298344198227076
ENSG00003920	0.269610464606411	0.269610464606411	0.269610464606411	0.269610464606411
ENSG00003921	0.258154064778295	0.258154064778295	0.258154064778295	0.258154064778295
ENSG00003922	0.259524474866107	0.259524474866107	0.259524474866107	0.259524474866107
ENSG00003923	0.250366888350284	0.250366888350284	0.250366888350284	0.250366888350284
ENSG00003925	0.279026527038005	0.279026527038005	0.279026527038005	0.279026527038005
ENSG00003928	0.261200341568779	0.261200341568779	0.261200341568779	0.261200341568779
ENSG00003932	0.253937388562969	0.253937388562969	0.253937388562969	0.253937388562969
ENSG00003939	0.294964940588619	0.294964940588619	0.294964940588619	0.294964940588619
ENSG00003940	0.299855892081338	0.299855892081338	0.299855892081338	0.299855892081338
ENSG00003944	0.294326101187554	0.294326101187554	0.294326101187554	0.294326101187554
ENSG00003946	0.290453988378781	0.290453988378781	0.290453988378781	0.290453988378781
ENSG00003948	0.271276940214587	0.271276940214587	0.271276940214587	0.271276940214587
ENSG00003954	0.294419576183616	0.294419576183616	0.294419576183616	0.294419576183616
ENSG00003956	0.275503460873678	0.275503460873678	0.275503460873678	0.275503460873678
ENSG00003963	0.250051223934848	0.250051223934848	0.250051223934848	0.250051223934848
ENSG00003964	0.272710154658687	0.272710154658687	0.272710154658687	0.272710154658687
ENSG00003967	0.261655021768884	0.261655021768884	0.261655021768884	0.261655021768884
ENSG00003969	0.281123026300657	0.281123026300657	0.281123026300657	0.281123026300657
ENSG00003971	0.328892937620989	0.328892937620989	0.328892937620989	0.328892937620989
ENSG00003972	0.452009860297671	0.452009860297671	0.452009860297671	0.452009860297671
ENSG00003974	0.364703439988689	0.364703439988689	0.364703439988689	0.364703439988689
ENSG00003976	0.294848142513709	0.294848142513709	0.294848142513709	0.294848142513709
ENSG00003977	0.278271127000266	0.278271127000266	0.278271127000266	0.278271127000266
ENSG00003979	0.282514374293006	0.282514374293006	0.282514374293006	0.282514374293006
ENSG00003981	0.286121370757877	0.286121370757877	0.286121370757877	0.286121370757877
ENSG00003985	0.280478668492141	0.280478668492141	0.280478668492141	0.280478668492141
ENSG00003990	0.274176544450078	0.274176544450078	0.274176544450078	0.274176544450078
ENSG00003991	0.298185747957927	0.298185747957927	0.298185747957927	0.298185747957927
ENSG00003992	0.281090926957032	0.281090926957032	0.281090926957032	0.281090926957032
ENSG00003995	0.318489734260042	0.318489734260042	0.318489734260042	0.318489734260042
ENSG00003997	0.286336787243696	0.286336787243696	0.286336787243696	0.286336787243696
ENSG00004000	0.288412935730235	0.288412935730235	0.288412935730235	0.288412935730235
