group_id	prot_Ctrl_t0_r1	prot_Ctrl_t0_r2	prot_Ctrl_t0_r3	prot_Ctrl_t6_r1	prot_Ctrl_t6_r2	prot_Ctrl_t6_r3	prot_Ctrl_t24_r1	prot_Ctrl_t24_r2	prot_Ctrl_t24_r3	prot_Ctrl_t48_r1	prot_Ctrl_t48_r2	prot_Ctrl_t48_r3	prot_Trt_t0_r1	prot_Trt_t0_r2	prot_Trt_t0_r3	prot_Trt_t6_r1	prot_Trt_t6_r2	prot_Trt_t6_r3	prot_Trt_t24_r1	prot_Trt_t24_r2	prot_Trt_t24_r3	prot_Trt_t48_r1	prot_Trt_t48_r2	prot_Trt_t48_r3
PG00002	obs	obs	MAR	MNAR	MNAR	MNAR	MAR	MAR	obs	obs	obs	MAR	MNAR	MNAR	MNAR	obs	obs	obs	obs	MAR	obs	obs	MAR	MAR
PG00004	obs	obs	obs	obs	obs	obs	obs	obs	obs	obs	obs	MAR	MAR	obs	obs	MAR	obs	obs	obs	obs	obs	obs	obs	obs
PG00005	obs	obs	MAR	MNAR	MNAR	MNAR	obs	MAR	MAR	obs	obs	MAR	MNAR	MNAR	MNAR	MAR	obs	MAR	MNAR	MNAR	MNAR	MNAR	MNAR	MNAR
PG00006	obs	obs	obs	obs	obs	obs	obs	obs	obs	MAR	obs	obs	obs	obs	MAR	obs	obs	obs	obs	obs	MAR	obs	obs	MAR
PG00007	obs	obs	obs	obs	obs	obs	obs	obs	obs	obs	obs	obs	obs	obs	obs	obs	obs	MAR	obs	obs	obs	obs	obs	obs
PG00008	obs	obs	obs	obs	obs	obs	obs	obs	obs	obs	obs	obs	obs	obs	obs	obs	obs	obs	obs	obs	obs	obs	obs	obs
PG00009	obs	obs	obs	obs	obs	obs	obs	obs	obs	obs	obs	obs	obs	obs	obs	obs	obs	obs	obs	obs	obs	obs	obs	obs
PG00010	obs	obs	obs	obs	obs	obs	obs	obs	obs	obs	obs	obs	MAR	obs	obs	obs	obs	MAR	obs	obs	obs	obs	obs	obs
PG00012	obs	obs	obs	obs	obs	obs	obs	obs	obs	obs	obs	obs	obs	obs	obs	obs	obs	obs	MAR	obs	obs	obs	obs	obs
PG00013	obs	obs	obs	obs	MAR	obs	obs	obs	obs	obs	obs	obs	MAR	obs	obs	obs	obs	obs	obs	obs	MAR	obs	MAR	obs
PG00014	obs	obs	obs	obs	obs	obs	obs	obs	obs	obs	obs	obs	obs	obs	obs	obs	obs	obs	obs	obs	obs	obs	obs	obs
PG00015	MNAR	MNAR	MNAR	obs	MAR	obs	MAR	MAR	obs	MNAR	MNAR	MNAR	obs	obs	MAR	MAR	obs	obs	MAR	obs	MAR	obs	MAR	MAR
PG00016	MAR	obs	obs	obs	obs	obs	obs	obs	obs	obs	obs	obs	obs	obs	obs	obs	obs	obs	obs	obs	obs	obs	obs	MAR
PG00017	MAR	MAR	obs	MAR	MAR	obs	obs	obs	obs	obs	obs	MAR	obs	obs	MAR	MAR	obs	obs	MAR	obs	MAR	obs	MAR	obs
PG00019	obs	obs	obs	obs	obs	obs	obs	MAR	obs	obs	obs	obs	obs	obs	MAR	obs	obs	obs	obs	obs	obs	obs	obs	obs
PG00020	obs	MAR	obs	obs	obs	obs	MAR	MAR	obs	MAR	obs	obs	obs	MAR	obs	MAR	MAR	obs	MAR	obs	MAR	obs	obs	obs
PG00021	obs	obs	obs	obs	obs	obs	obs	obs	obs	obs	obs	obs	obs	obs	MAR	obs	obs	obs	obs	obs	obs	obs	obs	obs
PG00022	obs	obs	obs	obs	obs	obs	obs	obs	obs	obs	obs	obs	obs	obs	obs	obs	obs	obs	obs	obs	MAR	obs	obs	obs
PG00023	obs	MAR	MAR	obs	MAR	obs	MAR	MAR	obs	obs	obs	obs	MAR	obs	obs	obs	obs	obs	MAR	MAR	obs	obs	obs	obs
PG00024	MAR	obs	MAR	obs	obs	obs	obs	obs	obs	obs	obs	MAR	obs	obs	obs	obs	obs	obs	obs	obs	MAR	obs	obs	obs
PG00025	MAR	obs	obs	MAR	obs	obs	obs	obs	obs	obs	obs	obs	obs	obs	obs	obs	obs	obs	obs	obs	obs	obs	MAR	obs
PG00026	MAR	obs	obs	obs	obs	obs	obs	obs	obs	obs	obs	obs	obs	MAR	obs	obs	obs	obs	MAR	obs	obs	obs	obs	obs
PG00027	obs	obs	obs	obs	obs	obs	obs	obs	obs	obs	obs	MAR	obs	MAR	MAR	obs	obs	obs	obs	MAR	MAR	obs	obs	obs
PG00028	obs	obs	obs	obs	obs	obs	obs	obs	obs	MAR	MAR	obs	obs	obs	MAR	obs	obs	obs	obs	obs	obs	obs	obs	obs
PG00030	obs	MAR	obs	MAR	obs	obs	obs	obs	obs	MAR	obs	obs	obs	obs	obs	obs	MAR	MAR	obs	MAR	MAR	obs	MAR	MAR
PG00031	obs	MAR	obs	obs	obs	obs	obs	MAR	MAR	obs	obs	MAR	obs	obs	obs	obs	obs	MAR	obs	obs	MAR	obs	obs	obs
PG00031b	obs	obs	obs	obs	obs	MAR	obs	obs	obs	obs	obs	obs	obs	obs	obs	obs	MAR	obs	MAR	obs	obs	obs	obs	obs
PG00033	MNAR	MNAR	MNAR	MAR	obs	obs	MAR	MAR	obs	MNAR	MNAR	MNAR	MNAR	MNAR	MNAR	MNAR	MNAR	MNAR	MNAR	MNAR	MNAR	obs	MAR	MAR
PG00034	obs	obs	obs	MAR	obs	obs	obs	MAR	obs	obs	obs	obs	obs	obs	obs	obs	obs	obs	obs	obs	obs	obs	obs	MAR
PG00035	MAR	obs	obs	obs	MAR	MAR	obs	obs	obs	MAR	obs	MAR	MAR	MAR	obs	MNAR	MNAR	MNAR	MNAR	MNAR	MNAR	obs	obs	MAR
PG00036	MAR	obs	obs	obs	obs	obs	obs	obs	obs	obs	obs	obs	obs	obs	obs	MAR	obs	obs	obs	obs	obs	obs	obs	obs
PG00037	obs	obs	MAR	obs	obs	obs	obs	obs	obs	MAR	obs	obs	obs	obs	obs	MAR	obs	obs	obs	obs	obs	obs	obs	obs
PG00038	obs	obs	MAR	obs	obs	obs	obs	obs	obs	obs	obs	obs	obs	obs	obs	obs	obs	obs	obs	obs	obs	obs	obs	obs
PG00040	obs	obs	obs	obs	obs	obs	obs	MAR	obs	obs	MAR	MAR	obs	obs	obs	obs	obs	MAR	obs	obs	obs	obs	obs	obs
PG00041	obs	obs	obs	obs	obs	obs	obs	obs	obs	obs	obs	obs	obs	obs	obs	obs	obs	obs	obs	obs	obs	obs	obs	obs
PG00042	obs	obs	obs	obs	obs	obs	obs	obs	obs	obs	obs	obs	obs	obs	obs	obs	obs	obs	obs	obs	obs	obs	obs	MAR
PG00043	obs	obs	obs	obs	obs	obs	obs	obs	obs	obs	obs	obs	obs	obs	obs	obs	obs	obs	obs	obs	obs	obs	obs	obs
PG00044	MNAR	MNAR	MNAR	MAR	obs	obs	MNAR	MNAR	MNAR	MAR	obs	MAR	obs	MAR	obs	MAR	MAR	obs	obs	obs	obs	MNAR	MNAR	MNAR
PG00045	obs	obs	obs	obs	MAR	MAR	obs	obs	MAR	obs	obs	obs	MAR	MAR	obs	obs	MAR	obs	obs	MAR	obs	obs	obs	MAR
PG00046	obs	obs	obs	obs	obs	obs	obs	obs	obs	obs	obs	obs	obs	obs	obs	obs	obs	obs	obs	MAR	obs	obs	obs	obs
PG00048	MNAR	MNAR	MNAR	obs	MAR	obs	obs	MAR	obs	MAR	obs	MAR	MAR	obs	obs	MNAR	MNAR	MNAR	MNAR	MNAR	MNAR	MAR	obs	MAR
PG00049	MAR	obs	MAR	obs	MAR	obs	MNAR	MNAR	MNAR	MAR	MAR	obs	obs	MAR	obs	obs	obs	obs	MAR	MAR	obs	MAR	MAR	obs
PG00050b	obs	obs	obs	obs	obs	obs	obs	obs	obs	obs	obs	obs	obs	MAR	obs	obs	obs	obs	obs	MAR	obs	MAR	MAR	obs
PG00051	obs	MAR	MAR	MNAR	MNAR	MNAR	MNAR	MNAR	MNAR	obs	obs	obs	obs	MAR	MAR	MNAR	MNAR	MNAR	MAR	obs	MAR	obs	obs	obs
PG00052	MAR	obs	MAR	obs	MAR	MAR	obs	obs	MAR	MAR	MAR	obs	obs	MAR	obs	MNAR	MNAR	MNAR	MAR	obs	MAR	MAR	obs	obs
PG00054	MAR	obs	MAR	obs	MAR	obs	obs	MAR	obs	obs	obs	obs	obs	MAR	obs	MNAR	MNAR	MNAR	obs	MAR	obs	obs	obs	obs
PG00055	MAR	obs	obs	MAR	MAR	obs	MAR	obs	MAR	MAR	obs	obs	obs	obs	obs	MNAR	MNAR	MNAR	MAR	MAR	obs	MAR	obs	obs
PG00056	obs	obs	MAR	MAR	MAR	obs	obs	obs	MAR	obs	obs	obs	obs	MAR	MAR	obs	obs	MAR	obs	obs	obs	obs	obs	MAR
PG00057	obs	obs	obs	obs	MAR	obs	MAR	obs	obs	obs	obs	obs	MAR	obs	obs	MAR	obs	MAR	obs	MAR	MAR	obs	obs	obs
PG00058	obs	obs	MAR	MAR	obs	MAR	MAR	MAR	obs	obs	obs	MAR	MAR	MAR	obs	obs	MAR	obs	obs	obs	obs	MAR	MAR	obs
PG00058b	MAR	obs	MAR	MAR	obs	obs	MAR	obs	MAR	obs	obs	obs	MAR	obs	obs	MNAR	MNAR	MNAR	obs	MAR	obs	obs	obs	obs
PG00059	obs	obs	obs	obs	obs	obs	obs	obs	obs	MAR	obs	MAR	obs	obs	obs	obs	obs	obs	obs	MAR	obs	obs	obs	obs
PG00060	obs	obs	obs	obs	MAR	obs	obs	obs	obs	obs	obs	obs	obs	obs	obs	obs	obs	obs	obs	obs	obs	obs	MAR	MAR
PG00061	obs	obs	obs	obs	MAR	MAR	obs	obs	obs	obs	obs	obs	MAR	obs	obs	obs	obs	obs	obs	obs	obs	obs	obs	obs
PG00062	obs	obs	obs	obs	obs	obs	obs	obs	obs	obs	obs	obs	obs	obs	obs	obs	obs	obs	obs	obs	obs	obs	obs	obs
PG00063	obs	obs	obs	obs	obs	obs	obs	obs	obs	obs	MAR	obs	obs	obs	obs	obs	obs	obs	obs	obs	obs	obs	obs	obs
PG00065	obs	obs	obs	obs	obs	MAR	obs	obs	obs	obs	obs	obs	obs	obs	obs	obs	obs	obs	obs	obs	obs	obs	obs	obs
PG00066	MAR	MAR	obs	MAR	obs	MAR	MNAR	MNAR	MNAR	MNAR	MNAR	MNAR	MAR	obs	obs	obs	obs	MAR	MNAR	MNAR	MNAR	MNAR	MNAR	MNAR
PG00067	obs	obs	obs	obs	obs	obs	obs	obs	obs	obs	obs	obs	obs	obs	obs	obs	obs	obs	obs	obs	obs	obs	obs	obs
PG00069	obs	obs	obs	MAR	obs	obs	obs	obs	obs	obs	obs	obs	obs	obs	obs	obs	obs	obs	obs	obs	obs	obs	obs	obs
PG00070	obs	obs	obs	obs	obs	obs	obs	obs	MAR	obs	obs	obs	obs	obs	MAR	obs	obs	obs	obs	obs	obs	obs	obs	obs
PG00071	obs	obs	obs	obs	obs	obs	obs	obs	obs	obs	obs	obs	obs	obs	obs	obs	obs	MAR	obs	obs	MAR	obs	obs	obs
PG00072	MNAR	MNAR	MNAR	MAR	obs	MAR	MNAR	MNAR	MNAR	MAR	obs	MAR	obs	MAR	obs	MAR	MAR	obs	MAR	MAR	obs	MNAR	MNAR	MNAR
PG00073	obs	obs	obs	obs	obs	obs	obs	MAR	obs	obs	obs	obs	obs	obs	obs	obs	obs	MAR	obs	obs	obs	obs	MAR	obs
PG00074	obs	obs	obs	obs	obs	obs	obs	MAR	obs	obs	MAR	obs	obs	obs	obs	obs	obs	obs	obs	obs	MAR	obs	obs	obs
PG00075	obs	MAR	obs	obs	obs	obs	obs	obs	obs	obs	obs	obs	obs	obs	obs	obs	obs	obs	obs	obs	MAR	obs	obs	obs
PG00076	obs	obs	obs	obs	obs	obs	obs	obs	obs	obs	obs	obs	obs	obs	obs	obs	obs	obs	MAR	obs	obs	obs	obs	obs
PG00077	obs	obs	obs	obs	obs	obs	obs	obs	obs	obs	obs	obs	obs	obs	obs	obs	MAR	obs	obs	obs	obs	obs	obs	obs
PG00078	MAR	obs	MAR	MAR	MAR	obs	obs	MAR	MAR	MAR	obs	MAR	MNAR	MNAR	MNAR	MAR	obs	MAR	obs	MAR	obs	MAR	obs	MAR
PG00079	obs	obs	obs	obs	obs	obs	obs	MAR	obs	obs	obs	obs	obs	MAR	MAR	obs	MAR	obs	obs	obs	MAR	obs	obs	MAR
PG00080	obs	MAR	obs	MNAR	MNAR	MNAR	MAR	obs	MAR	MAR	obs	obs	obs	MAR	obs	MAR	MAR	obs	obs	MAR	obs	obs	MAR	obs
PG00081	obs	obs	obs	obs	obs	obs	obs	obs	obs	obs	obs	obs	obs	obs	obs	obs	obs	obs	obs	obs	obs	obs	obs	obs
PG00082	MAR	obs	obs	MAR	obs	MAR	MAR	obs	MAR	MNAR	MNAR	MNAR	MNAR	MNAR	MNAR	MNAR	MNAR	MNAR	MNAR	MNAR	MNAR	MAR	MAR	obs
PG00083	obs	obs	obs	obs	obs	obs	obs	obs	MAR	obs	obs	obs	MAR	obs	obs	obs	obs	MAR	obs	obs	obs	obs	MAR	obs
PG00084	obs	obs	obs	obs	obs	obs	obs	obs	obs	obs	obs	obs	obs	obs	obs	obs	obs	obs	obs	obs	obs	obs	obs	obs
PG00085	obs	MAR	obs	obs	obs	obs	MAR	MAR	obs	obs	MAR	obs	obs	obs	MAR	obs	MAR	obs	MAR	obs	obs	MAR	MAR	obs
PG00086	obs	obs	obs	obs	obs	obs	obs	obs	obs	obs	obs	obs	obs	obs	obs	MAR	MAR	obs	MAR	obs	obs	obs	obs	obs
PG00087	obs	MAR	obs	MAR	MAR	obs	MNAR	MNAR	MNAR	obs	obs	MAR	obs	obs	obs	obs	obs	MAR	obs	obs	obs	obs	obs	obs
PG00088	obs	obs	MAR	MAR	MAR	obs	obs	obs	obs	obs	obs	obs	obs	obs	obs	MAR	obs	MAR	MAR	MAR	obs	obs	obs	obs
PG00089	obs	obs	obs	obs	obs	obs	obs	obs	obs	obs	obs	obs	obs	obs	MAR	obs	MAR	obs	obs	obs	obs	obs	obs	obs
PG00090	obs	obs	obs	obs	obs	obs	obs	obs	obs	obs	obs	obs	obs	obs	obs	obs	obs	obs	obs	obs	obs	obs	obs	obs
PG00091	obs	obs	obs	MNAR	MNAR	MNAR	obs	MAR	obs	MNAR	MNAR	MNAR	obs	MAR	MAR	MNAR	MNAR	MNAR	obs	MAR	MAR	MAR	obs	MAR
PG00092	obs	obs	obs	obs	obs	obs	obs	obs	obs	obs	obs	MAR	obs	obs	obs	obs	obs	obs	MAR	MAR	obs	obs	obs	obs
PG00093	obs	MAR	MAR	MAR	obs	MAR	MAR	obs	MAR	obs	obs	obs	obs	MAR	MAR	MNAR	MNAR	MNAR	obs	obs	MAR	MAR	obs	obs
PG00094	obs	obs	MAR	obs	obs	obs	obs	MAR	MAR	obs	obs	obs	obs	obs	obs	obs	obs	obs	obs	obs	obs	obs	obs	obs
PG00095	obs	obs	obs	obs	obs	obs	obs	obs	obs	obs	obs	obs	obs	obs	obs	obs	obs	obs	obs	obs	obs	obs	obs	obs
PG00096	MAR	MAR	obs	MAR	MAR	obs	MAR	obs	obs	obs	obs	obs	obs	obs	MAR	MAR	obs	obs	MAR	obs	MAR	obs	obs	obs
PG00097	obs	obs	obs	MAR	obs	obs	obs	obs	MAR	MAR	obs	MAR	MAR	obs	obs	obs	MAR	obs	obs	obs	obs	obs	obs	obs
PG00098	obs	obs	obs	obs	obs	obs	obs	obs	MAR	obs	MAR	obs	obs	MAR	obs	obs	MAR	obs	MAR	obs	obs	obs	obs	obs
PG00099	MAR	obs	obs	obs	obs	MAR	MAR	obs	MAR	obs	MAR	MAR	MAR	obs	obs	obs	obs	MAR	MAR	obs	obs	obs	obs	obs
PG00100	obs	obs	obs	obs	MAR	obs	obs	obs	obs	obs	obs	MAR	MAR	obs	obs	obs	obs	obs	obs	MAR	obs	obs	obs	obs
PG00101	obs	obs	obs	obs	obs	obs	MAR	obs	obs	obs	obs	MAR	obs	obs	obs	MAR	obs	obs	MAR	obs	MAR	obs	obs	obs
PG00102	obs	obs	obs	obs	obs	obs	obs	obs	obs	MAR	obs	obs	obs	obs	MAR	obs	obs	obs	obs	obs	obs	obs	obs	obs
PG00103	obs	obs	obs	obs	obs	obs	MNAR	MNAR	MNAR	MAR	obs	obs	obs	obs	obs	MAR	obs	obs	obs	obs	obs	obs	obs	obs
PG00104	obs	MAR	obs	obs	obs	obs	obs	obs	obs	obs	obs	obs	obs	obs	obs	obs	MAR	obs	obs	obs	obs	obs	obs	obs
PG00105	obs	MAR	obs	obs	obs	obs	obs	obs	obs	obs	obs	obs	MAR	obs	obs	obs	obs	obs	MAR	MAR	obs	MAR	obs	obs
PG00106	obs	obs	obs	obs	obs	obs	obs	obs	obs	obs	obs	obs	obs	obs	obs	obs	obs	obs	obs	obs	obs	obs	obs	obs
PG00108	obs	obs	obs	obs	obs	MAR	obs	obs	obs	obs	obs	obs	obs	obs	obs	obs	obs	obs	obs	obs	obs	obs	obs	obs
PG00109	obs	MAR	obs	obs	MAR	obs	MAR	MAR	obs	MNAR	MNAR	MNAR	MAR	MAR	obs	MNAR	MNAR	MNAR	MAR	obs	MAR	MNAR	MNAR	MNAR
PG00110	obs	obs	obs	obs	obs	obs	obs	obs	obs	obs	obs	obs	obs	obs	obs	obs	obs	obs	obs	obs	obs	obs	obs	obs
PG00111	obs	MAR	obs	obs	obs	MAR	MAR	MAR	obs	MNAR	MNAR	MNAR	obs	obs	MAR	obs	MAR	MAR	MNAR	MNAR	MNAR	MAR	obs	MAR
PG00112	MAR	MAR	obs	MNAR	MNAR	MNAR	MNAR	MNAR	MNAR	MNAR	MNAR	MNAR	obs	obs	MAR	obs	MAR	obs	MAR	obs	obs	MAR	MAR	obs
PG00113	obs	obs	obs	MAR	MAR	obs	MAR	obs	MAR	obs	MAR	obs	obs	obs	obs	MAR	obs	MAR	MNAR	MNAR	MNAR	obs	obs	obs
PG00113b	obs	MAR	MAR	MNAR	MNAR	MNAR	obs	obs	MAR	MAR	obs	MAR	MAR	MAR	obs	obs	MAR	obs	MAR	obs	MAR	obs	MAR	obs
PG00114	obs	obs	obs	MAR	obs	obs	obs	obs	obs	obs	obs	obs	obs	obs	obs	obs	obs	obs	obs	obs	obs	obs	obs	obs
PG00115	obs	obs	MAR	obs	obs	obs	obs	MAR	obs	obs	obs	obs	obs	obs	obs	obs	obs	obs	obs	obs	MAR	obs	obs	obs
PG00116	obs	obs	obs	obs	obs	obs	obs	MAR	obs	obs	obs	obs	obs	obs	obs	obs	obs	obs	obs	obs	obs	obs	obs	obs
PG00117	obs	obs	MAR	MNAR	MNAR	MNAR	MAR	obs	MAR	obs	obs	MAR	MAR	MAR	obs	MNAR	MNAR	MNAR	MNAR	MNAR	MNAR	MAR	obs	MAR
PG00119	obs	obs	obs	obs	obs	obs	obs	obs	obs	obs	obs	obs	obs	obs	obs	obs	obs	obs	obs	obs	obs	obs	obs	obs
PG00120	obs	obs	obs	obs	obs	obs	obs	obs	obs	obs	obs	obs	obs	obs	obs	obs	obs	obs	obs	obs	obs	obs	obs	obs
PG00121	obs	obs	obs	obs	obs	obs	obs	obs	obs	obs	obs	obs	obs	obs	obs	obs	obs	obs	obs	MAR	obs	obs	obs	obs
PG00122	obs	obs	obs	obs	obs	obs	obs	MAR	obs	obs	obs	obs	obs	obs	obs	obs	obs	obs	MAR	MAR	obs	obs	obs	obs
PG00123	obs	obs	obs	obs	obs	obs	MAR	obs	obs	obs	obs	obs	obs	obs	obs	obs	obs	obs	obs	obs	obs	obs	obs	obs
PG00123b	obs	obs	obs	obs	obs	MAR	obs	obs	obs	obs	obs	obs	obs	obs	MAR	obs	obs	obs	obs	obs	obs	obs	obs	obs
PG00124	obs	obs	MAR	obs	obs	obs	obs	obs	MAR	MAR	MAR	obs	obs	MAR	obs	MNAR	MNAR	MNAR	obs	obs	obs	obs	obs	MAR
PG00125	obs	obs	obs	obs	obs	obs	obs	MAR	obs	MAR	obs	obs	obs	obs	obs	obs	obs	obs	obs	obs	obs	MAR	obs	obs
PG00126	obs	obs	obs	MAR	MAR	obs	MNAR	MNAR	MNAR	MNAR	MNAR	MNAR	obs	obs	MAR	MNAR	MNAR	MNAR	obs	MAR	obs	obs	obs	obs
PG00127	obs	obs	obs	obs	obs	MAR	obs	obs	obs	obs	obs	MAR	obs	obs	obs	obs	obs	obs	obs	obs	obs	obs	obs	obs
PG00128	obs	obs	MAR	obs	obs	MAR	obs	obs	MAR	obs	obs	obs	MAR	obs	obs	obs	obs	MAR	MAR	obs	MAR	obs	MAR	MAR
PG00129	obs	MAR	obs	MNAR	MNAR	MNAR	MAR	obs	MAR	MNAR	MNAR	MNAR	obs	MAR	MAR	MAR	obs	obs	MNAR	MNAR	MNAR	MNAR	MNAR	MNAR
PG00130	obs	obs	MAR	obs	obs	obs	obs	obs	MAR	obs	obs	MAR	MAR	obs	MAR	obs	obs	obs	MAR	obs	MAR	obs	obs	MAR
PG00130b	obs	obs	obs	obs	obs	obs	obs	obs	obs	obs	obs	obs	obs	obs	obs	obs	obs	MAR	MAR	obs	obs	obs	obs	obs
PG00131	obs	MAR	obs	obs	MAR	MAR	obs	obs	obs	MAR	obs	obs	obs	MAR	obs	MAR	obs	obs	MAR	obs	MAR	obs	obs	obs
PG00132	obs	obs	obs	obs	obs	MAR	obs	obs	obs	obs	obs	obs	obs	obs	obs	obs	obs	obs	obs	obs	obs	obs	obs	obs
PG00134	obs	MAR	obs	obs	obs	obs	obs	obs	obs	obs	obs	obs	obs	obs	obs	obs	MAR	obs	obs	obs	obs	obs	obs	obs
PG00136	obs	obs	obs	obs	obs	obs	obs	obs	obs	obs	obs	obs	MAR	obs	obs	obs	MAR	obs	obs	obs	obs	obs	obs	obs
PG00137	obs	obs	obs	obs	obs	obs	obs	obs	obs	obs	obs	obs	obs	obs	obs	obs	obs	obs	obs	obs	obs	obs	obs	obs
PG00139	obs	MAR	obs	obs	obs	obs	obs	obs	obs	obs	obs	obs	obs	obs	MAR	obs	obs	obs	obs	obs	obs	obs	obs	obs
PG00140	MAR	obs	obs	obs	obs	obs	obs	obs	obs	obs	MAR	MAR	obs	obs	MAR	obs	MAR	MAR	obs	MAR	MAR	obs	obs	MAR
PG00143	obs	MAR	obs	obs	MAR	obs	obs	obs	MAR	obs	obs	obs	obs	obs	obs	obs	obs	obs	MAR	obs	obs	obs	obs	MAR
PG00144	obs	obs	MAR	obs	obs	obs	obs	obs	obs	obs	obs	obs	obs	obs	obs	obs	obs	obs	obs	obs	MAR	MAR	obs	obs
PG00144b	MAR	MAR	obs	obs	MAR	MAR	obs	MAR	obs	obs	MAR	MAR	obs	MAR	obs	MNAR	MNAR	MNAR	obs	obs	obs	MAR	MAR	obs
PG00146	obs	MAR	MAR	obs	obs	obs	obs	MAR	obs	MNAR	MNAR	MNAR	MAR	MAR	obs	MNAR	MNAR	MNAR	MAR	obs	obs	MAR	obs	MAR
PG00148	obs	obs	obs	obs	obs	obs	obs	obs	obs	obs	obs	obs	obs	obs	obs	obs	obs	obs	obs	obs	obs	obs	obs	obs
PG00149	obs	obs	obs	obs	obs	obs	MAR	obs	MAR	obs	obs	MAR	obs	obs	MAR	obs	obs	obs	MAR	obs	MAR	obs	MAR	obs
PG00150	obs	MAR	MAR	MAR	obs	MAR	MNAR	MNAR	MNAR	MAR	obs	obs	MNAR	MNAR	MNAR	MNAR	MNAR	MNAR	MAR	obs	MAR	MAR	obs	MAR
PG00151	obs	obs	obs	obs	obs	obs	obs	obs	obs	obs	obs	obs	obs	obs	obs	obs	obs	obs	obs	obs	obs	obs	obs	obs
PG00152	obs	obs	obs	obs	obs	obs	obs	obs	obs	obs	obs	obs	obs	obs	obs	obs	obs	obs	obs	obs	obs	obs	obs	obs
PG00153	obs	obs	obs	obs	obs	obs	obs	obs	obs	obs	obs	obs	obs	obs	obs	obs	obs	obs	obs	obs	MAR	obs	obs	obs
PG00154	obs	obs	obs	obs	obs	obs	obs	obs	obs	obs	MAR	obs	obs	obs	obs	obs	obs	obs	obs	MAR	obs	obs	obs	obs
PG00155	obs	MAR	obs	obs	obs	MAR	obs	obs	obs	obs	obs	obs	obs	MAR	obs	obs	obs	obs	obs	obs	obs	obs	obs	obs
PG00156	MNAR	MNAR	MNAR	MNAR	MNAR	MNAR	MNAR	MNAR	MNAR	MNAR	MNAR	MNAR	MAR	MAR	obs	MAR	MAR	obs	MNAR	MNAR	MNAR	obs	obs	MAR
PG00156b	MNAR	MNAR	MNAR	MNAR	MNAR	MNAR	MNAR	MNAR	MNAR	obs	obs	MAR	MNAR	MNAR	MNAR	MAR	MAR	obs	MAR	MAR	obs	obs	MAR	MAR
PG00157	obs	obs	obs	obs	obs	obs	obs	obs	obs	obs	obs	obs	obs	obs	obs	obs	obs	obs	obs	obs	obs	obs	obs	obs
PG00158	MAR	obs	obs	obs	MAR	MAR	MAR	obs	MAR	MAR	obs	MAR	MAR	obs	MAR	obs	MAR	obs	MNAR	MNAR	MNAR	MNAR	MNAR	MNAR
PG00160	obs	obs	obs	obs	obs	obs	obs	obs	obs	obs	obs	obs	obs	obs	obs	MAR	obs	obs	obs	obs	obs	obs	obs	obs
PG00163	MAR	obs	obs	MAR	obs	MAR	obs	obs	obs	MAR	obs	MAR	obs	obs	MAR	obs	MAR	obs	obs	obs	MAR	obs	MAR	obs
PG00164	obs	obs	MAR	obs	obs	MAR	MNAR	MNAR	MNAR	MNAR	MNAR	MNAR	MNAR	MNAR	MNAR	MAR	MAR	obs	MAR	obs	MAR	obs	obs	obs
PG00165	obs	obs	obs	obs	obs	obs	obs	obs	obs	obs	obs	MAR	obs	obs	obs	obs	obs	obs	obs	obs	obs	obs	obs	obs
PG00166	obs	obs	MAR	obs	obs	obs	obs	obs	obs	obs	obs	obs	obs	obs	obs	obs	obs	obs	obs	obs	obs	obs	obs	obs
PG00167	MNAR	MNAR	MNAR	obs	MAR	obs	MAR	obs	MAR	MNAR	MNAR	MNAR	MAR	MAR	obs	MAR	MAR	obs	obs	obs	obs	MAR	MAR	obs
PG00168	MAR	obs	obs	MAR	obs	MAR	MAR	obs	obs	MAR	obs	MAR	obs	obs	MAR	MAR	obs	obs	MAR	obs	MAR	MAR	obs	obs
PG00169	obs	obs	obs	obs	obs	obs	obs	obs	MAR	obs	obs	obs	obs	obs	obs	obs	obs	obs	MAR	obs	obs	obs	obs	obs
PG00170	MNAR	MNAR	MNAR	obs	obs	MAR	MNAR	MNAR	MNAR	MNAR	MNAR	MNAR	MNAR	MNAR	MNAR	MNAR	MNAR	MNAR	MAR	obs	obs	obs	MAR	MAR
PG00171	obs	obs	obs	obs	obs	obs	obs	obs	MAR	obs	obs	obs	MAR	obs	MAR	obs	obs	obs	obs	obs	obs	obs	obs	MAR
PG00172	obs	obs	MAR	MAR	obs	obs	obs	obs	obs	obs	obs	MAR	obs	MAR	obs	obs	obs	obs	obs	obs	obs	MAR	MAR	obs
PG00173	MAR	MAR	obs	obs	obs	obs	obs	MAR	obs	obs	MAR	MAR	obs	MAR	MAR	MNAR	MNAR	MNAR	obs	MAR	MAR	MNAR	MNAR	MNAR
PG00174	MAR	MAR	obs	MNAR	MNAR	MNAR	MNAR	MNAR	MNAR	MAR	obs	MAR	obs	MAR	obs	MAR	MAR	obs	obs	obs	MAR	MAR	obs	MAR
PG00176	obs	obs	obs	obs	obs	obs	obs	obs	obs	obs	obs	obs	obs	MAR	obs	obs	obs	obs	obs	obs	obs	obs	obs	obs
PG00177	obs	obs	obs	obs	obs	obs	MAR	obs	obs	obs	obs	obs	obs	obs	obs	obs	obs	obs	obs	obs	MAR	obs	obs	obs
PG00179	MAR	obs	obs	obs	obs	obs	obs	obs	obs	obs	obs	obs	obs	obs	obs	obs	obs	obs	obs	obs	obs	obs	obs	obs
PG00180	MAR	obs	obs	obs	obs	obs	obs	obs	MAR	obs	obs	MAR	obs	obs	obs	obs	obs	obs	obs	obs	MAR	obs	obs	MAR
PG00181	MAR	MAR	obs	obs	obs	MAR	MNAR	MNAR	MNAR	MNAR	MNAR	MNAR	obs	obs	obs	obs	MAR	MAR	MAR	obs	MAR	MNAR	MNAR	MNAR
PG00182	obs	obs	obs	obs	obs	obs	obs	obs	obs	obs	obs	obs	obs	obs	obs	MAR	obs	obs	obs	obs	obs	obs	obs	obs
PG00184	obs	obs	obs	obs	obs	obs	obs	obs	obs	obs	MAR	obs	obs	obs	obs	obs	obs	obs	obs	obs	obs	obs	obs	obs
PG00185	obs	obs	obs	obs	MAR	obs	obs	MAR	obs	MAR	obs	obs	obs	obs	MAR	MAR	obs	MAR	MAR	obs	MAR	MAR	obs	MAR
PG00188	obs	obs	obs	obs	obs	obs	obs	obs	obs	obs	obs	obs	obs	obs	obs	obs	MAR	obs	obs	obs	MAR	obs	obs	obs
PG00189	obs	obs	obs	obs	obs	obs	obs	obs	obs	MAR	obs	obs	obs	obs	obs	obs	obs	obs	obs	obs	obs	obs	obs	obs
PG00189b	obs	obs	obs	obs	MAR	obs	obs	obs	MAR	obs	obs	obs	obs	obs	obs	obs	obs	obs	obs	obs	obs	obs	obs	obs
PG00191	MNAR	MNAR	MNAR	MAR	obs	obs	obs	MAR	MAR	MNAR	MNAR	MNAR	MNAR	MNAR	MNAR	obs	obs	MAR	MNAR	MNAR	MNAR	obs	MAR	MAR
PG00192	MAR	obs	MAR	MAR	obs	MAR	obs	obs	MAR	MAR	MAR	obs	MAR	obs	obs	obs	obs	obs	obs	MAR	obs	MAR	MAR	obs
PG00192b	obs	MAR	obs	obs	obs	obs	MAR	MAR	obs	obs	MAR	obs	obs	obs	obs	obs	MAR	MAR	MAR	obs	obs	obs	MAR	obs
PG00194	MAR	obs	MAR	obs	MAR	obs	MAR	obs	obs	obs	obs	MAR	obs	obs	MAR	obs	obs	obs	obs	obs	MAR	obs	obs	obs
PG00195	MAR	MAR	obs	MAR	obs	obs	obs	obs	MAR	obs	obs	obs	MAR	obs	obs	MAR	obs	obs	MAR	obs	obs	MNAR	MNAR	MNAR
PG00196	obs	obs	obs	obs	obs	MAR	MAR	obs	MAR	MAR	obs	MAR	MNAR	MNAR	MNAR	obs	MAR	MAR	obs	obs	MAR	obs	obs	obs
PG00197	obs	obs	obs	obs	MAR	MAR	obs	obs	MAR	obs	obs	MAR	MAR	obs	obs	obs	MAR	obs	MAR	obs	obs	MAR	obs	obs
PG00198	obs	obs	obs	obs	obs	obs	obs	obs	obs	obs	obs	obs	obs	obs	obs	obs	obs	obs	obs	obs	obs	obs	obs	obs
PG00199	obs	obs	obs	obs	obs	obs	obs	obs	obs	obs	obs	obs	obs	obs	obs	obs	MAR	obs	obs	obs	obs	obs	obs	obs
PG00200	MAR	obs	obs	obs	obs	MAR	obs	obs	obs	MAR	obs	obs	obs	obs	obs	obs	obs	obs	MAR	obs	obs	obs	MAR	obs
PG00201	obs	obs	obs	obs	obs	obs	obs	MAR	obs	obs	obs	obs	obs	obs	obs	obs	obs	obs	obs	obs	obs	obs	obs	obs
PG00202	obs	obs	obs	MAR	obs	obs	MAR	obs	obs	obs	obs	obs	MAR	obs	obs	MAR	obs	obs	MAR	MAR	obs	MNAR	MNAR	MNAR
PG00203	obs	obs	MAR	obs	obs	MAR	obs	obs	obs	obs	MAR	obs	obs	MAR	obs	obs	obs	MAR	obs	obs	MAR	obs	obs	MAR
PG00204	MAR	obs	MAR	obs	obs	obs	obs	obs	obs	obs	obs	obs	obs	obs	obs	obs	obs	obs	obs	MAR	obs	obs	obs	obs
PG00206	obs	MAR	obs	obs	obs	obs	obs	obs	obs	obs	obs	obs	obs	obs	obs	obs	obs	obs	obs	obs	obs	obs	obs	obs
PG00207	obs	obs	obs	obs	obs	MAR	obs	obs	obs	obs	obs	obs	obs	obs	obs	obs	obs	obs	obs	obs	obs	obs	obs	obs
PG00208	obs	obs	MAR	obs	obs	obs	obs	obs	MAR	obs	obs	obs	obs	obs	obs	obs	obs	obs	obs	obs	obs	obs	obs	obs
PG00209	obs	obs	obs	obs	obs	obs	obs	obs	obs	obs	obs	obs	obs	obs	obs	MAR	obs	obs	obs	obs	obs	MAR	obs	obs
PG00210	obs	obs	obs	obs	obs	MAR	obs	obs	MAR	obs	obs	obs	obs	obs	obs	obs	obs	obs	obs	obs	obs	obs	obs	obs
PG00211	obs	obs	obs	MNAR	MNAR	MNAR	obs	obs	obs	obs	obs	obs	obs	MAR	obs	obs	obs	obs	obs	obs	obs	MAR	obs	obs
PG00212	MAR	obs	MAR	MAR	obs	MAR	MAR	obs	MAR	MAR	obs	obs	MAR	obs	obs	MAR	obs	MAR	MAR	obs	obs	obs	obs	obs
PG00213	obs	obs	obs	obs	obs	obs	obs	obs	obs	obs	obs	obs	obs	obs	obs	MAR	obs	obs	obs	obs	obs	obs	obs	obs
PG00214	MAR	obs	obs	obs	obs	obs	obs	obs	obs	MAR	obs	obs	obs	obs	obs	MAR	obs	obs	obs	obs	MAR	obs	obs	obs
PG00215	obs	obs	obs	obs	obs	obs	MAR	obs	obs	obs	obs	obs	obs	obs	obs	obs	obs	obs	obs	obs	obs	MAR	obs	obs
PG00216	MAR	obs	obs	obs	MAR	obs	MAR	obs	obs	obs	obs	obs	obs	obs	obs	MAR	obs	obs	obs	MAR	obs	obs	obs	MAR
PG00217	obs	obs	obs	obs	obs	obs	MAR	obs	obs	obs	obs	obs	obs	obs	MAR	obs	obs	obs	obs	obs	obs	obs	obs	obs
PG00218	obs	obs	obs	obs	obs	obs	obs	obs	obs	obs	obs	obs	obs	obs	obs	obs	obs	obs	obs	obs	obs	obs	obs	MAR
PG00219	obs	obs	obs	obs	obs	obs	MAR	obs	obs	obs	MAR	obs	obs	obs	obs	obs	obs	obs	obs	MAR	obs	obs	obs	obs
PG00220	obs	obs	obs	obs	obs	obs	obs	obs	obs	obs	obs	obs	obs	obs	obs	obs	obs	obs	obs	obs	obs	MAR	obs	MAR
PG00221	obs	obs	obs	MAR	obs	obs	MAR	obs	obs	MAR	obs	obs	obs	obs	obs	obs	obs	obs	obs	obs	obs	obs	obs	MAR
PG00222	obs	obs	obs	obs	obs	obs	obs	obs	obs	obs	obs	obs	obs	obs	obs	obs	obs	obs	obs	obs	obs	obs	obs	obs
PG00223	MAR	MAR	obs	obs	obs	obs	MAR	obs	obs	obs	MAR	obs	obs	obs	obs	obs	obs	obs	obs	MAR	obs	obs	obs	obs
PG00225	obs	obs	obs	obs	obs	obs	obs	obs	obs	obs	obs	obs	obs	obs	obs	obs	MAR	obs	obs	obs	obs	obs	obs	obs
PG00226	obs	obs	obs	obs	obs	obs	obs	obs	obs	obs	obs	obs	obs	obs	obs	obs	obs	obs	obs	obs	obs	MAR	obs	obs
PG00226b	obs	obs	obs	obs	obs	obs	obs	obs	MAR	obs	obs	obs	obs	obs	obs	obs	obs	obs	obs	obs	obs	obs	obs	MAR
PG00227	obs	obs	obs	MAR	obs	MAR	obs	obs	obs	obs	obs	MAR	obs	MAR	obs	obs	obs	obs	obs	obs	obs	obs	obs	obs
PG00229	obs	obs	obs	obs	obs	obs	obs	obs	obs	obs	MAR	obs	MAR	obs	obs	obs	obs	obs	obs	obs	MAR	obs	obs	obs
PG00230	obs	obs	obs	obs	obs	obs	obs	obs	obs	MAR	obs	obs	obs	obs	obs	obs	obs	obs	obs	obs	obs	obs	obs	obs
PG00231	obs	obs	obs	obs	obs	obs	obs	obs	obs	obs	obs	obs	obs	obs	MAR	obs	obs	obs	obs	obs	obs	obs	obs	obs
PG00232	obs	obs	MAR	obs	obs	obs	obs	obs	obs	obs	obs	obs	obs	obs	obs	obs	obs	obs	obs	obs	obs	obs	obs	obs
PG00234	MAR	obs	obs	obs	MAR	MAR	MAR	obs	obs	obs	obs	obs	MAR	obs	obs	MAR	obs	obs	MNAR	MNAR	MNAR	MAR	obs	obs
PG00235	obs	MAR	obs	obs	obs	obs	obs	obs	obs	obs	MAR	obs	obs	obs	obs	obs	MAR	obs	MAR	obs	obs	MNAR	MNAR	MNAR
PG00236	obs	obs	obs	obs	obs	obs	obs	obs	obs	obs	obs	obs	obs	obs	obs	obs	obs	obs	obs	obs	obs	obs	obs	obs
PG00237	obs	obs	obs	MNAR	MNAR	MNAR	obs	MAR	MAR	obs	MAR	MAR	MAR	MAR	obs	MAR	obs	obs	MAR	obs	MAR	obs	MAR	MAR
PG00238	obs	MAR	MAR	MNAR	MNAR	MNAR	MAR	obs	obs	MNAR	MNAR	MNAR	MNAR	MNAR	MNAR	MAR	MAR	obs	MAR	obs	MAR	MAR	MAR	obs
PG00239	obs	obs	obs	obs	obs	obs	MAR	obs	obs	obs	obs	obs	obs	MAR	obs	obs	obs	obs	obs	obs	obs	obs	obs	obs
PG00240	MNAR	MNAR	MNAR	obs	MAR	MAR	obs	MAR	MAR	MAR	obs	MAR	obs	obs	obs	MAR	obs	obs	MAR	obs	obs	MNAR	MNAR	MNAR
PG00241	obs	obs	obs	obs	obs	obs	obs	obs	obs	obs	MAR	obs	obs	obs	obs	obs	obs	obs	obs	obs	obs	obs	obs	obs
PG00242	obs	obs	obs	MAR	obs	MAR	obs	obs	obs	obs	obs	MAR	obs	obs	obs	obs	obs	obs	obs	obs	obs	obs	MAR	obs
PG00246	MAR	obs	MAR	obs	MAR	MAR	obs	obs	obs	obs	MAR	obs	obs	obs	MAR	obs	MAR	MAR	obs	MAR	obs	MAR	obs	obs
PG00247	obs	obs	obs	obs	obs	obs	obs	obs	obs	obs	obs	obs	obs	obs	obs	obs	obs	obs	obs	MAR	obs	obs	obs	obs
PG00248	MAR	obs	obs	MAR	MAR	obs	obs	obs	obs	obs	obs	obs	obs	MAR	obs	MAR	obs	obs	obs	obs	MAR	obs	obs	obs
PG00249	obs	obs	obs	obs	obs	obs	MAR	MAR	obs	obs	MAR	obs	obs	obs	obs	obs	obs	obs	obs	MAR	obs	obs	obs	obs
PG00251	obs	obs	obs	MAR	obs	obs	obs	obs	obs	obs	MAR	obs	obs	obs	obs	obs	obs	MAR	obs	obs	obs	MAR	obs	MAR
PG00252	obs	MAR	obs	MAR	obs	obs	obs	obs	obs	MAR	obs	obs	obs	MAR	obs	obs	obs	obs	MAR	obs	MAR	obs	obs	obs
PG00254	obs	obs	obs	obs	obs	obs	obs	obs	obs	obs	obs	obs	obs	obs	obs	obs	obs	obs	MAR	obs	obs	obs	obs	obs
PG00255	MAR	MAR	obs	MAR	obs	obs	obs	MAR	MAR	obs	obs	obs	MAR	MAR	obs	MAR	obs	MAR	MAR	obs	obs	obs	obs	MAR
PG00256	obs	obs	obs	obs	MAR	obs	obs	obs	obs	obs	obs	obs	obs	obs	obs	obs	obs	obs	obs	obs	obs	obs	MAR	obs
PG00257	obs	obs	obs	obs	obs	obs	obs	obs	obs	obs	obs	obs	MAR	obs	obs	obs	obs	obs	obs	obs	obs	obs	obs	obs
PG00258	obs	obs	MAR	obs	obs	obs	MAR	MAR	obs	MAR	obs	obs	MAR	obs	obs	MAR	MAR	obs	obs	obs	obs	obs	MAR	obs
PG00259	obs	obs	obs	obs	obs	obs	obs	obs	obs	obs	obs	obs	obs	obs	obs	obs	obs	obs	obs	obs	obs	obs	MAR	obs
PG00261	obs	obs	obs	obs	obs	obs	obs	obs	obs	obs	MAR	obs	obs	obs	obs	obs	obs	MAR	obs	obs	obs	obs	obs	obs
PG00261b	obs	obs	obs	obs	obs	obs	obs	obs	obs	obs	obs	obs	obs	obs	obs	obs	obs	obs	obs	MAR	obs	obs	obs	obs
PG00262	obs	obs	obs	obs	obs	obs	obs	obs	obs	obs	obs	obs	obs	obs	obs	obs	obs	MAR	obs	obs	obs	obs	obs	obs
PG00263	MAR	obs	MAR	obs	obs	obs	MAR	obs	obs	obs	obs	obs	MAR	obs	MAR	obs	obs	obs	obs	obs	obs	obs	MAR	obs
PG00264	MAR	MAR	obs	obs	obs	obs	MAR	obs	MAR	MAR	obs	obs	MNAR	MNAR	MNAR	MAR	obs	MAR	MNAR	MNAR	MNAR	obs	obs	obs
PG00265	obs	obs	MAR	obs	obs	obs	MAR	MAR	obs	obs	obs	obs	obs	obs	obs	obs	obs	obs	obs	obs	obs	obs	MAR	obs
PG00267	obs	obs	obs	MAR	obs	obs	obs	obs	obs	obs	obs	obs	obs	obs	obs	obs	obs	obs	MAR	obs	obs	obs	obs	obs
PG00268	obs	MAR	MAR	obs	obs	obs	obs	obs	obs	obs	obs	obs	obs	obs	obs	obs	obs	obs	obs	obs	obs	obs	obs	obs
PG00269	MNAR	MNAR	MNAR	obs	obs	obs	obs	obs	MAR	obs	MAR	obs	obs	obs	obs	obs	obs	obs	obs	MAR	obs	obs	obs	obs
PG00270	obs	obs	obs	MAR	obs	obs	obs	obs	MAR	obs	obs	MAR	obs	MAR	MAR	obs	obs	obs	obs	obs	obs	MAR	MAR	obs
PG00271	MAR	obs	obs	obs	obs	MAR	obs	obs	obs	MNAR	MNAR	MNAR	MNAR	MNAR	MNAR	obs	MAR	MAR	MNAR	MNAR	MNAR	MNAR	MNAR	MNAR
PG00272	obs	obs	obs	obs	obs	obs	obs	obs	obs	obs	obs	obs	obs	obs	obs	obs	obs	obs	MAR	obs	obs	obs	obs	obs
PG00273	obs	obs	MAR	obs	obs	obs	obs	obs	obs	MAR	obs	obs	obs	obs	obs	obs	obs	obs	MAR	MAR	obs	obs	obs	obs
PG00274	obs	obs	obs	obs	MAR	obs	obs	obs	MAR	obs	obs	obs	obs	obs	obs	MAR	obs	MAR	MAR	obs	obs	obs	obs	MAR
PG00275	MAR	MAR	obs	obs	MAR	obs	MNAR	MNAR	MNAR	MAR	obs	obs	MAR	obs	MAR	MAR	MAR	obs	MAR	obs	MAR	obs	MAR	MAR
PG00276	obs	obs	obs	obs	obs	obs	obs	obs	obs	obs	obs	obs	obs	obs	obs	obs	obs	obs	obs	obs	obs	obs	obs	obs
PG00277	obs	obs	obs	obs	MAR	obs	obs	obs	obs	obs	obs	obs	obs	obs	obs	obs	obs	obs	obs	obs	obs	obs	obs	obs
PG00279	obs	obs	MAR	obs	obs	MAR	obs	obs	MAR	MAR	obs	MAR	obs	obs	MAR	obs	obs	obs	obs	obs	obs	obs	obs	obs
PG00281	MAR	obs	obs	obs	obs	obs	obs	obs	obs	obs	obs	obs	obs	obs	obs	obs	obs	obs	obs	obs	obs	obs	obs	obs
PG00282	obs	obs	obs	obs	MAR	obs	obs	obs	obs	obs	obs	obs	obs	obs	obs	obs	obs	obs	obs	MAR	obs	obs	obs	obs
PG00284	obs	obs	obs	obs	obs	obs	obs	obs	obs	obs	obs	obs	obs	obs	obs	obs	obs	obs	obs	obs	obs	obs	obs	obs
PG00285	MNAR	MNAR	MNAR	MNAR	MNAR	MNAR	MNAR	MNAR	MNAR	obs	MAR	MAR	MNAR	MNAR	MNAR	MNAR	MNAR	MNAR	obs	MAR	obs	obs	MAR	obs
PG00286	MAR	obs	obs	MAR	obs	obs	obs	obs	obs	obs	obs	obs	obs	obs	MAR	MAR	obs	obs	obs	obs	MAR	obs	obs	MAR
PG00287	obs	obs	obs	MAR	obs	obs	obs	obs	obs	obs	obs	obs	obs	obs	obs	obs	MAR	obs	obs	obs	obs	obs	obs	obs
PG00288	MAR	obs	MAR	MAR	obs	MAR	MAR	obs	obs	MAR	obs	obs	obs	obs	MAR	obs	obs	MAR	MAR	obs	obs	obs	MAR	obs
PG00290	obs	obs	obs	obs	obs	MAR	obs	obs	obs	obs	obs	MAR	obs	obs	obs	obs	obs	obs	obs	obs	obs	obs	obs	obs
PG00291	obs	obs	obs	obs	obs	obs	obs	obs	obs	MAR	obs	obs	obs	obs	obs	obs	obs	obs	obs	obs	obs	obs	obs	obs
PG00292	obs	obs	obs	obs	obs	obs	obs	obs	obs	obs	obs	obs	MAR	obs	obs	obs	obs	obs	obs	obs	obs	obs	obs	obs
PG00293	obs	obs	obs	obs	obs	obs	obs	MAR	obs	MAR	obs	MAR	obs	obs	obs	MAR	obs	MAR	obs	obs	obs	obs	obs	obs
PG00294	obs	obs	obs	obs	obs	obs	obs	obs	obs	obs	obs	MAR	obs	obs	obs	obs	MAR	obs	obs	obs	obs	obs	MAR	obs
PG00295	obs	obs	obs	obs	obs	obs	obs	obs	obs	obs	obs	obs	obs	obs	obs	obs	obs	obs	obs	obs	obs	obs	obs	obs
PG00296	obs	obs	MAR	obs	obs	obs	MAR	obs	MAR	obs	obs	MAR	MNAR	MNAR	MNAR	obs	obs	obs	obs	obs	MAR	MAR	obs	MAR
PG00298	obs	obs	obs	obs	obs	obs	obs	obs	obs	obs	MAR	obs	obs	obs	obs	obs	obs	obs	obs	obs	obs	obs	obs	obs
PG00299	MAR	obs	obs	obs	obs	obs	obs	obs	obs	obs	obs	obs	obs	obs	obs	obs	obs	obs	obs	obs	obs	obs	obs	obs
PG00301	obs	obs	MAR	obs	obs	obs	obs	obs	obs	obs	MAR	obs	obs	obs	obs	obs	obs	obs	obs	obs	obs	obs	obs	obs
PG00302	obs	obs	obs	obs	obs	obs	obs	MAR	obs	obs	obs	obs	obs	obs	obs	obs	obs	obs	obs	obs	obs	obs	obs	obs
PG00303	obs	obs	obs	obs	MAR	obs	obs	obs	MAR	obs	obs	obs	obs	obs	obs	obs	obs	obs	obs	obs	obs	obs	obs	obs
PG00304	obs	obs	MAR	obs	obs	obs	obs	obs	obs	obs	MAR	obs	obs	obs	MAR	obs	MAR	MAR	MAR	obs	MAR	obs	obs	obs
PG00305	obs	obs	MAR	obs	MAR	obs	obs	obs	obs	MAR	MAR	obs	obs	obs	obs	obs	obs	obs	obs	obs	obs	obs	obs	obs
PG00306	obs	obs	obs	obs	obs	obs	obs	MAR	MAR	MAR	obs	obs	MAR	obs	MAR	obs	MAR	obs	MAR	obs	MAR	obs	obs	MAR
PG00307	obs	obs	obs	MNAR	MNAR	MNAR	MNAR	MNAR	MNAR	obs	MAR	obs	obs	MAR	MAR	obs	obs	obs	MAR	obs	obs	obs	MAR	obs
PG00308	obs	obs	obs	obs	obs	obs	obs	obs	obs	obs	obs	obs	obs	obs	obs	obs	obs	obs	MAR	obs	obs	obs	MAR	obs
PG00309	obs	obs	MAR	obs	obs	obs	obs	obs	obs	obs	obs	obs	obs	obs	obs	obs	obs	obs	obs	obs	obs	obs	obs	obs
PG00310	obs	MAR	obs	obs	obs	obs	obs	obs	obs	obs	MAR	obs	MAR	obs	obs	MAR	obs	obs	MAR	obs	MAR	obs	MAR	obs
PG00311	obs	MAR	obs	obs	MAR	MAR	obs	MAR	obs	MNAR	MNAR	MNAR	obs	obs	MAR	obs	MAR	obs	obs	MAR	obs	obs	MAR	MAR
PG00313	MAR	obs	obs	obs	obs	obs	obs	MAR	obs	obs	obs	obs	obs	obs	obs	obs	obs	obs	obs	obs	obs	MAR	obs	obs
PG00314	obs	obs	obs	obs	obs	obs	obs	obs	obs	obs	obs	obs	obs	obs	obs	obs	obs	obs	obs	obs	obs	obs	obs	MAR
PG00315	obs	obs	MAR	obs	obs	obs	obs	obs	MAR	MAR	MAR	obs	obs	obs	obs	obs	obs	obs	obs	obs	MAR	obs	obs	obs
PG00316	obs	MAR	obs	obs	obs	obs	obs	obs	obs	MAR	obs	obs	MAR	obs	MAR	obs	obs	MAR	obs	MAR	obs	MAR	MAR	obs
PG00317	obs	obs	obs	obs	obs	obs	obs	obs	obs	obs	obs	obs	obs	obs	obs	obs	MAR	obs	obs	obs	obs	obs	obs	obs
PG00318	MAR	obs	obs	obs	obs	obs	MAR	obs	obs	obs	MAR	MAR	obs	MAR	obs	obs	obs	MAR	MAR	obs	obs	obs	MAR	MAR
PG00319	obs	obs	obs	MAR	obs	obs	obs	obs	obs	obs	MAR	obs	obs	obs	obs	obs	obs	obs	obs	obs	obs	MAR	obs	obs
PG00320	obs	obs	MAR	obs	obs	obs	obs	obs	MAR	obs	MAR	obs	obs	obs	obs	obs	MAR	obs	MAR	MAR	obs	MAR	MAR	obs
PG00321	MAR	obs	obs	obs	obs	obs	obs	obs	obs	obs	obs	obs	obs	obs	obs	obs	obs	obs	obs	obs	obs	obs	MAR	obs
PG00323	MNAR	MNAR	MNAR	obs	MAR	MAR	MAR	obs	MAR	obs	obs	MAR	MAR	MAR	obs	MNAR	MNAR	MNAR	MAR	obs	MAR	MAR	obs	obs
PG00324	obs	obs	obs	MNAR	MNAR	MNAR	obs	obs	MAR	MNAR	MNAR	MNAR	obs	obs	obs	obs	MAR	obs	MAR	obs	MAR	obs	obs	obs
PG00326	MAR	obs	obs	obs	obs	obs	obs	obs	obs	obs	obs	obs	MAR	obs	obs	obs	obs	obs	obs	obs	obs	obs	MAR	obs
PG00327	MNAR	MNAR	MNAR	obs	obs	obs	MAR	MAR	obs	obs	MAR	obs	obs	obs	obs	MAR	MAR	obs	obs	MAR	obs	obs	MAR	obs
PG00328	obs	obs	obs	obs	obs	obs	MAR	obs	obs	obs	MAR	obs	obs	obs	obs	obs	obs	obs	obs	obs	obs	obs	obs	obs
PG00330	obs	obs	obs	obs	obs	MAR	obs	obs	MAR	obs	obs	obs	obs	obs	obs	MAR	obs	MAR	obs	obs	obs	obs	obs	obs
PG00331	obs	obs	obs	obs	obs	obs	obs	obs	obs	obs	obs	MAR	obs	obs	obs	obs	obs	obs	obs	obs	obs	obs	obs	obs
PG00331b	obs	obs	obs	obs	obs	obs	obs	obs	obs	obs	obs	obs	obs	obs	obs	obs	obs	obs	obs	obs	obs	obs	obs	obs
PG00332	obs	obs	obs	obs	obs	obs	obs	obs	obs	obs	obs	MAR	obs	obs	obs	obs	MAR	obs	obs	obs	obs	obs	obs	obs
PG00334	obs	MAR	MAR	MAR	obs	MAR	MAR	MAR	obs	MAR	MAR	obs	MAR	MAR	obs	obs	obs	MAR	MAR	obs	MAR	MNAR	MNAR	MNAR
PG00337	MAR	obs	obs	obs	obs	MAR	obs	obs	obs	MAR	obs	MAR	MAR	obs	obs	obs	obs	obs	obs	obs	MAR	MAR	MAR	obs
PG00338	obs	obs	obs	obs	obs	obs	obs	obs	obs	obs	obs	obs	obs	obs	obs	obs	obs	obs	obs	MAR	MAR	obs	obs	obs
PG00339	obs	obs	obs	MAR	obs	obs	obs	obs	obs	obs	obs	obs	obs	obs	obs	obs	obs	obs	obs	obs	obs	obs	obs	obs
PG00340	obs	obs	obs	obs	obs	obs	obs	obs	obs	obs	obs	obs	obs	obs	obs	obs	obs	MAR	obs	MAR	obs	obs	obs	obs
PG00342	obs	MAR	MAR	obs	MAR	obs	MAR	obs	MAR	obs	obs	MAR	obs	obs	obs	MNAR	MNAR	MNAR	MAR	obs	MAR	obs	MAR	obs
PG00343	obs	obs	obs	obs	obs	obs	obs	obs	obs	obs	MAR	obs	obs	MAR	obs	MAR	obs	obs	obs	obs	obs	obs	obs	obs
PG00344	obs	obs	obs	obs	obs	obs	obs	obs	obs	obs	obs	obs	obs	obs	obs	obs	obs	obs	obs	obs	obs	obs	obs	obs
PG00345	obs	obs	obs	obs	obs	obs	obs	obs	obs	obs	obs	obs	obs	obs	obs	obs	obs	obs	obs	obs	obs	MAR	obs	obs
PG00346	obs	obs	obs	obs	obs	obs	MAR	obs	obs	obs	obs	obs	obs	obs	obs	obs	obs	obs	obs	obs	obs	obs	obs	obs
PG00347	MAR	obs	obs	obs	obs	obs	obs	obs	obs	obs	obs	obs	obs	obs	obs	obs	obs	obs	obs	obs	obs	obs	obs	obs
PG00349	MNAR	MNAR	MNAR	obs	MAR	MAR	MNAR	MNAR	MNAR	MNAR	MNAR	MNAR	MAR	obs	obs	obs	MAR	obs	MAR	obs	obs	MAR	obs	obs
PG00350	obs	obs	obs	obs	obs	obs	obs	obs	obs	obs	obs	obs	obs	obs	obs	obs	obs	obs	obs	MAR	obs	obs	obs	obs
PG00351	obs	obs	obs	obs	obs	MAR	MAR	obs	obs	obs	MAR	obs	MAR	obs	obs	obs	MAR	MAR	MAR	obs	MAR	obs	obs	obs
PG00352	obs	obs	obs	obs	obs	obs	obs	obs	obs	obs	obs	obs	obs	obs	obs	obs	obs	obs	obs	obs	obs	obs	obs	obs
PG00352b	obs	obs	obs	obs	obs	obs	obs	obs	obs	obs	obs	obs	obs	obs	obs	obs	obs	obs	obs	obs	obs	obs	obs	obs
PG00353	obs	obs	obs	obs	obs	MAR	obs	obs	obs	obs	obs	obs	obs	obs	obs	obs	obs	MAR	MAR	obs	obs	obs	obs	obs
PG00354	obs	obs	obs	obs	MAR	MAR	obs	obs	MAR	obs	obs	obs	MAR	obs	obs	MAR	obs	obs	obs	MAR	obs	obs	MAR	MAR
PG00355	MAR	obs	obs	MAR	obs	MAR	MAR	obs	obs	obs	MAR	MAR	obs	MAR	obs	obs	MAR	obs	MAR	obs	MAR	obs	MAR	MAR
PG00356	obs	obs	obs	obs	obs	obs	obs	MAR	obs	obs	obs	obs	obs	obs	obs	MAR	obs	MAR	obs	obs	obs	obs	obs	obs
PG00357	MAR	obs	MAR	MAR	obs	obs	obs	obs	obs	obs	obs	obs	obs	obs	MAR	obs	obs	obs	obs	obs	obs	obs	obs	obs
PG00358	obs	obs	obs	obs	obs	obs	obs	obs	MAR	obs	obs	obs	obs	obs	obs	obs	obs	obs	obs	obs	obs	obs	obs	obs
PG00361	obs	obs	obs	obs	obs	obs	obs	obs	obs	obs	obs	obs	obs	obs	obs	obs	MAR	obs	obs	obs	obs	obs	obs	obs
PG00362	obs	obs	MAR	obs	obs	obs	obs	obs	obs	obs	obs	obs	obs	obs	obs	obs	obs	obs	obs	obs	obs	obs	obs	obs
PG00364	obs	obs	obs	obs	obs	obs	obs	obs	obs	obs	MAR	obs	obs	obs	obs	obs	obs	obs	obs	obs	obs	obs	obs	obs
PG00366	MAR	obs	MAR	MNAR	MNAR	MNAR	MAR	MAR	obs	MNAR	MNAR	MNAR	obs	MAR	MAR	MAR	obs	obs	MNAR	MNAR	MNAR	MNAR	MNAR	MNAR
PG00367	MNAR	MNAR	MNAR	MNAR	MNAR	MNAR	MNAR	MNAR	MNAR	MNAR	MNAR	MNAR	MNAR	MNAR	MNAR	MNAR	MNAR	MNAR	MNAR	MNAR	MNAR	obs	obs	obs
PG00369	obs	obs	obs	obs	obs	obs	obs	obs	obs	obs	obs	obs	obs	obs	obs	obs	obs	MAR	obs	obs	obs	MAR	obs	obs
PG00370	obs	obs	MAR	obs	obs	obs	obs	obs	MAR	obs	obs	MAR	obs	MAR	obs	obs	obs	obs	obs	obs	obs	obs	obs	MAR
PG00371	obs	obs	obs	obs	obs	obs	obs	obs	obs	obs	obs	obs	obs	obs	obs	obs	obs	obs	obs	obs	MAR	obs	obs	obs
PG00372	obs	MAR	obs	obs	obs	MAR	obs	obs	MAR	obs	MAR	MAR	obs	obs	MAR	obs	obs	obs	obs	MAR	obs	obs	obs	MAR
PG00373	obs	obs	obs	obs	obs	MAR	obs	MAR	MAR	obs	obs	obs	obs	obs	obs	obs	obs	obs	obs	obs	obs	obs	obs	obs
PG00374	MAR	obs	MAR	obs	obs	obs	MAR	obs	obs	MNAR	MNAR	MNAR	MAR	obs	MAR	MAR	MAR	obs	MAR	MAR	obs	MAR	MAR	obs
PG00375	obs	obs	MAR	obs	obs	MAR	MNAR	MNAR	MNAR	MNAR	MNAR	MNAR	obs	MAR	MAR	MNAR	MNAR	MNAR	MAR	obs	MAR	MAR	obs	MAR
PG00376	obs	MAR	obs	obs	obs	obs	obs	MAR	obs	obs	obs	obs	obs	obs	obs	obs	MAR	obs	obs	obs	obs	MAR	obs	obs
PG00376b	obs	obs	obs	obs	obs	obs	MAR	obs	obs	obs	obs	obs	obs	obs	obs	MAR	obs	obs	obs	obs	obs	obs	obs	obs
PG00377	obs	obs	obs	obs	obs	obs	obs	obs	obs	obs	MAR	obs	obs	obs	obs	obs	obs	obs	obs	obs	obs	obs	obs	obs
PG00378	obs	MAR	MAR	obs	obs	obs	obs	obs	obs	MNAR	MNAR	MNAR	MAR	MAR	obs	obs	MAR	obs	obs	obs	obs	obs	obs	obs
PG00379	MAR	MAR	obs	MAR	MAR	obs	MAR	MAR	obs	obs	obs	obs	obs	obs	MAR	MNAR	MNAR	MNAR	MNAR	MNAR	MNAR	obs	MAR	MAR
PG00380	obs	obs	obs	obs	obs	obs	obs	obs	obs	obs	obs	obs	obs	obs	obs	obs	obs	obs	obs	obs	obs	obs	obs	obs
PG00381	obs	MAR	obs	MNAR	MNAR	MNAR	obs	MAR	obs	obs	MAR	obs	MAR	obs	MAR	MAR	obs	obs	MAR	MAR	obs	obs	obs	obs
PG00383	obs	obs	obs	obs	obs	obs	obs	obs	obs	obs	MAR	obs	obs	obs	obs	obs	obs	obs	obs	obs	obs	obs	obs	obs
PG00384	obs	obs	obs	obs	obs	obs	obs	obs	obs	obs	obs	MAR	obs	obs	obs	obs	obs	obs	obs	obs	obs	obs	obs	obs
PG00385	obs	MAR	MAR	MNAR	MNAR	MNAR	obs	obs	MAR	obs	MAR	MAR	MNAR	MNAR	MNAR	MNAR	MNAR	MNAR	MNAR	MNAR	MNAR	MAR	MAR	obs
PG00387	obs	obs	obs	obs	obs	obs	obs	obs	obs	obs	obs	obs	obs	obs	obs	obs	obs	MAR	obs	obs	obs	MAR	obs	obs
PG00388	obs	obs	MAR	obs	MAR	obs	MAR	obs	obs	obs	obs	MAR	MAR	obs	obs	obs	MAR	MAR	obs	obs	MAR	obs	obs	obs
PG00389	obs	obs	obs	MAR	obs	obs	obs	obs	obs	obs	obs	obs	obs	obs	obs	MAR	obs	obs	obs	obs	obs	obs	obs	obs
PG00390	obs	obs	obs	obs	obs	obs	obs	obs	obs	obs	obs	obs	obs	obs	obs	obs	obs	obs	obs	MAR	obs	obs	obs	obs
PG00391	obs	obs	obs	obs	obs	obs	obs	obs	obs	obs	obs	obs	MAR	obs	obs	obs	obs	obs	obs	obs	obs	obs	MAR	obs
PG00391b	obs	obs	obs	obs	obs	obs	obs	obs	obs	obs	obs	obs	obs	obs	obs	obs	obs	obs	MAR	obs	obs	obs	obs	obs
PG00392	obs	obs	obs	obs	obs	obs	obs	obs	obs	obs	obs	obs	obs	obs	obs	obs	obs	obs	MAR	obs	obs	obs	obs	obs
PG00393	obs	obs	obs	MAR	obs	obs	obs	obs	obs	obs	obs	obs	obs	obs	obs	obs	MAR	obs	obs	obs	MAR	obs	obs	obs
PG00393b	obs	obs	obs	obs	obs	obs	obs	obs	obs	obs	obs	obs	obs	obs	obs	MAR	obs	MAR	obs	obs	obs	obs	MAR	obs
PG00395	obs	obs	obs	obs	obs	obs	obs	obs	obs	MAR	obs	obs	obs	obs	obs	obs	obs	obs	obs	obs	obs	obs	obs	obs
PG00398	obs	obs	obs	obs	obs	obs	obs	obs	obs	obs	obs	obs	obs	obs	obs	obs	obs	obs	obs	obs	obs	obs	obs	obs
PG00399	obs	obs	obs	obs	MAR	obs	MAR	obs	obs	obs	obs	obs	obs	obs	MAR	obs	obs	MAR	obs	obs	MAR	MAR	MAR	obs
PG00400	MAR	obs	obs	obs	obs	obs	obs	obs	MAR	obs	obs	obs	obs	MAR	obs	obs	obs	obs	MAR	obs	MAR	obs	MAR	obs
PG00401	obs	obs	obs	obs	obs	obs	obs	obs	obs	obs	MAR	obs	obs	obs	obs	obs	obs	obs	MAR	obs	obs	obs	obs	obs
PG00402	obs	obs	obs	obs	obs	obs	obs	obs	obs	obs	MAR	obs	obs	obs	obs	obs	obs	obs	obs	obs	obs	MAR	obs	obs
PG00403	obs	MAR	obs	obs	obs	obs	obs	obs	obs	obs	MAR	obs	obs	obs	MAR	MAR	obs	obs	obs	obs	obs	obs	obs	obs
PG00404	obs	obs	obs	obs	obs	obs	obs	obs	obs	obs	obs	obs	obs	obs	obs	obs	obs	obs	obs	obs	obs	obs	MAR	obs
PG00405	MAR	obs	obs	obs	MAR	obs	obs	MAR	MAR	obs	MAR	obs	MAR	obs	obs	MAR	MAR	obs	MAR	obs	MAR	obs	MAR	MAR
PG00406	obs	obs	MAR	obs	obs	obs	obs	MAR	obs	obs	obs	obs	obs	MAR	obs	obs	obs	MAR	obs	obs	MAR	obs	MAR	obs
PG00407	obs	obs	obs	obs	obs	obs	obs	obs	obs	obs	obs	obs	obs	obs	obs	obs	obs	obs	obs	obs	obs	obs	obs	obs
PG00408	obs	MAR	obs	obs	obs	obs	obs	obs	obs	obs	obs	MAR	obs	obs	obs	obs	obs	MAR	obs	obs	obs	MAR	obs	obs
PG00409	obs	obs	obs	obs	obs	obs	obs	obs	obs	obs	obs	obs	obs	obs	obs	obs	obs	obs	obs	obs	obs	obs	obs	MAR
PG00410	MAR	obs	MAR	obs	MAR	MAR	MAR	MAR	obs	MNAR	MNAR	MNAR	obs	MAR	MAR	MNAR	MNAR	MNAR	obs	obs	obs	obs	obs	MAR
PG00410b	MNAR	MNAR	MNAR	obs	obs	MAR	obs	obs	obs	obs	obs	obs	obs	MAR	obs	MAR	obs	obs	obs	MAR	MAR	obs	obs	obs
PG00411	obs	obs	obs	MAR	obs	obs	MAR	obs	obs	obs	obs	obs	MAR	obs	MAR	MAR	obs	obs	obs	obs	obs	MAR	MAR	obs
PG00413	obs	MAR	obs	obs	obs	MAR	obs	obs	obs	obs	obs	obs	obs	obs	MAR	obs	MAR	obs	obs	obs	MAR	obs	MAR	MAR
PG00414	obs	obs	obs	obs	obs	obs	obs	obs	obs	obs	obs	obs	obs	obs	obs	obs	obs	obs	obs	obs	obs	obs	obs	obs
PG00415	obs	obs	MAR	MAR	MAR	obs	MAR	obs	MAR	obs	obs	obs	obs	MAR	obs	obs	obs	obs	obs	MAR	obs	MAR	obs	obs
PG00417	obs	obs	obs	obs	obs	obs	obs	MAR	MAR	obs	obs	obs	obs	obs	obs	obs	MAR	obs	obs	obs	obs	obs	obs	obs
PG00418	obs	obs	obs	obs	obs	obs	obs	MAR	obs	obs	obs	obs	obs	obs	obs	obs	obs	MAR	obs	obs	obs	obs	obs	obs
PG00420	obs	obs	obs	obs	obs	obs	obs	obs	obs	obs	obs	obs	obs	obs	obs	obs	obs	obs	obs	obs	obs	obs	obs	obs
PG00421	obs	obs	obs	obs	obs	obs	obs	MAR	obs	obs	obs	obs	obs	obs	obs	obs	MAR	obs	obs	obs	MAR	obs	obs	obs
PG00423	obs	obs	obs	obs	MAR	obs	obs	obs	obs	obs	obs	obs	MAR	obs	MAR	MAR	obs	obs	obs	MAR	obs	obs	obs	obs
PG00424	obs	MAR	obs	MAR	MAR	obs	obs	MAR	obs	obs	MAR	obs	MAR	MAR	obs	obs	MAR	MAR	obs	MAR	MAR	obs	obs	obs
PG00425	obs	obs	obs	obs	obs	MAR	obs	obs	obs	obs	obs	obs	obs	obs	obs	obs	obs	obs	MAR	MAR	obs	obs	obs	obs
PG00425b	MAR	obs	obs	obs	MAR	obs	obs	obs	obs	MAR	obs	obs	obs	obs	obs	obs	obs	obs	MAR	MAR	obs	obs	MAR	obs
PG00426	obs	obs	obs	obs	obs	obs	obs	obs	obs	obs	obs	obs	obs	obs	obs	obs	obs	obs	obs	obs	obs	obs	obs	obs
PG00427	obs	obs	MAR	obs	obs	obs	MAR	obs	MAR	obs	MAR	obs	MAR	obs	MAR	obs	obs	MAR	MAR	obs	MAR	MAR	MAR	obs
PG00428	obs	obs	obs	obs	obs	obs	MAR	obs	obs	obs	obs	obs	obs	obs	obs	obs	obs	obs	obs	obs	obs	obs	obs	obs
PG00429	obs	obs	obs	obs	obs	obs	obs	obs	obs	obs	obs	obs	obs	obs	obs	obs	obs	obs	obs	obs	MAR	obs	MAR	obs
PG00430	obs	obs	obs	obs	obs	obs	obs	obs	MAR	MAR	obs	obs	obs	obs	obs	obs	obs	obs	MAR	obs	obs	MAR	obs	obs
PG00431	obs	obs	MAR	MAR	MAR	obs	MAR	obs	obs	obs	obs	obs	MAR	MAR	obs	obs	obs	obs	obs	MAR	obs	obs	MAR	obs
PG00432	obs	obs	obs	obs	obs	obs	obs	MAR	MAR	obs	MAR	MAR	MAR	obs	obs	obs	obs	obs	MAR	obs	obs	obs	obs	obs
PG00433	MAR	obs	obs	obs	obs	obs	MAR	obs	obs	obs	obs	obs	obs	obs	obs	obs	obs	obs	obs	obs	obs	obs	obs	obs
PG00435	MNAR	MNAR	MNAR	MAR	obs	obs	MNAR	MNAR	MNAR	MAR	obs	obs	obs	obs	obs	obs	obs	obs	obs	MAR	obs	obs	obs	obs
PG00436	obs	obs	obs	obs	obs	obs	obs	obs	obs	MAR	obs	obs	obs	obs	obs	obs	obs	obs	obs	obs	obs	obs	obs	MAR
PG00437	obs	obs	obs	obs	MAR	MAR	MAR	obs	obs	obs	obs	obs	obs	MAR	obs	obs	obs	obs	obs	MAR	MAR	obs	obs	obs
PG00439	obs	obs	MAR	obs	obs	obs	obs	obs	obs	obs	obs	obs	obs	obs	obs	obs	obs	obs	obs	obs	obs	obs	obs	obs
PG00440	obs	obs	obs	obs	obs	MAR	MNAR	MNAR	MNAR	obs	obs	obs	MNAR	MNAR	MNAR	obs	MAR	MAR	obs	obs	obs	obs	MAR	obs
PG00441	obs	obs	obs	obs	obs	obs	obs	obs	obs	obs	MAR	obs	obs	obs	MAR	obs	obs	obs	obs	obs	obs	MAR	obs	obs
PG00443	obs	obs	obs	obs	obs	obs	MAR	obs	obs	obs	obs	obs	obs	obs	obs	MAR	obs	MAR	obs	obs	obs	obs	obs	obs
PG00444	obs	obs	obs	MAR	MAR	obs	obs	obs	obs	obs	obs	obs	MAR	obs	obs	MAR	MAR	obs	obs	MAR	MAR	obs	obs	obs
PG00445	obs	obs	obs	obs	MAR	obs	obs	obs	MAR	obs	obs	MAR	obs	obs	obs	obs	obs	obs	obs	MAR	obs	obs	obs	obs
PG00446	obs	obs	MAR	obs	obs	obs	obs	obs	MAR	obs	obs	obs	MAR	obs	obs	MAR	obs	obs	obs	obs	obs	obs	obs	obs
PG00448b	MNAR	MNAR	MNAR	obs	obs	MAR	MNAR	MNAR	MNAR	MAR	obs	MAR	obs	MAR	obs	MAR	MAR	obs	MAR	obs	MAR	obs	MAR	MAR
PG00449	obs	obs	obs	obs	obs	obs	obs	obs	obs	obs	obs	obs	obs	obs	obs	obs	obs	obs	obs	obs	obs	obs	obs	obs
PG00450	obs	MAR	MAR	obs	MAR	obs	MAR	obs	MAR	obs	MAR	MAR	MNAR	MNAR	MNAR	MAR	obs	MAR	MAR	obs	obs	MNAR	MNAR	MNAR
PG00452	MAR	obs	obs	obs	obs	obs	obs	obs	obs	MAR	obs	MAR	obs	obs	obs	MNAR	MNAR	MNAR	obs	obs	MAR	obs	obs	MAR
PG00453	obs	obs	obs	obs	obs	obs	obs	obs	obs	obs	obs	obs	obs	obs	obs	obs	obs	obs	obs	obs	obs	obs	obs	obs
PG00454	obs	obs	obs	obs	obs	obs	obs	obs	obs	obs	obs	MAR	obs	obs	obs	obs	obs	obs	MAR	obs	obs	obs	obs	obs
PG00455	obs	MAR	MAR	obs	obs	MAR	MNAR	MNAR	MNAR	obs	MAR	MAR	MAR	obs	MAR	MAR	obs	MAR	MAR	obs	MAR	MAR	MAR	obs
PG00456	obs	obs	obs	obs	MAR	obs	obs	obs	obs	obs	obs	MAR	MNAR	MNAR	MNAR	obs	obs	MAR	obs	obs	obs	MNAR	MNAR	MNAR
PG00457	obs	obs	obs	obs	obs	MAR	obs	obs	obs	obs	obs	obs	obs	obs	obs	obs	obs	obs	obs	obs	obs	obs	obs	obs
PG00458	obs	obs	obs	obs	obs	obs	obs	obs	obs	obs	obs	obs	obs	obs	obs	obs	obs	obs	obs	obs	obs	obs	obs	obs
PG00460	MAR	obs	obs	obs	obs	obs	obs	obs	obs	obs	obs	obs	obs	obs	obs	obs	obs	obs	MAR	obs	MAR	obs	obs	obs
PG00461	obs	obs	MAR	obs	obs	obs	obs	MAR	obs	obs	obs	MAR	obs	obs	obs	MNAR	MNAR	MNAR	obs	MAR	MAR	obs	obs	obs
PG00462	MAR	MAR	obs	MNAR	MNAR	MNAR	MAR	obs	obs	MNAR	MNAR	MNAR	MNAR	MNAR	MNAR	MNAR	MNAR	MNAR	MAR	obs	MAR	MNAR	MNAR	MNAR
PG00463	MAR	obs	MAR	MAR	MAR	obs	MAR	obs	obs	obs	obs	MAR	obs	MAR	MAR	obs	MAR	MAR	MAR	obs	MAR	MNAR	MNAR	MNAR
PG00464	obs	obs	obs	obs	obs	obs	obs	obs	obs	obs	obs	obs	obs	obs	obs	obs	obs	obs	obs	obs	obs	obs	obs	obs
PG00465	obs	obs	MAR	obs	obs	MAR	MAR	MAR	obs	obs	obs	MAR	obs	MAR	obs	obs	obs	obs	obs	obs	obs	obs	obs	obs
PG00466	obs	obs	obs	obs	obs	obs	obs	obs	obs	obs	obs	obs	obs	obs	obs	obs	obs	obs	obs	obs	obs	obs	obs	obs
PG00466b	MAR	MAR	obs	obs	MAR	obs	obs	obs	MAR	obs	obs	obs	obs	obs	obs	obs	obs	MAR	MAR	obs	obs	obs	obs	obs
PG00467	obs	obs	obs	obs	obs	obs	obs	obs	obs	obs	obs	obs	MAR	obs	obs	obs	obs	obs	obs	obs	obs	obs	obs	obs
PG00468	MAR	obs	obs	obs	obs	MAR	obs	obs	obs	obs	obs	obs	obs	obs	MAR	MAR	obs	MAR	obs	obs	MAR	obs	obs	obs
PG00469	obs	obs	obs	obs	obs	MAR	obs	obs	obs	obs	obs	MAR	obs	obs	obs	obs	obs	obs	obs	obs	obs	obs	obs	obs
PG00470	obs	obs	obs	obs	obs	obs	obs	obs	obs	obs	obs	obs	obs	obs	obs	obs	obs	obs	obs	obs	obs	obs	obs	obs
PG00471	obs	obs	obs	obs	obs	MAR	obs	obs	obs	obs	obs	obs	obs	MAR	obs	obs	obs	obs	obs	obs	obs	obs	obs	obs
PG00472	obs	obs	obs	obs	obs	obs	obs	obs	MAR	obs	obs	obs	obs	MAR	obs	obs	obs	obs	obs	obs	obs	MAR	obs	obs
PG00474	MNAR	MNAR	MNAR	obs	obs	MAR	MAR	MAR	obs	MNAR	MNAR	MNAR	obs	MAR	MAR	MAR	obs	MAR	obs	obs	MAR	obs	obs	obs
PG00475	obs	obs	obs	obs	obs	obs	obs	obs	obs	MNAR	MNAR	MNAR	obs	MAR	obs	obs	MAR	obs	obs	obs	obs	MNAR	MNAR	MNAR
PG00476	obs	MAR	obs	obs	obs	obs	obs	obs	obs	obs	MAR	obs	obs	obs	MAR	obs	obs	MAR	obs	obs	obs	obs	obs	obs
PG00477	obs	obs	MAR	obs	obs	obs	MAR	obs	MAR	obs	obs	MAR	obs	obs	MAR	MAR	obs	obs	obs	obs	obs	MAR	obs	obs
PG00478	obs	obs	MAR	obs	obs	obs	MAR	MAR	obs	MAR	obs	obs	MAR	obs	MAR	MAR	obs	obs	MAR	obs	MAR	obs	obs	obs
PG00479	obs	MAR	MAR	MAR	MAR	obs	MNAR	MNAR	MNAR	MAR	obs	MAR	obs	MAR	MAR	obs	obs	obs	MAR	obs	MAR	MAR	MAR	obs
PG00480	obs	obs	obs	MAR	obs	MAR	obs	obs	obs	obs	obs	obs	obs	obs	obs	obs	obs	obs	obs	obs	MAR	obs	obs	obs
PG00481	obs	obs	MAR	obs	obs	obs	MAR	obs	obs	obs	obs	obs	obs	obs	obs	obs	obs	obs	obs	obs	obs	MAR	obs	obs
PG00483	obs	obs	obs	obs	obs	obs	obs	obs	obs	obs	obs	obs	obs	obs	obs	obs	obs	obs	obs	obs	obs	obs	obs	obs
PG00484	obs	MAR	obs	obs	MAR	obs	obs	obs	obs	obs	obs	obs	obs	obs	obs	obs	obs	obs	obs	obs	obs	obs	obs	obs
PG00485	obs	obs	MAR	obs	obs	obs	obs	obs	obs	obs	obs	obs	obs	obs	obs	MAR	obs	obs	obs	obs	obs	obs	obs	obs
PG00486	obs	obs	obs	obs	obs	obs	obs	obs	obs	obs	obs	obs	obs	obs	obs	obs	obs	obs	obs	obs	obs	obs	obs	obs
PG00487	obs	obs	obs	MAR	obs	obs	obs	obs	obs	obs	obs	obs	obs	obs	obs	obs	obs	obs	obs	obs	obs	obs	obs	obs
PG00488	obs	obs	obs	MAR	MAR	obs	obs	MAR	MAR	obs	obs	obs	obs	obs	obs	obs	obs	MAR	obs	obs	obs	obs	obs	obs
PG00490	obs	obs	obs	MAR	obs	obs	MNAR	MNAR	MNAR	obs	obs	obs	MAR	obs	obs	MAR	obs	obs	obs	obs	obs	obs	obs	obs
PG00491	obs	obs	obs	obs	obs	obs	obs	MAR	MAR	obs	obs	obs	obs	obs	obs	obs	obs	obs	obs	obs	obs	obs	obs	obs
PG00492	MAR	obs	MAR	MAR	obs	obs	obs	obs	obs	obs	obs	obs	obs	obs	obs	obs	obs	obs	obs	obs	obs	obs	obs	obs
PG00493	obs	obs	obs	obs	obs	obs	obs	obs	obs	obs	MAR	obs	obs	obs	obs	obs	obs	obs	obs	obs	obs	obs	MAR	obs
PG00494	obs	MAR	obs	obs	obs	obs	obs	obs	obs	obs	obs	obs	obs	obs	obs	obs	obs	obs	obs	obs	obs	obs	obs	obs
PG00495	obs	obs	obs	obs	obs	obs	obs	obs	obs	obs	obs	obs	obs	obs	obs	obs	obs	obs	obs	obs	obs	obs	obs	obs
PG00496	obs	obs	MAR	obs	obs	obs	MNAR	MNAR	MNAR	MAR	obs	obs	obs	MAR	obs	obs	MAR	obs	obs	MAR	obs	MAR	obs	obs
PG00497	obs	MAR	obs	obs	obs	obs	obs	obs	obs	obs	obs	MAR	obs	obs	obs	obs	obs	obs	obs	obs	obs	obs	obs	MAR
PG00498	obs	obs	obs	obs	obs	obs	obs	obs	obs	obs	obs	obs	obs	obs	obs	obs	obs	obs	obs	obs	obs	obs	obs	obs
PG00499	obs	obs	obs	MAR	obs	obs	obs	obs	obs	obs	obs	MAR	obs	obs	obs	obs	obs	obs	obs	obs	obs	obs	obs	obs
PG00500	obs	obs	obs	obs	obs	obs	obs	obs	obs	obs	obs	obs	obs	obs	obs	obs	obs	obs	obs	obs	obs	obs	obs	obs
PG00502	obs	obs	obs	MAR	obs	obs	obs	obs	MAR	obs	MAR	obs	obs	obs	obs	obs	obs	obs	obs	obs	obs	MAR	obs	obs
PG00503	obs	MAR	obs	MNAR	MNAR	MNAR	MAR	obs	obs	MAR	MAR	obs	MAR	MAR	obs	obs	obs	obs	MNAR	MNAR	MNAR	MAR	obs	MAR
PG00504	MNAR	MNAR	MNAR	obs	MAR	MAR	obs	MAR	obs	MNAR	MNAR	MNAR	MAR	obs	obs	MNAR	MNAR	MNAR	MNAR	MNAR	MNAR	MAR	MAR	obs
PG00506	obs	obs	MAR	obs	obs	MAR	obs	obs	obs	obs	obs	obs	obs	obs	obs	obs	obs	obs	obs	obs	obs	obs	obs	obs
PG00506b	MAR	obs	obs	obs	obs	obs	obs	obs	obs	obs	obs	obs	obs	obs	obs	obs	obs	MAR	obs	obs	MAR	obs	obs	MAR
PG00507	obs	obs	obs	obs	obs	obs	obs	obs	obs	obs	obs	obs	obs	obs	obs	obs	obs	obs	obs	obs	obs	obs	obs	obs
PG00508	obs	obs	MAR	MAR	MAR	obs	obs	obs	obs	MAR	obs	obs	obs	obs	obs	obs	MAR	obs	obs	obs	obs	obs	obs	obs
PG00511	MAR	obs	obs	obs	MAR	obs	obs	MAR	MAR	MAR	MAR	obs	obs	MAR	obs	obs	obs	MAR	obs	obs	obs	obs	obs	obs
PG00512	obs	MAR	obs	obs	MAR	obs	obs	MAR	obs	MAR	obs	MAR	obs	MAR	obs	MAR	obs	obs	obs	obs	obs	MAR	MAR	obs
PG00513	MAR	obs	obs	obs	obs	MAR	obs	obs	MAR	obs	obs	MAR	MAR	MAR	obs	MNAR	MNAR	MNAR	MAR	obs	MAR	MAR	obs	obs
PG00514	MNAR	MNAR	MNAR	MNAR	MNAR	MNAR	obs	MAR	MAR	MNAR	MNAR	MNAR	obs	MAR	MAR	MAR	MAR	obs	MNAR	MNAR	MNAR	obs	MAR	obs
PG00515	obs	MAR	MAR	obs	obs	obs	obs	obs	obs	obs	obs	obs	obs	obs	obs	obs	obs	obs	obs	obs	obs	obs	obs	MAR
PG00516	obs	obs	obs	obs	MAR	obs	obs	obs	obs	MAR	obs	MAR	obs	obs	MAR	obs	obs	obs	MAR	MAR	obs	MAR	MAR	obs
PG00517	obs	obs	obs	obs	MAR	obs	MAR	obs	obs	MAR	obs	obs	obs	obs	obs	obs	MAR	obs	obs	obs	obs	obs	obs	obs
PG00518	MAR	obs	obs	obs	MAR	obs	MAR	obs	MAR	obs	obs	MAR	obs	MAR	MAR	MNAR	MNAR	MNAR	obs	obs	MAR	obs	MAR	MAR
PG00519	obs	obs	obs	obs	obs	obs	obs	obs	obs	obs	obs	obs	obs	obs	obs	obs	obs	obs	obs	obs	obs	obs	MAR	obs
PG00520	obs	obs	obs	obs	obs	obs	obs	obs	obs	obs	obs	obs	obs	obs	obs	obs	obs	obs	obs	obs	obs	obs	obs	obs
PG00521	obs	obs	obs	obs	obs	MAR	obs	obs	obs	obs	obs	obs	obs	obs	obs	obs	obs	obs	obs	obs	obs	obs	obs	obs
PG00522	obs	MAR	MAR	obs	MAR	MAR	obs	MAR	obs	MNAR	MNAR	MNAR	obs	MAR	MAR	MAR	MAR	obs	obs	MAR	MAR	MAR	obs	obs
PG00524	obs	obs	obs	obs	obs	obs	obs	obs	obs	obs	obs	obs	obs	obs	obs	obs	obs	obs	obs	obs	obs	obs	obs	obs
PG00526	obs	obs	obs	obs	obs	obs	obs	obs	obs	obs	obs	obs	obs	obs	obs	obs	obs	obs	obs	obs	obs	obs	obs	obs
PG00527	obs	obs	MAR	obs	obs	obs	obs	obs	obs	obs	obs	MAR	obs	obs	obs	obs	obs	obs	obs	obs	obs	obs	MAR	obs
PG00528	obs	obs	obs	obs	obs	obs	obs	obs	MAR	obs	obs	obs	obs	obs	obs	MAR	obs	obs	obs	obs	obs	obs	obs	obs
PG00529	MAR	obs	obs	obs	obs	obs	MAR	obs	obs	obs	obs	MAR	obs	MAR	obs	obs	obs	obs	obs	MAR	MAR	obs	obs	obs
PG00530	obs	obs	obs	obs	obs	obs	obs	obs	obs	MAR	obs	obs	obs	MAR	obs	obs	obs	obs	obs	obs	obs	obs	obs	MAR
PG00531	MAR	obs	obs	obs	obs	obs	obs	obs	obs	MAR	obs	obs	obs	obs	obs	MAR	obs	obs	obs	MAR	obs	obs	obs	obs
PG00532	obs	obs	obs	obs	obs	obs	MAR	obs	obs	obs	obs	obs	obs	obs	obs	obs	obs	obs	obs	obs	obs	obs	obs	obs
PG00532b	obs	obs	obs	obs	obs	obs	obs	obs	obs	obs	obs	obs	obs	obs	obs	obs	obs	obs	obs	obs	obs	obs	MAR	obs
PG00533	obs	obs	obs	obs	obs	MAR	obs	obs	obs	obs	obs	obs	obs	MAR	obs	MAR	obs	obs	obs	obs	obs	obs	obs	obs
PG00534	obs	obs	obs	obs	obs	obs	MAR	obs	obs	obs	obs	obs	obs	obs	obs	obs	obs	obs	obs	obs	obs	obs	obs	obs
PG00535	obs	MAR	obs	obs	obs	obs	obs	obs	obs	MAR	obs	obs	MAR	obs	MAR	obs	obs	obs	obs	obs	obs	obs	obs	obs
PG00536	MAR	MAR	obs	MAR	obs	obs	obs	obs	obs	obs	obs	obs	MAR	obs	obs	obs	MAR	obs	MNAR	MNAR	MNAR	MAR	MAR	obs
PG00537	MAR	MAR	obs	MAR	obs	MAR	obs	obs	obs	MAR	obs	obs	MAR	obs	MAR	MNAR	MNAR	MNAR	MNAR	MNAR	MNAR	MNAR	MNAR	MNAR
PG00538	obs	obs	obs	obs	obs	obs	obs	obs	obs	obs	obs	obs	obs	obs	obs	obs	obs	obs	obs	obs	obs	obs	obs	obs
PG00539	MAR	obs	obs	obs	obs	obs	MAR	obs	MAR	obs	obs	obs	obs	obs	obs	obs	obs	obs	obs	obs	obs	obs	obs	obs
PG00540	obs	obs	MAR	MAR	MAR	obs	obs	obs	obs	obs	obs	obs	obs	MAR	MAR	MAR	obs	obs	obs	obs	obs	obs	obs	obs
PG00540b	obs	obs	obs	obs	obs	obs	obs	MAR	obs	obs	obs	obs	obs	obs	obs	obs	obs	obs	obs	obs	obs	obs	obs	MAR
PG00541	obs	obs	obs	obs	MAR	MAR	obs	obs	obs	obs	obs	obs	MAR	obs	obs	obs	obs	obs	obs	MAR	obs	obs	MAR	obs
PG00542	obs	MAR	obs	obs	obs	obs	obs	obs	MAR	obs	obs	obs	obs	obs	obs	obs	obs	obs	obs	obs	obs	MAR	obs	obs
PG00543	obs	obs	obs	obs	obs	obs	obs	obs	obs	obs	obs	obs	MAR	obs	obs	obs	obs	obs	obs	obs	obs	obs	obs	MAR
PG00544	obs	obs	obs	obs	obs	obs	obs	obs	obs	obs	obs	obs	obs	obs	MAR	obs	obs	obs	obs	obs	obs	obs	obs	obs
PG00545	obs	obs	obs	obs	obs	obs	obs	obs	obs	MAR	obs	obs	obs	obs	obs	obs	obs	obs	obs	obs	obs	obs	obs	MAR
PG00546	obs	obs	obs	obs	obs	obs	obs	obs	obs	obs	obs	obs	obs	obs	obs	obs	obs	obs	obs	obs	obs	obs	obs	obs
PG00547	MAR	obs	obs	obs	obs	obs	obs	obs	obs	obs	obs	obs	obs	obs	obs	obs	obs	obs	obs	obs	obs	obs	obs	MAR
PG00548	obs	obs	obs	obs	obs	obs	obs	obs	obs	obs	obs	obs	obs	obs	obs	obs	obs	obs	obs	obs	obs	obs	obs	obs
PG00550	obs	obs	obs	obs	obs	obs	obs	obs	obs	obs	obs	obs	obs	obs	obs	obs	obs	obs	obs	obs	obs	obs	obs	obs
PG00553	obs	obs	obs	obs	obs	obs	obs	MAR	obs	obs	obs	obs	obs	MAR	obs	obs	obs	obs	obs	obs	obs	obs	obs	obs
PG00554	MAR	obs	MAR	MNAR	MNAR	MNAR	MNAR	MNAR	MNAR	obs	MAR	MAR	MAR	obs	MAR	obs	obs	obs	MAR	MAR	obs	obs	MAR	obs
PG00555	obs	obs	obs	obs	obs	obs	obs	obs	obs	obs	obs	obs	obs	obs	obs	obs	obs	obs	obs	obs	obs	obs	obs	obs
PG00556	obs	obs	obs	obs	obs	obs	obs	obs	obs	obs	obs	obs	obs	obs	obs	obs	obs	obs	obs	obs	obs	obs	obs	obs
PG00557	obs	MAR	obs	MAR	obs	obs	obs	MAR	MAR	obs	obs	MAR	MAR	MAR	obs	obs	obs	obs	MAR	obs	obs	MAR	obs	obs
PG00558	obs	obs	obs	obs	obs	obs	obs	obs	obs	obs	obs	obs	obs	obs	obs	obs	MAR	obs	obs	obs	obs	obs	obs	obs
PG00559	obs	MAR	obs	obs	obs	obs	MAR	obs	obs	obs	obs	obs	obs	obs	obs	obs	obs	MAR	obs	obs	obs	obs	obs	obs
PG00560	obs	obs	obs	obs	MAR	obs	obs	obs	obs	obs	obs	obs	obs	obs	obs	MAR	obs	obs	obs	obs	obs	MAR	obs	obs
PG00561	obs	obs	obs	obs	obs	obs	obs	obs	obs	obs	obs	obs	obs	MAR	obs	obs	obs	obs	obs	obs	MAR	obs	MAR	obs
PG00563	obs	obs	MAR	obs	obs	obs	obs	obs	obs	obs	obs	obs	obs	obs	obs	obs	obs	obs	obs	MAR	obs	obs	obs	obs
PG00564	MNAR	MNAR	MNAR	MNAR	MNAR	MNAR	MAR	obs	MAR	obs	obs	obs	MNAR	MNAR	MNAR	MAR	obs	obs	MAR	MAR	obs	MAR	obs	obs
PG00565	obs	obs	obs	MAR	obs	obs	MAR	obs	obs	obs	obs	obs	obs	obs	MAR	obs	obs	obs	MAR	MAR	obs	obs	obs	obs
PG00566	obs	obs	obs	MAR	MAR	obs	obs	obs	obs	obs	obs	obs	obs	obs	obs	obs	MAR	obs	obs	obs	MAR	obs	MAR	obs
PG00567	obs	obs	obs	obs	obs	obs	obs	obs	obs	obs	obs	obs	obs	obs	obs	obs	obs	obs	obs	obs	obs	obs	obs	obs
PG00568	obs	obs	obs	obs	obs	obs	obs	obs	obs	obs	MAR	obs	obs	obs	obs	obs	MAR	obs	obs	obs	obs	obs	obs	obs
PG00569	obs	MAR	obs	MAR	obs	obs	MAR	MAR	obs	obs	MAR	MAR	obs	MAR	MAR	obs	MAR	obs	MAR	obs	MAR	MAR	obs	MAR
PG00570	obs	obs	obs	obs	obs	obs	obs	obs	MAR	obs	obs	obs	obs	obs	obs	obs	obs	obs	obs	obs	obs	obs	obs	obs
PG00571	obs	obs	obs	obs	obs	obs	obs	obs	obs	obs	obs	obs	obs	obs	obs	obs	obs	obs	obs	obs	obs	MAR	MAR	obs
PG00572	obs	obs	MAR	obs	obs	MAR	obs	obs	obs	obs	obs	MAR	obs	obs	MAR	obs	obs	obs	obs	obs	MAR	obs	obs	obs
PG00573	obs	obs	obs	obs	obs	obs	obs	obs	obs	obs	MAR	obs	obs	obs	obs	obs	obs	obs	MAR	MAR	obs	obs	obs	MAR
PG00574	obs	obs	obs	obs	obs	obs	obs	obs	obs	obs	obs	obs	obs	obs	obs	obs	obs	obs	MAR	obs	MAR	obs	obs	obs
PG00574b	obs	MAR	obs	MNAR	MNAR	MNAR	obs	obs	MAR	MAR	MAR	obs	obs	obs	obs	MAR	obs	MAR	obs	obs	obs	obs	obs	obs
PG00575	obs	MAR	MAR	obs	MAR	obs	MAR	MAR	obs	MAR	MAR	obs	MAR	obs	obs	MAR	obs	obs	obs	obs	obs	obs	obs	obs
PG00576	obs	obs	MAR	obs	obs	obs	obs	obs	obs	obs	obs	obs	obs	obs	obs	obs	MAR	obs	obs	obs	obs	MAR	obs	obs
PG00577	obs	MAR	obs	MAR	obs	obs	obs	obs	MAR	obs	obs	obs	obs	MAR	MAR	MAR	obs	obs	obs	MAR	MAR	MAR	MAR	obs
PG00578	obs	obs	obs	obs	obs	obs	obs	obs	obs	obs	obs	obs	obs	obs	MAR	obs	MAR	obs	obs	obs	obs	obs	obs	obs
PG00579	obs	obs	obs	obs	obs	obs	obs	MAR	obs	obs	obs	obs	obs	obs	obs	obs	obs	obs	obs	obs	obs	obs	obs	obs
PG00580	obs	obs	obs	obs	obs	obs	obs	obs	MAR	obs	obs	obs	obs	obs	obs	obs	obs	obs	obs	MAR	obs	obs	obs	obs
PG00581	obs	obs	obs	obs	obs	obs	obs	obs	obs	obs	obs	obs	obs	obs	obs	obs	obs	obs	obs	obs	obs	obs	obs	obs
PG00582	obs	obs	obs	obs	obs	obs	obs	obs	MAR	obs	obs	MAR	obs	obs	obs	obs	MAR	obs	obs	MAR	MAR	MAR	obs	obs
PG00585	obs	obs	obs	obs	obs	obs	obs	MAR	MAR	obs	obs	obs	obs	obs	obs	MAR	obs	MAR	obs	obs	obs	obs	obs	obs
PG00587	obs	obs	obs	obs	obs	MAR	obs	MAR	obs	obs	obs	obs	obs	obs	MAR	obs	MAR	obs	obs	MAR	obs	obs	MAR	MAR
PG00590	obs	obs	obs	obs	obs	obs	obs	obs	obs	obs	obs	obs	obs	obs	obs	obs	obs	obs	obs	obs	MAR	obs	obs	obs
PG00591	obs	obs	obs	obs	MAR	MAR	obs	MAR	obs	obs	obs	obs	obs	obs	obs	obs	obs	obs	obs	obs	obs	obs	MAR	obs
PG00592	obs	MAR	obs	obs	obs	obs	obs	obs	obs	MAR	MAR	obs	obs	obs	obs	obs	obs	MAR	obs	obs	obs	obs	obs	obs
PG00593	MNAR	MNAR	MNAR	MAR	obs	MAR	MNAR	MNAR	MNAR	MNAR	MNAR	MNAR	MAR	MAR	obs	obs	obs	MAR	obs	obs	obs	obs	MAR	obs
PG00595	MAR	MAR	obs	obs	obs	MAR	MAR	obs	obs	obs	obs	MAR	obs	obs	obs	obs	MAR	obs	MAR	obs	obs	MAR	obs	obs
PG00596	MAR	obs	MAR	obs	obs	obs	MAR	obs	obs	MAR	MAR	obs	obs	MAR	MAR	MNAR	MNAR	MNAR	MNAR	MNAR	MNAR	MNAR	MNAR	MNAR
PG00597	obs	obs	obs	obs	obs	obs	obs	obs	obs	obs	obs	obs	obs	obs	obs	obs	obs	MAR	obs	obs	obs	obs	obs	obs
PG00599	MAR	MAR	obs	MAR	obs	MAR	MNAR	MNAR	MNAR	obs	MAR	obs	MAR	MAR	obs	obs	MAR	obs	obs	MAR	obs	obs	obs	obs
PG00602	obs	obs	obs	obs	obs	obs	obs	obs	MAR	obs	MAR	obs	obs	obs	obs	obs	obs	obs	obs	obs	obs	obs	obs	obs
PG00603	MAR	obs	obs	MAR	obs	obs	obs	obs	obs	obs	obs	MAR	obs	obs	obs	obs	MAR	obs	obs	obs	MAR	obs	obs	MAR
PG00604	obs	obs	obs	obs	obs	obs	obs	obs	obs	obs	obs	obs	obs	obs	obs	obs	obs	obs	obs	obs	MAR	obs	MAR	obs
PG00605	MAR	obs	obs	MAR	MAR	obs	MAR	obs	obs	obs	obs	MAR	obs	obs	obs	obs	MAR	MAR	obs	MAR	MAR	MNAR	MNAR	MNAR
PG00606	MAR	obs	MAR	obs	obs	obs	obs	MAR	obs	obs	obs	obs	obs	MAR	obs	obs	obs	obs	MAR	obs	obs	obs	MAR	obs
PG00607	MAR	obs	obs	obs	obs	obs	MNAR	MNAR	MNAR	MAR	MAR	obs	obs	MAR	obs	obs	obs	MAR	obs	obs	MAR	obs	obs	MAR
PG00608	obs	obs	obs	obs	obs	obs	obs	obs	obs	obs	obs	obs	obs	obs	obs	obs	obs	obs	obs	obs	obs	obs	obs	obs
PG00609	MAR	obs	obs	MAR	obs	obs	MAR	obs	obs	obs	obs	MAR	MAR	MAR	obs	obs	obs	obs	obs	obs	MAR	obs	obs	MAR
PG00610	obs	obs	obs	obs	obs	obs	obs	obs	obs	obs	obs	obs	obs	obs	obs	obs	obs	obs	obs	obs	obs	MAR	MAR	obs
PG00611	obs	MAR	obs	obs	obs	MAR	obs	obs	MAR	obs	obs	obs	obs	obs	obs	obs	MAR	obs	obs	obs	obs	obs	obs	obs
PG00612	obs	obs	obs	MAR	MAR	obs	MNAR	MNAR	MNAR	obs	MAR	MAR	obs	obs	obs	MAR	obs	obs	MAR	obs	obs	obs	MAR	obs
PG00613	obs	obs	obs	obs	obs	obs	obs	obs	obs	MAR	obs	obs	obs	obs	obs	obs	MAR	obs	obs	obs	obs	obs	obs	obs
PG00615	obs	obs	obs	obs	obs	obs	MAR	MAR	obs	obs	obs	MAR	obs	obs	obs	obs	obs	obs	obs	obs	obs	obs	obs	obs
PG00617	obs	obs	obs	obs	obs	obs	obs	obs	obs	obs	obs	obs	obs	obs	obs	obs	obs	obs	obs	MAR	obs	obs	obs	obs
PG00618	obs	obs	obs	obs	obs	obs	obs	obs	obs	obs	obs	obs	obs	obs	obs	MAR	obs	obs	obs	obs	obs	MAR	obs	MAR
PG00619	obs	obs	obs	obs	obs	MAR	MNAR	MNAR	MNAR	obs	obs	obs	obs	MAR	obs	obs	MAR	obs	MNAR	MNAR	MNAR	obs	MAR	obs
PG00620	obs	obs	obs	obs	obs	obs	obs	obs	MAR	obs	MAR	obs	obs	obs	obs	obs	obs	obs	obs	obs	obs	obs	obs	obs
PG00621	obs	MAR	obs	MAR	obs	obs	obs	obs	obs	obs	obs	obs	obs	obs	obs	obs	obs	obs	obs	obs	obs	obs	obs	obs
PG00622	obs	MAR	obs	obs	obs	MAR	obs	obs	MAR	obs	obs	obs	obs	obs	obs	obs	obs	obs	obs	obs	MAR	obs	obs	obs
PG00623	obs	obs	obs	obs	obs	MAR	obs	obs	obs	obs	obs	obs	obs	obs	obs	obs	MAR	obs	obs	obs	obs	obs	obs	obs
PG00624	obs	MAR	obs	obs	MAR	obs	obs	obs	obs	obs	obs	obs	obs	obs	obs	obs	obs	obs	obs	obs	obs	obs	obs	obs
PG00626	obs	obs	obs	obs	obs	obs	obs	obs	obs	obs	obs	MAR	obs	obs	obs	obs	MAR	obs	obs	obs	obs	obs	obs	obs
PG00628	obs	MAR	MAR	obs	obs	obs	MAR	obs	obs	MAR	obs	MAR	MAR	obs	MAR	obs	obs	MAR	MAR	MAR	obs	obs	obs	MAR
PG00629	obs	obs	obs	MAR	obs	obs	obs	obs	obs	obs	obs	obs	obs	obs	obs	obs	obs	obs	obs	MAR	obs	obs	obs	obs
PG00630	obs	obs	MAR	obs	obs	obs	obs	MAR	MAR	obs	obs	obs	MAR	obs	obs	MAR	obs	MAR	obs	obs	MAR	obs	obs	MAR
PG00632	obs	obs	obs	obs	obs	MAR	obs	obs	obs	obs	obs	obs	obs	obs	obs	obs	obs	MAR	obs	obs	MAR	obs	obs	obs
PG00634	obs	obs	obs	obs	obs	obs	obs	obs	obs	obs	obs	obs	obs	obs	obs	obs	obs	obs	obs	obs	obs	obs	obs	obs
PG00635	obs	obs	obs	obs	MAR	obs	obs	obs	obs	obs	obs	obs	MAR	obs	obs	obs	obs	obs	obs	MAR	obs	obs	obs	obs
PG00637	obs	obs	obs	obs	obs	obs	obs	obs	obs	obs	obs	obs	obs	obs	obs	obs	obs	obs	obs	obs	obs	obs	obs	obs
PG00638	obs	MAR	MAR	MAR	MAR	obs	obs	obs	obs	obs	MAR	MAR	obs	MAR	obs	obs	obs	MAR	obs	obs	obs	obs	obs	obs
PG00640	obs	obs	MAR	obs	obs	obs	obs	obs	obs	obs	obs	MAR	obs	MAR	obs	MAR	obs	MAR	obs	obs	obs	obs	MAR	MAR
PG00641	obs	obs	obs	obs	obs	obs	obs	obs	obs	obs	obs	obs	obs	obs	obs	obs	obs	obs	obs	obs	MAR	obs	obs	obs
PG00641b	obs	obs	obs	MNAR	MNAR	MNAR	obs	obs	obs	obs	obs	MAR	MAR	obs	obs	obs	obs	obs	obs	obs	obs	obs	obs	obs
PG00642	obs	obs	obs	obs	obs	obs	obs	obs	MAR	obs	obs	obs	obs	obs	obs	obs	obs	obs	obs	obs	obs	obs	obs	obs
PG00643	obs	MAR	obs	obs	obs	MAR	obs	obs	obs	obs	obs	MAR	obs	obs	obs	MAR	obs	obs	obs	MAR	obs	obs	obs	obs
PG00644	obs	obs	obs	MAR	obs	obs	obs	obs	obs	obs	obs	MAR	obs	obs	obs	obs	obs	obs	obs	obs	obs	obs	obs	MAR
PG00646	obs	MAR	MAR	MAR	MAR	obs	MNAR	MNAR	MNAR	MAR	obs	MAR	MAR	MAR	obs	obs	obs	MAR	MAR	MAR	obs	obs	MAR	MAR
PG00647	obs	obs	obs	obs	obs	obs	obs	obs	obs	obs	obs	obs	obs	obs	obs	obs	obs	obs	obs	obs	obs	obs	obs	obs
PG00648	obs	obs	obs	obs	MAR	obs	obs	obs	obs	MAR	obs	obs	obs	obs	obs	obs	obs	obs	obs	obs	obs	obs	obs	obs
PG00649	obs	obs	obs	obs	obs	obs	obs	obs	MAR	obs	obs	obs	obs	obs	obs	obs	obs	obs	obs	obs	obs	obs	obs	MAR
PG00651	MAR	obs	obs	obs	obs	obs	obs	obs	obs	obs	obs	obs	obs	obs	obs	obs	MAR	obs	obs	obs	obs	obs	obs	obs
PG00652	obs	obs	obs	obs	obs	obs	MAR	obs	obs	obs	obs	obs	obs	obs	obs	obs	obs	obs	obs	obs	obs	obs	obs	obs
PG00653	obs	obs	MAR	MNAR	MNAR	MNAR	MNAR	MNAR	MNAR	MAR	obs	obs	MNAR	MNAR	MNAR	MAR	MAR	obs	MNAR	MNAR	MNAR	MAR	MAR	obs
PG00654	obs	obs	obs	obs	obs	obs	obs	obs	obs	obs	obs	obs	obs	obs	obs	obs	obs	obs	obs	obs	obs	MAR	obs	obs
PG00657	obs	obs	obs	obs	obs	obs	obs	obs	MAR	MAR	obs	obs	obs	obs	obs	obs	obs	obs	obs	obs	obs	obs	obs	obs
PG00658	obs	MAR	obs	obs	obs	obs	obs	obs	obs	obs	obs	obs	obs	obs	obs	obs	obs	obs	obs	obs	obs	obs	obs	obs
PG00659	obs	MAR	obs	obs	obs	obs	obs	obs	obs	obs	obs	obs	obs	obs	obs	obs	obs	obs	obs	obs	obs	obs	obs	obs
PG00660	MAR	MAR	obs	obs	obs	obs	MAR	obs	MAR	obs	obs	obs	obs	obs	MAR	MAR	obs	obs	obs	obs	obs	obs	obs	obs
PG00661	MAR	obs	obs	obs	obs	obs	obs	obs	obs	obs	obs	obs	obs	obs	obs	obs	MAR	obs	obs	obs	obs	obs	obs	obs
PG00662	obs	obs	MAR	obs	obs	obs	obs	obs	obs	obs	obs	obs	obs	obs	obs	obs	obs	obs	obs	obs	obs	obs	obs	obs
PG00664	obs	obs	obs	obs	obs	obs	obs	obs	obs	obs	obs	obs	obs	obs	MAR	obs	MAR	obs	obs	MAR	obs	obs	obs	MAR
PG00665	obs	obs	obs	obs	obs	obs	obs	obs	obs	obs	obs	obs	obs	obs	obs	obs	MAR	obs	obs	obs	obs	obs	obs	obs
PG00666	obs	obs	obs	obs	obs	obs	obs	obs	obs	MAR	obs	obs	MAR	obs	obs	obs	obs	obs	obs	obs	obs	obs	obs	obs
PG00666b	MAR	obs	obs	obs	obs	obs	obs	obs	obs	MAR	obs	MAR	obs	obs	obs	obs	obs	obs	obs	obs	obs	MAR	obs	obs
PG00668	obs	obs	obs	obs	obs	MAR	obs	obs	obs	obs	obs	obs	obs	obs	obs	obs	obs	obs	obs	obs	obs	obs	obs	obs
PG00669	obs	obs	obs	obs	obs	MAR	obs	obs	obs	obs	obs	obs	obs	obs	MAR	MAR	MAR	obs	obs	obs	obs	obs	MAR	obs
PG00670	obs	MAR	obs	MAR	obs	MAR	obs	MAR	obs	MAR	obs	obs	MNAR	MNAR	MNAR	MAR	obs	obs	obs	MAR	MAR	obs	MAR	MAR
PG00671	obs	obs	obs	obs	obs	obs	obs	obs	obs	obs	obs	obs	obs	obs	obs	obs	obs	obs	obs	obs	obs	obs	obs	obs
PG00673	obs	MAR	obs	obs	obs	obs	obs	MAR	MAR	obs	obs	obs	obs	obs	obs	MAR	obs	obs	MNAR	MNAR	MNAR	MAR	MAR	obs
PG00674	obs	obs	MAR	MAR	obs	MAR	MNAR	MNAR	MNAR	MAR	obs	obs	obs	MAR	MAR	MAR	MAR	obs	MAR	obs	obs	obs	obs	obs
PG00675	obs	obs	obs	obs	obs	obs	MAR	obs	obs	obs	MAR	obs	obs	obs	obs	obs	obs	obs	MAR	obs	obs	obs	obs	obs
PG00676	MAR	obs	MAR	obs	MAR	MAR	obs	MAR	MAR	MAR	MAR	obs	MAR	obs	obs	obs	MAR	obs	MAR	obs	obs	obs	obs	obs
PG00677	obs	obs	obs	obs	obs	obs	obs	obs	obs	obs	obs	obs	obs	obs	obs	obs	obs	obs	obs	obs	obs	obs	obs	obs
PG00678	obs	obs	obs	MAR	obs	obs	MAR	obs	obs	obs	obs	obs	obs	obs	obs	obs	obs	obs	MAR	obs	obs	obs	obs	obs
PG00679	obs	obs	obs	obs	obs	obs	MAR	obs	obs	obs	obs	obs	obs	obs	obs	obs	obs	obs	obs	obs	obs	obs	obs	obs
PG00680	obs	obs	obs	obs	obs	obs	obs	obs	obs	obs	obs	obs	obs	obs	obs	obs	obs	obs	obs	obs	obs	obs	obs	obs
PG00682	MAR	MAR	obs	obs	MAR	MAR	obs	MAR	MAR	obs	obs	obs	obs	obs	obs	obs	obs	MAR	obs	obs	MAR	MAR	obs	MAR
PG00683	obs	obs	obs	obs	obs	obs	obs	obs	obs	obs	obs	obs	obs	obs	MAR	obs	obs	obs	obs	MAR	obs	obs	obs	obs
PG00684	obs	obs	obs	obs	obs	obs	obs	MAR	obs	obs	obs	obs	obs	obs	obs	MAR	obs	obs	obs	MAR	MAR	obs	obs	obs
PG00685	obs	obs	obs	obs	obs	obs	obs	obs	MAR	MAR	obs	obs	obs	obs	obs	obs	obs	obs	obs	obs	MAR	obs	obs	obs
PG00686	obs	obs	obs	obs	obs	obs	obs	obs	obs	obs	obs	obs	obs	obs	obs	MAR	obs	obs	obs	obs	obs	obs	obs	obs
PG00687	MNAR	MNAR	MNAR	MAR	obs	MAR	MNAR	MNAR	MNAR	obs	obs	MAR	obs	MAR	obs	MNAR	MNAR	MNAR	obs	MAR	obs	obs	obs	obs
PG00688	obs	obs	obs	obs	obs	obs	MAR	obs	MAR	obs	MAR	obs	MAR	obs	obs	obs	MAR	obs	obs	MAR	obs	obs	MAR	MAR
PG00689	obs	obs	obs	obs	obs	obs	obs	obs	obs	obs	obs	obs	obs	obs	obs	obs	obs	obs	obs	obs	obs	obs	obs	MAR
PG00690	obs	obs	obs	obs	obs	obs	obs	obs	obs	obs	obs	obs	obs	obs	obs	obs	obs	obs	obs	obs	obs	obs	obs	obs
PG00691	obs	obs	obs	obs	obs	obs	obs	obs	obs	obs	obs	obs	obs	obs	obs	obs	obs	obs	obs	obs	obs	obs	obs	obs
PG00694	MAR	MAR	obs	MAR	MAR	obs	obs	obs	MAR	obs	obs	MAR	obs	obs	obs	MNAR	MNAR	MNAR	MAR	obs	obs	MAR	obs	obs
PG00695	obs	obs	obs	MAR	MAR	obs	obs	obs	MAR	obs	obs	obs	obs	obs	obs	obs	obs	obs	obs	obs	obs	MAR	obs	obs
PG00696	MAR	obs	MAR	obs	obs	obs	MAR	obs	MAR	obs	obs	obs	obs	obs	obs	obs	obs	obs	MAR	MAR	obs	obs	obs	MAR
PG00697	obs	obs	obs	obs	MAR	obs	MNAR	MNAR	MNAR	MAR	MAR	obs	obs	MAR	MAR	MAR	obs	obs	obs	MAR	MAR	MNAR	MNAR	MNAR
PG00698	obs	obs	obs	obs	obs	obs	MAR	obs	obs	obs	obs	obs	obs	obs	obs	obs	obs	obs	obs	obs	obs	obs	obs	obs
PG00699	obs	obs	MAR	obs	obs	obs	MAR	obs	obs	obs	obs	obs	obs	obs	obs	obs	MAR	obs	obs	obs	obs	obs	MAR	MAR
PG00700	obs	MAR	MAR	obs	MAR	MAR	MAR	obs	MAR	MNAR	MNAR	MNAR	obs	MAR	MAR	MAR	obs	MAR	MNAR	MNAR	MNAR	obs	MAR	obs
PG00700b	obs	MAR	obs	MAR	MAR	obs	MNAR	MNAR	MNAR	obs	MAR	obs	MAR	obs	MAR	MAR	obs	MAR	obs	obs	obs	MAR	MAR	obs
PG00701	obs	obs	obs	MAR	MAR	obs	obs	MAR	obs	obs	MAR	obs	obs	obs	obs	MNAR	MNAR	MNAR	obs	obs	obs	MAR	obs	MAR
PG00702	MAR	obs	obs	obs	MAR	obs	MAR	MAR	obs	MAR	obs	MAR	MAR	obs	MAR	obs	obs	MAR	obs	obs	obs	obs	obs	obs
PG00703	MAR	obs	obs	obs	MAR	obs	obs	obs	MAR	MAR	obs	obs	MAR	obs	obs	obs	MAR	obs	obs	obs	obs	obs	obs	obs
PG00704	obs	obs	obs	obs	obs	obs	obs	obs	obs	obs	obs	obs	obs	MAR	obs	obs	MAR	obs	obs	obs	obs	obs	obs	obs
PG00705	obs	obs	obs	obs	obs	MAR	obs	obs	MAR	obs	obs	obs	obs	obs	MAR	MAR	MAR	obs	obs	obs	obs	obs	obs	MAR
PG00706	obs	obs	obs	obs	obs	obs	MNAR	MNAR	MNAR	obs	obs	obs	obs	obs	obs	obs	obs	obs	obs	obs	obs	MAR	MAR	obs
PG00707	obs	obs	obs	obs	obs	MAR	obs	obs	obs	obs	obs	obs	MAR	obs	obs	MAR	obs	obs	obs	obs	obs	obs	obs	obs
PG00708	obs	obs	MAR	obs	obs	obs	MAR	obs	obs	obs	MAR	obs	obs	obs	obs	obs	obs	obs	obs	obs	obs	obs	obs	obs
PG00709	obs	obs	obs	obs	obs	obs	obs	obs	obs	obs	obs	obs	obs	obs	obs	obs	obs	obs	obs	MAR	obs	obs	obs	obs
PG00710	MAR	obs	obs	obs	obs	obs	obs	obs	obs	obs	obs	obs	obs	obs	obs	obs	obs	obs	obs	obs	obs	obs	obs	obs
PG00711	obs	obs	MAR	obs	obs	obs	obs	obs	obs	obs	obs	obs	obs	obs	MAR	obs	MAR	obs	obs	MAR	obs	obs	obs	obs
PG00712	obs	obs	obs	obs	obs	obs	obs	obs	obs	obs	obs	obs	obs	obs	obs	obs	obs	obs	obs	obs	obs	obs	obs	MAR
PG00713	obs	MAR	obs	obs	obs	obs	obs	obs	obs	obs	obs	obs	MAR	obs	obs	MAR	obs	obs	obs	obs	MAR	obs	MAR	obs
PG00713b	MAR	obs	obs	obs	obs	obs	MAR	obs	obs	obs	obs	obs	MAR	obs	obs	MAR	obs	obs	obs	obs	obs	MAR	obs	obs
PG00714	obs	obs	obs	obs	obs	obs	obs	obs	obs	obs	obs	obs	obs	obs	obs	obs	obs	obs	obs	obs	obs	obs	MAR	obs
PG00715	obs	obs	MAR	obs	obs	obs	obs	obs	obs	obs	obs	MAR	obs	obs	obs	obs	obs	MAR	MAR	obs	obs	MAR	obs	obs
PG00716	obs	obs	obs	obs	obs	obs	obs	obs	obs	obs	MAR	obs	obs	obs	obs	MAR	obs	obs	obs	obs	obs	obs	obs	obs
PG00718	obs	MAR	obs	MNAR	MNAR	MNAR	MNAR	MNAR	MNAR	obs	obs	MAR	MAR	MAR	obs	obs	MAR	obs	MNAR	MNAR	MNAR	obs	obs	MAR
PG00719	obs	obs	obs	obs	obs	obs	obs	obs	obs	obs	MAR	obs	obs	obs	obs	MAR	obs	MAR	MAR	obs	obs	obs	MAR	obs
PG00720	MAR	obs	MAR	MAR	obs	obs	obs	obs	obs	MAR	obs	obs	MNAR	MNAR	MNAR	MAR	obs	obs	obs	obs	MAR	obs	obs	obs
PG00721	MAR	obs	obs	obs	obs	obs	MAR	obs	obs	obs	obs	MAR	MAR	MAR	obs	obs	MAR	MAR	obs	MAR	obs	MAR	obs	obs
PG00723	obs	obs	MAR	obs	obs	obs	obs	MAR	MAR	obs	obs	obs	obs	MAR	obs	obs	obs	MAR	obs	obs	MAR	obs	MAR	obs
PG00724	obs	obs	obs	obs	obs	obs	obs	obs	obs	obs	obs	obs	obs	obs	obs	obs	obs	obs	obs	obs	obs	obs	obs	MAR
PG00725	obs	obs	obs	MAR	MAR	obs	obs	obs	obs	obs	obs	obs	obs	obs	obs	obs	obs	obs	obs	obs	obs	obs	obs	obs
PG00726	obs	obs	obs	obs	obs	obs	obs	obs	obs	obs	obs	obs	obs	obs	obs	obs	obs	obs	obs	obs	obs	obs	obs	obs
PG00727	obs	obs	obs	obs	obs	obs	obs	obs	obs	obs	obs	obs	obs	MAR	obs	obs	obs	obs	obs	obs	obs	obs	obs	obs
PG00728	obs	MAR	obs	obs	MAR	MAR	obs	obs	MAR	MNAR	MNAR	MNAR	obs	MAR	MAR	obs	obs	obs	MAR	obs	MAR	MNAR	MNAR	MNAR
PG00729	obs	obs	obs	obs	obs	obs	obs	obs	obs	obs	obs	obs	obs	obs	obs	obs	obs	obs	obs	obs	obs	obs	obs	obs
PG00730	obs	MAR	obs	obs	MAR	obs	MAR	obs	MAR	MAR	obs	MAR	MAR	obs	MAR	MAR	MAR	obs	MAR	obs	obs	MNAR	MNAR	MNAR
PG00732	MAR	obs	MAR	MAR	obs	obs	obs	obs	obs	obs	obs	obs	obs	obs	obs	obs	MAR	obs	MAR	MAR	obs	MAR	obs	obs
PG00734	obs	obs	obs	obs	MAR	obs	obs	obs	obs	obs	obs	obs	obs	obs	obs	obs	obs	obs	obs	MAR	obs	obs	obs	MAR
PG00737	obs	obs	MAR	MAR	MAR	obs	obs	MAR	MAR	MAR	obs	MAR	obs	MAR	MAR	MNAR	MNAR	MNAR	obs	MAR	MAR	MNAR	MNAR	MNAR
PG00738	obs	obs	obs	obs	obs	obs	obs	obs	obs	obs	obs	obs	obs	obs	obs	obs	obs	obs	obs	obs	obs	MAR	obs	obs
PG00739	obs	obs	obs	obs	obs	obs	MAR	MAR	obs	obs	MAR	obs	obs	MAR	MAR	obs	obs	obs	MAR	obs	MAR	obs	MAR	obs
PG00740	obs	obs	obs	obs	obs	obs	obs	obs	obs	MAR	obs	obs	obs	obs	obs	obs	obs	obs	obs	obs	obs	obs	obs	obs
PG00741	MAR	MAR	obs	obs	obs	MAR	obs	obs	MAR	MNAR	MNAR	MNAR	MAR	MAR	obs	MAR	obs	obs	obs	MAR	obs	obs	MAR	obs
PG00743	obs	obs	obs	obs	obs	MAR	MAR	obs	obs	MAR	obs	obs	obs	obs	obs	obs	obs	obs	MAR	obs	MAR	obs	obs	obs
PG00744	obs	obs	obs	obs	obs	obs	obs	obs	obs	obs	obs	obs	obs	obs	obs	obs	obs	obs	obs	obs	obs	obs	MAR	obs
PG00746	obs	obs	obs	obs	obs	obs	MAR	obs	obs	obs	obs	obs	obs	obs	obs	obs	MAR	obs	obs	obs	obs	MAR	obs	obs
PG00747	obs	obs	obs	obs	obs	MAR	MAR	obs	obs	MAR	obs	obs	obs	obs	obs	MAR	obs	MAR	MAR	obs	MAR	obs	obs	MAR
PG00748	obs	obs	obs	obs	obs	obs	obs	obs	obs	obs	obs	obs	obs	obs	obs	obs	obs	obs	obs	obs	obs	obs	obs	MAR
PG00749b	MNAR	MNAR	MNAR	MNAR	MNAR	MNAR	obs	MAR	obs	MAR	MAR	obs	MNAR	MNAR	MNAR	MAR	MAR	obs	MNAR	MNAR	MNAR	MNAR	MNAR	MNAR
PG00750	obs	obs	obs	obs	obs	obs	obs	obs	obs	obs	obs	obs	obs	obs	obs	obs	obs	obs	obs	obs	obs	obs	obs	obs
PG00751	obs	obs	obs	obs	obs	obs	obs	obs	obs	obs	obs	obs	obs	obs	obs	obs	obs	obs	obs	obs	obs	obs	obs	obs
PG00752	MAR	obs	obs	MAR	MAR	obs	MNAR	MNAR	MNAR	obs	obs	MAR	MAR	obs	obs	MAR	MAR	obs	MAR	MAR	obs	obs	MAR	MAR
PG00753	obs	obs	obs	obs	obs	obs	obs	obs	obs	obs	MAR	obs	obs	obs	obs	obs	obs	obs	obs	obs	obs	obs	obs	obs
PG00755	obs	obs	obs	MAR	obs	obs	obs	obs	obs	MAR	obs	MAR	obs	obs	obs	obs	obs	obs	obs	obs	obs	obs	obs	obs
PG00756	obs	obs	obs	obs	obs	obs	obs	obs	obs	obs	obs	obs	MAR	obs	obs	obs	obs	obs	MAR	obs	obs	obs	obs	obs
PG00757	obs	obs	obs	obs	MAR	obs	obs	obs	obs	obs	obs	obs	obs	obs	obs	obs	obs	MAR	obs	obs	obs	obs	obs	obs
PG00759	MNAR	MNAR	MNAR	MNAR	MNAR	MNAR	MAR	obs	MAR	MNAR	MNAR	MNAR	obs	MAR	obs	MNAR	MNAR	MNAR	MNAR	MNAR	MNAR	obs	MAR	MAR
PG00759b	obs	MAR	MAR	MAR	MAR	obs	MNAR	MNAR	MNAR	MNAR	MNAR	MNAR	obs	MAR	obs	obs	MAR	MAR	MNAR	MNAR	MNAR	obs	MAR	obs
PG00760	MAR	obs	obs	MAR	obs	MAR	MAR	obs	obs	obs	obs	obs	obs	obs	obs	obs	obs	obs	obs	obs	obs	MAR	obs	obs
PG00761	obs	MAR	MAR	MAR	obs	obs	MAR	MAR	obs	obs	obs	obs	obs	MAR	obs	MAR	MAR	obs	obs	obs	MAR	obs	obs	obs
PG00763	obs	obs	obs	obs	obs	obs	obs	obs	MAR	obs	obs	obs	obs	MAR	obs	MAR	obs	obs	obs	obs	obs	obs	obs	obs
PG00764	obs	obs	MAR	obs	obs	obs	obs	obs	obs	obs	obs	MAR	obs	obs	obs	obs	obs	obs	obs	obs	obs	obs	obs	obs
PG00765	MAR	obs	obs	MAR	MAR	obs	MAR	MAR	obs	obs	MAR	obs	MAR	obs	MAR	MAR	obs	MAR	MAR	MAR	obs	obs	MAR	obs
PG00766	obs	obs	MAR	obs	obs	MAR	MNAR	MNAR	MNAR	obs	MAR	obs	obs	obs	obs	obs	obs	obs	MAR	MAR	obs	obs	MAR	obs
PG00766b	MAR	obs	obs	obs	obs	MAR	obs	obs	obs	MAR	MAR	obs	MAR	obs	obs	obs	MAR	obs	obs	MAR	MAR	MAR	MAR	obs
PG00769	obs	obs	obs	obs	obs	MAR	obs	obs	obs	MAR	obs	obs	MAR	MAR	obs	obs	obs	obs	obs	obs	obs	obs	obs	obs
PG00769b	MAR	MAR	obs	obs	obs	obs	obs	obs	MAR	MAR	obs	MAR	MAR	obs	obs	MAR	obs	obs	obs	obs	obs	obs	obs	obs
PG00770	obs	obs	obs	obs	obs	obs	obs	obs	obs	obs	obs	obs	obs	obs	obs	obs	obs	obs	obs	obs	MAR	obs	obs	obs
PG00772	obs	obs	obs	obs	obs	obs	obs	obs	obs	obs	obs	obs	obs	obs	obs	MAR	obs	MAR	obs	obs	obs	obs	obs	obs
PG00773	obs	obs	obs	obs	obs	obs	obs	obs	obs	obs	obs	obs	obs	obs	obs	obs	obs	obs	obs	MAR	obs	obs	obs	obs
PG00774	obs	obs	obs	MAR	obs	obs	MAR	obs	obs	obs	obs	obs	obs	obs	obs	obs	obs	obs	obs	obs	obs	obs	obs	obs
PG00775	obs	obs	obs	MAR	obs	obs	obs	obs	obs	obs	obs	obs	obs	obs	obs	obs	obs	obs	obs	obs	obs	obs	obs	MAR
PG00777	MAR	obs	MAR	obs	obs	obs	obs	obs	obs	obs	obs	obs	obs	MAR	obs	obs	obs	obs	MAR	obs	MAR	obs	obs	obs
PG00778	obs	obs	obs	obs	obs	MAR	obs	obs	obs	obs	obs	obs	MAR	obs	obs	obs	obs	obs	obs	obs	obs	obs	obs	obs
PG00779	obs	obs	obs	obs	MAR	obs	obs	obs	obs	obs	obs	obs	obs	obs	obs	obs	obs	obs	obs	obs	obs	obs	obs	obs
PG00780	obs	obs	obs	obs	MAR	obs	obs	obs	obs	obs	obs	obs	obs	obs	obs	obs	obs	obs	obs	obs	obs	obs	obs	obs
PG00782	obs	obs	MAR	obs	MAR	obs	obs	obs	obs	obs	obs	obs	obs	obs	MAR	obs	obs	MAR	MAR	obs	MAR	obs	MAR	MAR
PG00783	obs	MAR	obs	obs	obs	obs	obs	obs	obs	obs	obs	obs	obs	obs	obs	obs	obs	obs	obs	obs	obs	obs	obs	obs
PG00784	obs	obs	obs	obs	obs	obs	obs	obs	obs	obs	obs	obs	obs	obs	obs	obs	obs	obs	obs	obs	obs	obs	obs	obs
PG00785	obs	obs	obs	MAR	obs	obs	obs	obs	obs	obs	obs	obs	obs	obs	obs	obs	obs	obs	obs	obs	obs	obs	obs	obs
PG00786	obs	obs	obs	obs	obs	obs	obs	obs	obs	obs	obs	obs	obs	MAR	obs	obs	obs	obs	obs	obs	obs	obs	obs	obs
PG00787	obs	obs	obs	obs	obs	obs	obs	obs	obs	obs	obs	obs	obs	obs	obs	obs	obs	obs	obs	obs	MAR	obs	obs	obs
PG00788	obs	obs	MAR	obs	MAR	obs	obs	obs	obs	obs	obs	obs	obs	obs	obs	obs	obs	obs	obs	obs	obs	obs	obs	MAR
PG00789	obs	obs	obs	obs	obs	obs	obs	obs	obs	obs	obs	obs	obs	obs	obs	obs	MAR	MAR	obs	obs	obs	obs	obs	MAR
PG00790	obs	obs	obs	obs	obs	obs	obs	MAR	MAR	obs	obs	obs	obs	obs	obs	obs	MAR	obs	MAR	obs	obs	obs	MAR	obs
PG00792	obs	obs	obs	obs	obs	obs	obs	MAR	obs	obs	obs	obs	obs	obs	obs	obs	obs	obs	obs	obs	obs	obs	obs	obs
PG00793	obs	obs	MAR	obs	obs	obs	obs	MAR	obs	obs	obs	obs	MAR	obs	obs	obs	obs	obs	obs	obs	MAR	obs	obs	MAR
PG00794	MNAR	MNAR	MNAR	obs	MAR	obs	MNAR	MNAR	MNAR	MAR	MAR	obs	MNAR	MNAR	MNAR	MNAR	MNAR	MNAR	MNAR	MNAR	MNAR	MNAR	MNAR	MNAR
PG00795	obs	obs	obs	obs	obs	obs	obs	obs	obs	obs	obs	obs	obs	obs	obs	obs	obs	obs	obs	obs	MAR	obs	obs	obs
PG00796	obs	obs	obs	obs	obs	MAR	obs	obs	obs	obs	obs	obs	obs	obs	obs	obs	obs	obs	obs	obs	obs	obs	obs	obs
PG00798	obs	MAR	obs	obs	MAR	MAR	MAR	obs	obs	obs	MAR	MAR	obs	MAR	MAR	obs	obs	obs	obs	MAR	MAR	MAR	MAR	obs
PG00799	obs	obs	obs	obs	obs	obs	obs	obs	obs	obs	obs	obs	obs	obs	MAR	obs	obs	obs	obs	obs	obs	obs	obs	MAR
PG00800	MAR	obs	obs	MAR	obs	obs	obs	obs	obs	obs	MAR	obs	obs	obs	obs	obs	obs	obs	obs	obs	obs	obs	obs	obs
PG00802	obs	MAR	obs	MNAR	MNAR	MNAR	MNAR	MNAR	MNAR	obs	obs	obs	obs	MAR	obs	MAR	obs	obs	MAR	obs	obs	obs	obs	obs
PG00803	obs	MAR	obs	obs	obs	obs	obs	obs	obs	obs	obs	obs	MAR	obs	obs	obs	obs	obs	obs	obs	obs	obs	obs	obs
PG00804	MAR	MAR	obs	MAR	obs	MAR	obs	MAR	MAR	MNAR	MNAR	MNAR	MAR	obs	obs	MAR	obs	obs	MAR	MAR	obs	MAR	obs	MAR
PG00805	obs	obs	obs	obs	obs	MAR	MAR	obs	obs	obs	obs	obs	obs	obs	obs	obs	obs	obs	obs	obs	MAR	obs	MAR	obs
PG00806	obs	obs	MAR	obs	obs	obs	obs	obs	obs	obs	obs	obs	obs	obs	obs	obs	obs	obs	obs	obs	obs	obs	obs	obs
PG00808	MAR	obs	obs	obs	obs	obs	obs	obs	obs	obs	obs	obs	obs	obs	MAR	obs	obs	obs	obs	obs	obs	obs	obs	obs
PG00810	obs	obs	obs	obs	obs	obs	MAR	obs	MAR	MAR	obs	obs	obs	MAR	MAR	obs	obs	obs	obs	MAR	obs	obs	obs	obs
PG00812	MAR	obs	obs	MAR	MAR	obs	obs	obs	obs	MAR	obs	MAR	MAR	obs	obs	MNAR	MNAR	MNAR	obs	MAR	obs	obs	MAR	obs
PG00813	MNAR	MNAR	MNAR	obs	obs	obs	obs	obs	MAR	MAR	obs	obs	obs	obs	MAR	obs	obs	obs	MAR	obs	obs	MNAR	MNAR	MNAR
PG00814	obs	obs	MAR	obs	MAR	obs	obs	MAR	obs	obs	obs	obs	obs	obs	obs	obs	obs	obs	obs	obs	obs	obs	obs	obs
PG00815	obs	obs	obs	obs	obs	obs	obs	obs	MAR	MAR	obs	obs	obs	obs	MAR	obs	obs	obs	obs	obs	MAR	obs	obs	MAR
PG00816	obs	obs	obs	MAR	obs	obs	obs	obs	MAR	MAR	MAR	obs	obs	obs	obs	obs	obs	obs	obs	obs	obs	obs	obs	obs
PG00817	MAR	obs	obs	obs	obs	obs	MAR	obs	obs	obs	obs	obs	MAR	obs	MAR	obs	obs	obs	obs	MAR	MAR	obs	MAR	obs
PG00818	obs	obs	MAR	obs	obs	obs	obs	obs	obs	obs	obs	obs	obs	obs	obs	obs	obs	obs	obs	obs	obs	obs	obs	obs
PG00820	obs	obs	obs	MAR	obs	obs	obs	obs	obs	obs	obs	obs	obs	obs	obs	obs	obs	obs	obs	obs	obs	obs	obs	obs
PG00821	MAR	obs	obs	obs	obs	MAR	obs	obs	MAR	obs	obs	MAR	MAR	MAR	obs	MNAR	MNAR	MNAR	MAR	obs	obs	obs	MAR	obs
PG00822	MNAR	MNAR	MNAR	obs	obs	MAR	MNAR	MNAR	MNAR	MAR	obs	MAR	obs	MAR	obs	MNAR	MNAR	MNAR	MAR	MAR	obs	obs	MAR	obs
PG00823	obs	obs	obs	obs	obs	obs	obs	obs	obs	obs	obs	obs	obs	obs	obs	obs	obs	obs	obs	obs	obs	obs	obs	obs
PG00824	obs	obs	MAR	obs	MAR	MAR	obs	MAR	obs	obs	MAR	obs	MAR	obs	obs	obs	obs	MAR	obs	obs	MAR	MAR	obs	obs
PG00825	obs	obs	obs	obs	obs	MAR	obs	obs	obs	obs	obs	MAR	obs	obs	obs	obs	MAR	obs	obs	obs	MAR	obs	obs	obs
PG00826	obs	obs	obs	obs	obs	obs	obs	obs	obs	obs	obs	obs	obs	obs	obs	obs	obs	obs	obs	obs	obs	obs	obs	obs
PG00827	obs	obs	MAR	obs	obs	obs	obs	MAR	obs	obs	obs	MAR	MAR	MAR	obs	MAR	obs	MAR	obs	MAR	obs	obs	obs	obs
PG00829	MNAR	MNAR	MNAR	MAR	obs	MAR	obs	obs	MAR	obs	MAR	obs	MAR	obs	obs	MAR	obs	obs	MAR	MAR	obs	MNAR	MNAR	MNAR
PG00830	obs	obs	obs	MAR	obs	MAR	obs	obs	obs	obs	obs	obs	obs	obs	obs	obs	obs	MAR	obs	obs	obs	obs	obs	obs
PG00833	obs	obs	obs	obs	obs	obs	obs	MAR	obs	obs	obs	MAR	obs	MAR	obs	obs	obs	obs	MAR	obs	obs	MNAR	MNAR	MNAR
PG00834	obs	obs	obs	MAR	obs	obs	obs	obs	obs	obs	obs	MAR	obs	obs	obs	obs	obs	obs	obs	obs	obs	obs	obs	obs
PG00835	obs	obs	obs	obs	obs	obs	obs	obs	obs	obs	obs	obs	obs	obs	obs	obs	obs	obs	obs	MAR	MAR	obs	obs	obs
PG00836	MAR	MAR	obs	obs	obs	obs	obs	MAR	obs	obs	MAR	obs	obs	obs	obs	MAR	MAR	obs	MAR	obs	obs	MNAR	MNAR	MNAR
PG00837	obs	obs	obs	MAR	MAR	obs	obs	MAR	obs	MAR	obs	MAR	MAR	obs	obs	obs	obs	obs	MAR	obs	obs	obs	obs	obs
PG00838	obs	obs	obs	obs	obs	obs	obs	obs	obs	obs	obs	obs	obs	obs	obs	obs	MAR	obs	obs	obs	obs	obs	obs	obs
PG00840	obs	MAR	obs	obs	obs	obs	obs	obs	obs	obs	obs	obs	obs	obs	MAR	obs	obs	MAR	obs	obs	obs	obs	obs	obs
PG00841	obs	obs	obs	obs	obs	obs	obs	obs	obs	obs	obs	MAR	obs	obs	obs	obs	MAR	obs	obs	obs	obs	obs	obs	obs
PG00843	obs	obs	obs	obs	obs	obs	obs	obs	obs	obs	obs	obs	obs	obs	obs	obs	obs	obs	obs	obs	obs	obs	obs	obs
PG00845	obs	obs	obs	obs	obs	MAR	obs	obs	obs	obs	obs	obs	obs	obs	MAR	MAR	MAR	obs	MAR	MAR	obs	obs	obs	obs
PG00846	obs	obs	obs	obs	obs	obs	obs	obs	obs	obs	obs	MAR	obs	obs	obs	obs	obs	obs	obs	obs	obs	obs	obs	obs
PG00847	obs	obs	obs	obs	obs	obs	obs	obs	obs	obs	obs	obs	obs	obs	obs	obs	obs	obs	obs	obs	obs	obs	obs	obs
PG00848	obs	obs	obs	obs	MAR	obs	obs	obs	obs	obs	obs	obs	obs	obs	obs	obs	obs	obs	obs	MAR	obs	obs	obs	MAR
PG00849	obs	obs	obs	obs	obs	obs	MNAR	MNAR	MNAR	obs	obs	MAR	MAR	MAR	obs	obs	obs	MAR	obs	obs	obs	obs	obs	obs
PG00850	obs	obs	obs	obs	obs	obs	obs	obs	obs	obs	obs	obs	obs	obs	obs	obs	obs	obs	MAR	obs	obs	obs	obs	obs
PG00852	MNAR	MNAR	MNAR	MAR	MAR	obs	MAR	obs	MAR	obs	MAR	MAR	MNAR	MNAR	MNAR	MNAR	MNAR	MNAR	obs	obs	obs	obs	MAR	obs
PG00853	MNAR	MNAR	MNAR	MAR	obs	obs	MAR	MAR	obs	MNAR	MNAR	MNAR	MAR	obs	MAR	obs	MAR	obs	obs	obs	MAR	obs	obs	MAR
PG00855	MNAR	MNAR	MNAR	obs	MAR	obs	MAR	MAR	obs	obs	MAR	MAR	MAR	obs	MAR	MAR	obs	MAR	MAR	MAR	obs	obs	MAR	MAR
PG00856	obs	obs	obs	obs	obs	obs	obs	obs	obs	obs	obs	obs	obs	obs	obs	obs	obs	obs	obs	obs	obs	obs	obs	MAR
PG00857	obs	obs	obs	obs	obs	obs	obs	obs	obs	obs	obs	obs	obs	obs	obs	obs	obs	obs	obs	obs	obs	obs	obs	obs
PG00860	obs	obs	obs	obs	obs	obs	obs	obs	obs	obs	obs	obs	obs	obs	obs	obs	obs	obs	obs	MAR	obs	MAR	obs	obs
PG00861	obs	MAR	obs	obs	obs	obs	obs	obs	obs	obs	obs	obs	obs	MAR	obs	MAR	obs	MAR	obs	obs	obs	obs	MAR	obs
PG00862	obs	obs	obs	obs	obs	obs	obs	obs	MAR	obs	obs	obs	obs	obs	obs	obs	obs	obs	obs	obs	obs	obs	obs	obs
PG00863	obs	obs	obs	obs	obs	obs	obs	obs	obs	obs	obs	obs	obs	obs	obs	obs	obs	obs	obs	obs	obs	obs	obs	obs
PG00865	obs	MAR	obs	MAR	obs	MAR	MAR	obs	MAR	obs	obs	MAR	obs	obs	obs	obs	MAR	MAR	MNAR	MNAR	MNAR	MAR	obs	MAR
PG00866	obs	obs	obs	obs	obs	MAR	obs	obs	obs	obs	MAR	obs	obs	obs	obs	obs	obs	obs	obs	obs	obs	obs	obs	obs
PG00867	obs	obs	obs	obs	obs	obs	obs	obs	obs	obs	obs	obs	obs	obs	obs	obs	obs	obs	obs	obs	obs	obs	obs	obs
PG00868	obs	obs	obs	obs	obs	obs	obs	obs	obs	obs	obs	obs	obs	obs	obs	obs	obs	obs	obs	obs	obs	obs	obs	obs
PG00869	obs	MAR	obs	obs	MAR	obs	obs	obs	MAR	obs	MAR	MAR	obs	obs	obs	MAR	MAR	obs	MNAR	MNAR	MNAR	obs	obs	obs
PG00870	MAR	obs	obs	obs	obs	obs	obs	MAR	MAR	MAR	obs	obs	obs	obs	obs	obs	MAR	obs	MAR	MAR	obs	obs	MAR	obs
PG00871	obs	obs	obs	obs	obs	obs	obs	obs	obs	obs	obs	obs	obs	obs	obs	obs	obs	obs	MAR	obs	obs	obs	obs	obs
PG00872	obs	obs	obs	obs	obs	obs	MAR	obs	obs	obs	obs	obs	obs	MAR	obs	obs	MAR	obs	obs	obs	obs	obs	obs	MAR
PG00872b	MAR	obs	obs	obs	obs	MAR	obs	obs	MAR	obs	MAR	MAR	obs	obs	obs	MAR	obs	obs	obs	MAR	MAR	obs	obs	obs
PG00873	obs	MAR	obs	obs	obs	obs	obs	obs	obs	obs	obs	obs	obs	obs	obs	obs	obs	obs	obs	MAR	obs	obs	MAR	MAR
PG00874	obs	obs	obs	obs	obs	obs	obs	obs	obs	obs	obs	obs	obs	obs	obs	obs	obs	obs	obs	obs	obs	obs	obs	obs
PG00875	obs	MAR	MAR	MAR	obs	MAR	MAR	obs	obs	MNAR	MNAR	MNAR	MAR	obs	obs	MAR	obs	obs	MAR	MAR	obs	obs	MAR	MAR
PG00878	obs	obs	obs	obs	obs	obs	obs	obs	obs	obs	obs	obs	obs	obs	obs	obs	obs	obs	obs	obs	obs	obs	obs	obs
PG00879	obs	MAR	obs	obs	obs	obs	obs	MAR	MAR	MNAR	MNAR	MNAR	obs	MAR	MAR	MNAR	MNAR	MNAR	MNAR	MNAR	MNAR	MNAR	MNAR	MNAR
PG00880	obs	obs	obs	obs	MAR	obs	obs	obs	obs	obs	obs	obs	obs	obs	obs	obs	obs	MAR	obs	obs	MAR	MAR	obs	obs
PG00881	obs	obs	obs	obs	obs	obs	obs	obs	obs	obs	obs	obs	obs	obs	MAR	obs	obs	obs	obs	obs	obs	obs	obs	obs
PG00882	obs	obs	obs	MAR	obs	obs	obs	obs	obs	obs	obs	obs	obs	obs	obs	obs	obs	obs	obs	obs	obs	obs	obs	obs
PG00883	obs	obs	obs	obs	MAR	obs	obs	obs	obs	MAR	obs	MAR	obs	obs	obs	obs	MAR	obs	obs	obs	obs	obs	obs	obs
PG00884	obs	obs	obs	obs	obs	obs	obs	obs	obs	obs	obs	obs	obs	obs	obs	obs	obs	MAR	obs	obs	obs	obs	obs	obs
PG00886	obs	obs	obs	obs	obs	obs	MNAR	MNAR	MNAR	MAR	obs	obs	obs	obs	obs	MNAR	MNAR	MNAR	obs	MAR	obs	obs	obs	MAR
PG00887	obs	obs	obs	obs	obs	obs	MAR	obs	obs	obs	obs	MAR	obs	obs	obs	MAR	obs	MAR	obs	obs	obs	obs	obs	obs
PG00888	obs	MAR	obs	MAR	obs	obs	obs	obs	obs	obs	obs	obs	obs	obs	obs	obs	obs	obs	obs	obs	obs	obs	obs	obs
PG00889	obs	MAR	obs	obs	obs	obs	obs	obs	MAR	obs	MAR	obs	obs	obs	MAR	obs	obs	obs	MAR	obs	MAR	MAR	obs	obs
PG00891	obs	obs	obs	obs	obs	obs	obs	obs	obs	obs	obs	obs	obs	obs	obs	obs	obs	obs	obs	obs	obs	obs	obs	obs
PG00892	MNAR	MNAR	MNAR	obs	MAR	obs	MAR	obs	obs	MAR	obs	MAR	obs	MAR	MAR	MNAR	MNAR	MNAR	obs	MAR	MAR	obs	MAR	obs
PG00893	obs	obs	obs	obs	obs	obs	obs	obs	obs	MAR	obs	obs	obs	obs	obs	obs	obs	obs	obs	obs	obs	obs	obs	obs
PG00894	MAR	obs	obs	obs	obs	obs	obs	obs	obs	obs	obs	obs	obs	obs	obs	obs	MAR	obs	MAR	obs	obs	obs	obs	obs
PG00895	obs	obs	obs	obs	obs	obs	obs	obs	obs	obs	obs	obs	obs	obs	obs	obs	obs	obs	obs	obs	MAR	obs	MAR	obs
PG00897	obs	obs	obs	obs	obs	obs	MAR	obs	obs	obs	obs	MAR	obs	obs	obs	obs	obs	obs	obs	MAR	MAR	obs	obs	obs
PG00897b	obs	MAR	MAR	obs	obs	MAR	MAR	obs	MAR	MAR	obs	obs	obs	obs	obs	obs	MAR	obs	obs	obs	obs	obs	obs	obs
PG00898	obs	obs	obs	obs	obs	obs	obs	obs	obs	obs	obs	obs	obs	obs	obs	obs	obs	obs	obs	obs	obs	MAR	obs	obs
PG00899	obs	obs	obs	obs	obs	obs	obs	obs	obs	obs	obs	obs	MAR	obs	obs	obs	obs	obs	MAR	obs	obs	obs	obs	obs
PG00900	obs	MAR	obs	obs	MAR	obs	obs	obs	obs	MAR	obs	obs	obs	obs	obs	obs	MAR	obs	obs	obs	obs	obs	obs	obs
PG00901	obs	obs	obs	obs	obs	obs	obs	obs	obs	obs	obs	obs	obs	obs	MAR	obs	obs	obs	obs	obs	obs	obs	obs	obs
PG00902	obs	obs	obs	MNAR	MNAR	MNAR	obs	obs	obs	MAR	obs	obs	obs	MAR	obs	obs	obs	obs	obs	MAR	obs	obs	obs	MAR
PG00903	MNAR	MNAR	MNAR	MNAR	MNAR	MNAR	obs	MAR	MAR	MAR	obs	MAR	MAR	MAR	obs	obs	obs	MAR	MNAR	MNAR	MNAR	MNAR	MNAR	MNAR
PG00904	obs	obs	MAR	MNAR	MNAR	MNAR	MAR	obs	MAR	obs	MAR	MAR	MAR	MAR	obs	MAR	obs	obs	MNAR	MNAR	MNAR	MAR	obs	MAR
PG00905	obs	obs	MAR	obs	obs	obs	obs	obs	MAR	obs	obs	obs	obs	obs	MAR	MAR	obs	MAR	obs	MAR	MAR	MAR	obs	obs
PG00906	MAR	obs	obs	obs	obs	obs	obs	obs	obs	obs	obs	obs	MAR	obs	obs	MAR	obs	obs	MAR	obs	obs	obs	obs	obs
PG00907	MAR	obs	obs	obs	obs	obs	obs	obs	obs	obs	obs	obs	obs	obs	obs	MAR	obs	MAR	obs	obs	MAR	MAR	obs	obs
PG00908	obs	obs	obs	obs	obs	obs	obs	obs	obs	obs	obs	obs	obs	obs	obs	obs	obs	MAR	obs	obs	obs	obs	obs	obs
PG00909	obs	MAR	obs	obs	obs	obs	obs	obs	obs	obs	obs	obs	MAR	obs	MAR	MAR	obs	obs	obs	obs	obs	obs	MAR	obs
PG00910	MAR	obs	obs	obs	MAR	obs	MAR	MAR	obs	MAR	obs	obs	obs	obs	obs	obs	obs	obs	obs	obs	obs	obs	obs	obs
PG00911	obs	obs	obs	obs	obs	obs	obs	obs	obs	obs	obs	obs	obs	obs	obs	obs	obs	obs	obs	obs	obs	obs	obs	obs
PG00912	obs	obs	obs	obs	obs	obs	obs	obs	obs	obs	obs	obs	MAR	MAR	obs	obs	MAR	obs	obs	obs	MAR	obs	obs	obs
PG00914	MNAR	MNAR	MNAR	obs	obs	MAR	obs	obs	obs	obs	MAR	MAR	MAR	obs	obs	obs	obs	obs	obs	MAR	MAR	obs	MAR	MAR
PG00915	MAR	obs	obs	obs	MAR	MAR	obs	obs	obs	MAR	MAR	obs	obs	obs	obs	MAR	obs	obs	obs	MAR	MAR	MNAR	MNAR	MNAR
PG00916	obs	obs	obs	obs	obs	obs	obs	obs	obs	obs	obs	obs	obs	obs	obs	obs	obs	obs	obs	obs	obs	obs	obs	obs
PG00917	MNAR	MNAR	MNAR	MNAR	MNAR	MNAR	MNAR	MNAR	MNAR	MAR	MAR	obs	obs	MAR	MAR	MAR	obs	MAR	obs	MAR	obs	MNAR	MNAR	MNAR
PG00918	obs	MAR	obs	obs	obs	obs	obs	MAR	obs	obs	obs	obs	obs	MAR	obs	MAR	obs	obs	obs	obs	obs	obs	obs	obs
PG00919	obs	MAR	MAR	MAR	MAR	obs	MAR	MAR	obs	MNAR	MNAR	MNAR	obs	obs	MAR	obs	MAR	MAR	MAR	MAR	obs	MAR	MAR	obs
PG00921	obs	obs	obs	obs	obs	obs	obs	obs	obs	obs	obs	obs	obs	obs	obs	MAR	obs	obs	obs	obs	obs	obs	obs	obs
PG00922	obs	MAR	obs	MNAR	MNAR	MNAR	obs	obs	MAR	obs	obs	obs	obs	obs	obs	MAR	obs	obs	obs	MAR	obs	obs	obs	obs
PG00923	MAR	obs	obs	obs	obs	MAR	obs	obs	obs	obs	MAR	obs	obs	obs	MAR	MAR	obs	MAR	obs	MAR	obs	obs	obs	MAR
PG00924	obs	obs	obs	obs	MAR	obs	obs	obs	obs	MAR	obs	obs	obs	obs	MAR	MAR	MAR	obs	MAR	obs	obs	obs	obs	obs
PG00925	obs	obs	obs	obs	obs	obs	obs	obs	obs	obs	obs	obs	obs	obs	obs	obs	obs	obs	obs	obs	obs	obs	obs	obs
PG00926	obs	obs	obs	obs	obs	obs	obs	obs	obs	obs	obs	obs	obs	obs	obs	obs	obs	obs	obs	obs	obs	obs	MAR	obs
PG00927	obs	obs	obs	obs	obs	MAR	obs	obs	obs	obs	obs	obs	MAR	MAR	obs	obs	MAR	obs	obs	obs	obs	MAR	obs	obs
PG00929	obs	obs	obs	obs	obs	obs	obs	obs	obs	obs	obs	obs	obs	MAR	obs	obs	obs	obs	obs	MAR	obs	obs	obs	MAR
PG00930	MAR	MAR	obs	obs	obs	obs	obs	obs	obs	obs	MAR	MAR	obs	obs	obs	MAR	obs	obs	obs	obs	MAR	obs	MAR	MAR
PG00931	obs	obs	MAR	obs	obs	obs	MAR	obs	obs	MNAR	MNAR	MNAR	obs	obs	MAR	MAR	MAR	obs	obs	obs	MAR	MAR	obs	MAR
PG00932	obs	obs	obs	obs	obs	MAR	MAR	obs	obs	MAR	obs	MAR	obs	MAR	obs	obs	MAR	obs	MAR	obs	obs	MAR	obs	obs
PG00934	obs	obs	obs	obs	obs	obs	obs	obs	obs	obs	obs	obs	MAR	obs	obs	obs	obs	obs	obs	obs	obs	MAR	obs	obs
PG00935	MAR	obs	obs	MAR	obs	MAR	MAR	obs	obs	MNAR	MNAR	MNAR	obs	MAR	obs	obs	MAR	obs	MAR	obs	obs	obs	obs	obs
PG00936	obs	obs	obs	obs	obs	obs	obs	obs	obs	obs	obs	obs	obs	obs	obs	obs	obs	obs	obs	obs	MAR	obs	obs	obs
PG00937	obs	obs	obs	obs	obs	obs	obs	MAR	obs	obs	obs	obs	obs	MAR	MAR	obs	obs	obs	obs	obs	obs	obs	obs	obs
PG00938	obs	obs	obs	obs	obs	obs	obs	obs	obs	obs	obs	obs	obs	obs	obs	obs	obs	obs	obs	obs	obs	obs	obs	obs
PG00939	obs	MAR	obs	obs	MAR	obs	MAR	obs	obs	obs	obs	obs	obs	obs	obs	obs	obs	MAR	obs	obs	obs	obs	obs	obs
PG00941	obs	obs	obs	obs	obs	obs	MAR	obs	obs	obs	obs	obs	obs	obs	obs	obs	obs	obs	obs	obs	obs	obs	obs	obs
PG00942	obs	obs	obs	obs	obs	obs	obs	obs	obs	MAR	obs	obs	obs	obs	obs	obs	obs	obs	obs	obs	obs	obs	obs	obs
PG00943	obs	obs	obs	obs	obs	obs	obs	obs	obs	obs	obs	obs	obs	obs	obs	obs	obs	obs	obs	obs	obs	obs	obs	obs
PG00947	obs	obs	obs	obs	obs	obs	MAR	obs	obs	obs	obs	obs	MAR	obs	MAR	obs	obs	obs	MAR	obs	obs	obs	obs	obs
PG00948	obs	obs	MAR	obs	MAR	obs	obs	obs	obs	obs	obs	obs	obs	obs	obs	MAR	obs	obs	MAR	obs	obs	MAR	obs	MAR
PG00949	MAR	obs	obs	obs	obs	MAR	obs	obs	obs	obs	obs	obs	MAR	obs	obs	MAR	obs	MAR	MAR	obs	obs	obs	MAR	obs
PG00951	MAR	obs	obs	obs	obs	MAR	MAR	obs	obs	MAR	obs	obs	MNAR	MNAR	MNAR	obs	obs	obs	obs	obs	obs	obs	obs	obs
PG00952	obs	obs	obs	MAR	MAR	obs	obs	obs	obs	obs	MAR	obs	obs	obs	obs	obs	obs	obs	MAR	obs	MAR	MAR	obs	obs
PG00953	obs	obs	obs	MAR	obs	MAR	obs	obs	obs	MAR	obs	MAR	obs	MAR	MAR	obs	MAR	obs	MAR	obs	MAR	obs	obs	MAR
PG00954	obs	obs	obs	MNAR	MNAR	MNAR	obs	MAR	obs	MAR	MAR	obs	MNAR	MNAR	MNAR	obs	MAR	MAR	MAR	obs	MAR	obs	MAR	obs
PG00955	obs	MAR	obs	MNAR	MNAR	MNAR	MAR	MAR	obs	MNAR	MNAR	MNAR	MNAR	MNAR	MNAR	MNAR	MNAR	MNAR	MNAR	MNAR	MNAR	MAR	obs	MAR
PG00956	obs	obs	obs	obs	obs	obs	obs	obs	obs	obs	obs	obs	obs	obs	obs	obs	obs	obs	obs	obs	obs	obs	obs	obs
PG00957	obs	obs	obs	obs	obs	obs	obs	obs	obs	obs	obs	obs	obs	obs	obs	obs	obs	obs	obs	obs	obs	obs	obs	obs
PG00959	obs	obs	MAR	MAR	obs	obs	obs	obs	obs	obs	MAR	obs	MAR	MAR	obs	MAR	obs	obs	MAR	obs	MAR	obs	obs	obs
PG00960	MAR	obs	obs	obs	obs	obs	MAR	MAR	obs	obs	obs	MAR	obs	obs	obs	obs	MAR	obs	obs	obs	MAR	obs	obs	MAR
PG00961	MAR	obs	obs	obs	obs	MAR	obs	obs	obs	MAR	obs	obs	obs	obs	obs	obs	MAR	obs	obs	MAR	MAR	obs	obs	MAR
PG00962	MAR	obs	obs	obs	obs	obs	obs	obs	obs	obs	obs	obs	obs	obs	obs	obs	obs	obs	obs	obs	obs	MAR	obs	obs
PG00963	obs	MAR	obs	obs	obs	MAR	obs	obs	obs	obs	obs	obs	obs	obs	obs	obs	obs	obs	MAR	obs	obs	obs	obs	obs
PG00964	obs	obs	obs	obs	obs	obs	obs	obs	obs	obs	obs	obs	obs	obs	obs	obs	obs	obs	obs	obs	obs	MAR	obs	obs
PG00965b	obs	MAR	obs	obs	MAR	MAR	MNAR	MNAR	MNAR	MNAR	MNAR	MNAR	MNAR	MNAR	MNAR	MAR	MAR	obs	MNAR	MNAR	MNAR	MNAR	MNAR	MNAR
PG00966	MAR	obs	obs	MAR	obs	MAR	MAR	obs	obs	MAR	MAR	obs	MNAR	MNAR	MNAR	MAR	obs	MAR	MAR	obs	MAR	obs	MAR	MAR
PG00967	obs	obs	obs	obs	obs	obs	MAR	obs	obs	obs	obs	obs	obs	obs	obs	obs	obs	obs	obs	obs	obs	obs	obs	obs
PG00968	obs	obs	obs	obs	obs	MAR	obs	obs	obs	obs	obs	obs	obs	obs	obs	obs	obs	obs	MAR	obs	obs	obs	obs	obs
PG00969	obs	obs	obs	obs	obs	obs	obs	obs	obs	obs	obs	obs	obs	MAR	obs	obs	obs	obs	obs	obs	obs	obs	MAR	obs
PG00971	obs	obs	obs	obs	obs	obs	obs	obs	obs	obs	obs	obs	obs	obs	obs	obs	obs	obs	MAR	obs	obs	obs	obs	obs
PG00972	obs	obs	obs	obs	obs	obs	obs	obs	MAR	obs	obs	obs	obs	obs	MAR	obs	obs	obs	obs	obs	obs	obs	obs	MAR
PG00973	obs	obs	obs	obs	obs	obs	obs	obs	obs	obs	obs	obs	obs	obs	obs	obs	obs	obs	obs	obs	obs	obs	obs	obs
PG00974	obs	obs	obs	obs	MAR	obs	obs	obs	obs	obs	obs	obs	obs	obs	obs	obs	obs	obs	MAR	obs	obs	obs	obs	obs
PG00975	obs	obs	MAR	MAR	obs	obs	obs	obs	obs	obs	obs	MAR	MAR	obs	obs	MAR	obs	obs	MAR	MAR	obs	MAR	obs	MAR
PG00976	obs	obs	obs	obs	obs	obs	obs	obs	obs	obs	obs	obs	obs	obs	obs	obs	obs	obs	MAR	obs	obs	obs	obs	obs
PG00977	obs	obs	obs	obs	obs	obs	obs	MAR	obs	obs	obs	obs	obs	obs	obs	MAR	MAR	obs	obs	MAR	obs	obs	obs	obs
PG00977b	obs	obs	obs	obs	obs	obs	obs	obs	obs	obs	obs	obs	obs	obs	obs	obs	obs	obs	obs	obs	obs	obs	obs	obs
PG00978	MAR	obs	MAR	MAR	obs	obs	MNAR	MNAR	MNAR	MAR	obs	MAR	MNAR	MNAR	MNAR	MNAR	MNAR	MNAR	MAR	obs	MAR	obs	MAR	MAR
PG00979	obs	obs	obs	obs	obs	obs	obs	obs	obs	obs	obs	obs	MAR	obs	obs	obs	obs	obs	obs	obs	obs	obs	obs	obs
PG00980	obs	obs	obs	obs	obs	obs	MAR	obs	obs	MAR	obs	obs	obs	obs	obs	obs	MAR	obs	obs	MAR	obs	MAR	obs	obs
PG00981	obs	obs	obs	obs	obs	obs	obs	obs	obs	obs	obs	MAR	obs	obs	obs	obs	obs	obs	obs	obs	obs	obs	MAR	obs
PG00985	MAR	MAR	obs	obs	obs	MAR	MAR	obs	obs	obs	obs	obs	obs	obs	MAR	MAR	obs	obs	obs	obs	MAR	obs	obs	obs
PG00986	obs	obs	obs	obs	obs	obs	obs	obs	MAR	obs	obs	obs	obs	obs	obs	MAR	obs	obs	obs	obs	obs	obs	MAR	obs
PG00987	obs	obs	MAR	obs	obs	obs	MAR	obs	MAR	MAR	obs	obs	obs	MAR	obs	obs	MAR	MAR	MAR	obs	MAR	obs	obs	obs
PG00988	obs	obs	obs	MAR	obs	MAR	MAR	MAR	obs	obs	obs	obs	MAR	MAR	obs	MAR	obs	obs	obs	obs	obs	obs	obs	obs
PG00990	obs	obs	obs	obs	obs	obs	obs	obs	obs	MAR	MAR	obs	MAR	obs	MAR	obs	obs	obs	obs	obs	obs	obs	obs	obs
PG00990b	obs	obs	obs	obs	MAR	obs	MAR	MAR	obs	MAR	obs	MAR	MNAR	MNAR	MNAR	MNAR	MNAR	MNAR	MAR	obs	obs	obs	obs	MAR
PG00992	obs	obs	obs	obs	obs	obs	obs	obs	obs	obs	obs	obs	obs	obs	MAR	obs	obs	obs	MAR	obs	obs	obs	obs	obs
PG00993	obs	obs	obs	obs	obs	obs	obs	obs	obs	obs	obs	obs	obs	obs	obs	obs	obs	obs	MAR	obs	MAR	obs	obs	obs
PG00995	obs	obs	obs	obs	MAR	obs	obs	obs	obs	obs	obs	obs	MAR	obs	obs	obs	obs	obs	obs	obs	MAR	obs	obs	obs
PG00997	obs	obs	obs	obs	obs	obs	obs	obs	obs	MAR	obs	obs	obs	obs	obs	obs	obs	obs	obs	obs	obs	obs	obs	obs
PG01000	obs	obs	obs	obs	obs	MAR	obs	MAR	obs	obs	obs	MAR	obs	obs	obs	obs	obs	obs	obs	MAR	obs	obs	obs	obs
PG01001	MAR	MAR	obs	obs	MAR	obs	obs	obs	obs	MAR	obs	obs	obs	obs	MAR	obs	obs	obs	obs	MAR	obs	obs	obs	MAR
PG01002	obs	MAR	MAR	MAR	obs	obs	MNAR	MNAR	MNAR	obs	obs	MAR	MAR	obs	obs	MNAR	MNAR	MNAR	MNAR	MNAR	MNAR	MNAR	MNAR	MNAR
PG01002b	obs	MAR	MAR	MAR	obs	MAR	MNAR	MNAR	MNAR	obs	MAR	obs	MNAR	MNAR	MNAR	MNAR	MNAR	MNAR	MAR	MAR	obs	MAR	MAR	obs
PG01003	obs	obs	obs	obs	obs	obs	obs	obs	obs	obs	obs	obs	obs	obs	obs	obs	obs	obs	obs	obs	obs	obs	obs	obs
PG01004	obs	obs	obs	MAR	obs	MAR	obs	obs	obs	obs	obs	obs	obs	obs	obs	obs	obs	obs	MAR	MAR	obs	MAR	obs	MAR
PG01005	obs	obs	obs	obs	obs	obs	obs	obs	obs	obs	obs	obs	obs	obs	obs	obs	obs	obs	MAR	obs	obs	obs	obs	obs
PG01006	MNAR	MNAR	MNAR	obs	MAR	obs	obs	MAR	obs	obs	MAR	MAR	MNAR	MNAR	MNAR	MNAR	MNAR	MNAR	MNAR	MNAR	MNAR	MAR	obs	MAR
PG01006b	MAR	obs	obs	obs	obs	obs	obs	obs	MAR	obs	obs	MAR	MAR	obs	obs	MNAR	MNAR	MNAR	MNAR	MNAR	MNAR	MAR	MAR	obs
PG01007	obs	MAR	MAR	MNAR	MNAR	MNAR	obs	MAR	obs	obs	MAR	obs	MAR	obs	MAR	MAR	obs	MAR	MAR	MAR	obs	obs	MAR	obs
PG01008	MAR	obs	obs	obs	obs	MAR	MAR	obs	obs	obs	obs	obs	MNAR	MNAR	MNAR	MNAR	MNAR	MNAR	obs	MAR	MAR	MAR	obs	MAR
PG01009	MAR	obs	obs	obs	MAR	obs	obs	obs	MAR	obs	obs	obs	obs	obs	obs	obs	obs	obs	obs	obs	obs	MAR	obs	MAR
PG01010	obs	obs	obs	obs	obs	obs	obs	obs	obs	obs	obs	obs	obs	obs	obs	obs	obs	obs	obs	obs	obs	obs	obs	obs
PG01011b	MAR	obs	obs	obs	obs	MAR	MNAR	MNAR	MNAR	obs	MAR	obs	MNAR	MNAR	MNAR	MAR	obs	MAR	MAR	obs	MAR	MNAR	MNAR	MNAR
PG01012	obs	obs	obs	obs	obs	obs	obs	obs	MAR	obs	obs	MAR	obs	obs	obs	obs	obs	obs	obs	obs	obs	obs	MAR	obs
PG01013	obs	obs	MAR	MAR	MAR	obs	MNAR	MNAR	MNAR	obs	MAR	MAR	MAR	obs	MAR	obs	MAR	obs	obs	obs	obs	obs	MAR	obs
PG01015	obs	obs	obs	obs	MAR	MAR	obs	obs	MAR	MAR	MAR	obs	obs	obs	obs	obs	obs	obs	obs	obs	obs	obs	obs	obs
PG01016	obs	obs	obs	obs	obs	obs	obs	obs	obs	obs	obs	MAR	obs	obs	obs	obs	obs	obs	obs	obs	MAR	obs	MAR	MAR
PG01017	MAR	obs	obs	MAR	MAR	obs	obs	obs	obs	obs	obs	obs	obs	obs	obs	obs	obs	MAR	MAR	obs	obs	obs	obs	obs
PG01019	obs	obs	obs	obs	obs	obs	obs	obs	obs	obs	obs	obs	obs	obs	obs	obs	obs	obs	obs	obs	MAR	obs	obs	obs
PG01020	obs	obs	obs	obs	MAR	obs	obs	obs	obs	obs	MAR	obs	obs	obs	obs	MAR	obs	obs	obs	MAR	obs	obs	MAR	obs
PG01021	obs	obs	obs	obs	obs	obs	obs	obs	obs	obs	obs	obs	obs	obs	obs	obs	obs	obs	obs	MAR	obs	obs	obs	obs
PG01022	obs	obs	obs	obs	obs	obs	obs	obs	obs	obs	obs	obs	obs	obs	obs	obs	obs	obs	obs	obs	obs	obs	obs	obs
PG01023	obs	obs	obs	obs	obs	obs	obs	obs	obs	obs	obs	obs	obs	obs	obs	obs	obs	obs	obs	obs	obs	obs	obs	obs
PG01024	MAR	obs	obs	MAR	obs	MAR	MAR	MAR	obs	MNAR	MNAR	MNAR	MNAR	MNAR	MNAR	MAR	obs	MAR	MAR	obs	obs	MNAR	MNAR	MNAR
PG01026	obs	obs	obs	obs	obs	obs	obs	obs	obs	obs	obs	obs	obs	obs	obs	obs	obs	obs	obs	obs	obs	obs	obs	obs
PG01027	MAR	MAR	obs	MNAR	MNAR	MNAR	MAR	obs	MAR	MNAR	MNAR	MNAR	MAR	obs	obs	MNAR	MNAR	MNAR	MAR	obs	MAR	MAR	obs	MAR
PG01028	obs	MAR	obs	obs	obs	obs	obs	obs	obs	obs	obs	obs	obs	obs	obs	obs	obs	obs	obs	obs	obs	obs	obs	obs
PG01029	obs	obs	obs	obs	obs	obs	obs	obs	obs	obs	obs	obs	obs	obs	obs	obs	MAR	obs	obs	obs	obs	obs	obs	obs
PG01030	MAR	MAR	obs	obs	obs	obs	obs	obs	MAR	obs	MAR	MAR	MAR	obs	obs	MAR	obs	MAR	MAR	obs	MAR	obs	obs	obs
PG01031	obs	obs	obs	obs	obs	obs	MAR	obs	obs	obs	obs	obs	obs	MAR	obs	obs	obs	obs	obs	obs	obs	obs	MAR	obs
PG01032	MAR	MAR	obs	obs	obs	obs	obs	obs	obs	obs	obs	MAR	obs	obs	obs	obs	MAR	MAR	obs	obs	obs	obs	obs	obs
PG01033	MAR	obs	obs	obs	obs	obs	MAR	obs	obs	obs	obs	obs	obs	obs	obs	MAR	obs	obs	obs	MAR	obs	obs	obs	obs
PG01034	obs	obs	obs	MAR	obs	obs	obs	obs	obs	MAR	obs	MAR	obs	obs	obs	obs	obs	obs	obs	obs	obs	obs	obs	obs
PG01035	obs	obs	obs	obs	obs	obs	obs	MAR	obs	obs	MAR	obs	obs	obs	obs	obs	obs	obs	obs	obs	obs	obs	obs	obs
PG01036	obs	obs	MAR	obs	obs	obs	obs	obs	obs	obs	obs	obs	obs	obs	obs	obs	obs	obs	obs	obs	obs	obs	obs	obs
PG01037	obs	MAR	obs	MNAR	MNAR	MNAR	MAR	obs	MAR	obs	MAR	obs	obs	MAR	MAR	obs	MAR	obs	MAR	obs	MAR	MNAR	MNAR	MNAR
PG01038	obs	obs	obs	obs	obs	obs	obs	obs	obs	obs	obs	obs	obs	MAR	MAR	obs	obs	obs	obs	obs	obs	MAR	obs	obs
PG01039	obs	obs	obs	obs	obs	obs	obs	obs	obs	MAR	obs	obs	obs	obs	obs	obs	obs	obs	MAR	MAR	obs	obs	MAR	obs
PG01040	MNAR	MNAR	MNAR	MNAR	MNAR	MNAR	MNAR	MNAR	MNAR	MAR	obs	MAR	MAR	obs	obs	MAR	MAR	obs	obs	MAR	MAR	MNAR	MNAR	MNAR
PG01041	obs	MAR	MAR	obs	MAR	obs	obs	obs	obs	obs	obs	obs	obs	obs	obs	obs	obs	obs	obs	obs	obs	MAR	obs	obs
PG01042	MAR	MAR	obs	obs	obs	obs	obs	MAR	obs	obs	obs	MAR	obs	obs	obs	obs	obs	obs	obs	obs	obs	obs	obs	obs
PG01043	obs	obs	obs	obs	obs	obs	obs	obs	obs	obs	obs	obs	MAR	obs	obs	obs	obs	obs	obs	obs	obs	obs	obs	obs
PG01044	obs	obs	obs	obs	obs	obs	obs	obs	obs	obs	obs	obs	obs	obs	obs	obs	obs	obs	obs	obs	obs	obs	obs	obs
PG01046	obs	MAR	MAR	obs	MAR	MAR	obs	obs	MAR	MAR	obs	MAR	MAR	MAR	obs	MAR	obs	obs	MAR	obs	obs	obs	MAR	MAR
PG01046b	MAR	obs	obs	MNAR	MNAR	MNAR	MAR	MAR	obs	MNAR	MNAR	MNAR	obs	obs	MAR	MNAR	MNAR	MNAR	MNAR	MNAR	MNAR	MNAR	MNAR	MNAR
PG01047	obs	MAR	obs	obs	MAR	obs	obs	obs	obs	obs	obs	obs	obs	obs	obs	obs	MAR	obs	obs	MAR	obs	obs	MAR	obs
PG01049	obs	obs	MAR	obs	MAR	obs	MAR	obs	MAR	MAR	obs	MAR	obs	MAR	MAR	obs	obs	MAR	obs	obs	obs	MAR	obs	MAR
PG01050	obs	obs	obs	obs	obs	obs	obs	obs	obs	obs	obs	obs	obs	obs	obs	obs	obs	obs	obs	obs	obs	obs	obs	obs
PG01052	obs	obs	MAR	obs	obs	obs	obs	obs	obs	obs	obs	obs	obs	obs	obs	obs	obs	obs	obs	obs	obs	obs	obs	obs
PG01053	obs	MAR	obs	obs	obs	obs	MNAR	MNAR	MNAR	obs	obs	obs	MAR	obs	obs	obs	obs	MAR	obs	MAR	MAR	obs	obs	obs
PG01054	obs	obs	MAR	obs	obs	obs	obs	obs	obs	obs	MAR	obs	obs	obs	obs	obs	obs	obs	obs	obs	obs	obs	obs	obs
PG01055	MAR	obs	obs	obs	MAR	obs	obs	obs	MAR	obs	MAR	MAR	obs	MAR	MAR	obs	MAR	MAR	obs	MAR	obs	obs	obs	MAR
PG01056	MAR	MAR	obs	MAR	obs	MAR	MAR	obs	MAR	MAR	obs	MAR	obs	MAR	MAR	MNAR	MNAR	MNAR	obs	obs	obs	obs	obs	obs
PG01058	MAR	obs	obs	obs	obs	obs	obs	obs	obs	obs	MAR	obs	obs	obs	obs	obs	MAR	obs	obs	MAR	obs	obs	MAR	obs
PG01060	MAR	obs	obs	MAR	obs	obs	obs	obs	MAR	obs	MAR	obs	obs	MAR	MAR	obs	obs	obs	obs	obs	MAR	MAR	obs	obs
PG01061	MAR	obs	MAR	MAR	obs	obs	MNAR	MNAR	MNAR	MAR	MAR	obs	MNAR	MNAR	MNAR	MAR	MAR	obs	obs	obs	MAR	MAR	obs	obs
PG01062	obs	obs	obs	obs	obs	MAR	MAR	obs	obs	MAR	obs	MAR	MAR	MAR	obs	MAR	MAR	obs	MAR	obs	obs	obs	obs	obs
PG01064	obs	obs	MAR	obs	MAR	obs	obs	obs	MAR	MAR	obs	obs	obs	MAR	obs	MAR	obs	obs	MAR	obs	obs	obs	obs	obs
PG01066b	MAR	obs	MAR	MAR	obs	MAR	MNAR	MNAR	MNAR	MNAR	MNAR	MNAR	obs	MAR	obs	MNAR	MNAR	MNAR	MAR	MAR	obs	obs	MAR	MAR
PG01067	obs	obs	obs	obs	obs	obs	obs	obs	obs	obs	obs	obs	MAR	obs	obs	obs	obs	obs	obs	obs	obs	obs	obs	obs
PG01068	obs	obs	obs	MAR	obs	obs	obs	obs	obs	obs	obs	obs	obs	obs	obs	obs	obs	obs	obs	obs	obs	obs	obs	obs
PG01068b	MAR	obs	obs	MAR	obs	MAR	MNAR	MNAR	MNAR	obs	MAR	MAR	MAR	MAR	obs	MAR	obs	MAR	MNAR	MNAR	MNAR	obs	obs	MAR
PG01069	obs	obs	obs	obs	obs	obs	obs	obs	obs	obs	obs	MAR	obs	obs	obs	MAR	MAR	obs	obs	obs	obs	obs	obs	MAR
PG01070	obs	obs	obs	obs	MAR	obs	obs	obs	obs	obs	obs	MAR	obs	obs	obs	obs	obs	MAR	obs	obs	obs	obs	obs	obs
PG01071	obs	MAR	MAR	obs	obs	obs	obs	obs	obs	obs	obs	MAR	obs	obs	obs	obs	obs	obs	obs	MAR	MAR	MAR	obs	MAR
PG01072	obs	MAR	obs	MNAR	MNAR	MNAR	obs	obs	MAR	obs	obs	obs	MAR	obs	MAR	obs	obs	MAR	MAR	obs	MAR	obs	obs	obs
PG01073	obs	obs	obs	obs	obs	MAR	obs	MAR	obs	MAR	obs	obs	obs	obs	obs	MAR	obs	MAR	obs	obs	obs	obs	obs	obs
PG01074	obs	obs	obs	obs	obs	obs	MAR	obs	obs	MAR	obs	obs	obs	obs	obs	obs	obs	MAR	obs	obs	obs	obs	obs	obs
PG01075	obs	obs	MAR	MAR	obs	obs	obs	obs	obs	obs	obs	obs	obs	obs	obs	obs	MAR	obs	obs	MAR	obs	obs	obs	obs
PG01076	obs	obs	obs	obs	obs	obs	obs	obs	obs	obs	obs	obs	obs	obs	obs	obs	MAR	obs	obs	MAR	obs	obs	obs	obs
PG01077	obs	obs	obs	obs	obs	obs	obs	MAR	obs	obs	obs	obs	obs	obs	obs	obs	obs	obs	obs	obs	obs	obs	obs	obs
PG01078	obs	obs	obs	obs	obs	obs	obs	obs	obs	obs	obs	obs	obs	obs	obs	obs	obs	obs	MAR	obs	obs	obs	obs	obs
PG01079	obs	obs	obs	obs	obs	obs	obs	obs	obs	obs	obs	obs	obs	obs	obs	obs	obs	obs	obs	obs	obs	obs	obs	obs
PG01081	obs	obs	obs	obs	obs	obs	obs	obs	obs	obs	obs	obs	obs	obs	obs	obs	obs	obs	obs	obs	obs	obs	obs	obs
PG01082	obs	obs	obs	obs	MAR	obs	obs	obs	obs	obs	obs	obs	obs	obs	obs	obs	obs	MAR	obs	obs	obs	obs	obs	obs
PG01084	obs	MAR	MAR	obs	obs	MAR	MNAR	MNAR	MNAR	obs	MAR	MAR	MNAR	MNAR	MNAR	MNAR	MNAR	MNAR	MAR	MAR	obs	MNAR	MNAR	MNAR
PG01085	obs	obs	obs	obs	MAR	obs	obs	obs	obs	obs	obs	obs	obs	obs	obs	obs	obs	obs	obs	obs	obs	obs	obs	obs
PG01086	obs	MAR	obs	obs	obs	obs	obs	obs	obs	obs	obs	MAR	obs	obs	obs	obs	obs	obs	MAR	obs	MAR	obs	obs	MAR
PG01087	MAR	obs	MAR	MAR	obs	MAR	obs	obs	MAR	obs	MAR	MAR	MAR	obs	obs	MAR	obs	MAR	MAR	obs	obs	MNAR	MNAR	MNAR
PG01088	obs	obs	obs	MAR	obs	obs	obs	obs	obs	MNAR	MNAR	MNAR	MAR	obs	obs	obs	MAR	obs	MAR	obs	MAR	MAR	obs	obs
PG01089	obs	MAR	MAR	MAR	obs	MAR	MNAR	MNAR	MNAR	MAR	obs	MAR	MAR	MAR	obs	obs	MAR	MAR	MAR	obs	MAR	obs	obs	obs
PG01090	MAR	obs	obs	obs	MAR	MAR	obs	MAR	obs	MAR	obs	MAR	obs	obs	obs	MNAR	MNAR	MNAR	obs	MAR	MAR	obs	MAR	obs
PG01091	obs	obs	MAR	obs	obs	obs	MAR	obs	obs	obs	MAR	obs	obs	obs	MAR	obs	obs	MAR	obs	obs	obs	obs	obs	obs
PG01092	obs	obs	obs	obs	obs	obs	obs	obs	obs	obs	obs	obs	obs	obs	obs	obs	obs	obs	obs	obs	MAR	obs	obs	obs
PG01093	obs	obs	obs	obs	obs	obs	obs	MAR	obs	obs	obs	obs	obs	obs	obs	obs	obs	MAR	obs	obs	obs	obs	obs	obs
PG01094	MNAR	MNAR	MNAR	obs	obs	MAR	MAR	obs	MAR	obs	MAR	MAR	MNAR	MNAR	MNAR	MNAR	MNAR	MNAR	MNAR	MNAR	MNAR	MAR	MAR	obs
PG01094b	obs	obs	obs	MAR	MAR	obs	MNAR	MNAR	MNAR	obs	MAR	obs	MAR	MAR	obs	MAR	MAR	obs	obs	MAR	MAR	MNAR	MNAR	MNAR
PG01095	obs	obs	obs	obs	obs	obs	obs	obs	obs	obs	obs	obs	obs	obs	obs	obs	obs	obs	obs	obs	obs	obs	obs	obs
PG01096	obs	obs	obs	obs	MAR	obs	obs	obs	obs	obs	MAR	obs	obs	obs	obs	obs	obs	MAR	MAR	MAR	obs	obs	obs	obs
PG01097	obs	obs	obs	obs	obs	obs	obs	obs	obs	obs	obs	obs	obs	obs	obs	obs	obs	obs	obs	MAR	MAR	obs	obs	MAR
PG01098	obs	obs	obs	obs	obs	obs	obs	obs	obs	obs	obs	obs	obs	obs	obs	obs	obs	obs	MAR	obs	obs	obs	obs	MAR
PG01099	obs	MAR	obs	MNAR	MNAR	MNAR	obs	obs	MAR	MAR	obs	MAR	MNAR	MNAR	MNAR	MAR	obs	MAR	obs	MAR	obs	MAR	MAR	obs
PG01100	obs	obs	obs	obs	obs	MAR	obs	obs	MAR	obs	obs	obs	obs	MAR	MAR	obs	obs	obs	obs	obs	obs	MAR	obs	obs
PG01101	obs	obs	obs	obs	MAR	obs	obs	obs	obs	obs	obs	obs	obs	obs	MAR	obs	obs	obs	MAR	obs	obs	obs	obs	MAR
PG01103	obs	obs	obs	obs	obs	obs	obs	obs	obs	obs	obs	obs	obs	obs	obs	obs	obs	MAR	obs	obs	obs	obs	obs	obs
PG01104	obs	obs	obs	obs	obs	obs	MAR	MAR	obs	obs	obs	MAR	obs	obs	obs	obs	obs	obs	obs	obs	obs	obs	obs	obs
PG01105	MAR	obs	obs	obs	obs	obs	obs	obs	obs	obs	obs	obs	obs	obs	obs	obs	obs	obs	obs	MAR	obs	obs	obs	obs
PG01106	MAR	obs	MAR	obs	MAR	obs	obs	obs	MAR	MAR	obs	MAR	obs	MAR	obs	obs	MAR	MAR	MAR	MAR	obs	MAR	obs	obs
PG01108	obs	obs	obs	obs	obs	obs	obs	obs	obs	obs	obs	MAR	obs	obs	obs	MAR	obs	obs	obs	obs	obs	obs	obs	obs
PG01108b	MNAR	MNAR	MNAR	MAR	MAR	obs	MNAR	MNAR	MNAR	obs	obs	MAR	MNAR	MNAR	MNAR	MNAR	MNAR	MNAR	MNAR	MNAR	MNAR	MNAR	MNAR	MNAR
PG01109	obs	obs	obs	obs	obs	obs	obs	MAR	MAR	obs	obs	obs	obs	obs	obs	obs	MAR	obs	MAR	obs	MAR	obs	MAR	obs
PG01110	obs	obs	obs	obs	obs	obs	obs	obs	obs	obs	obs	MAR	obs	obs	obs	obs	obs	obs	MAR	obs	obs	obs	obs	obs
PG01111	obs	obs	obs	obs	obs	obs	obs	obs	obs	obs	obs	obs	obs	obs	obs	obs	obs	obs	obs	obs	obs	obs	obs	obs
PG01112	obs	MAR	obs	obs	obs	MAR	obs	MAR	obs	MAR	obs	MAR	MAR	obs	obs	MAR	obs	obs	MNAR	MNAR	MNAR	MNAR	MNAR	MNAR
PG01113	MAR	MAR	obs	obs	MAR	MAR	obs	obs	obs	obs	obs	obs	obs	obs	obs	obs	obs	MAR	MAR	obs	obs	MAR	obs	obs
PG01114	obs	obs	obs	obs	obs	obs	obs	obs	obs	obs	obs	MAR	obs	obs	obs	obs	obs	obs	obs	obs	obs	obs	obs	obs
PG01115	obs	obs	obs	obs	MAR	obs	obs	obs	obs	obs	obs	obs	MAR	obs	MAR	obs	obs	MAR	MAR	obs	MAR	obs	obs	obs
PG01117	MAR	MAR	obs	MNAR	MNAR	MNAR	MNAR	MNAR	MNAR	MNAR	MNAR	MNAR	obs	MAR	MAR	obs	obs	obs	obs	obs	MAR	MNAR	MNAR	MNAR
PG01119	obs	obs	obs	obs	MAR	obs	obs	obs	obs	obs	obs	obs	obs	obs	obs	obs	obs	obs	obs	obs	obs	obs	obs	obs
PG01120	obs	MAR	obs	MAR	obs	obs	MAR	MAR	obs	MAR	obs	obs	MAR	MAR	obs	obs	MAR	obs	obs	obs	obs	obs	obs	obs
PG01121	obs	obs	obs	obs	MAR	obs	obs	obs	obs	obs	MAR	obs	obs	obs	obs	obs	obs	obs	obs	obs	obs	obs	obs	obs
PG01122	obs	obs	obs	obs	obs	obs	obs	obs	obs	obs	obs	obs	obs	obs	obs	obs	MAR	obs	obs	obs	obs	obs	obs	obs
PG01123	obs	obs	obs	obs	obs	obs	obs	obs	obs	MAR	obs	obs	obs	obs	obs	obs	obs	obs	obs	obs	obs	obs	obs	obs
PG01124	obs	obs	obs	obs	obs	obs	obs	MAR	MAR	obs	obs	obs	obs	MAR	MAR	obs	obs	obs	MAR	obs	obs	MAR	obs	obs
PG01125	MAR	obs	obs	MAR	obs	MAR	obs	obs	MAR	MAR	obs	MAR	obs	obs	MAR	MNAR	MNAR	MNAR	MNAR	MNAR	MNAR	MNAR	MNAR	MNAR
PG01126	obs	obs	obs	obs	obs	obs	obs	obs	obs	obs	obs	obs	obs	obs	MAR	MAR	obs	obs	obs	obs	obs	obs	obs	obs
PG01127	obs	obs	obs	obs	obs	obs	obs	obs	obs	obs	obs	obs	obs	obs	obs	MAR	obs	obs	obs	obs	obs	obs	obs	obs
PG01130	obs	MAR	obs	obs	obs	obs	obs	obs	obs	obs	obs	obs	obs	obs	obs	obs	obs	obs	obs	obs	obs	obs	obs	obs
PG01131	obs	obs	obs	obs	obs	obs	obs	obs	obs	MAR	obs	obs	obs	obs	obs	obs	obs	obs	obs	obs	obs	obs	obs	obs
PG01132	obs	obs	obs	MNAR	MNAR	MNAR	MNAR	MNAR	MNAR	MNAR	MNAR	MNAR	MAR	MAR	obs	obs	MAR	obs	MNAR	MNAR	MNAR	obs	obs	obs
PG01132b	MAR	MAR	obs	obs	obs	obs	obs	obs	obs	obs	MAR	obs	obs	MAR	obs	MAR	obs	MAR	obs	obs	obs	obs	obs	obs
PG01133	obs	obs	obs	MAR	obs	obs	obs	obs	MAR	obs	obs	MAR	obs	obs	MAR	MAR	obs	obs	obs	obs	obs	obs	obs	obs
PG01134	obs	obs	obs	MAR	MAR	obs	obs	obs	obs	obs	obs	obs	obs	obs	obs	obs	obs	obs	MAR	MAR	obs	obs	obs	MAR
PG01135	obs	obs	obs	obs	obs	obs	obs	obs	obs	obs	MAR	obs	obs	MAR	obs	obs	obs	obs	obs	obs	obs	obs	obs	obs
PG01136	obs	MAR	obs	MAR	obs	obs	obs	obs	obs	MAR	obs	obs	obs	MAR	obs	MAR	MAR	obs	obs	obs	obs	obs	obs	MAR
PG01137	obs	obs	obs	obs	obs	MAR	obs	obs	obs	obs	obs	obs	obs	obs	obs	MAR	obs	obs	obs	obs	obs	MAR	obs	obs
PG01138	MAR	obs	obs	obs	obs	MAR	obs	obs	obs	obs	obs	obs	MAR	obs	obs	obs	obs	obs	obs	obs	obs	obs	obs	obs
PG01139	obs	MAR	obs	obs	obs	obs	MAR	MAR	obs	MAR	MAR	obs	MAR	MAR	obs	obs	MAR	obs	obs	obs	MAR	obs	MAR	MAR
PG01140	obs	obs	obs	obs	obs	obs	obs	obs	obs	obs	obs	obs	obs	obs	MAR	obs	obs	obs	obs	obs	obs	obs	obs	obs
PG01141	obs	MAR	MAR	obs	obs	obs	MAR	obs	obs	obs	obs	obs	obs	MAR	obs	obs	obs	obs	obs	MAR	obs	obs	obs	MAR
PG01142	obs	MAR	obs	obs	obs	obs	obs	obs	obs	obs	obs	obs	obs	obs	MAR	obs	obs	obs	MAR	obs	obs	obs	obs	obs
PG01143	MAR	obs	obs	MAR	obs	MAR	obs	obs	obs	obs	obs	MAR	MAR	MAR	obs	obs	MAR	obs	MAR	MAR	obs	MAR	obs	obs
PG01144	MNAR	MNAR	MNAR	MNAR	MNAR	MNAR	MNAR	MNAR	MNAR	MNAR	MNAR	MNAR	obs	MAR	MAR	obs	MAR	obs	MNAR	MNAR	MNAR	MNAR	MNAR	MNAR
PG01145	obs	obs	obs	obs	obs	obs	obs	obs	obs	obs	obs	obs	MAR	obs	obs	obs	obs	obs	obs	obs	obs	obs	obs	obs
PG01146	obs	obs	obs	obs	obs	obs	obs	obs	obs	obs	obs	obs	obs	obs	obs	obs	obs	obs	obs	obs	obs	obs	obs	obs
PG01147	obs	obs	obs	obs	obs	obs	obs	obs	MAR	obs	obs	obs	obs	obs	obs	obs	obs	obs	obs	obs	obs	obs	obs	obs
PG01148	obs	obs	MAR	obs	obs	obs	obs	obs	obs	MAR	obs	MAR	obs	obs	obs	obs	obs	obs	MAR	obs	obs	obs	obs	obs
PG01149	obs	MAR	MAR	MNAR	MNAR	MNAR	obs	obs	MAR	MAR	MAR	obs	MAR	obs	obs	MNAR	MNAR	MNAR	obs	MAR	obs	obs	MAR	obs
PG01150	obs	obs	obs	obs	obs	obs	obs	obs	obs	obs	obs	obs	obs	obs	obs	obs	obs	obs	obs	obs	obs	obs	obs	obs
PG01154	obs	MAR	MAR	obs	obs	obs	obs	obs	obs	obs	obs	MAR	obs	obs	obs	MAR	obs	obs	MAR	MAR	obs	MAR	obs	obs
PG01155	obs	obs	obs	obs	obs	MAR	MAR	obs	MAR	MAR	obs	obs	obs	obs	obs	obs	MAR	obs	obs	obs	obs	obs	MAR	MAR
PG01156	obs	obs	obs	obs	MAR	obs	obs	obs	obs	obs	obs	obs	obs	obs	obs	obs	obs	MAR	obs	obs	obs	obs	obs	obs
PG01157	MAR	obs	obs	MAR	obs	MAR	obs	obs	MAR	MAR	obs	MAR	obs	MAR	MAR	MAR	obs	MAR	MNAR	MNAR	MNAR	obs	MAR	MAR
PG01157b	obs	obs	MAR	MAR	MAR	obs	obs	obs	obs	obs	obs	MAR	MAR	obs	MAR	MAR	MAR	obs	obs	MAR	obs	MAR	MAR	obs
PG01159	obs	obs	obs	obs	obs	MAR	obs	obs	obs	obs	obs	MAR	obs	obs	obs	obs	obs	obs	obs	obs	obs	obs	obs	obs
PG01161	MAR	obs	obs	obs	obs	obs	obs	obs	obs	obs	obs	obs	obs	obs	obs	obs	obs	obs	obs	obs	obs	obs	obs	obs
PG01162	obs	obs	obs	obs	obs	obs	obs	obs	obs	obs	obs	obs	obs	obs	obs	obs	obs	obs	MAR	obs	obs	obs	MAR	obs
PG01164	obs	obs	obs	obs	obs	obs	obs	obs	obs	obs	obs	obs	obs	obs	MAR	obs	obs	obs	obs	obs	obs	MAR	obs	obs
PG01165	obs	obs	obs	obs	obs	obs	obs	MAR	obs	MAR	obs	obs	obs	obs	obs	obs	obs	obs	obs	obs	obs	MAR	obs	obs
PG01165b	obs	MAR	obs	MAR	obs	obs	obs	obs	MAR	obs	obs	obs	MAR	obs	obs	obs	obs	obs	obs	obs	obs	obs	obs	obs
PG01166	obs	obs	obs	obs	obs	obs	obs	obs	obs	obs	obs	obs	obs	obs	obs	obs	obs	obs	obs	obs	obs	obs	obs	obs
PG01168	obs	obs	obs	MAR	obs	obs	obs	MAR	obs	obs	obs	obs	obs	obs	obs	obs	obs	MAR	obs	obs	obs	obs	obs	MAR
PG01169	obs	MAR	obs	obs	obs	obs	obs	obs	obs	obs	obs	obs	MAR	obs	MAR	MAR	obs	obs	obs	obs	obs	obs	obs	MAR
PG01169b	MAR	obs	obs	obs	obs	obs	obs	MAR	obs	obs	obs	obs	obs	MAR	obs	obs	obs	obs	MAR	obs	obs	obs	obs	obs
PG01170	obs	obs	obs	obs	obs	obs	obs	obs	obs	obs	obs	obs	obs	obs	obs	obs	obs	obs	obs	obs	obs	obs	obs	obs
PG01171	obs	obs	obs	MAR	MAR	obs	obs	obs	obs	obs	obs	obs	obs	MAR	obs	obs	MAR	obs	obs	MAR	obs	MAR	obs	obs
PG01173	obs	obs	obs	MNAR	MNAR	MNAR	MAR	obs	obs	obs	obs	MAR	obs	MAR	MAR	obs	obs	obs	obs	MAR	MAR	MAR	MAR	obs
PG01174	obs	MAR	obs	obs	obs	obs	MAR	obs	MAR	obs	obs	obs	obs	obs	obs	obs	obs	obs	obs	obs	obs	MAR	MAR	obs
PG01176	MAR	MAR	obs	MAR	obs	MAR	MAR	obs	obs	MAR	obs	obs	MAR	MAR	obs	MNAR	MNAR	MNAR	MNAR	MNAR	MNAR	MAR	MAR	obs
PG01177	obs	obs	obs	obs	obs	obs	obs	obs	obs	obs	obs	obs	obs	obs	obs	obs	obs	obs	obs	obs	obs	obs	obs	obs
PG01178	obs	obs	obs	obs	obs	obs	MAR	obs	obs	obs	obs	obs	obs	obs	obs	obs	obs	obs	obs	obs	obs	obs	obs	obs
PG01179	obs	obs	obs	MAR	obs	obs	obs	obs	obs	obs	obs	obs	obs	obs	obs	MAR	obs	MAR	obs	obs	obs	obs	obs	obs
PG01182	obs	obs	obs	obs	obs	MAR	obs	obs	MAR	obs	obs	obs	obs	obs	obs	obs	obs	obs	obs	MAR	obs	MAR	obs	MAR
PG01182b	obs	obs	MAR	obs	MAR	MAR	obs	MAR	MAR	MAR	obs	MAR	obs	obs	obs	obs	obs	obs	obs	obs	obs	obs	obs	obs
PG01183	obs	obs	MAR	obs	MAR	MAR	MAR	obs	MAR	obs	obs	obs	MAR	obs	obs	MNAR	MNAR	MNAR	obs	MAR	obs	MNAR	MNAR	MNAR
PG01184	obs	obs	obs	obs	obs	obs	obs	obs	MAR	obs	obs	obs	obs	obs	obs	obs	obs	obs	obs	obs	obs	obs	obs	obs
PG01185	obs	obs	MAR	obs	MAR	MAR	obs	obs	obs	obs	obs	MAR	obs	MAR	obs	MAR	obs	MAR	obs	obs	MAR	MAR	obs	MAR
PG01186	obs	obs	obs	MAR	MAR	obs	obs	obs	obs	obs	obs	obs	obs	obs	obs	obs	MAR	obs	obs	MAR	MAR	MAR	obs	MAR
PG01187	obs	obs	obs	MAR	MAR	obs	obs	MAR	obs	obs	obs	obs	MAR	obs	MAR	MAR	MAR	obs	obs	obs	MAR	obs	obs	MAR
PG01188	obs	obs	obs	obs	obs	obs	obs	MAR	obs	obs	obs	obs	obs	obs	MAR	obs	obs	obs	obs	MAR	MAR	obs	obs	MAR
PG01189	obs	obs	obs	obs	MAR	obs	obs	obs	obs	obs	obs	obs	obs	obs	MAR	obs	obs	obs	obs	obs	obs	obs	obs	obs
PG01190	obs	obs	obs	obs	obs	obs	obs	obs	obs	obs	obs	obs	obs	MAR	obs	obs	obs	MAR	obs	obs	obs	obs	MAR	obs
PG01191	obs	obs	MAR	MNAR	MNAR	MNAR	MAR	obs	MAR	MAR	MAR	obs	MAR	obs	MAR	obs	obs	obs	obs	obs	obs	obs	obs	MAR
PG01192	MNAR	MNAR	MNAR	MAR	MAR	obs	MNAR	MNAR	MNAR	MAR	obs	obs	obs	MAR	MAR	MNAR	MNAR	MNAR	MAR	obs	MAR	MNAR	MNAR	MNAR
PG01193	obs	MAR	MAR	MAR	MAR	obs	MAR	MAR	obs	MNAR	MNAR	MNAR	obs	obs	MAR	obs	MAR	obs	MAR	obs	obs	obs	MAR	MAR
PG01194	MAR	obs	obs	obs	obs	obs	obs	obs	obs	obs	obs	MAR	obs	obs	obs	obs	obs	MAR	obs	obs	obs	obs	obs	obs
PG01196	obs	obs	obs	obs	obs	obs	obs	obs	obs	obs	obs	obs	obs	obs	obs	obs	obs	obs	obs	obs	obs	obs	obs	MAR
PG01197	obs	MAR	MAR	obs	obs	obs	obs	obs	obs	obs	obs	MAR	obs	obs	obs	obs	obs	MAR	obs	obs	obs	obs	obs	obs
PG01198	obs	obs	obs	obs	obs	obs	obs	obs	obs	obs	obs	MAR	obs	obs	obs	obs	obs	obs	obs	obs	obs	obs	obs	obs
PG01199	obs	obs	obs	obs	obs	MAR	obs	obs	obs	MAR	obs	obs	obs	obs	MAR	MAR	obs	obs	obs	obs	obs	obs	obs	obs
PG01200	obs	obs	obs	obs	obs	obs	obs	obs	MAR	obs	obs	obs	obs	obs	obs	obs	obs	obs	obs	obs	obs	obs	obs	obs
PG01202	obs	obs	obs	obs	obs	obs	obs	obs	obs	obs	obs	obs	obs	obs	obs	obs	obs	obs	obs	obs	obs	MAR	obs	obs
PG01205	obs	obs	obs	obs	obs	obs	obs	obs	obs	obs	obs	obs	MAR	obs	obs	MAR	obs	MAR	obs	obs	obs	obs	obs	obs
PG01207	obs	obs	obs	obs	obs	obs	obs	obs	obs	obs	MAR	obs	MAR	obs	obs	obs	obs	obs	obs	MAR	obs	MAR	obs	obs
PG01209	obs	obs	obs	obs	obs	obs	obs	obs	obs	obs	obs	obs	MAR	obs	obs	obs	obs	obs	obs	obs	obs	obs	obs	obs
PG01210	obs	MAR	obs	obs	obs	obs	obs	obs	obs	obs	obs	obs	obs	obs	obs	MAR	obs	obs	obs	obs	obs	obs	obs	obs
PG01211	MAR	obs	MAR	MAR	MAR	obs	MNAR	MNAR	MNAR	obs	MAR	MAR	MNAR	MNAR	MNAR	obs	MAR	MAR	obs	obs	obs	MAR	obs	MAR
PG01211b	obs	obs	obs	obs	MAR	MAR	MAR	obs	MAR	obs	obs	obs	obs	obs	obs	MAR	obs	MAR	obs	obs	obs	MAR	obs	obs
PG01213	obs	obs	obs	obs	obs	obs	obs	obs	obs	obs	obs	obs	obs	obs	obs	obs	obs	obs	obs	obs	obs	obs	obs	obs
PG01215	obs	obs	obs	obs	obs	obs	obs	obs	obs	MAR	obs	obs	obs	obs	obs	obs	obs	obs	obs	obs	obs	obs	obs	obs
PG01216	obs	obs	obs	obs	obs	obs	obs	obs	obs	obs	obs	obs	obs	obs	obs	obs	obs	obs	obs	obs	obs	obs	obs	obs
PG01217	obs	obs	obs	obs	MAR	obs	obs	obs	obs	obs	obs	obs	obs	obs	obs	obs	obs	obs	obs	obs	obs	obs	MAR	obs
PG01220	obs	obs	obs	obs	obs	obs	obs	obs	obs	obs	obs	obs	obs	obs	obs	obs	obs	MAR	obs	obs	obs	obs	MAR	obs
PG01222	MAR	obs	MAR	obs	MAR	MAR	obs	MAR	obs	obs	obs	MAR	obs	MAR	obs	MNAR	MNAR	MNAR	obs	obs	MAR	MAR	obs	obs
PG01222b	obs	obs	MAR	obs	obs	obs	MAR	obs	obs	MAR	obs	obs	MAR	obs	MAR	obs	MAR	obs	obs	MAR	obs	obs	MAR	obs
PG01223	obs	obs	obs	obs	obs	obs	obs	obs	obs	MAR	obs	obs	obs	obs	obs	obs	obs	MAR	obs	MAR	MAR	MAR	MAR	obs
PG01224	obs	MAR	MAR	obs	obs	obs	obs	obs	obs	obs	obs	MAR	obs	obs	obs	obs	obs	obs	obs	obs	obs	obs	obs	MAR
PG01225	obs	obs	obs	obs	obs	obs	MAR	obs	obs	obs	obs	obs	obs	obs	obs	obs	obs	MAR	MAR	MAR	obs	obs	obs	obs
PG01230	obs	obs	obs	obs	obs	obs	MAR	MAR	obs	obs	obs	MAR	MAR	obs	obs	obs	MAR	MAR	obs	obs	obs	obs	obs	MAR
PG01231	obs	obs	MAR	obs	obs	obs	obs	obs	obs	obs	obs	obs	obs	obs	obs	obs	obs	obs	obs	obs	obs	obs	obs	obs
PG01232	obs	MAR	obs	obs	obs	obs	MAR	obs	obs	obs	MAR	obs	obs	MAR	obs	obs	MAR	obs	obs	obs	obs	obs	MAR	obs
PG01233	obs	obs	obs	obs	obs	obs	obs	obs	obs	MAR	obs	obs	obs	obs	obs	obs	obs	obs	obs	obs	obs	obs	MAR	obs
PG01234	obs	obs	obs	obs	obs	obs	obs	obs	obs	obs	obs	MAR	obs	obs	obs	obs	obs	obs	obs	obs	obs	obs	obs	obs
PG01235	obs	obs	obs	obs	obs	obs	obs	MAR	obs	obs	obs	obs	obs	obs	obs	obs	obs	obs	obs	obs	obs	obs	obs	obs
PG01236	obs	MAR	MAR	MAR	obs	MAR	MNAR	MNAR	MNAR	MAR	obs	obs	MNAR	MNAR	MNAR	obs	MAR	MAR	obs	MAR	obs	obs	MAR	MAR
PG01238	obs	obs	obs	obs	obs	obs	obs	MAR	obs	obs	obs	obs	MAR	obs	MAR	obs	MAR	obs	obs	obs	obs	obs	obs	MAR
PG01239	obs	obs	obs	obs	obs	MAR	obs	MAR	MAR	obs	obs	obs	MAR	obs	obs	obs	obs	obs	obs	obs	MAR	obs	obs	obs
PG01240	obs	obs	obs	obs	obs	obs	obs	MAR	obs	obs	obs	obs	obs	obs	obs	obs	obs	obs	obs	obs	obs	obs	obs	obs
PG01241	obs	obs	obs	obs	obs	obs	obs	obs	obs	obs	obs	obs	obs	obs	obs	obs	obs	obs	obs	obs	obs	obs	obs	obs
PG01242	obs	obs	obs	obs	obs	obs	obs	obs	obs	obs	obs	obs	obs	obs	obs	obs	obs	obs	obs	obs	obs	obs	obs	obs
PG01242b	MNAR	MNAR	MNAR	obs	obs	MAR	MAR	obs	MAR	obs	MAR	obs	MAR	obs	MAR	obs	obs	MAR	MAR	MAR	obs	obs	obs	obs
PG01244	obs	obs	obs	MAR	obs	obs	obs	MAR	obs	obs	MAR	obs	obs	obs	obs	obs	obs	obs	obs	obs	obs	obs	obs	MAR
PG01245	obs	MAR	MAR	MNAR	MNAR	MNAR	MAR	obs	MAR	MAR	MAR	obs	MAR	obs	MAR	obs	obs	obs	MAR	obs	MAR	obs	obs	MAR
PG01246	obs	obs	obs	obs	obs	obs	obs	obs	obs	obs	obs	obs	obs	obs	obs	obs	MAR	obs	obs	obs	obs	obs	obs	obs
PG01247	obs	obs	obs	obs	obs	obs	obs	obs	obs	obs	obs	obs	obs	MAR	obs	obs	obs	obs	obs	MAR	obs	obs	obs	obs
PG01248	obs	obs	obs	obs	obs	obs	obs	MAR	obs	obs	obs	obs	obs	obs	obs	obs	obs	obs	obs	obs	obs	obs	obs	obs
PG01249	obs	obs	obs	obs	MAR	obs	MAR	obs	MAR	obs	MAR	obs	obs	obs	obs	obs	obs	obs	MAR	obs	obs	obs	obs	obs
PG01251	obs	obs	obs	obs	obs	obs	obs	obs	obs	obs	obs	obs	obs	obs	obs	MAR	obs	obs	obs	obs	obs	obs	MAR	obs
PG01252	MAR	obs	MAR	obs	MAR	MAR	MAR	obs	obs	obs	obs	obs	obs	obs	obs	MAR	MAR	obs	MAR	obs	MAR	MAR	MAR	obs
PG01253	obs	obs	obs	MAR	obs	obs	obs	obs	obs	obs	obs	obs	obs	obs	obs	obs	obs	obs	obs	obs	obs	obs	obs	MAR
PG01255	obs	obs	obs	obs	obs	obs	obs	obs	obs	obs	obs	obs	obs	obs	obs	MAR	obs	obs	MAR	obs	obs	obs	obs	obs
PG01257	obs	obs	obs	obs	MAR	obs	obs	obs	MAR	obs	obs	MAR	MAR	obs	MAR	obs	obs	MAR	MAR	obs	obs	obs	MAR	obs
PG01258	MAR	obs	obs	obs	obs	obs	obs	obs	obs	obs	obs	obs	obs	obs	obs	obs	obs	obs	obs	obs	obs	obs	obs	obs
PG01259	obs	obs	MAR	obs	obs	obs	obs	obs	obs	obs	obs	obs	obs	obs	obs	obs	obs	obs	obs	obs	obs	obs	obs	obs
PG01260	MAR	obs	MAR	obs	obs	obs	obs	obs	obs	obs	MAR	obs	obs	MAR	obs	MAR	obs	obs	obs	obs	MAR	obs	MAR	MAR
PG01261	MAR	obs	MAR	obs	obs	obs	obs	obs	obs	obs	obs	obs	obs	obs	obs	obs	obs	obs	obs	obs	obs	obs	obs	obs
PG01262	obs	MAR	MAR	obs	MAR	obs	MAR	MAR	obs	MNAR	MNAR	MNAR	MAR	obs	obs	MAR	MAR	obs	MAR	obs	obs	obs	obs	obs
PG01263	MNAR	MNAR	MNAR	MAR	obs	MAR	MAR	obs	MAR	MAR	obs	obs	obs	obs	MAR	MNAR	MNAR	MNAR	obs	MAR	obs	MNAR	MNAR	MNAR
PG01264	MAR	obs	obs	obs	MAR	obs	obs	obs	obs	MAR	obs	obs	obs	obs	MAR	MAR	obs	obs	obs	obs	obs	obs	MAR	obs
PG01265	MNAR	MNAR	MNAR	MAR	obs	obs	obs	MAR	MAR	obs	obs	obs	obs	obs	obs	MAR	MAR	obs	MAR	obs	MAR	MNAR	MNAR	MNAR
PG01266	obs	obs	MAR	obs	obs	obs	obs	MAR	obs	obs	MAR	obs	obs	obs	obs	obs	obs	obs	obs	obs	obs	obs	obs	obs
PG01267	obs	obs	obs	obs	obs	MAR	obs	MAR	obs	obs	obs	obs	obs	MAR	obs	obs	obs	obs	obs	MAR	obs	obs	obs	obs
PG01269	obs	obs	obs	MAR	obs	obs	obs	obs	MAR	obs	MAR	obs	obs	obs	obs	obs	obs	MAR	MAR	obs	MAR	obs	obs	obs
PG01270	obs	obs	obs	obs	obs	obs	obs	obs	obs	obs	obs	obs	obs	obs	obs	obs	obs	obs	obs	obs	MAR	obs	MAR	MAR
PG01271	obs	obs	obs	MAR	obs	obs	obs	obs	obs	obs	obs	obs	obs	obs	obs	obs	obs	obs	obs	obs	obs	obs	obs	obs
PG01272	obs	MAR	obs	MAR	obs	obs	MAR	obs	MAR	obs	MAR	obs	MNAR	MNAR	MNAR	obs	MAR	MAR	MNAR	MNAR	MNAR	MAR	obs	MAR
PG01273	obs	obs	obs	MAR	MAR	obs	obs	obs	obs	obs	obs	MAR	MAR	obs	obs	obs	obs	obs	obs	obs	obs	obs	MAR	obs
PG01274	MAR	MAR	obs	obs	obs	obs	MAR	obs	MAR	MAR	obs	obs	obs	obs	MAR	obs	obs	obs	MAR	MAR	obs	obs	obs	MAR
PG01277	obs	obs	obs	obs	MAR	obs	obs	obs	obs	obs	obs	obs	obs	obs	obs	obs	obs	obs	obs	obs	obs	MAR	obs	obs
PG01278	obs	obs	obs	obs	obs	obs	obs	obs	obs	obs	obs	obs	obs	obs	obs	obs	obs	obs	obs	obs	obs	obs	obs	obs
PG01279	obs	obs	MAR	obs	obs	obs	obs	obs	obs	obs	obs	obs	obs	obs	obs	obs	obs	obs	obs	obs	obs	obs	obs	obs
PG01280	obs	MAR	MAR	obs	obs	obs	obs	obs	obs	obs	obs	obs	MAR	obs	obs	MAR	MAR	obs	obs	obs	obs	obs	obs	obs
PG01281	obs	obs	obs	obs	obs	obs	MAR	MAR	obs	obs	obs	obs	obs	obs	obs	obs	obs	obs	obs	obs	obs	obs	obs	obs
PG01282	MAR	obs	obs	obs	obs	obs	obs	MAR	MAR	MNAR	MNAR	MNAR	MAR	obs	obs	obs	MAR	MAR	obs	obs	obs	MNAR	MNAR	MNAR
PG01282b	MAR	obs	obs	obs	obs	obs	MAR	obs	obs	MAR	MAR	obs	obs	obs	obs	MAR	obs	obs	MAR	obs	obs	obs	obs	MAR
PG01284	obs	obs	obs	obs	obs	obs	obs	obs	obs	obs	obs	obs	obs	obs	MAR	MAR	obs	obs	obs	obs	obs	obs	obs	obs
PG01285	obs	obs	MAR	obs	obs	obs	obs	obs	obs	obs	obs	obs	obs	obs	obs	obs	obs	obs	obs	obs	obs	obs	obs	obs
PG01286	obs	MAR	obs	obs	obs	obs	obs	obs	obs	obs	obs	obs	MAR	obs	obs	obs	MAR	obs	MAR	obs	MAR	obs	obs	MAR
PG01286b	obs	obs	obs	obs	obs	obs	obs	obs	obs	MNAR	MNAR	MNAR	obs	obs	obs	obs	obs	obs	obs	obs	obs	obs	obs	obs
PG01287	obs	MAR	MAR	obs	obs	obs	MAR	obs	MAR	obs	obs	obs	MAR	obs	MAR	obs	obs	MAR	obs	obs	obs	MAR	obs	obs
PG01288	obs	obs	obs	obs	obs	obs	obs	obs	obs	obs	obs	obs	MAR	obs	obs	obs	obs	obs	obs	obs	obs	obs	obs	MAR
PG01289	obs	obs	obs	obs	obs	obs	obs	obs	obs	obs	obs	obs	obs	obs	obs	obs	obs	obs	obs	obs	obs	obs	obs	obs
PG01290	MAR	obs	obs	obs	MAR	obs	obs	obs	obs	MAR	obs	obs	obs	obs	MAR	obs	obs	obs	obs	obs	obs	obs	obs	obs
PG01291	MNAR	MNAR	MNAR	MNAR	MNAR	MNAR	MNAR	MNAR	MNAR	MNAR	MNAR	MNAR	MAR	MAR	obs	MNAR	MNAR	MNAR	MNAR	MNAR	MNAR	MAR	obs	obs
PG01291b	obs	obs	MAR	obs	obs	MAR	obs	obs	MAR	obs	obs	obs	MAR	obs	MAR	MNAR	MNAR	MNAR	obs	MAR	obs	obs	obs	obs
PG01292	obs	obs	obs	obs	obs	obs	obs	obs	obs	obs	obs	obs	obs	obs	obs	obs	obs	obs	obs	obs	obs	obs	obs	MAR
PG01293	obs	obs	obs	obs	obs	obs	obs	obs	obs	obs	obs	obs	obs	obs	obs	obs	obs	obs	obs	obs	obs	obs	obs	obs
PG01294	obs	obs	obs	obs	MAR	obs	obs	obs	obs	obs	obs	obs	obs	obs	obs	obs	MAR	obs	obs	obs	obs	obs	obs	obs
PG01295	obs	obs	obs	obs	obs	obs	obs	obs	obs	obs	obs	obs	obs	obs	obs	obs	obs	obs	obs	MAR	obs	obs	obs	obs
PG01297	obs	obs	obs	obs	obs	obs	obs	obs	obs	obs	MAR	obs	obs	obs	obs	obs	obs	obs	obs	obs	MAR	MAR	MAR	obs
PG01298	obs	obs	MAR	obs	MAR	obs	obs	obs	obs	obs	obs	obs	MAR	obs	obs	MAR	MAR	obs	MAR	obs	obs	obs	MAR	obs
PG01299	obs	obs	obs	obs	obs	obs	obs	obs	obs	obs	obs	obs	obs	obs	obs	obs	obs	obs	obs	obs	obs	obs	obs	obs
PG01300	obs	obs	MAR	obs	obs	obs	obs	obs	obs	obs	obs	obs	MAR	obs	obs	obs	obs	obs	obs	obs	obs	obs	obs	MAR
PG01301	MAR	obs	MAR	obs	obs	obs	MAR	obs	obs	obs	MAR	obs	obs	obs	obs	obs	obs	obs	obs	obs	obs	obs	obs	obs
PG01302	obs	obs	obs	MAR	obs	obs	obs	MAR	obs	MNAR	MNAR	MNAR	obs	obs	MAR	obs	MAR	obs	MAR	obs	MAR	obs	MAR	obs
PG01303	obs	obs	obs	obs	obs	obs	obs	MAR	obs	MAR	obs	obs	MAR	obs	obs	obs	obs	obs	MAR	obs	obs	MAR	obs	obs
PG01305	obs	obs	obs	obs	obs	obs	obs	obs	obs	MAR	obs	obs	obs	obs	obs	obs	MAR	obs	obs	obs	obs	obs	obs	obs
PG01305b	MAR	obs	MAR	obs	obs	obs	obs	obs	MAR	MAR	obs	obs	obs	MAR	obs	obs	MAR	obs	obs	obs	obs	MAR	obs	obs
PG01306	obs	MAR	obs	MAR	MAR	obs	obs	obs	obs	obs	obs	obs	obs	obs	obs	obs	obs	obs	obs	MAR	MAR	obs	obs	MAR
PG01308	obs	MAR	obs	obs	obs	obs	obs	obs	obs	obs	MAR	obs	obs	obs	obs	obs	MAR	MAR	obs	MAR	obs	obs	obs	obs
PG01309	obs	obs	obs	obs	obs	obs	obs	obs	obs	obs	obs	obs	obs	obs	obs	MAR	MAR	obs	MAR	obs	obs	MAR	obs	obs
PG01310	obs	obs	obs	obs	obs	MAR	MAR	obs	obs	MAR	obs	obs	MAR	obs	MAR	obs	obs	obs	MAR	obs	obs	obs	obs	obs
PG01311	obs	obs	obs	obs	obs	MAR	obs	obs	MAR	obs	MAR	obs	obs	MAR	obs	obs	obs	MAR	obs	obs	obs	obs	obs	obs
PG01314	obs	obs	MAR	obs	obs	obs	obs	obs	obs	obs	obs	obs	MAR	obs	obs	obs	obs	MAR	obs	obs	obs	obs	obs	obs
PG01315	MAR	obs	obs	obs	obs	obs	obs	obs	obs	obs	obs	obs	obs	obs	obs	obs	obs	obs	obs	obs	obs	MAR	MAR	obs
PG01316	obs	obs	obs	obs	obs	obs	obs	obs	obs	obs	obs	obs	obs	obs	obs	obs	obs	obs	obs	obs	obs	obs	MAR	obs
PG01317	obs	obs	obs	obs	obs	obs	obs	obs	obs	obs	obs	obs	obs	obs	obs	obs	obs	obs	obs	obs	obs	obs	obs	obs
PG01318	obs	obs	obs	obs	MAR	obs	obs	MAR	obs	obs	obs	obs	obs	obs	obs	obs	MAR	obs	obs	obs	obs	obs	MAR	obs
PG01319	MNAR	MNAR	MNAR	obs	MAR	MAR	MAR	obs	MAR	MNAR	MNAR	MNAR	MAR	MAR	obs	MAR	obs	MAR	MNAR	MNAR	MNAR	obs	MAR	obs
PG01321	MNAR	MNAR	MNAR	MAR	obs	MAR	obs	obs	MAR	MAR	obs	obs	obs	MAR	obs	MAR	obs	obs	MAR	obs	MAR	MNAR	MNAR	MNAR
PG01322	obs	MAR	MAR	obs	obs	obs	obs	obs	obs	obs	obs	MAR	obs	MAR	obs	MAR	obs	MAR	obs	obs	MAR	MAR	obs	obs
PG01324	obs	obs	obs	obs	obs	obs	obs	obs	obs	obs	obs	obs	obs	obs	obs	obs	obs	obs	obs	MAR	obs	obs	obs	obs
PG01325	obs	MAR	MAR	MAR	obs	obs	MAR	MAR	obs	obs	obs	MAR	obs	obs	obs	obs	obs	MAR	MAR	obs	obs	obs	obs	obs
PG01326	obs	obs	obs	obs	MAR	obs	obs	obs	obs	obs	obs	obs	obs	obs	obs	obs	obs	obs	obs	obs	obs	obs	obs	obs
PG01327	obs	obs	obs	obs	obs	obs	obs	obs	MAR	obs	obs	obs	obs	MAR	obs	obs	obs	obs	obs	MAR	MAR	obs	obs	obs
PG01328	MAR	obs	obs	obs	obs	MAR	obs	obs	obs	obs	obs	MAR	obs	obs	obs	obs	obs	obs	obs	obs	MAR	obs	obs	obs
PG01329	obs	obs	MAR	obs	MAR	obs	obs	obs	obs	MAR	obs	obs	obs	MAR	MAR	obs	obs	MAR	obs	MAR	MAR	obs	obs	MAR
PG01330	MAR	obs	obs	obs	obs	obs	MNAR	MNAR	MNAR	obs	MAR	obs	obs	obs	obs	obs	obs	obs	MAR	obs	MAR	obs	obs	obs
PG01331	obs	obs	obs	obs	obs	obs	obs	obs	obs	obs	obs	obs	obs	obs	obs	obs	obs	obs	obs	obs	obs	obs	obs	obs
PG01332	obs	obs	MAR	MAR	obs	obs	MAR	obs	obs	MAR	obs	obs	obs	obs	obs	MAR	obs	obs	obs	MAR	obs	obs	obs	obs
PG01333	obs	obs	obs	obs	obs	obs	obs	obs	obs	obs	obs	obs	obs	obs	obs	obs	obs	obs	obs	obs	obs	obs	obs	obs
PG01335	obs	obs	MAR	obs	obs	obs	obs	obs	obs	obs	obs	obs	obs	obs	obs	obs	obs	obs	obs	obs	obs	obs	obs	obs
PG01336	obs	obs	obs	obs	obs	obs	obs	obs	obs	obs	obs	obs	obs	obs	obs	obs	obs	obs	obs	MAR	obs	obs	obs	obs
PG01337	obs	obs	obs	obs	obs	obs	obs	obs	obs	obs	obs	obs	obs	obs	obs	obs	obs	obs	obs	obs	MAR	obs	obs	obs
PG01338	obs	obs	obs	obs	obs	obs	obs	obs	obs	obs	MAR	obs	obs	obs	obs	obs	obs	obs	obs	obs	obs	obs	obs	obs
PG01339	obs	obs	MAR	obs	obs	obs	obs	obs	obs	obs	obs	obs	obs	MAR	obs	obs	MAR	obs	obs	obs	obs	obs	MAR	obs
PG01341	obs	obs	obs	obs	obs	obs	obs	obs	obs	obs	obs	obs	obs	obs	obs	obs	obs	obs	obs	obs	obs	obs	obs	obs
PG01342	obs	obs	obs	obs	obs	obs	obs	obs	obs	obs	obs	obs	obs	obs	MAR	obs	obs	obs	MAR	obs	obs	obs	obs	obs
PG01343	obs	obs	obs	obs	obs	obs	obs	obs	obs	obs	obs	obs	obs	obs	obs	obs	obs	obs	obs	obs	obs	MAR	obs	obs
PG01344	obs	obs	obs	obs	obs	MAR	obs	obs	obs	obs	obs	obs	obs	obs	obs	obs	obs	obs	obs	obs	obs	obs	MAR	obs
PG01345	obs	MAR	obs	obs	obs	obs	obs	obs	MAR	obs	obs	obs	obs	obs	obs	obs	obs	obs	MAR	obs	obs	obs	obs	obs
PG01347	obs	obs	obs	obs	obs	obs	obs	obs	obs	obs	obs	obs	obs	obs	obs	obs	obs	obs	obs	obs	obs	MAR	obs	obs
PG01349	MNAR	MNAR	MNAR	MNAR	MNAR	MNAR	MNAR	MNAR	MNAR	MNAR	MNAR	MNAR	obs	MAR	obs	MAR	obs	MAR	MNAR	MNAR	MNAR	obs	MAR	MAR
PG01350	obs	obs	obs	obs	obs	MAR	obs	obs	obs	obs	obs	MAR	obs	MAR	MAR	obs	obs	obs	obs	obs	obs	obs	obs	obs
PG01351	obs	obs	obs	obs	obs	MAR	obs	MAR	obs	obs	obs	MAR	obs	obs	obs	MAR	obs	MAR	obs	MAR	MAR	obs	obs	MAR
PG01352	obs	obs	obs	obs	obs	obs	obs	obs	obs	MAR	obs	obs	obs	obs	obs	obs	obs	obs	obs	MAR	obs	obs	obs	MAR
PG01353	MNAR	MNAR	MNAR	MAR	MAR	obs	MAR	obs	MAR	MNAR	MNAR	MNAR	MNAR	MNAR	MNAR	obs	obs	MAR	MNAR	MNAR	MNAR	obs	MAR	MAR
PG01354	obs	obs	obs	obs	obs	obs	obs	obs	obs	obs	obs	MAR	MAR	MAR	obs	obs	obs	obs	obs	obs	obs	MAR	obs	obs
PG01355	obs	obs	obs	obs	obs	obs	obs	obs	obs	obs	obs	obs	obs	obs	obs	obs	obs	obs	obs	obs	obs	obs	obs	obs
PG01356	MAR	MAR	obs	obs	obs	obs	obs	obs	obs	obs	obs	obs	obs	MAR	MAR	MAR	MAR	obs	obs	MAR	MAR	obs	MAR	obs
PG01356b	obs	obs	obs	obs	obs	obs	obs	obs	obs	obs	obs	obs	obs	obs	obs	obs	obs	obs	obs	obs	obs	obs	obs	obs
PG01357	obs	obs	obs	obs	obs	obs	obs	obs	obs	MAR	obs	obs	obs	obs	obs	obs	obs	obs	obs	obs	obs	obs	obs	obs
PG01358	obs	obs	obs	MAR	obs	obs	obs	MAR	obs	MNAR	MNAR	MNAR	MNAR	MNAR	MNAR	obs	MAR	MAR	MNAR	MNAR	MNAR	MNAR	MNAR	MNAR
PG01358b	MAR	obs	MAR	MAR	MAR	obs	MNAR	MNAR	MNAR	MNAR	MNAR	MNAR	obs	MAR	obs	MNAR	MNAR	MNAR	MNAR	MNAR	MNAR	obs	MAR	MAR
PG01359	obs	obs	obs	obs	obs	obs	obs	obs	obs	obs	obs	obs	obs	obs	obs	obs	obs	obs	obs	obs	obs	obs	obs	obs
PG01360	obs	obs	obs	obs	MAR	obs	obs	obs	obs	obs	obs	obs	obs	obs	obs	obs	obs	obs	obs	obs	obs	obs	MAR	MAR
PG01361	obs	obs	obs	MAR	obs	obs	obs	obs	obs	obs	obs	obs	MAR	MAR	obs	obs	obs	obs	MAR	obs	obs	obs	obs	obs
PG01361b	MAR	obs	obs	obs	obs	obs	obs	obs	obs	obs	obs	obs	obs	obs	obs	MAR	obs	obs	MAR	obs	obs	MAR	MAR	obs
PG01362	obs	obs	MAR	obs	obs	obs	obs	obs	obs	obs	obs	obs	obs	obs	obs	MAR	obs	obs	obs	MAR	obs	obs	obs	obs
PG01364	obs	obs	obs	obs	obs	obs	obs	obs	obs	obs	obs	obs	obs	obs	obs	obs	obs	obs	obs	obs	obs	obs	obs	obs
PG01365	obs	obs	MAR	obs	obs	obs	obs	obs	obs	obs	MAR	obs	obs	MAR	obs	obs	MAR	obs	obs	obs	obs	obs	obs	MAR
PG01366	obs	obs	obs	obs	obs	obs	obs	obs	obs	obs	obs	obs	obs	obs	obs	obs	obs	obs	obs	obs	obs	obs	obs	obs
PG01367	obs	obs	obs	obs	obs	obs	MAR	obs	obs	obs	obs	obs	obs	MAR	MAR	obs	MAR	obs	obs	obs	obs	MAR	obs	obs
PG01370	MAR	obs	obs	MAR	obs	obs	MAR	obs	MAR	MAR	MAR	obs	MNAR	MNAR	MNAR	MNAR	MNAR	MNAR	obs	MAR	MAR	MNAR	MNAR	MNAR
PG01371	obs	obs	obs	obs	obs	obs	obs	obs	obs	obs	obs	obs	obs	obs	obs	MAR	obs	obs	obs	obs	obs	obs	obs	obs
PG01373	obs	obs	obs	obs	obs	obs	obs	obs	obs	obs	MAR	obs	obs	obs	obs	obs	obs	MAR	obs	obs	obs	obs	obs	obs
PG01374	obs	obs	obs	obs	obs	obs	obs	obs	obs	obs	obs	obs	obs	MAR	obs	obs	obs	obs	obs	obs	obs	obs	MAR	obs
PG01375	MAR	obs	obs	obs	MAR	obs	obs	obs	obs	obs	obs	obs	obs	obs	MAR	obs	obs	obs	MAR	obs	obs	obs	obs	MAR
PG01376	obs	obs	obs	obs	obs	MAR	MAR	obs	obs	obs	MAR	MAR	obs	MAR	obs	obs	obs	obs	obs	MAR	obs	obs	obs	obs
PG01377	obs	obs	obs	obs	obs	obs	obs	obs	obs	obs	obs	obs	obs	obs	obs	obs	obs	obs	obs	obs	obs	obs	obs	MAR
PG01378	obs	obs	obs	obs	obs	obs	obs	obs	obs	MAR	obs	obs	obs	MAR	MAR	obs	MAR	obs	obs	obs	obs	obs	obs	MAR
PG01380	MAR	obs	obs	obs	obs	obs	obs	obs	obs	obs	obs	obs	obs	obs	obs	obs	MAR	obs	obs	obs	obs	obs	obs	MAR
PG01381	obs	obs	obs	obs	obs	obs	obs	obs	obs	obs	obs	obs	obs	obs	MAR	obs	obs	obs	obs	obs	obs	obs	obs	MAR
PG01382	MAR	obs	obs	obs	obs	MAR	obs	MAR	obs	obs	obs	obs	obs	obs	obs	obs	MAR	obs	obs	obs	obs	obs	obs	obs
PG01383	obs	obs	obs	MAR	obs	obs	obs	obs	obs	obs	obs	obs	MAR	obs	obs	obs	obs	obs	MNAR	MNAR	MNAR	obs	obs	obs
PG01384	MAR	MAR	obs	MNAR	MNAR	MNAR	obs	obs	obs	MNAR	MNAR	MNAR	MAR	MAR	obs	MAR	obs	MAR	MAR	MAR	obs	obs	obs	MAR
PG01385	obs	MAR	obs	obs	obs	obs	obs	obs	obs	obs	obs	obs	obs	MAR	obs	obs	MAR	obs	obs	MAR	obs	MAR	obs	MAR
PG01385b	MAR	obs	obs	MNAR	MNAR	MNAR	MNAR	MNAR	MNAR	MAR	MAR	obs	MAR	obs	MAR	MNAR	MNAR	MNAR	MNAR	MNAR	MNAR	MNAR	MNAR	MNAR
PG01386	obs	obs	obs	obs	obs	obs	obs	obs	obs	obs	obs	obs	obs	obs	obs	MAR	obs	obs	obs	obs	obs	obs	obs	obs
PG01387	obs	obs	obs	obs	obs	obs	obs	obs	obs	obs	obs	obs	obs	obs	obs	obs	obs	obs	obs	obs	obs	obs	obs	obs
PG01388	obs	obs	obs	obs	obs	obs	obs	obs	obs	obs	MAR	obs	obs	obs	obs	obs	obs	obs	obs	obs	obs	obs	MAR	obs
PG01389	obs	obs	obs	obs	obs	MAR	obs	obs	obs	obs	obs	obs	obs	obs	obs	obs	obs	obs	obs	obs	obs	obs	obs	obs
PG01391	MAR	obs	obs	obs	MAR	obs	obs	obs	obs	obs	obs	MAR	obs	MAR	obs	obs	obs	obs	obs	obs	obs	obs	obs	obs
PG01392	obs	obs	obs	obs	obs	MAR	obs	obs	obs	obs	obs	obs	obs	obs	obs	obs	obs	obs	obs	obs	obs	MAR	obs	obs
PG01394	MAR	obs	obs	obs	MAR	obs	obs	MAR	MAR	MAR	obs	obs	MAR	MAR	obs	obs	MAR	MAR	obs	MAR	MAR	obs	MAR	MAR
PG01395	obs	obs	MAR	obs	obs	obs	obs	obs	obs	obs	obs	obs	obs	obs	obs	obs	obs	obs	obs	obs	obs	obs	obs	obs
PG01396	obs	obs	obs	obs	obs	obs	MAR	obs	MAR	obs	MAR	obs	obs	obs	obs	obs	obs	obs	obs	obs	obs	obs	obs	obs
PG01397	MNAR	MNAR	MNAR	MAR	obs	MAR	MAR	MAR	obs	MAR	MAR	obs	MNAR	MNAR	MNAR	MAR	obs	obs	MAR	obs	obs	obs	MAR	MAR
PG01398	MAR	obs	obs	obs	obs	obs	obs	obs	MAR	MAR	obs	obs	MAR	obs	MAR	MAR	obs	MAR	obs	MAR	obs	MNAR	MNAR	MNAR
PG01399	obs	obs	obs	MAR	obs	obs	obs	obs	obs	obs	obs	MAR	MAR	obs	obs	obs	obs	obs	obs	MAR	MAR	MAR	obs	obs
PG01400	obs	obs	obs	obs	obs	obs	obs	obs	obs	obs	obs	obs	obs	obs	obs	obs	obs	obs	obs	obs	obs	obs	obs	obs
PG01401	obs	obs	obs	obs	obs	obs	obs	obs	obs	obs	obs	obs	obs	obs	obs	obs	obs	obs	obs	obs	obs	obs	obs	obs
PG01403	obs	obs	obs	obs	obs	obs	obs	obs	obs	obs	obs	obs	obs	obs	obs	MAR	obs	obs	obs	obs	obs	obs	obs	obs
PG01404	obs	obs	obs	obs	obs	obs	MAR	obs	obs	MAR	MAR	obs	obs	obs	MAR	obs	obs	obs	MAR	obs	MAR	MAR	obs	MAR
PG01407	MAR	MAR	obs	obs	obs	obs	obs	MAR	obs	MAR	obs	obs	obs	obs	MAR	MAR	MAR	obs	obs	obs	obs	obs	obs	MAR
PG01408	MAR	obs	obs	MAR	obs	MAR	MAR	MAR	obs	MNAR	MNAR	MNAR	obs	obs	MAR	MAR	obs	MAR	MAR	MAR	obs	obs	MAR	MAR
PG01409	obs	obs	obs	obs	obs	obs	obs	obs	obs	obs	obs	obs	obs	obs	obs	obs	obs	obs	obs	MAR	obs	obs	obs	obs
PG01410	MAR	obs	obs	MNAR	MNAR	MNAR	MAR	obs	obs	MAR	obs	obs	obs	obs	obs	obs	obs	MAR	obs	obs	obs	MAR	MAR	obs
PG01411	obs	obs	MAR	obs	obs	obs	MNAR	MNAR	MNAR	obs	obs	MAR	MAR	obs	MAR	MNAR	MNAR	MNAR	MNAR	MNAR	MNAR	MAR	obs	MAR
PG01412	MAR	obs	obs	obs	obs	obs	obs	obs	obs	obs	obs	obs	obs	obs	obs	obs	obs	obs	obs	obs	obs	obs	obs	obs
PG01414	obs	obs	obs	obs	MAR	obs	obs	obs	obs	obs	obs	obs	obs	MAR	obs	obs	obs	obs	obs	obs	obs	obs	obs	obs
PG01416	obs	obs	obs	obs	obs	MAR	obs	MAR	MAR	obs	obs	obs	obs	obs	obs	obs	obs	obs	obs	obs	obs	obs	obs	obs
PG01417	obs	obs	MAR	obs	obs	obs	obs	MAR	MAR	obs	obs	obs	MAR	obs	obs	obs	MAR	obs	obs	obs	obs	obs	MAR	obs
PG01419	obs	obs	obs	obs	obs	obs	obs	obs	obs	obs	obs	obs	obs	obs	obs	obs	obs	obs	obs	obs	obs	obs	obs	obs
PG01420	obs	obs	obs	obs	obs	obs	obs	obs	obs	obs	obs	obs	obs	obs	obs	obs	obs	obs	obs	obs	obs	obs	obs	obs
PG01421	obs	MAR	obs	obs	obs	obs	MAR	obs	MAR	obs	obs	obs	obs	obs	MAR	obs	obs	obs	obs	obs	obs	obs	obs	obs
PG01422	MNAR	MNAR	MNAR	obs	MAR	MAR	MNAR	MNAR	MNAR	obs	MAR	MAR	obs	MAR	obs	MNAR	MNAR	MNAR	MNAR	MNAR	MNAR	MNAR	MNAR	MNAR
PG01423	obs	obs	obs	obs	obs	obs	obs	obs	obs	obs	obs	obs	obs	obs	obs	obs	obs	obs	obs	obs	obs	obs	obs	obs
PG01424	MAR	obs	obs	obs	MAR	obs	obs	obs	MAR	obs	obs	obs	obs	obs	obs	MAR	obs	MAR	obs	MAR	MAR	obs	MAR	MAR
PG01425	MAR	MAR	obs	obs	obs	obs	obs	obs	MAR	obs	obs	obs	obs	obs	obs	obs	MAR	obs	MAR	MAR	obs	obs	MAR	MAR
PG01426	obs	obs	obs	obs	obs	obs	obs	obs	obs	obs	obs	obs	MAR	obs	obs	obs	obs	obs	obs	MAR	obs	obs	obs	obs
PG01427	obs	obs	obs	obs	obs	obs	obs	obs	obs	MAR	obs	obs	obs	obs	obs	obs	obs	obs	obs	obs	MAR	obs	obs	MAR
PG01428	obs	MAR	obs	MNAR	MNAR	MNAR	MAR	obs	obs	obs	obs	obs	obs	MAR	obs	obs	obs	obs	obs	obs	obs	obs	obs	MAR
PG01429	obs	obs	obs	obs	obs	obs	obs	obs	obs	obs	obs	obs	obs	obs	obs	obs	MAR	MAR	obs	MAR	obs	obs	obs	obs
PG01430	obs	obs	obs	MAR	MAR	obs	obs	obs	obs	MAR	obs	obs	obs	MAR	obs	MNAR	MNAR	MNAR	obs	MAR	MAR	obs	obs	obs
PG01431	obs	obs	obs	obs	obs	obs	obs	obs	obs	obs	obs	obs	obs	obs	obs	obs	obs	obs	obs	obs	obs	obs	obs	obs
PG01433	obs	obs	MAR	MAR	MAR	obs	MNAR	MNAR	MNAR	MNAR	MNAR	MNAR	MAR	MAR	obs	MNAR	MNAR	MNAR	MNAR	MNAR	MNAR	MNAR	MNAR	MNAR
PG01436	obs	obs	obs	obs	MAR	obs	obs	obs	obs	obs	obs	obs	MAR	obs	obs	obs	MAR	obs	obs	obs	obs	obs	obs	obs
PG01438	MAR	obs	MAR	obs	MAR	MAR	obs	obs	obs	obs	MAR	MAR	obs	MAR	obs	obs	obs	obs	obs	obs	obs	obs	obs	obs
PG01439	MNAR	MNAR	MNAR	obs	obs	obs	obs	obs	obs	obs	obs	obs	MAR	obs	obs	obs	obs	MAR	obs	obs	MAR	obs	obs	obs
PG01440	obs	MAR	obs	obs	obs	obs	MAR	obs	obs	obs	obs	obs	obs	obs	obs	obs	MAR	obs	obs	obs	obs	obs	obs	obs
PG01441	MAR	obs	MAR	MAR	obs	obs	MAR	obs	obs	obs	obs	MAR	obs	MAR	MAR	MNAR	MNAR	MNAR	MAR	obs	MAR	MAR	obs	obs
PG01442	obs	MAR	obs	MNAR	MNAR	MNAR	MAR	obs	MAR	MAR	MAR	obs	MAR	MAR	obs	obs	MAR	obs	obs	MAR	MAR	MAR	obs	obs
PG01443	obs	obs	obs	obs	obs	obs	obs	obs	obs	obs	obs	obs	obs	obs	obs	obs	obs	obs	obs	obs	obs	obs	obs	obs
PG01444	obs	obs	obs	obs	obs	obs	obs	obs	obs	obs	obs	obs	obs	obs	obs	obs	obs	obs	obs	obs	obs	obs	obs	obs
PG01445	obs	obs	obs	obs	obs	obs	obs	obs	obs	obs	obs	obs	obs	MAR	obs	obs	obs	obs	obs	MAR	obs	obs	obs	obs
PG01446	obs	obs	obs	obs	obs	obs	obs	MAR	obs	obs	MAR	MAR	MAR	obs	obs	obs	obs	obs	obs	obs	MAR	MAR	obs	obs
PG01447	obs	obs	MAR	obs	obs	obs	obs	obs	obs	obs	obs	obs	obs	obs	obs	MAR	obs	obs	obs	obs	obs	MAR	obs	obs
PG01448	obs	obs	obs	MAR	MAR	obs	obs	obs	MAR	MAR	MAR	obs	obs	MAR	obs	obs	MAR	obs	MAR	obs	obs	MAR	obs	MAR
PG01449	MAR	obs	obs	obs	obs	obs	obs	obs	obs	obs	obs	obs	obs	obs	MAR	obs	MAR	MAR	obs	obs	obs	obs	obs	MAR
PG01451	obs	obs	MAR	obs	obs	obs	MAR	obs	obs	obs	obs	obs	obs	obs	obs	MAR	obs	obs	obs	obs	obs	obs	MAR	obs
PG01452	obs	obs	obs	obs	obs	obs	obs	obs	obs	obs	obs	obs	obs	obs	obs	MAR	obs	obs	obs	obs	obs	obs	MAR	MAR
PG01453	MAR	obs	obs	obs	obs	obs	obs	obs	MAR	MAR	obs	obs	obs	obs	obs	obs	obs	obs	obs	obs	obs	obs	obs	obs
PG01454	MNAR	MNAR	MNAR	MAR	obs	MAR	MAR	obs	MAR	MNAR	MNAR	MNAR	obs	obs	MAR	MAR	MAR	obs	obs	obs	obs	MAR	MAR	obs
PG01455	obs	obs	obs	obs	obs	obs	obs	obs	obs	obs	obs	obs	obs	obs	obs	obs	obs	MAR	obs	obs	obs	obs	obs	obs
PG01456	obs	obs	obs	obs	obs	obs	obs	obs	obs	obs	obs	obs	obs	obs	obs	obs	obs	obs	obs	obs	obs	obs	obs	obs
PG01457	obs	obs	MAR	obs	obs	obs	obs	obs	obs	obs	obs	obs	obs	obs	obs	obs	obs	obs	obs	obs	obs	MAR	obs	obs
PG01458	obs	obs	obs	obs	obs	obs	obs	obs	MAR	MAR	obs	obs	obs	obs	obs	obs	obs	obs	obs	obs	obs	obs	obs	obs
PG01459	obs	MAR	obs	obs	obs	obs	obs	obs	obs	MAR	MAR	obs	obs	obs	obs	obs	obs	MAR	MAR	obs	obs	obs	MAR	obs
PG01460	obs	MAR	obs	obs	obs	obs	obs	obs	obs	obs	obs	obs	obs	obs	obs	obs	obs	obs	obs	obs	obs	obs	obs	obs
PG01461	obs	obs	obs	obs	obs	obs	obs	obs	obs	obs	obs	obs	obs	obs	obs	obs	obs	obs	obs	obs	MAR	obs	obs	obs
PG01462	MAR	obs	obs	obs	obs	obs	obs	MAR	MAR	obs	obs	obs	obs	MAR	obs	obs	obs	obs	obs	MAR	obs	MNAR	MNAR	MNAR
PG01463	obs	obs	obs	MAR	obs	obs	obs	obs	MAR	obs	obs	obs	obs	MAR	obs	obs	obs	obs	obs	obs	obs	obs	MAR	obs
PG01464	obs	MAR	obs	obs	obs	MAR	MAR	obs	obs	obs	MAR	MAR	obs	obs	MAR	obs	MAR	MAR	MAR	obs	MAR	obs	obs	MAR
PG01465	obs	obs	obs	obs	obs	obs	obs	obs	obs	obs	obs	obs	obs	obs	obs	obs	obs	obs	obs	obs	obs	obs	obs	obs
PG01466	MNAR	MNAR	MNAR	obs	obs	MAR	MNAR	MNAR	MNAR	MNAR	MNAR	MNAR	MNAR	MNAR	MNAR	MNAR	MNAR	MNAR	MNAR	MNAR	MNAR	MNAR	MNAR	MNAR
PG01467	obs	obs	obs	obs	obs	MAR	obs	obs	MAR	obs	MAR	obs	obs	MAR	obs	obs	obs	obs	obs	obs	obs	obs	obs	obs
PG01468	obs	MAR	MAR	MAR	MAR	obs	MAR	obs	MAR	obs	obs	obs	MAR	obs	MAR	obs	MAR	obs	obs	obs	MAR	obs	obs	obs
PG01469	obs	MAR	MAR	obs	MAR	obs	obs	obs	obs	obs	obs	obs	MAR	obs	obs	MNAR	MNAR	MNAR	MAR	obs	obs	obs	obs	MAR
PG01470	obs	obs	MAR	obs	MAR	obs	obs	obs	obs	obs	obs	obs	obs	obs	obs	obs	MAR	obs	obs	obs	obs	obs	obs	obs
PG01470b	obs	obs	MAR	obs	obs	obs	obs	obs	MAR	obs	obs	MAR	obs	obs	MAR	obs	obs	obs	obs	MAR	MAR	obs	MAR	MAR
PG01471	obs	obs	obs	obs	obs	obs	obs	obs	obs	obs	obs	obs	obs	MAR	obs	obs	MAR	obs	obs	obs	MAR	obs	MAR	obs
PG01473	obs	obs	obs	obs	MAR	obs	obs	obs	obs	obs	obs	obs	obs	obs	obs	obs	obs	obs	obs	obs	obs	obs	MAR	obs
PG01474	obs	obs	MAR	MAR	obs	MAR	obs	MAR	obs	MAR	obs	MAR	obs	obs	obs	obs	obs	obs	MAR	obs	obs	obs	obs	obs
PG01475	MNAR	MNAR	MNAR	MAR	obs	obs	obs	obs	obs	obs	MAR	MAR	MAR	MAR	obs	MNAR	MNAR	MNAR	MAR	obs	MAR	MAR	obs	obs
PG01479	obs	obs	obs	obs	obs	obs	obs	obs	obs	obs	obs	obs	obs	obs	obs	obs	obs	obs	obs	obs	obs	obs	obs	obs
PG01480	obs	MAR	obs	obs	MAR	MAR	obs	MAR	obs	MAR	MAR	obs	MAR	MAR	obs	obs	MAR	MAR	obs	MAR	obs	MAR	obs	obs
PG01481	obs	MAR	MAR	MAR	obs	obs	obs	obs	MAR	MNAR	MNAR	MNAR	obs	obs	obs	MAR	MAR	obs	obs	obs	obs	MAR	obs	obs
PG01482	MAR	obs	obs	obs	obs	obs	MAR	obs	obs	obs	obs	MAR	obs	obs	obs	obs	obs	MAR	MAR	obs	obs	obs	obs	obs
PG01485	MAR	MAR	obs	obs	MAR	MAR	MAR	obs	MAR	obs	obs	MAR	obs	MAR	obs	MAR	obs	obs	MAR	obs	MAR	MAR	obs	MAR
PG01487	obs	obs	obs	obs	MAR	obs	obs	obs	MAR	MAR	obs	obs	obs	obs	obs	obs	obs	obs	obs	obs	obs	obs	obs	obs
PG01488	obs	obs	obs	obs	obs	obs	obs	obs	obs	obs	obs	obs	obs	obs	obs	obs	obs	obs	obs	obs	obs	obs	obs	obs
PG01489	obs	obs	obs	obs	obs	obs	obs	obs	obs	obs	MAR	MAR	MAR	obs	obs	MAR	obs	obs	obs	obs	MAR	MAR	obs	obs
PG01491	MNAR	MNAR	MNAR	MAR	obs	obs	obs	MAR	MAR	obs	MAR	MAR	obs	MAR	MAR	MNAR	MNAR	MNAR	obs	MAR	obs	obs	obs	MAR
PG01492	obs	obs	obs	obs	obs	obs	obs	obs	obs	obs	obs	obs	obs	obs	obs	obs	obs	obs	obs	obs	obs	MAR	obs	obs
PG01493	obs	obs	obs	obs	obs	obs	obs	obs	MAR	obs	obs	obs	obs	MAR	obs	obs	obs	obs	MAR	obs	obs	obs	obs	obs
PG01494	MAR	MAR	obs	MNAR	MNAR	MNAR	obs	MAR	obs	MNAR	MNAR	MNAR	obs	MAR	obs	obs	MAR	MAR	obs	obs	MAR	obs	obs	MAR
PG01495	MAR	obs	MAR	MNAR	MNAR	MNAR	MAR	obs	obs	obs	MAR	obs	obs	MAR	obs	MAR	MAR	obs	MNAR	MNAR	MNAR	MNAR	MNAR	MNAR
PG01496	obs	obs	obs	obs	obs	obs	obs	MAR	obs	obs	obs	obs	obs	obs	obs	obs	obs	obs	obs	obs	obs	obs	obs	obs
PG01497	obs	obs	obs	obs	obs	obs	obs	obs	obs	obs	obs	obs	obs	MAR	obs	obs	obs	obs	obs	obs	obs	obs	obs	obs
PG01498	obs	MAR	obs	obs	MAR	obs	obs	MAR	MAR	obs	MAR	MAR	obs	obs	obs	obs	MAR	MAR	obs	obs	obs	obs	MAR	obs
PG01499	obs	obs	obs	obs	obs	obs	obs	obs	obs	obs	obs	obs	obs	obs	obs	obs	obs	obs	MAR	obs	obs	obs	obs	obs
PG01500	MNAR	MNAR	MNAR	MNAR	MNAR	MNAR	MNAR	MNAR	MNAR	obs	obs	MAR	obs	MAR	MAR	MNAR	MNAR	MNAR	obs	MAR	MAR	MNAR	MNAR	MNAR
PG01502	MAR	obs	obs	obs	obs	obs	obs	obs	obs	obs	MAR	MAR	obs	obs	MAR	obs	obs	MAR	obs	obs	MAR	obs	obs	obs
PG01502b	MAR	obs	obs	obs	obs	obs	obs	obs	obs	obs	obs	obs	obs	obs	obs	obs	MAR	obs	obs	obs	obs	obs	MAR	MAR
PG01503	obs	obs	obs	obs	obs	obs	obs	obs	obs	obs	obs	obs	MAR	obs	obs	obs	obs	obs	obs	obs	obs	obs	MAR	obs
PG01504	obs	obs	obs	obs	obs	obs	obs	obs	obs	obs	obs	obs	obs	obs	obs	obs	MAR	obs	obs	obs	obs	obs	obs	obs
PG01505	MAR	obs	MAR	MAR	obs	MAR	MAR	obs	obs	MNAR	MNAR	MNAR	obs	obs	obs	obs	obs	MAR	MAR	MAR	obs	obs	MAR	obs
PG01506	obs	MAR	obs	obs	obs	obs	obs	obs	obs	obs	obs	obs	obs	obs	obs	obs	obs	obs	obs	obs	obs	obs	obs	obs
PG01507	obs	MAR	MAR	MAR	obs	MAR	obs	obs	obs	MAR	obs	obs	MAR	MAR	obs	MAR	MAR	obs	MAR	obs	obs	MNAR	MNAR	MNAR
PG01508	obs	obs	obs	obs	obs	MAR	obs	obs	obs	obs	MAR	MAR	obs	obs	obs	MAR	obs	obs	obs	obs	MAR	MAR	obs	obs
PG01509	obs	obs	obs	obs	obs	obs	obs	obs	obs	obs	obs	obs	obs	obs	obs	obs	obs	obs	obs	obs	obs	obs	obs	obs
PG01513	obs	obs	obs	obs	obs	obs	MAR	obs	obs	MAR	obs	MAR	obs	obs	obs	obs	obs	obs	obs	obs	obs	obs	obs	MAR
PG01514	obs	MAR	obs	obs	obs	obs	obs	obs	obs	obs	obs	obs	obs	obs	obs	obs	obs	obs	obs	MAR	obs	obs	obs	obs
PG01515	obs	MAR	MAR	MAR	obs	obs	MAR	MAR	obs	MNAR	MNAR	MNAR	MAR	obs	MAR	MNAR	MNAR	MNAR	MAR	obs	obs	MNAR	MNAR	MNAR
PG01517	obs	obs	obs	obs	obs	obs	obs	obs	obs	obs	obs	obs	MAR	MAR	obs	obs	obs	obs	obs	obs	obs	obs	MAR	MAR
PG01518	MAR	obs	obs	obs	obs	obs	MAR	MAR	obs	obs	obs	obs	obs	obs	obs	obs	MAR	obs	obs	obs	obs	obs	MAR	obs
PG01519	MAR	MAR	obs	obs	obs	obs	obs	obs	obs	obs	obs	obs	MAR	obs	MAR	obs	obs	obs	obs	obs	obs	obs	obs	obs
PG01520	obs	obs	obs	obs	obs	obs	obs	MAR	MAR	obs	obs	obs	obs	obs	obs	obs	obs	obs	obs	obs	obs	obs	obs	obs
PG01522	MNAR	MNAR	MNAR	MNAR	MNAR	MNAR	MNAR	MNAR	MNAR	MAR	obs	MAR	obs	MAR	MAR	MNAR	MNAR	MNAR	MAR	MAR	obs	obs	obs	MAR
PG01523	MNAR	MNAR	MNAR	MNAR	MNAR	MNAR	MAR	MAR	obs	MNAR	MNAR	MNAR	obs	MAR	MAR	MAR	obs	obs	MNAR	MNAR	MNAR	MNAR	MNAR	MNAR
PG01524	obs	obs	obs	obs	obs	obs	obs	obs	obs	obs	obs	obs	obs	obs	obs	obs	obs	obs	obs	obs	obs	obs	obs	obs
PG01525	obs	obs	obs	obs	obs	obs	obs	obs	obs	obs	obs	obs	obs	obs	MAR	obs	MAR	obs	obs	obs	obs	obs	obs	obs
PG01526	obs	obs	obs	obs	obs	obs	MAR	obs	obs	MAR	obs	obs	obs	obs	MAR	MAR	obs	MAR	obs	obs	obs	obs	obs	obs
PG01527	obs	obs	MAR	MAR	obs	MAR	MNAR	MNAR	MNAR	MNAR	MNAR	MNAR	MAR	obs	MAR	obs	MAR	MAR	obs	obs	obs	MAR	obs	MAR
PG01528	obs	obs	obs	obs	MAR	obs	obs	MAR	MAR	obs	MAR	MAR	obs	MAR	MAR	obs	obs	obs	obs	MAR	MAR	obs	obs	MAR
PG01529	obs	MAR	obs	obs	obs	obs	obs	obs	MAR	obs	MAR	obs	obs	MAR	obs	obs	obs	obs	MAR	MAR	obs	obs	obs	obs
PG01530	obs	obs	obs	obs	obs	MAR	obs	obs	obs	obs	obs	obs	obs	obs	obs	obs	obs	obs	obs	obs	obs	obs	obs	obs
PG01531	obs	obs	obs	obs	obs	obs	obs	obs	obs	obs	obs	obs	obs	obs	MAR	obs	obs	obs	obs	MAR	obs	obs	obs	obs
PG01532	MAR	obs	obs	MAR	obs	obs	MAR	obs	obs	obs	MAR	obs	obs	MAR	obs	obs	MAR	obs	obs	obs	obs	obs	obs	MAR
PG01533	MAR	MAR	obs	obs	obs	obs	obs	obs	obs	obs	obs	obs	obs	obs	obs	obs	obs	obs	obs	MAR	obs	obs	obs	obs
PG01535	obs	obs	obs	MAR	obs	MAR	obs	obs	obs	obs	obs	obs	obs	obs	obs	obs	obs	obs	obs	obs	obs	obs	obs	obs
PG01536	MAR	obs	MAR	MAR	obs	MAR	MAR	obs	MAR	obs	MAR	MAR	MNAR	MNAR	MNAR	obs	MAR	obs	obs	MAR	obs	obs	obs	obs
PG01538	obs	obs	MAR	obs	obs	obs	MNAR	MNAR	MNAR	obs	MAR	MAR	MAR	MAR	obs	obs	obs	obs	obs	obs	obs	obs	obs	obs
PG01539	obs	obs	obs	obs	obs	obs	obs	obs	obs	obs	obs	obs	obs	obs	obs	obs	obs	obs	obs	obs	obs	obs	obs	obs
PG01540	obs	obs	obs	obs	obs	obs	obs	obs	obs	MAR	obs	obs	obs	obs	obs	obs	obs	obs	obs	obs	MAR	MAR	obs	obs
PG01541	obs	obs	obs	obs	obs	obs	obs	obs	obs	obs	obs	obs	obs	obs	obs	obs	obs	obs	obs	obs	obs	obs	obs	obs
PG01542	obs	obs	obs	obs	obs	obs	obs	obs	obs	obs	obs	obs	MAR	obs	obs	obs	obs	obs	obs	obs	obs	obs	obs	obs
PG01543	obs	obs	obs	obs	obs	obs	obs	obs	obs	obs	obs	obs	obs	obs	obs	obs	obs	MAR	obs	obs	obs	obs	obs	obs
PG01544	obs	obs	obs	obs	obs	obs	obs	obs	obs	obs	obs	obs	MAR	obs	obs	obs	obs	obs	obs	obs	obs	obs	obs	obs
PG01545	obs	obs	obs	MAR	obs	MAR	obs	obs	obs	obs	obs	MAR	MAR	obs	obs	MNAR	MNAR	MNAR	MAR	obs	MAR	MNAR	MNAR	MNAR
PG01547	obs	MAR	obs	MNAR	MNAR	MNAR	obs	obs	MAR	obs	obs	obs	MAR	obs	MAR	obs	obs	obs	obs	obs	obs	obs	obs	obs
PG01548	obs	MAR	obs	obs	obs	obs	obs	obs	obs	obs	obs	obs	MAR	obs	obs	obs	obs	obs	obs	obs	obs	obs	obs	obs
PG01549	obs	obs	obs	obs	MAR	obs	MNAR	MNAR	MNAR	MAR	MAR	obs	MAR	obs	obs	MAR	MAR	obs	obs	MAR	obs	obs	obs	MAR
PG01551	obs	MAR	obs	MNAR	MNAR	MNAR	MNAR	MNAR	MNAR	obs	MAR	MAR	obs	MAR	MAR	obs	MAR	MAR	obs	MAR	MAR	MNAR	MNAR	MNAR
PG01552	MAR	MAR	obs	obs	obs	MAR	MNAR	MNAR	MNAR	MNAR	MNAR	MNAR	MNAR	MNAR	MNAR	MNAR	MNAR	MNAR	MNAR	MNAR	MNAR	MNAR	MNAR	MNAR
PG01553	obs	obs	obs	obs	MAR	obs	obs	obs	obs	obs	obs	obs	MAR	MAR	obs	obs	obs	obs	obs	obs	obs	obs	obs	obs
PG01554	obs	obs	obs	MAR	obs	obs	obs	obs	obs	obs	obs	MAR	obs	obs	obs	obs	obs	obs	obs	obs	obs	MAR	obs	obs
PG01555	obs	obs	obs	obs	obs	obs	obs	obs	obs	obs	obs	obs	obs	obs	obs	obs	obs	obs	obs	obs	obs	obs	obs	obs
PG01556	obs	obs	obs	obs	obs	obs	obs	obs	obs	obs	obs	obs	obs	obs	obs	obs	obs	obs	obs	obs	obs	obs	obs	obs
PG01557	obs	obs	obs	obs	MAR	obs	obs	obs	MAR	obs	obs	obs	obs	obs	obs	MAR	obs	obs	obs	obs	obs	obs	MAR	MAR
PG01559	obs	obs	obs	obs	MAR	obs	MAR	obs	obs	obs	obs	obs	obs	obs	obs	obs	obs	obs	obs	obs	obs	obs	obs	obs
PG01560	obs	obs	obs	obs	obs	obs	obs	obs	obs	obs	obs	MAR	obs	obs	obs	obs	obs	obs	obs	obs	obs	obs	obs	obs
PG01561	obs	MAR	obs	obs	obs	obs	MAR	MAR	obs	obs	obs	obs	MAR	obs	obs	MAR	obs	obs	obs	obs	MAR	obs	MAR	obs
PG01564	obs	MAR	obs	obs	obs	obs	obs	obs	obs	obs	obs	obs	obs	obs	obs	obs	obs	obs	obs	obs	obs	obs	obs	obs
PG01564b	obs	obs	obs	obs	obs	obs	obs	obs	obs	obs	obs	obs	obs	obs	obs	obs	obs	obs	MAR	obs	obs	obs	obs	obs
PG01565	MAR	obs	MAR	obs	obs	obs	obs	obs	obs	obs	obs	obs	obs	obs	MAR	MAR	obs	obs	obs	obs	obs	obs	obs	obs
PG01567	obs	obs	obs	obs	obs	obs	obs	obs	obs	obs	obs	obs	obs	obs	obs	obs	obs	obs	obs	obs	obs	obs	obs	obs
PG01568	obs	MAR	MAR	obs	obs	obs	obs	MAR	MAR	obs	MAR	obs	obs	MAR	MAR	MAR	obs	obs	obs	obs	obs	obs	obs	obs
PG01569	obs	obs	obs	obs	obs	obs	obs	obs	obs	obs	obs	obs	obs	obs	obs	obs	obs	obs	obs	obs	MAR	obs	obs	obs
PG01570	obs	obs	obs	obs	obs	obs	obs	obs	obs	obs	obs	obs	obs	obs	obs	obs	obs	obs	obs	obs	obs	obs	obs	obs
PG01571	obs	obs	obs	obs	obs	obs	obs	obs	obs	obs	obs	obs	obs	obs	obs	obs	obs	obs	obs	obs	obs	obs	obs	obs
PG01572	MAR	obs	obs	obs	MAR	obs	MAR	obs	obs	obs	obs	obs	obs	obs	obs	obs	obs	obs	obs	obs	obs	obs	obs	obs
PG01573	obs	obs	obs	obs	obs	obs	obs	obs	MAR	obs	obs	obs	obs	obs	obs	obs	obs	MAR	obs	obs	obs	obs	obs	obs
PG01575	obs	obs	obs	obs	obs	obs	obs	obs	obs	obs	obs	obs	obs	MAR	obs	obs	obs	obs	obs	obs	obs	obs	obs	obs
PG01577	obs	obs	obs	obs	obs	MAR	obs	obs	obs	obs	MAR	obs	obs	obs	obs	MAR	obs	obs	obs	obs	obs	obs	obs	obs
PG01578	obs	obs	obs	obs	obs	obs	obs	obs	obs	obs	obs	obs	obs	obs	obs	obs	obs	obs	obs	obs	obs	obs	obs	obs
PG01579	MNAR	MNAR	MNAR	MAR	MAR	obs	MAR	obs	MAR	MNAR	MNAR	MNAR	obs	MAR	obs	MNAR	MNAR	MNAR	obs	obs	obs	MAR	obs	obs
PG01580	MAR	obs	obs	MAR	obs	obs	obs	obs	obs	obs	obs	obs	obs	obs	obs	obs	obs	obs	obs	obs	obs	obs	obs	obs
PG01581	MAR	obs	obs	obs	obs	obs	obs	obs	MAR	MAR	obs	obs	MAR	MAR	obs	obs	obs	MAR	MAR	obs	MAR	MNAR	MNAR	MNAR
PG01582	obs	obs	obs	MNAR	MNAR	MNAR	MNAR	MNAR	MNAR	obs	MAR	MAR	MAR	obs	MAR	MNAR	MNAR	MNAR	MNAR	MNAR	MNAR	MAR	obs	obs
PG01584	obs	MAR	MAR	MAR	obs	obs	MNAR	MNAR	MNAR	MAR	obs	obs	obs	MAR	MAR	MAR	MAR	obs	MAR	obs	obs	obs	obs	obs
PG01586	obs	obs	obs	obs	obs	obs	obs	obs	obs	obs	obs	obs	obs	obs	obs	obs	obs	obs	obs	obs	obs	obs	obs	obs
PG01587	MAR	obs	obs	obs	MAR	obs	obs	MAR	obs	MAR	obs	MAR	obs	MAR	obs	obs	MAR	obs	obs	MAR	obs	obs	obs	MAR
PG01588	obs	obs	obs	obs	obs	obs	obs	obs	obs	obs	obs	obs	obs	obs	obs	obs	MAR	obs	obs	obs	obs	obs	obs	obs
PG01590	obs	obs	obs	obs	obs	obs	obs	obs	obs	obs	obs	obs	obs	obs	obs	obs	MAR	obs	obs	obs	obs	obs	obs	obs
PG01591	obs	MAR	obs	obs	MAR	obs	obs	obs	obs	obs	obs	MAR	MAR	MAR	obs	MAR	MAR	obs	obs	obs	obs	obs	obs	obs
PG01593	MNAR	MNAR	MNAR	MNAR	MNAR	MNAR	MAR	obs	MAR	obs	obs	obs	obs	MAR	MAR	obs	MAR	MAR	MAR	MAR	obs	MNAR	MNAR	MNAR
PG01596	obs	obs	MAR	obs	MAR	obs	obs	obs	MAR	obs	MAR	obs	obs	obs	obs	obs	obs	obs	obs	obs	obs	obs	obs	MAR
PG01597	obs	MAR	obs	obs	obs	obs	obs	obs	MAR	obs	obs	obs	obs	MAR	obs	obs	obs	obs	obs	obs	obs	obs	obs	obs
PG01599	obs	obs	obs	obs	obs	obs	obs	obs	obs	obs	MAR	obs	obs	obs	obs	obs	obs	obs	obs	obs	obs	MAR	obs	obs
PG01600	obs	obs	obs	obs	obs	obs	obs	obs	obs	obs	obs	obs	obs	obs	obs	obs	obs	obs	obs	obs	obs	obs	obs	obs
PG01601	obs	obs	obs	obs	obs	obs	obs	obs	obs	obs	obs	obs	obs	obs	obs	obs	obs	MAR	obs	obs	obs	obs	obs	obs
PG01602	obs	obs	obs	obs	obs	obs	obs	obs	obs	obs	obs	obs	obs	MAR	obs	obs	obs	obs	obs	obs	obs	obs	obs	obs
PG01603	obs	obs	obs	obs	obs	obs	obs	obs	MAR	MAR	obs	obs	MAR	obs	MAR	obs	MAR	obs	obs	obs	MAR	MAR	MAR	obs
PG01603b	obs	obs	MAR	MAR	obs	obs	obs	obs	obs	MAR	obs	obs	MAR	obs	obs	MAR	MAR	obs	obs	MAR	MAR	obs	MAR	obs
PG01605	MAR	MAR	obs	obs	obs	obs	obs	MAR	obs	MAR	MAR	obs	MAR	obs	MAR	MNAR	MNAR	MNAR	obs	obs	obs	obs	obs	MAR
PG01606	MAR	obs	obs	obs	obs	obs	obs	obs	obs	MAR	obs	obs	obs	obs	obs	obs	obs	obs	obs	obs	obs	obs	obs	obs
PG01607	obs	obs	MAR	obs	obs	obs	obs	obs	obs	obs	obs	obs	obs	obs	obs	obs	obs	obs	obs	obs	obs	obs	obs	obs
PG01608	obs	MAR	obs	obs	MAR	MAR	obs	obs	MAR	obs	MAR	MAR	obs	MAR	MAR	obs	MAR	MAR	MNAR	MNAR	MNAR	MAR	obs	MAR
PG01610	obs	obs	obs	obs	obs	MAR	MAR	obs	obs	obs	obs	obs	obs	obs	obs	obs	obs	MAR	obs	obs	obs	obs	obs	obs
PG01611	MAR	MAR	obs	MAR	obs	obs	obs	MAR	obs	MAR	obs	MAR	MAR	obs	obs	obs	obs	obs	obs	obs	MAR	obs	obs	MAR
PG01612b	MNAR	MNAR	MNAR	MAR	obs	MAR	MAR	obs	MAR	MNAR	MNAR	MNAR	obs	MAR	obs	obs	MAR	obs	MAR	obs	obs	obs	obs	obs
PG01613	obs	obs	obs	obs	obs	obs	obs	obs	obs	obs	obs	obs	obs	obs	obs	obs	obs	obs	obs	MAR	obs	obs	obs	obs
PG01614	obs	obs	obs	obs	obs	obs	obs	obs	obs	obs	MAR	obs	obs	obs	obs	obs	MAR	obs	obs	obs	obs	obs	obs	obs
PG01615	obs	obs	obs	obs	obs	obs	obs	obs	obs	obs	obs	obs	obs	obs	obs	obs	obs	obs	obs	obs	obs	obs	obs	obs
PG01615b	obs	obs	obs	obs	obs	obs	obs	obs	obs	obs	obs	obs	obs	obs	obs	obs	obs	obs	obs	obs	obs	obs	obs	obs
PG01616	obs	obs	obs	obs	obs	obs	obs	obs	obs	obs	obs	obs	obs	obs	obs	obs	obs	obs	obs	obs	obs	obs	obs	obs
PG01617	obs	obs	obs	obs	obs	obs	obs	obs	obs	obs	obs	obs	obs	obs	obs	obs	obs	obs	obs	MAR	obs	obs	obs	MAR
PG01619	obs	obs	obs	obs	obs	obs	obs	obs	obs	obs	obs	obs	obs	obs	obs	obs	obs	obs	MAR	obs	obs	obs	obs	obs
PG01620	obs	MAR	obs	obs	obs	obs	obs	obs	obs	obs	obs	obs	MAR	obs	obs	obs	obs	obs	obs	obs	obs	MAR	obs	obs
PG01621	MAR	obs	obs	MAR	obs	obs	obs	MAR	obs	obs	obs	obs	obs	obs	obs	obs	obs	obs	obs	obs	obs	obs	obs	obs
PG01623	obs	obs	obs	obs	obs	obs	obs	obs	obs	obs	obs	obs	obs	obs	obs	obs	obs	obs	obs	obs	MAR	obs	obs	obs
PG01624	MAR	obs	obs	obs	obs	obs	obs	obs	obs	obs	obs	obs	obs	obs	MAR	obs	obs	obs	obs	MAR	obs	obs	obs	obs
PG01625	obs	MAR	obs	obs	obs	obs	MAR	obs	obs	MAR	obs	obs	obs	MAR	obs	MAR	obs	obs	obs	obs	MAR	MAR	MAR	obs
PG01626	obs	obs	obs	obs	obs	obs	obs	obs	MAR	obs	obs	obs	obs	obs	obs	obs	obs	obs	obs	obs	MAR	obs	obs	obs
PG01627	obs	obs	MAR	obs	obs	obs	obs	obs	obs	obs	obs	MAR	obs	obs	obs	obs	obs	obs	obs	obs	obs	obs	obs	MAR
PG01628	obs	obs	obs	obs	MAR	obs	obs	obs	obs	obs	obs	MAR	obs	obs	obs	obs	obs	obs	MAR	obs	MAR	obs	obs	obs
PG01629	MAR	MAR	obs	obs	obs	MAR	MAR	obs	MAR	obs	obs	MAR	MAR	obs	MAR	obs	obs	obs	obs	obs	obs	obs	obs	obs
PG01630	obs	obs	obs	obs	obs	obs	obs	obs	obs	obs	obs	obs	obs	obs	obs	obs	obs	obs	obs	obs	obs	obs	obs	obs
PG01632	obs	obs	obs	obs	obs	obs	MAR	obs	obs	obs	obs	obs	obs	obs	obs	obs	obs	obs	obs	obs	obs	obs	MAR	obs
PG01633	MAR	obs	obs	obs	obs	obs	obs	obs	obs	obs	obs	obs	MAR	obs	obs	obs	obs	MAR	obs	obs	obs	obs	obs	obs
PG01634	obs	obs	obs	obs	obs	obs	obs	obs	obs	obs	obs	obs	obs	obs	obs	MAR	obs	obs	MAR	obs	obs	obs	obs	obs
PG01634b	obs	obs	obs	obs	obs	obs	obs	obs	obs	obs	obs	obs	obs	obs	obs	obs	obs	obs	obs	obs	obs	obs	obs	obs
PG01635	obs	obs	obs	obs	obs	obs	obs	obs	obs	obs	obs	MAR	obs	obs	obs	obs	obs	obs	obs	obs	obs	obs	obs	obs
PG01637	obs	obs	obs	obs	obs	obs	obs	MAR	MAR	obs	obs	obs	MAR	obs	obs	MAR	obs	obs	obs	MAR	obs	obs	obs	obs
PG01639	MNAR	MNAR	MNAR	MNAR	MNAR	MNAR	obs	MAR	MAR	obs	MAR	obs	MNAR	MNAR	MNAR	MNAR	MNAR	MNAR	obs	MAR	MAR	MAR	obs	obs
PG01640	obs	obs	obs	MAR	obs	MAR	obs	obs	MAR	MAR	MAR	obs	MAR	MAR	obs	obs	obs	obs	obs	obs	obs	obs	obs	obs
PG01641	obs	obs	obs	obs	obs	obs	obs	MAR	obs	obs	obs	obs	obs	obs	obs	MAR	obs	obs	obs	obs	obs	obs	obs	obs
PG01642	obs	obs	obs	obs	obs	obs	obs	obs	MAR	obs	obs	MAR	obs	obs	MAR	obs	obs	obs	obs	obs	MAR	obs	obs	obs
PG01643	MNAR	MNAR	MNAR	obs	MAR	obs	obs	obs	MAR	obs	obs	obs	obs	MAR	MAR	MAR	obs	MAR	MAR	obs	obs	obs	obs	obs
PG01645	obs	obs	obs	obs	obs	obs	obs	obs	MAR	obs	obs	obs	obs	obs	obs	obs	obs	obs	obs	obs	obs	obs	obs	obs
PG01646	obs	obs	MAR	MAR	obs	MAR	MAR	obs	MAR	MAR	MAR	obs	obs	obs	MAR	MNAR	MNAR	MNAR	obs	obs	obs	MAR	MAR	obs
PG01646b	obs	obs	MAR	obs	obs	obs	obs	obs	obs	MAR	obs	obs	obs	obs	obs	obs	MAR	MAR	obs	obs	MAR	obs	MAR	obs
PG01648	MAR	obs	MAR	obs	obs	obs	obs	MAR	obs	obs	obs	obs	obs	MAR	obs	MAR	obs	obs	MAR	obs	MAR	obs	obs	obs
PG01649	obs	obs	obs	obs	obs	obs	obs	obs	obs	obs	obs	obs	obs	obs	obs	obs	obs	obs	obs	obs	obs	obs	MAR	obs
PG01650	obs	MAR	MAR	MAR	obs	obs	MAR	obs	MAR	obs	obs	MAR	MAR	obs	MAR	obs	MAR	obs	MAR	obs	obs	obs	obs	obs
PG01651	obs	obs	obs	obs	obs	obs	obs	obs	obs	obs	MAR	obs	obs	obs	obs	obs	obs	MAR	obs	obs	obs	obs	obs	obs
PG01652	obs	obs	obs	obs	obs	obs	obs	obs	obs	obs	obs	obs	obs	obs	obs	obs	obs	obs	obs	obs	obs	obs	obs	obs
PG01653	obs	obs	obs	obs	obs	obs	obs	obs	obs	obs	obs	obs	obs	obs	obs	obs	obs	obs	obs	obs	MAR	obs	obs	MAR
PG01654	obs	obs	obs	obs	obs	obs	obs	obs	obs	MAR	obs	obs	obs	obs	MAR	obs	obs	obs	obs	obs	obs	obs	obs	obs
PG01655	obs	obs	obs	obs	obs	obs	obs	obs	obs	obs	obs	MAR	obs	obs	obs	obs	MAR	obs	obs	MAR	obs	obs	obs	obs
PG01656	MAR	MAR	obs	obs	MAR	obs	MAR	obs	obs	obs	obs	obs	obs	obs	obs	obs	MAR	obs	obs	MAR	obs	obs	MAR	MAR
PG01657	MAR	obs	MAR	obs	obs	obs	MAR	obs	obs	obs	obs	obs	MAR	MAR	obs	obs	obs	MAR	MAR	obs	MAR	MAR	obs	obs
PG01657b	obs	MAR	obs	MAR	obs	MAR	MAR	obs	MAR	MAR	MAR	obs	MAR	MAR	obs	obs	obs	obs	MAR	obs	obs	obs	obs	obs
PG01658	obs	MAR	obs	obs	obs	obs	obs	obs	obs	obs	obs	MAR	obs	obs	obs	obs	obs	obs	MAR	obs	obs	obs	MAR	obs
PG01660	obs	obs	MAR	obs	obs	obs	obs	obs	obs	obs	obs	obs	obs	obs	obs	obs	obs	obs	obs	obs	obs	obs	obs	obs
PG01661	obs	obs	obs	obs	obs	obs	obs	obs	obs	MAR	obs	obs	obs	obs	obs	obs	obs	obs	obs	obs	obs	obs	obs	obs
PG01662	obs	obs	obs	obs	obs	obs	MAR	obs	MAR	obs	obs	obs	MAR	obs	MAR	obs	obs	obs	MAR	obs	obs	obs	obs	obs
PG01663	obs	obs	obs	obs	obs	obs	obs	MAR	obs	obs	obs	MAR	obs	obs	obs	obs	obs	obs	obs	obs	obs	obs	obs	MAR
PG01664	obs	MAR	MAR	MNAR	MNAR	MNAR	obs	MAR	MAR	MAR	MAR	obs	MAR	obs	MAR	MNAR	MNAR	MNAR	MNAR	MNAR	MNAR	obs	obs	MAR
PG01665	obs	obs	obs	obs	MAR	obs	obs	obs	obs	obs	obs	obs	obs	obs	obs	obs	obs	obs	obs	obs	obs	obs	obs	obs
PG01666	obs	obs	obs	obs	MAR	MAR	obs	obs	obs	obs	obs	MAR	MAR	obs	obs	obs	obs	obs	obs	obs	obs	obs	obs	obs
PG01667	obs	obs	obs	obs	obs	obs	obs	MAR	obs	obs	obs	obs	obs	obs	obs	obs	obs	obs	obs	obs	obs	obs	obs	obs
PG01668	MAR	obs	MAR	MAR	obs	obs	obs	MAR	MAR	MNAR	MNAR	MNAR	obs	obs	obs	MAR	MAR	obs	obs	obs	obs	obs	obs	obs
PG01669	obs	obs	obs	obs	obs	obs	obs	obs	obs	obs	obs	obs	obs	obs	obs	obs	obs	obs	obs	obs	obs	obs	obs	obs
PG01670	obs	MAR	MAR	MAR	obs	obs	obs	obs	obs	obs	obs	MAR	MAR	MAR	obs	MAR	MAR	obs	obs	MAR	obs	MAR	MAR	obs
PG01672	obs	obs	obs	obs	obs	obs	MAR	obs	obs	obs	obs	obs	obs	obs	obs	obs	obs	MAR	obs	obs	obs	obs	obs	obs
PG01673	obs	obs	obs	obs	obs	obs	obs	obs	obs	obs	obs	obs	obs	obs	obs	obs	obs	obs	obs	obs	obs	obs	obs	obs
PG01675	MAR	obs	obs	obs	MAR	obs	MAR	obs	MAR	MAR	MAR	obs	obs	obs	obs	obs	MAR	obs	obs	obs	obs	obs	obs	obs
PG01676	obs	obs	obs	obs	obs	obs	obs	obs	obs	obs	obs	obs	obs	obs	obs	obs	MAR	obs	MAR	obs	MAR	obs	obs	MAR
PG01677	obs	obs	obs	obs	obs	obs	obs	obs	obs	obs	obs	obs	obs	obs	obs	obs	MAR	obs	obs	obs	obs	obs	obs	obs
PG01679	obs	obs	obs	obs	obs	obs	obs	obs	MAR	MAR	obs	obs	MAR	obs	obs	obs	obs	obs	obs	obs	obs	obs	obs	obs
PG01680	obs	obs	obs	MAR	obs	obs	obs	MAR	MAR	obs	obs	obs	obs	obs	obs	obs	obs	MAR	obs	obs	obs	obs	obs	MAR
PG01682	obs	obs	obs	obs	obs	obs	MAR	obs	obs	obs	obs	obs	obs	obs	obs	obs	obs	obs	MAR	obs	obs	obs	obs	obs
PG01683	obs	MAR	obs	obs	obs	obs	obs	obs	obs	obs	obs	obs	obs	obs	obs	obs	obs	obs	obs	obs	obs	obs	obs	obs
PG01684	obs	obs	MAR	obs	MAR	obs	obs	obs	obs	obs	obs	obs	obs	obs	obs	obs	obs	obs	obs	obs	obs	obs	obs	obs
PG01685	MNAR	MNAR	MNAR	MNAR	MNAR	MNAR	MAR	obs	MAR	MNAR	MNAR	MNAR	MNAR	MNAR	MNAR	MAR	MAR	obs	obs	obs	obs	obs	MAR	MAR
PG01686	obs	obs	obs	obs	obs	obs	obs	MAR	MAR	MAR	obs	MAR	MAR	obs	MAR	obs	obs	obs	MAR	obs	obs	obs	MAR	MAR
PG01687	obs	obs	MAR	obs	obs	obs	MAR	obs	MAR	obs	obs	obs	MAR	MAR	obs	obs	obs	obs	obs	obs	obs	obs	obs	MAR
PG01688	obs	MAR	obs	obs	obs	obs	obs	obs	MAR	MAR	obs	obs	obs	obs	obs	obs	MAR	obs	obs	obs	obs	obs	obs	MAR
PG01689	obs	obs	MAR	MAR	MAR	obs	obs	obs	MAR	MAR	obs	MAR	MAR	obs	obs	obs	MAR	MAR	MAR	obs	MAR	obs	obs	obs
PG01690	obs	obs	obs	obs	obs	obs	obs	MAR	MAR	obs	obs	MAR	obs	obs	MAR	MAR	obs	obs	obs	obs	obs	obs	obs	obs
PG01691	MAR	obs	obs	obs	obs	obs	obs	obs	obs	MAR	obs	obs	obs	obs	obs	obs	obs	MAR	obs	obs	MAR	obs	obs	obs
PG01693	obs	obs	obs	obs	obs	MAR	obs	obs	obs	obs	obs	MAR	obs	obs	obs	obs	obs	obs	MAR	obs	obs	obs	obs	obs
PG01694	obs	obs	obs	obs	obs	obs	obs	obs	obs	obs	obs	obs	obs	obs	obs	MAR	obs	obs	obs	obs	obs	obs	obs	obs
PG01696	obs	obs	MAR	MAR	obs	MAR	obs	obs	obs	obs	obs	obs	obs	obs	obs	obs	MAR	obs	obs	obs	obs	obs	obs	obs
PG01697	MAR	MAR	obs	MNAR	MNAR	MNAR	MNAR	MNAR	MNAR	MAR	obs	obs	MAR	MAR	obs	MAR	MAR	obs	MNAR	MNAR	MNAR	MNAR	MNAR	MNAR
PG01699	MAR	obs	obs	obs	obs	obs	obs	obs	MAR	obs	obs	obs	obs	obs	obs	obs	obs	obs	obs	obs	obs	obs	obs	obs
PG01700	MAR	MAR	obs	MAR	MAR	obs	obs	MAR	obs	MAR	obs	MAR	MAR	obs	obs	obs	MAR	obs	obs	MAR	MAR	MAR	obs	MAR
PG01701	obs	obs	obs	obs	obs	obs	obs	obs	obs	obs	obs	obs	obs	obs	MAR	obs	obs	obs	obs	obs	obs	obs	obs	obs
PG01702	obs	obs	MAR	MNAR	MNAR	MNAR	MAR	MAR	obs	obs	MAR	MAR	obs	obs	obs	MAR	obs	obs	MAR	obs	obs	obs	MAR	MAR
PG01705	obs	MAR	MAR	obs	obs	MAR	MAR	obs	MAR	obs	MAR	MAR	obs	obs	MAR	MAR	obs	MAR	obs	obs	obs	MAR	obs	obs
PG01705b	MAR	obs	obs	obs	obs	obs	MAR	MAR	obs	obs	obs	MAR	obs	obs	obs	obs	obs	obs	obs	obs	MAR	obs	obs	obs
PG01706	MAR	obs	obs	MAR	obs	obs	obs	obs	obs	obs	obs	obs	obs	obs	obs	obs	obs	obs	obs	obs	obs	obs	MAR	obs
PG01708	obs	obs	obs	MAR	obs	obs	MNAR	MNAR	MNAR	obs	MAR	obs	obs	obs	MAR	MAR	obs	MAR	MAR	MAR	obs	MAR	MAR	obs
PG01709	obs	obs	obs	obs	obs	obs	obs	obs	MAR	obs	obs	obs	obs	obs	obs	obs	obs	obs	obs	obs	obs	obs	obs	obs
PG01710	obs	obs	obs	obs	obs	obs	obs	obs	obs	obs	obs	obs	obs	obs	obs	obs	obs	obs	obs	obs	obs	obs	obs	obs
PG01711	obs	obs	MAR	obs	obs	MAR	MAR	obs	MAR	MAR	obs	MAR	MAR	MAR	obs	obs	obs	obs	obs	obs	MAR	obs	MAR	MAR
PG01712	obs	obs	obs	MAR	MAR	obs	obs	obs	obs	obs	obs	obs	obs	obs	obs	obs	obs	obs	obs	MAR	obs	obs	obs	obs
PG01713	obs	obs	obs	obs	MAR	obs	obs	obs	obs	obs	MAR	obs	MAR	obs	obs	obs	obs	obs	obs	obs	obs	obs	obs	obs
PG01714	MAR	obs	obs	MAR	MAR	obs	obs	obs	MAR	obs	obs	obs	obs	obs	obs	obs	obs	obs	obs	obs	obs	obs	obs	MAR
PG01715	obs	obs	obs	obs	MAR	MAR	MNAR	MNAR	MNAR	MAR	obs	obs	obs	obs	obs	MAR	obs	MAR	MAR	obs	MAR	MAR	MAR	obs
PG01716	obs	obs	obs	obs	obs	obs	MAR	obs	obs	obs	obs	obs	obs	obs	obs	obs	MAR	obs	obs	MAR	MAR	obs	obs	obs
PG01716b	obs	obs	MAR	obs	MAR	MAR	obs	MAR	MAR	obs	MAR	obs	obs	obs	obs	obs	MAR	MAR	obs	MAR	obs	obs	obs	obs
PG01717	obs	obs	obs	obs	obs	obs	obs	obs	obs	obs	obs	obs	obs	obs	obs	obs	obs	obs	obs	obs	obs	obs	obs	obs
PG01718	obs	obs	obs	obs	obs	obs	obs	obs	obs	obs	obs	obs	obs	obs	obs	obs	obs	obs	obs	obs	obs	obs	obs	obs
PG01721	obs	obs	MAR	obs	obs	obs	obs	obs	obs	obs	MAR	MAR	obs	obs	obs	obs	obs	obs	obs	obs	obs	obs	obs	obs
PG01723	obs	obs	obs	obs	obs	obs	obs	obs	obs	obs	obs	obs	obs	obs	MAR	obs	MAR	obs	obs	obs	obs	obs	obs	obs
PG01724	obs	MAR	MAR	MAR	obs	obs	MAR	obs	MAR	obs	MAR	MAR	obs	MAR	MAR	obs	MAR	MAR	MAR	obs	MAR	MNAR	MNAR	MNAR
PG01725	obs	MAR	obs	obs	MAR	obs	obs	obs	obs	obs	obs	obs	obs	obs	obs	obs	MAR	obs	obs	obs	obs	obs	MAR	MAR
PG01726	obs	obs	obs	obs	MAR	MAR	obs	obs	MAR	MAR	MAR	obs	obs	obs	obs	obs	MAR	MAR	obs	obs	obs	obs	obs	obs
PG01727	obs	obs	obs	obs	obs	obs	obs	obs	obs	obs	obs	MAR	obs	obs	obs	obs	obs	MAR	MAR	MAR	obs	obs	obs	MAR
PG01728	MNAR	MNAR	MNAR	MNAR	MNAR	MNAR	MAR	obs	MAR	obs	obs	MAR	MNAR	MNAR	MNAR	MNAR	MNAR	MNAR	MNAR	MNAR	MNAR	obs	MAR	MAR
PG01729	obs	obs	obs	obs	obs	obs	obs	obs	obs	obs	obs	obs	obs	obs	obs	obs	obs	obs	obs	obs	obs	obs	obs	obs
PG01730	MAR	MAR	obs	obs	obs	obs	obs	obs	MAR	obs	obs	obs	obs	obs	obs	obs	MAR	obs	obs	obs	MAR	MAR	obs	MAR
PG01732	obs	obs	obs	obs	obs	obs	obs	obs	obs	obs	obs	obs	obs	obs	obs	obs	obs	obs	obs	obs	obs	MAR	obs	obs
PG01733	obs	obs	obs	MAR	obs	obs	obs	obs	obs	obs	obs	obs	obs	obs	MAR	MAR	obs	obs	obs	obs	MAR	obs	obs	obs
PG01734	obs	MAR	obs	obs	MAR	MAR	obs	MAR	obs	MAR	obs	obs	MNAR	MNAR	MNAR	MAR	obs	obs	MAR	obs	MAR	obs	obs	obs
PG01735	obs	obs	obs	obs	obs	obs	obs	obs	obs	obs	obs	obs	obs	obs	obs	MAR	obs	obs	obs	obs	obs	obs	obs	obs
PG01737	MAR	obs	obs	obs	obs	obs	MAR	obs	obs	obs	obs	obs	obs	obs	obs	obs	obs	obs	obs	obs	obs	obs	obs	obs
PG01739	MAR	obs	obs	obs	obs	obs	obs	obs	MAR	obs	obs	obs	obs	obs	obs	obs	obs	obs	obs	obs	obs	obs	obs	obs
PG01740	obs	obs	obs	obs	obs	obs	obs	obs	obs	obs	obs	obs	obs	obs	obs	obs	obs	obs	obs	obs	obs	obs	obs	obs
PG01741	obs	MAR	obs	MAR	obs	obs	obs	MAR	obs	obs	obs	obs	obs	obs	obs	MAR	obs	MAR	obs	MAR	MAR	obs	obs	obs
PG01742	obs	obs	obs	obs	obs	obs	obs	obs	obs	obs	obs	obs	obs	obs	obs	obs	obs	obs	obs	obs	obs	obs	obs	obs
PG01743	obs	obs	obs	obs	obs	obs	obs	obs	MAR	obs	obs	obs	obs	obs	obs	obs	obs	obs	obs	obs	obs	obs	obs	obs
PG01744	MNAR	MNAR	MNAR	obs	obs	MAR	obs	obs	MAR	obs	MAR	MAR	MNAR	MNAR	MNAR	MAR	MAR	obs	obs	obs	MAR	MAR	MAR	obs
PG01745	obs	obs	obs	obs	obs	obs	obs	obs	obs	obs	obs	obs	obs	obs	obs	obs	obs	obs	obs	obs	obs	obs	obs	obs
PG01746	MAR	obs	obs	obs	obs	obs	obs	obs	obs	obs	obs	obs	obs	obs	obs	obs	obs	obs	MAR	obs	obs	obs	MAR	MAR
PG01747	obs	obs	obs	obs	obs	obs	MAR	MAR	obs	obs	obs	obs	obs	obs	MAR	obs	obs	obs	obs	obs	obs	obs	MAR	obs
PG01749	obs	obs	obs	obs	MAR	MAR	obs	obs	MAR	MAR	MAR	obs	MAR	obs	obs	obs	MAR	MAR	obs	obs	obs	MAR	obs	obs
PG01750	obs	MAR	obs	obs	obs	obs	obs	obs	obs	obs	obs	obs	obs	obs	obs	MAR	obs	obs	obs	obs	obs	obs	obs	obs
PG01751	obs	obs	obs	MAR	obs	obs	obs	MAR	MAR	MAR	obs	MAR	MNAR	MNAR	MNAR	MNAR	MNAR	MNAR	MAR	MAR	obs	MAR	obs	obs
PG01752	obs	obs	obs	obs	obs	obs	obs	obs	obs	obs	obs	obs	obs	obs	obs	MAR	obs	obs	obs	obs	obs	obs	MAR	MAR
PG01753	obs	obs	obs	MAR	obs	obs	MAR	obs	obs	obs	obs	obs	obs	obs	obs	obs	obs	obs	obs	obs	obs	obs	obs	obs
PG01754	obs	obs	obs	MAR	obs	obs	obs	obs	obs	MAR	obs	obs	obs	obs	obs	obs	obs	obs	obs	MAR	MAR	obs	obs	obs
PG01755	obs	obs	MAR	obs	obs	obs	obs	obs	obs	obs	MAR	obs	obs	obs	obs	obs	obs	obs	obs	obs	obs	obs	obs	MAR
PG01756	obs	obs	obs	obs	obs	obs	obs	obs	obs	obs	obs	obs	obs	obs	obs	obs	obs	obs	obs	obs	obs	obs	MAR	MAR
PG01757	obs	obs	obs	obs	obs	obs	obs	obs	obs	obs	obs	obs	obs	obs	obs	obs	obs	obs	obs	obs	obs	obs	obs	obs
PG01758	obs	MAR	obs	obs	obs	MAR	obs	obs	obs	obs	obs	obs	obs	obs	obs	obs	MAR	MAR	obs	obs	obs	obs	MAR	obs
PG01759	obs	MAR	obs	MAR	MAR	obs	MNAR	MNAR	MNAR	obs	MAR	obs	MNAR	MNAR	MNAR	MNAR	MNAR	MNAR	obs	MAR	MAR	MNAR	MNAR	MNAR
PG01760	obs	obs	obs	obs	obs	obs	obs	obs	obs	MAR	obs	obs	obs	obs	obs	obs	obs	obs	obs	obs	obs	obs	obs	obs
PG01761	obs	obs	obs	MNAR	MNAR	MNAR	obs	obs	obs	obs	obs	MAR	obs	obs	obs	obs	obs	MAR	MAR	obs	MAR	obs	obs	obs
PG01762	obs	obs	obs	obs	obs	obs	obs	obs	obs	obs	obs	obs	obs	MAR	obs	obs	obs	obs	obs	obs	MAR	obs	obs	MAR
PG01763	obs	obs	obs	obs	obs	MAR	obs	obs	obs	MAR	obs	obs	obs	obs	obs	obs	MAR	MAR	obs	obs	obs	obs	obs	obs
PG01764	obs	obs	obs	obs	obs	obs	obs	obs	obs	obs	obs	obs	obs	obs	obs	obs	obs	obs	obs	obs	obs	obs	obs	obs
PG01764b	obs	obs	obs	obs	obs	obs	obs	MAR	obs	obs	obs	obs	MAR	obs	obs	MAR	obs	obs	obs	obs	obs	obs	obs	obs
PG01765	obs	obs	obs	obs	obs	obs	obs	obs	obs	obs	obs	obs	obs	obs	obs	obs	obs	obs	obs	MAR	MAR	MAR	MAR	obs
PG01766	obs	MAR	MAR	obs	MAR	MAR	MNAR	MNAR	MNAR	MAR	obs	MAR	MAR	obs	MAR	MAR	obs	obs	obs	obs	MAR	obs	MAR	obs
PG01767	obs	obs	obs	MAR	obs	obs	obs	obs	obs	obs	obs	obs	obs	MAR	obs	obs	obs	obs	obs	obs	obs	obs	obs	obs
PG01768	obs	obs	obs	obs	obs	obs	obs	obs	obs	MAR	MAR	obs	obs	obs	obs	obs	obs	obs	obs	obs	obs	obs	obs	MAR
PG01770	MAR	obs	obs	obs	obs	obs	obs	obs	obs	obs	obs	obs	obs	obs	obs	obs	MAR	obs	obs	obs	obs	obs	obs	obs
PG01771	obs	obs	obs	MAR	obs	obs	obs	obs	obs	obs	obs	obs	obs	obs	obs	obs	obs	obs	obs	obs	obs	obs	obs	obs
PG01772	obs	obs	obs	obs	obs	obs	obs	obs	obs	obs	obs	obs	obs	obs	obs	MAR	obs	obs	MAR	obs	obs	obs	MAR	obs
PG01773	obs	obs	obs	MAR	obs	obs	obs	obs	obs	obs	obs	obs	obs	obs	obs	obs	obs	obs	obs	obs	obs	MAR	MAR	obs
PG01775	obs	MAR	obs	obs	MAR	obs	obs	obs	obs	obs	obs	MAR	MAR	obs	obs	obs	obs	obs	MAR	obs	obs	MAR	obs	obs
PG01777	obs	MAR	MAR	obs	MAR	MAR	obs	MAR	obs	MAR	obs	obs	obs	MAR	MAR	obs	obs	obs	obs	obs	MAR	MAR	obs	obs
PG01778	obs	obs	obs	obs	obs	obs	obs	obs	obs	obs	obs	MAR	obs	obs	obs	obs	obs	obs	obs	MAR	MAR	obs	obs	obs
PG01779	MAR	MAR	obs	MAR	MAR	obs	MAR	obs	obs	obs	obs	MAR	obs	obs	obs	MAR	obs	MAR	obs	MAR	MAR	obs	MAR	obs
PG01780	obs	obs	obs	obs	obs	obs	obs	obs	obs	obs	obs	obs	obs	obs	obs	obs	obs	obs	obs	obs	obs	obs	obs	obs
PG01781	MAR	obs	MAR	obs	MAR	obs	MNAR	MNAR	MNAR	obs	obs	obs	obs	MAR	MAR	obs	obs	MAR	MAR	obs	MAR	MAR	MAR	obs
PG01783	MNAR	MNAR	MNAR	obs	obs	MAR	obs	obs	MAR	obs	MAR	MAR	MAR	MAR	obs	MAR	MAR	obs	MAR	obs	MAR	MAR	obs	MAR
PG01784	obs	MAR	MAR	MNAR	MNAR	MNAR	MAR	obs	MAR	MNAR	MNAR	MNAR	MNAR	MNAR	MNAR	obs	MAR	MAR	obs	obs	MAR	MNAR	MNAR	MNAR
PG01785	MAR	obs	obs	obs	obs	obs	obs	obs	obs	obs	obs	obs	obs	obs	obs	obs	obs	obs	obs	MAR	obs	obs	obs	MAR
PG01786	obs	MAR	obs	obs	obs	MAR	obs	obs	obs	obs	obs	obs	obs	MAR	obs	obs	obs	obs	obs	obs	obs	obs	obs	obs
PG01787	obs	obs	obs	obs	obs	obs	obs	obs	obs	obs	obs	obs	obs	obs	obs	obs	obs	obs	MAR	obs	MAR	obs	obs	obs
PG01788	obs	MAR	obs	obs	obs	obs	obs	obs	obs	obs	obs	obs	obs	obs	obs	obs	obs	obs	obs	obs	obs	obs	obs	obs
PG01788b	obs	obs	obs	MAR	MAR	obs	obs	obs	obs	obs	obs	obs	MAR	obs	obs	MAR	obs	MAR	obs	obs	obs	obs	obs	obs
PG01789	obs	obs	obs	obs	MAR	MAR	obs	obs	obs	MAR	obs	obs	obs	obs	MAR	obs	obs	MAR	obs	obs	obs	obs	MAR	obs
PG01790	obs	obs	obs	MAR	obs	obs	obs	obs	MAR	obs	MAR	obs	MAR	obs	obs	obs	obs	obs	MNAR	MNAR	MNAR	obs	obs	MAR
PG01791	obs	obs	obs	obs	obs	obs	obs	obs	obs	obs	obs	MAR	obs	MAR	obs	obs	obs	obs	MAR	obs	obs	obs	obs	obs
PG01792	obs	MAR	obs	obs	obs	obs	obs	obs	obs	obs	obs	obs	obs	obs	obs	obs	obs	obs	obs	obs	obs	obs	obs	obs
PG01794	obs	obs	MAR	MNAR	MNAR	MNAR	obs	MAR	MAR	obs	MAR	MAR	MNAR	MNAR	MNAR	MNAR	MNAR	MNAR	MNAR	MNAR	MNAR	MNAR	MNAR	MNAR
PG01795	obs	obs	obs	MAR	obs	obs	obs	obs	obs	obs	obs	obs	obs	obs	obs	obs	obs	MAR	MAR	obs	obs	obs	obs	obs
PG01796	obs	obs	MAR	obs	obs	obs	obs	obs	MAR	obs	obs	obs	MAR	MAR	obs	obs	obs	obs	obs	obs	obs	MAR	MAR	obs
PG01796b	obs	MAR	obs	obs	obs	obs	obs	obs	obs	obs	obs	obs	obs	obs	obs	obs	obs	obs	obs	obs	obs	obs	obs	obs
PG01797	obs	obs	obs	obs	obs	obs	obs	obs	obs	obs	obs	obs	obs	MAR	obs	obs	obs	obs	obs	MAR	obs	obs	obs	obs
PG01798	obs	obs	obs	obs	obs	obs	obs	obs	obs	obs	obs	obs	MAR	obs	obs	obs	obs	MAR	obs	obs	obs	obs	obs	obs
PG01799	obs	obs	obs	obs	obs	obs	obs	obs	obs	obs	obs	obs	obs	obs	MAR	obs	obs	obs	obs	obs	obs	obs	obs	obs
PG01800	obs	obs	obs	obs	obs	obs	obs	obs	obs	MAR	MAR	obs	obs	obs	obs	obs	obs	obs	obs	obs	obs	obs	obs	obs
PG01801	obs	obs	obs	MAR	MAR	obs	obs	obs	obs	obs	obs	obs	obs	obs	obs	MAR	obs	obs	obs	obs	obs	obs	obs	obs
PG01804	obs	obs	obs	obs	obs	obs	MAR	MAR	obs	obs	obs	obs	obs	MAR	obs	obs	obs	obs	obs	obs	obs	obs	obs	obs
PG01805	obs	obs	obs	obs	obs	obs	MAR	obs	obs	obs	obs	obs	obs	obs	obs	obs	obs	obs	obs	obs	obs	obs	obs	obs
PG01806	obs	obs	obs	obs	obs	MAR	obs	obs	obs	obs	obs	obs	obs	MAR	obs	obs	MAR	obs	obs	obs	MAR	MAR	obs	obs
PG01807	obs	obs	obs	obs	MAR	obs	obs	obs	obs	obs	MAR	obs	obs	obs	obs	obs	obs	obs	obs	obs	obs	obs	obs	obs
PG01807b	MAR	MAR	obs	obs	MAR	obs	MNAR	MNAR	MNAR	obs	obs	obs	obs	obs	MAR	obs	obs	obs	obs	MAR	obs	obs	MAR	obs
PG01808	MAR	MAR	obs	obs	MAR	MAR	obs	obs	obs	MAR	MAR	obs	MAR	obs	MAR	MAR	obs	obs	MAR	obs	MAR	obs	MAR	obs
PG01809	MAR	obs	obs	obs	obs	obs	obs	obs	obs	obs	MAR	obs	obs	MAR	obs	MAR	MAR	obs	MAR	obs	MAR	obs	obs	MAR
PG01810	obs	obs	obs	obs	obs	obs	obs	obs	obs	obs	obs	obs	obs	obs	obs	obs	obs	obs	obs	obs	obs	obs	obs	obs
PG01812	obs	obs	obs	obs	obs	obs	obs	obs	obs	obs	obs	obs	obs	obs	obs	obs	obs	obs	obs	obs	obs	obs	obs	obs
PG01813	obs	MAR	MAR	MAR	obs	MAR	MAR	MAR	obs	obs	obs	obs	obs	obs	obs	MAR	MAR	obs	MAR	obs	obs	obs	obs	obs
PG01814	obs	obs	MAR	obs	obs	obs	obs	obs	obs	obs	MAR	obs	MAR	obs	obs	obs	obs	obs	MAR	obs	obs	obs	obs	MAR
PG01815	obs	obs	MAR	obs	obs	obs	MAR	obs	obs	obs	obs	obs	MAR	MAR	obs	obs	MAR	MAR	MAR	MAR	obs	MAR	obs	obs
PG01816	obs	obs	obs	obs	obs	obs	obs	obs	obs	obs	obs	obs	obs	obs	obs	obs	MAR	obs	obs	obs	obs	obs	obs	obs
PG01817	obs	obs	MAR	MAR	obs	MAR	obs	MAR	MAR	MAR	obs	MAR	MNAR	MNAR	MNAR	MNAR	MNAR	MNAR	MNAR	MNAR	MNAR	obs	obs	obs
PG01818	obs	MAR	MAR	MNAR	MNAR	MNAR	MNAR	MNAR	MNAR	MNAR	MNAR	MNAR	MAR	obs	obs	MNAR	MNAR	MNAR	MNAR	MNAR	MNAR	MNAR	MNAR	MNAR
PG01819	obs	obs	obs	MAR	MAR	obs	MNAR	MNAR	MNAR	obs	MAR	MAR	obs	obs	obs	MAR	obs	obs	obs	obs	obs	obs	MAR	MAR
PG01820	obs	obs	obs	MAR	obs	obs	obs	obs	obs	obs	obs	obs	obs	obs	obs	obs	obs	obs	obs	obs	obs	obs	obs	obs
PG01821	obs	obs	obs	obs	obs	obs	obs	obs	obs	obs	obs	obs	MAR	obs	obs	obs	obs	obs	obs	MAR	obs	obs	obs	obs
PG01822	obs	obs	MAR	obs	obs	obs	obs	obs	obs	obs	obs	obs	obs	obs	MAR	obs	obs	obs	obs	obs	obs	obs	obs	obs
PG01823	obs	obs	obs	obs	obs	obs	obs	MAR	obs	obs	obs	obs	obs	obs	obs	obs	obs	MAR	obs	obs	obs	obs	obs	obs
PG01824	obs	obs	obs	obs	obs	obs	obs	obs	obs	obs	obs	obs	obs	obs	obs	obs	obs	obs	obs	obs	obs	obs	obs	obs
PG01826	obs	obs	obs	obs	obs	obs	obs	MAR	obs	obs	obs	obs	obs	obs	obs	obs	obs	obs	obs	obs	obs	obs	obs	obs
PG01827	obs	obs	obs	obs	obs	obs	obs	obs	obs	obs	obs	obs	obs	obs	obs	obs	obs	obs	obs	obs	obs	obs	obs	obs
PG01828	obs	obs	obs	obs	obs	obs	obs	obs	obs	obs	obs	obs	obs	obs	obs	obs	obs	obs	obs	obs	obs	obs	MAR	obs
PG01829	MAR	MAR	obs	obs	obs	obs	obs	MAR	obs	MAR	obs	MAR	MAR	obs	obs	MNAR	MNAR	MNAR	obs	obs	obs	obs	MAR	obs
PG01830	obs	obs	obs	obs	obs	obs	obs	obs	obs	obs	obs	obs	obs	obs	obs	obs	obs	obs	obs	obs	obs	obs	obs	obs
PG01831	MAR	MAR	obs	obs	obs	MAR	obs	obs	MAR	obs	MAR	MAR	obs	obs	obs	obs	obs	MAR	obs	obs	obs	obs	obs	MAR
PGSHARED0001	obs	obs	obs	obs	obs	obs	obs	obs	obs	obs	obs	MAR	obs	obs	obs	obs	obs	obs	obs	obs	MAR	obs	obs	obs
PGSHARED0002	obs	obs	obs	obs	obs	MAR	MAR	obs	obs	obs	obs	obs	obs	obs	obs	MAR	obs	obs	obs	obs	obs	obs	obs	obs
PGSHARED0004	obs	obs	obs	obs	obs	obs	obs	obs	obs	obs	obs	obs	MAR	obs	obs	MAR	obs	obs	obs	obs	obs	obs	obs	obs
PGSHARED0005	obs	obs	obs	obs	obs	obs	obs	obs	obs	obs	obs	obs	obs	obs	obs	obs	obs	obs	obs	obs	obs	obs	obs	obs
PGSHARED0006	obs	obs	obs	obs	obs	obs	obs	obs	obs	obs	obs	obs	obs	obs	obs	MAR	obs	obs	obs	obs	obs	obs	obs	obs
PGSHARED0007	obs	obs	obs	obs	obs	obs	obs	obs	obs	obs	obs	obs	obs	obs	obs	obs	obs	obs	obs	obs	obs	obs	obs	obs
PGSHARED0008	obs	obs	obs	obs	obs	obs	obs	obs	obs	obs	obs	obs	obs	obs	obs	obs	obs	obs	obs	obs	obs	obs	obs	obs
PGSHARED0009	obs	obs	obs	obs	obs	obs	obs	obs	obs	obs	obs	obs	MNAR	MNAR	MNAR	obs	obs	obs	obs	MAR	obs	obs	obs	obs
PGSHARED0010	obs	obs	obs	obs	MAR	obs	obs	obs	obs	obs	obs	obs	obs	obs	obs	obs	obs	obs	obs	obs	obs	obs	obs	obs
PGSHARED0011	MAR	MAR	obs	obs	MAR	obs	obs	obs	obs	obs	obs	obs	obs	MAR	obs	obs	MAR	MAR	obs	obs	MAR	obs	obs	MAR
PGSHARED0012	obs	obs	obs	obs	obs	obs	obs	obs	obs	obs	obs	obs	MAR	obs	obs	obs	obs	obs	obs	obs	MAR	obs	obs	MAR
PGSHARED0013	obs	obs	obs	obs	obs	MAR	obs	obs	obs	obs	obs	obs	obs	obs	obs	obs	obs	obs	obs	obs	obs	obs	obs	obs
PGSHARED0014	obs	obs	obs	obs	obs	obs	obs	obs	obs	obs	obs	obs	obs	obs	obs	obs	obs	obs	obs	obs	obs	obs	MAR	obs
PGSHARED0015	obs	obs	obs	obs	obs	obs	obs	obs	obs	obs	obs	obs	obs	obs	obs	obs	obs	obs	obs	obs	obs	obs	obs	obs
PGSHARED0016	obs	obs	MAR	obs	obs	obs	MAR	obs	obs	obs	obs	obs	obs	obs	obs	obs	obs	MAR	obs	obs	obs	obs	obs	obs
PGSHARED0017	obs	obs	obs	obs	obs	MAR	MAR	obs	obs	obs	obs	obs	obs	MAR	obs	obs	obs	obs	obs	obs	obs	obs	obs	obs
PGSHARED0018	obs	obs	obs	obs	obs	obs	obs	obs	obs	obs	obs	obs	obs	obs	obs	obs	obs	obs	MAR	obs	obs	obs	obs	obs
PGSHARED0019	obs	obs	MAR	MAR	obs	obs	obs	obs	obs	obs	obs	obs	obs	obs	obs	obs	obs	obs	obs	obs	obs	obs	obs	obs
PGSHARED0020	obs	obs	MAR	obs	obs	obs	obs	obs	obs	obs	obs	obs	obs	obs	obs	obs	obs	obs	obs	obs	obs	obs	obs	obs
PGSHARED0021	obs	obs	obs	obs	obs	MAR	obs	obs	obs	obs	obs	obs	MAR	obs	obs	obs	obs	obs	obs	obs	obs	obs	obs	obs
PGSHARED0022	obs	obs	obs	obs	obs	obs	obs	obs	obs	obs	obs	obs	obs	obs	obs	obs	obs	obs	obs	obs	obs	obs	obs	obs
PGSHARED0023	obs	obs	obs	obs	obs	MAR	obs	obs	MAR	obs	obs	obs	obs	obs	obs	obs	obs	obs	obs	obs	obs	obs	obs	obs
PGSHARED0024	obs	obs	obs	obs	obs	obs	obs	obs	obs	obs	obs	obs	MAR	obs	obs	obs	obs	obs	MAR	obs	obs	MAR	obs	obs
PGSHARED0025	obs	MAR	MAR	obs	obs	obs	obs	obs	obs	obs	obs	obs	MAR	obs	obs	obs	MAR	MAR	obs	obs	obs	obs	obs	obs
PGSHARED0026	obs	obs	obs	obs	obs	obs	obs	obs	obs	obs	obs	obs	obs	obs	obs	obs	obs	obs	obs	obs	obs	MAR	MAR	obs
PGSHARED0029	obs	obs	obs	obs	obs	obs	obs	obs	obs	obs	obs	obs	obs	obs	obs	obs	obs	obs	obs	obs	obs	obs	obs	obs
PGSHARED0030	obs	obs	obs	obs	obs	obs	MAR	obs	obs	obs	obs	obs	obs	obs	obs	obs	obs	obs	obs	obs	obs	obs	obs	obs
PGSHARED0031	obs	obs	obs	obs	obs	obs	obs	obs	obs	obs	obs	obs	obs	obs	obs	obs	obs	obs	obs	obs	obs	obs	obs	obs
PGSHARED0032	obs	obs	MAR	obs	obs	obs	obs	obs	obs	obs	obs	obs	obs	obs	obs	obs	obs	obs	obs	obs	obs	obs	obs	obs
PGSHARED0033	obs	obs	obs	obs	obs	obs	obs	obs	obs	obs	obs	obs	obs	obs	obs	obs	obs	obs	obs	obs	MAR	obs	obs	obs
PGSHARED0034	obs	MAR	obs	obs	obs	obs	obs	obs	obs	obs	obs	obs	obs	obs	obs	obs	obs	obs	obs	obs	obs	MAR	obs	obs
PGSHARED0036	obs	obs	obs	obs	obs	obs	MAR	obs	obs	obs	obs	obs	obs	obs	obs	obs	obs	obs	obs	obs	obs	obs	obs	obs
PGSHARED0037	obs	obs	obs	obs	obs	obs	obs	obs	obs	obs	obs	obs	obs	obs	obs	obs	obs	obs	obs	obs	obs	obs	MAR	obs
PGSHARED0038	obs	obs	obs	obs	obs	obs	obs	MAR	obs	obs	obs	obs	obs	obs	obs	obs	obs	obs	obs	obs	obs	obs	obs	obs
PGSHARED0039	obs	obs	obs	obs	obs	obs	obs	obs	obs	obs	obs	obs	obs	obs	obs	obs	obs	obs	obs	obs	obs	obs	obs	obs
PGSHARED0040	obs	obs	obs	obs	obs	obs	obs	obs	obs	obs	obs	obs	obs	obs	obs	obs	obs	obs	obs	obs	obs	obs	obs	obs
PGSHARED0041	obs	obs	obs	obs	obs	obs	obs	obs	obs	obs	obs	obs	obs	obs	obs	obs	obs	obs	obs	MAR	obs	obs	obs	obs
PGSHARED0042	obs	obs	obs	obs	obs	obs	obs	obs	obs	obs	obs	obs	obs	obs	MAR	obs	obs	MAR	obs	obs	obs	obs	obs	obs
PGSHARED0043	obs	MAR	obs	obs	obs	obs	obs	obs	obs	obs	MAR	obs	obs	obs	obs	obs	obs	obs	MAR	obs	obs	MAR	obs	obs
PGSHARED0044	obs	obs	obs	obs	obs	obs	obs	obs	obs	obs	obs	obs	obs	obs	obs	obs	MAR	obs	obs	obs	MAR	obs	obs	obs
PGSHARED0045	obs	obs	obs	obs	obs	obs	obs	obs	obs	obs	obs	obs	MAR	obs	obs	obs	obs	obs	obs	obs	MAR	obs	obs	obs
PGSHARED0046	obs	obs	obs	obs	obs	obs	MAR	MAR	obs	obs	obs	obs	MAR	obs	obs	obs	MAR	obs	obs	obs	obs	obs	obs	MAR
PGSHARED0047	obs	obs	obs	MAR	MAR	obs	obs	obs	obs	obs	obs	obs	obs	obs	obs	obs	obs	obs	obs	obs	obs	obs	obs	obs
PGSHARED0048	obs	obs	obs	obs	obs	obs	obs	obs	obs	obs	obs	obs	obs	obs	obs	obs	obs	obs	obs	obs	obs	obs	obs	obs
PGSHARED0049	obs	MAR	obs	obs	MAR	obs	MAR	MAR	obs	obs	MAR	obs	obs	obs	obs	obs	obs	MAR	obs	obs	obs	obs	MAR	obs
PGSHARED0050	obs	obs	obs	obs	obs	obs	obs	MAR	obs	MAR	MAR	obs	obs	obs	obs	obs	obs	obs	obs	obs	obs	obs	obs	obs
PGSHARED0051	obs	obs	MAR	obs	obs	obs	obs	obs	obs	obs	MAR	obs	obs	obs	obs	obs	obs	obs	obs	obs	obs	obs	MAR	obs
PGSHARED0052	MAR	MAR	obs	MAR	obs	MAR	obs	obs	MAR	MAR	MAR	obs	obs	MAR	MAR	MAR	MAR	obs	MAR	obs	obs	MAR	obs	obs
PGSHARED0053	obs	obs	obs	obs	obs	obs	obs	MAR	obs	obs	MAR	obs	obs	obs	obs	obs	obs	obs	obs	obs	obs	obs	obs	obs
PGSHARED0054	obs	obs	obs	obs	obs	obs	obs	obs	obs	obs	obs	obs	obs	obs	obs	MAR	obs	obs	obs	obs	MAR	obs	obs	obs
PGSHARED0055	obs	obs	obs	obs	obs	obs	obs	MAR	obs	obs	obs	obs	obs	obs	MAR	obs	obs	obs	obs	obs	obs	obs	obs	obs
PGSHARED0056	obs	MAR	obs	obs	MAR	MAR	MAR	obs	obs	obs	MAR	MAR	MAR	obs	MAR	MNAR	MNAR	MNAR	obs	MAR	MAR	MAR	obs	obs
PGSHARED0058	obs	obs	obs	obs	obs	obs	obs	obs	obs	obs	obs	obs	obs	obs	obs	obs	obs	obs	obs	obs	obs	obs	obs	obs
PGSHARED0059	obs	obs	obs	obs	MAR	obs	obs	obs	obs	obs	obs	MAR	obs	obs	obs	obs	obs	obs	obs	obs	obs	obs	obs	obs
PGSHARED0060	obs	obs	MAR	obs	obs	obs	obs	MAR	MAR	obs	obs	obs	obs	obs	obs	MAR	MAR	obs	obs	obs	obs	obs	obs	obs
PGSHARED0061	obs	obs	obs	obs	obs	obs	obs	obs	obs	obs	obs	obs	obs	obs	obs	obs	obs	obs	obs	obs	obs	obs	obs	obs
PGSHARED0062	MAR	MAR	obs	obs	obs	MAR	MNAR	MNAR	MNAR	MAR	obs	obs	MAR	obs	obs	obs	obs	MAR	obs	obs	MAR	obs	MAR	MAR
PGSHARED0063	obs	obs	obs	obs	obs	obs	MAR	obs	obs	obs	obs	obs	obs	obs	obs	obs	obs	obs	obs	obs	obs	obs	obs	obs
PGSHARED0064	obs	obs	obs	MAR	obs	obs	obs	obs	obs	obs	obs	obs	MAR	obs	obs	obs	MAR	obs	obs	obs	obs	obs	obs	obs
PGSHARED0065	obs	obs	obs	obs	obs	obs	obs	obs	obs	obs	obs	MAR	obs	obs	MAR	obs	obs	obs	MAR	obs	obs	obs	obs	obs
PGSHARED0066	MAR	obs	obs	obs	obs	obs	obs	obs	obs	obs	obs	obs	obs	obs	obs	obs	obs	obs	obs	obs	obs	obs	obs	obs
PGSHARED0067	obs	obs	obs	obs	obs	obs	obs	obs	obs	obs	obs	obs	obs	obs	obs	obs	obs	obs	obs	obs	obs	obs	obs	obs
PGSHARED0068	obs	MAR	obs	obs	MAR	obs	obs	obs	obs	obs	obs	obs	obs	obs	obs	obs	obs	MAR	obs	obs	obs	obs	obs	obs
PGSHARED0069	obs	MAR	obs	obs	obs	obs	obs	obs	obs	obs	obs	obs	obs	obs	obs	obs	obs	obs	obs	obs	obs	obs	obs	obs
PGSHARED0070	obs	obs	obs	obs	obs	obs	MAR	MAR	obs	obs	obs	obs	obs	obs	obs	obs	obs	obs	obs	obs	obs	obs	obs	obs
PGSHARED0071	obs	obs	obs	obs	obs	obs	obs	obs	obs	obs	obs	obs	obs	obs	obs	obs	obs	obs	MAR	obs	obs	obs	MAR	obs
PGSHARED0072	MAR	obs	MAR	obs	obs	obs	obs	obs	obs	obs	obs	obs	obs	MAR	obs	obs	obs	obs	obs	MAR	MAR	obs	obs	MAR
PGSHARED0073	obs	obs	obs	obs	obs	obs	obs	obs	obs	obs	obs	obs	obs	obs	obs	obs	obs	obs	obs	obs	obs	obs	obs	obs
