"uid","feature","block","cluster","comp","sign"
"rna__TraesNOR2B03G01065540","TraesNOR2B03G01065540","rna","C2+",2,"positive"
"rna__TraesNOR2D03G01297730","TraesNOR2D03G01297730","rna","C2+",2,"positive"
"rna__TraesNOR7D03G04390680","TraesNOR7D03G04390680","rna","C2+",2,"positive"
"rna__TraesNORUn03G04571730","TraesNORUn03G04571730","rna","C2+",2,"positive"
"rna__TraesNOR4D03G02563300","TraesNOR4D03G02563300","rna","C1+",1,"positive"
"rna__TraesNOR7B03G04214550","TraesNOR7B03G04214550","rna","C2+",2,"positive"
"rna__TraesNOR2D03G01291910","TraesNOR2D03G01291910","rna","C1+",1,"positive"
"rna__TraesNOR3B03G01810810","TraesNOR3B03G01810810","rna","C2+",2,"positive"
"rna__TraesNOR7D03G04451350","TraesNOR7D03G04451350","rna","C2+",2,"positive"
"rna__TraesNOR2D03G01316150","TraesNOR2D03G01316150","rna","C2+",2,"positive"
"rna__TraesNOR3D03G02024780","TraesNOR3D03G02024780","rna","C2+",2,"positive"
"rna__TraesNOR4B03G02251620","TraesNOR4B03G02251620","rna","C1+",1,"positive"
"rna__TraesNOR1A03G00098990","TraesNOR1A03G00098990","rna","C2+",2,"positive"
"rna__TraesNOR3D03G02008900","TraesNOR3D03G02008900","rna","C2+",2,"positive"
"rna__TraesNOR6B03G03469750","TraesNOR6B03G03469750","rna","C1+",1,"positive"
"rna__TraesNOR2A03G00594550","TraesNOR2A03G00594550","rna","C2+",2,"positive"
"rna__TraesNOR6D03G03685650","TraesNOR6D03G03685650","rna","C2+",2,"positive"
"rna__TraesNOR1D03G00501630","TraesNOR1D03G00501630","rna","C2+",2,"positive"
"rna__TraesNOR2A03G00594610","TraesNOR2A03G00594610","rna","C2+",2,"positive"
"rna__TraesNOR2D03G01108180","TraesNOR2D03G01108180","rna","C2+",2,"positive"
"rna__TraesNOR2A03G00594530","TraesNOR2A03G00594530","rna","C2+",2,"positive"
"rna__TraesNOR3A03G01356380","TraesNOR3A03G01356380","rna","C2+",2,"positive"
"rna__TraesNOR2D03G01236240","TraesNOR2D03G01236240","rna","C2+",2,"positive"
"rna__TraesNOR3B03G01628280","TraesNOR3B03G01628280","rna","C2+",2,"positive"
"rna__TraesNOR2D03G01117370","TraesNOR2D03G01117370","rna","C1-",1,"negative"
"rna__TraesNOR2A03G00620670","TraesNOR2A03G00620670","rna","C2+",2,"positive"
"rna__TraesNOR1D03G00522660","TraesNOR1D03G00522660","rna","C2+",2,"positive"
"rna__TraesNOR2A03G00821930","TraesNOR2A03G00821930","rna","C2+",2,"positive"
"rna__TraesNOR3A03G01527950","TraesNOR3A03G01527950","rna","C2+",2,"positive"
"rna__TraesNOR5D03G03241070","TraesNOR5D03G03241070","rna","C2+",2,"positive"
"rna__TraesNOR5D03G03240950","TraesNOR5D03G03240950","rna","C2+",2,"positive"
"rna__TraesNOR6D03G03776730","TraesNOR6D03G03776730","rna","C2+",2,"positive"
"rna__TraesNOR3D03G01936640","TraesNOR3D03G01936640","rna","C2+",2,"positive"
"rna__TraesNOR5D03G03071820","TraesNOR5D03G03071820","rna","C2-",2,"negative"
"rna__TraesNOR4D03G02432790","TraesNOR4D03G02432790","rna","C2-",2,"negative"
"rna__TraesNOR2D03G01279150","TraesNOR2D03G01279150","rna","C2+",2,"positive"
"rna__TraesNOR3A03G01344960","TraesNOR3A03G01344960","rna","C2+",2,"positive"
"rna__TraesNOR6B03G03630990","TraesNOR6B03G03630990","rna","C2+",2,"positive"
"rna__TraesNOR6A03G03444530","TraesNOR6A03G03444530","rna","C2+",2,"positive"
"rna__TraesNOR2A03G00775050","TraesNOR2A03G00775050","rna","C2-",2,"negative"
"rna__TraesNOR7D03G04466700","TraesNOR7D03G04466700","rna","C2+",2,"positive"
"rna__TraesNOR3D03G02022770","TraesNOR3D03G02022770","rna","C2+",2,"positive"
"rna__TraesNOR7B03G04151230","TraesNOR7B03G04151230","rna","C2+",2,"positive"
"rna__TraesNOR1B03G00399870","TraesNOR1B03G00399870","rna","C2+",2,"positive"
"rna__TraesNOR3A03G01540710","TraesNOR3A03G01540710","rna","C2+",2,"positive"
"rna__TraesNOR2B03G01091350","TraesNOR2B03G01091350","rna","C2+",2,"positive"
"rna__TraesNOR6A03G03416340","TraesNOR6A03G03416340","rna","C2+",2,"positive"
"rna__TraesNOR6B03G03607860","TraesNOR6B03G03607860","rna","C1+",1,"positive"
"rna__TraesNOR4D03G02579840","TraesNOR4D03G02579840","rna","C2-",2,"negative"
"rna__TraesNOR3D03G01932690","TraesNOR3D03G01932690","rna","C2+",2,"positive"
"rna__TraesNOR1B03G00319580","TraesNOR1B03G00319580","rna","C1+",1,"positive"
"rna__TraesNOR7D03G04447470","TraesNOR7D03G04447470","rna","C1-",1,"negative"
"rna__TraesNOR7D03G04390710","TraesNOR7D03G04390710","rna","C2+",2,"positive"
"rna__TraesNOR2B03G00876790","TraesNOR2B03G00876790","rna","C2+",2,"positive"
"rna__TraesNOR6D03G03809720","TraesNOR6D03G03809720","rna","C2+",2,"positive"
"rna__TraesNOR5D03G03240710","TraesNOR5D03G03240710","rna","C2+",2,"positive"
"rna__TraesNOR4A03G02169150","TraesNOR4A03G02169150","rna","C1-",1,"negative"
"rna__TraesNOR2A03G00743380","TraesNOR2A03G00743380","rna","C2+",2,"positive"
"rna__TraesNOR2D03G01265370","TraesNOR2D03G01265370","rna","C2+",2,"positive"
"rna__TraesNOR2D03G01131260","TraesNOR2D03G01131260","rna","C2+",2,"positive"
"rna__TraesNOR6A03G03434050","TraesNOR6A03G03434050","rna","C2-",2,"negative"
"rna__TraesNOR5A03G02758400","TraesNOR5A03G02758400","rna","C1-",1,"negative"
"rna__TraesNOR6B03G03471700","TraesNOR6B03G03471700","rna","C2+",2,"positive"
"rna__TraesNOR6A03G03378130","TraesNOR6A03G03378130","rna","C2+",2,"positive"
"rna__TraesNOR1A03G00175470","TraesNOR1A03G00175470","rna","C1+",1,"positive"
"rna__TraesNOR3D03G01998390","TraesNOR3D03G01998390","rna","C2+",2,"positive"
"rna__TraesNOR3A03G01336940","TraesNOR3A03G01336940","rna","C2+",2,"positive"
"rna__TraesNOR7D03G04481450","TraesNOR7D03G04481450","rna","C2+",2,"positive"
"rna__TraesNOR1A03G00122170","TraesNOR1A03G00122170","rna","C2+",2,"positive"
"rna__TraesNOR2D03G01249600","TraesNOR2D03G01249600","rna","C2+",2,"positive"
"rna__TraesNOR3B03G01788810","TraesNOR3B03G01788810","rna","C2+",2,"positive"
"rna__TraesNOR3B03G01692010","TraesNOR3B03G01692010","rna","C2+",2,"positive"
"rna__TraesNORUn03G04621940","TraesNORUn03G04621940","rna","C1-",1,"negative"
"rna__TraesNOR5D03G03058910","TraesNOR5D03G03058910","rna","C2-",2,"negative"
"rna__TraesNOR3D03G02014190","TraesNOR3D03G02014190","rna","C2+",2,"positive"
"rna__TraesNOR1D03G00452860","TraesNOR1D03G00452860","rna","C1-",1,"negative"
"rna__TraesNOR5B03G03039930","TraesNOR5B03G03039930","rna","C2+",2,"positive"
"rna__TraesNOR4A03G02168880","TraesNOR4A03G02168880","rna","C2+",2,"positive"
"rna__TraesNOR5D03G03065710","TraesNOR5D03G03065710","rna","C2+",2,"positive"
"rna__TraesNOR5B03G02968780","TraesNOR5B03G02968780","rna","C2+",2,"positive"
"rna__TraesNOR6D03G03793580","TraesNOR6D03G03793580","rna","C1+",1,"positive"
"rna__TraesNOR5B03G02967380","TraesNOR5B03G02967380","rna","C2+",2,"positive"
"rna__TraesNOR2D03G01225590","TraesNOR2D03G01225590","rna","C1+",1,"positive"
"rna__TraesNOR5B03G02815790","TraesNOR5B03G02815790","rna","C1+",1,"positive"
"rna__TraesNOR5D03G03212510","TraesNOR5D03G03212510","rna","C2+",2,"positive"
"rna__TraesNOR3D03G02009000","TraesNOR3D03G02009000","rna","C2+",2,"positive"
"rna__TraesNOR5A03G02584550","TraesNOR5A03G02584550","rna","C1-",1,"negative"
"rna__TraesNOR3D03G01972690","TraesNOR3D03G01972690","rna","C2-",2,"negative"
"rna__TraesNOR6A03G03390360","TraesNOR6A03G03390360","rna","C2+",2,"positive"
"rna__TraesNORUn03G04765820","TraesNORUn03G04765820","rna","C1+",1,"positive"
"rna__TraesNOR5D03G03151960","TraesNOR5D03G03151960","rna","C2+",2,"positive"
"rna__TraesNOR4B03G02392900","TraesNOR4B03G02392900","rna","C1+",1,"positive"
"rna__TraesNOR5B03G02908120","TraesNOR5B03G02908120","rna","C2+",2,"positive"
"rna__TraesNOR4D03G02439560","TraesNOR4D03G02439560","rna","C2+",2,"positive"
"rna__TraesNOR5D03G03149120","TraesNOR5D03G03149120","rna","C2+",2,"positive"
"rna__TraesNOR3A03G01527450","TraesNOR3A03G01527450","rna","C2+",2,"positive"
"rna__TraesNOR3D03G01946650","TraesNOR3D03G01946650","rna","C1-",1,"negative"
"rna__TraesNOR5D03G03136800","TraesNOR5D03G03136800","rna","C1-",1,"negative"
"rna__TraesNOR5B03G03024270","TraesNOR5B03G03024270","rna","C2+",2,"positive"
"rna__TraesNOR2D03G01131120","TraesNOR2D03G01131120","rna","C2+",2,"positive"
"rna__TraesNOR2A03G00633710","TraesNOR2A03G00633710","rna","C2+",2,"positive"
"rna__TraesNOR6B03G03663000","TraesNOR6B03G03663000","rna","C1-",1,"negative"
"rna__TraesNOR6A03G03331890","TraesNOR6A03G03331890","rna","C1-",1,"negative"
"rna__TraesNOR4D03G02439540","TraesNOR4D03G02439540","rna","C2+",2,"positive"
"rna__TraesNOR6B03G03507860","TraesNOR6B03G03507860","rna","C2+",2,"positive"
"rna__TraesNOR2D03G01101050","TraesNOR2D03G01101050","rna","C2+",2,"positive"
"rna__TraesNOR3B03G01577720","TraesNOR3B03G01577720","rna","C2-",2,"negative"
"rna__TraesNOR1D03G00501610","TraesNOR1D03G00501610","rna","C2+",2,"positive"
"rna__TraesNOR4D03G02435310","TraesNOR4D03G02435310","rna","C2+",2,"positive"
"rna__TraesNOR2D03G01170600","TraesNOR2D03G01170600","rna","C2+",2,"positive"
"rna__TraesNORUn03G04707820","TraesNORUn03G04707820","rna","C2+",2,"positive"
"rna__TraesNOR1D03G00579920","TraesNOR1D03G00579920","rna","C1+",1,"positive"
"rna__TraesNOR2D03G01131270","TraesNOR2D03G01131270","rna","C2+",2,"positive"
"rna__TraesNOR5A03G02689130","TraesNOR5A03G02689130","rna","C1-",1,"negative"
"rna__TraesNOR2B03G01069020","TraesNOR2B03G01069020","rna","C2+",2,"positive"
"rna__TraesNOR3A03G01491110","TraesNOR3A03G01491110","rna","C1-",1,"negative"
"rna__TraesNOR4B03G02245360","TraesNOR4B03G02245360","rna","C1-",1,"negative"
"rna__TraesNOR3D03G01850380","TraesNOR3D03G01850380","rna","C2+",2,"positive"
"rna__TraesNOR5D03G03060810","TraesNOR5D03G03060810","rna","C2+",2,"positive"
"rna__TraesNOR7A03G03950450","TraesNOR7A03G03950450","rna","C2+",2,"positive"
"rna__TraesNOR5D03G03263250","TraesNOR5D03G03263250","rna","C1+",1,"positive"
"rna__TraesNOR2B03G00844000","TraesNOR2B03G00844000","rna","C1+",1,"positive"
"rna__TraesNOR6B03G03620560","TraesNOR6B03G03620560","rna","C1-",1,"negative"
"rna__TraesNOR2B03G01037350","TraesNOR2B03G01037350","rna","C2+",2,"positive"
"rna__TraesNOR3A03G01333020","TraesNOR3A03G01333020","rna","C1-",1,"negative"
"rna__TraesNOR5B03G02918060","TraesNOR5B03G02918060","rna","C1-",1,"negative"
"rna__TraesNOR6D03G03696010","TraesNOR6D03G03696010","rna","C2+",2,"positive"
"rna__TraesNOR7B03G04306210","TraesNOR7B03G04306210","rna","C2+",2,"positive"
"rna__TraesNOR3A03G01488490","TraesNOR3A03G01488490","rna","C1-",1,"negative"
"rna__TraesNOR2A03G00822570","TraesNOR2A03G00822570","rna","C1+",1,"positive"
"rna__TraesNOR1D03G00528020","TraesNOR1D03G00528020","rna","C2+",2,"positive"
"rna__TraesNOR5B03G03010500","TraesNOR5B03G03010500","rna","C2+",2,"positive"
"rna__TraesNOR3D03G02004900","TraesNOR3D03G02004900","rna","C1+",1,"positive"
"rna__TraesNOR2A03G00588000","TraesNOR2A03G00588000","rna","C2+",2,"positive"
"rna__TraesNOR2B03G01044680","TraesNOR2B03G01044680","rna","C1-",1,"negative"
"rna__TraesNOR7D03G04539230","TraesNOR7D03G04539230","rna","C2+",2,"positive"
"rna__TraesNOR7D03G04380190","TraesNOR7D03G04380190","rna","C1-",1,"negative"
"rna__TraesNOR4A03G02045540","TraesNOR4A03G02045540","rna","C2+",2,"positive"
"rna__TraesNOR3A03G01535860","TraesNOR3A03G01535860","rna","C1-",1,"negative"
"rna__TraesNOR3B03G01610360","TraesNOR3B03G01610360","rna","C2+",2,"positive"
"rna__TraesNOR2B03G00859450","TraesNOR2B03G00859450","rna","C1-",1,"negative"
"rna__TraesNOR4B03G02430340","TraesNOR4B03G02430340","rna","C2-",2,"negative"
"rna__TraesNOR2B03G00855370","TraesNOR2B03G00855370","rna","C1-",1,"negative"
"rna__TraesNOR6A03G03298980","TraesNOR6A03G03298980","rna","C2-",2,"negative"
"rna__TraesNOR2A03G00640960","TraesNOR2A03G00640960","rna","C2+",2,"positive"
"rna__TraesNOR3D03G02017890","TraesNOR3D03G02017890","rna","C2+",2,"positive"
"rna__TraesNOR7D03G04339020","TraesNOR7D03G04339020","rna","C2+",2,"positive"
"rna__TraesNOR7A03G03997230","TraesNOR7A03G03997230","rna","C1-",1,"negative"
"rna__TraesNOR4D03G02440310","TraesNOR4D03G02440310","rna","C1+",1,"positive"
"rna__TraesNOR4D03G02560720","TraesNOR4D03G02560720","rna","C1+",1,"positive"
"rna__TraesNOR6B03G03471840","TraesNOR6B03G03471840","rna","C2+",2,"positive"
"rna__TraesNOR6B03G03463660","TraesNOR6B03G03463660","rna","C1-",1,"negative"
"rna__TraesNOR6D03G03705590","TraesNOR6D03G03705590","rna","C2+",2,"positive"
"rna__TraesNOR7B03G04213650","TraesNOR7B03G04213650","rna","C2-",2,"negative"
"rna__TraesNOR6D03G03818150","TraesNOR6D03G03818150","rna","C2+",2,"positive"
"rna__TraesNOR7D03G04322150","TraesNOR7D03G04322150","rna","C2-",2,"negative"
"rna__TraesNOR6D03G03738820","TraesNOR6D03G03738820","rna","C1-",1,"negative"
"rna__TraesNOR4A03G02217300","TraesNOR4A03G02217300","rna","C2-",2,"negative"
"rna__TraesNOR3D03G01932610","TraesNOR3D03G01932610","rna","C2+",2,"positive"
"rna__TraesNOR4B03G02382300","TraesNOR4B03G02382300","rna","C2+",2,"positive"
"rna__TraesNOR5D03G03128080","TraesNOR5D03G03128080","rna","C1+",1,"positive"
"rna__TraesNOR3B03G01625630","TraesNOR3B03G01625630","rna","C2+",2,"positive"
"rna__TraesNOR5D03G03090720","TraesNOR5D03G03090720","rna","C1-",1,"negative"
"rna__TraesNOR1A03G00123000","TraesNOR1A03G00123000","rna","C1-",1,"negative"
"rna__TraesNOR3D03G02007900","TraesNOR3D03G02007900","rna","C2+",2,"positive"
"rna__TraesNOR5A03G02783150","TraesNOR5A03G02783150","rna","C1-",1,"negative"
"rna__TraesNOR5B03G03025500","TraesNOR5B03G03025500","rna","C1-",1,"negative"
"rna__TraesNOR1D03G00523410","TraesNOR1D03G00523410","rna","C1-",1,"negative"
"rna__TraesNORUn03G04717740","TraesNORUn03G04717740","rna","C1-",1,"negative"
"rna__TraesNOR4A03G02138480","TraesNOR4A03G02138480","rna","C1-",1,"negative"
"rna__TraesNOR4D03G02539220","TraesNOR4D03G02539220","rna","C1+",1,"positive"
"rna__TraesNOR4B03G02398630","TraesNOR4B03G02398630","rna","C2+",2,"positive"
"rna__TraesNOR4B03G02379100","TraesNOR4B03G02379100","rna","C2+",2,"positive"
"rna__TraesNOR2D03G01295100","TraesNOR2D03G01295100","rna","C2+",2,"positive"
"rna__TraesNOR2D03G01106210","TraesNOR2D03G01106210","rna","C1+",1,"positive"
"rna__TraesNOR5D03G03241150","TraesNOR5D03G03241150","rna","C2+",2,"positive"
"rna__TraesNOR4D03G02557130","TraesNOR4D03G02557130","rna","C1-",1,"negative"
"rna__TraesNOR3D03G01876170","TraesNOR3D03G01876170","rna","C2+",2,"positive"
"rna__TraesNOR1B03G00379730","TraesNOR1B03G00379730","rna","C1-",1,"negative"
"rna__TraesNOR1D03G00577600","TraesNOR1D03G00577600","rna","C2+",2,"positive"
"rna__TraesNOR5D03G03192750","TraesNOR5D03G03192750","rna","C1-",1,"negative"
"rna__TraesNOR5A03G02788700","TraesNOR5A03G02788700","rna","C1+",1,"positive"
"rna__TraesNOR5B03G02948430","TraesNOR5B03G02948430","rna","C1-",1,"negative"
"rna__TraesNOR3B03G01565530","TraesNOR3B03G01565530","rna","C2+",2,"positive"
"rna__TraesNOR4D03G02575650","TraesNOR4D03G02575650","rna","C1-",1,"negative"
"rna__TraesNOR7A03G03913820","TraesNOR7A03G03913820","rna","C1-",1,"negative"
"rna__TraesNOR6D03G03831800","TraesNOR6D03G03831800","rna","C2-",2,"negative"
"rna__TraesNOR2D03G01300970","TraesNOR2D03G01300970","rna","C2+",2,"positive"
"rna__TraesNOR7D03G04364190","TraesNOR7D03G04364190","rna","C1+",1,"positive"
"rna__TraesNOR5D03G03164790","TraesNOR5D03G03164790","rna","C1-",1,"negative"
"rna__TraesNOR7B03G04291320","TraesNOR7B03G04291320","rna","C2+",2,"positive"
"rna__TraesNOR7D03G04340660","TraesNOR7D03G04340660","rna","C1-",1,"negative"
"rna__TraesNOR4A03G02041460","TraesNOR4A03G02041460","rna","C2+",2,"positive"
"rna__TraesNOR1D03G00496850","TraesNOR1D03G00496850","rna","C1+",1,"positive"
"rna__TraesNOR3D03G01992690","TraesNOR3D03G01992690","rna","C2+",2,"positive"
"rna__TraesNOR3B03G01739550","TraesNOR3B03G01739550","rna","C1-",1,"negative"
"rna__TraesNOR1D03G00449040","TraesNOR1D03G00449040","rna","C2-",2,"negative"
"rna__TraesNOR2D03G01253890","TraesNOR2D03G01253890","rna","C1+",1,"positive"
"rna__TraesNOR1D03G00484900","TraesNOR1D03G00484900","rna","C1-",1,"negative"
"rna__TraesNOR7D03G04494640","TraesNOR7D03G04494640","rna","C1-",1,"negative"
"rna__TraesNOR7A03G03933320","TraesNOR7A03G03933320","rna","C1-",1,"negative"
"rna__TraesNOR5D03G03060780","TraesNOR5D03G03060780","rna","C2+",2,"positive"
"rna__TraesNOR6D03G03841730","TraesNOR6D03G03841730","rna","C1-",1,"negative"
"rna__TraesNOR6A03G03272760","TraesNOR6A03G03272760","rna","C1-",1,"negative"
"rna__TraesNOR2B03G00917810","TraesNOR2B03G00917810","rna","C2-",2,"negative"
"rna__TraesNOR1D03G00577680","TraesNOR1D03G00577680","rna","C2+",2,"positive"
"rna__TraesNOR7A03G03873020","TraesNOR7A03G03873020","rna","C1+",1,"positive"
"rna__TraesNOR7B03G04231120","TraesNOR7B03G04231120","rna","C2+",2,"positive"
"rna__TraesNOR2D03G01224280","TraesNOR2D03G01224280","rna","C1-",1,"negative"
"rna__TraesNOR5D03G03228970","TraesNOR5D03G03228970","rna","C2+",2,"positive"
"rna__TraesNOR5D03G03170570","TraesNOR5D03G03170570","rna","C2+",2,"positive"
"rna__TraesNOR5B03G02957230","TraesNOR5B03G02957230","rna","C1-",1,"negative"
"rna__TraesNOR1A03G00011550","TraesNOR1A03G00011550","rna","C2+",2,"positive"
"rna__TraesNOR2B03G00876620","TraesNOR2B03G00876620","rna","C2+",2,"positive"
"rna__TraesNOR6D03G03687730","TraesNOR6D03G03687730","rna","C1-",1,"negative"
"rna__TraesNOR5D03G03060820","TraesNOR5D03G03060820","rna","C2+",2,"positive"
"rna__TraesNOR7D03G04527470","TraesNOR7D03G04527470","rna","C2+",2,"positive"
"rna__TraesNOR1D03G00414850","TraesNOR1D03G00414850","rna","C2+",2,"positive"
"rna__TraesNOR4A03G02188940","TraesNOR4A03G02188940","rna","C1-",1,"negative"
"rna__TraesNOR1B03G00327040","TraesNOR1B03G00327040","rna","C1-",1,"negative"
"rna__TraesNOR2A03G00791290","TraesNOR2A03G00791290","rna","C1+",1,"positive"
"rna__TraesNOR1D03G00495040","TraesNOR1D03G00495040","rna","C1-",1,"negative"
"rna__TraesNOR3A03G01542940","TraesNOR3A03G01542940","rna","C1-",1,"negative"
"rna__TraesNOR2B03G00848270","TraesNOR2B03G00848270","rna","C1-",1,"negative"
"rna__TraesNOR2B03G00924940","TraesNOR2B03G00924940","rna","C2+",2,"positive"
"rna__TraesNOR5B03G02921520","TraesNOR5B03G02921520","rna","C1-",1,"negative"
"rna__TraesNOR4A03G02036110","TraesNOR4A03G02036110","rna","C1-",1,"negative"
"rna__TraesNOR1D03G00485470","TraesNOR1D03G00485470","rna","C1-",1,"negative"
"rna__TraesNOR6B03G03621040","TraesNOR6B03G03621040","rna","C1-",1,"negative"
"rna__TraesNOR4D03G02432110","TraesNOR4D03G02432110","rna","C2+",2,"positive"
"rna__TraesNOR2D03G01275910","TraesNOR2D03G01275910","rna","C2+",2,"positive"
"rna__TraesNOR4A03G02041510","TraesNOR4A03G02041510","rna","C2+",2,"positive"
"rna__TraesNOR7D03G04465120","TraesNOR7D03G04465120","rna","C2+",2,"positive"
"rna__TraesNOR5B03G02932280","TraesNOR5B03G02932280","rna","C1-",1,"negative"
"rna__TraesNOR4D03G02548940","TraesNOR4D03G02548940","rna","C2+",2,"positive"
"rna__TraesNOR2A03G00825680","TraesNOR2A03G00825680","rna","C1-",1,"negative"
"rna__TraesNOR5A03G02737690","TraesNOR5A03G02737690","rna","C1-",1,"negative"
"rna__TraesNOR3A03G01371880","TraesNOR3A03G01371880","rna","C2+",2,"positive"
"rna__TraesNOR7D03G04409020","TraesNOR7D03G04409020","rna","C1-",1,"negative"
"rna__TraesNOR4B03G02256170","TraesNOR4B03G02256170","rna","C1-",1,"negative"
"rna__TraesNOR1A03G00170570","TraesNOR1A03G00170570","rna","C1-",1,"negative"
"rna__TraesNOR5A03G02722820","TraesNOR5A03G02722820","rna","C1-",1,"negative"
"rna__TraesNOR7A03G03943350","TraesNOR7A03G03943350","rna","C1-",1,"negative"
"rna__TraesNOR2A03G00737620","TraesNOR2A03G00737620","rna","C1-",1,"negative"
"rna__TraesNOR4A03G02162020","TraesNOR4A03G02162020","rna","C2-",2,"negative"
"rna__TraesNOR5D03G03171720","TraesNOR5D03G03171720","rna","C2+",2,"positive"
"rna__TraesNOR1A03G00113060","TraesNOR1A03G00113060","rna","C1-",1,"negative"
"rna__TraesNOR3D03G02007880","TraesNOR3D03G02007880","rna","C2+",2,"positive"
"rna__TraesNOR5A03G02805580","TraesNOR5A03G02805580","rna","C1-",1,"negative"
"rna__TraesNOR6D03G03700970","TraesNOR6D03G03700970","rna","C2+",2,"positive"
"rna__TraesNOR7A03G04061520","TraesNOR7A03G04061520","rna","C2+",2,"positive"
"rna__TraesNOR1A03G00152430","TraesNOR1A03G00152430","rna","C2+",2,"positive"
"rna__TraesNOR6A03G03286590","TraesNOR6A03G03286590","rna","C1-",1,"negative"
"rna__TraesNOR2B03G01061540","TraesNOR2B03G01061540","rna","C2+",2,"positive"
"rna__TraesNOR4D03G02504600","TraesNOR4D03G02504600","rna","C1-",1,"negative"
"rna__TraesNOR2B03G00902740","TraesNOR2B03G00902740","rna","C2+",2,"positive"
"rna__TraesNOR5B03G02904670","TraesNOR5B03G02904670","rna","C1-",1,"negative"
"rna__TraesNOR3A03G01412670","TraesNOR3A03G01412670","rna","C2+",2,"positive"
"rna__TraesNOR1A03G00098970","TraesNOR1A03G00098970","rna","C2+",2,"positive"
"rna__TraesNOR3A03G01528760","TraesNOR3A03G01528760","rna","C2+",2,"positive"
"rna__TraesNOR1A03G00153210","TraesNOR1A03G00153210","rna","C1-",1,"negative"
"rna__TraesNOR3A03G01531880","TraesNOR3A03G01531880","rna","C2+",2,"positive"
"rna__TraesNOR1B03G00349960","TraesNOR1B03G00349960","rna","C1-",1,"negative"
"rna__TraesNOR1B03G00268560","TraesNOR1B03G00268560","rna","C1-",1,"negative"
"rna__TraesNOR4A03G02212970","TraesNOR4A03G02212970","rna","C1-",1,"negative"
"rna__TraesNOR1D03G00579620","TraesNOR1D03G00579620","rna","C1-",1,"negative"
"rna__TraesNOR6A03G03272930","TraesNOR6A03G03272930","rna","C1-",1,"negative"
"rna__TraesNOR1B03G00320450","TraesNOR1B03G00320450","rna","C2+",2,"positive"
"rna__TraesNOR1B03G00333330","TraesNOR1B03G00333330","rna","C2+",2,"positive"
"rna__TraesNOR7D03G04488240","TraesNOR7D03G04488240","rna","C2-",2,"negative"
"rna__TraesNOR7D03G04452130","TraesNOR7D03G04452130","rna","C1+",1,"positive"
"rna__TraesNOR7D03G04530810","TraesNOR7D03G04530810","rna","C2+",2,"positive"
"rna__TraesNOR6D03G03802950","TraesNOR6D03G03802950","rna","C1-",1,"negative"
"rna__TraesNOR2D03G01306140","TraesNOR2D03G01306140","rna","C2-",2,"negative"
"rna__TraesNOR2B03G00840700","TraesNOR2B03G00840700","rna","C2+",2,"positive"
"rna__TraesNOR2D03G01289180","TraesNOR2D03G01289180","rna","C2+",2,"positive"
"rna__TraesNOR1D03G00473580","TraesNOR1D03G00473580","rna","C1-",1,"negative"
"rna__TraesNOR5B03G02819140","TraesNOR5B03G02819140","rna","C1+",1,"positive"
"rna__TraesNOR2B03G00847780","TraesNOR2B03G00847780","rna","C2+",2,"positive"
"rna__TraesNOR6B03G03482670","TraesNOR6B03G03482670","rna","C1-",1,"negative"
"rna__TraesNOR5D03G03136540","TraesNOR5D03G03136540","rna","C1-",1,"negative"
"rna__TraesNOR7B03G04286430","TraesNOR7B03G04286430","rna","C2+",2,"positive"
"rna__TraesNOR1A03G00023780","TraesNOR1A03G00023780","rna","C1-",1,"negative"
"rna__TraesNOR2A03G00806170","TraesNOR2A03G00806170","rna","C2+",2,"positive"
"rna__TraesNOR3A03G01485380","TraesNOR3A03G01485380","rna","C2+",2,"positive"
"rna__TraesNOR6D03G03787620","TraesNOR6D03G03787620","rna","C1-",1,"negative"
"rna__TraesNOR6D03G03724460","TraesNOR6D03G03724460","rna","C1-",1,"negative"
"rna__TraesNOR1A03G00073270","TraesNOR1A03G00073270","rna","C1+",1,"positive"
"rna__TraesNOR2A03G00699930","TraesNOR2A03G00699930","rna","C1-",1,"negative"
"rna__TraesNOR7D03G04483830","TraesNOR7D03G04483830","rna","C2+",2,"positive"
"rna__TraesNOR5D03G03174160","TraesNOR5D03G03174160","rna","C2+",2,"positive"
"rna__TraesNOR6D03G03807270","TraesNOR6D03G03807270","rna","C1-",1,"negative"
"rna__TraesNOR6D03G03713270","TraesNOR6D03G03713270","rna","C1-",1,"negative"
"rna__TraesNOR7A03G03863220","TraesNOR7A03G03863220","rna","C1-",1,"negative"
"rna__TraesNOR6B03G03672530","TraesNOR6B03G03672530","rna","C1-",1,"negative"
"rna__TraesNOR1D03G00519730","TraesNOR1D03G00519730","rna","C1-",1,"negative"
"rna__TraesNOR6A03G03416450","TraesNOR6A03G03416450","rna","C2-",2,"negative"
"rna__TraesNOR2D03G01219410","TraesNOR2D03G01219410","rna","C2-",2,"negative"
"rna__TraesNOR5B03G02905750","TraesNOR5B03G02905750","rna","C2-",2,"negative"
"rna__TraesNOR5A03G02775550","TraesNOR5A03G02775550","rna","C1-",1,"negative"
"rna__TraesNOR5D03G03143090","TraesNOR5D03G03143090","rna","C2-",2,"negative"
"rna__TraesNOR2D03G01317620","TraesNOR2D03G01317620","rna","C1-",1,"negative"
"rna__TraesNOR2D03G01284930","TraesNOR2D03G01284930","rna","C1+",1,"positive"
"rna__TraesNOR7B03G04091390","TraesNOR7B03G04091390","rna","C1-",1,"negative"
"rna__TraesNOR1B03G00296960","TraesNOR1B03G00296960","rna","C1-",1,"negative"
"rna__TraesNOR4B03G02383210","TraesNOR4B03G02383210","rna","C1-",1,"negative"
"rna__TraesNOR6B03G03462240","TraesNOR6B03G03462240","rna","C1-",1,"negative"
"rna__TraesNOR6D03G03791550","TraesNOR6D03G03791550","rna","C1+",1,"positive"
"rna__TraesNOR7D03G04345950","TraesNOR7D03G04345950","rna","C2+",2,"positive"
"rna__TraesNOR1B03G00392950","TraesNOR1B03G00392950","rna","C1-",1,"negative"
"rna__TraesNOR4B03G02336260","TraesNOR4B03G02336260","rna","C1-",1,"negative"
"rna__TraesNOR6A03G03285870","TraesNOR6A03G03285870","rna","C1-",1,"negative"
"rna__TraesNOR5A03G02796660","TraesNOR5A03G02796660","rna","C1-",1,"negative"
"rna__TraesNOR7B03G04192030","TraesNOR7B03G04192030","rna","C2+",2,"positive"
"rna__TraesNOR6B03G03656260","TraesNOR6B03G03656260","rna","C1-",1,"negative"
"rna__TraesNOR5D03G03140220","TraesNOR5D03G03140220","rna","C2+",2,"positive"
"rna__TraesNOR5D03G03245270","TraesNOR5D03G03245270","rna","C1-",1,"negative"
"rna__TraesNOR5D03G03099410","TraesNOR5D03G03099410","rna","C1+",1,"positive"
"rna__TraesNOR2D03G01203310","TraesNOR2D03G01203310","rna","C1-",1,"negative"
"rna__TraesNOR1B03G00293230","TraesNOR1B03G00293230","rna","C2+",2,"positive"
"rna__TraesNOR6A03G03404350","TraesNOR6A03G03404350","rna","C2+",2,"positive"
"rna__TraesNOR1A03G00010740","TraesNOR1A03G00010740","rna","C1-",1,"negative"
"rna__TraesNOR1A03G00091510","TraesNOR1A03G00091510","rna","C1-",1,"negative"
"rna__TraesNOR2A03G00654620","TraesNOR2A03G00654620","rna","C1-",1,"negative"
"rna__TraesNOR2A03G00594840","TraesNOR2A03G00594840","rna","C2+",2,"positive"
"rna__TraesNOR7D03G04526770","TraesNOR7D03G04526770","rna","C1-",1,"negative"
"rna__TraesNOR4B03G02348660","TraesNOR4B03G02348660","rna","C1-",1,"negative"
"rna__TraesNOR4B03G02401460","TraesNOR4B03G02401460","rna","C1+",1,"positive"
"rna__TraesNOR7D03G04542020","TraesNOR7D03G04542020","rna","C2-",2,"negative"
"rna__TraesNOR5D03G03145650","TraesNOR5D03G03145650","rna","C2+",2,"positive"
"rna__TraesNOR5D03G03167850","TraesNOR5D03G03167850","rna","C1-",1,"negative"
"rna__TraesNOR7A03G03920810","TraesNOR7A03G03920810","rna","C2+",2,"positive"
"rna__TraesNOR2D03G01248610","TraesNOR2D03G01248610","rna","C1-",1,"negative"
"rna__TraesNOR6D03G03792590","TraesNOR6D03G03792590","rna","C1-",1,"negative"
"rna__TraesNOR5D03G03101480","TraesNOR5D03G03101480","rna","C1-",1,"negative"
"rna__TraesNOR2A03G00600210","TraesNOR2A03G00600210","rna","C1-",1,"negative"
"rna__TraesNOR6A03G03274040","TraesNOR6A03G03274040","rna","C2+",2,"positive"
"rna__TraesNOR3D03G01888620","TraesNOR3D03G01888620","rna","C1-",1,"negative"
"rna__TraesNOR5A03G02601310","TraesNOR5A03G02601310","rna","C1-",1,"negative"
"rna__TraesNOR1A03G00044040","TraesNOR1A03G00044040","rna","C1-",1,"negative"
"rna__TraesNOR1B03G00399540","TraesNOR1B03G00399540","rna","C1-",1,"negative"
"rna__TraesNOR6D03G03834120","TraesNOR6D03G03834120","rna","C1+",1,"positive"
"rna__TraesNOR7D03G04493910","TraesNOR7D03G04493910","rna","C1+",1,"positive"
"rna__TraesNOR6A03G03447300","TraesNOR6A03G03447300","rna","C1-",1,"negative"
"rna__TraesNOR6A03G03423080","TraesNOR6A03G03423080","rna","C1-",1,"negative"
"rna__TraesNOR6A03G03403180","TraesNOR6A03G03403180","rna","C2+",2,"positive"
"rna__TraesNOR3A03G01376310","TraesNOR3A03G01376310","rna","C1-",1,"negative"
"rna__TraesNOR5B03G02989760","TraesNOR5B03G02989760","rna","C1-",1,"negative"
"rna__TraesNOR7D03G04417420","TraesNOR7D03G04417420","rna","C1-",1,"negative"
"rna__TraesNOR7D03G04474430","TraesNOR7D03G04474430","rna","C2-",2,"negative"
"rna__TraesNOR5D03G03263830","TraesNOR5D03G03263830","rna","C1-",1,"negative"
"rna__TraesNOR3B03G01787670","TraesNOR3B03G01787670","rna","C2+",2,"positive"
"rna__TraesNOR2A03G00611620","TraesNOR2A03G00611620","rna","C1-",1,"negative"
"rna__TraesNOR3B03G01619040","TraesNOR3B03G01619040","rna","C1-",1,"negative"
"rna__TraesNOR6B03G03632460","TraesNOR6B03G03632460","rna","C2+",2,"positive"
"rna__TraesNOR4B03G02295480","TraesNOR4B03G02295480","rna","C1-",1,"negative"
"rna__TraesNOR3D03G02010110","TraesNOR3D03G02010110","rna","C2+",2,"positive"
"rna__TraesNOR1D03G00518760","TraesNOR1D03G00518760","rna","C1-",1,"negative"
"rna__TraesNOR4B03G02370480","TraesNOR4B03G02370480","rna","C1-",1,"negative"
"rna__TraesNOR3D03G01872730","TraesNOR3D03G01872730","rna","C1-",1,"negative"
"rna__TraesNOR5B03G03035130","TraesNOR5B03G03035130","rna","C1-",1,"negative"
"rna__TraesNOR7A03G03929690","TraesNOR7A03G03929690","rna","C2+",2,"positive"
"rna__TraesNOR7B03G04113650","TraesNOR7B03G04113650","rna","C1-",1,"negative"
"rna__TraesNOR3A03G01526760","TraesNOR3A03G01526760","rna","C2+",2,"positive"
"rna__TraesNOR7B03G04112850","TraesNOR7B03G04112850","rna","C1+",1,"positive"
"rna__TraesNOR5A03G02791060","TraesNOR5A03G02791060","rna","C2+",2,"positive"
"rna__TraesNOR1A03G00156570","TraesNOR1A03G00156570","rna","C1-",1,"negative"
"rna__TraesNOR5B03G02824880","TraesNOR5B03G02824880","rna","C1-",1,"negative"
"rna__TraesNOR2B03G00980140","TraesNOR2B03G00980140","rna","C1-",1,"negative"
"rna__TraesNOR5A03G02796800","TraesNOR5A03G02796800","rna","C1-",1,"negative"
"rna__TraesNOR7B03G04314550","TraesNOR7B03G04314550","rna","C2+",2,"positive"
"rna__TraesNOR6B03G03626610","TraesNOR6B03G03626610","rna","C1-",1,"negative"
"rna__TraesNOR6D03G03797430","TraesNOR6D03G03797430","rna","C2+",2,"positive"
"rna__TraesNOR2D03G01292000","TraesNOR2D03G01292000","rna","C1-",1,"negative"
"rna__TraesNOR2D03G01115280","TraesNOR2D03G01115280","rna","C1-",1,"negative"
"rna__TraesNOR1D03G00529300","TraesNOR1D03G00529300","rna","C2+",2,"positive"
"rna__TraesNOR7A03G03989400","TraesNOR7A03G03989400","rna","C1+",1,"positive"
"rna__TraesNOR7A03G03848990","TraesNOR7A03G03848990","rna","C1-",1,"negative"
"rna__TraesNOR3B03G01663160","TraesNOR3B03G01663160","rna","C1-",1,"negative"
"rna__TraesNOR2B03G01046990","TraesNOR2B03G01046990","rna","C1-",1,"negative"
"rna__TraesNOR4D03G02469520","TraesNOR4D03G02469520","rna","C1-",1,"negative"
"rna__TraesNOR3D03G01860580","TraesNOR3D03G01860580","rna","C1-",1,"negative"
"rna__TraesNOR4D03G02456010","TraesNOR4D03G02456010","rna","C2+",2,"positive"
"rna__TraesNOR5D03G03234170","TraesNOR5D03G03234170","rna","C1-",1,"negative"
"rna__TraesNOR2D03G01215920","TraesNOR2D03G01215920","rna","C2+",2,"positive"
"rna__TraesNOR7B03G04240640","TraesNOR7B03G04240640","rna","C1-",1,"negative"
"rna__TraesNOR5D03G03258610","TraesNOR5D03G03258610","rna","C1+",1,"positive"
"rna__TraesNOR7B03G04201600","TraesNOR7B03G04201600","rna","C1+",1,"positive"
"rna__TraesNOR7D03G04393670","TraesNOR7D03G04393670","rna","C1-",1,"negative"
"rna__TraesNOR2B03G00894220","TraesNOR2B03G00894220","rna","C1-",1,"negative"
"rna__TraesNOR6B03G03515480","TraesNOR6B03G03515480","rna","C1-",1,"negative"
"rna__TraesNOR6D03G03839990","TraesNOR6D03G03839990","rna","C1-",1,"negative"
"rna__TraesNOR2B03G00840710","TraesNOR2B03G00840710","rna","C2+",2,"positive"
"rna__TraesNOR2D03G01106010","TraesNOR2D03G01106010","rna","C1-",1,"negative"
"rna__TraesNOR2D03G01176130","TraesNOR2D03G01176130","rna","C1-",1,"negative"
"rna__TraesNOR7B03G04279650","TraesNOR7B03G04279650","rna","C2+",2,"positive"
"rna__TraesNOR2B03G01059720","TraesNOR2B03G01059720","rna","C1-",1,"negative"
"rna__TraesNOR1B03G00212680","TraesNOR1B03G00212680","rna","C1-",1,"negative"
"rna__TraesNOR7A03G03978040","TraesNOR7A03G03978040","rna","C1+",1,"positive"
"rna__TraesNOR3D03G01924590","TraesNOR3D03G01924590","rna","C1-",1,"negative"
"rna__TraesNOR4A03G02069810","TraesNOR4A03G02069810","rna","C1+",1,"positive"
"rna__TraesNOR4D03G02441750","TraesNOR4D03G02441750","rna","C1-",1,"negative"
"rna__TraesNOR2D03G01270780","TraesNOR2D03G01270780","rna","C1-",1,"negative"
"rna__TraesNOR4D03G02548770","TraesNOR4D03G02548770","rna","C2+",2,"positive"
"rna__TraesNOR3D03G02007890","TraesNOR3D03G02007890","rna","C2+",2,"positive"
"rna__TraesNOR1D03G00568590","TraesNOR1D03G00568590","rna","C1-",1,"negative"
"rna__TraesNOR6A03G03383490","TraesNOR6A03G03383490","rna","C1-",1,"negative"
"rna__TraesNOR4D03G02575500","TraesNOR4D03G02575500","rna","C2+",2,"positive"
"rna__TraesNOR4B03G02288440","TraesNOR4B03G02288440","rna","C1-",1,"negative"
"rna__TraesNOR3B03G01757580","TraesNOR3B03G01757580","rna","C1+",1,"positive"
"rna__TraesNOR5A03G02787700","TraesNOR5A03G02787700","rna","C1-",1,"negative"
"rna__TraesNOR1B03G00361900","TraesNOR1B03G00361900","rna","C1-",1,"negative"
"rna__TraesNOR4B03G02425370","TraesNOR4B03G02425370","rna","C1-",1,"negative"
"rna__TraesNOR6A03G03282890","TraesNOR6A03G03282890","rna","C1-",1,"negative"
"rna__TraesNOR7D03G04421440","TraesNOR7D03G04421440","rna","C1-",1,"negative"
"rna__TraesNOR2D03G01233650","TraesNOR2D03G01233650","rna","C1-",1,"negative"
"rna__TraesNOR6A03G03368070","TraesNOR6A03G03368070","rna","C1-",1,"negative"
"rna__TraesNOR2B03G00911440","TraesNOR2B03G00911440","rna","C1-",1,"negative"
"rna__TraesNOR1B03G00236370","TraesNOR1B03G00236370","rna","C2+",2,"positive"
"rna__TraesNOR4B03G02427420","TraesNOR4B03G02427420","rna","C1-",1,"negative"
"rna__TraesNOR3D03G01839370","TraesNOR3D03G01839370","rna","C1-",1,"negative"
"rna__TraesNOR5B03G02993780","TraesNOR5B03G02993780","rna","C2+",2,"positive"
"rna__TraesNOR2D03G01104990","TraesNOR2D03G01104990","rna","C2+",2,"positive"
"rna__TraesNOR2B03G00914410","TraesNOR2B03G00914410","rna","C1-",1,"negative"
"rna__TraesNOR1B03G00315880","TraesNOR1B03G00315880","rna","C1-",1,"negative"
"rna__TraesNOR7A03G03947390","TraesNOR7A03G03947390","rna","C1-",1,"negative"
"rna__TraesNOR7A03G04044900","TraesNOR7A03G04044900","rna","C1+",1,"positive"
"rna__TraesNOR1D03G00496840","TraesNOR1D03G00496840","rna","C1-",1,"negative"
"rna__TraesNOR2D03G01197470","TraesNOR2D03G01197470","rna","C1-",1,"negative"
"rna__TraesNOR5B03G02935040","TraesNOR5B03G02935040","rna","C1-",1,"negative"
"rna__TraesNOR3B03G01581130","TraesNOR3B03G01581130","rna","C1-",1,"negative"
"rna__TraesNOR7D03G04320170","TraesNOR7D03G04320170","rna","C1-",1,"negative"
"rna__TraesNOR4A03G02136040","TraesNOR4A03G02136040","rna","C1-",1,"negative"
"rna__TraesNOR4A03G02169550","TraesNOR4A03G02169550","rna","C2-",2,"negative"
"rna__TraesNOR4B03G02403150","TraesNOR4B03G02403150","rna","C1-",1,"negative"
"rna__TraesNOR3A03G01427630","TraesNOR3A03G01427630","rna","C1-",1,"negative"
"rna__TraesNOR4A03G02237140","TraesNOR4A03G02237140","rna","C2-",2,"negative"
"rna__TraesNOR2B03G00956760","TraesNOR2B03G00956760","rna","C1-",1,"negative"
"rna__TraesNOR3D03G01872410","TraesNOR3D03G01872410","rna","C1-",1,"negative"
"rna__TraesNOR1A03G00120030","TraesNOR1A03G00120030","rna","C1-",1,"negative"
"rna__TraesNOR4B03G02382270","TraesNOR4B03G02382270","rna","C2+",2,"positive"
"rna__TraesNOR5A03G02616290","TraesNOR5A03G02616290","rna","C1-",1,"negative"
"rna__TraesNOR5D03G03244790","TraesNOR5D03G03244790","rna","C1-",1,"negative"
"rna__TraesNOR5D03G03061080","TraesNOR5D03G03061080","rna","C2-",2,"negative"
"rna__TraesNOR5D03G03241170","TraesNOR5D03G03241170","rna","C2+",2,"positive"
"rna__TraesNOR3D03G01875430","TraesNOR3D03G01875430","rna","C2-",2,"negative"
"rna__TraesNOR6B03G03462120","TraesNOR6B03G03462120","rna","C1-",1,"negative"
"rna__TraesNOR3D03G01848520","TraesNOR3D03G01848520","rna","C2+",2,"positive"
"rna__TraesNOR5B03G02852370","TraesNOR5B03G02852370","rna","C1-",1,"negative"
"rna__TraesNOR5B03G02870640","TraesNOR5B03G02870640","rna","C1-",1,"negative"
"rna__TraesNOR4B03G02386390","TraesNOR4B03G02386390","rna","C1-",1,"negative"
"rna__TraesNOR4B03G02280910","TraesNOR4B03G02280910","rna","C1-",1,"negative"
"rna__TraesNOR5B03G02819240","TraesNOR5B03G02819240","rna","C1+",1,"positive"
"rna__TraesNOR4A03G02147370","TraesNOR4A03G02147370","rna","C1-",1,"negative"
"rna__TraesNOR6A03G03415370","TraesNOR6A03G03415370","rna","C1-",1,"negative"
"rna__TraesNOR5D03G03076020","TraesNOR5D03G03076020","rna","C1-",1,"negative"
"rna__TraesNOR2D03G01160980","TraesNOR2D03G01160980","rna","C1-",1,"negative"
"rna__TraesNOR4B03G02350280","TraesNOR4B03G02350280","rna","C1-",1,"negative"
"rna__TraesNOR3D03G01863090","TraesNOR3D03G01863090","rna","C2+",2,"positive"
"rna__TraesNOR1B03G00341760","TraesNOR1B03G00341760","rna","C1-",1,"negative"
"rna__TraesNOR7D03G04520130","TraesNOR7D03G04520130","rna","C1-",1,"negative"
"rna__TraesNOR3B03G01786850","TraesNOR3B03G01786850","rna","C2+",2,"positive"
"rna__TraesNOR5A03G02775750","TraesNOR5A03G02775750","rna","C1-",1,"negative"
"rna__TraesNOR7D03G04418060","TraesNOR7D03G04418060","rna","C1-",1,"negative"
"rna__TraesNOR7D03G04400250","TraesNOR7D03G04400250","rna","C1-",1,"negative"
"rna__TraesNOR6B03G03540290","TraesNOR6B03G03540290","rna","C2+",2,"positive"
"rna__TraesNOR6D03G03806530","TraesNOR6D03G03806530","rna","C1-",1,"negative"
"rna__TraesNOR2D03G01136960","TraesNOR2D03G01136960","rna","C2+",2,"positive"
"rna__TraesNOR6A03G03313950","TraesNOR6A03G03313950","rna","C1-",1,"negative"
"rna__TraesNOR4B03G02272570","TraesNOR4B03G02272570","rna","C1-",1,"negative"
"rna__TraesNOR4B03G02244890","TraesNOR4B03G02244890","rna","C2+",2,"positive"
"rna__TraesNOR4B03G02353790","TraesNOR4B03G02353790","rna","C2+",2,"positive"
"rna__TraesNOR4B03G02368410","TraesNOR4B03G02368410","rna","C2+",2,"positive"
"rna__TraesNOR2B03G01021770","TraesNOR2B03G01021770","rna","C1-",1,"negative"
"rna__TraesNOR4D03G02575860","TraesNOR4D03G02575860","rna","C2-",2,"negative"
"rna__TraesNOR3B03G01608760","TraesNOR3B03G01608760","rna","C1-",1,"negative"
"rna__TraesNOR3D03G01867020","TraesNOR3D03G01867020","rna","C1-",1,"negative"
"rna__TraesNOR1D03G00522730","TraesNOR1D03G00522730","rna","C1-",1,"negative"
"rna__TraesNOR3B03G01686480","TraesNOR3B03G01686480","rna","C2+",2,"positive"
"rna__TraesNOR4D03G02452720","TraesNOR4D03G02452720","rna","C1-",1,"negative"
"rna__TraesNOR3D03G01827410","TraesNOR3D03G01827410","rna","C1-",1,"negative"
"rna__TraesNOR7D03G04455080","TraesNOR7D03G04455080","rna","C1-",1,"negative"
"rna__TraesNOR6D03G03691060","TraesNOR6D03G03691060","rna","C1-",1,"negative"
"rna__TraesNOR6D03G03768050","TraesNOR6D03G03768050","rna","C1-",1,"negative"
"rna__TraesNOR2B03G00995230","TraesNOR2B03G00995230","rna","C1-",1,"negative"
"rna__TraesNOR2A03G00759210","TraesNOR2A03G00759210","rna","C1-",1,"negative"
"rna__TraesNOR4D03G02544390","TraesNOR4D03G02544390","rna","C1-",1,"negative"
"rna__TraesNOR1B03G00385700","TraesNOR1B03G00385700","rna","C1-",1,"negative"
"rna__TraesNOR4A03G02034650","TraesNOR4A03G02034650","rna","C1-",1,"negative"
"rna__TraesNOR5A03G02755350","TraesNOR5A03G02755350","rna","C1-",1,"negative"
"rna__TraesNOR1D03G00528600","TraesNOR1D03G00528600","rna","C2+",2,"positive"
"rna__TraesNOR2A03G00706350","TraesNOR2A03G00706350","rna","C1-",1,"negative"
"rna__TraesNOR7A03G04010400","TraesNOR7A03G04010400","rna","C2-",2,"negative"
"rna__TraesNOR2A03G00742100","TraesNOR2A03G00742100","rna","C2+",2,"positive"
"rna__TraesNOR2A03G00650780","TraesNOR2A03G00650780","rna","C1-",1,"negative"
"rna__TraesNOR7B03G04203850","TraesNOR7B03G04203850","rna","C1-",1,"negative"
"rna__TraesNOR4A03G02064760","TraesNOR4A03G02064760","rna","C2+",2,"positive"
"rna__TraesNOR6B03G03676090","TraesNOR6B03G03676090","rna","C1-",1,"negative"
"rna__TraesNOR5B03G03031500","TraesNOR5B03G03031500","rna","C2+",2,"positive"
"rna__TraesNOR4D03G02525470","TraesNOR4D03G02525470","rna","C1-",1,"negative"
"rna__TraesNOR2B03G00953180","TraesNOR2B03G00953180","rna","C1-",1,"negative"
"rna__TraesNOR6A03G03413250","TraesNOR6A03G03413250","rna","C1-",1,"negative"
"rna__TraesNOR2A03G00717680","TraesNOR2A03G00717680","rna","C2-",2,"negative"
"rna__TraesNOR3D03G01931210","TraesNOR3D03G01931210","rna","C1-",1,"negative"
"rna__TraesNOR6D03G03694480","TraesNOR6D03G03694480","rna","C2+",2,"positive"
"rna__TraesNOR2A03G00632610","TraesNOR2A03G00632610","rna","C1-",1,"negative"
"rna__TraesNOR3D03G01959080","TraesNOR3D03G01959080","rna","C1-",1,"negative"
"rna__TraesNOR2D03G01228150","TraesNOR2D03G01228150","rna","C1-",1,"negative"
"rna__TraesNOR6B03G03629450","TraesNOR6B03G03629450","rna","C1-",1,"negative"
"rna__TraesNOR2B03G00974500","TraesNOR2B03G00974500","rna","C2-",2,"negative"
"rna__TraesNOR6A03G03327420","TraesNOR6A03G03327420","rna","C1-",1,"negative"
"rna__TraesNOR5D03G03214210","TraesNOR5D03G03214210","rna","C1-",1,"negative"
"rna__TraesNOR6D03G03706750","TraesNOR6D03G03706750","rna","C1-",1,"negative"
"rna__TraesNOR2A03G00794300","TraesNOR2A03G00794300","rna","C2+",2,"positive"
"rna__TraesNOR1B03G00288540","TraesNOR1B03G00288540","rna","C1-",1,"negative"
"rna__TraesNOR2B03G01051300","TraesNOR2B03G01051300","rna","C1-",1,"negative"
"rna__TraesNOR2D03G01320700","TraesNOR2D03G01320700","rna","C2+",2,"positive"
"rna__TraesNOR3D03G01958110","TraesNOR3D03G01958110","rna","C2+",2,"positive"
"rna__TraesNOR3D03G01977830","TraesNOR3D03G01977830","rna","C1-",1,"negative"
"rna__TraesNOR5D03G03212340","TraesNOR5D03G03212340","rna","C2+",2,"positive"
"rna__TraesNOR7A03G03899130","TraesNOR7A03G03899130","rna","C1+",1,"positive"
"rna__TraesNOR7B03G04137400","TraesNOR7B03G04137400","rna","C2+",2,"positive"
"rna__TraesNOR7D03G04475140","TraesNOR7D03G04475140","rna","C1-",1,"negative"
"rna__TraesNOR1B03G00230850","TraesNOR1B03G00230850","rna","C2-",2,"negative"
"rna__TraesNOR4D03G02526820","TraesNOR4D03G02526820","rna","C2+",2,"positive"
"rna__TraesNOR5A03G02680640","TraesNOR5A03G02680640","rna","C2+",2,"positive"
"rna__TraesNOR3B03G01628020","TraesNOR3B03G01628020","rna","C1-",1,"negative"
"rna__TraesNOR7D03G04503060","TraesNOR7D03G04503060","rna","C1-",1,"negative"
"rna__TraesNOR6D03G03815060","TraesNOR6D03G03815060","rna","C2+",2,"positive"
"rna__TraesNOR3A03G01537110","TraesNOR3A03G01537110","rna","C1-",1,"negative"
"rna__TraesNOR5B03G02837840","TraesNOR5B03G02837840","rna","C2-",2,"negative"
"rna__TraesNOR4B03G02315770","TraesNOR4B03G02315770","rna","C1+",1,"positive"
"rna__TraesNOR3A03G01424870","TraesNOR3A03G01424870","rna","C1-",1,"negative"
"rna__TraesNOR4D03G02435270","TraesNOR4D03G02435270","rna","C2+",2,"positive"
"rna__TraesNOR7B03G04096500","TraesNOR7B03G04096500","rna","C2+",2,"positive"
"rna__TraesNOR5A03G02620810","TraesNOR5A03G02620810","rna","C1-",1,"negative"
"rna__TraesNOR5B03G02992540","TraesNOR5B03G02992540","rna","C2+",2,"positive"
"rna__TraesNOR6B03G03519310","TraesNOR6B03G03519310","rna","C1-",1,"negative"
"rna__TraesNORUn03G04674100","TraesNORUn03G04674100","rna","C1-",1,"negative"
"rna__TraesNOR5B03G03029560","TraesNOR5B03G03029560","rna","C1-",1,"negative"
"rna__TraesNOR3A03G01455160","TraesNOR3A03G01455160","rna","C1-",1,"negative"
"rna__TraesNOR3D03G01914740","TraesNOR3D03G01914740","rna","C2+",2,"positive"
"rna__TraesNOR3D03G01953760","TraesNOR3D03G01953760","rna","C1-",1,"negative"
"rna__TraesNOR2B03G01087490","TraesNOR2B03G01087490","rna","C1-",1,"negative"
"rna__TraesNOR4A03G02148170","TraesNOR4A03G02148170","rna","C1-",1,"negative"
"rna__TraesNOR2D03G01105410","TraesNOR2D03G01105410","rna","C2+",2,"positive"
"rna__TraesNOR2B03G01002990","TraesNOR2B03G01002990","rna","C1+",1,"positive"
"rna__TraesNOR7A03G03888650","TraesNOR7A03G03888650","rna","C1+",1,"positive"
"rna__TraesNOR6D03G03816480","TraesNOR6D03G03816480","rna","C1-",1,"negative"
"rna__TraesNOR2A03G00596220","TraesNOR2A03G00596220","rna","C2+",2,"positive"
"rna__TraesNOR4D03G02444900","TraesNOR4D03G02444900","rna","C1+",1,"positive"
"rna__TraesNOR4D03G02529740","TraesNOR4D03G02529740","rna","C1-",1,"negative"
"rna__TraesNOR4A03G02176110","TraesNOR4A03G02176110","rna","C2-",2,"negative"
"rna__TraesNOR3B03G01765040","TraesNOR3B03G01765040","rna","C2+",2,"positive"
"rna__TraesNOR2A03G00667450","TraesNOR2A03G00667450","rna","C2+",2,"positive"
"rna__TraesNOR5D03G03240990","TraesNOR5D03G03240990","rna","C2+",2,"positive"
"rna__TraesNOR7D03G04341390","TraesNOR7D03G04341390","rna","C1+",1,"positive"
"rna__TraesNOR7A03G04009220","TraesNOR7A03G04009220","rna","C1-",1,"negative"
"rna__TraesNOR6A03G03411560","TraesNOR6A03G03411560","rna","C1-",1,"negative"
"rna__TraesNOR3D03G02030760","TraesNOR3D03G02030760","rna","C1-",1,"negative"
"rna__TraesNOR2D03G01293920","TraesNOR2D03G01293920","rna","C1-",1,"negative"
"rna__TraesNOR3A03G01466950","TraesNOR3A03G01466950","rna","C2+",2,"positive"
"rna__TraesNOR5A03G02789170","TraesNOR5A03G02789170","rna","C1-",1,"negative"
"rna__TraesNOR3A03G01527440","TraesNOR3A03G01527440","rna","C2+",2,"positive"
"rna__TraesNOR3D03G01912860","TraesNOR3D03G01912860","rna","C1-",1,"negative"
"rna__TraesNOR3D03G01975920","TraesNOR3D03G01975920","rna","C1-",1,"negative"
"rna__TraesNOR2A03G00799600","TraesNOR2A03G00799600","rna","C1-",1,"negative"
"rna__TraesNOR5A03G02765930","TraesNOR5A03G02765930","rna","C1-",1,"negative"
"rna__TraesNOR5B03G03019380","TraesNOR5B03G03019380","rna","C1-",1,"negative"
"rna__TraesNOR2D03G01116530","TraesNOR2D03G01116530","rna","C1+",1,"positive"
"rna__TraesNORUn03G04556620","TraesNORUn03G04556620","rna","C1-",1,"negative"
"rna__TraesNOR3D03G01854490","TraesNOR3D03G01854490","rna","C2+",2,"positive"
"rna__TraesNOR3D03G01941490","TraesNOR3D03G01941490","rna","C2+",2,"positive"
"rna__TraesNOR5D03G03211960","TraesNOR5D03G03211960","rna","C1-",1,"negative"
"rna__TraesNOR2D03G01132940","TraesNOR2D03G01132940","rna","C1-",1,"negative"
"rna__TraesNOR2B03G00833340","TraesNOR2B03G00833340","rna","C1-",1,"negative"
"rna__TraesNOR4D03G02551490","TraesNOR4D03G02551490","rna","C2+",2,"positive"
"rna__TraesNOR5B03G02993060","TraesNOR5B03G02993060","rna","C1-",1,"negative"
"rna__TraesNOR5A03G02764170","TraesNOR5A03G02764170","rna","C2-",2,"negative"
"rna__TraesNOR2D03G01199310","TraesNOR2D03G01199310","rna","C1-",1,"negative"
"rna__TraesNOR6B03G03674270","TraesNOR6B03G03674270","rna","C1+",1,"positive"
"rna__TraesNOR6B03G03617810","TraesNOR6B03G03617810","rna","C1-",1,"negative"
"rna__TraesNOR6B03G03610500","TraesNOR6B03G03610500","rna","C1+",1,"positive"
"rna__TraesNOR7D03G04447060","TraesNOR7D03G04447060","rna","C2+",2,"positive"
"rna__TraesNOR1D03G00418940","TraesNOR1D03G00418940","rna","C1-",1,"negative"
"rna__TraesNOR4A03G02040990","TraesNOR4A03G02040990","rna","C1-",1,"negative"
"rna__TraesNOR3D03G01977310","TraesNOR3D03G01977310","rna","C1-",1,"negative"
"rna__TraesNOR3B03G01614010","TraesNOR3B03G01614010","rna","C1-",1,"negative"
"rna__TraesNOR2D03G01301350","TraesNOR2D03G01301350","rna","C1-",1,"negative"
"rna__TraesNOR7D03G04405260","TraesNOR7D03G04405260","rna","C2+",2,"positive"
"rna__TraesNOR4D03G02552140","TraesNOR4D03G02552140","rna","C1-",1,"negative"
"rna__TraesNOR2A03G00603740","TraesNOR2A03G00603740","rna","C1-",1,"negative"
"rna__TraesNOR6D03G03776890","TraesNOR6D03G03776890","rna","C2+",2,"positive"
"rna__TraesNOR2D03G01227520","TraesNOR2D03G01227520","rna","C1-",1,"negative"
"rna__TraesNOR3A03G01508160","TraesNOR3A03G01508160","rna","C1-",1,"negative"
"rna__TraesNOR1B03G00285760","TraesNOR1B03G00285760","rna","C1-",1,"negative"
"rna__TraesNOR1A03G00147490","TraesNOR1A03G00147490","rna","C2-",2,"negative"
"rna__TraesNOR4B03G02241060","TraesNOR4B03G02241060","rna","C2+",2,"positive"
"rna__TraesNOR2B03G00924670","TraesNOR2B03G00924670","rna","C1-",1,"negative"
"rna__TraesNOR3D03G02019220","TraesNOR3D03G02019220","rna","C1-",1,"negative"
"rna__TraesNOR6D03G03688690","TraesNOR6D03G03688690","rna","C1-",1,"negative"
"rna__TraesNOR2A03G00804050","TraesNOR2A03G00804050","rna","C1-",1,"negative"
"rna__TraesNOR2D03G01238140","TraesNOR2D03G01238140","rna","C1-",1,"negative"
"rna__TraesNOR5D03G03215230","TraesNOR5D03G03215230","rna","C2+",2,"positive"
"rna__TraesNOR1A03G00169990","TraesNOR1A03G00169990","rna","C1-",1,"negative"
"rna__TraesNOR4B03G02275140","TraesNOR4B03G02275140","rna","C1-",1,"negative"
"rna__TraesNOR4D03G02532290","TraesNOR4D03G02532290","rna","C2-",2,"negative"
"rna__TraesNOR6A03G03284010","TraesNOR6A03G03284010","rna","C2+",2,"positive"
"rna__TraesNOR6A03G03317280","TraesNOR6A03G03317280","rna","C1+",1,"positive"
"rna__TraesNOR6B03G03658400","TraesNOR6B03G03658400","rna","C1+",1,"positive"
"rna__TraesNOR2D03G01148670","TraesNOR2D03G01148670","rna","C1-",1,"negative"
"rna__TraesNOR2D03G01195790","TraesNOR2D03G01195790","rna","C1+",1,"positive"
"rna__TraesNOR1B03G00365010","TraesNOR1B03G00365010","rna","C1-",1,"negative"
"rna__TraesNOR7D03G04328370","TraesNOR7D03G04328370","rna","C2+",2,"positive"
"rna__TraesNOR3A03G01429660","TraesNOR3A03G01429660","rna","C1-",1,"negative"
"rna__TraesNOR2D03G01245590","TraesNOR2D03G01245590","rna","C1-",1,"negative"
"rna__TraesNOR4B03G02378090","TraesNOR4B03G02378090","rna","C1-",1,"negative"
"rna__TraesNOR2A03G00637440","TraesNOR2A03G00637440","rna","C1-",1,"negative"
"rna__TraesNOR2B03G00936360","TraesNOR2B03G00936360","rna","C1-",1,"negative"
"rna__TraesNOR2D03G01255350","TraesNOR2D03G01255350","rna","C2+",2,"positive"
"rna__TraesNOR7D03G04405380","TraesNOR7D03G04405380","rna","C2+",2,"positive"
"rna__TraesNOR6D03G03831980","TraesNOR6D03G03831980","rna","C1-",1,"negative"
"rna__TraesNOR4B03G02402760","TraesNOR4B03G02402760","rna","C1-",1,"negative"
"rna__TraesNOR3A03G01338200","TraesNOR3A03G01338200","rna","C1-",1,"negative"
"rna__TraesNOR1D03G00573080","TraesNOR1D03G00573080","rna","C1-",1,"negative"
"rna__TraesNOR2A03G00751610","TraesNOR2A03G00751610","rna","C1-",1,"negative"
"rna__TraesNOR1A03G00010780","TraesNOR1A03G00010780","rna","C1-",1,"negative"
"rna__TraesNOR6B03G03626570","TraesNOR6B03G03626570","rna","C1-",1,"negative"
"rna__TraesNOR7A03G03932280","TraesNOR7A03G03932280","rna","C2+",2,"positive"
"rna__TraesNOR4B03G02254930","TraesNOR4B03G02254930","rna","C1-",1,"negative"
"rna__TraesNOR4B03G02254010","TraesNOR4B03G02254010","rna","C1-",1,"negative"
"rna__TraesNOR7D03G04457290","TraesNOR7D03G04457290","rna","C1-",1,"negative"
"rna__TraesNOR6B03G03650200","TraesNOR6B03G03650200","rna","C2+",2,"positive"
"rna__TraesNOR7D03G04403920","TraesNOR7D03G04403920","rna","C2+",2,"positive"
"rna__TraesNOR3D03G01936370","TraesNOR3D03G01936370","rna","C1-",1,"negative"
"rna__TraesNOR2A03G00814520","TraesNOR2A03G00814520","rna","C1-",1,"negative"
"rna__TraesNOR5A03G02678650","TraesNOR5A03G02678650","rna","C2+",2,"positive"
"rna__TraesNOR3A03G01450570","TraesNOR3A03G01450570","rna","C1-",1,"negative"
"rna__TraesNOR2D03G01221230","TraesNOR2D03G01221230","rna","C1-",1,"negative"
"rna__TraesNOR3B03G01733680","TraesNOR3B03G01733680","rna","C1-",1,"negative"
"rna__TraesNOR5A03G02703680","TraesNOR5A03G02703680","rna","C2+",2,"positive"
"rna__TraesNOR2A03G00729650","TraesNOR2A03G00729650","rna","C2+",2,"positive"
"rna__TraesNOR5B03G03040890","TraesNOR5B03G03040890","rna","C1-",1,"negative"
"rna__TraesNOR6A03G03406340","TraesNOR6A03G03406340","rna","C1-",1,"negative"
"rna__TraesNOR3B03G01716890","TraesNOR3B03G01716890","rna","C2-",2,"negative"
"rna__TraesNOR1B03G00242470","TraesNOR1B03G00242470","rna","C1+",1,"positive"
"rna__TraesNOR2B03G00877480","TraesNOR2B03G00877480","rna","C1-",1,"negative"
"rna__TraesNOR4D03G02458170","TraesNOR4D03G02458170","rna","C1-",1,"negative"
"rna__TraesNOR4B03G02347810","TraesNOR4B03G02347810","rna","C1-",1,"negative"
"rna__TraesNOR7D03G04477030","TraesNOR7D03G04477030","rna","C1-",1,"negative"
"rna__TraesNOR4D03G02511610","TraesNOR4D03G02511610","rna","C1-",1,"negative"
"rna__TraesNOR2D03G01260230","TraesNOR2D03G01260230","rna","C2-",2,"negative"
"rna__TraesNOR1B03G00340510","TraesNOR1B03G00340510","rna","C1-",1,"negative"
"rna__TraesNOR7D03G04489190","TraesNOR7D03G04489190","rna","C1-",1,"negative"
"rna__TraesNOR5D03G03214180","TraesNOR5D03G03214180","rna","C2+",2,"positive"
"rna__TraesNOR2D03G01100150","TraesNOR2D03G01100150","rna","C1-",1,"negative"
"rna__TraesNOR1B03G00385750","TraesNOR1B03G00385750","rna","C1-",1,"negative"
"rna__TraesNOR4B03G02356810","TraesNOR4B03G02356810","rna","C1-",1,"negative"
"rna__TraesNOR5D03G03187420","TraesNOR5D03G03187420","rna","C1-",1,"negative"
"rna__TraesNOR5B03G02921120","TraesNOR5B03G02921120","rna","C1-",1,"negative"
"rna__TraesNOR7A03G04022530","TraesNOR7A03G04022530","rna","C1-",1,"negative"
"rna__TraesNOR6B03G03540180","TraesNOR6B03G03540180","rna","C1-",1,"negative"
"rna__TraesNOR5D03G03166480","TraesNOR5D03G03166480","rna","C1+",1,"positive"
"rna__TraesNOR6A03G03415580","TraesNOR6A03G03415580","rna","C1-",1,"negative"
"rna__TraesNOR1B03G00323430","TraesNOR1B03G00323430","rna","C1-",1,"negative"
"rna__TraesNOR3D03G01833260","TraesNOR3D03G01833260","rna","C1+",1,"positive"
"rna__TraesNOR3D03G01990780","TraesNOR3D03G01990780","rna","C1-",1,"negative"
"rna__TraesNOR7D03G04374950","TraesNOR7D03G04374950","rna","C2+",2,"positive"
"rna__TraesNOR2D03G01158160","TraesNOR2D03G01158160","rna","C1-",1,"negative"
"rna__TraesNOR7D03G04386900","TraesNOR7D03G04386900","rna","C2-",2,"negative"
"rna__TraesNOR2D03G01237370","TraesNOR2D03G01237370","rna","C1-",1,"negative"
"rna__TraesNOR6A03G03435520","TraesNOR6A03G03435520","rna","C1+",1,"positive"
"rna__TraesNOR3B03G01697310","TraesNOR3B03G01697310","rna","C1-",1,"negative"
"rna__TraesNOR1A03G00122970","TraesNOR1A03G00122970","rna","C1-",1,"negative"
"rna__TraesNOR6A03G03307370","TraesNOR6A03G03307370","rna","C1-",1,"negative"
"rna__TraesNOR4D03G02528980","TraesNOR4D03G02528980","rna","C1-",1,"negative"
"rna__TraesNOR4D03G02567930","TraesNOR4D03G02567930","rna","C1-",1,"negative"
"rna__TraesNOR2D03G01229320","TraesNOR2D03G01229320","rna","C1+",1,"positive"
"rna__TraesNOR6A03G03375470","TraesNOR6A03G03375470","rna","C1-",1,"negative"
"rna__TraesNOR3A03G01512050","TraesNOR3A03G01512050","rna","C1-",1,"negative"
"rna__TraesNOR1D03G00489470","TraesNOR1D03G00489470","rna","C1-",1,"negative"
"rna__TraesNOR7D03G04354500","TraesNOR7D03G04354500","rna","C1-",1,"negative"
"rna__TraesNOR3A03G01464650","TraesNOR3A03G01464650","rna","C1-",1,"negative"
"rna__TraesNOR3D03G01954860","TraesNOR3D03G01954860","rna","C2+",2,"positive"
"rna__TraesNOR2D03G01321020","TraesNOR2D03G01321020","rna","C2+",2,"positive"
"rna__TraesNOR6D03G03792070","TraesNOR6D03G03792070","rna","C1-",1,"negative"
"rna__TraesNOR3D03G02014250","TraesNOR3D03G02014250","rna","C2+",2,"positive"
"rna__TraesNOR5A03G02677680","TraesNOR5A03G02677680","rna","C2-",2,"negative"
"rna__TraesNOR4A03G02042630","TraesNOR4A03G02042630","rna","C1-",1,"negative"
"rna__TraesNOR7A03G03846170","TraesNOR7A03G03846170","rna","C1-",1,"negative"
"rna__TraesNOR1B03G00184930","TraesNOR1B03G00184930","rna","C1-",1,"negative"
"rna__TraesNOR4D03G02519390","TraesNOR4D03G02519390","rna","C2+",2,"positive"
"rna__TraesNOR7D03G04520800","TraesNOR7D03G04520800","rna","C1-",1,"negative"
"rna__TraesNOR3B03G01803350","TraesNOR3B03G01803350","rna","C1-",1,"negative"
"rna__TraesNOR7D03G04330090","TraesNOR7D03G04330090","rna","C1-",1,"negative"
"rna__TraesNOR6A03G03433530","TraesNOR6A03G03433530","rna","C2-",2,"negative"
"rna__TraesNOR6B03G03601610","TraesNOR6B03G03601610","rna","C2+",2,"positive"
"rna__TraesNOR7B03G04228480","TraesNOR7B03G04228480","rna","C2+",2,"positive"
"rna__TraesNOR5D03G03216910","TraesNOR5D03G03216910","rna","C1-",1,"negative"
"rna__TraesNOR4B03G02288450","TraesNOR4B03G02288450","rna","C1-",1,"negative"
"rna__TraesNOR6D03G03740310","TraesNOR6D03G03740310","rna","C1-",1,"negative"
"rna__TraesNOR3A03G01461080","TraesNOR3A03G01461080","rna","C1-",1,"negative"
"rna__TraesNOR7D03G04361770","TraesNOR7D03G04361770","rna","C2+",2,"positive"
"rna__TraesNOR2B03G00863510","TraesNOR2B03G00863510","rna","C1-",1,"negative"
"rna__TraesNOR2B03G01002090","TraesNOR2B03G01002090","rna","C1-",1,"negative"
"rna__TraesNOR1D03G00536040","TraesNOR1D03G00536040","rna","C2-",2,"negative"
"rna__TraesNOR4A03G02184850","TraesNOR4A03G02184850","rna","C1-",1,"negative"
"rna__TraesNOR5D03G03102270","TraesNOR5D03G03102270","rna","C1-",1,"negative"
"rna__TraesNOR3A03G01376780","TraesNOR3A03G01376780","rna","C1-",1,"negative"
"rna__TraesNOR6B03G03501610","TraesNOR6B03G03501610","rna","C1+",1,"positive"
"rna__TraesNOR4D03G02432130","TraesNOR4D03G02432130","rna","C1-",1,"negative"
"rna__TraesNOR2D03G01281960","TraesNOR2D03G01281960","rna","C1-",1,"negative"
"rna__TraesNOR3D03G01985890","TraesNOR3D03G01985890","rna","C2+",2,"positive"
"rna__TraesNOR1B03G00288860","TraesNOR1B03G00288860","rna","C2-",2,"negative"
"rna__TraesNOR7D03G04324150","TraesNOR7D03G04324150","rna","C1-",1,"negative"
"rna__TraesNOR4B03G02276110","TraesNOR4B03G02276110","rna","C1-",1,"negative"
"rna__TraesNOR4D03G02477170","TraesNOR4D03G02477170","rna","C2+",2,"positive"
"rna__TraesNOR4D03G02569080","TraesNOR4D03G02569080","rna","C1-",1,"negative"
"rna__TraesNOR1A03G00156620","TraesNOR1A03G00156620","rna","C2-",2,"negative"
"rna__TraesNOR1D03G00512160","TraesNOR1D03G00512160","rna","C2+",2,"positive"
"rna__TraesNOR1D03G00567350","TraesNOR1D03G00567350","rna","C1-",1,"negative"
"rna__TraesNOR2D03G01305740","TraesNOR2D03G01305740","rna","C2+",2,"positive"
"rna__TraesNOR2D03G01315170","TraesNOR2D03G01315170","rna","C1-",1,"negative"
"rna__TraesNOR5D03G03104990","TraesNOR5D03G03104990","rna","C1-",1,"negative"
"rna__TraesNOR2B03G01043320","TraesNOR2B03G01043320","rna","C2-",2,"negative"
"rna__TraesNOR7A03G04048160","TraesNOR7A03G04048160","rna","C1-",1,"negative"
"rna__TraesNOR5A03G02786810","TraesNOR5A03G02786810","rna","C1-",1,"negative"
"rna__TraesNOR5D03G03254070","TraesNOR5D03G03254070","rna","C1-",1,"negative"
"rna__TraesNOR3D03G01974270","TraesNOR3D03G01974270","rna","C1+",1,"positive"
"rna__TraesNOR3D03G01946340","TraesNOR3D03G01946340","rna","C2+",2,"positive"
"rna__TraesNOR5D03G03138050","TraesNOR5D03G03138050","rna","C2+",2,"positive"
"rna__TraesNOR2A03G00800550","TraesNOR2A03G00800550","rna","C2-",2,"negative"
"rna__TraesNOR6D03G03838420","TraesNOR6D03G03838420","rna","C1-",1,"negative"
"rna__TraesNOR4B03G02241180","TraesNOR4B03G02241180","rna","C2+",2,"positive"
"rna__TraesNOR7D03G04463350","TraesNOR7D03G04463350","rna","C1-",1,"negative"
"rna__TraesNOR3D03G01885880","TraesNOR3D03G01885880","rna","C1-",1,"negative"
"rna__TraesNOR2B03G00908730","TraesNOR2B03G00908730","rna","C1-",1,"negative"
"rna__TraesNOR2B03G01057980","TraesNOR2B03G01057980","rna","C1-",1,"negative"
"rna__TraesNOR5B03G02928030","TraesNOR5B03G02928030","rna","C1-",1,"negative"
"rna__TraesNOR5B03G03022830","TraesNOR5B03G03022830","rna","C1-",1,"negative"
"rna__TraesNOR7B03G04140820","TraesNOR7B03G04140820","rna","C2-",2,"negative"
"rna__TraesNOR3D03G01830040","TraesNOR3D03G01830040","rna","C2+",2,"positive"
"rna__TraesNOR2D03G01211140","TraesNOR2D03G01211140","rna","C1+",1,"positive"
"rna__TraesNOR5D03G03208970","TraesNOR5D03G03208970","rna","C1-",1,"negative"
"rna__TraesNOR2B03G00840560","TraesNOR2B03G00840560","rna","C2+",2,"positive"
"rna__TraesNOR6D03G03781470","TraesNOR6D03G03781470","rna","C1-",1,"negative"
"rna__TraesNOR6A03G03370960","TraesNOR6A03G03370960","rna","C1-",1,"negative"
"rna__TraesNOR7B03G04166450","TraesNOR7B03G04166450","rna","C2+",2,"positive"
"rna__TraesNOR7D03G04407320","TraesNOR7D03G04407320","rna","C1-",1,"negative"
"rna__TraesNOR3B03G01719790","TraesNOR3B03G01719790","rna","C1-",1,"negative"
"rna__TraesNOR2D03G01185110","TraesNOR2D03G01185110","rna","C1-",1,"negative"
"rna__TraesNOR2D03G01252210","TraesNOR2D03G01252210","rna","C1-",1,"negative"
"rna__TraesNOR3B03G01622750","TraesNOR3B03G01622750","rna","C2-",2,"negative"
"rna__TraesNOR4D03G02466020","TraesNOR4D03G02466020","rna","C1-",1,"negative"
"rna__TraesNOR1A03G00083040","TraesNOR1A03G00083040","rna","C1-",1,"negative"
"rna__TraesNOR5D03G03133460","TraesNOR5D03G03133460","rna","C1-",1,"negative"
"rna__TraesNOR1D03G00582140","TraesNOR1D03G00582140","rna","C2-",2,"negative"
"rna__TraesNOR3D03G01980890","TraesNOR3D03G01980890","rna","C1-",1,"negative"
"rna__TraesNOR6B03G03470830","TraesNOR6B03G03470830","rna","C1-",1,"negative"
"rna__TraesNOR5B03G03024690","TraesNOR5B03G03024690","rna","C1-",1,"negative"
"rna__TraesNOR4A03G02234370","TraesNOR4A03G02234370","rna","C1-",1,"negative"
"rna__TraesNOR6A03G03443400","TraesNOR6A03G03443400","rna","C1+",1,"positive"
"rna__TraesNOR1D03G00539210","TraesNOR1D03G00539210","rna","C2+",2,"positive"
"rna__TraesNOR7D03G04422240","TraesNOR7D03G04422240","rna","C1-",1,"negative"
"rna__TraesNOR6D03G03808750","TraesNOR6D03G03808750","rna","C1-",1,"negative"
"rna__TraesNOR2D03G01288590","TraesNOR2D03G01288590","rna","C2+",2,"positive"
"rna__TraesNOR2B03G01044590","TraesNOR2B03G01044590","rna","C1-",1,"negative"
"rna__TraesNOR3D03G01985070","TraesNOR3D03G01985070","rna","C2+",2,"positive"
"rna__TraesNOR2A03G00653950","TraesNOR2A03G00653950","rna","C1-",1,"negative"
"rna__TraesNOR2D03G01289900","TraesNOR2D03G01289900","rna","C2+",2,"positive"
"rna__TraesNOR4B03G02261560","TraesNOR4B03G02261560","rna","C2+",2,"positive"
"rna__TraesNOR7D03G04333770","TraesNOR7D03G04333770","rna","C2-",2,"negative"
"rna__TraesNOR3D03G01847290","TraesNOR3D03G01847290","rna","C1-",1,"negative"
"rna__TraesNOR2A03G00606480","TraesNOR2A03G00606480","rna","C1-",1,"negative"
"rna__TraesNOR2B03G01027450","TraesNOR2B03G01027450","rna","C2+",2,"positive"
"rna__TraesNOR4A03G02138740","TraesNOR4A03G02138740","rna","C2+",2,"positive"
"rna__TraesNOR2B03G00899490","TraesNOR2B03G00899490","rna","C1-",1,"negative"
"rna__TraesNOR4D03G02565730","TraesNOR4D03G02565730","rna","C2+",2,"positive"
"rna__TraesNOR2D03G01238020","TraesNOR2D03G01238020","rna","C2+",2,"positive"
"rna__TraesNOR5B03G02976260","TraesNOR5B03G02976260","rna","C2+",2,"positive"
"rna__TraesNOR7D03G04461390","TraesNOR7D03G04461390","rna","C1-",1,"negative"
"rna__TraesNOR5A03G02744470","TraesNOR5A03G02744470","rna","C1-",1,"negative"
"rna__TraesNOR7B03G04227850","TraesNOR7B03G04227850","rna","C1-",1,"negative"
"rna__TraesNOR5B03G03035030","TraesNOR5B03G03035030","rna","C2+",2,"positive"
"rna__TraesNOR5A03G02807230","TraesNOR5A03G02807230","rna","C1-",1,"negative"
"rna__TraesNOR5A03G02783950","TraesNOR5A03G02783950","rna","C2+",2,"positive"
"rna__TraesNOR2A03G00655650","TraesNOR2A03G00655650","rna","C1-",1,"negative"
"rna__TraesNOR3B03G01803200","TraesNOR3B03G01803200","rna","C2+",2,"positive"
"rna__TraesNOR2B03G01066110","TraesNOR2B03G01066110","rna","C1-",1,"negative"
"rna__TraesNOR1B03G00361950","TraesNOR1B03G00361950","rna","C1-",1,"negative"
"rna__TraesNOR2D03G01172190","TraesNOR2D03G01172190","rna","C1-",1,"negative"
"rna__TraesNOR1D03G00538100","TraesNOR1D03G00538100","rna","C1-",1,"negative"
"rna__TraesNOR1B03G00321290","TraesNOR1B03G00321290","rna","C1-",1,"negative"
"rna__TraesNOR5D03G03079570","TraesNOR5D03G03079570","rna","C1+",1,"positive"
"rna__TraesNOR5D03G03208980","TraesNOR5D03G03208980","rna","C1-",1,"negative"
"rna__TraesNOR4D03G02567680","TraesNOR4D03G02567680","rna","C1-",1,"negative"
"rna__TraesNOR2D03G01199230","TraesNOR2D03G01199230","rna","C1-",1,"negative"
"rna__TraesNOR3D03G01963470","TraesNOR3D03G01963470","rna","C1-",1,"negative"
"rna__TraesNOR6D03G03738640","TraesNOR6D03G03738640","rna","C1-",1,"negative"
"rna__TraesNOR2A03G00732660","TraesNOR2A03G00732660","rna","C1-",1,"negative"
"rna__TraesNOR2A03G00727530","TraesNOR2A03G00727530","rna","C1-",1,"negative"
"rna__TraesNOR5B03G03008080","TraesNOR5B03G03008080","rna","C2+",2,"positive"
"rna__TraesNOR4D03G02458920","TraesNOR4D03G02458920","rna","C2+",2,"positive"
"rna__TraesNOR5B03G02948440","TraesNOR5B03G02948440","rna","C2-",2,"negative"
"rna__TraesNOR4B03G02422220","TraesNOR4B03G02422220","rna","C2+",2,"positive"
"rna__TraesNOR6B03G03636380","TraesNOR6B03G03636380","rna","C2-",2,"negative"
"rna__TraesNOR4A03G02144370","TraesNOR4A03G02144370","rna","C1-",1,"negative"
"rna__TraesNOR4A03G02061590","TraesNOR4A03G02061590","rna","C1-",1,"negative"
"rna__TraesNOR4A03G02140840","TraesNOR4A03G02140840","rna","C1-",1,"negative"
"rna__TraesNOR5D03G03094430","TraesNOR5D03G03094430","rna","C1-",1,"negative"
"rna__TraesNOR4A03G02176030","TraesNOR4A03G02176030","rna","C1+",1,"positive"
"rna__TraesNOR4A03G02145120","TraesNOR4A03G02145120","rna","C1-",1,"negative"
"rna__TraesNOR4D03G02525880","TraesNOR4D03G02525880","rna","C1-",1,"negative"
"rna__TraesNOR6A03G03420140","TraesNOR6A03G03420140","rna","C1+",1,"positive"
"rna__TraesNOR4D03G02486890","TraesNOR4D03G02486890","rna","C1-",1,"negative"
"rna__TraesNOR4A03G02075240","TraesNOR4A03G02075240","rna","C1-",1,"negative"
"rna__TraesNOR6D03G03779910","TraesNOR6D03G03779910","rna","C1-",1,"negative"
"rna__TraesNOR6D03G03802870","TraesNOR6D03G03802870","rna","C2+",2,"positive"
"rna__TraesNOR5B03G02967270","TraesNOR5B03G02967270","rna","C1-",1,"negative"
"rna__TraesNOR2D03G01295530","TraesNOR2D03G01295530","rna","C1-",1,"negative"
"rna__TraesNOR6D03G03765110","TraesNOR6D03G03765110","rna","C1-",1,"negative"
"rna__TraesNOR2D03G01314630","TraesNOR2D03G01314630","rna","C1-",1,"negative"
"rna__TraesNOR5D03G03070260","TraesNOR5D03G03070260","rna","C1-",1,"negative"
"rna__TraesNOR6A03G03383350","TraesNOR6A03G03383350","rna","C2+",2,"positive"
"rna__TraesNOR4D03G02544960","TraesNOR4D03G02544960","rna","C2+",2,"positive"
"rna__TraesNOR7D03G04407950","TraesNOR7D03G04407950","rna","C1-",1,"negative"
"rna__TraesNOR3A03G01465930","TraesNOR3A03G01465930","rna","C2-",2,"negative"
"rna__TraesNOR4A03G02175870","TraesNOR4A03G02175870","rna","C1-",1,"negative"
"rna__TraesNOR7A03G03977290","TraesNOR7A03G03977290","rna","C1-",1,"negative"
"rna__TraesNOR2D03G01292420","TraesNOR2D03G01292420","rna","C1-",1,"negative"
"rna__TraesNOR4A03G02065100","TraesNOR4A03G02065100","rna","C1-",1,"negative"
"rna__TraesNOR1A03G00038470","TraesNOR1A03G00038470","rna","C2+",2,"positive"
"rna__TraesNOR2A03G00778950","TraesNOR2A03G00778950","rna","C1-",1,"negative"
"rna__TraesNOR5B03G02994020","TraesNOR5B03G02994020","rna","C2-",2,"negative"
"rna__TraesNOR6A03G03277480","TraesNOR6A03G03277480","rna","C2+",2,"positive"
"rna__TraesNOR7B03G04165890","TraesNOR7B03G04165890","rna","C2-",2,"negative"
"rna__TraesNOR5A03G02593840","TraesNOR5A03G02593840","rna","C1-",1,"negative"
"rna__TraesNOR5A03G02785120","TraesNOR5A03G02785120","rna","C1-",1,"negative"
"rna__TraesNOR3A03G01380840","TraesNOR3A03G01380840","rna","C2-",2,"negative"
"rna__TraesNOR2D03G01224090","TraesNOR2D03G01224090","rna","C1-",1,"negative"
"rna__TraesNOR2D03G01308350","TraesNOR2D03G01308350","rna","C1-",1,"negative"
"rna__TraesNOR6B03G03627380","TraesNOR6B03G03627380","rna","C1-",1,"negative"
"rna__TraesNOR7D03G04344150","TraesNOR7D03G04344150","rna","C1-",1,"negative"
"rna__TraesNOR6D03G03773480","TraesNOR6D03G03773480","rna","C1-",1,"negative"
"rna__TraesNOR4D03G02462090","TraesNOR4D03G02462090","rna","C2+",2,"positive"
"rna__TraesNOR5B03G02986110","TraesNOR5B03G02986110","rna","C1-",1,"negative"
"rna__TraesNOR5B03G03039650","TraesNOR5B03G03039650","rna","C1-",1,"negative"
"rna__TraesNOR3D03G01929090","TraesNOR3D03G01929090","rna","C1-",1,"negative"
"rna__TraesNOR2B03G01031820","TraesNOR2B03G01031820","rna","C2+",2,"positive"
"rna__TraesNOR7B03G04226090","TraesNOR7B03G04226090","rna","C1-",1,"negative"
"rna__TraesNOR7D03G04542220","TraesNOR7D03G04542220","rna","C1-",1,"negative"
"rna__TraesNOR3B03G01694440","TraesNOR3B03G01694440","rna","C1-",1,"negative"
"rna__TraesNOR6B03G03458550","TraesNOR6B03G03458550","rna","C2-",2,"negative"
"rna__TraesNOR6D03G03709000","TraesNOR6D03G03709000","rna","C1-",1,"negative"
"rna__TraesNOR2D03G01124400","TraesNOR2D03G01124400","rna","C2-",2,"negative"
"rna__TraesNOR3B03G01786870","TraesNOR3B03G01786870","rna","C2+",2,"positive"
"rna__TraesNOR7D03G04464550","TraesNOR7D03G04464550","rna","C1-",1,"negative"
"rna__TraesNOR5D03G03066230","TraesNOR5D03G03066230","rna","C2+",2,"positive"
"rna__TraesNOR6B03G03583590","TraesNOR6B03G03583590","rna","C2+",2,"positive"
"rna__TraesNOR6D03G03695880","TraesNOR6D03G03695880","rna","C1+",1,"positive"
"rna__TraesNOR4D03G02432380","TraesNOR4D03G02432380","rna","C2+",2,"positive"
"rna__TraesNOR2A03G00667510","TraesNOR2A03G00667510","rna","C1-",1,"negative"
"rna__TraesNOR5A03G02809020","TraesNOR5A03G02809020","rna","C1-",1,"negative"
"rna__TraesNOR5A03G02709050","TraesNOR5A03G02709050","rna","C1-",1,"negative"
"rna__TraesNOR3B03G01638440","TraesNOR3B03G01638440","rna","C1-",1,"negative"
"rna__TraesNOR2D03G01131690","TraesNOR2D03G01131690","rna","C1-",1,"negative"
"rna__TraesNOR6D03G03732050","TraesNOR6D03G03732050","rna","C2+",2,"positive"
"rna__TraesNOR2A03G00596230","TraesNOR2A03G00596230","rna","C1-",1,"negative"
"rna__TraesNOR1D03G00552620","TraesNOR1D03G00552620","rna","C1+",1,"positive"
"rna__TraesNOR5D03G03079160","TraesNOR5D03G03079160","rna","C1+",1,"positive"
"rna__TraesNOR5D03G03184120","TraesNOR5D03G03184120","rna","C1-",1,"negative"
"rna__TraesNOR5B03G03010070","TraesNOR5B03G03010070","rna","C1-",1,"negative"
"rna__TraesNOR2B03G00921820","TraesNOR2B03G00921820","rna","C1-",1,"negative"
"rna__TraesNOR2A03G00754570","TraesNOR2A03G00754570","rna","C1-",1,"negative"
"rna__TraesNOR5A03G02775560","TraesNOR5A03G02775560","rna","C1-",1,"negative"
"rna__TraesNOR3D03G01965880","TraesNOR3D03G01965880","rna","C1-",1,"negative"
"rna__TraesNOR3D03G01965540","TraesNOR3D03G01965540","rna","C1-",1,"negative"
"rna__TraesNOR3D03G01915960","TraesNOR3D03G01915960","rna","C2+",2,"positive"
"rna__TraesNOR4B03G02425390","TraesNOR4B03G02425390","rna","C1-",1,"negative"
"rna__TraesNOR4B03G02280620","TraesNOR4B03G02280620","rna","C2+",2,"positive"
"rna__TraesNOR3A03G01485370","TraesNOR3A03G01485370","rna","C2+",2,"positive"
"rna__TraesNOR6B03G03536010","TraesNOR6B03G03536010","rna","C1-",1,"negative"
"rna__TraesNOR7D03G04492200","TraesNOR7D03G04492200","rna","C2-",2,"negative"
"rna__TraesNOR1D03G00492000","TraesNOR1D03G00492000","rna","C1-",1,"negative"
"rna__TraesNOR4D03G02474890","TraesNOR4D03G02474890","rna","C1-",1,"negative"
"rna__TraesNOR1D03G00430870","TraesNOR1D03G00430870","rna","C1-",1,"negative"
"rna__TraesNOR4D03G02457770","TraesNOR4D03G02457770","rna","C1-",1,"negative"
"rna__TraesNOR1B03G00324510","TraesNOR1B03G00324510","rna","C1-",1,"negative"
"rna__TraesNOR6B03G03613590","TraesNOR6B03G03613590","rna","C2+",2,"positive"
"rna__TraesNOR2A03G00638850","TraesNOR2A03G00638850","rna","C1-",1,"negative"
"rna__TraesNOR6D03G03828530","TraesNOR6D03G03828530","rna","C2-",2,"negative"
"rna__TraesNOR2A03G00738270","TraesNOR2A03G00738270","rna","C1-",1,"negative"
"rna__TraesNOR6D03G03813920","TraesNOR6D03G03813920","rna","C2+",2,"positive"
"rna__TraesNOR4B03G02271540","TraesNOR4B03G02271540","rna","C1+",1,"positive"
"rna__TraesNOR7A03G03864340","TraesNOR7A03G03864340","rna","C1+",1,"positive"
"rna__TraesNOR2D03G01221740","TraesNOR2D03G01221740","rna","C1-",1,"negative"
"rna__TraesNOR6D03G03782300","TraesNOR6D03G03782300","rna","C1-",1,"negative"
"rna__TraesNOR4D03G02448270","TraesNOR4D03G02448270","rna","C1-",1,"negative"
"rna__TraesNOR3D03G01955050","TraesNOR3D03G01955050","rna","C2-",2,"negative"
"rna__TraesNOR6D03G03828630","TraesNOR6D03G03828630","rna","C1+",1,"positive"
"rna__TraesNOR1A03G00085870","TraesNOR1A03G00085870","rna","C1-",1,"negative"
"rna__TraesNOR3D03G01889610","TraesNOR3D03G01889610","rna","C1-",1,"negative"
"rna__TraesNOR5D03G03220190","TraesNOR5D03G03220190","rna","C1-",1,"negative"
"rna__TraesNOR6B03G03600390","TraesNOR6B03G03600390","rna","C1-",1,"negative"
"rna__TraesNOR4D03G02507420","TraesNOR4D03G02507420","rna","C1-",1,"negative"
"rna__TraesNOR7A03G04057900","TraesNOR7A03G04057900","rna","C1-",1,"negative"
"rna__TraesNOR5B03G03021650","TraesNOR5B03G03021650","rna","C1-",1,"negative"
"rna__TraesNOR3D03G01839580","TraesNOR3D03G01839580","rna","C1-",1,"negative"
"rna__TraesNOR5B03G03046790","TraesNOR5B03G03046790","rna","C1-",1,"negative"
"rna__TraesNOR4A03G02191570","TraesNOR4A03G02191570","rna","C1+",1,"positive"
"rna__TraesNOR3A03G01331660","TraesNOR3A03G01331660","rna","C1-",1,"negative"
"rna__TraesNOR2D03G01153010","TraesNOR2D03G01153010","rna","C1-",1,"negative"
"rna__TraesNOR2A03G00754060","TraesNOR2A03G00754060","rna","C1-",1,"negative"
"rna__TraesNOR4D03G02523890","TraesNOR4D03G02523890","rna","C1-",1,"negative"
"rna__TraesNOR4A03G02126020","TraesNOR4A03G02126020","rna","C1-",1,"negative"
"rna__TraesNOR1B03G00287920","TraesNOR1B03G00287920","rna","C1-",1,"negative"
"rna__TraesNOR6A03G03405390","TraesNOR6A03G03405390","rna","C1-",1,"negative"
"rna__TraesNOR1D03G00549630","TraesNOR1D03G00549630","rna","C2-",2,"negative"
"rna__TraesNOR5A03G02749250","TraesNOR5A03G02749250","rna","C1-",1,"negative"
"rna__TraesNOR4B03G02330080","TraesNOR4B03G02330080","rna","C1-",1,"negative"
"rna__TraesNOR7D03G04350380","TraesNOR7D03G04350380","rna","C1-",1,"negative"
"rna__TraesNOR1B03G00344150","TraesNOR1B03G00344150","rna","C2+",2,"positive"
"rna__TraesNOR3B03G01762620","TraesNOR3B03G01762620","rna","C1-",1,"negative"
"rna__TraesNOR5D03G03158690","TraesNOR5D03G03158690","rna","C1-",1,"negative"
"rna__TraesNOR5A03G02678530","TraesNOR5A03G02678530","rna","C1-",1,"negative"
"rna__TraesNOR3D03G01920050","TraesNOR3D03G01920050","rna","C1-",1,"negative"
"rna__TraesNOR3B03G01719800","TraesNOR3B03G01719800","rna","C1-",1,"negative"
"rna__TraesNOR5B03G02929520","TraesNOR5B03G02929520","rna","C2+",2,"positive"
"rna__TraesNOR2A03G00633780","TraesNOR2A03G00633780","rna","C1-",1,"negative"
"rna__TraesNOR2A03G00733440","TraesNOR2A03G00733440","rna","C2-",2,"negative"
"rna__TraesNOR2D03G01205410","TraesNOR2D03G01205410","rna","C2-",2,"negative"
"rna__TraesNOR3B03G01689950","TraesNOR3B03G01689950","rna","C1-",1,"negative"
"rna__TraesNOR2B03G00933050","TraesNOR2B03G00933050","rna","C1-",1,"negative"
"rna__TraesNOR1A03G00136350","TraesNOR1A03G00136350","rna","C1-",1,"negative"
"rna__TraesNOR1B03G00394470","TraesNOR1B03G00394470","rna","C2+",2,"positive"
"rna__TraesNOR3D03G01945910","TraesNOR3D03G01945910","rna","C1-",1,"negative"
"rna__TraesNOR3D03G01865080","TraesNOR3D03G01865080","rna","C1-",1,"negative"
"rna__TraesNOR2D03G01202200","TraesNOR2D03G01202200","rna","C1-",1,"negative"
"rna__TraesNOR4A03G02178640","TraesNOR4A03G02178640","rna","C1-",1,"negative"
"rna__TraesNOR2D03G01298060","TraesNOR2D03G01298060","rna","C1-",1,"negative"
"rna__TraesNOR6A03G03382470","TraesNOR6A03G03382470","rna","C1-",1,"negative"
"rna__TraesNOR3B03G01733760","TraesNOR3B03G01733760","rna","C1-",1,"negative"
"rna__TraesNOR7D03G04399400","TraesNOR7D03G04399400","rna","C1-",1,"negative"
"rna__TraesNOR4B03G02381910","TraesNOR4B03G02381910","rna","C2+",2,"positive"
"rna__TraesNOR4B03G02382850","TraesNOR4B03G02382850","rna","C2+",2,"positive"
"rna__TraesNOR2A03G00801660","TraesNOR2A03G00801660","rna","C2+",2,"positive"
"rna__TraesNOR1D03G00444630","TraesNOR1D03G00444630","rna","C1-",1,"negative"
"rna__TraesNOR5D03G03258660","TraesNOR5D03G03258660","rna","C1-",1,"negative"
"rna__TraesNOR1D03G00513470","TraesNOR1D03G00513470","rna","C1-",1,"negative"
"rna__TraesNOR1B03G00293740","TraesNOR1B03G00293740","rna","C1-",1,"negative"
"rna__TraesNOR2D03G01250630","TraesNOR2D03G01250630","rna","C1-",1,"negative"
"rna__TraesNOR5D03G03159840","TraesNOR5D03G03159840","rna","C2+",2,"positive"
"rna__TraesNOR1D03G00548030","TraesNOR1D03G00548030","rna","C2-",2,"negative"
"rna__TraesNOR2B03G01083870","TraesNOR2B03G01083870","rna","C1+",1,"positive"
"rna__TraesNOR2A03G00778960","TraesNOR2A03G00778960","rna","C1-",1,"negative"
"rna__TraesNOR2D03G01153540","TraesNOR2D03G01153540","rna","C1+",1,"positive"
"rna__TraesNOR7B03G04207760","TraesNOR7B03G04207760","rna","C1-",1,"negative"
"rna__TraesNOR3A03G01383320","TraesNOR3A03G01383320","rna","C1-",1,"negative"
"rna__TraesNOR1D03G00485810","TraesNOR1D03G00485810","rna","C1-",1,"negative"
"rna__TraesNOR6B03G03645930","TraesNOR6B03G03645930","rna","C2+",2,"positive"
"rna__TraesNOR2A03G00805790","TraesNOR2A03G00805790","rna","C1-",1,"negative"
"rna__TraesNOR5D03G03092240","TraesNOR5D03G03092240","rna","C1-",1,"negative"
"rna__TraesNOR4D03G02569750","TraesNOR4D03G02569750","rna","C2+",2,"positive"
"rna__TraesNOR7A03G03999410","TraesNOR7A03G03999410","rna","C2+",2,"positive"
"rna__TraesNOR4A03G02175500","TraesNOR4A03G02175500","rna","C1-",1,"negative"
"rna__TraesNOR7A03G03882150","TraesNOR7A03G03882150","rna","C1+",1,"positive"
"rna__TraesNOR3A03G01480520","TraesNOR3A03G01480520","rna","C1-",1,"negative"
"rna__TraesNOR2A03G00676490","TraesNOR2A03G00676490","rna","C1-",1,"negative"
"rna__TraesNOR2B03G00966200","TraesNOR2B03G00966200","rna","C1-",1,"negative"
"rna__TraesNOR2A03G00760290","TraesNOR2A03G00760290","rna","C1-",1,"negative"
"rna__TraesNOR2D03G01166300","TraesNOR2D03G01166300","rna","C1-",1,"negative"
"rna__TraesNOR3D03G01989620","TraesNOR3D03G01989620","rna","C1-",1,"negative"
"rna__TraesNOR2D03G01135910","TraesNOR2D03G01135910","rna","C1+",1,"positive"
"rna__TraesNOR2B03G00941850","TraesNOR2B03G00941850","rna","C1-",1,"negative"
"rna__TraesNOR6B03G03640310","TraesNOR6B03G03640310","rna","C1-",1,"negative"
"rna__TraesNOR1A03G00023360","TraesNOR1A03G00023360","rna","C1-",1,"negative"
"rna__TraesNOR5B03G03050780","TraesNOR5B03G03050780","rna","C1-",1,"negative"
"rna__TraesNOR2B03G00878220","TraesNOR2B03G00878220","rna","C2+",2,"positive"
"rna__TraesNOR4B03G02388340","TraesNOR4B03G02388340","rna","C2+",2,"positive"
"rna__TraesNOR5D03G03055960","TraesNOR5D03G03055960","rna","C1-",1,"negative"
"rna__TraesNOR1A03G00117510","TraesNOR1A03G00117510","rna","C1-",1,"negative"
"rna__TraesNOR1D03G00523950","TraesNOR1D03G00523950","rna","C2+",2,"positive"
"rna__TraesNOR3B03G01610530","TraesNOR3B03G01610530","rna","C2+",2,"positive"
"rna__TraesNOR6D03G03717280","TraesNOR6D03G03717280","rna","C2-",2,"negative"
"rna__TraesNOR3D03G01994610","TraesNOR3D03G01994610","rna","C1-",1,"negative"
"rna__TraesNOR2D03G01133970","TraesNOR2D03G01133970","rna","C2+",2,"positive"
"rna__TraesNOR3B03G01611300","TraesNOR3B03G01611300","rna","C2+",2,"positive"
"rna__TraesNOR5A03G02712470","TraesNOR5A03G02712470","rna","C2+",2,"positive"
"rna__TraesNOR4D03G02512620","TraesNOR4D03G02512620","rna","C1-",1,"negative"
"rna__TraesNOR4D03G02461770","TraesNOR4D03G02461770","rna","C2-",2,"negative"
"rna__TraesNOR5A03G02790270","TraesNOR5A03G02790270","rna","C2+",2,"positive"
"rna__TraesNOR2B03G01055860","TraesNOR2B03G01055860","rna","C2+",2,"positive"
"rna__TraesNOR7D03G04516060","TraesNOR7D03G04516060","rna","C1-",1,"negative"
"rna__TraesNOR2A03G00803350","TraesNOR2A03G00803350","rna","C2+",2,"positive"
"rna__TraesNOR6A03G03398900","TraesNOR6A03G03398900","rna","C1-",1,"negative"
"rna__TraesNOR5A03G02799430","TraesNOR5A03G02799430","rna","C1-",1,"negative"
"rna__TraesNOR3D03G01953480","TraesNOR3D03G01953480","rna","C2+",2,"positive"
"rna__TraesNOR4B03G02413190","TraesNOR4B03G02413190","rna","C1-",1,"negative"
"rna__TraesNOR3B03G01755880","TraesNOR3B03G01755880","rna","C2+",2,"positive"
"rna__TraesNOR7D03G04455450","TraesNOR7D03G04455450","rna","C1-",1,"negative"
"rna__TraesNOR5A03G02801130","TraesNOR5A03G02801130","rna","C1-",1,"negative"
"rna__TraesNOR1A03G00163550","TraesNOR1A03G00163550","rna","C1-",1,"negative"
"rna__TraesNOR7D03G04459560","TraesNOR7D03G04459560","rna","C1-",1,"negative"
"rna__TraesNOR5A03G02755700","TraesNOR5A03G02755700","rna","C2+",2,"positive"
"rna__TraesNOR3D03G01908200","TraesNOR3D03G01908200","rna","C2+",2,"positive"
"rna__TraesNOR1B03G00204450","TraesNOR1B03G00204450","rna","C1-",1,"negative"
"rna__TraesNOR5D03G03264640","TraesNOR5D03G03264640","rna","C1-",1,"negative"
"rna__TraesNOR7D03G04455060","TraesNOR7D03G04455060","rna","C1-",1,"negative"
"rna__TraesNOR1D03G00452910","TraesNOR1D03G00452910","rna","C1+",1,"positive"
"rna__TraesNOR2D03G01235770","TraesNOR2D03G01235770","rna","C2+",2,"positive"
"rna__TraesNOR5B03G02989680","TraesNOR5B03G02989680","rna","C2+",2,"positive"
"rna__TraesNOR1D03G00454980","TraesNOR1D03G00454980","rna","C1-",1,"negative"
"rna__TraesNOR6B03G03497120","TraesNOR6B03G03497120","rna","C1-",1,"negative"
"rna__TraesNOR2D03G01195830","TraesNOR2D03G01195830","rna","C2+",2,"positive"
"rna__TraesNOR1D03G00505400","TraesNOR1D03G00505400","rna","C2-",2,"negative"
"rna__TraesNOR6A03G03404340","TraesNOR6A03G03404340","rna","C1-",1,"negative"
"rna__TraesNOR2D03G01223610","TraesNOR2D03G01223610","rna","C1-",1,"negative"
"rna__TraesNOR5A03G02586730","TraesNOR5A03G02586730","rna","C2+",2,"positive"
"rna__TraesNOR1B03G00403960","TraesNOR1B03G00403960","rna","C1+",1,"positive"
"rna__TraesNOR2B03G01025030","TraesNOR2B03G01025030","rna","C1+",1,"positive"
"rna__TraesNOR2D03G01258090","TraesNOR2D03G01258090","rna","C1-",1,"negative"
"rna__TraesNOR4D03G02464990","TraesNOR4D03G02464990","rna","C1-",1,"negative"
"rna__TraesNOR1A03G00037620","TraesNOR1A03G00037620","rna","C1-",1,"negative"
"rna__TraesNOR4B03G02248010","TraesNOR4B03G02248010","rna","C1-",1,"negative"
"rna__TraesNOR5D03G03138560","TraesNOR5D03G03138560","rna","C1-",1,"negative"
"rna__TraesNOR3A03G01506840","TraesNOR3A03G01506840","rna","C1-",1,"negative"
"rna__TraesNOR3B03G01750020","TraesNOR3B03G01750020","rna","C1-",1,"negative"
"rna__TraesNOR3D03G01917870","TraesNOR3D03G01917870","rna","C1-",1,"negative"
"rna__TraesNOR4A03G02169570","TraesNOR4A03G02169570","rna","C2+",2,"positive"
"rna__TraesNOR1B03G00394260","TraesNOR1B03G00394260","rna","C1-",1,"negative"
"rna__TraesNOR7D03G04423630","TraesNOR7D03G04423630","rna","C1-",1,"negative"
"rna__TraesNOR2A03G00638470","TraesNOR2A03G00638470","rna","C2+",2,"positive"
"rna__TraesNOR6B03G03498320","TraesNOR6B03G03498320","rna","C1-",1,"negative"
"rna__TraesNOR5D03G03218120","TraesNOR5D03G03218120","rna","C1-",1,"negative"
"rna__TraesNOR6A03G03269750","TraesNOR6A03G03269750","rna","C1+",1,"positive"
"rna__TraesNOR5D03G03102780","TraesNOR5D03G03102780","rna","C1-",1,"negative"
"rna__TraesNOR3D03G01924610","TraesNOR3D03G01924610","rna","C1-",1,"negative"
"rna__TraesNOR2B03G00958300","TraesNOR2B03G00958300","rna","C1-",1,"negative"
"rna__TraesNOR5B03G02917990","TraesNOR5B03G02917990","rna","C1-",1,"negative"
"rna__TraesNOR6B03G03471810","TraesNOR6B03G03471810","rna","C2+",2,"positive"
"rna__TraesNOR5B03G02820980","TraesNOR5B03G02820980","rna","C2+",2,"positive"
"rna__TraesNOR2B03G00973200","TraesNOR2B03G00973200","rna","C1-",1,"negative"
"rna__TraesNOR2D03G01265000","TraesNOR2D03G01265000","rna","C1+",1,"positive"
"rna__TraesNOR3D03G01984190","TraesNOR3D03G01984190","rna","C1-",1,"negative"
"rna__TraesNOR3B03G01561130","TraesNOR3B03G01561130","rna","C1-",1,"negative"
"rna__TraesNOR3A03G01506210","TraesNOR3A03G01506210","rna","C1-",1,"negative"
"rna__TraesNOR7B03G04314470","TraesNOR7B03G04314470","rna","C1-",1,"negative"
"rna__TraesNOR5D03G03255900","TraesNOR5D03G03255900","rna","C1+",1,"positive"
"rna__TraesNOR4D03G02514290","TraesNOR4D03G02514290","rna","C1-",1,"negative"
"rna__TraesNOR1B03G00325130","TraesNOR1B03G00325130","rna","C1-",1,"negative"
"rna__TraesNOR4B03G02335660","TraesNOR4B03G02335660","rna","C1-",1,"negative"
"rna__TraesNOR3D03G01889070","TraesNOR3D03G01889070","rna","C2+",2,"positive"
"rna__TraesNOR1A03G00023440","TraesNOR1A03G00023440","rna","C1+",1,"positive"
"rna__TraesNOR3A03G01337450","TraesNOR3A03G01337450","rna","C1-",1,"negative"
"rna__TraesNOR5A03G02691530","TraesNOR5A03G02691530","rna","C2+",2,"positive"
"rna__TraesNOR2B03G01071250","TraesNOR2B03G01071250","rna","C1+",1,"positive"
"rna__TraesNOR5A03G02782120","TraesNOR5A03G02782120","rna","C1-",1,"negative"
"rna__TraesNOR1B03G00229270","TraesNOR1B03G00229270","rna","C1+",1,"positive"
"rna__TraesNOR2A03G00625180","TraesNOR2A03G00625180","rna","C1+",1,"positive"
"rna__TraesNOR2D03G01165660","TraesNOR2D03G01165660","rna","C1-",1,"negative"
"rna__TraesNOR5A03G02790260","TraesNOR5A03G02790260","rna","C1-",1,"negative"
"rna__TraesNOR4A03G02168450","TraesNOR4A03G02168450","rna","C1+",1,"positive"
"rna__TraesNOR3A03G01497550","TraesNOR3A03G01497550","rna","C1-",1,"negative"
"rna__TraesNOR3D03G01971530","TraesNOR3D03G01971530","rna","C2-",2,"negative"
"rna__TraesNOR7B03G04236480","TraesNOR7B03G04236480","rna","C1+",1,"positive"
"rna__TraesNOR6A03G03300830","TraesNOR6A03G03300830","rna","C2+",2,"positive"
"rna__TraesNOR3D03G01969670","TraesNOR3D03G01969670","rna","C1-",1,"negative"
"rna__TraesNOR4D03G02487390","TraesNOR4D03G02487390","rna","C2+",2,"positive"
"rna__TraesNOR3D03G01836490","TraesNOR3D03G01836490","rna","C2-",2,"negative"
"rna__TraesNOR3B03G01785750","TraesNOR3B03G01785750","rna","C2+",2,"positive"
"rna__TraesNOR5B03G02904270","TraesNOR5B03G02904270","rna","C1-",1,"negative"
"rna__TraesNOR7D03G04328170","TraesNOR7D03G04328170","rna","C1+",1,"positive"
"rna__TraesNOR7B03G04103020","TraesNOR7B03G04103020","rna","C1+",1,"positive"
"rna__TraesNOR5B03G02905730","TraesNOR5B03G02905730","rna","C2+",2,"positive"
"rna__TraesNOR5A03G02799250","TraesNOR5A03G02799250","rna","C1-",1,"negative"
"rna__TraesNOR5D03G03217890","TraesNOR5D03G03217890","rna","C1-",1,"negative"
"rna__TraesNOR1D03G00570400","TraesNOR1D03G00570400","rna","C1-",1,"negative"
"rna__TraesNOR2D03G01292430","TraesNOR2D03G01292430","rna","C1-",1,"negative"
"rna__TraesNOR2D03G01262710","TraesNOR2D03G01262710","rna","C1-",1,"negative"
"rna__TraesNOR5D03G03199340","TraesNOR5D03G03199340","rna","C1-",1,"negative"
"rna__TraesNOR6D03G03700890","TraesNOR6D03G03700890","rna","C2-",2,"negative"
"rna__TraesNOR7D03G04386560","TraesNOR7D03G04386560","rna","C1-",1,"negative"
"rna__TraesNOR5B03G02907340","TraesNOR5B03G02907340","rna","C2+",2,"positive"
"rna__TraesNOR4A03G02159110","TraesNOR4A03G02159110","rna","C1+",1,"positive"
"rna__TraesNOR5B03G02857960","TraesNOR5B03G02857960","rna","C1-",1,"negative"
"rna__TraesNOR3A03G01368630","TraesNOR3A03G01368630","rna","C2+",2,"positive"
"rna__TraesNOR1B03G00250480","TraesNOR1B03G00250480","rna","C2+",2,"positive"
"rna__TraesNOR1A03G00096290","TraesNOR1A03G00096290","rna","C1-",1,"negative"
"rna__TraesNOR7A03G03858840","TraesNOR7A03G03858840","rna","C1-",1,"negative"
"rna__TraesNOR4D03G02473180","TraesNOR4D03G02473180","rna","C1-",1,"negative"
"rna__TraesNOR2D03G01163530","TraesNOR2D03G01163530","rna","C2+",2,"positive"
"rna__TraesNOR4D03G02553100","TraesNOR4D03G02553100","rna","C2-",2,"negative"
"rna__TraesNOR2D03G01168840","TraesNOR2D03G01168840","rna","C1-",1,"negative"
"rna__TraesNOR2A03G00760560","TraesNOR2A03G00760560","rna","C1-",1,"negative"
"rna__TraesNOR2A03G00594680","TraesNOR2A03G00594680","rna","C2+",2,"positive"
"rna__TraesNOR3B03G01555600","TraesNOR3B03G01555600","rna","C1-",1,"negative"
"rna__TraesNOR1B03G00319940","TraesNOR1B03G00319940","rna","C1-",1,"negative"
"rna__TraesNOR7D03G04461810","TraesNOR7D03G04461810","rna","C2-",2,"negative"
"rna__TraesNOR7D03G04447560","TraesNOR7D03G04447560","rna","C1+",1,"positive"
"rna__TraesNOR4D03G02548380","TraesNOR4D03G02548380","rna","C2-",2,"negative"
"rna__TraesNOR6D03G03812860","TraesNOR6D03G03812860","rna","C2+",2,"positive"
"rna__TraesNOR1D03G00515070","TraesNOR1D03G00515070","rna","C2+",2,"positive"
"rna__TraesNOR5D03G03228620","TraesNOR5D03G03228620","rna","C2-",2,"negative"
"rna__TraesNOR6D03G03797470","TraesNOR6D03G03797470","rna","C2-",2,"negative"
"rna__TraesNOR7A03G03891500","TraesNOR7A03G03891500","rna","C1+",1,"positive"
"rna__TraesNOR1D03G00572410","TraesNOR1D03G00572410","rna","C2+",2,"positive"
"rna__TraesNOR5A03G02795820","TraesNOR5A03G02795820","rna","C1-",1,"negative"
"rna__TraesNOR1D03G00523710","TraesNOR1D03G00523710","rna","C2+",2,"positive"
"rna__TraesNOR7B03G04211760","TraesNOR7B03G04211760","rna","C1-",1,"negative"
"rna__TraesNOR1D03G00503010","TraesNOR1D03G00503010","rna","C1-",1,"negative"
"rna__TraesNOR5D03G03137630","TraesNOR5D03G03137630","rna","C1-",1,"negative"
"rna__TraesNOR5D03G03201800","TraesNOR5D03G03201800","rna","C1-",1,"negative"
"rna__TraesNOR5B03G03030730","TraesNOR5B03G03030730","rna","C1-",1,"negative"
"rna__TraesNOR6D03G03776540","TraesNOR6D03G03776540","rna","C2+",2,"positive"
"rna__TraesNOR2B03G00843880","TraesNOR2B03G00843880","rna","C1+",1,"positive"
"rna__TraesNOR5A03G02758390","TraesNOR5A03G02758390","rna","C1-",1,"negative"
"rna__TraesNOR2D03G01275720","TraesNOR2D03G01275720","rna","C1-",1,"negative"
"rna__TraesNOR5D03G03239580","TraesNOR5D03G03239580","rna","C1-",1,"negative"
"rna__TraesNOR5A03G02753790","TraesNOR5A03G02753790","rna","C1-",1,"negative"
"rna__TraesNOR4B03G02370700","TraesNOR4B03G02370700","rna","C1-",1,"negative"
"rna__TraesNOR7D03G04386240","TraesNOR7D03G04386240","rna","C1-",1,"negative"
"rna__TraesNOR2D03G01106420","TraesNOR2D03G01106420","rna","C1-",1,"negative"
"rna__TraesNOR7D03G04322630","TraesNOR7D03G04322630","rna","C1+",1,"positive"
"rna__TraesNOR3B03G01619670","TraesNOR3B03G01619670","rna","C1-",1,"negative"
"rna__TraesNOR2D03G01116860","TraesNOR2D03G01116860","rna","C1-",1,"negative"
"rna__TraesNOR6B03G03521080","TraesNOR6B03G03521080","rna","C1-",1,"negative"
"rna__TraesNOR6A03G03413920","TraesNOR6A03G03413920","rna","C2-",2,"negative"
"rna__TraesNOR4D03G02441090","TraesNOR4D03G02441090","rna","C1-",1,"negative"
"rna__TraesNOR2D03G01186270","TraesNOR2D03G01186270","rna","C1-",1,"negative"
"rna__TraesNOR4B03G02299450","TraesNOR4B03G02299450","rna","C1-",1,"negative"
"rna__TraesNOR6D03G03746570","TraesNOR6D03G03746570","rna","C1-",1,"negative"
"rna__TraesNOR5D03G03219180","TraesNOR5D03G03219180","rna","C1+",1,"positive"
"rna__TraesNOR5A03G02752320","TraesNOR5A03G02752320","rna","C2+",2,"positive"
"rna__TraesNOR2A03G00747440","TraesNOR2A03G00747440","rna","C1+",1,"positive"
"rna__TraesNOR1D03G00512780","TraesNOR1D03G00512780","rna","C2+",2,"positive"
"rna__TraesNOR4D03G02474110","TraesNOR4D03G02474110","rna","C2+",2,"positive"
"rna__TraesNOR5A03G02591200","TraesNOR5A03G02591200","rna","C1+",1,"positive"
"rna__TraesNOR6B03G03455720","TraesNOR6B03G03455720","rna","C1-",1,"negative"
"rna__TraesNOR2D03G01264810","TraesNOR2D03G01264810","rna","C2-",2,"negative"
"rna__TraesNOR7B03G04207530","TraesNOR7B03G04207530","rna","C1-",1,"negative"
"rna__TraesNOR5A03G02594810","TraesNOR5A03G02594810","rna","C1-",1,"negative"
"rna__TraesNOR5D03G03097210","TraesNOR5D03G03097210","rna","C1-",1,"negative"
"rna__TraesNOR1D03G00547610","TraesNOR1D03G00547610","rna","C1-",1,"negative"
"rna__TraesNOR2B03G00985110","TraesNOR2B03G00985110","rna","C1-",1,"negative"
"rna__TraesNOR4D03G02469990","TraesNOR4D03G02469990","rna","C1+",1,"positive"
"rna__TraesNOR2B03G01042550","TraesNOR2B03G01042550","rna","C1-",1,"negative"
"rna__TraesNOR3D03G01943300","TraesNOR3D03G01943300","rna","C2+",2,"positive"
"rna__TraesNOR6B03G03656340","TraesNOR6B03G03656340","rna","C2-",2,"negative"
"rna__TraesNOR6B03G03541320","TraesNOR6B03G03541320","rna","C1-",1,"negative"
"rna__TraesNOR7A03G03877440","TraesNOR7A03G03877440","rna","C1+",1,"positive"
"rna__TraesNOR1D03G00450240","TraesNOR1D03G00450240","rna","C1-",1,"negative"
"rna__TraesNOR3A03G01462160","TraesNOR3A03G01462160","rna","C2+",2,"positive"
"rna__TraesNOR2B03G00875150","TraesNOR2B03G00875150","rna","C2+",2,"positive"
"rna__TraesNOR2A03G00749150","TraesNOR2A03G00749150","rna","C2+",2,"positive"
"rna__TraesNOR6D03G03783460","TraesNOR6D03G03783460","rna","C2+",2,"positive"
"rna__TraesNOR2D03G01227960","TraesNOR2D03G01227960","rna","C2+",2,"positive"
"rna__TraesNOR6D03G03682920","TraesNOR6D03G03682920","rna","C1+",1,"positive"
"rna__TraesNOR5D03G03220220","TraesNOR5D03G03220220","rna","C1-",1,"negative"
"rna__TraesNOR4B03G02298040","TraesNOR4B03G02298040","rna","C1+",1,"positive"
"rna__TraesNOR3D03G01974160","TraesNOR3D03G01974160","rna","C1-",1,"negative"
"rna__TraesNOR3A03G01353690","TraesNOR3A03G01353690","rna","C1-",1,"negative"
"rna__TraesNOR3B03G01566120","TraesNOR3B03G01566120","rna","C1-",1,"negative"
"rna__TraesNOR4A03G02178350","TraesNOR4A03G02178350","rna","C2+",2,"positive"
"rna__TraesNOR6D03G03717690","TraesNOR6D03G03717690","rna","C1-",1,"negative"
"rna__TraesNOR5D03G03249030","TraesNOR5D03G03249030","rna","C2+",2,"positive"
"rna__TraesNOR1D03G00486770","TraesNOR1D03G00486770","rna","C1-",1,"negative"
"rna__TraesNOR7D03G04508630","TraesNOR7D03G04508630","rna","C1-",1,"negative"
"rna__TraesNOR4D03G02512860","TraesNOR4D03G02512860","rna","C2+",2,"positive"
"rna__TraesNOR7A03G04000610","TraesNOR7A03G04000610","rna","C1+",1,"positive"
"rna__TraesNOR2A03G00762960","TraesNOR2A03G00762960","rna","C1-",1,"negative"
"rna__TraesNOR7D03G04441330","TraesNOR7D03G04441330","rna","C1-",1,"negative"
"rna__TraesNOR6A03G03404680","TraesNOR6A03G03404680","rna","C1-",1,"negative"
"rna__TraesNOR5D03G03264280","TraesNOR5D03G03264280","rna","C1-",1,"negative"
"rna__TraesNOR6B03G03608860","TraesNOR6B03G03608860","rna","C2+",2,"positive"
"rna__TraesNOR1B03G00310270","TraesNOR1B03G00310270","rna","C1-",1,"negative"
"rna__TraesNOR6B03G03490150","TraesNOR6B03G03490150","rna","C2+",2,"positive"
"rna__TraesNOR2A03G00729750","TraesNOR2A03G00729750","rna","C1-",1,"negative"
"rna__TraesNOR6A03G03385510","TraesNOR6A03G03385510","rna","C1-",1,"negative"
"rna__TraesNOR3B03G01711030","TraesNOR3B03G01711030","rna","C1-",1,"negative"
"rna__TraesNOR6A03G03264920","TraesNOR6A03G03264920","rna","C1-",1,"negative"
"rna__TraesNOR6D03G03729850","TraesNOR6D03G03729850","rna","C1-",1,"negative"
"rna__TraesNOR2D03G01289930","TraesNOR2D03G01289930","rna","C2+",2,"positive"
"rna__TraesNOR5A03G02665690","TraesNOR5A03G02665690","rna","C1-",1,"negative"
"rna__TraesNOR5B03G02932520","TraesNOR5B03G02932520","rna","C1-",1,"negative"
"rna__TraesNOR4B03G02360070","TraesNOR4B03G02360070","rna","C2-",2,"negative"
"rna__TraesNOR1D03G00556090","TraesNOR1D03G00556090","rna","C1+",1,"positive"
"rna__TraesNOR2D03G01219420","TraesNOR2D03G01219420","rna","C2-",2,"negative"
"rna__TraesNOR1B03G00232920","TraesNOR1B03G00232920","rna","C1-",1,"negative"
"rna__TraesNOR2B03G01001560","TraesNOR2B03G01001560","rna","C1-",1,"negative"
"rna__TraesNOR6A03G03267240","TraesNOR6A03G03267240","rna","C1-",1,"negative"
"rna__TraesNOR6D03G03796250","TraesNOR6D03G03796250","rna","C2+",2,"positive"
"rna__TraesNOR5D03G03225400","TraesNOR5D03G03225400","rna","C2+",2,"positive"
"rna__TraesNOR4B03G02356160","TraesNOR4B03G02356160","rna","C1-",1,"negative"
"rna__TraesNOR4D03G02524790","TraesNOR4D03G02524790","rna","C1-",1,"negative"
"rna__TraesNOR1A03G00136430","TraesNOR1A03G00136430","rna","C1-",1,"negative"
"rna__TraesNOR3A03G01471590","TraesNOR3A03G01471590","rna","C2+",2,"positive"
"rna__TraesNOR5D03G03162280","TraesNOR5D03G03162280","rna","C1-",1,"negative"
"rna__TraesNOR7B03G04147010","TraesNOR7B03G04147010","rna","C2+",2,"positive"
"rna__TraesNOR4D03G02532540","TraesNOR4D03G02532540","rna","C2+",2,"positive"
"rna__TraesNOR1B03G00282750","TraesNOR1B03G00282750","rna","C1+",1,"positive"
"rna__TraesNOR5A03G02597400","TraesNOR5A03G02597400","rna","C1-",1,"negative"
"rna__TraesNOR2D03G01206930","TraesNOR2D03G01206930","rna","C1-",1,"negative"
"rna__TraesNOR3A03G01484640","TraesNOR3A03G01484640","rna","C1-",1,"negative"
"rna__TraesNOR2D03G01185040","TraesNOR2D03G01185040","rna","C1-",1,"negative"
"rna__TraesNOR6B03G03492440","TraesNOR6B03G03492440","rna","C1-",1,"negative"
"rna__TraesNOR4B03G02263170","TraesNOR4B03G02263170","rna","C1-",1,"negative"
"rna__TraesNOR2D03G01202300","TraesNOR2D03G01202300","rna","C1-",1,"negative"
"rna__TraesNOR7A03G03992400","TraesNOR7A03G03992400","rna","C1-",1,"negative"
"rna__TraesNOR3A03G01493810","TraesNOR3A03G01493810","rna","C1+",1,"positive"
"rna__TraesNOR2B03G00928850","TraesNOR2B03G00928850","rna","C1-",1,"negative"
"rna__TraesNOR6B03G03494900","TraesNOR6B03G03494900","rna","C1-",1,"negative"
"rna__TraesNOR7D03G04436110","TraesNOR7D03G04436110","rna","C2-",2,"negative"
"rna__TraesNOR5A03G02667010","TraesNOR5A03G02667010","rna","C1-",1,"negative"
"rna__TraesNOR4B03G02284450","TraesNOR4B03G02284450","rna","C1-",1,"negative"
"rna__TraesNOR4B03G02253100","TraesNOR4B03G02253100","rna","C2+",2,"positive"
"rna__TraesNOR5B03G02878440","TraesNOR5B03G02878440","rna","C1-",1,"negative"
"rna__TraesNOR5B03G03002290","TraesNOR5B03G03002290","rna","C1-",1,"negative"
"rna__TraesNOR4A03G02193950","TraesNOR4A03G02193950","rna","C1-",1,"negative"
"rna__TraesNOR3D03G01856750","TraesNOR3D03G01856750","rna","C2-",2,"negative"
"rna__TraesNOR4A03G02161170","TraesNOR4A03G02161170","rna","C1-",1,"negative"
"rna__TraesNOR4B03G02336960","TraesNOR4B03G02336960","rna","C1-",1,"negative"
"rna__TraesNOR3B03G01685650","TraesNOR3B03G01685650","rna","C1-",1,"negative"
"rna__TraesNOR2D03G01104060","TraesNOR2D03G01104060","rna","C1-",1,"negative"
"rna__TraesNOR2B03G01067080","TraesNOR2B03G01067080","rna","C1-",1,"negative"
"rna__TraesNOR4B03G02408580","TraesNOR4B03G02408580","rna","C1+",1,"positive"
"rna__TraesNOR2D03G01267780","TraesNOR2D03G01267780","rna","C1-",1,"negative"
"rna__TraesNOR2B03G01029810","TraesNOR2B03G01029810","rna","C1-",1,"negative"
"rna__TraesNOR4B03G02272500","TraesNOR4B03G02272500","rna","C1-",1,"negative"
"rna__TraesNOR5B03G02876580","TraesNOR5B03G02876580","rna","C1-",1,"negative"
"rna__TraesNOR6B03G03591860","TraesNOR6B03G03591860","rna","C1-",1,"negative"
"rna__TraesNOR4A03G02155240","TraesNOR4A03G02155240","rna","C1-",1,"negative"
"rna__TraesNOR5D03G03151770","TraesNOR5D03G03151770","rna","C1-",1,"negative"
"rna__TraesNOR6B03G03608960","TraesNOR6B03G03608960","rna","C1-",1,"negative"
"rna__TraesNOR5B03G03024190","TraesNOR5B03G03024190","rna","C1-",1,"negative"
"rna__TraesNOR7B03G04141290","TraesNOR7B03G04141290","rna","C1-",1,"negative"
"rna__TraesNOR7A03G04016660","TraesNOR7A03G04016660","rna","C1-",1,"negative"
"rna__TraesNOR2D03G01248950","TraesNOR2D03G01248950","rna","C2-",2,"negative"
"rna__TraesNOR5A03G02758250","TraesNOR5A03G02758250","rna","C1-",1,"negative"
"rna__TraesNOR6D03G03737820","TraesNOR6D03G03737820","rna","C1-",1,"negative"
"rna__TraesNOR2A03G00804700","TraesNOR2A03G00804700","rna","C1-",1,"negative"
"rna__TraesNOR6D03G03790830","TraesNOR6D03G03790830","rna","C1-",1,"negative"
"rna__TraesNOR5A03G02780050","TraesNOR5A03G02780050","rna","C1-",1,"negative"
"rna__TraesNOR3D03G01831930","TraesNOR3D03G01831930","rna","C1-",1,"negative"
"rna__TraesNOR5B03G02921600","TraesNOR5B03G02921600","rna","C1-",1,"negative"
"rna__TraesNOR2A03G00601460","TraesNOR2A03G00601460","rna","C1-",1,"negative"
"rna__TraesNOR2A03G00686440","TraesNOR2A03G00686440","rna","C1-",1,"negative"
"rna__TraesNOR4B03G02421880","TraesNOR4B03G02421880","rna","C1-",1,"negative"
"rna__TraesNOR4D03G02551270","TraesNOR4D03G02551270","rna","C2+",2,"positive"
"rna__TraesNOR3B03G01821580","TraesNOR3B03G01821580","rna","C1-",1,"negative"
"rna__TraesNOR6D03G03795690","TraesNOR6D03G03795690","rna","C1-",1,"negative"
"rna__TraesNOR5A03G02764330","TraesNOR5A03G02764330","rna","C1-",1,"negative"
"rna__TraesNOR6A03G03429140","TraesNOR6A03G03429140","rna","C1-",1,"negative"
"rna__TraesNOR5B03G02999450","TraesNOR5B03G02999450","rna","C1-",1,"negative"
"rna__TraesNOR6D03G03703810","TraesNOR6D03G03703810","rna","C2+",2,"positive"
"rna__TraesNOR5D03G03082300","TraesNOR5D03G03082300","rna","C1-",1,"negative"
"rna__TraesNOR3A03G01407590","TraesNOR3A03G01407590","rna","C1+",1,"positive"
"rna__TraesNOR3B03G01567630","TraesNOR3B03G01567630","rna","C2+",2,"positive"
"rna__TraesNOR5A03G02765020","TraesNOR5A03G02765020","rna","C1-",1,"negative"
"rna__TraesNOR2B03G01048510","TraesNOR2B03G01048510","rna","C1+",1,"positive"
"rna__TraesNOR4A03G02201240","TraesNOR4A03G02201240","rna","C1-",1,"negative"
"rna__TraesNOR6A03G03270300","TraesNOR6A03G03270300","rna","C1+",1,"positive"
"rna__TraesNOR4A03G02051650","TraesNOR4A03G02051650","rna","C1-",1,"negative"
"rna__TraesNOR5A03G02624150","TraesNOR5A03G02624150","rna","C1-",1,"negative"
"rna__TraesNOR3A03G01535720","TraesNOR3A03G01535720","rna","C1-",1,"negative"
"rna__TraesNOR7D03G04414530","TraesNOR7D03G04414530","rna","C1-",1,"negative"
"rna__TraesNOR2B03G01074180","TraesNOR2B03G01074180","rna","C1-",1,"negative"
"rna__TraesNOR3D03G01827400","TraesNOR3D03G01827400","rna","C1-",1,"negative"
"rna__TraesNOR4B03G02240640","TraesNOR4B03G02240640","rna","C1-",1,"negative"
"rna__TraesNOR3B03G01738570","TraesNOR3B03G01738570","rna","C1-",1,"negative"
"rna__TraesNOR1A03G00041560","TraesNOR1A03G00041560","rna","C1-",1,"negative"
"rna__TraesNOR6B03G03596030","TraesNOR6B03G03596030","rna","C2+",2,"positive"
"rna__TraesNOR3D03G01960430","TraesNOR3D03G01960430","rna","C1+",1,"positive"
"rna__TraesNOR5A03G02753100","TraesNOR5A03G02753100","rna","C1+",1,"positive"
"rna__TraesNOR1A03G00036300","TraesNOR1A03G00036300","rna","C1-",1,"negative"
"rna__TraesNOR7B03G04285580","TraesNOR7B03G04285580","rna","C2+",2,"positive"
"rna__TraesNOR5D03G03220600","TraesNOR5D03G03220600","rna","C2-",2,"negative"
"rna__TraesNOR3D03G01875210","TraesNOR3D03G01875210","rna","C1-",1,"negative"
"rna__TraesNOR5D03G03122780","TraesNOR5D03G03122780","rna","C1-",1,"negative"
"rna__TraesNOR1A03G00114030","TraesNOR1A03G00114030","rna","C1-",1,"negative"
"rna__TraesNOR2B03G00962270","TraesNOR2B03G00962270","rna","C1-",1,"negative"
"rna__TraesNOR7D03G04427130","TraesNOR7D03G04427130","rna","C1-",1,"negative"
"rna__TraesNOR2B03G00862400","TraesNOR2B03G00862400","rna","C1+",1,"positive"
"rna__TraesNOR1D03G00422330","TraesNOR1D03G00422330","rna","C2-",2,"negative"
"rna__TraesNOR6D03G03684540","TraesNOR6D03G03684540","rna","C1-",1,"negative"
"rna__TraesNOR2B03G01008860","TraesNOR2B03G01008860","rna","C1-",1,"negative"
"rna__TraesNOR2A03G00807110","TraesNOR2A03G00807110","rna","C1-",1,"negative"
"rna__TraesNOR5B03G03036200","TraesNOR5B03G03036200","rna","C1-",1,"negative"
"rna__TraesNOR6B03G03580370","TraesNOR6B03G03580370","rna","C1-",1,"negative"
"rna__TraesNOR5B03G02976870","TraesNOR5B03G02976870","rna","C1-",1,"negative"
"rna__TraesNOR2D03G01163130","TraesNOR2D03G01163130","rna","C2-",2,"negative"
"rna__TraesNOR1A03G00070550","TraesNOR1A03G00070550","rna","C2+",2,"positive"
"rna__TraesNOR2D03G01107180","TraesNOR2D03G01107180","rna","C1+",1,"positive"
"rna__TraesNOR4D03G02462260","TraesNOR4D03G02462260","rna","C1-",1,"negative"
"rna__TraesNOR2A03G00775150","TraesNOR2A03G00775150","rna","C1-",1,"negative"
"rna__TraesNOR2B03G00970870","TraesNOR2B03G00970870","rna","C1-",1,"negative"
"rna__TraesNOR1D03G00488730","TraesNOR1D03G00488730","rna","C1+",1,"positive"
"rna__TraesNOR2B03G00921880","TraesNOR2B03G00921880","rna","C1-",1,"negative"
"rna__TraesNOR2B03G00873990","TraesNOR2B03G00873990","rna","C1-",1,"negative"
"rna__TraesNOR5B03G03027870","TraesNOR5B03G03027870","rna","C1-",1,"negative"
"rna__TraesNOR5A03G02666320","TraesNOR5A03G02666320","rna","C1+",1,"positive"
"rna__TraesNOR7A03G03884510","TraesNOR7A03G03884510","rna","C1-",1,"negative"
"rna__TraesNOR2B03G00915220","TraesNOR2B03G00915220","rna","C2+",2,"positive"
"rna__TraesNOR1B03G00359220","TraesNOR1B03G00359220","rna","C2+",2,"positive"
"rna__TraesNOR7A03G03849980","TraesNOR7A03G03849980","rna","C1-",1,"negative"
"rna__TraesNOR3D03G01984650","TraesNOR3D03G01984650","rna","C1-",1,"negative"
"rna__TraesNOR5B03G02932540","TraesNOR5B03G02932540","rna","C2-",2,"negative"
"rna__TraesNOR5A03G02784850","TraesNOR5A03G02784850","rna","C1-",1,"negative"
"rna__TraesNOR2B03G01036720","TraesNOR2B03G01036720","rna","C1-",1,"negative"
"rna__TraesNOR3A03G01370690","TraesNOR3A03G01370690","rna","C1-",1,"negative"
"rna__TraesNOR3B03G01561120","TraesNOR3B03G01561120","rna","C1-",1,"negative"
"rna__TraesNOR3A03G01488860","TraesNOR3A03G01488860","rna","C2+",2,"positive"
"rna__TraesNOR2D03G01286370","TraesNOR2D03G01286370","rna","C2+",2,"positive"
"rna__TraesNOR1D03G00502510","TraesNOR1D03G00502510","rna","C1-",1,"negative"
"rna__TraesNOR7B03G04092550","TraesNOR7B03G04092550","rna","C2+",2,"positive"
"rna__TraesNOR6D03G03770680","TraesNOR6D03G03770680","rna","C1-",1,"negative"
"rna__TraesNOR1A03G00180380","TraesNOR1A03G00180380","rna","C1-",1,"negative"
"rna__TraesNOR4A03G02162600","TraesNOR4A03G02162600","rna","C2-",2,"negative"
"rna__TraesNOR5D03G03238610","TraesNOR5D03G03238610","rna","C2+",2,"positive"
"rna__TraesNOR3A03G01527210","TraesNOR3A03G01527210","rna","C2-",2,"negative"
"rna__TraesNOR7D03G04462590","TraesNOR7D03G04462590","rna","C2+",2,"positive"
"rna__TraesNOR4D03G02548370","TraesNOR4D03G02548370","rna","C1-",1,"negative"
"rna__TraesNOR7D03G04421970","TraesNOR7D03G04421970","rna","C2+",2,"positive"
"rna__TraesNOR2A03G00776580","TraesNOR2A03G00776580","rna","C1-",1,"negative"
"rna__TraesNOR7B03G04289860","TraesNOR7B03G04289860","rna","C1-",1,"negative"
"rna__TraesNOR4A03G02161000","TraesNOR4A03G02161000","rna","C2+",2,"positive"
"rna__TraesNOR1A03G00128050","TraesNOR1A03G00128050","rna","C2+",2,"positive"
"rna__TraesNOR4D03G02573400","TraesNOR4D03G02573400","rna","C1-",1,"negative"
"rna__TraesNOR5A03G02636020","TraesNOR5A03G02636020","rna","C1-",1,"negative"
"rna__TraesNOR1B03G00229970","TraesNOR1B03G00229970","rna","C2+",2,"positive"
"rna__TraesNOR3D03G01992250","TraesNOR3D03G01992250","rna","C2+",2,"positive"
"rna__TraesNOR7A03G03849870","TraesNOR7A03G03849870","rna","C2+",2,"positive"
"rna__TraesNOR5D03G03190140","TraesNOR5D03G03190140","rna","C1-",1,"negative"
"rna__TraesNOR3D03G01879130","TraesNOR3D03G01879130","rna","C1-",1,"negative"
"rna__TraesNOR7B03G04246920","TraesNOR7B03G04246920","rna","C2+",2,"positive"
"rna__TraesNOR4D03G02528500","TraesNOR4D03G02528500","rna","C1-",1,"negative"
"rna__TraesNOR6D03G03799810","TraesNOR6D03G03799810","rna","C1-",1,"negative"
"rna__TraesNOR5D03G03170250","TraesNOR5D03G03170250","rna","C1+",1,"positive"
"rna__TraesNOR7A03G03928210","TraesNOR7A03G03928210","rna","C1-",1,"negative"
"rna__TraesNOR3A03G01328800","TraesNOR3A03G01328800","rna","C1-",1,"negative"
"rna__TraesNOR3B03G01614040","TraesNOR3B03G01614040","rna","C2+",2,"positive"
"rna__TraesNORUn03G04571640","TraesNORUn03G04571640","rna","C2-",2,"negative"
"rna__TraesNOR4A03G02200240","TraesNOR4A03G02200240","rna","C2-",2,"negative"
"rna__TraesNOR7B03G04152890","TraesNOR7B03G04152890","rna","C1-",1,"negative"
"rna__TraesNOR6D03G03769270","TraesNOR6D03G03769270","rna","C1+",1,"positive"
"rna__TraesNOR3D03G01923120","TraesNOR3D03G01923120","rna","C1+",1,"positive"
"rna__TraesNOR5D03G03243070","TraesNOR5D03G03243070","rna","C1-",1,"negative"
"rna__TraesNOR1D03G00440140","TraesNOR1D03G00440140","rna","C2+",2,"positive"
"rna__TraesNOR7B03G04189260","TraesNOR7B03G04189260","rna","C1+",1,"positive"
"rna__TraesNOR1D03G00536150","TraesNOR1D03G00536150","rna","C1-",1,"negative"
"rna__TraesNOR2B03G01000990","TraesNOR2B03G01000990","rna","C1-",1,"negative"
"rna__TraesNOR3B03G01664450","TraesNOR3B03G01664450","rna","C1-",1,"negative"
"rna__TraesNOR2A03G00699060","TraesNOR2A03G00699060","rna","C1-",1,"negative"
"rna__TraesNOR4A03G02238190","TraesNOR4A03G02238190","rna","C1-",1,"negative"
"rna__TraesNOR1A03G00025530","TraesNOR1A03G00025530","rna","C2+",2,"positive"
"rna__TraesNOR3A03G01458090","TraesNOR3A03G01458090","rna","C1-",1,"negative"
"rna__TraesNOR4D03G02450720","TraesNOR4D03G02450720","rna","C1-",1,"negative"
"rna__TraesNOR2B03G01090390","TraesNOR2B03G01090390","rna","C1-",1,"negative"
"rna__TraesNOR6B03G03576650","TraesNOR6B03G03576650","rna","C1-",1,"negative"
"rna__TraesNOR6B03G03591400","TraesNOR6B03G03591400","rna","C1-",1,"negative"
"rna__TraesNOR4D03G02438850","TraesNOR4D03G02438850","rna","C1+",1,"positive"
"rna__TraesNOR2B03G01058480","TraesNOR2B03G01058480","rna","C1-",1,"negative"
"rna__TraesNOR5B03G02932610","TraesNOR5B03G02932610","rna","C1-",1,"negative"
"rna__TraesNOR1B03G00318070","TraesNOR1B03G00318070","rna","C2+",2,"positive"
"rna__TraesNOR5D03G03237750","TraesNOR5D03G03237750","rna","C1-",1,"negative"
"rna__TraesNOR7B03G04208810","TraesNOR7B03G04208810","rna","C1-",1,"negative"
"rna__TraesNOR3D03G01977410","TraesNOR3D03G01977410","rna","C1-",1,"negative"
"rna__TraesNOR6A03G03300730","TraesNOR6A03G03300730","rna","C2+",2,"positive"
"rna__TraesNOR4D03G02556720","TraesNOR4D03G02556720","rna","C1-",1,"negative"
"rna__TraesNOR2B03G00998790","TraesNOR2B03G00998790","rna","C1-",1,"negative"
"rna__TraesNOR2B03G01014400","TraesNOR2B03G01014400","rna","C2-",2,"negative"
"rna__TraesNOR5A03G02710330","TraesNOR5A03G02710330","rna","C1+",1,"positive"
"rna__TraesNOR6A03G03372500","TraesNOR6A03G03372500","rna","C1+",1,"positive"
"rna__TraesNOR2A03G00727340","TraesNOR2A03G00727340","rna","C1-",1,"negative"
"rna__TraesNOR3B03G01579090","TraesNOR3B03G01579090","rna","C1-",1,"negative"
"rna__TraesNOR5D03G03072210","TraesNOR5D03G03072210","rna","C1-",1,"negative"
"rna__TraesNOR7A03G03867620","TraesNOR7A03G03867620","rna","C2+",2,"positive"
"rna__TraesNOR2B03G01005770","TraesNOR2B03G01005770","rna","C1-",1,"negative"
"rna__TraesNOR6D03G03691740","TraesNOR6D03G03691740","rna","C1-",1,"negative"
"rna__TraesNOR3D03G01974490","TraesNOR3D03G01974490","rna","C1+",1,"positive"
"rna__TraesNOR7A03G03988060","TraesNOR7A03G03988060","rna","C1-",1,"negative"
"rna__TraesNOR1B03G00242170","TraesNOR1B03G00242170","rna","C1-",1,"negative"
"rna__TraesNOR2A03G00817750","TraesNOR2A03G00817750","rna","C2+",2,"positive"
"rna__TraesNOR4D03G02460580","TraesNOR4D03G02460580","rna","C1+",1,"positive"
"rna__TraesNOR6B03G03648520","TraesNOR6B03G03648520","rna","C2+",2,"positive"
"rna__TraesNOR6A03G03278180","TraesNOR6A03G03278180","rna","C1-",1,"negative"
"rna__TraesNOR4D03G02570580","TraesNOR4D03G02570580","rna","C1-",1,"negative"
"rna__TraesNORUn03G04723020","TraesNORUn03G04723020","rna","C2+",2,"positive"
"rna__TraesNOR4B03G02407300","TraesNOR4B03G02407300","rna","C2+",2,"positive"
"rna__TraesNOR6B03G03669680","TraesNOR6B03G03669680","rna","C1+",1,"positive"
"rna__TraesNOR6D03G03831890","TraesNOR6D03G03831890","rna","C1-",1,"negative"
"rna__TraesNOR2D03G01248920","TraesNOR2D03G01248920","rna","C2-",2,"negative"
"rna__TraesNOR4B03G02350700","TraesNOR4B03G02350700","rna","C1-",1,"negative"
"rna__TraesNOR1D03G00450460","TraesNOR1D03G00450460","rna","C2+",2,"positive"
"rna__TraesNOR6B03G03484240","TraesNOR6B03G03484240","rna","C1-",1,"negative"
"rna__TraesNOR7A03G03956510","TraesNOR7A03G03956510","rna","C1-",1,"negative"
"rna__TraesNOR1B03G00242860","TraesNOR1B03G00242860","rna","C1-",1,"negative"
"rna__TraesNOR5B03G02963650","TraesNOR5B03G02963650","rna","C2+",2,"positive"
"rna__TraesNOR1B03G00360030","TraesNOR1B03G00360030","rna","C2+",2,"positive"
"rna__TraesNOR4B03G02360210","TraesNOR4B03G02360210","rna","C2+",2,"positive"
"rna__TraesNOR2D03G01128840","TraesNOR2D03G01128840","rna","C1-",1,"negative"
"rna__TraesNOR3D03G01837380","TraesNOR3D03G01837380","rna","C1-",1,"negative"
"rna__TraesNOR1B03G00333140","TraesNOR1B03G00333140","rna","C1-",1,"negative"
"rna__TraesNOR7A03G03975030","TraesNOR7A03G03975030","rna","C1-",1,"negative"
"rna__TraesNOR2B03G01093400","TraesNOR2B03G01093400","rna","C1-",1,"negative"
"rna__TraesNOR6B03G03501850","TraesNOR6B03G03501850","rna","C2+",2,"positive"
"rna__TraesNOR2B03G01031140","TraesNOR2B03G01031140","rna","C1-",1,"negative"
"rna__TraesNOR1D03G00517260","TraesNOR1D03G00517260","rna","C1-",1,"negative"
"rna__TraesNOR2D03G01320670","TraesNOR2D03G01320670","rna","C2+",2,"positive"
"rna__TraesNOR4B03G02254000","TraesNOR4B03G02254000","rna","C1-",1,"negative"
"rna__TraesNOR4A03G02047680","TraesNOR4A03G02047680","rna","C1-",1,"negative"
"rna__TraesNOR3D03G01961820","TraesNOR3D03G01961820","rna","C1+",1,"positive"
"rna__TraesNOR7D03G04391120","TraesNOR7D03G04391120","rna","C1-",1,"negative"
"rna__TraesNOR3D03G01847710","TraesNOR3D03G01847710","rna","C1-",1,"negative"
"rna__TraesNOR4D03G02474060","TraesNOR4D03G02474060","rna","C1-",1,"negative"
"rna__TraesNOR3D03G01847790","TraesNOR3D03G01847790","rna","C1-",1,"negative"
"rna__TraesNOR7D03G04460630","TraesNOR7D03G04460630","rna","C1-",1,"negative"
"rna__TraesNOR5A03G02759990","TraesNOR5A03G02759990","rna","C1+",1,"positive"
"rna__TraesNOR6B03G03516110","TraesNOR6B03G03516110","rna","C1+",1,"positive"
"rna__TraesNOR2B03G00927270","TraesNOR2B03G00927270","rna","C1-",1,"negative"
"rna__TraesNOR6D03G03778230","TraesNOR6D03G03778230","rna","C2+",2,"positive"
"rna__TraesNOR1D03G00550860","TraesNOR1D03G00550860","rna","C2+",2,"positive"
"rna__TraesNOR5D03G03222570","TraesNOR5D03G03222570","rna","C1-",1,"negative"
"rna__TraesNOR2B03G00949450","TraesNOR2B03G00949450","rna","C1-",1,"negative"
"rna__TraesNOR2D03G01098810","TraesNOR2D03G01098810","rna","C1-",1,"negative"
"rna__TraesNOR6B03G03497400","TraesNOR6B03G03497400","rna","C1-",1,"negative"
"rna__TraesNOR3B03G01709600","TraesNOR3B03G01709600","rna","C1-",1,"negative"
"rna__TraesNOR6D03G03736470","TraesNOR6D03G03736470","rna","C1-",1,"negative"
"rna__TraesNOR5B03G03041600","TraesNOR5B03G03041600","rna","C1-",1,"negative"
"rna__TraesNOR7D03G04498290","TraesNOR7D03G04498290","rna","C2-",2,"negative"
"rna__TraesNOR6A03G03382700","TraesNOR6A03G03382700","rna","C1-",1,"negative"
"rna__TraesNOR7A03G04049630","TraesNOR7A03G04049630","rna","C1-",1,"negative"
"rna__TraesNOR5D03G03149040","TraesNOR5D03G03149040","rna","C2+",2,"positive"
"rna__TraesNOR6B03G03469790","TraesNOR6B03G03469790","rna","C2+",2,"positive"
"rna__TraesNOR6B03G03620300","TraesNOR6B03G03620300","rna","C2-",2,"negative"
"rna__TraesNOR7D03G04513510","TraesNOR7D03G04513510","rna","C1-",1,"negative"
"rna__TraesNOR5A03G02622580","TraesNOR5A03G02622580","rna","C2+",2,"positive"
"rna__TraesNOR6D03G03808210","TraesNOR6D03G03808210","rna","C2+",2,"positive"
"rna__TraesNOR4D03G02524510","TraesNOR4D03G02524510","rna","C1-",1,"negative"
"rna__TraesNOR6D03G03765630","TraesNOR6D03G03765630","rna","C1-",1,"negative"
"rna__TraesNOR4A03G02133490","TraesNOR4A03G02133490","rna","C2-",2,"negative"
"rna__TraesNOR1D03G00485120","TraesNOR1D03G00485120","rna","C2-",2,"negative"
"rna__TraesNOR5D03G03113150","TraesNOR5D03G03113150","rna","C1-",1,"negative"
"rna__TraesNOR4D03G02464470","TraesNOR4D03G02464470","rna","C1-",1,"negative"
"rna__TraesNOR6D03G03727540","TraesNOR6D03G03727540","rna","C1+",1,"positive"
"rna__TraesNOR2A03G00652060","TraesNOR2A03G00652060","rna","C1-",1,"negative"
"rna__TraesNOR6D03G03835830","TraesNOR6D03G03835830","rna","C1+",1,"positive"
"rna__TraesNOR4D03G02516710","TraesNOR4D03G02516710","rna","C1-",1,"negative"
"rna__TraesNOR7B03G04101110","TraesNOR7B03G04101110","rna","C2+",2,"positive"
"rna__TraesNOR3D03G01852710","TraesNOR3D03G01852710","rna","C1-",1,"negative"
"rna__TraesNOR6B03G03621480","TraesNOR6B03G03621480","rna","C1-",1,"negative"
"rna__TraesNOR4B03G02321890","TraesNOR4B03G02321890","rna","C1-",1,"negative"
"rna__TraesNOR7D03G04532100","TraesNOR7D03G04532100","rna","C2+",2,"positive"
"rna__TraesNOR2A03G00725040","TraesNOR2A03G00725040","rna","C2-",2,"negative"
"rna__TraesNOR7D03G04540480","TraesNOR7D03G04540480","rna","C1-",1,"negative"
"rna__TraesNOR2B03G00861570","TraesNOR2B03G00861570","rna","C2+",2,"positive"
"rna__TraesNOR1D03G00554230","TraesNOR1D03G00554230","rna","C1-",1,"negative"
"rna__TraesNOR1A03G00083110","TraesNOR1A03G00083110","rna","C2+",2,"positive"
"rna__TraesNOR1D03G00560410","TraesNOR1D03G00560410","rna","C2-",2,"negative"
"rna__TraesNOR3B03G01755290","TraesNOR3B03G01755290","rna","C2-",2,"negative"
"rna__TraesNOR2A03G00812820","TraesNOR2A03G00812820","rna","C1-",1,"negative"
"rna__TraesNOR5D03G03253190","TraesNOR5D03G03253190","rna","C1-",1,"negative"
"rna__TraesNOR2D03G01298600","TraesNOR2D03G01298600","rna","C1-",1,"negative"
"rna__TraesNOR4B03G02279120","TraesNOR4B03G02279120","rna","C1+",1,"positive"
"rna__TraesNOR3A03G01504280","TraesNOR3A03G01504280","rna","C1+",1,"positive"
"rna__TraesNOR2B03G01080160","TraesNOR2B03G01080160","rna","C1+",1,"positive"
"rna__TraesNOR2D03G01167930","TraesNOR2D03G01167930","rna","C1+",1,"positive"
"rna__TraesNOR3D03G01855960","TraesNOR3D03G01855960","rna","C1-",1,"negative"
"rna__TraesNOR7D03G04477050","TraesNOR7D03G04477050","rna","C2+",2,"positive"
"rna__TraesNOR4D03G02509720","TraesNOR4D03G02509720","rna","C1-",1,"negative"
"rna__TraesNOR1D03G00529320","TraesNOR1D03G00529320","rna","C2+",2,"positive"
"rna__TraesNOR5B03G02984230","TraesNOR5B03G02984230","rna","C1+",1,"positive"
"rna__TraesNOR7B03G04162850","TraesNOR7B03G04162850","rna","C1-",1,"negative"
"rna__TraesNOR6A03G03319630","TraesNOR6A03G03319630","rna","C1-",1,"negative"
"rna__TraesNOR7D03G04495130","TraesNOR7D03G04495130","rna","C2-",2,"negative"
"rna__TraesNOR7D03G04374680","TraesNOR7D03G04374680","rna","C2+",2,"positive"
"rna__TraesNOR2A03G00737200","TraesNOR2A03G00737200","rna","C2+",2,"positive"
"rna__TraesNOR6D03G03705360","TraesNOR6D03G03705360","rna","C1-",1,"negative"
"rna__TraesNOR7A03G04010750","TraesNOR7A03G04010750","rna","C2+",2,"positive"
"rna__TraesNOR7D03G04473590","TraesNOR7D03G04473590","rna","C1+",1,"positive"
"rna__TraesNOR7A03G03944160","TraesNOR7A03G03944160","rna","C2-",2,"negative"
"rna__TraesNOR7D03G04477500","TraesNOR7D03G04477500","rna","C2+",2,"positive"
"rna__TraesNOR7B03G04269200","TraesNOR7B03G04269200","rna","C2-",2,"negative"
"rna__TraesNOR3D03G01846620","TraesNOR3D03G01846620","rna","C1-",1,"negative"
"rna__TraesNOR5B03G02894510","TraesNOR5B03G02894510","rna","C1-",1,"negative"
"rna__TraesNOR5A03G02703770","TraesNOR5A03G02703770","rna","C2-",2,"negative"
"rna__TraesNOR7A03G03979770","TraesNOR7A03G03979770","rna","C1+",1,"positive"
"rna__TraesNOR2D03G01172030","TraesNOR2D03G01172030","rna","C2+",2,"positive"
"rna__TraesNOR7B03G04262450","TraesNOR7B03G04262450","rna","C2-",2,"negative"
"rna__TraesNOR2A03G00596530","TraesNOR2A03G00596530","rna","C1-",1,"negative"
"rna__TraesNOR6D03G03822330","TraesNOR6D03G03822330","rna","C1-",1,"negative"
"rna__TraesNOR5A03G02792220","TraesNOR5A03G02792220","rna","C1-",1,"negative"
"rna__TraesNOR2B03G01036930","TraesNOR2B03G01036930","rna","C1-",1,"negative"
"rna__TraesNOR5A03G02710400","TraesNOR5A03G02710400","rna","C1-",1,"negative"
"rna__TraesNOR2D03G01137040","TraesNOR2D03G01137040","rna","C1-",1,"negative"
"rna__TraesNOR3A03G01413020","TraesNOR3A03G01413020","rna","C1+",1,"positive"
"rna__TraesNOR3D03G01974410","TraesNOR3D03G01974410","rna","C1+",1,"positive"
"rna__TraesNOR4A03G02234570","TraesNOR4A03G02234570","rna","C1-",1,"negative"
"rna__TraesNOR4D03G02526290","TraesNOR4D03G02526290","rna","C2+",2,"positive"
"rna__TraesNOR4A03G02065780","TraesNOR4A03G02065780","rna","C1+",1,"positive"
"rna__TraesNOR4B03G02244130","TraesNOR4B03G02244130","rna","C2-",2,"negative"
"rna__TraesNOR2B03G00973230","TraesNOR2B03G00973230","rna","C1-",1,"negative"
"rna__TraesNOR4B03G02398310","TraesNOR4B03G02398310","rna","C1+",1,"positive"
"rna__TraesNOR4D03G02570590","TraesNOR4D03G02570590","rna","C2-",2,"negative"
"rna__TraesNOR1D03G00534680","TraesNOR1D03G00534680","rna","C1-",1,"negative"
"rna__TraesNOR4D03G02524430","TraesNOR4D03G02524430","rna","C2-",2,"negative"
"rna__TraesNOR3B03G01562350","TraesNOR3B03G01562350","rna","C2+",2,"positive"
"rna__TraesNOR3D03G01892920","TraesNOR3D03G01892920","rna","C1+",1,"positive"
"rna__TraesNOR2D03G01105250","TraesNOR2D03G01105250","rna","C2+",2,"positive"
"rna__TraesNOR7D03G04492370","TraesNOR7D03G04492370","rna","C1-",1,"negative"
"rna__TraesNOR2B03G00845290","TraesNOR2B03G00845290","rna","C2+",2,"positive"
"rna__TraesNOR2B03G01081290","TraesNOR2B03G01081290","rna","C1-",1,"negative"
"rna__TraesNOR6A03G03277350","TraesNOR6A03G03277350","rna","C1-",1,"negative"
"rna__TraesNOR6D03G03766540","TraesNOR6D03G03766540","rna","C2+",2,"positive"
"rna__TraesNOR2D03G01230010","TraesNOR2D03G01230010","rna","C1+",1,"positive"
"rna__TraesNOR7A03G04067730","TraesNOR7A03G04067730","rna","C2+",2,"positive"
"rna__TraesNOR1B03G00357190","TraesNOR1B03G00357190","rna","C1+",1,"positive"
"rna__TraesNOR4B03G02265410","TraesNOR4B03G02265410","rna","C1+",1,"positive"
"rna__TraesNOR5D03G03082230","TraesNOR5D03G03082230","rna","C1+",1,"positive"
"rna__TraesNOR6A03G03378800","TraesNOR6A03G03378800","rna","C2+",2,"positive"
"rna__TraesNOR4A03G02149120","TraesNOR4A03G02149120","rna","C2-",2,"negative"
"rna__TraesNOR1A03G00117480","TraesNOR1A03G00117480","rna","C1-",1,"negative"
"rna__TraesNOR7D03G04539690","TraesNOR7D03G04539690","rna","C2-",2,"negative"
"rna__TraesNOR5B03G02932360","TraesNOR5B03G02932360","rna","C2+",2,"positive"
"rna__TraesNOR2D03G01306370","TraesNOR2D03G01306370","rna","C1-",1,"negative"
"rna__TraesNOR1A03G00140270","TraesNOR1A03G00140270","rna","C1-",1,"negative"
"rna__TraesNOR5D03G03125820","TraesNOR5D03G03125820","rna","C1-",1,"negative"
"rna__TraesNOR2A03G00626500","TraesNOR2A03G00626500","rna","C1-",1,"negative"
"rna__TraesNOR2B03G00970880","TraesNOR2B03G00970880","rna","C1-",1,"negative"
"rna__TraesNOR5D03G03219570","TraesNOR5D03G03219570","rna","C1-",1,"negative"
"rna__TraesNOR7A03G03920620","TraesNOR7A03G03920620","rna","C2+",2,"positive"
"rna__TraesNOR6D03G03837080","TraesNOR6D03G03837080","rna","C1-",1,"negative"
"rna__TraesNOR3A03G01464990","TraesNOR3A03G01464990","rna","C1-",1,"negative"
"rna__TraesNOR5D03G03150060","TraesNOR5D03G03150060","rna","C2+",2,"positive"
"rna__TraesNOR6A03G03337490","TraesNOR6A03G03337490","rna","C1+",1,"positive"
"rna__TraesNOR2B03G01067270","TraesNOR2B03G01067270","rna","C1-",1,"negative"
"rna__TraesNOR7A03G03925630","TraesNOR7A03G03925630","rna","C2-",2,"negative"
"rna__TraesNOR5A03G02692050","TraesNOR5A03G02692050","rna","C1-",1,"negative"
"rna__TraesNOR4B03G02296690","TraesNOR4B03G02296690","rna","C2+",2,"positive"
"rna__TraesNOR7A03G03848150","TraesNOR7A03G03848150","rna","C1+",1,"positive"
"rna__TraesNOR5A03G02668520","TraesNOR5A03G02668520","rna","C1+",1,"positive"
"rna__TraesNOR6B03G03525880","TraesNOR6B03G03525880","rna","C1-",1,"negative"
"rna__TraesNOR5D03G03172130","TraesNOR5D03G03172130","rna","C1-",1,"negative"
"rna__TraesNOR7A03G03875060","TraesNOR7A03G03875060","rna","C1-",1,"negative"
"rna__TraesNOR3A03G01441820","TraesNOR3A03G01441820","rna","C1+",1,"positive"
"rna__TraesNOR6B03G03558180","TraesNOR6B03G03558180","rna","C2-",2,"negative"
"rna__TraesNOR1D03G00477450","TraesNOR1D03G00477450","rna","C1-",1,"negative"
"rna__TraesNOR2A03G00739500","TraesNOR2A03G00739500","rna","C2-",2,"negative"
"rna__TraesNOR5B03G02901980","TraesNOR5B03G02901980","rna","C1+",1,"positive"
"rna__TraesNOR4D03G02467290","TraesNOR4D03G02467290","rna","C1-",1,"negative"
"rna__TraesNOR6D03G03804920","TraesNOR6D03G03804920","rna","C1-",1,"negative"
"rna__TraesNOR7B03G04309500","TraesNOR7B03G04309500","rna","C1+",1,"positive"
"rna__TraesNOR3B03G01745530","TraesNOR3B03G01745530","rna","C2-",2,"negative"
"rna__TraesNOR3D03G01978930","TraesNOR3D03G01978930","rna","C1-",1,"negative"
"rna__TraesNOR1A03G00009760","TraesNOR1A03G00009760","rna","C1-",1,"negative"
"rna__TraesNOR1B03G00383010","TraesNOR1B03G00383010","rna","C2+",2,"positive"
"rna__TraesNOR7D03G04365570","TraesNOR7D03G04365570","rna","C2+",2,"positive"
"rna__TraesNOR3A03G01350260","TraesNOR3A03G01350260","rna","C1-",1,"negative"
"rna__TraesNOR6D03G03778890","TraesNOR6D03G03778890","rna","C1-",1,"negative"
"rna__TraesNOR1B03G00294430","TraesNOR1B03G00294430","rna","C2+",2,"positive"
"rna__TraesNOR1A03G00112660","TraesNOR1A03G00112660","rna","C1+",1,"positive"
"rna__TraesNOR5A03G02742660","TraesNOR5A03G02742660","rna","C2+",2,"positive"
"rna__TraesNOR7D03G04461180","TraesNOR7D03G04461180","rna","C1+",1,"positive"
"rna__TraesNOR4A03G02144090","TraesNOR4A03G02144090","rna","C2+",2,"positive"
"rna__TraesNOR5B03G02949880","TraesNOR5B03G02949880","rna","C2+",2,"positive"
"rna__TraesNOR7B03G04186600","TraesNOR7B03G04186600","rna","C1-",1,"negative"
"rna__TraesNOR5B03G03010280","TraesNOR5B03G03010280","rna","C2-",2,"negative"
"rna__TraesNOR6D03G03783490","TraesNOR6D03G03783490","rna","C2+",2,"positive"
"rna__TraesNOR5D03G03146570","TraesNOR5D03G03146570","rna","C1-",1,"negative"
"rna__TraesNOR5A03G02770730","TraesNOR5A03G02770730","rna","C2-",2,"negative"
"rna__TraesNOR6D03G03821910","TraesNOR6D03G03821910","rna","C2+",2,"positive"
"rna__TraesNOR1A03G00117120","TraesNOR1A03G00117120","rna","C1-",1,"negative"
"rna__TraesNOR7A03G03963230","TraesNOR7A03G03963230","rna","C1-",1,"negative"
"rna__TraesNOR5A03G02735290","TraesNOR5A03G02735290","rna","C2+",2,"positive"
"rna__TraesNOR3B03G01746820","TraesNOR3B03G01746820","rna","C1+",1,"positive"
"rna__TraesNOR5B03G02982400","TraesNOR5B03G02982400","rna","C1-",1,"negative"
"rna__TraesNOR1B03G00236930","TraesNOR1B03G00236930","rna","C2+",2,"positive"
"rna__TraesNOR4B03G02252950","TraesNOR4B03G02252950","rna","C2+",2,"positive"
"rna__TraesNOR4B03G02419620","TraesNOR4B03G02419620","rna","C1-",1,"negative"
"rna__TraesNOR2A03G00746690","TraesNOR2A03G00746690","rna","C2+",2,"positive"
"rna__TraesNOR1D03G00504550","TraesNOR1D03G00504550","rna","C1-",1,"negative"
"rna__TraesNOR3D03G01978050","TraesNOR3D03G01978050","rna","C1+",1,"positive"
"rna__TraesNOR4D03G02431880","TraesNOR4D03G02431880","rna","C2+",2,"positive"
"rna__TraesNOR1D03G00476180","TraesNOR1D03G00476180","rna","C1-",1,"negative"
"rna__TraesNOR7D03G04482240","TraesNOR7D03G04482240","rna","C1-",1,"negative"
"rna__TraesNOR4A03G02089550","TraesNOR4A03G02089550","rna","C1-",1,"negative"
"rna__TraesNOR7B03G04128340","TraesNOR7B03G04128340","rna","C1-",1,"negative"
"rna__TraesNOR2D03G01217960","TraesNOR2D03G01217960","rna","C1-",1,"negative"
"rna__TraesNOR2D03G01315270","TraesNOR2D03G01315270","rna","C2+",2,"positive"
"rna__TraesNOR2D03G01129020","TraesNOR2D03G01129020","rna","C2+",2,"positive"
"rna__TraesNOR2D03G01266810","TraesNOR2D03G01266810","rna","C2+",2,"positive"
"rna__TraesNOR1B03G00321320","TraesNOR1B03G00321320","rna","C1-",1,"negative"
"rna__TraesNOR6D03G03736550","TraesNOR6D03G03736550","rna","C1-",1,"negative"
"rna__TraesNOR5D03G03189830","TraesNOR5D03G03189830","rna","C2+",2,"positive"
"rna__TraesNOR5A03G02696960","TraesNOR5A03G02696960","rna","C2+",2,"positive"
"rna__TraesNOR1D03G00489710","TraesNOR1D03G00489710","rna","C1-",1,"negative"
"rna__TraesNOR3B03G01754860","TraesNOR3B03G01754860","rna","C1-",1,"negative"
"rna__TraesNOR5D03G03162610","TraesNOR5D03G03162610","rna","C1-",1,"negative"
"rna__TraesNOR7D03G04466060","TraesNOR7D03G04466060","rna","C2-",2,"negative"
"rna__TraesNOR3D03G01894310","TraesNOR3D03G01894310","rna","C1-",1,"negative"
"rna__TraesNOR6D03G03798020","TraesNOR6D03G03798020","rna","C2+",2,"positive"
"rna__TraesNOR7B03G04217500","TraesNOR7B03G04217500","rna","C2+",2,"positive"
"rna__TraesNOR5A03G02594080","TraesNOR5A03G02594080","rna","C1-",1,"negative"
"rna__TraesNOR6A03G03269760","TraesNOR6A03G03269760","rna","C1+",1,"positive"
"rna__TraesNOR5B03G02912280","TraesNOR5B03G02912280","rna","C2+",2,"positive"
"rna__TraesNOR4A03G02066160","TraesNOR4A03G02066160","rna","C1-",1,"negative"
"rna__TraesNOR1D03G00542290","TraesNOR1D03G00542290","rna","C1-",1,"negative"
"rna__TraesNOR1D03G00516230","TraesNOR1D03G00516230","rna","C1-",1,"negative"
"rna__TraesNOR7B03G04126760","TraesNOR7B03G04126760","rna","C1-",1,"negative"
"rna__TraesNOR1D03G00473300","TraesNOR1D03G00473300","rna","C1-",1,"negative"
"rna__TraesNOR2A03G00657030","TraesNOR2A03G00657030","rna","C1-",1,"negative"
"rna__TraesNOR2D03G01286210","TraesNOR2D03G01286210","rna","C1-",1,"negative"
"rna__TraesNOR4B03G02400760","TraesNOR4B03G02400760","rna","C2+",2,"positive"
"rna__TraesNOR5B03G02998310","TraesNOR5B03G02998310","rna","C2+",2,"positive"
"rna__TraesNOR1B03G00374380","TraesNOR1B03G00374380","rna","C1-",1,"negative"
"rna__TraesNOR2B03G00870760","TraesNOR2B03G00870760","rna","C2+",2,"positive"
"rna__TraesNOR4D03G02536610","TraesNOR4D03G02536610","rna","C1+",1,"positive"
"rna__TraesNOR6B03G03471660","TraesNOR6B03G03471660","rna","C1-",1,"negative"
"rna__TraesNOR1A03G00087010","TraesNOR1A03G00087010","rna","C2-",2,"negative"
"rna__TraesNOR4D03G02455860","TraesNOR4D03G02455860","rna","C1+",1,"positive"
"rna__TraesNOR7D03G04390380","TraesNOR7D03G04390380","rna","C1+",1,"positive"
"rna__TraesNOR4B03G02299460","TraesNOR4B03G02299460","rna","C1-",1,"negative"
"rna__TraesNOR1D03G00448020","TraesNOR1D03G00448020","rna","C1-",1,"negative"
"rna__TraesNOR4D03G02463800","TraesNOR4D03G02463800","rna","C2+",2,"positive"
"rna__TraesNOR7B03G04199560","TraesNOR7B03G04199560","rna","C2+",2,"positive"
"rna__TraesNOR4D03G02435910","TraesNOR4D03G02435910","rna","C2-",2,"negative"
"rna__TraesNOR5A03G02671160","TraesNOR5A03G02671160","rna","C1-",1,"negative"
"rna__TraesNOR5D03G03202650","TraesNOR5D03G03202650","rna","C2+",2,"positive"
"rna__TraesNOR4B03G02378230","TraesNOR4B03G02378230","rna","C2-",2,"negative"
"rna__TraesNOR2B03G00845780","TraesNOR2B03G00845780","rna","C1-",1,"negative"
"rna__TraesNOR1D03G00569440","TraesNOR1D03G00569440","rna","C2+",2,"positive"
"rna__TraesNOR3A03G01456560","TraesNOR3A03G01456560","rna","C1-",1,"negative"
"rna__TraesNOR3D03G01990650","TraesNOR3D03G01990650","rna","C2+",2,"positive"
"rna__TraesNOR5B03G02933990","TraesNOR5B03G02933990","rna","C2+",2,"positive"
"rna__TraesNOR5D03G03096380","TraesNOR5D03G03096380","rna","C1+",1,"positive"
"rna__TraesNOR2D03G01297800","TraesNOR2D03G01297800","rna","C1-",1,"negative"
"rna__TraesNOR6D03G03785110","TraesNOR6D03G03785110","rna","C1-",1,"negative"
"rna__TraesNOR2B03G01062250","TraesNOR2B03G01062250","rna","C1-",1,"negative"
"rna__TraesNOR3B03G01719380","TraesNOR3B03G01719380","rna","C2+",2,"positive"
"rna__TraesNOR2B03G01004960","TraesNOR2B03G01004960","rna","C1-",1,"negative"
"rna__TraesNOR3B03G01793520","TraesNOR3B03G01793520","rna","C1-",1,"negative"
"rna__TraesNOR3D03G01984670","TraesNOR3D03G01984670","rna","C1-",1,"negative"
"rna__TraesNOR1A03G00094220","TraesNOR1A03G00094220","rna","C1-",1,"negative"
"rna__TraesNOR5B03G03002320","TraesNOR5B03G03002320","rna","C1-",1,"negative"
"rna__TraesNOR1D03G00568510","TraesNOR1D03G00568510","rna","C1+",1,"positive"
"rna__TraesNOR1A03G00042390","TraesNOR1A03G00042390","rna","C1+",1,"positive"
"rna__TraesNOR3A03G01447010","TraesNOR3A03G01447010","rna","C1-",1,"negative"
"rna__TraesNOR7D03G04367510","TraesNOR7D03G04367510","rna","C2+",2,"positive"
"rna__TraesNOR7A03G03872610","TraesNOR7A03G03872610","rna","C1+",1,"positive"
"rna__TraesNOR5D03G03136530","TraesNOR5D03G03136530","rna","C1-",1,"negative"
"rna__TraesNOR1B03G00392280","TraesNOR1B03G00392280","rna","C2+",2,"positive"
"rna__TraesNOR2D03G01320740","TraesNOR2D03G01320740","rna","C2+",2,"positive"
"rna__TraesNOR2B03G01040820","TraesNOR2B03G01040820","rna","C2+",2,"positive"
"rna__TraesNOR2B03G00898880","TraesNOR2B03G00898880","rna","C1-",1,"negative"
"rna__TraesNOR5A03G02768740","TraesNOR5A03G02768740","rna","C2+",2,"positive"
"rna__TraesNOR1B03G00389890","TraesNOR1B03G00389890","rna","C1-",1,"negative"
"rna__TraesNOR3A03G01496360","TraesNOR3A03G01496360","rna","C1-",1,"negative"
"rna__TraesNOR4A03G02076990","TraesNOR4A03G02076990","rna","C2-",2,"negative"
"rna__TraesNOR6B03G03469460","TraesNOR6B03G03469460","rna","C1-",1,"negative"
"rna__TraesNOR4D03G02474900","TraesNOR4D03G02474900","rna","C1-",1,"negative"
"rna__TraesNOR7B03G04153510","TraesNOR7B03G04153510","rna","C2+",2,"positive"
"rna__TraesNOR5A03G02702050","TraesNOR5A03G02702050","rna","C1-",1,"negative"
"rna__TraesNOR2A03G00721780","TraesNOR2A03G00721780","rna","C1-",1,"negative"
"rna__TraesNOR2D03G01139640","TraesNOR2D03G01139640","rna","C1-",1,"negative"
"rna__TraesNOR4D03G02530090","TraesNOR4D03G02530090","rna","C2-",2,"negative"
"rna__TraesNOR5B03G02879920","TraesNOR5B03G02879920","rna","C1-",1,"negative"
"rna__TraesNOR5A03G02729430","TraesNOR5A03G02729430","rna","C1-",1,"negative"
"rna__TraesNOR3A03G01442180","TraesNOR3A03G01442180","rna","C1-",1,"negative"
"rna__TraesNOR7B03G04285430","TraesNOR7B03G04285430","rna","C1+",1,"positive"
"rna__TraesNOR2B03G00974520","TraesNOR2B03G00974520","rna","C2+",2,"positive"
"rna__TraesNOR5B03G02920580","TraesNOR5B03G02920580","rna","C1-",1,"negative"
"rna__TraesNOR7A03G03948070","TraesNOR7A03G03948070","rna","C2+",2,"positive"
"rna__TraesNOR1D03G00490520","TraesNOR1D03G00490520","rna","C1-",1,"negative"
"rna__TraesNOR7B03G04211590","TraesNOR7B03G04211590","rna","C1-",1,"negative"
"rna__TraesNOR7A03G03912530","TraesNOR7A03G03912530","rna","C2+",2,"positive"
"rna__TraesNOR2A03G00629100","TraesNOR2A03G00629100","rna","C1+",1,"positive"
"rna__TraesNOR5B03G03006080","TraesNOR5B03G03006080","rna","C2-",2,"negative"
"rna__TraesNOR4D03G02457400","TraesNOR4D03G02457400","rna","C1-",1,"negative"
"rna__TraesNOR4D03G02569030","TraesNOR4D03G02569030","rna","C1-",1,"negative"
"rna__TraesNOR3A03G01325190","TraesNOR3A03G01325190","rna","C1-",1,"negative"
"rna__TraesNOR1D03G00430310","TraesNOR1D03G00430310","rna","C1-",1,"negative"
"rna__TraesNOR4D03G02564630","TraesNOR4D03G02564630","rna","C1-",1,"negative"
"rna__TraesNOR3D03G01905800","TraesNOR3D03G01905800","rna","C1+",1,"positive"
"rna__TraesNOR7D03G04433170","TraesNOR7D03G04433170","rna","C1-",1,"negative"
"rna__TraesNOR6D03G03741890","TraesNOR6D03G03741890","rna","C1+",1,"positive"
"rna__TraesNOR5D03G03134410","TraesNOR5D03G03134410","rna","C2+",2,"positive"
"rna__TraesNOR6D03G03809340","TraesNOR6D03G03809340","rna","C1-",1,"negative"
"rna__TraesNOR2D03G01198870","TraesNOR2D03G01198870","rna","C1-",1,"negative"
"rna__TraesNOR5D03G03119640","TraesNOR5D03G03119640","rna","C2+",2,"positive"
"rna__TraesNOR1D03G00552350","TraesNOR1D03G00552350","rna","C2+",2,"positive"
"rna__TraesNOR2D03G01171670","TraesNOR2D03G01171670","rna","C1-",1,"negative"
"rna__TraesNOR2B03G00957580","TraesNOR2B03G00957580","rna","C1-",1,"negative"
"rna__TraesNOR3D03G01848450","TraesNOR3D03G01848450","rna","C2+",2,"positive"
"rna__TraesNOR7A03G04009200","TraesNOR7A03G04009200","rna","C1-",1,"negative"
"rna__TraesNOR6A03G03404990","TraesNOR6A03G03404990","rna","C1-",1,"negative"
"rna__TraesNOR6D03G03818890","TraesNOR6D03G03818890","rna","C1-",1,"negative"
"rna__TraesNOR2D03G01297390","TraesNOR2D03G01297390","rna","C2+",2,"positive"
"rna__TraesNOR1D03G00539010","TraesNOR1D03G00539010","rna","C2-",2,"negative"
"rna__TraesNOR2D03G01148420","TraesNOR2D03G01148420","rna","C1-",1,"negative"
"rna__TraesNOR2B03G01044100","TraesNOR2B03G01044100","rna","C2+",2,"positive"
"rna__TraesNOR4D03G02533220","TraesNOR4D03G02533220","rna","C1-",1,"negative"
"rna__TraesNOR2D03G01197940","TraesNOR2D03G01197940","rna","C1-",1,"negative"
"rna__TraesNOR6D03G03767310","TraesNOR6D03G03767310","rna","C1-",1,"negative"
"rna__TraesNOR3A03G01405030","TraesNOR3A03G01405030","rna","C1+",1,"positive"
"rna__TraesNOR6A03G03281030","TraesNOR6A03G03281030","rna","C1-",1,"negative"
"rna__TraesNOR7D03G04446070","TraesNOR7D03G04446070","rna","C1-",1,"negative"
"rna__TraesNOR2B03G00886850","TraesNOR2B03G00886850","rna","C1-",1,"negative"
"rna__TraesNOR3B03G01661460","TraesNOR3B03G01661460","rna","C1+",1,"positive"
"rna__TraesNOR3D03G01986550","TraesNOR3D03G01986550","rna","C2-",2,"negative"
"rna__TraesNOR6D03G03685520","TraesNOR6D03G03685520","rna","C1+",1,"positive"
"rna__TraesNOR3A03G01499730","TraesNOR3A03G01499730","rna","C2+",2,"positive"
"rna__TraesNOR5B03G02941160","TraesNOR5B03G02941160","rna","C1-",1,"negative"
"rna__TraesNOR7B03G04167110","TraesNOR7B03G04167110","rna","C2+",2,"positive"
"rna__TraesNOR6D03G03723440","TraesNOR6D03G03723440","rna","C1-",1,"negative"
"rna__TraesNOR6A03G03389080","TraesNOR6A03G03389080","rna","C2+",2,"positive"
"rna__TraesNOR2A03G00782290","TraesNOR2A03G00782290","rna","C1-",1,"negative"
"rna__TraesNOR7A03G03850720","TraesNOR7A03G03850720","rna","C2+",2,"positive"
"rna__TraesNOR2D03G01164480","TraesNOR2D03G01164480","rna","C1-",1,"negative"
"rna__TraesNOR1A03G00142890","TraesNOR1A03G00142890","rna","C2+",2,"positive"
"rna__TraesNOR5D03G03158960","TraesNOR5D03G03158960","rna","C1-",1,"negative"
"rna__TraesNOR3A03G01365520","TraesNOR3A03G01365520","rna","C1-",1,"negative"
"rna__TraesNOR2D03G01143060","TraesNOR2D03G01143060","rna","C1+",1,"positive"
"rna__TraesNOR5D03G03105270","TraesNOR5D03G03105270","rna","C1-",1,"negative"
"rna__TraesNOR6D03G03801970","TraesNOR6D03G03801970","rna","C2+",2,"positive"
"rna__TraesNOR4D03G02514530","TraesNOR4D03G02514530","rna","C1+",1,"positive"
"rna__TraesNOR2D03G01195500","TraesNOR2D03G01195500","rna","C1-",1,"negative"
"rna__TraesNOR7D03G04374670","TraesNOR7D03G04374670","rna","C2+",2,"positive"
"rna__TraesNOR5B03G02956830","TraesNOR5B03G02956830","rna","C1-",1,"negative"
"rna__TraesNOR2A03G00792160","TraesNOR2A03G00792160","rna","C1-",1,"negative"
"rna__TraesNOR7D03G04351840","TraesNOR7D03G04351840","rna","C2+",2,"positive"
"rna__TraesNOR6B03G03635590","TraesNOR6B03G03635590","rna","C1+",1,"positive"
"rna__TraesNOR4B03G02243360","TraesNOR4B03G02243360","rna","C1-",1,"negative"
"rna__TraesNOR1D03G00562970","TraesNOR1D03G00562970","rna","C1-",1,"negative"
"rna__TraesNOR4A03G02139950","TraesNOR4A03G02139950","rna","C2+",2,"positive"
"rna__TraesNOR3A03G01496130","TraesNOR3A03G01496130","rna","C2-",2,"negative"
"rna__TraesNOR4D03G02569760","TraesNOR4D03G02569760","rna","C2-",2,"negative"
"rna__TraesNOR6D03G03699160","TraesNOR6D03G03699160","rna","C2-",2,"negative"
"rna__TraesNOR5A03G02753510","TraesNOR5A03G02753510","rna","C2-",2,"negative"
"rna__TraesNOR5B03G02970040","TraesNOR5B03G02970040","rna","C1+",1,"positive"
"rna__TraesNOR6D03G03809020","TraesNOR6D03G03809020","rna","C2+",2,"positive"
"rna__TraesNOR5D03G03148140","TraesNOR5D03G03148140","rna","C1-",1,"negative"
"rna__TraesNOR7B03G04147290","TraesNOR7B03G04147290","rna","C1-",1,"negative"
"rna__TraesNOR1D03G00563460","TraesNOR1D03G00563460","rna","C2+",2,"positive"
"rna__TraesNOR6D03G03812780","TraesNOR6D03G03812780","rna","C1+",1,"positive"
"rna__TraesNOR1D03G00494070","TraesNOR1D03G00494070","rna","C2+",2,"positive"
"rna__TraesNOR6B03G03472990","TraesNOR6B03G03472990","rna","C2-",2,"negative"
"rna__TraesNOR5B03G03034840","TraesNOR5B03G03034840","rna","C2+",2,"positive"
"rna__TraesNOR7A03G03906540","TraesNOR7A03G03906540","rna","C2+",2,"positive"
"rna__TraesNOR5B03G03039470","TraesNOR5B03G03039470","rna","C1-",1,"negative"
"rna__TraesNOR4D03G02454460","TraesNOR4D03G02454460","rna","C2+",2,"positive"
"rna__TraesNOR5A03G02666820","TraesNOR5A03G02666820","rna","C1-",1,"negative"
"rna__TraesNOR7A03G04051400","TraesNOR7A03G04051400","rna","C1-",1,"negative"
"rna__TraesNOR5D03G03177000","TraesNOR5D03G03177000","rna","C1+",1,"positive"
"rna__TraesNOR4B03G02402970","TraesNOR4B03G02402970","rna","C1+",1,"positive"
"rna__TraesNOR7B03G04129780","TraesNOR7B03G04129780","rna","C1-",1,"negative"
"rna__TraesNOR5D03G03069100","TraesNOR5D03G03069100","rna","C1-",1,"negative"
"rna__TraesNOR2D03G01215650","TraesNOR2D03G01215650","rna","C1-",1,"negative"
"rna__TraesNOR2A03G00697060","TraesNOR2A03G00697060","rna","C1-",1,"negative"
"rna__TraesNOR4D03G02517370","TraesNOR4D03G02517370","rna","C1-",1,"negative"
"rna__TraesNOR6B03G03668940","TraesNOR6B03G03668940","rna","C2+",2,"positive"
"rna__TraesNOR2A03G00731910","TraesNOR2A03G00731910","rna","C1-",1,"negative"
"rna__TraesNOR4D03G02496470","TraesNOR4D03G02496470","rna","C2+",2,"positive"
"rna__TraesNOR4D03G02523540","TraesNOR4D03G02523540","rna","C2+",2,"positive"
"rna__TraesNOR4A03G02065210","TraesNOR4A03G02065210","rna","C2+",2,"positive"
"rna__TraesNOR3A03G01473790","TraesNOR3A03G01473790","rna","C1-",1,"negative"
"rna__TraesNOR7B03G04174020","TraesNOR7B03G04174020","rna","C1-",1,"negative"
"rna__TraesNOR3A03G01378590","TraesNOR3A03G01378590","rna","C2+",2,"positive"
"rna__TraesNOR2D03G01132510","TraesNOR2D03G01132510","rna","C2-",2,"negative"
"rna__TraesNOR1A03G00119210","TraesNOR1A03G00119210","rna","C2+",2,"positive"
"rna__TraesNOR3A03G01361830","TraesNOR3A03G01361830","rna","C2-",2,"negative"
"rna__TraesNOR5D03G03114440","TraesNOR5D03G03114440","rna","C1-",1,"negative"
"rna__TraesNOR1D03G00512650","TraesNOR1D03G00512650","rna","C1-",1,"negative"
"rna__TraesNOR7A03G03945760","TraesNOR7A03G03945760","rna","C2-",2,"negative"
"rna__TraesNOR7D03G04403530","TraesNOR7D03G04403530","rna","C1-",1,"negative"
"rna__TraesNOR4B03G02407310","TraesNOR4B03G02407310","rna","C2+",2,"positive"
"rna__TraesNOR6A03G03293430","TraesNOR6A03G03293430","rna","C1-",1,"negative"
"rna__TraesNOR3A03G01376860","TraesNOR3A03G01376860","rna","C1+",1,"positive"
"rna__TraesNOR3B03G01719470","TraesNOR3B03G01719470","rna","C2+",2,"positive"
"rna__TraesNOR6B03G03450590","TraesNOR6B03G03450590","rna","C1+",1,"positive"
"rna__TraesNOR6D03G03799340","TraesNOR6D03G03799340","rna","C1-",1,"negative"
"rna__TraesNOR2D03G01202520","TraesNOR2D03G01202520","rna","C1-",1,"negative"
"rna__TraesNOR6D03G03695160","TraesNOR6D03G03695160","rna","C1-",1,"negative"
"rna__TraesNOR1A03G00123750","TraesNOR1A03G00123750","rna","C2-",2,"negative"
"rna__TraesNOR5D03G03072640","TraesNOR5D03G03072640","rna","C2+",2,"positive"
"rna__TraesNOR6D03G03834710","TraesNOR6D03G03834710","rna","C1+",1,"positive"
"rna__TraesNOR3B03G01745910","TraesNOR3B03G01745910","rna","C1-",1,"negative"
"rna__TraesNOR6D03G03805030","TraesNOR6D03G03805030","rna","C1-",1,"negative"
"rna__TraesNOR4D03G02554690","TraesNOR4D03G02554690","rna","C1-",1,"negative"
"rna__TraesNOR1A03G00137210","TraesNOR1A03G00137210","rna","C2-",2,"negative"
"rna__TraesNOR2B03G00889690","TraesNOR2B03G00889690","rna","C1+",1,"positive"
"rna__TraesNORUn03G04555760","TraesNORUn03G04555760","rna","C1+",1,"positive"
"rna__TraesNOR1D03G00440490","TraesNOR1D03G00440490","rna","C2+",2,"positive"
"rna__TraesNOR6A03G03429870","TraesNOR6A03G03429870","rna","C1+",1,"positive"
"rna__TraesNOR1D03G00421070","TraesNOR1D03G00421070","rna","C2+",2,"positive"
"rna__TraesNOR7A03G03895080","TraesNOR7A03G03895080","rna","C1-",1,"negative"
"rna__TraesNOR1A03G00157640","TraesNOR1A03G00157640","rna","C2+",2,"positive"
"rna__TraesNOR6A03G03353120","TraesNOR6A03G03353120","rna","C2+",2,"positive"
"rna__TraesNOR2A03G00768230","TraesNOR2A03G00768230","rna","C2-",2,"negative"
"rna__TraesNOR7D03G04422480","TraesNOR7D03G04422480","rna","C1-",1,"negative"
"rna__TraesNOR2D03G01243240","TraesNOR2D03G01243240","rna","C2+",2,"positive"
"rna__TraesNORUn03G04582820","TraesNORUn03G04582820","rna","C1-",1,"negative"
"rna__TraesNOR2D03G01154300","TraesNOR2D03G01154300","rna","C2-",2,"negative"
"rna__TraesNOR3D03G01862390","TraesNOR3D03G01862390","rna","C2+",2,"positive"
"rna__TraesNOR2B03G01008070","TraesNOR2B03G01008070","rna","C2+",2,"positive"
"rna__TraesNOR4D03G02459950","TraesNOR4D03G02459950","rna","C1+",1,"positive"
"rna__TraesNOR6B03G03536390","TraesNOR6B03G03536390","rna","C1+",1,"positive"
"rna__TraesNOR1D03G00528460","TraesNOR1D03G00528460","rna","C1-",1,"negative"
"rna__TraesNOR5D03G03207530","TraesNOR5D03G03207530","rna","C1+",1,"positive"
"rna__TraesNOR5B03G02860700","TraesNOR5B03G02860700","rna","C2+",2,"positive"
"rna__TraesNOR7D03G04405870","TraesNOR7D03G04405870","rna","C2+",2,"positive"
"rna__TraesNOR6D03G03813680","TraesNOR6D03G03813680","rna","C1+",1,"positive"
"rna__TraesNOR2D03G01188190","TraesNOR2D03G01188190","rna","C1+",1,"positive"
"rna__TraesNOR3B03G01653880","TraesNOR3B03G01653880","rna","C1+",1,"positive"
"rna__TraesNOR3D03G01928970","TraesNOR3D03G01928970","rna","C1-",1,"negative"
"rna__TraesNOR7D03G04432010","TraesNOR7D03G04432010","rna","C2+",2,"positive"
"rna__TraesNOR1B03G00259750","TraesNOR1B03G00259750","rna","C1-",1,"negative"
"rna__TraesNOR7A03G03849760","TraesNOR7A03G03849760","rna","C1+",1,"positive"
"rna__TraesNOR6A03G03362230","TraesNOR6A03G03362230","rna","C2+",2,"positive"
"rna__TraesNOR4D03G02555500","TraesNOR4D03G02555500","rna","C2-",2,"negative"
"rna__TraesNOR5D03G03129240","TraesNOR5D03G03129240","rna","C1-",1,"negative"
"rna__TraesNOR4D03G02472970","TraesNOR4D03G02472970","rna","C2+",2,"positive"
"rna__TraesNOR5B03G02943970","TraesNOR5B03G02943970","rna","C2+",2,"positive"
"rna__TraesNOR7D03G04320870","TraesNOR7D03G04320870","rna","C2+",2,"positive"
"rna__TraesNOR2D03G01298590","TraesNOR2D03G01298590","rna","C2+",2,"positive"
"rna__TraesNOR2D03G01105930","TraesNOR2D03G01105930","rna","C2+",2,"positive"
"rna__TraesNOR1A03G00179770","TraesNOR1A03G00179770","rna","C2-",2,"negative"
"rna__TraesNOR4D03G02523250","TraesNOR4D03G02523250","rna","C2+",2,"positive"
"rna__TraesNOR2D03G01229080","TraesNOR2D03G01229080","rna","C1+",1,"positive"
"rna__TraesNOR7B03G04143190","TraesNOR7B03G04143190","rna","C1-",1,"negative"
"rna__TraesNOR4B03G02374070","TraesNOR4B03G02374070","rna","C1-",1,"negative"
"rna__TraesNOR7D03G04529220","TraesNOR7D03G04529220","rna","C2-",2,"negative"
"rna__TraesNOR6A03G03406160","TraesNOR6A03G03406160","rna","C1-",1,"negative"
"rna__TraesNOR2D03G01139450","TraesNOR2D03G01139450","rna","C1+",1,"positive"
"rna__TraesNOR2A03G00642420","TraesNOR2A03G00642420","rna","C1-",1,"negative"
"rna__TraesNOR6D03G03766450","TraesNOR6D03G03766450","rna","C2+",2,"positive"
"rna__TraesNOR5D03G03094990","TraesNOR5D03G03094990","rna","C1-",1,"negative"
"rna__TraesNOR1B03G00407130","TraesNOR1B03G00407130","rna","C2+",2,"positive"
"rna__TraesNOR6D03G03699490","TraesNOR6D03G03699490","rna","C1-",1,"negative"
"rna__TraesNOR5B03G02892890","TraesNOR5B03G02892890","rna","C1-",1,"negative"
"rna__TraesNOR3B03G01561600","TraesNOR3B03G01561600","rna","C1-",1,"negative"
"rna__TraesNOR4B03G02342290","TraesNOR4B03G02342290","rna","C1-",1,"negative"
"rna__TraesNOR2D03G01305060","TraesNOR2D03G01305060","rna","C1-",1,"negative"
"rna__TraesNOR3D03G01844600","TraesNOR3D03G01844600","rna","C1-",1,"negative"
"rna__TraesNOR2A03G00643780","TraesNOR2A03G00643780","rna","C2+",2,"positive"
"rna__TraesNOR3B03G01560290","TraesNOR3B03G01560290","rna","C1-",1,"negative"
"rna__TraesNOR2A03G00727330","TraesNOR2A03G00727330","rna","C1+",1,"positive"
"rna__TraesNOR5B03G03048450","TraesNOR5B03G03048450","rna","C2+",2,"positive"
"rna__TraesNOR2D03G01216230","TraesNOR2D03G01216230","rna","C1-",1,"negative"
"rna__TraesNOR2B03G00981310","TraesNOR2B03G00981310","rna","C2+",2,"positive"
"rna__TraesNOR4D03G02490260","TraesNOR4D03G02490260","rna","C1-",1,"negative"
"rna__TraesNOR3B03G01754790","TraesNOR3B03G01754790","rna","C2+",2,"positive"
"rna__TraesNOR2D03G01105260","TraesNOR2D03G01105260","rna","C2+",2,"positive"
"rna__TraesNOR4D03G02535550","TraesNOR4D03G02535550","rna","C1-",1,"negative"
"rna__TraesNOR4D03G02550740","TraesNOR4D03G02550740","rna","C1+",1,"positive"
"rna__TraesNOR2D03G01223970","TraesNOR2D03G01223970","rna","C2-",2,"negative"
"rna__TraesNOR6B03G03533880","TraesNOR6B03G03533880","rna","C2-",2,"negative"
"rna__TraesNOR2D03G01238030","TraesNOR2D03G01238030","rna","C2+",2,"positive"
"rna__TraesNOR4A03G02131300","TraesNOR4A03G02131300","rna","C1-",1,"negative"
"rna__TraesNOR6B03G03616600","TraesNOR6B03G03616600","rna","C1-",1,"negative"
"rna__TraesNOR5D03G03158790","TraesNOR5D03G03158790","rna","C1-",1,"negative"
"rna__TraesNOR5D03G03149390","TraesNOR5D03G03149390","rna","C1-",1,"negative"
"rna__TraesNOR6D03G03781790","TraesNOR6D03G03781790","rna","C2+",2,"positive"
"rna__TraesNOR7A03G03976480","TraesNOR7A03G03976480","rna","C2+",2,"positive"
"rna__TraesNOR7B03G04218620","TraesNOR7B03G04218620","rna","C1+",1,"positive"
"rna__TraesNOR1A03G00091970","TraesNOR1A03G00091970","rna","C2+",2,"positive"
"rna__TraesNOR7A03G03878070","TraesNOR7A03G03878070","rna","C2+",2,"positive"
"rna__TraesNOR2D03G01144660","TraesNOR2D03G01144660","rna","C1-",1,"negative"
"rna__TraesNOR3D03G01995240","TraesNOR3D03G01995240","rna","C1+",1,"positive"
"rna__TraesNOR2D03G01151180","TraesNOR2D03G01151180","rna","C1-",1,"negative"
"rna__TraesNOR6D03G03798260","TraesNOR6D03G03798260","rna","C1+",1,"positive"
"rna__TraesNOR7B03G04223670","TraesNOR7B03G04223670","rna","C1+",1,"positive"
"rna__TraesNOR3D03G01847370","TraesNOR3D03G01847370","rna","C1-",1,"negative"
"rna__TraesNOR7B03G04244360","TraesNOR7B03G04244360","rna","C1-",1,"negative"
"rna__TraesNOR6D03G03821110","TraesNOR6D03G03821110","rna","C1+",1,"positive"
"rna__TraesNOR5A03G02582310","TraesNOR5A03G02582310","rna","C1-",1,"negative"
"rna__TraesNOR1D03G00542670","TraesNOR1D03G00542670","rna","C1-",1,"negative"
"rna__TraesNOR4A03G02133950","TraesNOR4A03G02133950","rna","C1-",1,"negative"
"rna__TraesNOR6B03G03671720","TraesNOR6B03G03671720","rna","C1-",1,"negative"
"rna__TraesNOR5A03G02598930","TraesNOR5A03G02598930","rna","C2-",2,"negative"
"rna__TraesNOR4D03G02526400","TraesNOR4D03G02526400","rna","C2+",2,"positive"
"rna__TraesNOR7A03G04083670","TraesNOR7A03G04083670","rna","C1-",1,"negative"
"rna__TraesNOR7A03G04038410","TraesNOR7A03G04038410","rna","C2+",2,"positive"
"rna__TraesNOR1B03G00360720","TraesNOR1B03G00360720","rna","C1-",1,"negative"
"rna__TraesNOR3D03G01946640","TraesNOR3D03G01946640","rna","C2+",2,"positive"
"rna__TraesNOR6B03G03612380","TraesNOR6B03G03612380","rna","C2+",2,"positive"
"rna__TraesNOR1A03G00126410","TraesNOR1A03G00126410","rna","C2+",2,"positive"
"rna__TraesNOR2A03G00828340","TraesNOR2A03G00828340","rna","C2+",2,"positive"
"rna__TraesNOR3A03G01457680","TraesNOR3A03G01457680","rna","C1-",1,"negative"
"rna__TraesNOR5A03G02806210","TraesNOR5A03G02806210","rna","C1+",1,"positive"
"rna__TraesNOR6A03G03439230","TraesNOR6A03G03439230","rna","C1-",1,"negative"
"rna__TraesNOR1D03G00515320","TraesNOR1D03G00515320","rna","C1+",1,"positive"
"rna__TraesNOR3B03G01714270","TraesNOR3B03G01714270","rna","C1+",1,"positive"
"rna__TraesNOR4B03G02401520","TraesNOR4B03G02401520","rna","C1-",1,"negative"
"rna__TraesNOR7D03G04479170","TraesNOR7D03G04479170","rna","C1+",1,"positive"
"rna__TraesNOR4B03G02246570","TraesNOR4B03G02246570","rna","C2-",2,"negative"
"rna__TraesNOR2D03G01275800","TraesNOR2D03G01275800","rna","C1-",1,"negative"
"rna__TraesNOR5D03G03233840","TraesNOR5D03G03233840","rna","C1-",1,"negative"
"rna__TraesNOR3A03G01473600","TraesNOR3A03G01473600","rna","C2+",2,"positive"
"rna__TraesNOR1D03G00436600","TraesNOR1D03G00436600","rna","C1+",1,"positive"
"rna__TraesNOR3B03G01684030","TraesNOR3B03G01684030","rna","C1-",1,"negative"
"rna__TraesNOR2D03G01281540","TraesNOR2D03G01281540","rna","C1-",1,"negative"
"rna__TraesNOR2D03G01199410","TraesNOR2D03G01199410","rna","C1-",1,"negative"
"rna__TraesNOR7D03G04512280","TraesNOR7D03G04512280","rna","C1-",1,"negative"
"rna__TraesNOR6A03G03297170","TraesNOR6A03G03297170","rna","C1+",1,"positive"
"rna__TraesNOR3D03G01930620","TraesNOR3D03G01930620","rna","C1-",1,"negative"
"rna__TraesNOR5B03G03005830","TraesNOR5B03G03005830","rna","C1-",1,"negative"
"rna__TraesNOR2A03G00777380","TraesNOR2A03G00777380","rna","C1-",1,"negative"
"rna__TraesNOR3B03G01607480","TraesNOR3B03G01607480","rna","C1-",1,"negative"
"rna__TraesNOR3B03G01772570","TraesNOR3B03G01772570","rna","C1-",1,"negative"
"rna__TraesNOR7D03G04446340","TraesNOR7D03G04446340","rna","C2+",2,"positive"
"rna__TraesNOR6D03G03703120","TraesNOR6D03G03703120","rna","C1-",1,"negative"
"rna__TraesNOR3D03G01996590","TraesNOR3D03G01996590","rna","C2+",2,"positive"
"rna__TraesNOR5D03G03078550","TraesNOR5D03G03078550","rna","C1+",1,"positive"
"rna__TraesNOR5B03G03027940","TraesNOR5B03G03027940","rna","C2+",2,"positive"
"rna__TraesNOR4D03G02564840","TraesNOR4D03G02564840","rna","C2-",2,"negative"
"rna__TraesNOR6D03G03768910","TraesNOR6D03G03768910","rna","C1-",1,"negative"
"rna__TraesNOR3A03G01514180","TraesNOR3A03G01514180","rna","C2-",2,"negative"
"rna__TraesNOR4A03G02085940","TraesNOR4A03G02085940","rna","C1+",1,"positive"
"rna__TraesNOR3A03G01492760","TraesNOR3A03G01492760","rna","C1-",1,"negative"
"rna__TraesNOR2B03G00984520","TraesNOR2B03G00984520","rna","C1-",1,"negative"
"rna__TraesNOR3D03G01957420","TraesNOR3D03G01957420","rna","C1+",1,"positive"
"rna__TraesNOR1A03G00159680","TraesNOR1A03G00159680","rna","C1+",1,"positive"
"rna__TraesNOR1A03G00181580","TraesNOR1A03G00181580","rna","C1-",1,"negative"
"rna__TraesNOR4B03G02357470","TraesNOR4B03G02357470","rna","C1+",1,"positive"
"rna__TraesNOR1D03G00519570","TraesNOR1D03G00519570","rna","C1+",1,"positive"
"rna__TraesNOR7D03G04470290","TraesNOR7D03G04470290","rna","C2+",2,"positive"
"rna__TraesNOR5B03G02977910","TraesNOR5B03G02977910","rna","C1-",1,"negative"
"rna__TraesNOR3A03G01480710","TraesNOR3A03G01480710","rna","C2+",2,"positive"
"rna__TraesNOR7D03G04378440","TraesNOR7D03G04378440","rna","C1+",1,"positive"
"rna__TraesNOR3B03G01764200","TraesNOR3B03G01764200","rna","C1-",1,"negative"
"rna__TraesNOR4A03G02087550","TraesNOR4A03G02087550","rna","C1+",1,"positive"
"rna__TraesNOR1D03G00540160","TraesNOR1D03G00540160","rna","C1-",1,"negative"
"rna__TraesNOR2A03G00736660","TraesNOR2A03G00736660","rna","C1-",1,"negative"
"rna__TraesNOR5D03G03186850","TraesNOR5D03G03186850","rna","C2+",2,"positive"
"rna__TraesNOR6D03G03834660","TraesNOR6D03G03834660","rna","C2+",2,"positive"
"rna__TraesNOR1A03G00116820","TraesNOR1A03G00116820","rna","C1-",1,"negative"
"rna__TraesNOR2A03G00713510","TraesNOR2A03G00713510","rna","C2+",2,"positive"
"rna__TraesNOR2D03G01104760","TraesNOR2D03G01104760","rna","C1-",1,"negative"
"rna__TraesNOR1D03G00441970","TraesNOR1D03G00441970","rna","C1-",1,"negative"
"rna__TraesNOR6B03G03523340","TraesNOR6B03G03523340","rna","C2+",2,"positive"
"rna__TraesNOR4B03G02362330","TraesNOR4B03G02362330","rna","C1+",1,"positive"
"rna__TraesNOR1A03G00148790","TraesNOR1A03G00148790","rna","C2+",2,"positive"
"rna__TraesNOR5D03G03243120","TraesNOR5D03G03243120","rna","C2+",2,"positive"
"rna__TraesNOR2A03G00713490","TraesNOR2A03G00713490","rna","C2+",2,"positive"
"rna__TraesNOR3B03G01785860","TraesNOR3B03G01785860","rna","C1-",1,"negative"
"rna__TraesNOR1B03G00343950","TraesNOR1B03G00343950","rna","C1-",1,"negative"
"rna__TraesNOR3B03G01722140","TraesNOR3B03G01722140","rna","C1-",1,"negative"
"rna__TraesNOR7B03G04119340","TraesNOR7B03G04119340","rna","C1-",1,"negative"
"rna__TraesNOR4A03G02162850","TraesNOR4A03G02162850","rna","C1-",1,"negative"
"rna__TraesNOR2B03G01065340","TraesNOR2B03G01065340","rna","C1-",1,"negative"
"rna__TraesNOR7D03G04421400","TraesNOR7D03G04421400","rna","C1+",1,"positive"
"rna__TraesNOR2A03G00635590","TraesNOR2A03G00635590","rna","C2-",2,"negative"
"rna__TraesNOR3B03G01795510","TraesNOR3B03G01795510","rna","C2+",2,"positive"
"rna__TraesNOR4D03G02451220","TraesNOR4D03G02451220","rna","C2+",2,"positive"
"rna__TraesNOR4B03G02353230","TraesNOR4B03G02353230","rna","C1-",1,"negative"
"rna__TraesNOR6A03G03420130","TraesNOR6A03G03420130","rna","C1-",1,"negative"
"rna__TraesNOR3A03G01414500","TraesNOR3A03G01414500","rna","C1-",1,"negative"
"rna__TraesNOR6A03G03279610","TraesNOR6A03G03279610","rna","C1-",1,"negative"
"rna__TraesNOR3B03G01791930","TraesNOR3B03G01791930","rna","C1-",1,"negative"
"rna__TraesNOR5A03G02587280","TraesNOR5A03G02587280","rna","C1+",1,"positive"
"rna__TraesNOR3D03G01954470","TraesNOR3D03G01954470","rna","C2+",2,"positive"
"rna__TraesNOR6D03G03828350","TraesNOR6D03G03828350","rna","C1+",1,"positive"
"rna__TraesNOR6D03G03759170","TraesNOR6D03G03759170","rna","C1-",1,"negative"
"rna__TraesNOR1B03G00319600","TraesNOR1B03G00319600","rna","C1-",1,"negative"
"rna__TraesNOR3B03G01685150","TraesNOR3B03G01685150","rna","C1-",1,"negative"
"rna__TraesNOR1D03G00488630","TraesNOR1D03G00488630","rna","C1+",1,"positive"
"rna__TraesNOR6D03G03721830","TraesNOR6D03G03721830","rna","C1+",1,"positive"
"rna__TraesNOR2D03G01139220","TraesNOR2D03G01139220","rna","C1+",1,"positive"
"rna__TraesNOR7D03G04380080","TraesNOR7D03G04380080","rna","C1-",1,"negative"
"rna__TraesNOR3A03G01473360","TraesNOR3A03G01473360","rna","C2+",2,"positive"
"rna__TraesNOR2D03G01244170","TraesNOR2D03G01244170","rna","C1+",1,"positive"
"rna__TraesNOR1D03G00557220","TraesNOR1D03G00557220","rna","C2+",2,"positive"
"rna__TraesNOR5D03G03082970","TraesNOR5D03G03082970","rna","C1+",1,"positive"
"rna__TraesNOR7D03G04394720","TraesNOR7D03G04394720","rna","C1+",1,"positive"
"rna__TraesNOR3D03G01892060","TraesNOR3D03G01892060","rna","C1-",1,"negative"
"rna__TraesNOR2B03G00890240","TraesNOR2B03G00890240","rna","C1-",1,"negative"
"rna__TraesNOR2A03G00679880","TraesNOR2A03G00679880","rna","C1-",1,"negative"
"rna__TraesNOR5B03G02844480","TraesNOR5B03G02844480","rna","C2+",2,"positive"
"rna__TraesNOR3A03G01453110","TraesNOR3A03G01453110","rna","C1-",1,"negative"
"rna__TraesNOR5A03G02765490","TraesNOR5A03G02765490","rna","C1-",1,"negative"
"rna__TraesNOR3D03G01934560","TraesNOR3D03G01934560","rna","C1+",1,"positive"
"rna__TraesNOR1B03G00343110","TraesNOR1B03G00343110","rna","C2+",2,"positive"
"rna__TraesNOR3B03G01618330","TraesNOR3B03G01618330","rna","C1-",1,"negative"
"rna__TraesNOR5A03G02790130","TraesNOR5A03G02790130","rna","C1-",1,"negative"
"rna__TraesNOR1D03G00416320","TraesNOR1D03G00416320","rna","C1+",1,"positive"
"rna__TraesNOR6D03G03837420","TraesNOR6D03G03837420","rna","C1-",1,"negative"
"rna__TraesNOR3D03G01876460","TraesNOR3D03G01876460","rna","C2+",2,"positive"
"rna__TraesNOR6D03G03733740","TraesNOR6D03G03733740","rna","C1-",1,"negative"
"rna__TraesNOR1A03G00135620","TraesNOR1A03G00135620","rna","C2+",2,"positive"
"rna__TraesNOR1D03G00538880","TraesNOR1D03G00538880","rna","C2+",2,"positive"
"rna__TraesNOR1D03G00474450","TraesNOR1D03G00474450","rna","C2+",2,"positive"
"rna__TraesNOR5D03G03081740","TraesNOR5D03G03081740","rna","C1+",1,"positive"
"rna__TraesNOR7B03G04149020","TraesNOR7B03G04149020","rna","C2+",2,"positive"
"rna__TraesNOR2D03G01162260","TraesNOR2D03G01162260","rna","C2+",2,"positive"
"rna__TraesNOR1A03G00056240","TraesNOR1A03G00056240","rna","C1-",1,"negative"
"rna__TraesNOR5D03G03098150","TraesNOR5D03G03098150","rna","C1-",1,"negative"
"rna__TraesNOR7D03G04442840","TraesNOR7D03G04442840","rna","C2+",2,"positive"
"rna__TraesNOR6D03G03805390","TraesNOR6D03G03805390","rna","C1+",1,"positive"
"rna__TraesNOR5D03G03182130","TraesNOR5D03G03182130","rna","C2-",2,"negative"
"rna__TraesNOR5B03G02909740","TraesNOR5B03G02909740","rna","C1+",1,"positive"
"rna__TraesNOR2D03G01220550","TraesNOR2D03G01220550","rna","C1+",1,"positive"
"rna__TraesNOR2D03G01199370","TraesNOR2D03G01199370","rna","C1-",1,"negative"
"rna__TraesNOR5D03G03146550","TraesNOR5D03G03146550","rna","C2+",2,"positive"
"rna__TraesNOR6B03G03633310","TraesNOR6B03G03633310","rna","C2+",2,"positive"
"rna__TraesNOR4A03G02181770","TraesNOR4A03G02181770","rna","C1-",1,"negative"
"rna__TraesNOR4A03G02095660","TraesNOR4A03G02095660","rna","C1+",1,"positive"
"rna__TraesNOR3D03G02009650","TraesNOR3D03G02009650","rna","C1+",1,"positive"
"rna__TraesNOR7A03G04076900","TraesNOR7A03G04076900","rna","C1+",1,"positive"
"rna__TraesNOR3D03G01908860","TraesNOR3D03G01908860","rna","C1-",1,"negative"
"rna__TraesNOR1D03G00550830","TraesNOR1D03G00550830","rna","C1+",1,"positive"
"rna__TraesNOR7D03G04479130","TraesNOR7D03G04479130","rna","C1-",1,"negative"
"rna__TraesNOR3B03G01591610","TraesNOR3B03G01591610","rna","C1-",1,"negative"
"rna__TraesNOR3B03G01678180","TraesNOR3B03G01678180","rna","C1+",1,"positive"
"rna__TraesNOR6B03G03523600","TraesNOR6B03G03523600","rna","C1+",1,"positive"
"rna__TraesNOR5D03G03140670","TraesNOR5D03G03140670","rna","C1-",1,"negative"
"rna__TraesNOR5D03G03090600","TraesNOR5D03G03090600","rna","C2-",2,"negative"
"rna__TraesNOR1A03G00152070","TraesNOR1A03G00152070","rna","C1-",1,"negative"
"rna__TraesNOR6B03G03605490","TraesNOR6B03G03605490","rna","C2-",2,"negative"
"rna__TraesNOR5D03G03069340","TraesNOR5D03G03069340","rna","C2+",2,"positive"
"rna__TraesNOR4B03G02280160","TraesNOR4B03G02280160","rna","C2-",2,"negative"
"rna__TraesNOR5D03G03093670","TraesNOR5D03G03093670","rna","C1+",1,"positive"
"rna__TraesNOR7D03G04507040","TraesNOR7D03G04507040","rna","C1-",1,"negative"
"rna__TraesNOR7A03G03922420","TraesNOR7A03G03922420","rna","C2-",2,"negative"
"rna__TraesNOR3B03G01674690","TraesNOR3B03G01674690","rna","C2+",2,"positive"
"rna__TraesNOR1D03G00512440","TraesNOR1D03G00512440","rna","C1+",1,"positive"
"rna__TraesNOR3A03G01466450","TraesNOR3A03G01466450","rna","C2+",2,"positive"
"rna__TraesNOR5A03G02767600","TraesNOR5A03G02767600","rna","C2+",2,"positive"
"rna__TraesNOR3D03G01984230","TraesNOR3D03G01984230","rna","C2+",2,"positive"
"rna__TraesNOR4B03G02255310","TraesNOR4B03G02255310","rna","C1+",1,"positive"
"rna__TraesNOR2B03G01023820","TraesNOR2B03G01023820","rna","C1+",1,"positive"
"rna__TraesNOR3D03G02010760","TraesNOR3D03G02010760","rna","C1+",1,"positive"
"rna__TraesNOR4D03G02495360","TraesNOR4D03G02495360","rna","C1+",1,"positive"
"rna__TraesNOR5A03G02741830","TraesNOR5A03G02741830","rna","C1-",1,"negative"
"rna__TraesNOR7D03G04449620","TraesNOR7D03G04449620","rna","C2-",2,"negative"
"rna__TraesNOR5A03G02670990","TraesNOR5A03G02670990","rna","C1-",1,"negative"
"rna__TraesNOR5A03G02764280","TraesNOR5A03G02764280","rna","C1-",1,"negative"
"rna__TraesNOR4B03G02371100","TraesNOR4B03G02371100","rna","C2+",2,"positive"
"rna__TraesNOR3B03G01656860","TraesNOR3B03G01656860","rna","C1-",1,"negative"
"rna__TraesNOR7A03G03982900","TraesNOR7A03G03982900","rna","C2+",2,"positive"
"rna__TraesNOR6B03G03457710","TraesNOR6B03G03457710","rna","C2-",2,"negative"
"rna__TraesNOR2D03G01247200","TraesNOR2D03G01247200","rna","C2-",2,"negative"
"rna__TraesNOR7A03G03904230","TraesNOR7A03G03904230","rna","C2+",2,"positive"
"rna__TraesNOR3A03G01497710","TraesNOR3A03G01497710","rna","C1+",1,"positive"
"rna__TraesNOR3D03G02012130","TraesNOR3D03G02012130","rna","C1-",1,"negative"
"rna__TraesNOR3A03G01383340","TraesNOR3A03G01383340","rna","C1-",1,"negative"
"rna__TraesNOR3A03G01455290","TraesNOR3A03G01455290","rna","C2+",2,"positive"
"rna__TraesNOR3A03G01331670","TraesNOR3A03G01331670","rna","C1-",1,"negative"
"rna__TraesNOR1D03G00484040","TraesNOR1D03G00484040","rna","C1+",1,"positive"
"rna__TraesNOR5D03G03167810","TraesNOR5D03G03167810","rna","C1-",1,"negative"
"rna__TraesNOR2A03G00661730","TraesNOR2A03G00661730","rna","C1-",1,"negative"
"rna__TraesNOR6D03G03834650","TraesNOR6D03G03834650","rna","C1-",1,"negative"
"rna__TraesNOR1D03G00559750","TraesNOR1D03G00559750","rna","C1-",1,"negative"
"rna__TraesNOR7B03G04212750","TraesNOR7B03G04212750","rna","C1-",1,"negative"
"rna__TraesNOR1B03G00358800","TraesNOR1B03G00358800","rna","C2-",2,"negative"
"rna__TraesNOR4A03G02226480","TraesNOR4A03G02226480","rna","C1-",1,"negative"
"rna__TraesNOR2A03G00665960","TraesNOR2A03G00665960","rna","C1-",1,"negative"
"rna__TraesNOR3D03G01853500","TraesNOR3D03G01853500","rna","C1-",1,"negative"
"rna__TraesNOR3B03G01591390","TraesNOR3B03G01591390","rna","C2+",2,"positive"
"rna__TraesNOR7B03G04242100","TraesNOR7B03G04242100","rna","C1+",1,"positive"
"rna__TraesNOR5B03G02941760","TraesNOR5B03G02941760","rna","C2+",2,"positive"
"rna__TraesNOR2A03G00775030","TraesNOR2A03G00775030","rna","C1-",1,"negative"
"rna__TraesNOR5A03G02623660","TraesNOR5A03G02623660","rna","C1-",1,"negative"
"rna__TraesNOR3B03G01748450","TraesNOR3B03G01748450","rna","C1+",1,"positive"
"rna__TraesNOR3B03G01681510","TraesNOR3B03G01681510","rna","C2+",2,"positive"
"rna__TraesNOR3D03G01985650","TraesNOR3D03G01985650","rna","C1+",1,"positive"
"rna__TraesNOR2D03G01149510","TraesNOR2D03G01149510","rna","C1+",1,"positive"
"rna__TraesNOR7A03G04074940","TraesNOR7A03G04074940","rna","C1-",1,"negative"
"rna__TraesNOR6D03G03712380","TraesNOR6D03G03712380","rna","C1-",1,"negative"
"rna__TraesNOR6B03G03542310","TraesNOR6B03G03542310","rna","C2+",2,"positive"
"rna__TraesNOR3D03G01916160","TraesNOR3D03G01916160","rna","C2+",2,"positive"
"rna__TraesNOR4A03G02035760","TraesNOR4A03G02035760","rna","C1+",1,"positive"
"rna__TraesNOR4A03G02238290","TraesNOR4A03G02238290","rna","C2+",2,"positive"
"rna__TraesNOR3D03G01920590","TraesNOR3D03G01920590","rna","C1-",1,"negative"
"rna__TraesNOR3D03G01885050","TraesNOR3D03G01885050","rna","C1+",1,"positive"
"rna__TraesNOR6B03G03560840","TraesNOR6B03G03560840","rna","C1-",1,"negative"
"rna__TraesNOR6D03G03806360","TraesNOR6D03G03806360","rna","C1+",1,"positive"
"rna__TraesNOR6B03G03678440","TraesNOR6B03G03678440","rna","C2+",2,"positive"
"rna__TraesNOR5B03G02886400","TraesNOR5B03G02886400","rna","C1+",1,"positive"
"rna__TraesNOR1D03G00515610","TraesNOR1D03G00515610","rna","C2+",2,"positive"
"rna__TraesNOR3D03G01925790","TraesNOR3D03G01925790","rna","C2-",2,"negative"
"rna__TraesNOR2B03G01027740","TraesNOR2B03G01027740","rna","C1-",1,"negative"
"rna__TraesNOR5A03G02776080","TraesNOR5A03G02776080","rna","C1-",1,"negative"
"rna__TraesNOR6B03G03638230","TraesNOR6B03G03638230","rna","C1-",1,"negative"
"rna__TraesNOR7B03G04113950","TraesNOR7B03G04113950","rna","C1+",1,"positive"
"rna__TraesNOR6A03G03373640","TraesNOR6A03G03373640","rna","C1-",1,"negative"
"rna__TraesNOR3B03G01628230","TraesNOR3B03G01628230","rna","C2+",2,"positive"
"rna__TraesNOR4A03G02059910","TraesNOR4A03G02059910","rna","C1+",1,"positive"
"rna__TraesNOR7B03G04315710","TraesNOR7B03G04315710","rna","C1-",1,"negative"
"rna__TraesNOR2D03G01125590","TraesNOR2D03G01125590","rna","C2-",2,"negative"
"rna__TraesNOR3B03G01581390","TraesNOR3B03G01581390","rna","C1-",1,"negative"
"rna__TraesNOR4B03G02405810","TraesNOR4B03G02405810","rna","C2-",2,"negative"
"rna__TraesNOR4D03G02435760","TraesNOR4D03G02435760","rna","C1+",1,"positive"
"rna__TraesNOR5B03G03017120","TraesNOR5B03G03017120","rna","C1-",1,"negative"
"rna__TraesNOR4D03G02431830","TraesNOR4D03G02431830","rna","C2+",2,"positive"
"rna__TraesNOR2D03G01253420","TraesNOR2D03G01253420","rna","C2+",2,"positive"
"rna__TraesNOR2D03G01105210","TraesNOR2D03G01105210","rna","C2+",2,"positive"
"rna__TraesNOR3A03G01354270","TraesNOR3A03G01354270","rna","C2+",2,"positive"
"rna__TraesNOR5B03G02988160","TraesNOR5B03G02988160","rna","C2+",2,"positive"
"rna__TraesNOR3B03G01602970","TraesNOR3B03G01602970","rna","C1+",1,"positive"
"rna__TraesNOR1D03G00572050","TraesNOR1D03G00572050","rna","C1-",1,"negative"
"rna__TraesNOR2A03G00629370","TraesNOR2A03G00629370","rna","C1-",1,"negative"
"rna__TraesNOR4A03G02218340","TraesNOR4A03G02218340","rna","C1-",1,"negative"
"rna__TraesNOR5A03G02770360","TraesNOR5A03G02770360","rna","C2+",2,"positive"
"rna__TraesNOR1A03G00023510","TraesNOR1A03G00023510","rna","C1+",1,"positive"
"rna__TraesNOR6B03G03484440","TraesNOR6B03G03484440","rna","C1+",1,"positive"
"rna__TraesNOR6B03G03607360","TraesNOR6B03G03607360","rna","C1-",1,"negative"
"rna__TraesNOR4D03G02441690","TraesNOR4D03G02441690","rna","C2+",2,"positive"
"rna__TraesNOR3D03G01946300","TraesNOR3D03G01946300","rna","C2+",2,"positive"
"rna__TraesNOR3D03G01856230","TraesNOR3D03G01856230","rna","C1+",1,"positive"
"rna__TraesNOR4D03G02537620","TraesNOR4D03G02537620","rna","C1+",1,"positive"
"rna__TraesNOR7D03G04445220","TraesNOR7D03G04445220","rna","C2+",2,"positive"
"rna__TraesNOR7D03G04498470","TraesNOR7D03G04498470","rna","C2+",2,"positive"
"rna__TraesNOR3B03G01555500","TraesNOR3B03G01555500","rna","C1+",1,"positive"
"rna__TraesNOR2B03G00890160","TraesNOR2B03G00890160","rna","C1-",1,"negative"
"rna__TraesNOR6D03G03773400","TraesNOR6D03G03773400","rna","C1-",1,"negative"
"rna__TraesNOR7B03G04205800","TraesNOR7B03G04205800","rna","C1-",1,"negative"
"rna__TraesNOR2A03G00628830","TraesNOR2A03G00628830","rna","C1-",1,"negative"
"rna__TraesNOR3D03G01919440","TraesNOR3D03G01919440","rna","C1+",1,"positive"
"rna__TraesNOR2A03G00587840","TraesNOR2A03G00587840","rna","C2+",2,"positive"
"rna__TraesNOR1B03G00225440","TraesNOR1B03G00225440","rna","C2+",2,"positive"
"rna__TraesNOR5D03G03133270","TraesNOR5D03G03133270","rna","C2+",2,"positive"
"rna__TraesNOR3D03G01822160","TraesNOR3D03G01822160","rna","C1+",1,"positive"
"rna__TraesNOR1D03G00534730","TraesNOR1D03G00534730","rna","C2+",2,"positive"
"rna__TraesNOR5A03G02625660","TraesNOR5A03G02625660","rna","C1-",1,"negative"
"rna__TraesNOR2B03G01067060","TraesNOR2B03G01067060","rna","C1+",1,"positive"
"rna__TraesNOR1D03G00492490","TraesNOR1D03G00492490","rna","C2+",2,"positive"
"rna__TraesNOR6A03G03416530","TraesNOR6A03G03416530","rna","C1-",1,"negative"
"rna__TraesNOR5D03G03200390","TraesNOR5D03G03200390","rna","C2-",2,"negative"
"rna__TraesNOR3A03G01464500","TraesNOR3A03G01464500","rna","C1+",1,"positive"
"rna__TraesNOR4A03G02074130","TraesNOR4A03G02074130","rna","C1-",1,"negative"
"rna__TraesNOR5D03G03228580","TraesNOR5D03G03228580","rna","C2-",2,"negative"
"rna__TraesNOR5D03G03180700","TraesNOR5D03G03180700","rna","C2+",2,"positive"
"rna__TraesNOR7B03G04145770","TraesNOR7B03G04145770","rna","C2+",2,"positive"
"rna__TraesNOR4D03G02511150","TraesNOR4D03G02511150","rna","C1-",1,"negative"
"rna__TraesNOR7D03G04329030","TraesNOR7D03G04329030","rna","C1-",1,"negative"
"rna__TraesNOR6A03G03365620","TraesNOR6A03G03365620","rna","C1-",1,"negative"
"rna__TraesNOR7D03G04337920","TraesNOR7D03G04337920","rna","C1-",1,"negative"
"rna__TraesNOR3B03G01603710","TraesNOR3B03G01603710","rna","C2+",2,"positive"
"rna__TraesNOR2D03G01098490","TraesNOR2D03G01098490","rna","C1-",1,"negative"
"rna__TraesNOR6B03G03650060","TraesNOR6B03G03650060","rna","C1-",1,"negative"
"rna__TraesNOR3A03G01450950","TraesNOR3A03G01450950","rna","C2-",2,"negative"
"rna__TraesNOR1B03G00396970","TraesNOR1B03G00396970","rna","C1-",1,"negative"
"rna__TraesNOR5D03G03235570","TraesNOR5D03G03235570","rna","C2+",2,"positive"
"rna__TraesNOR3D03G01841640","TraesNOR3D03G01841640","rna","C2+",2,"positive"
"rna__TraesNOR3D03G01997330","TraesNOR3D03G01997330","rna","C2-",2,"negative"
"rna__TraesNOR1D03G00450770","TraesNOR1D03G00450770","rna","C2+",2,"positive"
"rna__TraesNOR3B03G01723170","TraesNOR3B03G01723170","rna","C2+",2,"positive"
"rna__TraesNOR7D03G04458050","TraesNOR7D03G04458050","rna","C1-",1,"negative"
"rna__TraesNOR3D03G01953280","TraesNOR3D03G01953280","rna","C2-",2,"negative"
"rna__TraesNOR2D03G01172650","TraesNOR2D03G01172650","rna","C2+",2,"positive"
"rna__TraesNOR5A03G02740970","TraesNOR5A03G02740970","rna","C1-",1,"negative"
"rna__TraesNOR3B03G01629060","TraesNOR3B03G01629060","rna","C2-",2,"negative"
"rna__TraesNOR2D03G01212290","TraesNOR2D03G01212290","rna","C1+",1,"positive"
"rna__TraesNOR3B03G01608510","TraesNOR3B03G01608510","rna","C2+",2,"positive"
"rna__TraesNOR5D03G03191290","TraesNOR5D03G03191290","rna","C1-",1,"negative"
"rna__TraesNOR2B03G01085710","TraesNOR2B03G01085710","rna","C1-",1,"negative"
"rna__TraesNOR3D03G01860620","TraesNOR3D03G01860620","rna","C1-",1,"negative"
"rna__TraesNOR2D03G01262940","TraesNOR2D03G01262940","rna","C2+",2,"positive"
"rna__TraesNOR2D03G01256460","TraesNOR2D03G01256460","rna","C2-",2,"negative"
"rna__TraesNOR7D03G04421370","TraesNOR7D03G04421370","rna","C1-",1,"negative"
"rna__TraesNOR6D03G03792240","TraesNOR6D03G03792240","rna","C2-",2,"negative"
"rna__TraesNOR2D03G01181220","TraesNOR2D03G01181220","rna","C2-",2,"negative"
"rna__TraesNOR4D03G02457660","TraesNOR4D03G02457660","rna","C1-",1,"negative"
"rna__TraesNOR1A03G00118010","TraesNOR1A03G00118010","rna","C1-",1,"negative"
"rna__TraesNOR7D03G04535930","TraesNOR7D03G04535930","rna","C2+",2,"positive"
"rna__TraesNOR5D03G03249010","TraesNOR5D03G03249010","rna","C1+",1,"positive"
"rna__TraesNOR7D03G04425810","TraesNOR7D03G04425810","rna","C2-",2,"negative"
"rna__TraesNOR7A03G04082360","TraesNOR7A03G04082360","rna","C1+",1,"positive"
"rna__TraesNOR4D03G02452410","TraesNOR4D03G02452410","rna","C1-",1,"negative"
"rna__TraesNOR4D03G02448600","TraesNOR4D03G02448600","rna","C2+",2,"positive"
"rna__TraesNOR1B03G00340190","TraesNOR1B03G00340190","rna","C2+",2,"positive"
"rna__TraesNOR6A03G03348860","TraesNOR6A03G03348860","rna","C1-",1,"negative"
"rna__TraesNOR3B03G01671720","TraesNOR3B03G01671720","rna","C1-",1,"negative"
"rna__TraesNOR5D03G03225170","TraesNOR5D03G03225170","rna","C2+",2,"positive"
"rna__TraesNOR2A03G00794120","TraesNOR2A03G00794120","rna","C2-",2,"negative"
"rna__TraesNOR5D03G03200810","TraesNOR5D03G03200810","rna","C1-",1,"negative"
"rna__TraesNOR6A03G03441390","TraesNOR6A03G03441390","rna","C2+",2,"positive"
"rna__TraesNOR2D03G01288460","TraesNOR2D03G01288460","rna","C1-",1,"negative"
"rna__TraesNOR6A03G03434440","TraesNOR6A03G03434440","rna","C1+",1,"positive"
"rna__TraesNOR2D03G01215290","TraesNOR2D03G01215290","rna","C1-",1,"negative"
"rna__TraesNOR6B03G03549880","TraesNOR6B03G03549880","rna","C2+",2,"positive"
"rna__TraesNOR3D03G01889940","TraesNOR3D03G01889940","rna","C1+",1,"positive"
"rna__TraesNOR5A03G02812180","TraesNOR5A03G02812180","rna","C1+",1,"positive"
"rna__TraesNOR4A03G02223810","TraesNOR4A03G02223810","rna","C1-",1,"negative"
"rna__TraesNOR2A03G00628100","TraesNOR2A03G00628100","rna","C1-",1,"negative"
"rna__TraesNOR3A03G01332300","TraesNOR3A03G01332300","rna","C1-",1,"negative"
"rna__TraesNOR1D03G00525700","TraesNOR1D03G00525700","rna","C1-",1,"negative"
"rna__TraesNOR5D03G03168840","TraesNOR5D03G03168840","rna","C2+",2,"positive"
"rna__TraesNOR6B03G03667050","TraesNOR6B03G03667050","rna","C1+",1,"positive"
"rna__TraesNOR3D03G01848970","TraesNOR3D03G01848970","rna","C2-",2,"negative"
"rna__TraesNOR7D03G04469730","TraesNOR7D03G04469730","rna","C2-",2,"negative"
"rna__TraesNOR7D03G04509660","TraesNOR7D03G04509660","rna","C1-",1,"negative"
"rna__TraesNOR7A03G03853550","TraesNOR7A03G03853550","rna","C1+",1,"positive"
"rna__TraesNOR6D03G03796880","TraesNOR6D03G03796880","rna","C1+",1,"positive"
"rna__TraesNOR3A03G01460300","TraesNOR3A03G01460300","rna","C1+",1,"positive"
"rna__TraesNOR7D03G04463950","TraesNOR7D03G04463950","rna","C1-",1,"negative"
"rna__TraesNOR6D03G03758590","TraesNOR6D03G03758590","rna","C1+",1,"positive"
"rna__TraesNOR3A03G01458590","TraesNOR3A03G01458590","rna","C2-",2,"negative"
"rna__TraesNOR2A03G00759460","TraesNOR2A03G00759460","rna","C1-",1,"negative"
"rna__TraesNOR5D03G03238520","TraesNOR5D03G03238520","rna","C2-",2,"negative"
"rna__TraesNOR5B03G03042240","TraesNOR5B03G03042240","rna","C2+",2,"positive"
"rna__TraesNOR2D03G01216580","TraesNOR2D03G01216580","rna","C1+",1,"positive"
"rna__TraesNOR3D03G01931810","TraesNOR3D03G01931810","rna","C2+",2,"positive"
"rna__TraesNOR7B03G04166620","TraesNOR7B03G04166620","rna","C1+",1,"positive"
"rna__TraesNOR1D03G00565850","TraesNOR1D03G00565850","rna","C1+",1,"positive"
"rna__TraesNOR7B03G04099460","TraesNOR7B03G04099460","rna","C2-",2,"negative"
"rna__TraesNOR1D03G00481300","TraesNOR1D03G00481300","rna","C1-",1,"negative"
"rna__TraesNOR6D03G03713540","TraesNOR6D03G03713540","rna","C2+",2,"positive"
"rna__TraesNORUn03G04792050","TraesNORUn03G04792050","rna","C1-",1,"negative"
"rna__TraesNOR4A03G02151500","TraesNOR4A03G02151500","rna","C1+",1,"positive"
"rna__TraesNOR1B03G00347080","TraesNOR1B03G00347080","rna","C1-",1,"negative"
"rna__TraesNOR7D03G04507450","TraesNOR7D03G04507450","rna","C1+",1,"positive"
"rna__TraesNOR5A03G02809010","TraesNOR5A03G02809010","rna","C2-",2,"negative"
"rna__TraesNOR2D03G01234200","TraesNOR2D03G01234200","rna","C2-",2,"negative"
"rna__TraesNOR2B03G00870630","TraesNOR2B03G00870630","rna","C1-",1,"negative"
"rna__TraesNOR5D03G03078810","TraesNOR5D03G03078810","rna","C2+",2,"positive"
"rna__TraesNOR2D03G01154290","TraesNOR2D03G01154290","rna","C1+",1,"positive"
"rna__TraesNOR5A03G02673590","TraesNOR5A03G02673590","rna","C2+",2,"positive"
"rna__TraesNOR3A03G01359760","TraesNOR3A03G01359760","rna","C1+",1,"positive"
"rna__TraesNOR1A03G00115750","TraesNOR1A03G00115750","rna","C1+",1,"positive"
"rna__TraesNOR7B03G04205630","TraesNOR7B03G04205630","rna","C1+",1,"positive"
"rna__TraesNOR4D03G02540220","TraesNOR4D03G02540220","rna","C1-",1,"negative"
"rna__TraesNOR5A03G02660040","TraesNOR5A03G02660040","rna","C1-",1,"negative"
"rna__TraesNOR1B03G00392730","TraesNOR1B03G00392730","rna","C1-",1,"negative"
"rna__TraesNOR7B03G04133810","TraesNOR7B03G04133810","rna","C2+",2,"positive"
"rna__TraesNOR6B03G03452750","TraesNOR6B03G03452750","rna","C1-",1,"negative"
"rna__TraesNOR7A03G04023310","TraesNOR7A03G04023310","rna","C1+",1,"positive"
"rna__TraesNOR2D03G01207000","TraesNOR2D03G01207000","rna","C1+",1,"positive"
"rna__TraesNOR5B03G02828820","TraesNOR5B03G02828820","rna","C1-",1,"negative"
"rna__TraesNOR5A03G02721330","TraesNOR5A03G02721330","rna","C2-",2,"negative"
"rna__TraesNOR5D03G03151860","TraesNOR5D03G03151860","rna","C2+",2,"positive"
"rna__TraesNOR3D03G01850120","TraesNOR3D03G01850120","rna","C1+",1,"positive"
"rna__TraesNOR3B03G01684830","TraesNOR3B03G01684830","rna","C1+",1,"positive"
"rna__TraesNOR1B03G00198480","TraesNOR1B03G00198480","rna","C2-",2,"negative"
"rna__TraesNOR6B03G03612550","TraesNOR6B03G03612550","rna","C1+",1,"positive"
"rna__TraesNOR5D03G03172500","TraesNOR5D03G03172500","rna","C2-",2,"negative"
"rna__TraesNOR5D03G03237220","TraesNOR5D03G03237220","rna","C2+",2,"positive"
"rna__TraesNOR6A03G03351830","TraesNOR6A03G03351830","rna","C1-",1,"negative"
"rna__TraesNOR7A03G04070790","TraesNOR7A03G04070790","rna","C2+",2,"positive"
"rna__TraesNORUn03G04790660","TraesNORUn03G04790660","rna","C2+",2,"positive"
"rna__TraesNOR1A03G00092230","TraesNOR1A03G00092230","rna","C2+",2,"positive"
"rna__TraesNOR6D03G03730350","TraesNOR6D03G03730350","rna","C1-",1,"negative"
"rna__TraesNOR3D03G01943600","TraesNOR3D03G01943600","rna","C1-",1,"negative"
"rna__TraesNOR4D03G02486710","TraesNOR4D03G02486710","rna","C1+",1,"positive"
"rna__TraesNOR7B03G04145600","TraesNOR7B03G04145600","rna","C1-",1,"negative"
"rna__TraesNOR4D03G02471630","TraesNOR4D03G02471630","rna","C1-",1,"negative"
"rna__TraesNOR1B03G00319390","TraesNOR1B03G00319390","rna","C2-",2,"negative"
"rna__TraesNOR3D03G01946780","TraesNOR3D03G01946780","rna","C2+",2,"positive"
"rna__TraesNOR7D03G04402940","TraesNOR7D03G04402940","rna","C1+",1,"positive"
"rna__TraesNOR1A03G00102710","TraesNOR1A03G00102710","rna","C1-",1,"negative"
"rna__TraesNOR6B03G03479600","TraesNOR6B03G03479600","rna","C1+",1,"positive"
"rna__TraesNOR7D03G04507280","TraesNOR7D03G04507280","rna","C1-",1,"negative"
"rna__TraesNOR6B03G03587580","TraesNOR6B03G03587580","rna","C1+",1,"positive"
"rna__TraesNOR5D03G03133020","TraesNOR5D03G03133020","rna","C1-",1,"negative"
"rna__TraesNOR6B03G03529900","TraesNOR6B03G03529900","rna","C1+",1,"positive"
"rna__TraesNOR2A03G00797680","TraesNOR2A03G00797680","rna","C1+",1,"positive"
"rna__TraesNOR5B03G03001530","TraesNOR5B03G03001530","rna","C1-",1,"negative"
"rna__TraesNOR5D03G03192380","TraesNOR5D03G03192380","rna","C2+",2,"positive"
"rna__TraesNOR5D03G03151600","TraesNOR5D03G03151600","rna","C2+",2,"positive"
"rna__TraesNOR5D03G03261950","TraesNOR5D03G03261950","rna","C1+",1,"positive"
"rna__TraesNOR3D03G01929500","TraesNOR3D03G01929500","rna","C2+",2,"positive"
"rna__TraesNOR4B03G02406520","TraesNOR4B03G02406520","rna","C1-",1,"negative"
"rna__TraesNOR4D03G02462110","TraesNOR4D03G02462110","rna","C2+",2,"positive"
"rna__TraesNOR5A03G02659190","TraesNOR5A03G02659190","rna","C1+",1,"positive"
"rna__TraesNOR7A03G03927170","TraesNOR7A03G03927170","rna","C1-",1,"negative"
"rna__TraesNOR5A03G02612440","TraesNOR5A03G02612440","rna","C1-",1,"negative"
"rna__TraesNOR4D03G02455460","TraesNOR4D03G02455460","rna","C1-",1,"negative"
"rna__TraesNOR2B03G01006760","TraesNOR2B03G01006760","rna","C1+",1,"positive"
"rna__TraesNOR2D03G01288820","TraesNOR2D03G01288820","rna","C2+",2,"positive"
"rna__TraesNOR5B03G02878360","TraesNOR5B03G02878360","rna","C1+",1,"positive"
"rna__TraesNOR3A03G01331350","TraesNOR3A03G01331350","rna","C1-",1,"negative"
"rna__TraesNOR3D03G01928370","TraesNOR3D03G01928370","rna","C1-",1,"negative"
"rna__TraesNOR4A03G02047440","TraesNOR4A03G02047440","rna","C1+",1,"positive"
"rna__TraesNOR5D03G03103840","TraesNOR5D03G03103840","rna","C1+",1,"positive"
"rna__TraesNOR7A03G03880740","TraesNOR7A03G03880740","rna","C1+",1,"positive"
"rna__TraesNOR1B03G00352030","TraesNOR1B03G00352030","rna","C1-",1,"negative"
"rna__TraesNOR3B03G01818160","TraesNOR3B03G01818160","rna","C2+",2,"positive"
"rna__TraesNOR6D03G03793070","TraesNOR6D03G03793070","rna","C1-",1,"negative"
"rna__TraesNOR5D03G03143060","TraesNOR5D03G03143060","rna","C1+",1,"positive"
"rna__TraesNOR2A03G00756940","TraesNOR2A03G00756940","rna","C2+",2,"positive"
"rna__TraesNOR6A03G03422530","TraesNOR6A03G03422530","rna","C1-",1,"negative"
"rna__TraesNOR5B03G03001890","TraesNOR5B03G03001890","rna","C1+",1,"positive"
"rna__TraesNOR4D03G02437280","TraesNOR4D03G02437280","rna","C2+",2,"positive"
"rna__TraesNOR3A03G01403720","TraesNOR3A03G01403720","rna","C1-",1,"negative"
"rna__TraesNOR2D03G01162760","TraesNOR2D03G01162760","rna","C1-",1,"negative"
"rna__TraesNOR3D03G01913100","TraesNOR3D03G01913100","rna","C2+",2,"positive"
"rna__TraesNORUn03G04785860","TraesNORUn03G04785860","rna","C1+",1,"positive"
"rna__TraesNOR7A03G03930020","TraesNOR7A03G03930020","rna","C1+",1,"positive"
"rna__TraesNOR2D03G01136360","TraesNOR2D03G01136360","rna","C1-",1,"negative"
"rna__TraesNOR7A03G03920750","TraesNOR7A03G03920750","rna","C1-",1,"negative"
"rna__TraesNOR7A03G04022110","TraesNOR7A03G04022110","rna","C2+",2,"positive"
"rna__TraesNOR7D03G04399370","TraesNOR7D03G04399370","rna","C1-",1,"negative"
"rna__TraesNOR2D03G01279820","TraesNOR2D03G01279820","rna","C1+",1,"positive"
"rna__TraesNOR6A03G03339530","TraesNOR6A03G03339530","rna","C1+",1,"positive"
"rna__TraesNOR1D03G00499260","TraesNOR1D03G00499260","rna","C1-",1,"negative"
"rna__TraesNOR6D03G03746310","TraesNOR6D03G03746310","rna","C2+",2,"positive"
"rna__TraesNOR1D03G00531460","TraesNOR1D03G00531460","rna","C2-",2,"negative"
"rna__TraesNOR2D03G01205920","TraesNOR2D03G01205920","rna","C1+",1,"positive"
"rna__TraesNOR6B03G03658690","TraesNOR6B03G03658690","rna","C2+",2,"positive"
"rna__TraesNOR1D03G00451710","TraesNOR1D03G00451710","rna","C1+",1,"positive"
"rna__TraesNOR4D03G02444710","TraesNOR4D03G02444710","rna","C1-",1,"negative"
"rna__TraesNOR2B03G01028680","TraesNOR2B03G01028680","rna","C1-",1,"negative"
"rna__TraesNOR5A03G02710140","TraesNOR5A03G02710140","rna","C1-",1,"negative"
"rna__TraesNOR6D03G03818240","TraesNOR6D03G03818240","rna","C1+",1,"positive"
"rna__TraesNOR1A03G00153260","TraesNOR1A03G00153260","rna","C2+",2,"positive"
"rna__TraesNOR7A03G04038580","TraesNOR7A03G04038580","rna","C2+",2,"positive"
"rna__TraesNOR4A03G02166470","TraesNOR4A03G02166470","rna","C1-",1,"negative"
"rna__TraesNOR6D03G03681360","TraesNOR6D03G03681360","rna","C1+",1,"positive"
"rna__TraesNOR4D03G02572250","TraesNOR4D03G02572250","rna","C2-",2,"negative"
"rna__TraesNOR5D03G03233390","TraesNOR5D03G03233390","rna","C1+",1,"positive"
"rna__TraesNOR4A03G02041050","TraesNOR4A03G02041050","rna","C2+",2,"positive"
"rna__TraesNOR6D03G03801680","TraesNOR6D03G03801680","rna","C2+",2,"positive"
"rna__TraesNOR4A03G02059420","TraesNOR4A03G02059420","rna","C2-",2,"negative"
"rna__TraesNOR3D03G01965790","TraesNOR3D03G01965790","rna","C1-",1,"negative"
"rna__TraesNOR2B03G00925840","TraesNOR2B03G00925840","rna","C1+",1,"positive"
"rna__TraesNOR7D03G04450770","TraesNOR7D03G04450770","rna","C1-",1,"negative"
"rna__TraesNOR5D03G03108650","TraesNOR5D03G03108650","rna","C1-",1,"negative"
"rna__TraesNOR6A03G03287690","TraesNOR6A03G03287690","rna","C1+",1,"positive"
"rna__TraesNOR3B03G01813150","TraesNOR3B03G01813150","rna","C2+",2,"positive"
"rna__TraesNOR1A03G00018120","TraesNOR1A03G00018120","rna","C1+",1,"positive"
"rna__TraesNOR6D03G03800960","TraesNOR6D03G03800960","rna","C2-",2,"negative"
"rna__TraesNOR6D03G03744810","TraesNOR6D03G03744810","rna","C2+",2,"positive"
"rna__TraesNOR3A03G01537550","TraesNOR3A03G01537550","rna","C1+",1,"positive"
"rna__TraesNOR2D03G01201730","TraesNOR2D03G01201730","rna","C2-",2,"negative"
"rna__TraesNOR2B03G01030390","TraesNOR2B03G01030390","rna","C2-",2,"negative"
"rna__TraesNOR4D03G02568590","TraesNOR4D03G02568590","rna","C1+",1,"positive"
"rna__TraesNOR6B03G03671160","TraesNOR6B03G03671160","rna","C1+",1,"positive"
"rna__TraesNOR4A03G02187010","TraesNOR4A03G02187010","rna","C2-",2,"negative"
"rna__TraesNOR4B03G02430050","TraesNOR4B03G02430050","rna","C1+",1,"positive"
"rna__TraesNOR5D03G03225440","TraesNOR5D03G03225440","rna","C2-",2,"negative"
"rna__TraesNOR6A03G03286630","TraesNOR6A03G03286630","rna","C1+",1,"positive"
"rna__TraesNOR5D03G03134340","TraesNOR5D03G03134340","rna","C1+",1,"positive"
"rna__TraesNOR6D03G03708900","TraesNOR6D03G03708900","rna","C1+",1,"positive"
"rna__TraesNOR3D03G01997480","TraesNOR3D03G01997480","rna","C1+",1,"positive"
"rna__TraesNOR5D03G03099340","TraesNOR5D03G03099340","rna","C2+",2,"positive"
"rna__TraesNOR2D03G01115950","TraesNOR2D03G01115950","rna","C1+",1,"positive"
"rna__TraesNOR1B03G00406890","TraesNOR1B03G00406890","rna","C1+",1,"positive"
"rna__TraesNOR1A03G00159460","TraesNOR1A03G00159460","rna","C2+",2,"positive"
"rna__TraesNOR3B03G01596200","TraesNOR3B03G01596200","rna","C2-",2,"negative"
"rna__TraesNOR3D03G02021320","TraesNOR3D03G02021320","rna","C2+",2,"positive"
"rna__TraesNOR4D03G02551990","TraesNOR4D03G02551990","rna","C1+",1,"positive"
"rna__TraesNOR5B03G02895650","TraesNOR5B03G02895650","rna","C2-",2,"negative"
"rna__TraesNOR2D03G01233020","TraesNOR2D03G01233020","rna","C2+",2,"positive"
"rna__TraesNOR1B03G00359090","TraesNOR1B03G00359090","rna","C1+",1,"positive"
"rna__TraesNOR4D03G02518270","TraesNOR4D03G02518270","rna","C2-",2,"negative"
"rna__TraesNOR2A03G00733670","TraesNOR2A03G00733670","rna","C1-",1,"negative"
"rna__TraesNOR1B03G00382690","TraesNOR1B03G00382690","rna","C1-",1,"negative"
"rna__TraesNOR7D03G04324090","TraesNOR7D03G04324090","rna","C2+",2,"positive"
"rna__TraesNOR3B03G01742690","TraesNOR3B03G01742690","rna","C1+",1,"positive"
"rna__TraesNOR3D03G01838310","TraesNOR3D03G01838310","rna","C2+",2,"positive"
"rna__TraesNOR4A03G02058480","TraesNOR4A03G02058480","rna","C1-",1,"negative"
"rna__TraesNOR5D03G03189090","TraesNOR5D03G03189090","rna","C1-",1,"negative"
"rna__TraesNOR2D03G01198690","TraesNOR2D03G01198690","rna","C1-",1,"negative"
"rna__TraesNOR7A03G03913280","TraesNOR7A03G03913280","rna","C1+",1,"positive"
"rna__TraesNOR4D03G02460890","TraesNOR4D03G02460890","rna","C2-",2,"negative"
"rna__TraesNOR3A03G01401010","TraesNOR3A03G01401010","rna","C1-",1,"negative"
"rna__TraesNOR1D03G00523990","TraesNOR1D03G00523990","rna","C1+",1,"positive"
"rna__TraesNOR1B03G00317210","TraesNOR1B03G00317210","rna","C1-",1,"negative"
"rna__TraesNOR7D03G04353510","TraesNOR7D03G04353510","rna","C1+",1,"positive"
"rna__TraesNOR4B03G02337780","TraesNOR4B03G02337780","rna","C2-",2,"negative"
"rna__TraesNOR2D03G01317280","TraesNOR2D03G01317280","rna","C1-",1,"negative"
"rna__TraesNOR1D03G00578780","TraesNOR1D03G00578780","rna","C1-",1,"negative"
"rna__TraesNOR1A03G00090890","TraesNOR1A03G00090890","rna","C2+",2,"positive"
"rna__TraesNOR1D03G00453900","TraesNOR1D03G00453900","rna","C2+",2,"positive"
"rna__TraesNOR1A03G00021290","TraesNOR1A03G00021290","rna","C1-",1,"negative"
"rna__TraesNOR3D03G01922970","TraesNOR3D03G01922970","rna","C1+",1,"positive"
"rna__TraesNOR6A03G03419440","TraesNOR6A03G03419440","rna","C1+",1,"positive"
"rna__TraesNOR5A03G02624290","TraesNOR5A03G02624290","rna","C1-",1,"negative"
"rna__TraesNOR6A03G03399140","TraesNOR6A03G03399140","rna","C1-",1,"negative"
"rna__TraesNOR2A03G00678620","TraesNOR2A03G00678620","rna","C1+",1,"positive"
"rna__TraesNOR6B03G03619730","TraesNOR6B03G03619730","rna","C2+",2,"positive"
"rna__TraesNOR4D03G02577960","TraesNOR4D03G02577960","rna","C2+",2,"positive"
"rna__TraesNOR2D03G01172180","TraesNOR2D03G01172180","rna","C1-",1,"negative"
"rna__TraesNORUn03G04665720","TraesNORUn03G04665720","rna","C1+",1,"positive"
"rna__TraesNOR6D03G03821360","TraesNOR6D03G03821360","rna","C1-",1,"negative"
"rna__TraesNOR6B03G03508710","TraesNOR6B03G03508710","rna","C1+",1,"positive"
"rna__TraesNOR3D03G01827060","TraesNOR3D03G01827060","rna","C1+",1,"positive"
"rna__TraesNOR2B03G01041610","TraesNOR2B03G01041610","rna","C2+",2,"positive"
"rna__TraesNOR2A03G00674890","TraesNOR2A03G00674890","rna","C2+",2,"positive"
"rna__TraesNOR7B03G04158970","TraesNOR7B03G04158970","rna","C1+",1,"positive"
"rna__TraesNOR3B03G01684610","TraesNOR3B03G01684610","rna","C1-",1,"negative"
"rna__TraesNOR4D03G02443810","TraesNOR4D03G02443810","rna","C1+",1,"positive"
"rna__TraesNOR5B03G02952760","TraesNOR5B03G02952760","rna","C1+",1,"positive"
"rna__TraesNOR7D03G04529260","TraesNOR7D03G04529260","rna","C2+",2,"positive"
"rna__TraesNOR2B03G00895740","TraesNOR2B03G00895740","rna","C1-",1,"negative"
"rna__TraesNOR4B03G02299120","TraesNOR4B03G02299120","rna","C1-",1,"negative"
"rna__TraesNOR1D03G00521980","TraesNOR1D03G00521980","rna","C1+",1,"positive"
"rna__TraesNOR1B03G00392670","TraesNOR1B03G00392670","rna","C1+",1,"positive"
"rna__TraesNOR1D03G00549610","TraesNOR1D03G00549610","rna","C2+",2,"positive"
"rna__TraesNOR1A03G00046700","TraesNOR1A03G00046700","rna","C1+",1,"positive"
"rna__TraesNOR7D03G04416550","TraesNOR7D03G04416550","rna","C1+",1,"positive"
"rna__TraesNOR7A03G04031770","TraesNOR7A03G04031770","rna","C1+",1,"positive"
"rna__TraesNOR3A03G01465830","TraesNOR3A03G01465830","rna","C2+",2,"positive"
"rna__TraesNOR2A03G00607330","TraesNOR2A03G00607330","rna","C1+",1,"positive"
"rna__TraesNOR6B03G03530310","TraesNOR6B03G03530310","rna","C1-",1,"negative"
"rna__TraesNOR3D03G01974190","TraesNOR3D03G01974190","rna","C1+",1,"positive"
"rna__TraesNOR3A03G01346990","TraesNOR3A03G01346990","rna","C1-",1,"negative"
"rna__TraesNOR3D03G01910510","TraesNOR3D03G01910510","rna","C2+",2,"positive"
"rna__TraesNOR1D03G00450270","TraesNOR1D03G00450270","rna","C1+",1,"positive"
"rna__TraesNOR2A03G00722620","TraesNOR2A03G00722620","rna","C1-",1,"negative"
"rna__TraesNOR6B03G03541300","TraesNOR6B03G03541300","rna","C2+",2,"positive"
"rna__TraesNOR1B03G00189060","TraesNOR1B03G00189060","rna","C2+",2,"positive"
"rna__TraesNOR1D03G00571960","TraesNOR1D03G00571960","rna","C1+",1,"positive"
"rna__TraesNOR2A03G00731940","TraesNOR2A03G00731940","rna","C2+",2,"positive"
"rna__TraesNOR7B03G04166670","TraesNOR7B03G04166670","rna","C1-",1,"negative"
"rna__TraesNOR4D03G02568970","TraesNOR4D03G02568970","rna","C1-",1,"negative"
"rna__TraesNOR3B03G01817980","TraesNOR3B03G01817980","rna","C2+",2,"positive"
"rna__TraesNOR1A03G00169470","TraesNOR1A03G00169470","rna","C1+",1,"positive"
"rna__TraesNOR1D03G00459600","TraesNOR1D03G00459600","rna","C1+",1,"positive"
"rna__TraesNOR1A03G00034440","TraesNOR1A03G00034440","rna","C1+",1,"positive"
"rna__TraesNOR6D03G03770300","TraesNOR6D03G03770300","rna","C1-",1,"negative"
"rna__TraesNOR2A03G00748990","TraesNOR2A03G00748990","rna","C1-",1,"negative"
"rna__TraesNOR7B03G04229690","TraesNOR7B03G04229690","rna","C1+",1,"positive"
"rna__TraesNOR2D03G01314580","TraesNOR2D03G01314580","rna","C1+",1,"positive"
"rna__TraesNOR4A03G02074680","TraesNOR4A03G02074680","rna","C2+",2,"positive"
"rna__TraesNOR2A03G00810680","TraesNOR2A03G00810680","rna","C1-",1,"negative"
"rna__TraesNOR2A03G00731630","TraesNOR2A03G00731630","rna","C1+",1,"positive"
"rna__TraesNOR5D03G03177200","TraesNOR5D03G03177200","rna","C2+",2,"positive"
"rna__TraesNOR2A03G00731540","TraesNOR2A03G00731540","rna","C1-",1,"negative"
"rna__TraesNOR5D03G03251850","TraesNOR5D03G03251850","rna","C1+",1,"positive"
"rna__TraesNOR5D03G03200740","TraesNOR5D03G03200740","rna","C1-",1,"negative"
"rna__TraesNOR5D03G03100890","TraesNOR5D03G03100890","rna","C1-",1,"negative"
"rna__TraesNOR1D03G00512360","TraesNOR1D03G00512360","rna","C2+",2,"positive"
"rna__TraesNOR5B03G02950590","TraesNOR5B03G02950590","rna","C2+",2,"positive"
"rna__TraesNOR1D03G00493390","TraesNOR1D03G00493390","rna","C1-",1,"negative"
"rna__TraesNOR4D03G02550120","TraesNOR4D03G02550120","rna","C2+",2,"positive"
"rna__TraesNOR1D03G00498510","TraesNOR1D03G00498510","rna","C1-",1,"negative"
"rna__TraesNOR1A03G00178500","TraesNOR1A03G00178500","rna","C1-",1,"negative"
"rna__TraesNOR1D03G00496970","TraesNOR1D03G00496970","rna","C2+",2,"positive"
"rna__TraesNOR4D03G02473550","TraesNOR4D03G02473550","rna","C1+",1,"positive"
"rna__TraesNOR3A03G01467220","TraesNOR3A03G01467220","rna","C2-",2,"negative"
"rna__TraesNOR3A03G01398860","TraesNOR3A03G01398860","rna","C2-",2,"negative"
"rna__TraesNOR5D03G03176570","TraesNOR5D03G03176570","rna","C1+",1,"positive"
"rna__TraesNOR5D03G03208290","TraesNOR5D03G03208290","rna","C2+",2,"positive"
"rna__TraesNOR4D03G02432100","TraesNOR4D03G02432100","rna","C2+",2,"positive"
"rna__TraesNOR7D03G04542630","TraesNOR7D03G04542630","rna","C1+",1,"positive"
"rna__TraesNOR3D03G01933630","TraesNOR3D03G01933630","rna","C2+",2,"positive"
"rna__TraesNOR1B03G00289280","TraesNOR1B03G00289280","rna","C1+",1,"positive"
"rna__TraesNOR6D03G03772840","TraesNOR6D03G03772840","rna","C1+",1,"positive"
"rna__TraesNOR2B03G00855420","TraesNOR2B03G00855420","rna","C1+",1,"positive"
"rna__TraesNOR1D03G00575260","TraesNOR1D03G00575260","rna","C1-",1,"negative"
"rna__TraesNOR2A03G00752160","TraesNOR2A03G00752160","rna","C1+",1,"positive"
"rna__TraesNOR4A03G02052240","TraesNOR4A03G02052240","rna","C1-",1,"negative"
"rna__TraesNOR7D03G04434580","TraesNOR7D03G04434580","rna","C1-",1,"negative"
"rna__TraesNOR3A03G01451640","TraesNOR3A03G01451640","rna","C1-",1,"negative"
"rna__TraesNOR3A03G01537090","TraesNOR3A03G01537090","rna","C1-",1,"negative"
"rna__TraesNOR1D03G00481820","TraesNOR1D03G00481820","rna","C2+",2,"positive"
"rna__TraesNOR3A03G01493910","TraesNOR3A03G01493910","rna","C1+",1,"positive"
"rna__TraesNOR6D03G03789860","TraesNOR6D03G03789860","rna","C2+",2,"positive"
"rna__TraesNOR1D03G00477090","TraesNOR1D03G00477090","rna","C2+",2,"positive"
"rna__TraesNOR1A03G00116660","TraesNOR1A03G00116660","rna","C1-",1,"negative"
"rna__TraesNOR6A03G03395810","TraesNOR6A03G03395810","rna","C2+",2,"positive"
"rna__TraesNOR7A03G03979480","TraesNOR7A03G03979480","rna","C1-",1,"negative"
"rna__TraesNOR3D03G01937980","TraesNOR3D03G01937980","rna","C1-",1,"negative"
"rna__TraesNOR3D03G01961460","TraesNOR3D03G01961460","rna","C2-",2,"negative"
"rna__TraesNOR5A03G02604780","TraesNOR5A03G02604780","rna","C2+",2,"positive"
"rna__TraesNOR3D03G02023050","TraesNOR3D03G02023050","rna","C1-",1,"negative"
"rna__TraesNOR7A03G03891610","TraesNOR7A03G03891610","rna","C1+",1,"positive"
"rna__TraesNOR3B03G01795920","TraesNOR3B03G01795920","rna","C2+",2,"positive"
"rna__TraesNOR2B03G00935980","TraesNOR2B03G00935980","rna","C1-",1,"negative"
"rna__TraesNOR7B03G04207420","TraesNOR7B03G04207420","rna","C1+",1,"positive"
"rna__TraesNOR1D03G00517440","TraesNOR1D03G00517440","rna","C1+",1,"positive"
"rna__TraesNOR5D03G03195580","TraesNOR5D03G03195580","rna","C2+",2,"positive"
"rna__TraesNOR2D03G01114540","TraesNOR2D03G01114540","rna","C1-",1,"negative"
"rna__TraesNOR2B03G01087310","TraesNOR2B03G01087310","rna","C1-",1,"negative"
"rna__TraesNOR5B03G02865480","TraesNOR5B03G02865480","rna","C1-",1,"negative"
"rna__TraesNOR5B03G02918470","TraesNOR5B03G02918470","rna","C1-",1,"negative"
"rna__TraesNOR4D03G02529550","TraesNOR4D03G02529550","rna","C1+",1,"positive"
"rna__TraesNOR3A03G01452030","TraesNOR3A03G01452030","rna","C1-",1,"negative"
"rna__TraesNOR5D03G03133720","TraesNOR5D03G03133720","rna","C1+",1,"positive"
"rna__TraesNOR2A03G00738910","TraesNOR2A03G00738910","rna","C2+",2,"positive"
"rna__TraesNOR3D03G02014310","TraesNOR3D03G02014310","rna","C1-",1,"negative"
"rna__TraesNOR3A03G01457880","TraesNOR3A03G01457880","rna","C1-",1,"negative"
"rna__TraesNOR5D03G03155130","TraesNOR5D03G03155130","rna","C1+",1,"positive"
"rna__TraesNOR4B03G02258750","TraesNOR4B03G02258750","rna","C2+",2,"positive"
"rna__TraesNOR6B03G03540330","TraesNOR6B03G03540330","rna","C1-",1,"negative"
"rna__TraesNOR5B03G02963390","TraesNOR5B03G02963390","rna","C1-",1,"negative"
"rna__TraesNOR7A03G03997990","TraesNOR7A03G03997990","rna","C1-",1,"negative"
"rna__TraesNOR1D03G00513210","TraesNOR1D03G00513210","rna","C1-",1,"negative"
"rna__TraesNOR2D03G01257500","TraesNOR2D03G01257500","rna","C1-",1,"negative"
"rna__TraesNOR2A03G00827760","TraesNOR2A03G00827760","rna","C1+",1,"positive"
"rna__TraesNOR7D03G04400830","TraesNOR7D03G04400830","rna","C1-",1,"negative"
"rna__TraesNOR3D03G01994790","TraesNOR3D03G01994790","rna","C1-",1,"negative"
"rna__TraesNOR5A03G02669240","TraesNOR5A03G02669240","rna","C2+",2,"positive"
"rna__TraesNOR3A03G01471990","TraesNOR3A03G01471990","rna","C1+",1,"positive"
"rna__TraesNOR4B03G02285060","TraesNOR4B03G02285060","rna","C2+",2,"positive"
"rna__TraesNOR2B03G00989450","TraesNOR2B03G00989450","rna","C2+",2,"positive"
"rna__TraesNOR4D03G02561260","TraesNOR4D03G02561260","rna","C2+",2,"positive"
"rna__TraesNOR6B03G03665340","TraesNOR6B03G03665340","rna","C1-",1,"negative"
"rna__TraesNOR5D03G03223890","TraesNOR5D03G03223890","rna","C1-",1,"negative"
"rna__TraesNOR6D03G03803720","TraesNOR6D03G03803720","rna","C1-",1,"negative"
"rna__TraesNOR2D03G01246420","TraesNOR2D03G01246420","rna","C2+",2,"positive"
"rna__TraesNOR4D03G02549660","TraesNOR4D03G02549660","rna","C2-",2,"negative"
"rna__TraesNOR6D03G03791820","TraesNOR6D03G03791820","rna","C2+",2,"positive"
"rna__TraesNOR7A03G03932790","TraesNOR7A03G03932790","rna","C1-",1,"negative"
"rna__TraesNOR3A03G01361360","TraesNOR3A03G01361360","rna","C1+",1,"positive"
"rna__TraesNOR7D03G04375200","TraesNOR7D03G04375200","rna","C2+",2,"positive"
"rna__TraesNOR1B03G00226070","TraesNOR1B03G00226070","rna","C1-",1,"negative"
"rna__TraesNOR2D03G01170270","TraesNOR2D03G01170270","rna","C1+",1,"positive"
"rna__TraesNOR5D03G03228810","TraesNOR5D03G03228810","rna","C2-",2,"negative"
"rna__TraesNOR5B03G02839470","TraesNOR5B03G02839470","rna","C1-",1,"negative"
"rna__TraesNOR2D03G01237740","TraesNOR2D03G01237740","rna","C2+",2,"positive"
"rna__TraesNOR2D03G01256220","TraesNOR2D03G01256220","rna","C1-",1,"negative"
"rna__TraesNOR2D03G01270220","TraesNOR2D03G01270220","rna","C2-",2,"negative"
"rna__TraesNOR7B03G04137190","TraesNOR7B03G04137190","rna","C2-",2,"negative"
"rna__TraesNOR3B03G01584690","TraesNOR3B03G01584690","rna","C1-",1,"negative"
"rna__TraesNOR1B03G00248780","TraesNOR1B03G00248780","rna","C1-",1,"negative"
"rna__TraesNOR3A03G01445320","TraesNOR3A03G01445320","rna","C2+",2,"positive"
"rna__TraesNOR2B03G00834180","TraesNOR2B03G00834180","rna","C2+",2,"positive"
"rna__TraesNOR2B03G00909880","TraesNOR2B03G00909880","rna","C1+",1,"positive"
"rna__TraesNOR6B03G03663040","TraesNOR6B03G03663040","rna","C1-",1,"negative"
"rna__TraesNOR6D03G03789850","TraesNOR6D03G03789850","rna","C1+",1,"positive"
"rna__TraesNOR7A03G04004930","TraesNOR7A03G04004930","rna","C1-",1,"negative"
"rna__TraesNOR5D03G03215170","TraesNOR5D03G03215170","rna","C2+",2,"positive"
"rna__TraesNOR2A03G00635180","TraesNOR2A03G00635180","rna","C2-",2,"negative"
"rna__TraesNOR6A03G03318210","TraesNOR6A03G03318210","rna","C1-",1,"negative"
"rna__TraesNOR3D03G01889380","TraesNOR3D03G01889380","rna","C1-",1,"negative"
"rna__TraesNOR4A03G02192050","TraesNOR4A03G02192050","rna","C1-",1,"negative"
"rna__TraesNOR4B03G02394760","TraesNOR4B03G02394760","rna","C2+",2,"positive"
"rna__TraesNOR1A03G00173090","TraesNOR1A03G00173090","rna","C1-",1,"negative"
"rna__TraesNOR5D03G03207020","TraesNOR5D03G03207020","rna","C1+",1,"positive"
"rna__TraesNOR6D03G03749870","TraesNOR6D03G03749870","rna","C2+",2,"positive"
"rna__TraesNOR5B03G03021780","TraesNOR5B03G03021780","rna","C2+",2,"positive"
"rna__TraesNOR2A03G00732470","TraesNOR2A03G00732470","rna","C2-",2,"negative"
"rna__TraesNOR1D03G00492810","TraesNOR1D03G00492810","rna","C1+",1,"positive"
"rna__TraesNOR4D03G02558530","TraesNOR4D03G02558530","rna","C2-",2,"negative"
"rna__TraesNOR2B03G00922480","TraesNOR2B03G00922480","rna","C2+",2,"positive"
"rna__TraesNOR6D03G03689260","TraesNOR6D03G03689260","rna","C2+",2,"positive"
"rna__TraesNOR7A03G03900190","TraesNOR7A03G03900190","rna","C1-",1,"negative"
"rna__TraesNOR7D03G04472240","TraesNOR7D03G04472240","rna","C1-",1,"negative"
"rna__TraesNOR6B03G03595500","TraesNOR6B03G03595500","rna","C1-",1,"negative"
"rna__TraesNOR2D03G01217670","TraesNOR2D03G01217670","rna","C1-",1,"negative"
"rna__TraesNOR4D03G02445100","TraesNOR4D03G02445100","rna","C2+",2,"positive"
"rna__TraesNOR2D03G01244280","TraesNOR2D03G01244280","rna","C1-",1,"negative"
"rna__TraesNOR7D03G04403680","TraesNOR7D03G04403680","rna","C2+",2,"positive"
"rna__TraesNOR1D03G00570470","TraesNOR1D03G00570470","rna","C1+",1,"positive"
"rna__TraesNOR7D03G04476940","TraesNOR7D03G04476940","rna","C2-",2,"negative"
"rna__TraesNOR4B03G02292890","TraesNOR4B03G02292890","rna","C1-",1,"negative"
"rna__TraesNOR7B03G04158920","TraesNOR7B03G04158920","rna","C1+",1,"positive"
"rna__TraesNOR3D03G01856250","TraesNOR3D03G01856250","rna","C2+",2,"positive"
"rna__TraesNOR1D03G00439310","TraesNOR1D03G00439310","rna","C1-",1,"negative"
"rna__TraesNOR6A03G03422470","TraesNOR6A03G03422470","rna","C2-",2,"negative"
"rna__TraesNOR5D03G03056520","TraesNOR5D03G03056520","rna","C1+",1,"positive"
"rna__TraesNOR4D03G02515550","TraesNOR4D03G02515550","rna","C1+",1,"positive"
"rna__TraesNOR7D03G04432340","TraesNOR7D03G04432340","rna","C2+",2,"positive"
"rna__TraesNOR3D03G01962770","TraesNOR3D03G01962770","rna","C1+",1,"positive"
"rna__TraesNOR2B03G00877580","TraesNOR2B03G00877580","rna","C1+",1,"positive"
"rna__TraesNOR4D03G02516930","TraesNOR4D03G02516930","rna","C1+",1,"positive"
"rna__TraesNOR4A03G02080550","TraesNOR4A03G02080550","rna","C2+",2,"positive"
"rna__TraesNOR4B03G02423510","TraesNOR4B03G02423510","rna","C2-",2,"negative"
"rna__TraesNOR4A03G02079240","TraesNOR4A03G02079240","rna","C2+",2,"positive"
"rna__TraesNOR1D03G00448030","TraesNOR1D03G00448030","rna","C1+",1,"positive"
"rna__TraesNOR2D03G01207720","TraesNOR2D03G01207720","rna","C1+",1,"positive"
"rna__TraesNORUn03G04781010","TraesNORUn03G04781010","rna","C1+",1,"positive"
"rna__TraesNOR4A03G02195860","TraesNOR4A03G02195860","rna","C1-",1,"negative"
"rna__TraesNOR1D03G00521460","TraesNOR1D03G00521460","rna","C2+",2,"positive"
"rna__TraesNOR4A03G02143220","TraesNOR4A03G02143220","rna","C1+",1,"positive"
"rna__TraesNOR7D03G04474190","TraesNOR7D03G04474190","rna","C1-",1,"negative"
"rna__TraesNOR3A03G01442660","TraesNOR3A03G01442660","rna","C1+",1,"positive"
"rna__TraesNOR5A03G02586960","TraesNOR5A03G02586960","rna","C1+",1,"positive"
"rna__TraesNOR2D03G01169170","TraesNOR2D03G01169170","rna","C2+",2,"positive"
"rna__TraesNOR6A03G03434780","TraesNOR6A03G03434780","rna","C1-",1,"negative"
"rna__TraesNOR4A03G02049300","TraesNOR4A03G02049300","rna","C1+",1,"positive"
"rna__TraesNOR3A03G01464880","TraesNOR3A03G01464880","rna","C2+",2,"positive"
"rna__TraesNOR2B03G00996740","TraesNOR2B03G00996740","rna","C1+",1,"positive"
"rna__TraesNOR3B03G01742530","TraesNOR3B03G01742530","rna","C1+",1,"positive"
"rna__TraesNOR3D03G01847910","TraesNOR3D03G01847910","rna","C2+",2,"positive"
"rna__TraesNOR7D03G04444930","TraesNOR7D03G04444930","rna","C1+",1,"positive"
"rna__TraesNOR6D03G03780130","TraesNOR6D03G03780130","rna","C2+",2,"positive"
"rna__TraesNOR6B03G03663030","TraesNOR6B03G03663030","rna","C1-",1,"negative"
"rna__TraesNOR7D03G04438210","TraesNOR7D03G04438210","rna","C1-",1,"negative"
"rna__TraesNOR6A03G03325140","TraesNOR6A03G03325140","rna","C1+",1,"positive"
"rna__TraesNOR3D03G01845170","TraesNOR3D03G01845170","rna","C2+",2,"positive"
"rna__TraesNOR2B03G01056910","TraesNOR2B03G01056910","rna","C2+",2,"positive"
"rna__TraesNOR3D03G01961660","TraesNOR3D03G01961660","rna","C2+",2,"positive"
"rna__TraesNOR6A03G03413850","TraesNOR6A03G03413850","rna","C2+",2,"positive"
"rna__TraesNOR3D03G01880520","TraesNOR3D03G01880520","rna","C1-",1,"negative"
"rna__TraesNOR3D03G01977100","TraesNOR3D03G01977100","rna","C1+",1,"positive"
"rna__TraesNOR4A03G02164640","TraesNOR4A03G02164640","rna","C2+",2,"positive"
"rna__TraesNOR7D03G04455970","TraesNOR7D03G04455970","rna","C1+",1,"positive"
"rna__TraesNOR4D03G02543890","TraesNOR4D03G02543890","rna","C1+",1,"positive"
"rna__TraesNOR4A03G02078550","TraesNOR4A03G02078550","rna","C2-",2,"negative"
"rna__TraesNOR2D03G01266410","TraesNOR2D03G01266410","rna","C1+",1,"positive"
"rna__TraesNOR2D03G01220360","TraesNOR2D03G01220360","rna","C2+",2,"positive"
"rna__TraesNOR6A03G03442610","TraesNOR6A03G03442610","rna","C2+",2,"positive"
"rna__TraesNOR5B03G02869920","TraesNOR5B03G02869920","rna","C1+",1,"positive"
"rna__TraesNOR5D03G03180660","TraesNOR5D03G03180660","rna","C2-",2,"negative"
"rna__TraesNOR7D03G04450090","TraesNOR7D03G04450090","rna","C1+",1,"positive"
"rna__TraesNOR5B03G03009870","TraesNOR5B03G03009870","rna","C2-",2,"negative"
"rna__TraesNOR1B03G00391450","TraesNOR1B03G00391450","rna","C1+",1,"positive"
"rna__TraesNOR7D03G04439330","TraesNOR7D03G04439330","rna","C1+",1,"positive"
"rna__TraesNOR1D03G00513760","TraesNOR1D03G00513760","rna","C1+",1,"positive"
"rna__TraesNOR5D03G03082220","TraesNOR5D03G03082220","rna","C1+",1,"positive"
"rna__TraesNOR2D03G01178970","TraesNOR2D03G01178970","rna","C1+",1,"positive"
"rna__TraesNOR3D03G01879210","TraesNOR3D03G01879210","rna","C2+",2,"positive"
"rna__TraesNOR3D03G01928480","TraesNOR3D03G01928480","rna","C1-",1,"negative"
"rna__TraesNOR1A03G00091430","TraesNOR1A03G00091430","rna","C2+",2,"positive"
"rna__TraesNOR5A03G02652730","TraesNOR5A03G02652730","rna","C1+",1,"positive"
"rna__TraesNOR2B03G00917940","TraesNOR2B03G00917940","rna","C2+",2,"positive"
"rna__TraesNOR7D03G04406230","TraesNOR7D03G04406230","rna","C1-",1,"negative"
"rna__TraesNOR2D03G01139460","TraesNOR2D03G01139460","rna","C2-",2,"negative"
"rna__TraesNOR1D03G00412240","TraesNOR1D03G00412240","rna","C1-",1,"negative"
"rna__TraesNOR2D03G01138170","TraesNOR2D03G01138170","rna","C1-",1,"negative"
"rna__TraesNOR6A03G03374220","TraesNOR6A03G03374220","rna","C1+",1,"positive"
"rna__TraesNOR5D03G03170240","TraesNOR5D03G03170240","rna","C1-",1,"negative"
"rna__TraesNOR7A03G03854440","TraesNOR7A03G03854440","rna","C1+",1,"positive"
"rna__TraesNOR5D03G03212850","TraesNOR5D03G03212850","rna","C2-",2,"negative"
"rna__TraesNOR2B03G01000120","TraesNOR2B03G01000120","rna","C1+",1,"positive"
"rna__TraesNOR2D03G01236640","TraesNOR2D03G01236640","rna","C2-",2,"negative"
"rna__TraesNOR6D03G03735840","TraesNOR6D03G03735840","rna","C1+",1,"positive"
"rna__TraesNOR5B03G02992170","TraesNOR5B03G02992170","rna","C2+",2,"positive"
"rna__TraesNOR4D03G02550900","TraesNOR4D03G02550900","rna","C1-",1,"negative"
"rna__TraesNOR5D03G03213580","TraesNOR5D03G03213580","rna","C1+",1,"positive"
"rna__TraesNOR4A03G02059170","TraesNOR4A03G02059170","rna","C1+",1,"positive"
"rna__TraesNOR2B03G00925260","TraesNOR2B03G00925260","rna","C2+",2,"positive"
"rna__TraesNOR6D03G03743340","TraesNOR6D03G03743340","rna","C1-",1,"negative"
"rna__TraesNOR3B03G01685470","TraesNOR3B03G01685470","rna","C2-",2,"negative"
"rna__TraesNOR3A03G01349410","TraesNOR3A03G01349410","rna","C1+",1,"positive"
"rna__TraesNOR1D03G00506270","TraesNOR1D03G00506270","rna","C1-",1,"negative"
"rna__TraesNOR7D03G04355460","TraesNOR7D03G04355460","rna","C1-",1,"negative"
"rna__TraesNOR2B03G00877630","TraesNOR2B03G00877630","rna","C1+",1,"positive"
"rna__TraesNOR1A03G00056280","TraesNOR1A03G00056280","rna","C1-",1,"negative"
"rna__TraesNOR7B03G04233350","TraesNOR7B03G04233350","rna","C2+",2,"positive"
"rna__TraesNOR5A03G02704810","TraesNOR5A03G02704810","rna","C2+",2,"positive"
"rna__TraesNOR1D03G00434300","TraesNOR1D03G00434300","rna","C2+",2,"positive"
"rna__TraesNOR2D03G01150460","TraesNOR2D03G01150460","rna","C1-",1,"negative"
"rna__TraesNOR7A03G03988830","TraesNOR7A03G03988830","rna","C2+",2,"positive"
"rna__TraesNOR3D03G01866800","TraesNOR3D03G01866800","rna","C1-",1,"negative"
"rna__TraesNOR5D03G03121990","TraesNOR5D03G03121990","rna","C2-",2,"negative"
"rna__TraesNOR5D03G03254930","TraesNOR5D03G03254930","rna","C1-",1,"negative"
"rna__TraesNOR6D03G03710990","TraesNOR6D03G03710990","rna","C2+",2,"positive"
"rna__TraesNOR5B03G02932080","TraesNOR5B03G02932080","rna","C1+",1,"positive"
"rna__TraesNOR6D03G03796910","TraesNOR6D03G03796910","rna","C1-",1,"negative"
"rna__TraesNOR1A03G00096460","TraesNOR1A03G00096460","rna","C1+",1,"positive"
"rna__TraesNOR1B03G00345930","TraesNOR1B03G00345930","rna","C1+",1,"positive"
"rna__TraesNOR5A03G02706860","TraesNOR5A03G02706860","rna","C1+",1,"positive"
"rna__TraesNOR3D03G01847720","TraesNOR3D03G01847720","rna","C1-",1,"negative"
"rna__TraesNOR5B03G02841400","TraesNOR5B03G02841400","rna","C2+",2,"positive"
"rna__TraesNOR7A03G04024820","TraesNOR7A03G04024820","rna","C1-",1,"negative"
"rna__TraesNOR2B03G01054620","TraesNOR2B03G01054620","rna","C2+",2,"positive"
"rna__TraesNOR2D03G01215480","TraesNOR2D03G01215480","rna","C1-",1,"negative"
"rna__TraesNOR4A03G02176400","TraesNOR4A03G02176400","rna","C1-",1,"negative"
"rna__TraesNOR1B03G00324190","TraesNOR1B03G00324190","rna","C2+",2,"positive"
"rna__TraesNOR5D03G03191890","TraesNOR5D03G03191890","rna","C1+",1,"positive"
"rna__TraesNOR5D03G03152830","TraesNOR5D03G03152830","rna","C2+",2,"positive"
"rna__TraesNOR2B03G01034670","TraesNOR2B03G01034670","rna","C2+",2,"positive"
"rna__TraesNOR3D03G01837150","TraesNOR3D03G01837150","rna","C1+",1,"positive"
"rna__TraesNOR2D03G01216860","TraesNOR2D03G01216860","rna","C1-",1,"negative"
"rna__TraesNOR5D03G03228190","TraesNOR5D03G03228190","rna","C1+",1,"positive"
"rna__TraesNOR4D03G02577510","TraesNOR4D03G02577510","rna","C1-",1,"negative"
"rna__TraesNOR2D03G01137390","TraesNOR2D03G01137390","rna","C2+",2,"positive"
"rna__TraesNOR4B03G02372710","TraesNOR4B03G02372710","rna","C1+",1,"positive"
"rna__TraesNOR3D03G01890190","TraesNOR3D03G01890190","rna","C2+",2,"positive"
"rna__TraesNOR4B03G02300470","TraesNOR4B03G02300470","rna","C1+",1,"positive"
"rna__TraesNOR3D03G01983340","TraesNOR3D03G01983340","rna","C2+",2,"positive"
"rna__TraesNOR2B03G00965020","TraesNOR2B03G00965020","rna","C1-",1,"negative"
"rna__TraesNOR1D03G00557820","TraesNOR1D03G00557820","rna","C1-",1,"negative"
"rna__TraesNOR6A03G03402720","TraesNOR6A03G03402720","rna","C1-",1,"negative"
"rna__TraesNOR2D03G01136900","TraesNOR2D03G01136900","rna","C1-",1,"negative"
"rna__TraesNOR1D03G00516240","TraesNOR1D03G00516240","rna","C2-",2,"negative"
"rna__TraesNOR2B03G01007040","TraesNOR2B03G01007040","rna","C1+",1,"positive"
"rna__TraesNOR1A03G00141960","TraesNOR1A03G00141960","rna","C2-",2,"negative"
"rna__TraesNOR5A03G02676670","TraesNOR5A03G02676670","rna","C2+",2,"positive"
"rna__TraesNOR3D03G01956770","TraesNOR3D03G01956770","rna","C2+",2,"positive"
"rna__TraesNOR1B03G00306250","TraesNOR1B03G00306250","rna","C1-",1,"negative"
"rna__TraesNOR2D03G01211070","TraesNOR2D03G01211070","rna","C1+",1,"positive"
"rna__TraesNOR2B03G00887680","TraesNOR2B03G00887680","rna","C1-",1,"negative"
"rna__TraesNOR3D03G01932920","TraesNOR3D03G01932920","rna","C1-",1,"negative"
"rna__TraesNOR1D03G00474330","TraesNOR1D03G00474330","rna","C1+",1,"positive"
"rna__TraesNOR6D03G03807770","TraesNOR6D03G03807770","rna","C2-",2,"negative"
"rna__TraesNOR4A03G02047890","TraesNOR4A03G02047890","rna","C1+",1,"positive"
"rna__TraesNOR2A03G00794630","TraesNOR2A03G00794630","rna","C2+",2,"positive"
"rna__TraesNOR7D03G04499060","TraesNOR7D03G04499060","rna","C1+",1,"positive"
"rna__TraesNOR1D03G00523420","TraesNOR1D03G00523420","rna","C1+",1,"positive"
"rna__TraesNOR2B03G00885670","TraesNOR2B03G00885670","rna","C1+",1,"positive"
"rna__TraesNOR5D03G03128380","TraesNOR5D03G03128380","rna","C2+",2,"positive"
"rna__TraesNOR6A03G03432760","TraesNOR6A03G03432760","rna","C1-",1,"negative"
"rna__TraesNOR6B03G03646910","TraesNOR6B03G03646910","rna","C2+",2,"positive"
"rna__TraesNOR2A03G00787990","TraesNOR2A03G00787990","rna","C1-",1,"negative"
"rna__TraesNOR1D03G00464620","TraesNOR1D03G00464620","rna","C2+",2,"positive"
"rna__TraesNOR2D03G01298610","TraesNOR2D03G01298610","rna","C2+",2,"positive"
"rna__TraesNOR6A03G03419190","TraesNOR6A03G03419190","rna","C2+",2,"positive"
"rna__TraesNOR5D03G03188230","TraesNOR5D03G03188230","rna","C2-",2,"negative"
"rna__TraesNOR5B03G02918790","TraesNOR5B03G02918790","rna","C1+",1,"positive"
"rna__TraesNOR3A03G01506240","TraesNOR3A03G01506240","rna","C1-",1,"negative"
"rna__TraesNOR1A03G00085200","TraesNOR1A03G00085200","rna","C1-",1,"negative"
"rna__TraesNOR3D03G01942790","TraesNOR3D03G01942790","rna","C1+",1,"positive"
"rna__TraesNOR3D03G01864330","TraesNOR3D03G01864330","rna","C1-",1,"negative"
"rna__TraesNOR1D03G00585600","TraesNOR1D03G00585600","rna","C2-",2,"negative"
"rna__TraesNOR2B03G01087480","TraesNOR2B03G01087480","rna","C1-",1,"negative"
"rna__TraesNOR2B03G00985510","TraesNOR2B03G00985510","rna","C2+",2,"positive"
"rna__TraesNOR5A03G02641910","TraesNOR5A03G02641910","rna","C2+",2,"positive"
"rna__TraesNOR5A03G02623730","TraesNOR5A03G02623730","rna","C1+",1,"positive"
"rna__TraesNOR7D03G04418670","TraesNOR7D03G04418670","rna","C2-",2,"negative"
"rna__TraesNOR5B03G02889020","TraesNOR5B03G02889020","rna","C2-",2,"negative"
"rna__TraesNOR7D03G04389730","TraesNOR7D03G04389730","rna","C1-",1,"negative"
"rna__TraesNOR4D03G02440890","TraesNOR4D03G02440890","rna","C1+",1,"positive"
"rna__TraesNOR2D03G01278030","TraesNOR2D03G01278030","rna","C2+",2,"positive"
"rna__TraesNOR1A03G00169820","TraesNOR1A03G00169820","rna","C2+",2,"positive"
"rna__TraesNOR7A03G03936780","TraesNOR7A03G03936780","rna","C2+",2,"positive"
"rna__TraesNOR3B03G01807920","TraesNOR3B03G01807920","rna","C1-",1,"negative"
"rna__TraesNOR3A03G01399970","TraesNOR3A03G01399970","rna","C1+",1,"positive"
"rna__TraesNOR6B03G03552210","TraesNOR6B03G03552210","rna","C2+",2,"positive"
"rna__TraesNOR5A03G02770290","TraesNOR5A03G02770290","rna","C1+",1,"positive"
"rna__TraesNOR4D03G02443760","TraesNOR4D03G02443760","rna","C2-",2,"negative"
"rna__TraesNOR4A03G02084910","TraesNOR4A03G02084910","rna","C1+",1,"positive"
"rna__TraesNOR4D03G02570170","TraesNOR4D03G02570170","rna","C1-",1,"negative"
"rna__TraesNOR5B03G03031480","TraesNOR5B03G03031480","rna","C2+",2,"positive"
"rna__TraesNOR7A03G03861440","TraesNOR7A03G03861440","rna","C2+",2,"positive"
"rna__TraesNOR6B03G03667150","TraesNOR6B03G03667150","rna","C2+",2,"positive"
"rna__TraesNOR1A03G00075900","TraesNOR1A03G00075900","rna","C1+",1,"positive"
"rna__TraesNOR1A03G00019190","TraesNOR1A03G00019190","rna","C1-",1,"negative"
"rna__TraesNOR2B03G01092180","TraesNOR2B03G01092180","rna","C1+",1,"positive"
"rna__TraesNOR5A03G02758980","TraesNOR5A03G02758980","rna","C2-",2,"negative"
"rna__TraesNOR5A03G02713810","TraesNOR5A03G02713810","rna","C1+",1,"positive"
"rna__TraesNOR5A03G02800840","TraesNOR5A03G02800840","rna","C1-",1,"negative"
"rna__TraesNOR3B03G01763840","TraesNOR3B03G01763840","rna","C1+",1,"positive"
"rna__TraesNOR7D03G04402320","TraesNOR7D03G04402320","rna","C1+",1,"positive"
"rna__TraesNOR3B03G01625090","TraesNOR3B03G01625090","rna","C1-",1,"negative"
"rna__TraesNOR5D03G03246780","TraesNOR5D03G03246780","rna","C1+",1,"positive"
"rna__TraesNOR2D03G01302000","TraesNOR2D03G01302000","rna","C1-",1,"negative"
"rna__TraesNOR5B03G02982870","TraesNOR5B03G02982870","rna","C2+",2,"positive"
"rna__TraesNOR7B03G04191060","TraesNOR7B03G04191060","rna","C1+",1,"positive"
"rna__TraesNOR3D03G01828040","TraesNOR3D03G01828040","rna","C2+",2,"positive"
"rna__TraesNOR3B03G01626570","TraesNOR3B03G01626570","rna","C1+",1,"positive"
"rna__TraesNOR5D03G03056610","TraesNOR5D03G03056610","rna","C1+",1,"positive"
"rna__TraesNOR7B03G04235160","TraesNOR7B03G04235160","rna","C1+",1,"positive"
"rna__TraesNOR5D03G03142260","TraesNOR5D03G03142260","rna","C1+",1,"positive"
"rna__TraesNOR1D03G00523600","TraesNOR1D03G00523600","rna","C2-",2,"negative"
"rna__TraesNOR5B03G02813820","TraesNOR5B03G02813820","rna","C2-",2,"negative"
"rna__TraesNOR7B03G04230400","TraesNOR7B03G04230400","rna","C2+",2,"positive"
"rna__TraesNOR2D03G01164650","TraesNOR2D03G01164650","rna","C1-",1,"negative"
"rna__TraesNOR3D03G01983190","TraesNOR3D03G01983190","rna","C1+",1,"positive"
"rna__TraesNOR1A03G00102280","TraesNOR1A03G00102280","rna","C2-",2,"negative"
"rna__TraesNOR4D03G02440970","TraesNOR4D03G02440970","rna","C2-",2,"negative"
"rna__TraesNOR1A03G00127780","TraesNOR1A03G00127780","rna","C2+",2,"positive"
"rna__TraesNOR5B03G02847180","TraesNOR5B03G02847180","rna","C1-",1,"negative"
"rna__TraesNOR7D03G04422450","TraesNOR7D03G04422450","rna","C1+",1,"positive"
"rna__TraesNOR2D03G01207430","TraesNOR2D03G01207430","rna","C1+",1,"positive"
"rna__TraesNOR6D03G03806900","TraesNOR6D03G03806900","rna","C2+",2,"positive"
"rna__TraesNOR3D03G01860310","TraesNOR3D03G01860310","rna","C1-",1,"negative"
"rna__TraesNOR1D03G00584900","TraesNOR1D03G00584900","rna","C1+",1,"positive"
"rna__TraesNOR5A03G02646750","TraesNOR5A03G02646750","rna","C1+",1,"positive"
"rna__TraesNOR4D03G02526720","TraesNOR4D03G02526720","rna","C1-",1,"negative"
"rna__TraesNOR7A03G04051470","TraesNOR7A03G04051470","rna","C1+",1,"positive"
"rna__TraesNOR4D03G02546610","TraesNOR4D03G02546610","rna","C2+",2,"positive"
"rna__TraesNOR7A03G03946070","TraesNOR7A03G03946070","rna","C1-",1,"negative"
"rna__TraesNOR5B03G02999360","TraesNOR5B03G02999360","rna","C1+",1,"positive"
"rna__TraesNOR3D03G01826830","TraesNOR3D03G01826830","rna","C1-",1,"negative"
"rna__TraesNOR5D03G03175240","TraesNOR5D03G03175240","rna","C2+",2,"positive"
"rna__TraesNOR7D03G04465600","TraesNOR7D03G04465600","rna","C1+",1,"positive"
"rna__TraesNOR4A03G02152550","TraesNOR4A03G02152550","rna","C2-",2,"negative"
"rna__TraesNOR6A03G03321160","TraesNOR6A03G03321160","rna","C1-",1,"negative"
"rna__TraesNOR1D03G00455110","TraesNOR1D03G00455110","rna","C2-",2,"negative"
"rna__TraesNOR2D03G01225350","TraesNOR2D03G01225350","rna","C1+",1,"positive"
"rna__TraesNOR3D03G01908980","TraesNOR3D03G01908980","rna","C2-",2,"negative"
"rna__TraesNOR2D03G01106940","TraesNOR2D03G01106940","rna","C2+",2,"positive"
"rna__TraesNOR5B03G02851400","TraesNOR5B03G02851400","rna","C2+",2,"positive"
"rna__TraesNOR3D03G01877390","TraesNOR3D03G01877390","rna","C1+",1,"positive"
"rna__TraesNOR5A03G02681000","TraesNOR5A03G02681000","rna","C1-",1,"negative"
"rna__TraesNOR2B03G01020190","TraesNOR2B03G01020190","rna","C2+",2,"positive"
"rna__TraesNOR1D03G00582660","TraesNOR1D03G00582660","rna","C1+",1,"positive"
"rna__TraesNOR1B03G00334490","TraesNOR1B03G00334490","rna","C1-",1,"negative"
"rna__TraesNOR3B03G01675920","TraesNOR3B03G01675920","rna","C1-",1,"negative"
"rna__TraesNOR3D03G02012100","TraesNOR3D03G02012100","rna","C1-",1,"negative"
"rna__TraesNOR7D03G04464890","TraesNOR7D03G04464890","rna","C1-",1,"negative"
"rna__TraesNOR3B03G01697000","TraesNOR3B03G01697000","rna","C2-",2,"negative"
"rna__TraesNOR4B03G02329410","TraesNOR4B03G02329410","rna","C2+",2,"positive"
"rna__TraesNOR6A03G03393840","TraesNOR6A03G03393840","rna","C1-",1,"negative"
"rna__TraesNOR6D03G03687990","TraesNOR6D03G03687990","rna","C1+",1,"positive"
"rna__TraesNOR1B03G00254860","TraesNOR1B03G00254860","rna","C1+",1,"positive"
"rna__TraesNOR5B03G02887420","TraesNOR5B03G02887420","rna","C2-",2,"negative"
"rna__TraesNOR5D03G03081490","TraesNOR5D03G03081490","rna","C2+",2,"positive"
"rna__TraesNOR3D03G01941520","TraesNOR3D03G01941520","rna","C2+",2,"positive"
"rna__TraesNOR6A03G03426270","TraesNOR6A03G03426270","rna","C2-",2,"negative"
"rna__TraesNOR6D03G03821130","TraesNOR6D03G03821130","rna","C1+",1,"positive"
"rna__TraesNOR6D03G03708410","TraesNOR6D03G03708410","rna","C1+",1,"positive"
"rna__TraesNOR7D03G04524460","TraesNOR7D03G04524460","rna","C2-",2,"negative"
"rna__TraesNOR6B03G03482700","TraesNOR6B03G03482700","rna","C1+",1,"positive"
"rna__TraesNOR2A03G00611150","TraesNOR2A03G00611150","rna","C1+",1,"positive"
"rna__TraesNOR3D03G01943820","TraesNOR3D03G01943820","rna","C1-",1,"negative"
"rna__TraesNOR6D03G03683980","TraesNOR6D03G03683980","rna","C2-",2,"negative"
"rna__TraesNOR1A03G00174600","TraesNOR1A03G00174600","rna","C1+",1,"positive"
"rna__TraesNOR6B03G03484880","TraesNOR6B03G03484880","rna","C1+",1,"positive"
"rna__TraesNOR6D03G03775780","TraesNOR6D03G03775780","rna","C1-",1,"negative"
"rna__TraesNOR1D03G00573580","TraesNOR1D03G00573580","rna","C1-",1,"negative"
"rna__TraesNOR2D03G01220650","TraesNOR2D03G01220650","rna","C1-",1,"negative"
"rna__TraesNOR5D03G03126520","TraesNOR5D03G03126520","rna","C1+",1,"positive"
"rna__TraesNOR6D03G03768620","TraesNOR6D03G03768620","rna","C1+",1,"positive"
"rna__TraesNOR2D03G01182010","TraesNOR2D03G01182010","rna","C1-",1,"negative"
"rna__TraesNOR3B03G01628430","TraesNOR3B03G01628430","rna","C1-",1,"negative"
"rna__TraesNOR3B03G01765300","TraesNOR3B03G01765300","rna","C1-",1,"negative"
"rna__TraesNOR5D03G03109550","TraesNOR5D03G03109550","rna","C2+",2,"positive"
"rna__TraesNOR1D03G00564570","TraesNOR1D03G00564570","rna","C1+",1,"positive"
"rna__TraesNOR3A03G01358650","TraesNOR3A03G01358650","rna","C1+",1,"positive"
"rna__TraesNOR1B03G00393390","TraesNOR1B03G00393390","rna","C2-",2,"negative"
"rna__TraesNOR2A03G00633700","TraesNOR2A03G00633700","rna","C2-",2,"negative"
"rna__TraesNOR7D03G04541810","TraesNOR7D03G04541810","rna","C2-",2,"negative"
"rna__TraesNOR7A03G03903440","TraesNOR7A03G03903440","rna","C2+",2,"positive"
"rna__TraesNOR1B03G00394480","TraesNOR1B03G00394480","rna","C1-",1,"negative"
"rna__TraesNOR4D03G02547280","TraesNOR4D03G02547280","rna","C1+",1,"positive"
"rna__TraesNOR1B03G00285520","TraesNOR1B03G00285520","rna","C2-",2,"negative"
"rna__TraesNOR1D03G00559740","TraesNOR1D03G00559740","rna","C1-",1,"negative"
"rna__TraesNOR4D03G02512400","TraesNOR4D03G02512400","rna","C2+",2,"positive"
"rna__TraesNOR3A03G01346650","TraesNOR3A03G01346650","rna","C1+",1,"positive"
"rna__TraesNOR3B03G01560730","TraesNOR3B03G01560730","rna","C1+",1,"positive"
"rna__TraesNOR1D03G00518120","TraesNOR1D03G00518120","rna","C1-",1,"negative"
"rna__TraesNOR5D03G03109690","TraesNOR5D03G03109690","rna","C1+",1,"positive"
"rna__TraesNOR4A03G02049710","TraesNOR4A03G02049710","rna","C2+",2,"positive"
"rna__TraesNOR2B03G01020350","TraesNOR2B03G01020350","rna","C1+",1,"positive"
"rna__TraesNOR7B03G04264760","TraesNOR7B03G04264760","rna","C2+",2,"positive"
"rna__TraesNOR6A03G03269470","TraesNOR6A03G03269470","rna","C1+",1,"positive"
"rna__TraesNOR5A03G02613080","TraesNOR5A03G02613080","rna","C1-",1,"negative"
"rna__TraesNOR1D03G00520500","TraesNOR1D03G00520500","rna","C2+",2,"positive"
"rna__TraesNOR5B03G02899240","TraesNOR5B03G02899240","rna","C1+",1,"positive"
"rna__TraesNOR1B03G00358610","TraesNOR1B03G00358610","rna","C1-",1,"negative"
"rna__TraesNOR5D03G03134150","TraesNOR5D03G03134150","rna","C2+",2,"positive"
"rna__TraesNOR1B03G00234640","TraesNOR1B03G00234640","rna","C1-",1,"negative"
"rna__TraesNOR3D03G01878690","TraesNOR3D03G01878690","rna","C2-",2,"negative"
"rna__TraesNOR3B03G01644330","TraesNOR3B03G01644330","rna","C1+",1,"positive"
"rna__TraesNOR1B03G00297120","TraesNOR1B03G00297120","rna","C1+",1,"positive"
"rna__TraesNOR4D03G02465190","TraesNOR4D03G02465190","rna","C1+",1,"positive"
"rna__TraesNOR4D03G02528150","TraesNOR4D03G02528150","rna","C2+",2,"positive"
"rna__TraesNOR5D03G03206450","TraesNOR5D03G03206450","rna","C1-",1,"negative"
"rna__TraesNOR7D03G04338550","TraesNOR7D03G04338550","rna","C1-",1,"negative"
"rna__TraesNOR5D03G03223690","TraesNOR5D03G03223690","rna","C1+",1,"positive"
"rna__TraesNOR7D03G04444160","TraesNOR7D03G04444160","rna","C1+",1,"positive"
"rna__TraesNOR7A03G03895360","TraesNOR7A03G03895360","rna","C2+",2,"positive"
"rna__TraesNOR6A03G03447120","TraesNOR6A03G03447120","rna","C1+",1,"positive"
"rna__TraesNOR6D03G03740540","TraesNOR6D03G03740540","rna","C2+",2,"positive"
"rna__TraesNOR1A03G00082680","TraesNOR1A03G00082680","rna","C2+",2,"positive"
"rna__TraesNOR2D03G01100090","TraesNOR2D03G01100090","rna","C2-",2,"negative"
"rna__TraesNOR7D03G04331540","TraesNOR7D03G04331540","rna","C1-",1,"negative"
"rna__TraesNOR2D03G01321410","TraesNOR2D03G01321410","rna","C2+",2,"positive"
"rna__TraesNOR6B03G03467220","TraesNOR6B03G03467220","rna","C1-",1,"negative"
"rna__TraesNOR5D03G03102330","TraesNOR5D03G03102330","rna","C1+",1,"positive"
"rna__TraesNOR7D03G04375500","TraesNOR7D03G04375500","rna","C2+",2,"positive"
"rna__TraesNOR1D03G00583960","TraesNOR1D03G00583960","rna","C1+",1,"positive"
"rna__TraesNOR5D03G03185320","TraesNOR5D03G03185320","rna","C1+",1,"positive"
"rna__TraesNOR3D03G01919450","TraesNOR3D03G01919450","rna","C2+",2,"positive"
"rna__TraesNOR7D03G04472760","TraesNOR7D03G04472760","rna","C1+",1,"positive"
"rna__TraesNOR3D03G01827450","TraesNOR3D03G01827450","rna","C1-",1,"negative"
"rna__TraesNOR4D03G02541570","TraesNOR4D03G02541570","rna","C1-",1,"negative"
"rna__TraesNOR6A03G03307220","TraesNOR6A03G03307220","rna","C1+",1,"positive"
"rna__TraesNOR1A03G00005050","TraesNOR1A03G00005050","rna","C2+",2,"positive"
"rna__TraesNOR4D03G02532430","TraesNOR4D03G02532430","rna","C2-",2,"negative"
"rna__TraesNOR2D03G01209400","TraesNOR2D03G01209400","rna","C1+",1,"positive"
"rna__TraesNOR4D03G02555120","TraesNOR4D03G02555120","rna","C2-",2,"negative"
"rna__TraesNOR1B03G00395170","TraesNOR1B03G00395170","rna","C1-",1,"negative"
"rna__TraesNOR7B03G04127790","TraesNOR7B03G04127790","rna","C1+",1,"positive"
"rna__TraesNOR2D03G01226140","TraesNOR2D03G01226140","rna","C2-",2,"negative"
"rna__TraesNOR3D03G01985000","TraesNOR3D03G01985000","rna","C1+",1,"positive"
"rna__TraesNOR2D03G01131570","TraesNOR2D03G01131570","rna","C1+",1,"positive"
"rna__TraesNOR1D03G00561750","TraesNOR1D03G00561750","rna","C1+",1,"positive"
"rna__TraesNOR1B03G00249330","TraesNOR1B03G00249330","rna","C1+",1,"positive"
"rna__TraesNOR4B03G02256190","TraesNOR4B03G02256190","rna","C1+",1,"positive"
"rna__TraesNOR7D03G04380850","TraesNOR7D03G04380850","rna","C1-",1,"negative"
"rna__TraesNOR5B03G02840090","TraesNOR5B03G02840090","rna","C1-",1,"negative"
"rna__TraesNOR2A03G00756560","TraesNOR2A03G00756560","rna","C1+",1,"positive"
"rna__TraesNOR5B03G02882360","TraesNOR5B03G02882360","rna","C1+",1,"positive"
"rna__TraesNOR2D03G01185300","TraesNOR2D03G01185300","rna","C1-",1,"negative"
"rna__TraesNOR6A03G03397600","TraesNOR6A03G03397600","rna","C1+",1,"positive"
"rna__TraesNOR3D03G01920320","TraesNOR3D03G01920320","rna","C1-",1,"negative"
"rna__TraesNOR3B03G01720970","TraesNOR3B03G01720970","rna","C2-",2,"negative"
"rna__TraesNOR6D03G03731950","TraesNOR6D03G03731950","rna","C2-",2,"negative"
"rna__TraesNOR2D03G01283390","TraesNOR2D03G01283390","rna","C1+",1,"positive"
"rna__TraesNOR2D03G01217590","TraesNOR2D03G01217590","rna","C1+",1,"positive"
"rna__TraesNOR5B03G02959070","TraesNOR5B03G02959070","rna","C1+",1,"positive"
"rna__TraesNOR2D03G01138910","TraesNOR2D03G01138910","rna","C2+",2,"positive"
"rna__TraesNOR7D03G04363090","TraesNOR7D03G04363090","rna","C2+",2,"positive"
"rna__TraesNOR7D03G04502050","TraesNOR7D03G04502050","rna","C1-",1,"negative"
"rna__TraesNOR5A03G02777510","TraesNOR5A03G02777510","rna","C2-",2,"negative"
"rna__TraesNOR1B03G00367870","TraesNOR1B03G00367870","rna","C2+",2,"positive"
"rna__TraesNOR2B03G01060600","TraesNOR2B03G01060600","rna","C1+",1,"positive"
"rna__TraesNOR5D03G03135930","TraesNOR5D03G03135930","rna","C2+",2,"positive"
"rna__TraesNOR6B03G03527010","TraesNOR6B03G03527010","rna","C1+",1,"positive"
"rna__TraesNOR1D03G00426030","TraesNOR1D03G00426030","rna","C1-",1,"negative"
"rna__TraesNOR5D03G03161650","TraesNOR5D03G03161650","rna","C2+",2,"positive"
"rna__TraesNOR2D03G01225210","TraesNOR2D03G01225210","rna","C1-",1,"negative"
"rna__TraesNOR1B03G00259460","TraesNOR1B03G00259460","rna","C1-",1,"negative"
"rna__TraesNOR3B03G01605270","TraesNOR3B03G01605270","rna","C2-",2,"negative"
"rna__TraesNOR4D03G02563900","TraesNOR4D03G02563900","rna","C1+",1,"positive"
"rna__TraesNOR2B03G00932110","TraesNOR2B03G00932110","rna","C1-",1,"negative"
"rna__TraesNOR5D03G03114510","TraesNOR5D03G03114510","rna","C1-",1,"negative"
"rna__TraesNOR5B03G02868820","TraesNOR5B03G02868820","rna","C2+",2,"positive"
"rna__TraesNOR7D03G04480020","TraesNOR7D03G04480020","rna","C1-",1,"negative"
"rna__TraesNOR1D03G00507450","TraesNOR1D03G00507450","rna","C1-",1,"negative"
"rna__TraesNOR3D03G01848950","TraesNOR3D03G01848950","rna","C1-",1,"negative"
"rna__TraesNOR6D03G03696170","TraesNOR6D03G03696170","rna","C1+",1,"positive"
"rna__TraesNOR1D03G00453990","TraesNOR1D03G00453990","rna","C1-",1,"negative"
"rna__TraesNOR7D03G04470120","TraesNOR7D03G04470120","rna","C2-",2,"negative"
"rna__TraesNORUn03G04732220","TraesNORUn03G04732220","rna","C1-",1,"negative"
"rna__TraesNOR1A03G00091890","TraesNOR1A03G00091890","rna","C2+",2,"positive"
"rna__TraesNOR4A03G02159930","TraesNOR4A03G02159930","rna","C1+",1,"positive"
"rna__TraesNOR3B03G01809830","TraesNOR3B03G01809830","rna","C1-",1,"negative"
"rna__TraesNOR1A03G00095730","TraesNOR1A03G00095730","rna","C1+",1,"positive"
"rna__TraesNOR4D03G02547880","TraesNOR4D03G02547880","rna","C2-",2,"negative"
"rna__TraesNOR7A03G03904720","TraesNOR7A03G03904720","rna","C1-",1,"negative"
"rna__TraesNOR4B03G02344400","TraesNOR4B03G02344400","rna","C1-",1,"negative"
"rna__TraesNOR5B03G02994130","TraesNOR5B03G02994130","rna","C2+",2,"positive"
"rna__TraesNOR1A03G00114380","TraesNOR1A03G00114380","rna","C1-",1,"negative"
"rna__TraesNOR2D03G01170250","TraesNOR2D03G01170250","rna","C1-",1,"negative"
"rna__TraesNOR1B03G00374780","TraesNOR1B03G00374780","rna","C1-",1,"negative"
"rna__TraesNOR5B03G02892880","TraesNOR5B03G02892880","rna","C1+",1,"positive"
"rna__TraesNOR6B03G03592010","TraesNOR6B03G03592010","rna","C2+",2,"positive"
"rna__TraesNOR4A03G02194330","TraesNOR4A03G02194330","rna","C2+",2,"positive"
"rna__TraesNOR5D03G03230420","TraesNOR5D03G03230420","rna","C1+",1,"positive"
"rna__TraesNOR7D03G04332130","TraesNOR7D03G04332130","rna","C2-",2,"negative"
"rna__TraesNOR4D03G02533820","TraesNOR4D03G02533820","rna","C2+",2,"positive"
"rna__TraesNOR1A03G00081070","TraesNOR1A03G00081070","rna","C2+",2,"positive"
"rna__TraesNOR5B03G03033990","TraesNOR5B03G03033990","rna","C2+",2,"positive"
"rna__TraesNOR3D03G01831510","TraesNOR3D03G01831510","rna","C2+",2,"positive"
"rna__TraesNOR1B03G00298170","TraesNOR1B03G00298170","rna","C2-",2,"negative"
"rna__TraesNOR7A03G03910710","TraesNOR7A03G03910710","rna","C1-",1,"negative"
"rna__TraesNOR7D03G04466460","TraesNOR7D03G04466460","rna","C1-",1,"negative"
"rna__TraesNOR3B03G01775190","TraesNOR3B03G01775190","rna","C2-",2,"negative"
"rna__TraesNOR2D03G01292640","TraesNOR2D03G01292640","rna","C1+",1,"positive"
"rna__TraesNOR2D03G01230250","TraesNOR2D03G01230250","rna","C1-",1,"negative"
"rna__TraesNOR1D03G00476580","TraesNOR1D03G00476580","rna","C2+",2,"positive"
"rna__TraesNOR2A03G00646650","TraesNOR2A03G00646650","rna","C2+",2,"positive"
"rna__TraesNOR1A03G00094960","TraesNOR1A03G00094960","rna","C1+",1,"positive"
"rna__TraesNOR7D03G04511360","TraesNOR7D03G04511360","rna","C1-",1,"negative"
"rna__TraesNOR3A03G01438450","TraesNOR3A03G01438450","rna","C1-",1,"negative"
"rna__TraesNOR3B03G01801310","TraesNOR3B03G01801310","rna","C2-",2,"negative"
"rna__TraesNOR3D03G01832420","TraesNOR3D03G01832420","rna","C1+",1,"positive"
"rna__TraesNOR7D03G04493100","TraesNOR7D03G04493100","rna","C1+",1,"positive"
"rna__TraesNOR1A03G00100720","TraesNOR1A03G00100720","rna","C1-",1,"negative"
"rna__TraesNOR4D03G02441990","TraesNOR4D03G02441990","rna","C2+",2,"positive"
"rna__TraesNOR4D03G02494560","TraesNOR4D03G02494560","rna","C1+",1,"positive"
"rna__TraesNOR1A03G00177180","TraesNOR1A03G00177180","rna","C1+",1,"positive"
"rna__TraesNOR5A03G02586900","TraesNOR5A03G02586900","rna","C2+",2,"positive"
"rna__TraesNOR5D03G03257090","TraesNOR5D03G03257090","rna","C1+",1,"positive"
"rna__TraesNOR2A03G00825380","TraesNOR2A03G00825380","rna","C1-",1,"negative"
"rna__TraesNOR1D03G00554070","TraesNOR1D03G00554070","rna","C2+",2,"positive"
"rna__TraesNOR3B03G01745690","TraesNOR3B03G01745690","rna","C2-",2,"negative"
"rna__TraesNOR5A03G02700060","TraesNOR5A03G02700060","rna","C2+",2,"positive"
"rna__TraesNOR4A03G02036010","TraesNOR4A03G02036010","rna","C2-",2,"negative"
"rna__TraesNOR6D03G03694730","TraesNOR6D03G03694730","rna","C2+",2,"positive"
"rna__TraesNOR6D03G03726510","TraesNOR6D03G03726510","rna","C2+",2,"positive"
"rna__TraesNOR1B03G00374900","TraesNOR1B03G00374900","rna","C1-",1,"negative"
"rna__TraesNOR3B03G01674810","TraesNOR3B03G01674810","rna","C2+",2,"positive"
"rna__TraesNOR3A03G01458920","TraesNOR3A03G01458920","rna","C2-",2,"negative"
"rna__TraesNOR4A03G02154480","TraesNOR4A03G02154480","rna","C1-",1,"negative"
"rna__TraesNOR6A03G03270610","TraesNOR6A03G03270610","rna","C1+",1,"positive"
"rna__TraesNOR5D03G03191050","TraesNOR5D03G03191050","rna","C2-",2,"negative"
"rna__TraesNOR5A03G02798540","TraesNOR5A03G02798540","rna","C2-",2,"negative"
"rna__TraesNOR2D03G01107200","TraesNOR2D03G01107200","rna","C2+",2,"positive"
"rna__TraesNOR4B03G02418010","TraesNOR4B03G02418010","rna","C1+",1,"positive"
"rna__TraesNOR2B03G00962070","TraesNOR2B03G00962070","rna","C1-",1,"negative"
"rna__TraesNOR4B03G02333210","TraesNOR4B03G02333210","rna","C1+",1,"positive"
"rna__TraesNOR2D03G01265410","TraesNOR2D03G01265410","rna","C1+",1,"positive"
"rna__TraesNOR7D03G04531420","TraesNOR7D03G04531420","rna","C1-",1,"negative"
"rna__TraesNOR6A03G03342450","TraesNOR6A03G03342450","rna","C2+",2,"positive"
"rna__TraesNOR3A03G01370600","TraesNOR3A03G01370600","rna","C2+",2,"positive"
"rna__TraesNOR6D03G03749380","TraesNOR6D03G03749380","rna","C1+",1,"positive"
"rna__TraesNOR5B03G02900230","TraesNOR5B03G02900230","rna","C1-",1,"negative"
"rna__TraesNOR1D03G00485520","TraesNOR1D03G00485520","rna","C2-",2,"negative"
"rna__TraesNOR1B03G00320220","TraesNOR1B03G00320220","rna","C1+",1,"positive"
"rna__TraesNOR1D03G00571700","TraesNOR1D03G00571700","rna","C2+",2,"positive"
"rna__TraesNOR5B03G02895140","TraesNOR5B03G02895140","rna","C1+",1,"positive"
"rna__TraesNOR7B03G04171630","TraesNOR7B03G04171630","rna","C1+",1,"positive"
"rna__TraesNOR7B03G04153870","TraesNOR7B03G04153870","rna","C1+",1,"positive"
"rna__TraesNOR5D03G03062010","TraesNOR5D03G03062010","rna","C1-",1,"negative"
"rna__TraesNOR4B03G02255450","TraesNOR4B03G02255450","rna","C1+",1,"positive"
"rna__TraesNOR5B03G02966940","TraesNOR5B03G02966940","rna","C2+",2,"positive"
"rna__TraesNOR3A03G01367610","TraesNOR3A03G01367610","rna","C2+",2,"positive"
"rna__TraesNOR5D03G03071530","TraesNOR5D03G03071530","rna","C1-",1,"negative"
"rna__TraesNOR7D03G04467290","TraesNOR7D03G04467290","rna","C1-",1,"negative"
"rna__TraesNOR7A03G03969990","TraesNOR7A03G03969990","rna","C2+",2,"positive"
"rna__TraesNOR2B03G00844610","TraesNOR2B03G00844610","rna","C1+",1,"positive"
"rna__TraesNOR4D03G02469710","TraesNOR4D03G02469710","rna","C1-",1,"negative"
"rna__TraesNOR1B03G00238290","TraesNOR1B03G00238290","rna","C2+",2,"positive"
"rna__TraesNOR2D03G01189030","TraesNOR2D03G01189030","rna","C1+",1,"positive"
"rna__TraesNOR4A03G02156010","TraesNOR4A03G02156010","rna","C1+",1,"positive"
"rna__TraesNOR5A03G02604010","TraesNOR5A03G02604010","rna","C1+",1,"positive"
"rna__TraesNOR3A03G01353920","TraesNOR3A03G01353920","rna","C1+",1,"positive"
"rna__TraesNOR4D03G02453710","TraesNOR4D03G02453710","rna","C2-",2,"negative"
"rna__TraesNOR6B03G03611450","TraesNOR6B03G03611450","rna","C1-",1,"negative"
"rna__TraesNOR1D03G00419270","TraesNOR1D03G00419270","rna","C2+",2,"positive"
"rna__TraesNOR7A03G03996790","TraesNOR7A03G03996790","rna","C1-",1,"negative"
"rna__TraesNOR5A03G02793080","TraesNOR5A03G02793080","rna","C2-",2,"negative"
"rna__TraesNOR2D03G01254500","TraesNOR2D03G01254500","rna","C1-",1,"negative"
"rna__TraesNOR2A03G00769720","TraesNOR2A03G00769720","rna","C1+",1,"positive"
"rna__TraesNOR7D03G04410270","TraesNOR7D03G04410270","rna","C2+",2,"positive"
"rna__TraesNOR1D03G00515830","TraesNOR1D03G00515830","rna","C2+",2,"positive"
"rna__TraesNOR3A03G01400530","TraesNOR3A03G01400530","rna","C2-",2,"negative"
"rna__TraesNOR7B03G04183290","TraesNOR7B03G04183290","rna","C2-",2,"negative"
"rna__TraesNOR3A03G01434150","TraesNOR3A03G01434150","rna","C1+",1,"positive"
"rna__TraesNOR3A03G01400060","TraesNOR3A03G01400060","rna","C1-",1,"negative"
"rna__TraesNOR4D03G02556430","TraesNOR4D03G02556430","rna","C2-",2,"negative"
"rna__TraesNOR6D03G03765610","TraesNOR6D03G03765610","rna","C1+",1,"positive"
"rna__TraesNOR2A03G00609150","TraesNOR2A03G00609150","rna","C1+",1,"positive"
"rna__TraesNOR2A03G00790270","TraesNOR2A03G00790270","rna","C2-",2,"negative"
"rna__TraesNOR3D03G01985820","TraesNOR3D03G01985820","rna","C2+",2,"positive"
"rna__TraesNOR3B03G01626790","TraesNOR3B03G01626790","rna","C2-",2,"negative"
"rna__TraesNOR6B03G03535510","TraesNOR6B03G03535510","rna","C2+",2,"positive"
"rna__TraesNOR3B03G01719530","TraesNOR3B03G01719530","rna","C2-",2,"negative"
"rna__TraesNOR3B03G01710540","TraesNOR3B03G01710540","rna","C1-",1,"negative"
"rna__TraesNOR6D03G03682190","TraesNOR6D03G03682190","rna","C2-",2,"negative"
"rna__TraesNOR5B03G02945490","TraesNOR5B03G02945490","rna","C1+",1,"positive"
"rna__TraesNOR6D03G03784550","TraesNOR6D03G03784550","rna","C2-",2,"negative"
"prot__TraesNOR1A03G00003900","TraesNOR1A03G00003900","protein","C2+",2,"positive"
"prot__TraesNOR1A03G00005050","TraesNOR1A03G00005050","protein","C1-",1,"negative"
"prot__TraesNOR1A03G00011550","TraesNOR1A03G00011550","protein","C2+",2,"positive"
"prot__TraesNOR1A03G00011890","TraesNOR1A03G00011890","protein","C1-",1,"negative"
"prot__TraesNOR1A03G00015580","TraesNOR1A03G00015580","protein","C1+",1,"positive"
"prot__TraesNOR1A03G00015590","TraesNOR1A03G00015590","protein","C2+",2,"positive"
"prot__TraesNOR1A03G00018120","TraesNOR1A03G00018120","protein","C1-",1,"negative"
"prot__TraesNOR1A03G00021290","TraesNOR1A03G00021290","protein","C1+",1,"positive"
"prot__TraesNOR1A03G00023510","TraesNOR1A03G00023510","protein","C2+",2,"positive"
"prot__TraesNOR1A03G00025530","TraesNOR1A03G00025530","protein","C1-",1,"negative"
"prot__TraesNOR1A03G00026570","TraesNOR1A03G00026570","protein","C1+",1,"positive"
"prot__TraesNOR1A03G00028650","TraesNOR1A03G00028650","protein","C2+",2,"positive"
"prot__TraesNOR1A03G00029570","TraesNOR1A03G00029570","protein","C1-",1,"negative"
"prot__TraesNOR1A03G00033230","TraesNOR1A03G00033230","protein","C1-",1,"negative"
"prot__TraesNOR1A03G00034440","TraesNOR1A03G00034440","protein","C1-",1,"negative"
"prot__TraesNOR1A03G00037620","TraesNOR1A03G00037620","protein","C1-",1,"negative"
"prot__TraesNOR1A03G00038460","TraesNOR1A03G00038460","protein","C1-",1,"negative"
"prot__TraesNOR1A03G00038470","TraesNOR1A03G00038470","protein","C1-",1,"negative"
"prot__TraesNOR1A03G00040500","TraesNOR1A03G00040500","protein","C2+",2,"positive"
"prot__TraesNOR1A03G00042390","TraesNOR1A03G00042390","protein","C2+",2,"positive"
"prot__TraesNOR1A03G00044040","TraesNOR1A03G00044040","protein","C1-",1,"negative"
"prot__TraesNOR1A03G00046700","TraesNOR1A03G00046700","protein","C2+",2,"positive"
"prot__TraesNOR1A03G00049880","TraesNOR1A03G00049880","protein","C2+",2,"positive"
"prot__TraesNOR1A03G00052390","TraesNOR1A03G00052390","protein","C2+",2,"positive"
"prot__TraesNOR1A03G00055860","TraesNOR1A03G00055860","protein","C2-",2,"negative"
"prot__TraesNOR1A03G00056240","TraesNOR1A03G00056240","protein","C1-",1,"negative"
"prot__TraesNOR1A03G00066190","TraesNOR1A03G00066190","protein","C2-",2,"negative"
"prot__TraesNOR1A03G00070550","TraesNOR1A03G00070550","protein","C2+",2,"positive"
"prot__TraesNOR1A03G00073190","TraesNOR1A03G00073190","protein","C2-",2,"negative"
"prot__TraesNOR1A03G00073270","TraesNOR1A03G00073270","protein","C2+",2,"positive"
"prot__TraesNOR1A03G00075350","TraesNOR1A03G00075350","protein","C1-",1,"negative"
"prot__TraesNOR1A03G00075900","TraesNOR1A03G00075900","protein","C1-",1,"negative"
"prot__TraesNOR1A03G00081070","TraesNOR1A03G00081070","protein","C1-",1,"negative"
"prot__TraesNOR1A03G00081560","TraesNOR1A03G00081560","protein","C1-",1,"negative"
"prot__TraesNOR1A03G00082100","TraesNOR1A03G00082100","protein","C1-",1,"negative"
"prot__TraesNOR1A03G00082680","TraesNOR1A03G00082680","protein","C1-",1,"negative"
"prot__TraesNOR1A03G00083040","TraesNOR1A03G00083040","protein","C1-",1,"negative"
"prot__TraesNOR1A03G00083110","TraesNOR1A03G00083110","protein","C2+",2,"positive"
"prot__TraesNOR1A03G00085070","TraesNOR1A03G00085070","protein","C2+",2,"positive"
"prot__TraesNOR1A03G00085200","TraesNOR1A03G00085200","protein","C1+",1,"positive"
"prot__TraesNOR1A03G00086180","TraesNOR1A03G00086180","protein","C1+",1,"positive"
"prot__TraesNOR1A03G00087010","TraesNOR1A03G00087010","protein","C2-",2,"negative"
"prot__TraesNOR1A03G00088830","TraesNOR1A03G00088830","protein","C1-",1,"negative"
"prot__TraesNOR1A03G00090890","TraesNOR1A03G00090890","protein","C2+",2,"positive"
"prot__TraesNOR1A03G00091430","TraesNOR1A03G00091430","protein","C2+",2,"positive"
"prot__TraesNOR1A03G00091510","TraesNOR1A03G00091510","protein","C2+",2,"positive"
"prot__TraesNOR1A03G00091890","TraesNOR1A03G00091890","protein","C2+",2,"positive"
"prot__TraesNOR1A03G00091970","TraesNOR1A03G00091970","protein","C1-",1,"negative"
"prot__TraesNOR1A03G00092230","TraesNOR1A03G00092230","protein","C2+",2,"positive"
"prot__TraesNOR1A03G00092530","TraesNOR1A03G00092530","protein","C1-",1,"negative"
"prot__TraesNOR1A03G00094960","TraesNOR1A03G00094960","protein","C2-",2,"negative"
"prot__TraesNOR1A03G00095410","TraesNOR1A03G00095410","protein","C2+",2,"positive"
"prot__TraesNOR1A03G00095730","TraesNOR1A03G00095730","protein","C1+",1,"positive"
"prot__TraesNOR1A03G00098650","TraesNOR1A03G00098650","protein","C1-",1,"negative"
"prot__TraesNOR1A03G00098970","TraesNOR1A03G00098970","protein","C2+",2,"positive"
"prot__TraesNOR1A03G00098990","TraesNOR1A03G00098990","protein","C2+",2,"positive"
"prot__TraesNOR1A03G00100720","TraesNOR1A03G00100720","protein","C2+",2,"positive"
"prot__TraesNOR1A03G00102710","TraesNOR1A03G00102710","protein","C2+",2,"positive"
"prot__TraesNOR1A03G00106280","TraesNOR1A03G00106280","protein","C1-",1,"negative"
"prot__TraesNOR1A03G00112660","TraesNOR1A03G00112660","protein","C2+",2,"positive"
"prot__TraesNOR1A03G00113060","TraesNOR1A03G00113060","protein","C1-",1,"negative"
"prot__TraesNOR1A03G00114380","TraesNOR1A03G00114380","protein","C2+",2,"positive"
"prot__TraesNOR1A03G00114650","TraesNOR1A03G00114650","protein","C1-",1,"negative"
"prot__TraesNOR1A03G00115750","TraesNOR1A03G00115750","protein","C1-",1,"negative"
"prot__TraesNOR1A03G00116820","TraesNOR1A03G00116820","protein","C2+",2,"positive"
"prot__TraesNOR1A03G00117510","TraesNOR1A03G00117510","protein","C2-",2,"negative"
"prot__TraesNOR1A03G00119210","TraesNOR1A03G00119210","protein","C1-",1,"negative"
"prot__TraesNOR1A03G00120020","TraesNOR1A03G00120020","protein","C1-",1,"negative"
"prot__TraesNOR1A03G00120030","TraesNOR1A03G00120030","protein","C2+",2,"positive"
"prot__TraesNOR1A03G00120550","TraesNOR1A03G00120550","protein","C1-",1,"negative"
"prot__TraesNOR1A03G00121010","TraesNOR1A03G00121010","protein","C1-",1,"negative"
"prot__TraesNOR1A03G00122170","TraesNOR1A03G00122170","protein","C2+",2,"positive"
"prot__TraesNOR1A03G00123270","TraesNOR1A03G00123270","protein","C1-",1,"negative"
"prot__TraesNOR1A03G00126410","TraesNOR1A03G00126410","protein","C2-",2,"negative"
"prot__TraesNOR1A03G00127780","TraesNOR1A03G00127780","protein","C1-",1,"negative"
"prot__TraesNOR1A03G00136430","TraesNOR1A03G00136430","protein","C1-",1,"negative"
"prot__TraesNOR1A03G00140270","TraesNOR1A03G00140270","protein","C2+",2,"positive"
"prot__TraesNOR1A03G00145750","TraesNOR1A03G00145750","protein","C1-",1,"negative"
"prot__TraesNOR1A03G00147490","TraesNOR1A03G00147490","protein","C1-",1,"negative"
"prot__TraesNOR1A03G00148790","TraesNOR1A03G00148790","protein","C2+",2,"positive"
"prot__TraesNOR1A03G00152070","TraesNOR1A03G00152070","protein","C2+",2,"positive"
"prot__TraesNOR1A03G00152430","TraesNOR1A03G00152430","protein","C2+",2,"positive"
"prot__TraesNOR1A03G00153200","TraesNOR1A03G00153200","protein","C2+",2,"positive"
"prot__TraesNOR1A03G00153210","TraesNOR1A03G00153210","protein","C1-",1,"negative"
"prot__TraesNOR1A03G00153260","TraesNOR1A03G00153260","protein","C1-",1,"negative"
"prot__TraesNOR1A03G00155080","TraesNOR1A03G00155080","protein","C1-",1,"negative"
"prot__TraesNOR1A03G00156230","TraesNOR1A03G00156230","protein","C2-",2,"negative"
"prot__TraesNOR1A03G00156570","TraesNOR1A03G00156570","protein","C1+",1,"positive"
"prot__TraesNOR1A03G00156620","TraesNOR1A03G00156620","protein","C1-",1,"negative"
"prot__TraesNOR1A03G00157640","TraesNOR1A03G00157640","protein","C2+",2,"positive"
"prot__TraesNOR1A03G00159460","TraesNOR1A03G00159460","protein","C1+",1,"positive"
"prot__TraesNOR1A03G00166190","TraesNOR1A03G00166190","protein","C1-",1,"negative"
"prot__TraesNOR1A03G00169820","TraesNOR1A03G00169820","protein","C1-",1,"negative"
"prot__TraesNOR1A03G00169990","TraesNOR1A03G00169990","protein","C1-",1,"negative"
"prot__TraesNOR1A03G00172620","TraesNOR1A03G00172620","protein","C2-",2,"negative"
"prot__TraesNOR1A03G00174600","TraesNOR1A03G00174600","protein","C2+",2,"positive"
"prot__TraesNOR1A03G00174670","TraesNOR1A03G00174670","protein","C1-",1,"negative"
"prot__TraesNOR1A03G00175470","TraesNOR1A03G00175470","protein","C1+",1,"positive"
"prot__TraesNOR1A03G00175750","TraesNOR1A03G00175750","protein","C1-",1,"negative"
"prot__TraesNOR1A03G00177180","TraesNOR1A03G00177180","protein","C2+",2,"positive"
"prot__TraesNOR1A03G00178500","TraesNOR1A03G00178500","protein","C2+",2,"positive"
"prot__TraesNOR1A03G00180380","TraesNOR1A03G00180380","protein","C2+",2,"positive"
"prot__TraesNOR1A03G00181580","TraesNOR1A03G00181580","protein","C1-",1,"negative"
"prot__TraesNOR1B03G00184930","TraesNOR1B03G00184930","protein","C2-",2,"negative"
"prot__TraesNOR1B03G00187850","TraesNOR1B03G00187850","protein","C1-",1,"negative"
"prot__TraesNOR1B03G00189060","TraesNOR1B03G00189060","protein","C2+",2,"positive"
"prot__TraesNOR1B03G00195290","TraesNOR1B03G00195290","protein","C1-",1,"negative"
"prot__TraesNOR1B03G00197460","TraesNOR1B03G00197460","protein","C2+",2,"positive"
"prot__TraesNOR1B03G00226070","TraesNOR1B03G00226070","protein","C1-",1,"negative"
"prot__TraesNOR1B03G00229270","TraesNOR1B03G00229270","protein","C1-",1,"negative"
"prot__TraesNOR1B03G00229970","TraesNOR1B03G00229970","protein","C1-",1,"negative"
"prot__TraesNOR1B03G00230850","TraesNOR1B03G00230850","protein","C2+",2,"positive"
"prot__TraesNOR1B03G00234640","TraesNOR1B03G00234640","protein","C1+",1,"positive"
"prot__TraesNOR1B03G00234780","TraesNOR1B03G00234780","protein","C2-",2,"negative"
"prot__TraesNOR1B03G00236930","TraesNOR1B03G00236930","protein","C2+",2,"positive"
"prot__TraesNOR1B03G00237580","TraesNOR1B03G00237580","protein","C2+",2,"positive"
"prot__TraesNOR1B03G00238290","TraesNOR1B03G00238290","protein","C2-",2,"negative"
"prot__TraesNOR1B03G00239450","TraesNOR1B03G00239450","protein","C1-",1,"negative"
"prot__TraesNOR1B03G00242170","TraesNOR1B03G00242170","protein","C1-",1,"negative"
"prot__TraesNOR1B03G00242240","TraesNOR1B03G00242240","protein","C2+",2,"positive"
"prot__TraesNOR1B03G00242470","TraesNOR1B03G00242470","protein","C1-",1,"negative"
"prot__TraesNOR1B03G00242860","TraesNOR1B03G00242860","protein","C1-",1,"negative"
"prot__TraesNOR1B03G00244310","TraesNOR1B03G00244310","protein","C2+",2,"positive"
"prot__TraesNOR1B03G00249330","TraesNOR1B03G00249330","protein","C1-",1,"negative"
"prot__TraesNOR1B03G00249890","TraesNOR1B03G00249890","protein","C2+",2,"positive"
"prot__TraesNOR1B03G00250480","TraesNOR1B03G00250480","protein","C2+",2,"positive"
"prot__TraesNOR1B03G00254860","TraesNOR1B03G00254860","protein","C2+",2,"positive"
"prot__TraesNOR1B03G00259460","TraesNOR1B03G00259460","protein","C2+",2,"positive"
"prot__TraesNOR1B03G00259750","TraesNOR1B03G00259750","protein","C2-",2,"negative"
"prot__TraesNOR1B03G00282450","TraesNOR1B03G00282450","protein","C1-",1,"negative"
"prot__TraesNOR1B03G00282750","TraesNOR1B03G00282750","protein","C2+",2,"positive"
"prot__TraesNOR1B03G00282880","TraesNOR1B03G00282880","protein","C1-",1,"negative"
"prot__TraesNOR1B03G00285610","TraesNOR1B03G00285610","protein","C2+",2,"positive"
"prot__TraesNOR1B03G00285760","TraesNOR1B03G00285760","protein","C2+",2,"positive"
"prot__TraesNOR1B03G00285810","TraesNOR1B03G00285810","protein","C2-",2,"negative"
"prot__TraesNOR1B03G00287620","TraesNOR1B03G00287620","protein","C1-",1,"negative"
"prot__TraesNOR1B03G00288540","TraesNOR1B03G00288540","protein","C1-",1,"negative"
"prot__TraesNOR1B03G00288860","TraesNOR1B03G00288860","protein","C2-",2,"negative"
"prot__TraesNOR1B03G00289280","TraesNOR1B03G00289280","protein","C2+",2,"positive"
"prot__TraesNOR1B03G00289380","TraesNOR1B03G00289380","protein","C1+",1,"positive"
"prot__TraesNOR1B03G00291340","TraesNOR1B03G00291340","protein","C1+",1,"positive"
"prot__TraesNOR1B03G00293230","TraesNOR1B03G00293230","protein","C2+",2,"positive"
"prot__TraesNOR1B03G00293540","TraesNOR1B03G00293540","protein","C2+",2,"positive"
"prot__TraesNOR1B03G00294300","TraesNOR1B03G00294300","protein","C1-",1,"negative"
"prot__TraesNOR1B03G00294430","TraesNOR1B03G00294430","protein","C1-",1,"negative"
"prot__TraesNOR1B03G00296960","TraesNOR1B03G00296960","protein","C1-",1,"negative"
"prot__TraesNOR1B03G00297120","TraesNOR1B03G00297120","protein","C1+",1,"positive"
"prot__TraesNOR1B03G00298330","TraesNOR1B03G00298330","protein","C1-",1,"negative"
"prot__TraesNOR1B03G00298860","TraesNOR1B03G00298860","protein","C1-",1,"negative"
"prot__TraesNOR1B03G00307410","TraesNOR1B03G00307410","protein","C2+",2,"positive"
"prot__TraesNOR1B03G00307660","TraesNOR1B03G00307660","protein","C2+",2,"positive"
"prot__TraesNOR1B03G00310070","TraesNOR1B03G00310070","protein","C1-",1,"negative"
"prot__TraesNOR1B03G00312280","TraesNOR1B03G00312280","protein","C2+",2,"positive"
"prot__TraesNOR1B03G00314010","TraesNOR1B03G00314010","protein","C1+",1,"positive"
"prot__TraesNOR1B03G00315490","TraesNOR1B03G00315490","protein","C1-",1,"negative"
"prot__TraesNOR1B03G00315880","TraesNOR1B03G00315880","protein","C1-",1,"negative"
"prot__TraesNOR1B03G00317210","TraesNOR1B03G00317210","protein","C1-",1,"negative"
"prot__TraesNOR1B03G00318070","TraesNOR1B03G00318070","protein","C2+",2,"positive"
"prot__TraesNOR1B03G00319390","TraesNOR1B03G00319390","protein","C2+",2,"positive"
"prot__TraesNOR1B03G00319580","TraesNOR1B03G00319580","protein","C2+",2,"positive"
"prot__TraesNOR1B03G00319600","TraesNOR1B03G00319600","protein","C2+",2,"positive"
"prot__TraesNOR1B03G00319940","TraesNOR1B03G00319940","protein","C2+",2,"positive"
"prot__TraesNOR1B03G00320220","TraesNOR1B03G00320220","protein","C1-",1,"negative"
"prot__TraesNOR1B03G00320450","TraesNOR1B03G00320450","protein","C1-",1,"negative"
"prot__TraesNOR1B03G00320990","TraesNOR1B03G00320990","protein","C1-",1,"negative"
"prot__TraesNOR1B03G00321210","TraesNOR1B03G00321210","protein","C1-",1,"negative"
"prot__TraesNOR1B03G00321320","TraesNOR1B03G00321320","protein","C1+",1,"positive"
"prot__TraesNOR1B03G00323430","TraesNOR1B03G00323430","protein","C1-",1,"negative"
"prot__TraesNOR1B03G00324190","TraesNOR1B03G00324190","protein","C1-",1,"negative"
"prot__TraesNOR1B03G00324510","TraesNOR1B03G00324510","protein","C2+",2,"positive"
"prot__TraesNOR1B03G00324530","TraesNOR1B03G00324530","protein","C2-",2,"negative"
"prot__TraesNOR1B03G00325130","TraesNOR1B03G00325130","protein","C2-",2,"negative"
"prot__TraesNOR1B03G00327040","TraesNOR1B03G00327040","protein","C1+",1,"positive"
"prot__TraesNOR1B03G00330410","TraesNOR1B03G00330410","protein","C2+",2,"positive"
"prot__TraesNOR1B03G00333140","TraesNOR1B03G00333140","protein","C1-",1,"negative"
"prot__TraesNOR1B03G00333330","TraesNOR1B03G00333330","protein","C1-",1,"negative"
"prot__TraesNOR1B03G00334270","TraesNOR1B03G00334270","protein","C1-",1,"negative"
"prot__TraesNOR1B03G00334490","TraesNOR1B03G00334490","protein","C1+",1,"positive"
"prot__TraesNOR1B03G00336290","TraesNOR1B03G00336290","protein","C2-",2,"negative"
"prot__TraesNOR1B03G00340190","TraesNOR1B03G00340190","protein","C1-",1,"negative"
"prot__TraesNOR1B03G00341760","TraesNOR1B03G00341760","protein","C2+",2,"positive"
"prot__TraesNOR1B03G00343110","TraesNOR1B03G00343110","protein","C1-",1,"negative"
"prot__TraesNOR1B03G00343950","TraesNOR1B03G00343950","protein","C2-",2,"negative"
"prot__TraesNOR1B03G00345930","TraesNOR1B03G00345930","protein","C1-",1,"negative"
"prot__TraesNOR1B03G00349960","TraesNOR1B03G00349960","protein","C1-",1,"negative"
"prot__TraesNOR1B03G00351220","TraesNOR1B03G00351220","protein","C2+",2,"positive"
"prot__TraesNOR1B03G00353620","TraesNOR1B03G00353620","protein","C2-",2,"negative"
"prot__TraesNOR1B03G00356050","TraesNOR1B03G00356050","protein","C2+",2,"positive"
"prot__TraesNOR1B03G00357190","TraesNOR1B03G00357190","protein","C1+",1,"positive"
"prot__TraesNOR1B03G00358610","TraesNOR1B03G00358610","protein","C1-",1,"negative"
"prot__TraesNOR1B03G00358800","TraesNOR1B03G00358800","protein","C2-",2,"negative"
"prot__TraesNOR1B03G00359090","TraesNOR1B03G00359090","protein","C2+",2,"positive"
"prot__TraesNOR1B03G00359220","TraesNOR1B03G00359220","protein","C2+",2,"positive"
"prot__TraesNOR1B03G00360200","TraesNOR1B03G00360200","protein","C2+",2,"positive"
"prot__TraesNOR1B03G00361950","TraesNOR1B03G00361950","protein","C1-",1,"negative"
"prot__TraesNOR1B03G00365010","TraesNOR1B03G00365010","protein","C1-",1,"negative"
"prot__TraesNOR1B03G00365330","TraesNOR1B03G00365330","protein","C2+",2,"positive"
"prot__TraesNOR1B03G00366300","TraesNOR1B03G00366300","protein","C1+",1,"positive"
"prot__TraesNOR1B03G00367870","TraesNOR1B03G00367870","protein","C1-",1,"negative"
"prot__TraesNOR1B03G00368050","TraesNOR1B03G00368050","protein","C2+",2,"positive"
"prot__TraesNOR1B03G00369510","TraesNOR1B03G00369510","protein","C1+",1,"positive"
"prot__TraesNOR1B03G00370470","TraesNOR1B03G00370470","protein","C1-",1,"negative"
"prot__TraesNOR1B03G00372650","TraesNOR1B03G00372650","protein","C2-",2,"negative"
"prot__TraesNOR1B03G00374780","TraesNOR1B03G00374780","protein","C2+",2,"positive"
"prot__TraesNOR1B03G00374900","TraesNOR1B03G00374900","protein","C1-",1,"negative"
"prot__TraesNOR1B03G00379730","TraesNOR1B03G00379730","protein","C2+",2,"positive"
"prot__TraesNOR1B03G00382690","TraesNOR1B03G00382690","protein","C1-",1,"negative"
"prot__TraesNOR1B03G00383010","TraesNOR1B03G00383010","protein","C2+",2,"positive"
"prot__TraesNOR1B03G00385700","TraesNOR1B03G00385700","protein","C2+",2,"positive"
"prot__TraesNOR1B03G00389890","TraesNOR1B03G00389890","protein","C1-",1,"negative"
"prot__TraesNOR1B03G00391060","TraesNOR1B03G00391060","protein","C2-",2,"negative"
"prot__TraesNOR1B03G00391450","TraesNOR1B03G00391450","protein","C2+",2,"positive"
"prot__TraesNOR1B03G00392280","TraesNOR1B03G00392280","protein","C2-",2,"negative"
"prot__TraesNOR1B03G00392670","TraesNOR1B03G00392670","protein","C1-",1,"negative"
"prot__TraesNOR1B03G00392730","TraesNOR1B03G00392730","protein","C2+",2,"positive"
"prot__TraesNOR1B03G00392950","TraesNOR1B03G00392950","protein","C2+",2,"positive"
"prot__TraesNOR1B03G00393760","TraesNOR1B03G00393760","protein","C1-",1,"negative"
"prot__TraesNOR1B03G00394260","TraesNOR1B03G00394260","protein","C1+",1,"positive"
"prot__TraesNOR1B03G00394470","TraesNOR1B03G00394470","protein","C2+",2,"positive"
"prot__TraesNOR1B03G00395170","TraesNOR1B03G00395170","protein","C1+",1,"positive"
"prot__TraesNOR1B03G00396970","TraesNOR1B03G00396970","protein","C1+",1,"positive"
"prot__TraesNOR1B03G00398290","TraesNOR1B03G00398290","protein","C2+",2,"positive"
"prot__TraesNOR1B03G00399870","TraesNOR1B03G00399870","protein","C2+",2,"positive"
"prot__TraesNOR1B03G00403370","TraesNOR1B03G00403370","protein","C1-",1,"negative"
"prot__TraesNOR1B03G00403960","TraesNOR1B03G00403960","protein","C2+",2,"positive"
"prot__TraesNOR1B03G00404840","TraesNOR1B03G00404840","protein","C1-",1,"negative"
"prot__TraesNOR1B03G00406890","TraesNOR1B03G00406890","protein","C2+",2,"positive"
"prot__TraesNOR1B03G00407510","TraesNOR1B03G00407510","protein","C2-",2,"negative"
"prot__TraesNOR1B03G00407550","TraesNOR1B03G00407550","protein","C2+",2,"positive"
"prot__TraesNOR1B03G00408180","TraesNOR1B03G00408180","protein","C1-",1,"negative"
"prot__TraesNOR1D03G00412110","TraesNOR1D03G00412110","protein","C2+",2,"positive"
"prot__TraesNOR1D03G00412150","TraesNOR1D03G00412150","protein","C2+",2,"positive"
"prot__TraesNOR1D03G00414390","TraesNOR1D03G00414390","protein","C2+",2,"positive"
"prot__TraesNOR1D03G00414850","TraesNOR1D03G00414850","protein","C1+",1,"positive"
"prot__TraesNOR1D03G00416320","TraesNOR1D03G00416320","protein","C1-",1,"negative"
"prot__TraesNOR1D03G00417330","TraesNOR1D03G00417330","protein","C1-",1,"negative"
"prot__TraesNOR1D03G00418940","TraesNOR1D03G00418940","protein","C1-",1,"negative"
"prot__TraesNOR1D03G00419270","TraesNOR1D03G00419270","protein","C1-",1,"negative"
"prot__TraesNOR1D03G00421070","TraesNOR1D03G00421070","protein","C2+",2,"positive"
"prot__TraesNOR1D03G00422330","TraesNOR1D03G00422330","protein","C1-",1,"negative"
"prot__TraesNOR1D03G00425410","TraesNOR1D03G00425410","protein","C1-",1,"negative"
"prot__TraesNOR1D03G00426030","TraesNOR1D03G00426030","protein","C1-",1,"negative"
"prot__TraesNOR1D03G00430310","TraesNOR1D03G00430310","protein","C2-",2,"negative"
"prot__TraesNOR1D03G00430460","TraesNOR1D03G00430460","protein","C1-",1,"negative"
"prot__TraesNOR1D03G00431960","TraesNOR1D03G00431960","protein","C2-",2,"negative"
"prot__TraesNOR1D03G00434300","TraesNOR1D03G00434300","protein","C2-",2,"negative"
"prot__TraesNOR1D03G00436550","TraesNOR1D03G00436550","protein","C1-",1,"negative"
"prot__TraesNOR1D03G00438010","TraesNOR1D03G00438010","protein","C1-",1,"negative"
"prot__TraesNOR1D03G00439310","TraesNOR1D03G00439310","protein","C2-",2,"negative"
"prot__TraesNOR1D03G00440140","TraesNOR1D03G00440140","protein","C2+",2,"positive"
"prot__TraesNOR1D03G00440490","TraesNOR1D03G00440490","protein","C2+",2,"positive"
"prot__TraesNOR1D03G00443970","TraesNOR1D03G00443970","protein","C1-",1,"negative"
"prot__TraesNOR1D03G00447350","TraesNOR1D03G00447350","protein","C1-",1,"negative"
"prot__TraesNOR1D03G00448030","TraesNOR1D03G00448030","protein","C1-",1,"negative"
"prot__TraesNOR1D03G00449040","TraesNOR1D03G00449040","protein","C1-",1,"negative"
"prot__TraesNOR1D03G00450150","TraesNOR1D03G00450150","protein","C2+",2,"positive"
"prot__TraesNOR1D03G00450240","TraesNOR1D03G00450240","protein","C2-",2,"negative"
"prot__TraesNOR1D03G00450270","TraesNOR1D03G00450270","protein","C1-",1,"negative"
"prot__TraesNOR1D03G00450460","TraesNOR1D03G00450460","protein","C2+",2,"positive"
"prot__TraesNOR1D03G00450770","TraesNOR1D03G00450770","protein","C2+",2,"positive"
"prot__TraesNOR1D03G00451180","TraesNOR1D03G00451180","protein","C2+",2,"positive"
"prot__TraesNOR1D03G00451450","TraesNOR1D03G00451450","protein","C1-",1,"negative"
"prot__TraesNOR1D03G00452860","TraesNOR1D03G00452860","protein","C2-",2,"negative"
"prot__TraesNOR1D03G00452910","TraesNOR1D03G00452910","protein","C2+",2,"positive"
"prot__TraesNOR1D03G00454070","TraesNOR1D03G00454070","protein","C1-",1,"negative"
"prot__TraesNOR1D03G00455110","TraesNOR1D03G00455110","protein","C2-",2,"negative"
"prot__TraesNOR1D03G00457470","TraesNOR1D03G00457470","protein","C1-",1,"negative"
"prot__TraesNOR1D03G00458560","TraesNOR1D03G00458560","protein","C2+",2,"positive"
"prot__TraesNOR1D03G00459600","TraesNOR1D03G00459600","protein","C1-",1,"negative"
"prot__TraesNOR1D03G00464580","TraesNOR1D03G00464580","protein","C2+",2,"positive"
"prot__TraesNOR1D03G00468600","TraesNOR1D03G00468600","protein","C1-",1,"negative"
"prot__TraesNOR1D03G00469470","TraesNOR1D03G00469470","protein","C1+",1,"positive"
"prot__TraesNOR1D03G00473300","TraesNOR1D03G00473300","protein","C1-",1,"negative"
"prot__TraesNOR1D03G00473580","TraesNOR1D03G00473580","protein","C1-",1,"negative"
"prot__TraesNOR1D03G00473690","TraesNOR1D03G00473690","protein","C1-",1,"negative"
"prot__TraesNOR1D03G00474450","TraesNOR1D03G00474450","protein","C2-",2,"negative"
"prot__TraesNOR1D03G00474970","TraesNOR1D03G00474970","protein","C1-",1,"negative"
"prot__TraesNOR1D03G00475180","TraesNOR1D03G00475180","protein","C1-",1,"negative"
"prot__TraesNOR1D03G00475390","TraesNOR1D03G00475390","protein","C2+",2,"positive"
"prot__TraesNOR1D03G00475670","TraesNOR1D03G00475670","protein","C1-",1,"negative"
"prot__TraesNOR1D03G00476010","TraesNOR1D03G00476010","protein","C2+",2,"positive"
"prot__TraesNOR1D03G00477090","TraesNOR1D03G00477090","protein","C2+",2,"positive"
"prot__TraesNOR1D03G00477450","TraesNOR1D03G00477450","protein","C1-",1,"negative"
"prot__TraesNOR1D03G00479210","TraesNOR1D03G00479210","protein","C1-",1,"negative"
"prot__TraesNOR1D03G00481140","TraesNOR1D03G00481140","protein","C2+",2,"positive"
"prot__TraesNOR1D03G00481300","TraesNOR1D03G00481300","protein","C2+",2,"positive"
"prot__TraesNOR1D03G00481380","TraesNOR1D03G00481380","protein","C1-",1,"negative"
"prot__TraesNOR1D03G00481480","TraesNOR1D03G00481480","protein","C1+",1,"positive"
"prot__TraesNOR1D03G00481820","TraesNOR1D03G00481820","protein","C2+",2,"positive"
"prot__TraesNOR1D03G00483520","TraesNOR1D03G00483520","protein","C1-",1,"negative"
"prot__TraesNOR1D03G00484040","TraesNOR1D03G00484040","protein","C2+",2,"positive"
"prot__TraesNOR1D03G00484350","TraesNOR1D03G00484350","protein","C1-",1,"negative"
"prot__TraesNOR1D03G00484900","TraesNOR1D03G00484900","protein","C1-",1,"negative"
"prot__TraesNOR1D03G00485120","TraesNOR1D03G00485120","protein","C1+",1,"positive"
"prot__TraesNOR1D03G00485470","TraesNOR1D03G00485470","protein","C2-",2,"negative"
"prot__TraesNOR1D03G00485520","TraesNOR1D03G00485520","protein","C1-",1,"negative"
"prot__TraesNOR1D03G00485600","TraesNOR1D03G00485600","protein","C2+",2,"positive"
"prot__TraesNOR1D03G00486080","TraesNOR1D03G00486080","protein","C1-",1,"negative"
"prot__TraesNOR1D03G00486220","TraesNOR1D03G00486220","protein","C2-",2,"negative"
"prot__TraesNOR1D03G00488630","TraesNOR1D03G00488630","protein","C1+",1,"positive"
"prot__TraesNOR1D03G00488730","TraesNOR1D03G00488730","protein","C2+",2,"positive"
"prot__TraesNOR1D03G00489710","TraesNOR1D03G00489710","protein","C2+",2,"positive"
"prot__TraesNOR1D03G00490520","TraesNOR1D03G00490520","protein","C2+",2,"positive"
"prot__TraesNOR1D03G00492000","TraesNOR1D03G00492000","protein","C1-",1,"negative"
"prot__TraesNOR1D03G00492490","TraesNOR1D03G00492490","protein","C1-",1,"negative"
"prot__TraesNOR1D03G00493390","TraesNOR1D03G00493390","protein","C2+",2,"positive"
"prot__TraesNOR1D03G00494070","TraesNOR1D03G00494070","protein","C2+",2,"positive"
"prot__TraesNOR1D03G00495040","TraesNOR1D03G00495040","protein","C1-",1,"negative"
"prot__TraesNOR1D03G00495220","TraesNOR1D03G00495220","protein","C2+",2,"positive"
"prot__TraesNOR1D03G00495400","TraesNOR1D03G00495400","protein","C1-",1,"negative"
"prot__TraesNOR1D03G00496400","TraesNOR1D03G00496400","protein","C2+",2,"positive"
"prot__TraesNOR1D03G00496850","TraesNOR1D03G00496850","protein","C1-",1,"negative"
"prot__TraesNOR1D03G00496970","TraesNOR1D03G00496970","protein","C1+",1,"positive"
"prot__TraesNOR1D03G00497930","TraesNOR1D03G00497930","protein","C1-",1,"negative"
"prot__TraesNOR1D03G00497940","TraesNOR1D03G00497940","protein","C1-",1,"negative"
"prot__TraesNOR1D03G00498420","TraesNOR1D03G00498420","protein","C1-",1,"negative"
"prot__TraesNOR1D03G00498510","TraesNOR1D03G00498510","protein","C1-",1,"negative"
"prot__TraesNOR1D03G00498940","TraesNOR1D03G00498940","protein","C2+",2,"positive"
"prot__TraesNOR1D03G00498950","TraesNOR1D03G00498950","protein","C1-",1,"negative"
"prot__TraesNOR1D03G00499060","TraesNOR1D03G00499060","protein","C2+",2,"positive"
"prot__TraesNOR1D03G00499250","TraesNOR1D03G00499250","protein","C1-",1,"negative"
"prot__TraesNOR1D03G00499540","TraesNOR1D03G00499540","protein","C2+",2,"positive"
"prot__TraesNOR1D03G00501300","TraesNOR1D03G00501300","protein","C2+",2,"positive"
"prot__TraesNOR1D03G00501610","TraesNOR1D03G00501610","protein","C2+",2,"positive"
"prot__TraesNOR1D03G00501630","TraesNOR1D03G00501630","protein","C1-",1,"negative"
"prot__TraesNOR1D03G00503500","TraesNOR1D03G00503500","protein","C2-",2,"negative"
"prot__TraesNOR1D03G00503620","TraesNOR1D03G00503620","protein","C2+",2,"positive"
"prot__TraesNOR1D03G00504550","TraesNOR1D03G00504550","protein","C2-",2,"negative"
"prot__TraesNOR1D03G00504580","TraesNOR1D03G00504580","protein","C1-",1,"negative"
"prot__TraesNOR1D03G00505950","TraesNOR1D03G00505950","protein","C1-",1,"negative"
"prot__TraesNOR1D03G00506110","TraesNOR1D03G00506110","protein","C2+",2,"positive"
"prot__TraesNOR1D03G00506270","TraesNOR1D03G00506270","protein","C1+",1,"positive"
"prot__TraesNOR1D03G00506470","TraesNOR1D03G00506470","protein","C1-",1,"negative"
"prot__TraesNOR1D03G00507170","TraesNOR1D03G00507170","protein","C2+",2,"positive"
"prot__TraesNOR1D03G00507450","TraesNOR1D03G00507450","protein","C1-",1,"negative"
"prot__TraesNOR1D03G00507800","TraesNOR1D03G00507800","protein","C1-",1,"negative"
"prot__TraesNOR1D03G00507900","TraesNOR1D03G00507900","protein","C2-",2,"negative"
"prot__TraesNOR1D03G00508310","TraesNOR1D03G00508310","protein","C1-",1,"negative"
"prot__TraesNOR1D03G00508590","TraesNOR1D03G00508590","protein","C2+",2,"positive"
"prot__TraesNOR1D03G00508700","TraesNOR1D03G00508700","protein","C2+",2,"positive"
"prot__TraesNOR1D03G00509300","TraesNOR1D03G00509300","protein","C1-",1,"negative"
"prot__TraesNOR1D03G00510260","TraesNOR1D03G00510260","protein","C1-",1,"negative"
"prot__TraesNOR1D03G00511430","TraesNOR1D03G00511430","protein","C2+",2,"positive"
"prot__TraesNOR1D03G00512160","TraesNOR1D03G00512160","protein","C2+",2,"positive"
"prot__TraesNOR1D03G00512360","TraesNOR1D03G00512360","protein","C2+",2,"positive"
"prot__TraesNOR1D03G00512440","TraesNOR1D03G00512440","protein","C1+",1,"positive"
"prot__TraesNOR1D03G00512780","TraesNOR1D03G00512780","protein","C2+",2,"positive"
"prot__TraesNOR1D03G00512880","TraesNOR1D03G00512880","protein","C1-",1,"negative"
"prot__TraesNOR1D03G00515070","TraesNOR1D03G00515070","protein","C2+",2,"positive"
"prot__TraesNOR1D03G00515320","TraesNOR1D03G00515320","protein","C1-",1,"negative"
"prot__TraesNOR1D03G00515610","TraesNOR1D03G00515610","protein","C2-",2,"negative"
"prot__TraesNOR1D03G00516230","TraesNOR1D03G00516230","protein","C2-",2,"negative"
"prot__TraesNOR1D03G00516240","TraesNOR1D03G00516240","protein","C2+",2,"positive"
"prot__TraesNOR1D03G00516480","TraesNOR1D03G00516480","protein","C1-",1,"negative"
"prot__TraesNOR1D03G00516630","TraesNOR1D03G00516630","protein","C1-",1,"negative"
"prot__TraesNOR1D03G00517260","TraesNOR1D03G00517260","protein","C2+",2,"positive"
"prot__TraesNOR1D03G00517440","TraesNOR1D03G00517440","protein","C2+",2,"positive"
"prot__TraesNOR1D03G00518120","TraesNOR1D03G00518120","protein","C1+",1,"positive"
"prot__TraesNOR1D03G00518760","TraesNOR1D03G00518760","protein","C1-",1,"negative"
"prot__TraesNOR1D03G00519560","TraesNOR1D03G00519560","protein","C2-",2,"negative"
"prot__TraesNOR1D03G00519570","TraesNOR1D03G00519570","protein","C1-",1,"negative"
"prot__TraesNOR1D03G00519730","TraesNOR1D03G00519730","protein","C1-",1,"negative"
"prot__TraesNOR1D03G00520170","TraesNOR1D03G00520170","protein","C1-",1,"negative"
"prot__TraesNOR1D03G00520500","TraesNOR1D03G00520500","protein","C1-",1,"negative"
"prot__TraesNOR1D03G00521040","TraesNOR1D03G00521040","protein","C1-",1,"negative"
"prot__TraesNOR1D03G00521460","TraesNOR1D03G00521460","protein","C1-",1,"negative"
"prot__TraesNOR1D03G00521980","TraesNOR1D03G00521980","protein","C1-",1,"negative"
"prot__TraesNOR1D03G00522660","TraesNOR1D03G00522660","protein","C2+",2,"positive"
"prot__TraesNOR1D03G00523420","TraesNOR1D03G00523420","protein","C2-",2,"negative"
"prot__TraesNOR1D03G00523600","TraesNOR1D03G00523600","protein","C1+",1,"positive"
"prot__TraesNOR1D03G00523950","TraesNOR1D03G00523950","protein","C1-",1,"negative"
"prot__TraesNOR1D03G00524020","TraesNOR1D03G00524020","protein","C1-",1,"negative"
"prot__TraesNOR1D03G00524950","TraesNOR1D03G00524950","protein","C1-",1,"negative"
"prot__TraesNOR1D03G00525520","TraesNOR1D03G00525520","protein","C2+",2,"positive"
"prot__TraesNOR1D03G00525700","TraesNOR1D03G00525700","protein","C2+",2,"positive"
"prot__TraesNOR1D03G00526770","TraesNOR1D03G00526770","protein","C1-",1,"negative"
"prot__TraesNOR1D03G00526790","TraesNOR1D03G00526790","protein","C2+",2,"positive"
"prot__TraesNOR1D03G00527040","TraesNOR1D03G00527040","protein","C1-",1,"negative"
"prot__TraesNOR1D03G00528020","TraesNOR1D03G00528020","protein","C1+",1,"positive"
"prot__TraesNOR1D03G00528600","TraesNOR1D03G00528600","protein","C1-",1,"negative"
"prot__TraesNOR1D03G00528780","TraesNOR1D03G00528780","protein","C1+",1,"positive"
"prot__TraesNOR1D03G00529000","TraesNOR1D03G00529000","protein","C1+",1,"positive"
"prot__TraesNOR1D03G00529300","TraesNOR1D03G00529300","protein","C1-",1,"negative"
"prot__TraesNOR1D03G00529320","TraesNOR1D03G00529320","protein","C1-",1,"negative"
"prot__TraesNOR1D03G00529730","TraesNOR1D03G00529730","protein","C1-",1,"negative"
"prot__TraesNOR1D03G00531460","TraesNOR1D03G00531460","protein","C2+",2,"positive"
"prot__TraesNOR1D03G00534420","TraesNOR1D03G00534420","protein","C1-",1,"negative"
"prot__TraesNOR1D03G00534730","TraesNOR1D03G00534730","protein","C1-",1,"negative"
"prot__TraesNOR1D03G00536040","TraesNOR1D03G00536040","protein","C2+",2,"positive"
"prot__TraesNOR1D03G00536150","TraesNOR1D03G00536150","protein","C2+",2,"positive"
"prot__TraesNOR1D03G00537970","TraesNOR1D03G00537970","protein","C1-",1,"negative"
"prot__TraesNOR1D03G00538100","TraesNOR1D03G00538100","protein","C1-",1,"negative"
"prot__TraesNOR1D03G00538880","TraesNOR1D03G00538880","protein","C2+",2,"positive"
"prot__TraesNOR1D03G00539210","TraesNOR1D03G00539210","protein","C2+",2,"positive"
"prot__TraesNOR1D03G00540160","TraesNOR1D03G00540160","protein","C2+",2,"positive"
"prot__TraesNOR1D03G00542090","TraesNOR1D03G00542090","protein","C1+",1,"positive"
"prot__TraesNOR1D03G00542670","TraesNOR1D03G00542670","protein","C2+",2,"positive"
"prot__TraesNOR1D03G00542880","TraesNOR1D03G00542880","protein","C1-",1,"negative"
"prot__TraesNOR1D03G00543260","TraesNOR1D03G00543260","protein","C1-",1,"negative"
"prot__TraesNOR1D03G00545270","TraesNOR1D03G00545270","protein","C1-",1,"negative"
"prot__TraesNOR1D03G00545850","TraesNOR1D03G00545850","protein","C2+",2,"positive"
"prot__TraesNOR1D03G00547240","TraesNOR1D03G00547240","protein","C1+",1,"positive"
"prot__TraesNOR1D03G00547610","TraesNOR1D03G00547610","protein","C1-",1,"negative"
"prot__TraesNOR1D03G00548030","TraesNOR1D03G00548030","protein","C1-",1,"negative"
"prot__TraesNOR1D03G00549610","TraesNOR1D03G00549610","protein","C1-",1,"negative"
"prot__TraesNOR1D03G00549630","TraesNOR1D03G00549630","protein","C2+",2,"positive"
"prot__TraesNOR1D03G00550830","TraesNOR1D03G00550830","protein","C1-",1,"negative"
"prot__TraesNOR1D03G00550860","TraesNOR1D03G00550860","protein","C2+",2,"positive"
"prot__TraesNOR1D03G00551160","TraesNOR1D03G00551160","protein","C2+",2,"positive"
"prot__TraesNOR1D03G00552200","TraesNOR1D03G00552200","protein","C1-",1,"negative"
"prot__TraesNOR1D03G00552350","TraesNOR1D03G00552350","protein","C2+",2,"positive"
"prot__TraesNOR1D03G00552620","TraesNOR1D03G00552620","protein","C1-",1,"negative"
"prot__TraesNOR1D03G00552870","TraesNOR1D03G00552870","protein","C1-",1,"negative"
"prot__TraesNOR1D03G00554070","TraesNOR1D03G00554070","protein","C2+",2,"positive"
"prot__TraesNOR1D03G00554210","TraesNOR1D03G00554210","protein","C2+",2,"positive"
"prot__TraesNOR1D03G00554230","TraesNOR1D03G00554230","protein","C2+",2,"positive"
"prot__TraesNOR1D03G00556850","TraesNOR1D03G00556850","protein","C1-",1,"negative"
"prot__TraesNOR1D03G00557220","TraesNOR1D03G00557220","protein","C1-",1,"negative"
"prot__TraesNOR1D03G00559030","TraesNOR1D03G00559030","protein","C2+",2,"positive"
"prot__TraesNOR1D03G00559740","TraesNOR1D03G00559740","protein","C2+",2,"positive"
"prot__TraesNOR1D03G00559750","TraesNOR1D03G00559750","protein","C2-",2,"negative"
"prot__TraesNOR1D03G00561750","TraesNOR1D03G00561750","protein","C2+",2,"positive"
"prot__TraesNOR1D03G00562880","TraesNOR1D03G00562880","protein","C1+",1,"positive"
"prot__TraesNOR1D03G00563820","TraesNOR1D03G00563820","protein","C1-",1,"negative"
"prot__TraesNOR1D03G00564570","TraesNOR1D03G00564570","protein","C2+",2,"positive"
"prot__TraesNOR1D03G00565840","TraesNOR1D03G00565840","protein","C2+",2,"positive"
"prot__TraesNOR1D03G00565850","TraesNOR1D03G00565850","protein","C2+",2,"positive"
"prot__TraesNOR1D03G00567350","TraesNOR1D03G00567350","protein","C1-",1,"negative"
"prot__TraesNOR1D03G00568510","TraesNOR1D03G00568510","protein","C1-",1,"negative"
"prot__TraesNOR1D03G00568590","TraesNOR1D03G00568590","protein","C1+",1,"positive"
"prot__TraesNOR1D03G00569440","TraesNOR1D03G00569440","protein","C2+",2,"positive"
"prot__TraesNOR1D03G00570400","TraesNOR1D03G00570400","protein","C1+",1,"positive"
"prot__TraesNOR1D03G00570420","TraesNOR1D03G00570420","protein","C2+",2,"positive"
"prot__TraesNOR1D03G00571700","TraesNOR1D03G00571700","protein","C1-",1,"negative"
"prot__TraesNOR1D03G00572050","TraesNOR1D03G00572050","protein","C1-",1,"negative"
"prot__TraesNOR1D03G00572410","TraesNOR1D03G00572410","protein","C2+",2,"positive"
"prot__TraesNOR1D03G00573080","TraesNOR1D03G00573080","protein","C1+",1,"positive"
"prot__TraesNOR1D03G00573580","TraesNOR1D03G00573580","protein","C1+",1,"positive"
"prot__TraesNOR1D03G00576230","TraesNOR1D03G00576230","protein","C1-",1,"negative"
"prot__TraesNOR1D03G00576590","TraesNOR1D03G00576590","protein","C1-",1,"negative"
"prot__TraesNOR1D03G00576890","TraesNOR1D03G00576890","protein","C2+",2,"positive"
"prot__TraesNOR1D03G00577470","TraesNOR1D03G00577470","protein","C1-",1,"negative"
"prot__TraesNOR1D03G00577600","TraesNOR1D03G00577600","protein","C1+",1,"positive"
"prot__TraesNOR1D03G00577680","TraesNOR1D03G00577680","protein","C1-",1,"negative"
"prot__TraesNOR1D03G00578780","TraesNOR1D03G00578780","protein","C2+",2,"positive"
"prot__TraesNOR1D03G00579920","TraesNOR1D03G00579920","protein","C2+",2,"positive"
"prot__TraesNOR1D03G00579960","TraesNOR1D03G00579960","protein","C2+",2,"positive"
"prot__TraesNOR1D03G00582140","TraesNOR1D03G00582140","protein","C1+",1,"positive"
"prot__TraesNOR1D03G00582370","TraesNOR1D03G00582370","protein","C1-",1,"negative"
"prot__TraesNOR1D03G00582660","TraesNOR1D03G00582660","protein","C2+",2,"positive"
"prot__TraesNOR1D03G00583700","TraesNOR1D03G00583700","protein","C1-",1,"negative"
"prot__TraesNOR1D03G00584560","TraesNOR1D03G00584560","protein","C2+",2,"positive"
"prot__TraesNOR1D03G00584650","TraesNOR1D03G00584650","protein","C1-",1,"negative"
"prot__TraesNOR1D03G00584660","TraesNOR1D03G00584660","protein","C1+",1,"positive"
"prot__TraesNOR1D03G00584900","TraesNOR1D03G00584900","protein","C1-",1,"negative"
"prot__TraesNOR1D03G00585260","TraesNOR1D03G00585260","protein","C2-",2,"negative"
"prot__TraesNOR1D03G00585910","TraesNOR1D03G00585910","protein","C2+",2,"positive"
"prot__TraesNOR2A03G00587840","TraesNOR2A03G00587840","protein","C2+",2,"positive"
"prot__TraesNOR2A03G00588000","TraesNOR2A03G00588000","protein","C1-",1,"negative"
"prot__TraesNOR2A03G00590020","TraesNOR2A03G00590020","protein","C1-",1,"negative"
"prot__TraesNOR2A03G00594530","TraesNOR2A03G00594530","protein","C2+",2,"positive"
"prot__TraesNOR2A03G00594550","TraesNOR2A03G00594550","protein","C2+",2,"positive"
"prot__TraesNOR2A03G00594610","TraesNOR2A03G00594610","protein","C2+",2,"positive"
"prot__TraesNOR2A03G00594680","TraesNOR2A03G00594680","protein","C2+",2,"positive"
"prot__TraesNOR2A03G00594840","TraesNOR2A03G00594840","protein","C2+",2,"positive"
"prot__TraesNOR2A03G00596220","TraesNOR2A03G00596220","protein","C2+",2,"positive"
"prot__TraesNOR2A03G00596230","TraesNOR2A03G00596230","protein","C1-",1,"negative"
"prot__TraesNOR2A03G00596530","TraesNOR2A03G00596530","protein","C2+",2,"positive"
"prot__TraesNOR2A03G00597750","TraesNOR2A03G00597750","protein","C2+",2,"positive"
"prot__TraesNOR2A03G00598110","TraesNOR2A03G00598110","protein","C2+",2,"positive"
"prot__TraesNOR2A03G00599190","TraesNOR2A03G00599190","protein","C1+",1,"positive"
"prot__TraesNOR2A03G00599300","TraesNOR2A03G00599300","protein","C1-",1,"negative"
"prot__TraesNOR2A03G00599810","TraesNOR2A03G00599810","protein","C2+",2,"positive"
"prot__TraesNOR2A03G00600210","TraesNOR2A03G00600210","protein","C2+",2,"positive"
"prot__TraesNOR2A03G00603740","TraesNOR2A03G00603740","protein","C1+",1,"positive"
"prot__TraesNOR2A03G00606050","TraesNOR2A03G00606050","protein","C2+",2,"positive"
"prot__TraesNOR2A03G00606900","TraesNOR2A03G00606900","protein","C1+",1,"positive"
"prot__TraesNOR2A03G00607310","TraesNOR2A03G00607310","protein","C2-",2,"negative"
"prot__TraesNOR2A03G00607330","TraesNOR2A03G00607330","protein","C2+",2,"positive"
"prot__TraesNOR2A03G00609150","TraesNOR2A03G00609150","protein","C2+",2,"positive"
"prot__TraesNOR2A03G00611150","TraesNOR2A03G00611150","protein","C1-",1,"negative"
"prot__TraesNOR2A03G00611460","TraesNOR2A03G00611460","protein","C2+",2,"positive"
"prot__TraesNOR2A03G00611620","TraesNOR2A03G00611620","protein","C2-",2,"negative"
"prot__TraesNOR2A03G00612250","TraesNOR2A03G00612250","protein","C2+",2,"positive"
"prot__TraesNOR2A03G00613960","TraesNOR2A03G00613960","protein","C1-",1,"negative"
"prot__TraesNOR2A03G00620670","TraesNOR2A03G00620670","protein","C2+",2,"positive"
"prot__TraesNOR2A03G00622890","TraesNOR2A03G00622890","protein","C1-",1,"negative"
"prot__TraesNOR2A03G00625180","TraesNOR2A03G00625180","protein","C1-",1,"negative"
"prot__TraesNOR2A03G00626390","TraesNOR2A03G00626390","protein","C1-",1,"negative"
"prot__TraesNOR2A03G00626500","TraesNOR2A03G00626500","protein","C1+",1,"positive"
"prot__TraesNOR2A03G00626770","TraesNOR2A03G00626770","protein","C1-",1,"negative"
"prot__TraesNOR2A03G00627190","TraesNOR2A03G00627190","protein","C1-",1,"negative"
"prot__TraesNOR2A03G00628100","TraesNOR2A03G00628100","protein","C2+",2,"positive"
"prot__TraesNOR2A03G00628830","TraesNOR2A03G00628830","protein","C2-",2,"negative"
"prot__TraesNOR2A03G00629100","TraesNOR2A03G00629100","protein","C2+",2,"positive"
"prot__TraesNOR2A03G00631610","TraesNOR2A03G00631610","protein","C1-",1,"negative"
"prot__TraesNOR2A03G00632610","TraesNOR2A03G00632610","protein","C1-",1,"negative"
"prot__TraesNOR2A03G00633590","TraesNOR2A03G00633590","protein","C1-",1,"negative"
"prot__TraesNOR2A03G00633700","TraesNOR2A03G00633700","protein","C2+",2,"positive"
"prot__TraesNOR2A03G00633710","TraesNOR2A03G00633710","protein","C2+",2,"positive"
"prot__TraesNOR2A03G00633780","TraesNOR2A03G00633780","protein","C2-",2,"negative"
"prot__TraesNOR2A03G00635180","TraesNOR2A03G00635180","protein","C2+",2,"positive"
"prot__TraesNOR2A03G00636120","TraesNOR2A03G00636120","protein","C1-",1,"negative"
"prot__TraesNOR2A03G00638470","TraesNOR2A03G00638470","protein","C2+",2,"positive"
"prot__TraesNOR2A03G00638770","TraesNOR2A03G00638770","protein","C2-",2,"negative"
"prot__TraesNOR2A03G00640960","TraesNOR2A03G00640960","protein","C2+",2,"positive"
"prot__TraesNOR2A03G00642190","TraesNOR2A03G00642190","protein","C2+",2,"positive"
"prot__TraesNOR2A03G00642420","TraesNOR2A03G00642420","protein","C1-",1,"negative"
"prot__TraesNOR2A03G00643250","TraesNOR2A03G00643250","protein","C1-",1,"negative"
"prot__TraesNOR2A03G00643320","TraesNOR2A03G00643320","protein","C2+",2,"positive"
"prot__TraesNOR2A03G00643560","TraesNOR2A03G00643560","protein","C2+",2,"positive"
"prot__TraesNOR2A03G00643780","TraesNOR2A03G00643780","protein","C1-",1,"negative"
"prot__TraesNOR2A03G00645730","TraesNOR2A03G00645730","protein","C2+",2,"positive"
"prot__TraesNOR2A03G00646470","TraesNOR2A03G00646470","protein","C1-",1,"negative"
"prot__TraesNOR2A03G00646650","TraesNOR2A03G00646650","protein","C2+",2,"positive"
"prot__TraesNOR2A03G00654620","TraesNOR2A03G00654620","protein","C1-",1,"negative"
"prot__TraesNOR2A03G00657840","TraesNOR2A03G00657840","protein","C1-",1,"negative"
"prot__TraesNOR2A03G00664720","TraesNOR2A03G00664720","protein","C2+",2,"positive"
"prot__TraesNOR2A03G00667450","TraesNOR2A03G00667450","protein","C1+",1,"positive"
"prot__TraesNOR2A03G00667510","TraesNOR2A03G00667510","protein","C2-",2,"negative"
"prot__TraesNOR2A03G00669190","TraesNOR2A03G00669190","protein","C2-",2,"negative"
"prot__TraesNOR2A03G00670310","TraesNOR2A03G00670310","protein","C2+",2,"positive"
"prot__TraesNOR2A03G00674890","TraesNOR2A03G00674890","protein","C2+",2,"positive"
"prot__TraesNOR2A03G00676490","TraesNOR2A03G00676490","protein","C1-",1,"negative"
"prot__TraesNOR2A03G00678620","TraesNOR2A03G00678620","protein","C2+",2,"positive"
"prot__TraesNOR2A03G00685230","TraesNOR2A03G00685230","protein","C2+",2,"positive"
"prot__TraesNOR2A03G00692810","TraesNOR2A03G00692810","protein","C2+",2,"positive"
"prot__TraesNOR2A03G00695430","TraesNOR2A03G00695430","protein","C1-",1,"negative"
"prot__TraesNOR2A03G00695750","TraesNOR2A03G00695750","protein","C2+",2,"positive"
"prot__TraesNOR2A03G00697060","TraesNOR2A03G00697060","protein","C2+",2,"positive"
"prot__TraesNOR2A03G00699060","TraesNOR2A03G00699060","protein","C1-",1,"negative"
"prot__TraesNOR2A03G00699930","TraesNOR2A03G00699930","protein","C1+",1,"positive"
"prot__TraesNOR2A03G00706350","TraesNOR2A03G00706350","protein","C2-",2,"negative"
"prot__TraesNOR2A03G00708750","TraesNOR2A03G00708750","protein","C1-",1,"negative"
"prot__TraesNOR2A03G00712730","TraesNOR2A03G00712730","protein","C1-",1,"negative"
"prot__TraesNOR2A03G00713490","TraesNOR2A03G00713490","protein","C2+",2,"positive"
"prot__TraesNOR2A03G00713510","TraesNOR2A03G00713510","protein","C1-",1,"negative"
"prot__TraesNOR2A03G00714460","TraesNOR2A03G00714460","protein","C1-",1,"negative"
"prot__TraesNOR2A03G00717680","TraesNOR2A03G00717680","protein","C2-",2,"negative"
"prot__TraesNOR2A03G00718790","TraesNOR2A03G00718790","protein","C1-",1,"negative"
"prot__TraesNOR2A03G00721780","TraesNOR2A03G00721780","protein","C1+",1,"positive"
"prot__TraesNOR2A03G00724080","TraesNOR2A03G00724080","protein","C1-",1,"negative"
"prot__TraesNOR2A03G00725040","TraesNOR2A03G00725040","protein","C2+",2,"positive"
"prot__TraesNOR2A03G00727330","TraesNOR2A03G00727330","protein","C1-",1,"negative"
"prot__TraesNOR2A03G00727340","TraesNOR2A03G00727340","protein","C1+",1,"positive"
"prot__TraesNOR2A03G00729650","TraesNOR2A03G00729650","protein","C1-",1,"negative"
"prot__TraesNOR2A03G00731380","TraesNOR2A03G00731380","protein","C2-",2,"negative"
"prot__TraesNOR2A03G00731540","TraesNOR2A03G00731540","protein","C2-",2,"negative"
"prot__TraesNOR2A03G00731630","TraesNOR2A03G00731630","protein","C2-",2,"negative"
"prot__TraesNOR2A03G00731940","TraesNOR2A03G00731940","protein","C2+",2,"positive"
"prot__TraesNOR2A03G00732470","TraesNOR2A03G00732470","protein","C1+",1,"positive"
"prot__TraesNOR2A03G00732660","TraesNOR2A03G00732660","protein","C1-",1,"negative"
"prot__TraesNOR2A03G00732930","TraesNOR2A03G00732930","protein","C2+",2,"positive"
"prot__TraesNOR2A03G00733440","TraesNOR2A03G00733440","protein","C2-",2,"negative"
"prot__TraesNOR2A03G00736660","TraesNOR2A03G00736660","protein","C1-",1,"negative"
"prot__TraesNOR2A03G00737070","TraesNOR2A03G00737070","protein","C2+",2,"positive"
"prot__TraesNOR2A03G00737200","TraesNOR2A03G00737200","protein","C1-",1,"negative"
"prot__TraesNOR2A03G00737620","TraesNOR2A03G00737620","protein","C1+",1,"positive"
"prot__TraesNOR2A03G00738270","TraesNOR2A03G00738270","protein","C2+",2,"positive"
"prot__TraesNOR2A03G00738910","TraesNOR2A03G00738910","protein","C1-",1,"negative"
"prot__TraesNOR2A03G00738980","TraesNOR2A03G00738980","protein","C1-",1,"negative"
"prot__TraesNOR2A03G00739500","TraesNOR2A03G00739500","protein","C2+",2,"positive"
"prot__TraesNOR2A03G00742100","TraesNOR2A03G00742100","protein","C1-",1,"negative"
"prot__TraesNOR2A03G00742520","TraesNOR2A03G00742520","protein","C1+",1,"positive"
"prot__TraesNOR2A03G00743380","TraesNOR2A03G00743380","protein","C2+",2,"positive"
"prot__TraesNOR2A03G00743390","TraesNOR2A03G00743390","protein","C1-",1,"negative"
"prot__TraesNOR2A03G00746690","TraesNOR2A03G00746690","protein","C2+",2,"positive"
"prot__TraesNOR2A03G00747430","TraesNOR2A03G00747430","protein","C2+",2,"positive"
"prot__TraesNOR2A03G00747440","TraesNOR2A03G00747440","protein","C1+",1,"positive"
"prot__TraesNOR2A03G00749150","TraesNOR2A03G00749150","protein","C2-",2,"negative"
"prot__TraesNOR2A03G00749410","TraesNOR2A03G00749410","protein","C1-",1,"negative"
"prot__TraesNOR2A03G00752160","TraesNOR2A03G00752160","protein","C1+",1,"positive"
"prot__TraesNOR2A03G00754570","TraesNOR2A03G00754570","protein","C1-",1,"negative"
"prot__TraesNOR2A03G00755980","TraesNOR2A03G00755980","protein","C1-",1,"negative"
"prot__TraesNOR2A03G00756940","TraesNOR2A03G00756940","protein","C1+",1,"positive"
"prot__TraesNOR2A03G00758790","TraesNOR2A03G00758790","protein","C1-",1,"negative"
"prot__TraesNOR2A03G00759210","TraesNOR2A03G00759210","protein","C1-",1,"negative"
"prot__TraesNOR2A03G00759460","TraesNOR2A03G00759460","protein","C1-",1,"negative"
"prot__TraesNOR2A03G00760560","TraesNOR2A03G00760560","protein","C1+",1,"positive"
"prot__TraesNOR2A03G00761860","TraesNOR2A03G00761860","protein","C2+",2,"positive"
"prot__TraesNOR2A03G00762960","TraesNOR2A03G00762960","protein","C1+",1,"positive"
"prot__TraesNOR2A03G00764520","TraesNOR2A03G00764520","protein","C2-",2,"negative"
"prot__TraesNOR2A03G00765350","TraesNOR2A03G00765350","protein","C1-",1,"negative"
"prot__TraesNOR2A03G00766170","TraesNOR2A03G00766170","protein","C1-",1,"negative"
"prot__TraesNOR2A03G00768230","TraesNOR2A03G00768230","protein","C2-",2,"negative"
"prot__TraesNOR2A03G00769720","TraesNOR2A03G00769720","protein","C1-",1,"negative"
"prot__TraesNOR2A03G00773350","TraesNOR2A03G00773350","protein","C1-",1,"negative"
"prot__TraesNOR2A03G00774170","TraesNOR2A03G00774170","protein","C1-",1,"negative"
"prot__TraesNOR2A03G00775030","TraesNOR2A03G00775030","protein","C1-",1,"negative"
"prot__TraesNOR2A03G00775050","TraesNOR2A03G00775050","protein","C1+",1,"positive"
"prot__TraesNOR2A03G00775150","TraesNOR2A03G00775150","protein","C2+",2,"positive"
"prot__TraesNOR2A03G00776800","TraesNOR2A03G00776800","protein","C1+",1,"positive"
"prot__TraesNOR2A03G00777170","TraesNOR2A03G00777170","protein","C2+",2,"positive"
"prot__TraesNOR2A03G00777380","TraesNOR2A03G00777380","protein","C1-",1,"negative"
"prot__TraesNOR2A03G00778950","TraesNOR2A03G00778950","protein","C1-",1,"negative"
"prot__TraesNOR2A03G00787040","TraesNOR2A03G00787040","protein","C2+",2,"positive"
"prot__TraesNOR2A03G00787120","TraesNOR2A03G00787120","protein","C2+",2,"positive"
"prot__TraesNOR2A03G00788650","TraesNOR2A03G00788650","protein","C1-",1,"negative"
"prot__TraesNOR2A03G00791290","TraesNOR2A03G00791290","protein","C1-",1,"negative"
"prot__TraesNOR2A03G00792160","TraesNOR2A03G00792160","protein","C2+",2,"positive"
"prot__TraesNOR2A03G00794110","TraesNOR2A03G00794110","protein","C2-",2,"negative"
"prot__TraesNOR2A03G00794120","TraesNOR2A03G00794120","protein","C2-",2,"negative"
"prot__TraesNOR2A03G00794300","TraesNOR2A03G00794300","protein","C2-",2,"negative"
"prot__TraesNOR2A03G00794630","TraesNOR2A03G00794630","protein","C1-",1,"negative"
"prot__TraesNOR2A03G00795560","TraesNOR2A03G00795560","protein","C1-",1,"negative"
"prot__TraesNOR2A03G00795760","TraesNOR2A03G00795760","protein","C2-",2,"negative"
"prot__TraesNOR2A03G00797450","TraesNOR2A03G00797450","protein","C1-",1,"negative"
"prot__TraesNOR2A03G00797460","TraesNOR2A03G00797460","protein","C1-",1,"negative"
"prot__TraesNOR2A03G00797680","TraesNOR2A03G00797680","protein","C2+",2,"positive"
"prot__TraesNOR2A03G00799600","TraesNOR2A03G00799600","protein","C1-",1,"negative"
"prot__TraesNOR2A03G00800550","TraesNOR2A03G00800550","protein","C2+",2,"positive"
"prot__TraesNOR2A03G00801510","TraesNOR2A03G00801510","protein","C2+",2,"positive"
"prot__TraesNOR2A03G00801660","TraesNOR2A03G00801660","protein","C2+",2,"positive"
"prot__TraesNOR2A03G00803350","TraesNOR2A03G00803350","protein","C1-",1,"negative"
"prot__TraesNOR2A03G00804050","TraesNOR2A03G00804050","protein","C2+",2,"positive"
"prot__TraesNOR2A03G00804700","TraesNOR2A03G00804700","protein","C1-",1,"negative"
"prot__TraesNOR2A03G00807110","TraesNOR2A03G00807110","protein","C2-",2,"negative"
"prot__TraesNOR2A03G00809360","TraesNOR2A03G00809360","protein","C1-",1,"negative"
"prot__TraesNOR2A03G00810680","TraesNOR2A03G00810680","protein","C2-",2,"negative"
"prot__TraesNOR2A03G00816320","TraesNOR2A03G00816320","protein","C2+",2,"positive"
"prot__TraesNOR2A03G00817400","TraesNOR2A03G00817400","protein","C1+",1,"positive"
"prot__TraesNOR2A03G00817750","TraesNOR2A03G00817750","protein","C2-",2,"negative"
"prot__TraesNOR2A03G00821070","TraesNOR2A03G00821070","protein","C1-",1,"negative"
"prot__TraesNOR2A03G00821930","TraesNOR2A03G00821930","protein","C2+",2,"positive"
"prot__TraesNOR2A03G00822570","TraesNOR2A03G00822570","protein","C1-",1,"negative"
"prot__TraesNOR2A03G00823840","TraesNOR2A03G00823840","protein","C1-",1,"negative"
"prot__TraesNOR2A03G00825380","TraesNOR2A03G00825380","protein","C2+",2,"positive"
"prot__TraesNOR2A03G00825470","TraesNOR2A03G00825470","protein","C2+",2,"positive"
"prot__TraesNOR2A03G00827760","TraesNOR2A03G00827760","protein","C2+",2,"positive"
"prot__TraesNOR2A03G00828340","TraesNOR2A03G00828340","protein","C1+",1,"positive"
"prot__TraesNOR2A03G00829280","TraesNOR2A03G00829280","protein","C1-",1,"negative"
"prot__TraesNOR2B03G00833060","TraesNOR2B03G00833060","protein","C2-",2,"negative"
"prot__TraesNOR2B03G00833250","TraesNOR2B03G00833250","protein","C1-",1,"negative"
"prot__TraesNOR2B03G00834180","TraesNOR2B03G00834180","protein","C2+",2,"positive"
"prot__TraesNOR2B03G00834560","TraesNOR2B03G00834560","protein","C1+",1,"positive"
"prot__TraesNOR2B03G00840560","TraesNOR2B03G00840560","protein","C2+",2,"positive"
"prot__TraesNOR2B03G00840700","TraesNOR2B03G00840700","protein","C2+",2,"positive"
"prot__TraesNOR2B03G00840710","TraesNOR2B03G00840710","protein","C2+",2,"positive"
"prot__TraesNOR2B03G00843880","TraesNOR2B03G00843880","protein","C1-",1,"negative"
"prot__TraesNOR2B03G00844000","TraesNOR2B03G00844000","protein","C1-",1,"negative"
"prot__TraesNOR2B03G00844610","TraesNOR2B03G00844610","protein","C2+",2,"positive"
"prot__TraesNOR2B03G00845290","TraesNOR2B03G00845290","protein","C2+",2,"positive"
"prot__TraesNOR2B03G00845300","TraesNOR2B03G00845300","protein","C1+",1,"positive"
"prot__TraesNOR2B03G00845780","TraesNOR2B03G00845780","protein","C1-",1,"negative"
"prot__TraesNOR2B03G00847780","TraesNOR2B03G00847780","protein","C2+",2,"positive"
"prot__TraesNOR2B03G00848970","TraesNOR2B03G00848970","protein","C2+",2,"positive"
"prot__TraesNOR2B03G00854270","TraesNOR2B03G00854270","protein","C1-",1,"negative"
"prot__TraesNOR2B03G00855370","TraesNOR2B03G00855370","protein","C1+",1,"positive"
"prot__TraesNOR2B03G00856340","TraesNOR2B03G00856340","protein","C2-",2,"negative"
"prot__TraesNOR2B03G00859450","TraesNOR2B03G00859450","protein","C2-",2,"negative"
"prot__TraesNOR2B03G00860320","TraesNOR2B03G00860320","protein","C2+",2,"positive"
"prot__TraesNOR2B03G00861570","TraesNOR2B03G00861570","protein","C2+",2,"positive"
"prot__TraesNOR2B03G00862400","TraesNOR2B03G00862400","protein","C1-",1,"negative"
"prot__TraesNOR2B03G00868030","TraesNOR2B03G00868030","protein","C1-",1,"negative"
"prot__TraesNOR2B03G00870630","TraesNOR2B03G00870630","protein","C2-",2,"negative"
"prot__TraesNOR2B03G00870760","TraesNOR2B03G00870760","protein","C1-",1,"negative"
"prot__TraesNOR2B03G00871990","TraesNOR2B03G00871990","protein","C2+",2,"positive"
"prot__TraesNOR2B03G00875150","TraesNOR2B03G00875150","protein","C2-",2,"negative"
"prot__TraesNOR2B03G00876620","TraesNOR2B03G00876620","protein","C2+",2,"positive"
"prot__TraesNOR2B03G00876790","TraesNOR2B03G00876790","protein","C2+",2,"positive"
"prot__TraesNOR2B03G00877480","TraesNOR2B03G00877480","protein","C2+",2,"positive"
"prot__TraesNOR2B03G00877580","TraesNOR2B03G00877580","protein","C2+",2,"positive"
"prot__TraesNOR2B03G00877630","TraesNOR2B03G00877630","protein","C2+",2,"positive"
"prot__TraesNOR2B03G00878220","TraesNOR2B03G00878220","protein","C2+",2,"positive"
"prot__TraesNOR2B03G00879520","TraesNOR2B03G00879520","protein","C1-",1,"negative"
"prot__TraesNOR2B03G00884510","TraesNOR2B03G00884510","protein","C1+",1,"positive"
"prot__TraesNOR2B03G00885310","TraesNOR2B03G00885310","protein","C2+",2,"positive"
"prot__TraesNOR2B03G00885670","TraesNOR2B03G00885670","protein","C1-",1,"negative"
"prot__TraesNOR2B03G00886850","TraesNOR2B03G00886850","protein","C1+",1,"positive"
"prot__TraesNOR2B03G00888120","TraesNOR2B03G00888120","protein","C2+",2,"positive"
"prot__TraesNOR2B03G00889690","TraesNOR2B03G00889690","protein","C1-",1,"negative"
"prot__TraesNOR2B03G00890160","TraesNOR2B03G00890160","protein","C2+",2,"positive"
"prot__TraesNOR2B03G00890240","TraesNOR2B03G00890240","protein","C2-",2,"negative"
"prot__TraesNOR2B03G00891370","TraesNOR2B03G00891370","protein","C1+",1,"positive"
"prot__TraesNOR2B03G00893730","TraesNOR2B03G00893730","protein","C1-",1,"negative"
"prot__TraesNOR2B03G00894100","TraesNOR2B03G00894100","protein","C1-",1,"negative"
"prot__TraesNOR2B03G00896040","TraesNOR2B03G00896040","protein","C1-",1,"negative"
"prot__TraesNOR2B03G00896890","TraesNOR2B03G00896890","protein","C2+",2,"positive"
"prot__TraesNOR2B03G00898950","TraesNOR2B03G00898950","protein","C2+",2,"positive"
"prot__TraesNOR2B03G00902740","TraesNOR2B03G00902740","protein","C2+",2,"positive"
"prot__TraesNOR2B03G00902960","TraesNOR2B03G00902960","protein","C2+",2,"positive"
"prot__TraesNOR2B03G00903900","TraesNOR2B03G00903900","protein","C1-",1,"negative"
"prot__TraesNOR2B03G00905860","TraesNOR2B03G00905860","protein","C1-",1,"negative"
"prot__TraesNOR2B03G00908730","TraesNOR2B03G00908730","protein","C1+",1,"positive"
"prot__TraesNOR2B03G00909880","TraesNOR2B03G00909880","protein","C2+",2,"positive"
"prot__TraesNOR2B03G00911440","TraesNOR2B03G00911440","protein","C2-",2,"negative"
"prot__TraesNOR2B03G00911650","TraesNOR2B03G00911650","protein","C1-",1,"negative"
"prot__TraesNOR2B03G00913290","TraesNOR2B03G00913290","protein","C1-",1,"negative"
"prot__TraesNOR2B03G00913410","TraesNOR2B03G00913410","protein","C2+",2,"positive"
"prot__TraesNOR2B03G00914300","TraesNOR2B03G00914300","protein","C1+",1,"positive"
"prot__TraesNOR2B03G00914410","TraesNOR2B03G00914410","protein","C1-",1,"negative"
"prot__TraesNOR2B03G00915220","TraesNOR2B03G00915220","protein","C1-",1,"negative"
"prot__TraesNOR2B03G00916440","TraesNOR2B03G00916440","protein","C1-",1,"negative"
"prot__TraesNOR2B03G00916770","TraesNOR2B03G00916770","protein","C1-",1,"negative"
"prot__TraesNOR2B03G00917810","TraesNOR2B03G00917810","protein","C2-",2,"negative"
"prot__TraesNOR2B03G00917940","TraesNOR2B03G00917940","protein","C2+",2,"positive"
"prot__TraesNOR2B03G00921820","TraesNOR2B03G00921820","protein","C1+",1,"positive"
"prot__TraesNOR2B03G00922480","TraesNOR2B03G00922480","protein","C1+",1,"positive"
"prot__TraesNOR2B03G00924410","TraesNOR2B03G00924410","protein","C1-",1,"negative"
"prot__TraesNOR2B03G00924670","TraesNOR2B03G00924670","protein","C2+",2,"positive"
"prot__TraesNOR2B03G00924890","TraesNOR2B03G00924890","protein","C2-",2,"negative"
"prot__TraesNOR2B03G00924940","TraesNOR2B03G00924940","protein","C2+",2,"positive"
"prot__TraesNOR2B03G00925260","TraesNOR2B03G00925260","protein","C1-",1,"negative"
"prot__TraesNOR2B03G00925840","TraesNOR2B03G00925840","protein","C2+",2,"positive"
"prot__TraesNOR2B03G00927270","TraesNOR2B03G00927270","protein","C2+",2,"positive"
"prot__TraesNOR2B03G00928850","TraesNOR2B03G00928850","protein","C2+",2,"positive"
"prot__TraesNOR2B03G00933050","TraesNOR2B03G00933050","protein","C2-",2,"negative"
"prot__TraesNOR2B03G00941850","TraesNOR2B03G00941850","protein","C2-",2,"negative"
"prot__TraesNOR2B03G00943160","TraesNOR2B03G00943160","protein","C2+",2,"positive"
"prot__TraesNOR2B03G00949530","TraesNOR2B03G00949530","protein","C2+",2,"positive"
"prot__TraesNOR2B03G00953180","TraesNOR2B03G00953180","protein","C1-",1,"negative"
"prot__TraesNOR2B03G00956860","TraesNOR2B03G00956860","protein","C1+",1,"positive"
"prot__TraesNOR2B03G00957580","TraesNOR2B03G00957580","protein","C2-",2,"negative"
"prot__TraesNOR2B03G00958300","TraesNOR2B03G00958300","protein","C1+",1,"positive"
"prot__TraesNOR2B03G00959560","TraesNOR2B03G00959560","protein","C2+",2,"positive"
"prot__TraesNOR2B03G00961980","TraesNOR2B03G00961980","protein","C1+",1,"positive"
"prot__TraesNOR2B03G00962270","TraesNOR2B03G00962270","protein","C2-",2,"negative"
"prot__TraesNOR2B03G00962420","TraesNOR2B03G00962420","protein","C1-",1,"negative"
"prot__TraesNOR2B03G00964270","TraesNOR2B03G00964270","protein","C2-",2,"negative"
"prot__TraesNOR2B03G00968870","TraesNOR2B03G00968870","protein","C2+",2,"positive"
"prot__TraesNOR2B03G00970870","TraesNOR2B03G00970870","protein","C2-",2,"negative"
"prot__TraesNOR2B03G00973200","TraesNOR2B03G00973200","protein","C1-",1,"negative"
"prot__TraesNOR2B03G00974050","TraesNOR2B03G00974050","protein","C1-",1,"negative"
"prot__TraesNOR2B03G00974520","TraesNOR2B03G00974520","protein","C1-",1,"negative"
"prot__TraesNOR2B03G00974770","TraesNOR2B03G00974770","protein","C2-",2,"negative"
"prot__TraesNOR2B03G00977780","TraesNOR2B03G00977780","protein","C2+",2,"positive"
"prot__TraesNOR2B03G00980140","TraesNOR2B03G00980140","protein","C2-",2,"negative"
"prot__TraesNOR2B03G00981310","TraesNOR2B03G00981310","protein","C2+",2,"positive"
"prot__TraesNOR2B03G00983590","TraesNOR2B03G00983590","protein","C2-",2,"negative"
"prot__TraesNOR2B03G00984520","TraesNOR2B03G00984520","protein","C2+",2,"positive"
"prot__TraesNOR2B03G00985510","TraesNOR2B03G00985510","protein","C2+",2,"positive"
"prot__TraesNOR2B03G00988770","TraesNOR2B03G00988770","protein","C2+",2,"positive"
"prot__TraesNOR2B03G00988940","TraesNOR2B03G00988940","protein","C1-",1,"negative"
"prot__TraesNOR2B03G00989450","TraesNOR2B03G00989450","protein","C2+",2,"positive"
"prot__TraesNOR2B03G00989710","TraesNOR2B03G00989710","protein","C1-",1,"negative"
"prot__TraesNOR2B03G00991760","TraesNOR2B03G00991760","protein","C1-",1,"negative"
"prot__TraesNOR2B03G00994260","TraesNOR2B03G00994260","protein","C2-",2,"negative"
"prot__TraesNOR2B03G00996110","TraesNOR2B03G00996110","protein","C1-",1,"negative"
"prot__TraesNOR2B03G01000120","TraesNOR2B03G01000120","protein","C1-",1,"negative"
"prot__TraesNOR2B03G01000990","TraesNOR2B03G01000990","protein","C1-",1,"negative"
"prot__TraesNOR2B03G01002090","TraesNOR2B03G01002090","protein","C2-",2,"negative"
"prot__TraesNOR2B03G01002990","TraesNOR2B03G01002990","protein","C1-",1,"negative"
"prot__TraesNOR2B03G01004400","TraesNOR2B03G01004400","protein","C2-",2,"negative"
"prot__TraesNOR2B03G01004960","TraesNOR2B03G01004960","protein","C1+",1,"positive"
"prot__TraesNOR2B03G01005770","TraesNOR2B03G01005770","protein","C1-",1,"negative"
"prot__TraesNOR2B03G01006760","TraesNOR2B03G01006760","protein","C1-",1,"negative"
"prot__TraesNOR2B03G01007040","TraesNOR2B03G01007040","protein","C1-",1,"negative"
"prot__TraesNOR2B03G01008070","TraesNOR2B03G01008070","protein","C2-",2,"negative"
"prot__TraesNOR2B03G01008860","TraesNOR2B03G01008860","protein","C2+",2,"positive"
"prot__TraesNOR2B03G01009410","TraesNOR2B03G01009410","protein","C1-",1,"negative"
"prot__TraesNOR2B03G01010920","TraesNOR2B03G01010920","protein","C1-",1,"negative"
"prot__TraesNOR2B03G01013630","TraesNOR2B03G01013630","protein","C1-",1,"negative"
"prot__TraesNOR2B03G01014400","TraesNOR2B03G01014400","protein","C2-",2,"negative"
"prot__TraesNOR2B03G01015450","TraesNOR2B03G01015450","protein","C1-",1,"negative"
"prot__TraesNOR2B03G01020190","TraesNOR2B03G01020190","protein","C1-",1,"negative"
"prot__TraesNOR2B03G01020350","TraesNOR2B03G01020350","protein","C2+",2,"positive"
"prot__TraesNOR2B03G01023820","TraesNOR2B03G01023820","protein","C2-",2,"negative"
"prot__TraesNOR2B03G01024520","TraesNOR2B03G01024520","protein","C2+",2,"positive"
"prot__TraesNOR2B03G01024920","TraesNOR2B03G01024920","protein","C1-",1,"negative"
"prot__TraesNOR2B03G01025030","TraesNOR2B03G01025030","protein","C2+",2,"positive"
"prot__TraesNOR2B03G01027160","TraesNOR2B03G01027160","protein","C2-",2,"negative"
"prot__TraesNOR2B03G01027450","TraesNOR2B03G01027450","protein","C2+",2,"positive"
"prot__TraesNOR2B03G01027740","TraesNOR2B03G01027740","protein","C1-",1,"negative"
"prot__TraesNOR2B03G01028680","TraesNOR2B03G01028680","protein","C2+",2,"positive"
"prot__TraesNOR2B03G01031140","TraesNOR2B03G01031140","protein","C1-",1,"negative"
"prot__TraesNOR2B03G01031820","TraesNOR2B03G01031820","protein","C2-",2,"negative"
"prot__TraesNOR2B03G01031840","TraesNOR2B03G01031840","protein","C1-",1,"negative"
"prot__TraesNOR2B03G01033060","TraesNOR2B03G01033060","protein","C2+",2,"positive"
"prot__TraesNOR2B03G01034670","TraesNOR2B03G01034670","protein","C1-",1,"negative"
"prot__TraesNOR2B03G01036200","TraesNOR2B03G01036200","protein","C1+",1,"positive"
"prot__TraesNOR2B03G01037350","TraesNOR2B03G01037350","protein","C2+",2,"positive"
"prot__TraesNOR2B03G01040820","TraesNOR2B03G01040820","protein","C2+",2,"positive"
"prot__TraesNOR2B03G01042550","TraesNOR2B03G01042550","protein","C2+",2,"positive"
"prot__TraesNOR2B03G01042730","TraesNOR2B03G01042730","protein","C1+",1,"positive"
"prot__TraesNOR2B03G01042860","TraesNOR2B03G01042860","protein","C1-",1,"negative"
"prot__TraesNOR2B03G01042880","TraesNOR2B03G01042880","protein","C1-",1,"negative"
"prot__TraesNOR2B03G01044100","TraesNOR2B03G01044100","protein","C2-",2,"negative"
"prot__TraesNOR2B03G01044680","TraesNOR2B03G01044680","protein","C1+",1,"positive"
"prot__TraesNOR2B03G01048510","TraesNOR2B03G01048510","protein","C1-",1,"negative"
"prot__TraesNOR2B03G01049830","TraesNOR2B03G01049830","protein","C2+",2,"positive"
"prot__TraesNOR2B03G01053830","TraesNOR2B03G01053830","protein","C1-",1,"negative"
"prot__TraesNOR2B03G01054620","TraesNOR2B03G01054620","protein","C2+",2,"positive"
"prot__TraesNOR2B03G01055170","TraesNOR2B03G01055170","protein","C1+",1,"positive"
"prot__TraesNOR2B03G01055860","TraesNOR2B03G01055860","protein","C1-",1,"negative"
"prot__TraesNOR2B03G01056910","TraesNOR2B03G01056910","protein","C2+",2,"positive"
"prot__TraesNOR2B03G01057980","TraesNOR2B03G01057980","protein","C2+",2,"positive"
"prot__TraesNOR2B03G01059720","TraesNOR2B03G01059720","protein","C1-",1,"negative"
"prot__TraesNOR2B03G01060600","TraesNOR2B03G01060600","protein","C1-",1,"negative"
"prot__TraesNOR2B03G01060740","TraesNOR2B03G01060740","protein","C1+",1,"positive"
"prot__TraesNOR2B03G01061010","TraesNOR2B03G01061010","protein","C2+",2,"positive"
"prot__TraesNOR2B03G01061540","TraesNOR2B03G01061540","protein","C1-",1,"negative"
"prot__TraesNOR2B03G01062250","TraesNOR2B03G01062250","protein","C2-",2,"negative"
"prot__TraesNOR2B03G01065340","TraesNOR2B03G01065340","protein","C1-",1,"negative"
"prot__TraesNOR2B03G01065540","TraesNOR2B03G01065540","protein","C2-",2,"negative"
"prot__TraesNOR2B03G01066110","TraesNOR2B03G01066110","protein","C2+",2,"positive"
"prot__TraesNOR2B03G01067080","TraesNOR2B03G01067080","protein","C2-",2,"negative"
"prot__TraesNOR2B03G01067270","TraesNOR2B03G01067270","protein","C2-",2,"negative"
"prot__TraesNOR2B03G01068270","TraesNOR2B03G01068270","protein","C1-",1,"negative"
"prot__TraesNOR2B03G01068800","TraesNOR2B03G01068800","protein","C2+",2,"positive"
"prot__TraesNOR2B03G01068840","TraesNOR2B03G01068840","protein","C1-",1,"negative"
"prot__TraesNOR2B03G01069540","TraesNOR2B03G01069540","protein","C1-",1,"negative"
"prot__TraesNOR2B03G01070400","TraesNOR2B03G01070400","protein","C1-",1,"negative"
"prot__TraesNOR2B03G01071250","TraesNOR2B03G01071250","protein","C1-",1,"negative"
"prot__TraesNOR2B03G01074180","TraesNOR2B03G01074180","protein","C2+",2,"positive"
"prot__TraesNOR2B03G01077120","TraesNOR2B03G01077120","protein","C1+",1,"positive"
"prot__TraesNOR2B03G01078870","TraesNOR2B03G01078870","protein","C1-",1,"negative"
"prot__TraesNOR2B03G01079070","TraesNOR2B03G01079070","protein","C1-",1,"negative"
"prot__TraesNOR2B03G01080160","TraesNOR2B03G01080160","protein","C2+",2,"positive"
"prot__TraesNOR2B03G01081290","TraesNOR2B03G01081290","protein","C1-",1,"negative"
"prot__TraesNOR2B03G01083440","TraesNOR2B03G01083440","protein","C2+",2,"positive"
"prot__TraesNOR2B03G01087310","TraesNOR2B03G01087310","protein","C1+",1,"positive"
"prot__TraesNOR2B03G01087480","TraesNOR2B03G01087480","protein","C1-",1,"negative"
"prot__TraesNOR2B03G01087490","TraesNOR2B03G01087490","protein","C1+",1,"positive"
"prot__TraesNOR2B03G01088770","TraesNOR2B03G01088770","protein","C2-",2,"negative"
"prot__TraesNOR2B03G01090390","TraesNOR2B03G01090390","protein","C2-",2,"negative"
"prot__TraesNOR2B03G01091350","TraesNOR2B03G01091350","protein","C2+",2,"positive"
"prot__TraesNOR2B03G01093400","TraesNOR2B03G01093400","protein","C1-",1,"negative"
"prot__TraesNOR2D03G01101050","TraesNOR2D03G01101050","protein","C2+",2,"positive"
"prot__TraesNOR2D03G01104060","TraesNOR2D03G01104060","protein","C2-",2,"negative"
"prot__TraesNOR2D03G01104990","TraesNOR2D03G01104990","protein","C2+",2,"positive"
"prot__TraesNOR2D03G01105210","TraesNOR2D03G01105210","protein","C2+",2,"positive"
"prot__TraesNOR2D03G01105250","TraesNOR2D03G01105250","protein","C2+",2,"positive"
"prot__TraesNOR2D03G01105260","TraesNOR2D03G01105260","protein","C2+",2,"positive"
"prot__TraesNOR2D03G01105410","TraesNOR2D03G01105410","protein","C2+",2,"positive"
"prot__TraesNOR2D03G01105540","TraesNOR2D03G01105540","protein","C1+",1,"positive"
"prot__TraesNOR2D03G01105720","TraesNOR2D03G01105720","protein","C2-",2,"negative"
"prot__TraesNOR2D03G01105930","TraesNOR2D03G01105930","protein","C1-",1,"negative"
"prot__TraesNOR2D03G01106210","TraesNOR2D03G01106210","protein","C1+",1,"positive"
"prot__TraesNOR2D03G01106940","TraesNOR2D03G01106940","protein","C1-",1,"negative"
"prot__TraesNOR2D03G01108180","TraesNOR2D03G01108180","protein","C2+",2,"positive"
"prot__TraesNOR2D03G01113610","TraesNOR2D03G01113610","protein","C2+",2,"positive"
"prot__TraesNOR2D03G01114540","TraesNOR2D03G01114540","protein","C2+",2,"positive"
"prot__TraesNOR2D03G01114820","TraesNOR2D03G01114820","protein","C1+",1,"positive"
"prot__TraesNOR2D03G01115280","TraesNOR2D03G01115280","protein","C2-",2,"negative"
"prot__TraesNOR2D03G01116370","TraesNOR2D03G01116370","protein","C2+",2,"positive"
"prot__TraesNOR2D03G01116530","TraesNOR2D03G01116530","protein","C2-",2,"negative"
"prot__TraesNOR2D03G01117370","TraesNOR2D03G01117370","protein","C1+",1,"positive"
"prot__TraesNOR2D03G01117810","TraesNOR2D03G01117810","protein","C1-",1,"negative"
"prot__TraesNOR2D03G01120260","TraesNOR2D03G01120260","protein","C2+",2,"positive"
"prot__TraesNOR2D03G01122030","TraesNOR2D03G01122030","protein","C2+",2,"positive"
"prot__TraesNOR2D03G01124400","TraesNOR2D03G01124400","protein","C2+",2,"positive"
"prot__TraesNOR2D03G01124860","TraesNOR2D03G01124860","protein","C2+",2,"positive"
"prot__TraesNOR2D03G01125590","TraesNOR2D03G01125590","protein","C1+",1,"positive"
"prot__TraesNOR2D03G01127210","TraesNOR2D03G01127210","protein","C1-",1,"negative"
"prot__TraesNOR2D03G01129020","TraesNOR2D03G01129020","protein","C1-",1,"negative"
"prot__TraesNOR2D03G01131120","TraesNOR2D03G01131120","protein","C2+",2,"positive"
"prot__TraesNOR2D03G01131260","TraesNOR2D03G01131260","protein","C2+",2,"positive"
"prot__TraesNOR2D03G01131270","TraesNOR2D03G01131270","protein","C2+",2,"positive"
"prot__TraesNOR2D03G01131690","TraesNOR2D03G01131690","protein","C1+",1,"positive"
"prot__TraesNOR2D03G01132090","TraesNOR2D03G01132090","protein","C2+",2,"positive"
"prot__TraesNOR2D03G01132380","TraesNOR2D03G01132380","protein","C1-",1,"negative"
"prot__TraesNOR2D03G01132510","TraesNOR2D03G01132510","protein","C2-",2,"negative"
"prot__TraesNOR2D03G01133470","TraesNOR2D03G01133470","protein","C2+",2,"positive"
"prot__TraesNOR2D03G01134860","TraesNOR2D03G01134860","protein","C1-",1,"negative"
"prot__TraesNOR2D03G01135910","TraesNOR2D03G01135910","protein","C2+",2,"positive"
"prot__TraesNOR2D03G01136960","TraesNOR2D03G01136960","protein","C2+",2,"positive"
"prot__TraesNOR2D03G01137040","TraesNOR2D03G01137040","protein","C1-",1,"negative"
"prot__TraesNOR2D03G01137280","TraesNOR2D03G01137280","protein","C2+",2,"positive"
"prot__TraesNOR2D03G01137390","TraesNOR2D03G01137390","protein","C1-",1,"negative"
"prot__TraesNOR2D03G01138170","TraesNOR2D03G01138170","protein","C2-",2,"negative"
"prot__TraesNOR2D03G01138730","TraesNOR2D03G01138730","protein","C2+",2,"positive"
"prot__TraesNOR2D03G01138910","TraesNOR2D03G01138910","protein","C2+",2,"positive"
"prot__TraesNOR2D03G01139220","TraesNOR2D03G01139220","protein","C2+",2,"positive"
"prot__TraesNOR2D03G01139450","TraesNOR2D03G01139450","protein","C2+",2,"positive"
"prot__TraesNOR2D03G01139460","TraesNOR2D03G01139460","protein","C1-",1,"negative"
"prot__TraesNOR2D03G01139640","TraesNOR2D03G01139640","protein","C2-",2,"negative"
"prot__TraesNOR2D03G01141280","TraesNOR2D03G01141280","protein","C1-",1,"negative"
"prot__TraesNOR2D03G01142950","TraesNOR2D03G01142950","protein","C1+",1,"positive"
"prot__TraesNOR2D03G01143060","TraesNOR2D03G01143060","protein","C1-",1,"negative"
"prot__TraesNOR2D03G01144360","TraesNOR2D03G01144360","protein","C2+",2,"positive"
"prot__TraesNOR2D03G01145080","TraesNOR2D03G01145080","protein","C2+",2,"positive"
"prot__TraesNOR2D03G01145250","TraesNOR2D03G01145250","protein","C1-",1,"negative"
"prot__TraesNOR2D03G01145260","TraesNOR2D03G01145260","protein","C2+",2,"positive"
"prot__TraesNOR2D03G01148420","TraesNOR2D03G01148420","protein","C1-",1,"negative"
"prot__TraesNOR2D03G01148510","TraesNOR2D03G01148510","protein","C1-",1,"negative"
"prot__TraesNOR2D03G01148520","TraesNOR2D03G01148520","protein","C1-",1,"negative"
"prot__TraesNOR2D03G01148670","TraesNOR2D03G01148670","protein","C1+",1,"positive"
"prot__TraesNOR2D03G01149510","TraesNOR2D03G01149510","protein","C2-",2,"negative"
"prot__TraesNOR2D03G01149810","TraesNOR2D03G01149810","protein","C1-",1,"negative"
"prot__TraesNOR2D03G01150500","TraesNOR2D03G01150500","protein","C2+",2,"positive"
"prot__TraesNOR2D03G01150760","TraesNOR2D03G01150760","protein","C2+",2,"positive"
"prot__TraesNOR2D03G01151170","TraesNOR2D03G01151170","protein","C1+",1,"positive"
"prot__TraesNOR2D03G01151180","TraesNOR2D03G01151180","protein","C1-",1,"negative"
"prot__TraesNOR2D03G01151240","TraesNOR2D03G01151240","protein","C1+",1,"positive"
"prot__TraesNOR2D03G01151330","TraesNOR2D03G01151330","protein","C2+",2,"positive"
"prot__TraesNOR2D03G01151340","TraesNOR2D03G01151340","protein","C1-",1,"negative"
"prot__TraesNOR2D03G01151430","TraesNOR2D03G01151430","protein","C1-",1,"negative"
"prot__TraesNOR2D03G01151610","TraesNOR2D03G01151610","protein","C1-",1,"negative"
"prot__TraesNOR2D03G01152940","TraesNOR2D03G01152940","protein","C1-",1,"negative"
"prot__TraesNOR2D03G01153010","TraesNOR2D03G01153010","protein","C1-",1,"negative"
"prot__TraesNOR2D03G01153270","TraesNOR2D03G01153270","protein","C1-",1,"negative"
"prot__TraesNOR2D03G01153460","TraesNOR2D03G01153460","protein","C2+",2,"positive"
"prot__TraesNOR2D03G01153540","TraesNOR2D03G01153540","protein","C1-",1,"negative"
"prot__TraesNOR2D03G01154240","TraesNOR2D03G01154240","protein","C1-",1,"negative"
"prot__TraesNOR2D03G01154290","TraesNOR2D03G01154290","protein","C1-",1,"negative"
"prot__TraesNOR2D03G01155600","TraesNOR2D03G01155600","protein","C1-",1,"negative"
"prot__TraesNOR2D03G01156380","TraesNOR2D03G01156380","protein","C1-",1,"negative"
"prot__TraesNOR2D03G01157480","TraesNOR2D03G01157480","protein","C2+",2,"positive"
"prot__TraesNOR2D03G01158030","TraesNOR2D03G01158030","protein","C1-",1,"negative"
"prot__TraesNOR2D03G01160780","TraesNOR2D03G01160780","protein","C2+",2,"positive"
"prot__TraesNOR2D03G01160980","TraesNOR2D03G01160980","protein","C2+",2,"positive"
"prot__TraesNOR2D03G01161040","TraesNOR2D03G01161040","protein","C1-",1,"negative"
"prot__TraesNOR2D03G01162130","TraesNOR2D03G01162130","protein","C1-",1,"negative"
"prot__TraesNOR2D03G01162260","TraesNOR2D03G01162260","protein","C1+",1,"positive"
"prot__TraesNOR2D03G01162760","TraesNOR2D03G01162760","protein","C2+",2,"positive"
"prot__TraesNOR2D03G01163130","TraesNOR2D03G01163130","protein","C1-",1,"negative"
"prot__TraesNOR2D03G01163530","TraesNOR2D03G01163530","protein","C1-",1,"negative"
"prot__TraesNOR2D03G01164480","TraesNOR2D03G01164480","protein","C2+",2,"positive"
"prot__TraesNOR2D03G01165140","TraesNOR2D03G01165140","protein","C1-",1,"negative"
"prot__TraesNOR2D03G01165660","TraesNOR2D03G01165660","protein","C1-",1,"negative"
"prot__TraesNOR2D03G01165890","TraesNOR2D03G01165890","protein","C2+",2,"positive"
"prot__TraesNOR2D03G01167930","TraesNOR2D03G01167930","protein","C1-",1,"negative"
"prot__TraesNOR2D03G01169670","TraesNOR2D03G01169670","protein","C1-",1,"negative"
"prot__TraesNOR2D03G01170070","TraesNOR2D03G01170070","protein","C1-",1,"negative"
"prot__TraesNOR2D03G01170250","TraesNOR2D03G01170250","protein","C1-",1,"negative"
"prot__TraesNOR2D03G01170600","TraesNOR2D03G01170600","protein","C1+",1,"positive"
"prot__TraesNOR2D03G01171650","TraesNOR2D03G01171650","protein","C2+",2,"positive"
"prot__TraesNOR2D03G01171670","TraesNOR2D03G01171670","protein","C1+",1,"positive"
"prot__TraesNOR2D03G01172030","TraesNOR2D03G01172030","protein","C2-",2,"negative"
"prot__TraesNOR2D03G01172180","TraesNOR2D03G01172180","protein","C1-",1,"negative"
"prot__TraesNOR2D03G01172650","TraesNOR2D03G01172650","protein","C2-",2,"negative"
"prot__TraesNOR2D03G01173820","TraesNOR2D03G01173820","protein","C1-",1,"negative"
"prot__TraesNOR2D03G01175300","TraesNOR2D03G01175300","protein","C1+",1,"positive"
"prot__TraesNOR2D03G01176130","TraesNOR2D03G01176130","protein","C1-",1,"negative"
"prot__TraesNOR2D03G01176600","TraesNOR2D03G01176600","protein","C2-",2,"negative"
"prot__TraesNOR2D03G01178970","TraesNOR2D03G01178970","protein","C1-",1,"negative"
"prot__TraesNOR2D03G01182010","TraesNOR2D03G01182010","protein","C1+",1,"positive"
"prot__TraesNOR2D03G01185040","TraesNOR2D03G01185040","protein","C2+",2,"positive"
"prot__TraesNOR2D03G01185300","TraesNOR2D03G01185300","protein","C2+",2,"positive"
"prot__TraesNOR2D03G01185460","TraesNOR2D03G01185460","protein","C2+",2,"positive"
"prot__TraesNOR2D03G01186240","TraesNOR2D03G01186240","protein","C1+",1,"positive"
"prot__TraesNOR2D03G01188190","TraesNOR2D03G01188190","protein","C2-",2,"negative"
"prot__TraesNOR2D03G01189720","TraesNOR2D03G01189720","protein","C1-",1,"negative"
"prot__TraesNOR2D03G01194010","TraesNOR2D03G01194010","protein","C1-",1,"negative"
"prot__TraesNOR2D03G01195440","TraesNOR2D03G01195440","protein","C2+",2,"positive"
"prot__TraesNOR2D03G01195790","TraesNOR2D03G01195790","protein","C1-",1,"negative"
"prot__TraesNOR2D03G01195830","TraesNOR2D03G01195830","protein","C1+",1,"positive"
"prot__TraesNOR2D03G01195920","TraesNOR2D03G01195920","protein","C1-",1,"negative"
"prot__TraesNOR2D03G01196430","TraesNOR2D03G01196430","protein","C1-",1,"negative"
"prot__TraesNOR2D03G01197320","TraesNOR2D03G01197320","protein","C1-",1,"negative"
"prot__TraesNOR2D03G01197470","TraesNOR2D03G01197470","protein","C2-",2,"negative"
"prot__TraesNOR2D03G01198690","TraesNOR2D03G01198690","protein","C1-",1,"negative"
"prot__TraesNOR2D03G01198870","TraesNOR2D03G01198870","protein","C1-",1,"negative"
"prot__TraesNOR2D03G01199310","TraesNOR2D03G01199310","protein","C1+",1,"positive"
"prot__TraesNOR2D03G01199370","TraesNOR2D03G01199370","protein","C1-",1,"negative"
"prot__TraesNOR2D03G01199410","TraesNOR2D03G01199410","protein","C1-",1,"negative"
"prot__TraesNOR2D03G01200680","TraesNOR2D03G01200680","protein","C1-",1,"negative"
"prot__TraesNOR2D03G01201730","TraesNOR2D03G01201730","protein","C2-",2,"negative"
"prot__TraesNOR2D03G01201890","TraesNOR2D03G01201890","protein","C2+",2,"positive"
"prot__TraesNOR2D03G01202260","TraesNOR2D03G01202260","protein","C1-",1,"negative"
"prot__TraesNOR2D03G01202300","TraesNOR2D03G01202300","protein","C2-",2,"negative"
"prot__TraesNOR2D03G01202820","TraesNOR2D03G01202820","protein","C1-",1,"negative"
"prot__TraesNOR2D03G01203310","TraesNOR2D03G01203310","protein","C2+",2,"positive"
"prot__TraesNOR2D03G01204890","TraesNOR2D03G01204890","protein","C2-",2,"negative"
"prot__TraesNOR2D03G01205410","TraesNOR2D03G01205410","protein","C2-",2,"negative"
"prot__TraesNOR2D03G01205920","TraesNOR2D03G01205920","protein","C2+",2,"positive"
"prot__TraesNOR2D03G01206800","TraesNOR2D03G01206800","protein","C2-",2,"negative"
"prot__TraesNOR2D03G01206900","TraesNOR2D03G01206900","protein","C1-",1,"negative"
"prot__TraesNOR2D03G01206930","TraesNOR2D03G01206930","protein","C1-",1,"negative"
"prot__TraesNOR2D03G01207000","TraesNOR2D03G01207000","protein","C2+",2,"positive"
"prot__TraesNOR2D03G01207430","TraesNOR2D03G01207430","protein","C1-",1,"negative"
"prot__TraesNOR2D03G01207720","TraesNOR2D03G01207720","protein","C2+",2,"positive"
"prot__TraesNOR2D03G01210020","TraesNOR2D03G01210020","protein","C2+",2,"positive"
"prot__TraesNOR2D03G01210780","TraesNOR2D03G01210780","protein","C1-",1,"negative"
"prot__TraesNOR2D03G01211070","TraesNOR2D03G01211070","protein","C1-",1,"negative"
"prot__TraesNOR2D03G01211140","TraesNOR2D03G01211140","protein","C1-",1,"negative"
"prot__TraesNOR2D03G01211300","TraesNOR2D03G01211300","protein","C2+",2,"positive"
"prot__TraesNOR2D03G01211660","TraesNOR2D03G01211660","protein","C1-",1,"negative"
"prot__TraesNOR2D03G01212190","TraesNOR2D03G01212190","protein","C1-",1,"negative"
"prot__TraesNOR2D03G01212990","TraesNOR2D03G01212990","protein","C1-",1,"negative"
"prot__TraesNOR2D03G01215480","TraesNOR2D03G01215480","protein","C1-",1,"negative"
"prot__TraesNOR2D03G01215650","TraesNOR2D03G01215650","protein","C2+",2,"positive"
"prot__TraesNOR2D03G01215920","TraesNOR2D03G01215920","protein","C1+",1,"positive"
"prot__TraesNOR2D03G01215970","TraesNOR2D03G01215970","protein","C2-",2,"negative"
"prot__TraesNOR2D03G01216460","TraesNOR2D03G01216460","protein","C1-",1,"negative"
"prot__TraesNOR2D03G01216580","TraesNOR2D03G01216580","protein","C1-",1,"negative"
"prot__TraesNOR2D03G01216860","TraesNOR2D03G01216860","protein","C1-",1,"negative"
"prot__TraesNOR2D03G01217590","TraesNOR2D03G01217590","protein","C1-",1,"negative"
"prot__TraesNOR2D03G01218560","TraesNOR2D03G01218560","protein","C1+",1,"positive"
"prot__TraesNOR2D03G01219420","TraesNOR2D03G01219420","protein","C2+",2,"positive"
"prot__TraesNOR2D03G01220180","TraesNOR2D03G01220180","protein","C2+",2,"positive"
"prot__TraesNOR2D03G01220360","TraesNOR2D03G01220360","protein","C1-",1,"negative"
"prot__TraesNOR2D03G01220550","TraesNOR2D03G01220550","protein","C1-",1,"negative"
"prot__TraesNOR2D03G01220650","TraesNOR2D03G01220650","protein","C1-",1,"negative"
"prot__TraesNOR2D03G01220660","TraesNOR2D03G01220660","protein","C2+",2,"positive"
"prot__TraesNOR2D03G01221740","TraesNOR2D03G01221740","protein","C1+",1,"positive"
"prot__TraesNOR2D03G01222190","TraesNOR2D03G01222190","protein","C2-",2,"negative"
"prot__TraesNOR2D03G01223610","TraesNOR2D03G01223610","protein","C1+",1,"positive"
"prot__TraesNOR2D03G01223800","TraesNOR2D03G01223800","protein","C1-",1,"negative"
"prot__TraesNOR2D03G01223970","TraesNOR2D03G01223970","protein","C2-",2,"negative"
"prot__TraesNOR2D03G01224640","TraesNOR2D03G01224640","protein","C1+",1,"positive"
"prot__TraesNOR2D03G01224920","TraesNOR2D03G01224920","protein","C2+",2,"positive"
"prot__TraesNOR2D03G01225350","TraesNOR2D03G01225350","protein","C2+",2,"positive"
"prot__TraesNOR2D03G01225590","TraesNOR2D03G01225590","protein","C1+",1,"positive"
"prot__TraesNOR2D03G01226140","TraesNOR2D03G01226140","protein","C2+",2,"positive"
"prot__TraesNOR2D03G01227960","TraesNOR2D03G01227960","protein","C1-",1,"negative"
"prot__TraesNOR2D03G01228390","TraesNOR2D03G01228390","protein","C1-",1,"negative"
"prot__TraesNOR2D03G01228480","TraesNOR2D03G01228480","protein","C2+",2,"positive"
"prot__TraesNOR2D03G01229080","TraesNOR2D03G01229080","protein","C1-",1,"negative"
"prot__TraesNOR2D03G01229320","TraesNOR2D03G01229320","protein","C2-",2,"negative"
"prot__TraesNOR2D03G01229520","TraesNOR2D03G01229520","protein","C1-",1,"negative"
"prot__TraesNOR2D03G01230250","TraesNOR2D03G01230250","protein","C2+",2,"positive"
"prot__TraesNOR2D03G01230840","TraesNOR2D03G01230840","protein","C1-",1,"negative"
"prot__TraesNOR2D03G01232510","TraesNOR2D03G01232510","protein","C1-",1,"negative"
"prot__TraesNOR2D03G01233650","TraesNOR2D03G01233650","protein","C2+",2,"positive"
"prot__TraesNOR2D03G01234670","TraesNOR2D03G01234670","protein","C2+",2,"positive"
"prot__TraesNOR2D03G01235210","TraesNOR2D03G01235210","protein","C1-",1,"negative"
"prot__TraesNOR2D03G01235770","TraesNOR2D03G01235770","protein","C2+",2,"positive"
"prot__TraesNOR2D03G01236240","TraesNOR2D03G01236240","protein","C2+",2,"positive"
"prot__TraesNOR2D03G01236640","TraesNOR2D03G01236640","protein","C2+",2,"positive"
"prot__TraesNOR2D03G01237740","TraesNOR2D03G01237740","protein","C2+",2,"positive"
"prot__TraesNOR2D03G01238020","TraesNOR2D03G01238020","protein","C1-",1,"negative"
"prot__TraesNOR2D03G01238030","TraesNOR2D03G01238030","protein","C2+",2,"positive"
"prot__TraesNOR2D03G01238140","TraesNOR2D03G01238140","protein","C2+",2,"positive"
"prot__TraesNOR2D03G01238740","TraesNOR2D03G01238740","protein","C2+",2,"positive"
"prot__TraesNOR2D03G01240850","TraesNOR2D03G01240850","protein","C1-",1,"negative"
"prot__TraesNOR2D03G01242330","TraesNOR2D03G01242330","protein","C1-",1,"negative"
"prot__TraesNOR2D03G01243240","TraesNOR2D03G01243240","protein","C2-",2,"negative"
"prot__TraesNOR2D03G01244170","TraesNOR2D03G01244170","protein","C2+",2,"positive"
"prot__TraesNOR2D03G01244280","TraesNOR2D03G01244280","protein","C1-",1,"negative"
"prot__TraesNOR2D03G01245590","TraesNOR2D03G01245590","protein","C1+",1,"positive"
"prot__TraesNOR2D03G01246420","TraesNOR2D03G01246420","protein","C1+",1,"positive"
"prot__TraesNOR2D03G01247200","TraesNOR2D03G01247200","protein","C1-",1,"negative"
"prot__TraesNOR2D03G01247750","TraesNOR2D03G01247750","protein","C1-",1,"negative"
"prot__TraesNOR2D03G01248610","TraesNOR2D03G01248610","protein","C1-",1,"negative"
"prot__TraesNOR2D03G01248920","TraesNOR2D03G01248920","protein","C2-",2,"negative"
"prot__TraesNOR2D03G01248950","TraesNOR2D03G01248950","protein","C2-",2,"negative"
"prot__TraesNOR2D03G01249600","TraesNOR2D03G01249600","protein","C2+",2,"positive"
"prot__TraesNOR2D03G01250450","TraesNOR2D03G01250450","protein","C1-",1,"negative"
"prot__TraesNOR2D03G01250630","TraesNOR2D03G01250630","protein","C1+",1,"positive"
"prot__TraesNOR2D03G01252210","TraesNOR2D03G01252210","protein","C2+",2,"positive"
"prot__TraesNOR2D03G01252950","TraesNOR2D03G01252950","protein","C1-",1,"negative"
"prot__TraesNOR2D03G01253890","TraesNOR2D03G01253890","protein","C2+",2,"positive"
"prot__TraesNOR2D03G01255350","TraesNOR2D03G01255350","protein","C1-",1,"negative"
"prot__TraesNOR2D03G01256220","TraesNOR2D03G01256220","protein","C1-",1,"negative"
"prot__TraesNOR2D03G01256400","TraesNOR2D03G01256400","protein","C2+",2,"positive"
"prot__TraesNOR2D03G01256460","TraesNOR2D03G01256460","protein","C1+",1,"positive"
"prot__TraesNOR2D03G01257500","TraesNOR2D03G01257500","protein","C2+",2,"positive"
"prot__TraesNOR2D03G01260030","TraesNOR2D03G01260030","protein","C1-",1,"negative"
"prot__TraesNOR2D03G01260230","TraesNOR2D03G01260230","protein","C2-",2,"negative"
"prot__TraesNOR2D03G01260530","TraesNOR2D03G01260530","protein","C2+",2,"positive"
"prot__TraesNOR2D03G01262340","TraesNOR2D03G01262340","protein","C1-",1,"negative"
"prot__TraesNOR2D03G01262710","TraesNOR2D03G01262710","protein","C1-",1,"negative"
"prot__TraesNOR2D03G01262940","TraesNOR2D03G01262940","protein","C2+",2,"positive"
"prot__TraesNOR2D03G01264810","TraesNOR2D03G01264810","protein","C2+",2,"positive"
"prot__TraesNOR2D03G01265370","TraesNOR2D03G01265370","protein","C2+",2,"positive"
"prot__TraesNOR2D03G01266810","TraesNOR2D03G01266810","protein","C1-",1,"negative"
"prot__TraesNOR2D03G01267780","TraesNOR2D03G01267780","protein","C1-",1,"negative"
"prot__TraesNOR2D03G01269570","TraesNOR2D03G01269570","protein","C1-",1,"negative"
"prot__TraesNOR2D03G01270790","TraesNOR2D03G01270790","protein","C1-",1,"negative"
"prot__TraesNOR2D03G01270840","TraesNOR2D03G01270840","protein","C2+",2,"positive"
"prot__TraesNOR2D03G01275910","TraesNOR2D03G01275910","protein","C2+",2,"positive"
"prot__TraesNOR2D03G01278030","TraesNOR2D03G01278030","protein","C1-",1,"negative"
"prot__TraesNOR2D03G01279820","TraesNOR2D03G01279820","protein","C2+",2,"positive"
"prot__TraesNOR2D03G01281060","TraesNOR2D03G01281060","protein","C1+",1,"positive"
"prot__TraesNOR2D03G01281100","TraesNOR2D03G01281100","protein","C1-",1,"negative"
"prot__TraesNOR2D03G01281540","TraesNOR2D03G01281540","protein","C1-",1,"negative"
"prot__TraesNOR2D03G01281960","TraesNOR2D03G01281960","protein","C1-",1,"negative"
"prot__TraesNOR2D03G01282490","TraesNOR2D03G01282490","protein","C1-",1,"negative"
"prot__TraesNOR2D03G01283390","TraesNOR2D03G01283390","protein","C2+",2,"positive"
"prot__TraesNOR2D03G01284530","TraesNOR2D03G01284530","protein","C2+",2,"positive"
"prot__TraesNOR2D03G01284930","TraesNOR2D03G01284930","protein","C2+",2,"positive"
"prot__TraesNOR2D03G01286370","TraesNOR2D03G01286370","protein","C1-",1,"negative"
"prot__TraesNOR2D03G01286490","TraesNOR2D03G01286490","protein","C1-",1,"negative"
"prot__TraesNOR2D03G01288460","TraesNOR2D03G01288460","protein","C2-",2,"negative"
"prot__TraesNOR2D03G01288590","TraesNOR2D03G01288590","protein","C1+",1,"positive"
"prot__TraesNOR2D03G01288820","TraesNOR2D03G01288820","protein","C1-",1,"negative"
"prot__TraesNOR2D03G01289100","TraesNOR2D03G01289100","protein","C1-",1,"negative"
"prot__TraesNOR2D03G01289180","TraesNOR2D03G01289180","protein","C1-",1,"negative"
"prot__TraesNOR2D03G01289620","TraesNOR2D03G01289620","protein","C1-",1,"negative"
"prot__TraesNOR2D03G01289900","TraesNOR2D03G01289900","protein","C1-",1,"negative"
"prot__TraesNOR2D03G01289930","TraesNOR2D03G01289930","protein","C1-",1,"negative"
"prot__TraesNOR2D03G01291910","TraesNOR2D03G01291910","protein","C1-",1,"negative"
"prot__TraesNOR2D03G01291970","TraesNOR2D03G01291970","protein","C1-",1,"negative"
"prot__TraesNOR2D03G01292420","TraesNOR2D03G01292420","protein","C1-",1,"negative"
"prot__TraesNOR2D03G01292430","TraesNOR2D03G01292430","protein","C1-",1,"negative"
"prot__TraesNOR2D03G01292640","TraesNOR2D03G01292640","protein","C1-",1,"negative"
"prot__TraesNOR2D03G01293520","TraesNOR2D03G01293520","protein","C2-",2,"negative"
"prot__TraesNOR2D03G01293920","TraesNOR2D03G01293920","protein","C1+",1,"positive"
"prot__TraesNOR2D03G01295100","TraesNOR2D03G01295100","protein","C1-",1,"negative"
"prot__TraesNOR2D03G01297390","TraesNOR2D03G01297390","protein","C1-",1,"negative"
"prot__TraesNOR2D03G01297730","TraesNOR2D03G01297730","protein","C2-",2,"negative"
"prot__TraesNOR2D03G01297800","TraesNOR2D03G01297800","protein","C1-",1,"negative"
"prot__TraesNOR2D03G01298060","TraesNOR2D03G01298060","protein","C2-",2,"negative"
"prot__TraesNOR2D03G01298100","TraesNOR2D03G01298100","protein","C2+",2,"positive"
"prot__TraesNOR2D03G01305060","TraesNOR2D03G01305060","protein","C1-",1,"negative"
"prot__TraesNOR2D03G01305740","TraesNOR2D03G01305740","protein","C2+",2,"positive"
"prot__TraesNOR2D03G01306140","TraesNOR2D03G01306140","protein","C2+",2,"positive"
"prot__TraesNOR2D03G01306370","TraesNOR2D03G01306370","protein","C1-",1,"negative"
"prot__TraesNOR2D03G01308350","TraesNOR2D03G01308350","protein","C2+",2,"positive"
"prot__TraesNOR2D03G01309960","TraesNOR2D03G01309960","protein","C1-",1,"negative"
"prot__TraesNOR2D03G01312300","TraesNOR2D03G01312300","protein","C1-",1,"negative"
"prot__TraesNOR2D03G01313950","TraesNOR2D03G01313950","protein","C2+",2,"positive"
"prot__TraesNOR2D03G01314580","TraesNOR2D03G01314580","protein","C1-",1,"negative"
"prot__TraesNOR2D03G01314630","TraesNOR2D03G01314630","protein","C1+",1,"positive"
"prot__TraesNOR2D03G01315170","TraesNOR2D03G01315170","protein","C2-",2,"negative"
"prot__TraesNOR2D03G01315270","TraesNOR2D03G01315270","protein","C1+",1,"positive"
"prot__TraesNOR2D03G01316150","TraesNOR2D03G01316150","protein","C2+",2,"positive"
"prot__TraesNOR2D03G01317280","TraesNOR2D03G01317280","protein","C1+",1,"positive"
"prot__TraesNOR2D03G01317830","TraesNOR2D03G01317830","protein","C1-",1,"negative"
"prot__TraesNOR2D03G01319390","TraesNOR2D03G01319390","protein","C2-",2,"negative"
"prot__TraesNOR2D03G01320670","TraesNOR2D03G01320670","protein","C1-",1,"negative"
"prot__TraesNOR2D03G01320700","TraesNOR2D03G01320700","protein","C2+",2,"positive"
"prot__TraesNOR2D03G01320740","TraesNOR2D03G01320740","protein","C2+",2,"positive"
"prot__TraesNOR2D03G01321020","TraesNOR2D03G01321020","protein","C2+",2,"positive"
"prot__TraesNOR2D03G01321410","TraesNOR2D03G01321410","protein","C1-",1,"negative"
"prot__TraesNOR3A03G01324690","TraesNOR3A03G01324690","protein","C2+",2,"positive"
"prot__TraesNOR3A03G01325180","TraesNOR3A03G01325180","protein","C1-",1,"negative"
"prot__TraesNOR3A03G01331660","TraesNOR3A03G01331660","protein","C2-",2,"negative"
"prot__TraesNOR3A03G01331670","TraesNOR3A03G01331670","protein","C2+",2,"positive"
"prot__TraesNOR3A03G01332380","TraesNOR3A03G01332380","protein","C1-",1,"negative"
"prot__TraesNOR3A03G01333020","TraesNOR3A03G01333020","protein","C2-",2,"negative"
"prot__TraesNOR3A03G01336940","TraesNOR3A03G01336940","protein","C2+",2,"positive"
"prot__TraesNOR3A03G01337450","TraesNOR3A03G01337450","protein","C1+",1,"positive"
"prot__TraesNOR3A03G01338200","TraesNOR3A03G01338200","protein","C1+",1,"positive"
"prot__TraesNOR3A03G01339110","TraesNOR3A03G01339110","protein","C2-",2,"negative"
"prot__TraesNOR3A03G01340420","TraesNOR3A03G01340420","protein","C1-",1,"negative"
"prot__TraesNOR3A03G01342390","TraesNOR3A03G01342390","protein","C1-",1,"negative"
"prot__TraesNOR3A03G01344960","TraesNOR3A03G01344960","protein","C2+",2,"positive"
"prot__TraesNOR3A03G01346650","TraesNOR3A03G01346650","protein","C2+",2,"positive"
"prot__TraesNOR3A03G01346990","TraesNOR3A03G01346990","protein","C1-",1,"negative"
"prot__TraesNOR3A03G01349400","TraesNOR3A03G01349400","protein","C1-",1,"negative"
"prot__TraesNOR3A03G01349410","TraesNOR3A03G01349410","protein","C2+",2,"positive"
"prot__TraesNOR3A03G01350100","TraesNOR3A03G01350100","protein","C1-",1,"negative"
"prot__TraesNOR3A03G01350260","TraesNOR3A03G01350260","protein","C2-",2,"negative"
"prot__TraesNOR3A03G01350440","TraesNOR3A03G01350440","protein","C1-",1,"negative"
"prot__TraesNOR3A03G01353690","TraesNOR3A03G01353690","protein","C2+",2,"positive"
"prot__TraesNOR3A03G01354270","TraesNOR3A03G01354270","protein","C2+",2,"positive"
"prot__TraesNOR3A03G01354410","TraesNOR3A03G01354410","protein","C1-",1,"negative"
"prot__TraesNOR3A03G01354770","TraesNOR3A03G01354770","protein","C1+",1,"positive"
"prot__TraesNOR3A03G01356380","TraesNOR3A03G01356380","protein","C2+",2,"positive"
"prot__TraesNOR3A03G01358650","TraesNOR3A03G01358650","protein","C2+",2,"positive"
"prot__TraesNOR3A03G01359760","TraesNOR3A03G01359760","protein","C1-",1,"negative"
"prot__TraesNOR3A03G01361830","TraesNOR3A03G01361830","protein","C2+",2,"positive"
"prot__TraesNOR3A03G01367610","TraesNOR3A03G01367610","protein","C2+",2,"positive"
"prot__TraesNOR3A03G01368630","TraesNOR3A03G01368630","protein","C2+",2,"positive"
"prot__TraesNOR3A03G01370600","TraesNOR3A03G01370600","protein","C2+",2,"positive"
"prot__TraesNOR3A03G01370680","TraesNOR3A03G01370680","protein","C1-",1,"negative"
"prot__TraesNOR3A03G01370690","TraesNOR3A03G01370690","protein","C1+",1,"positive"
"prot__TraesNOR3A03G01370880","TraesNOR3A03G01370880","protein","C1-",1,"negative"
"prot__TraesNOR3A03G01371880","TraesNOR3A03G01371880","protein","C2+",2,"positive"
"prot__TraesNOR3A03G01373770","TraesNOR3A03G01373770","protein","C1-",1,"negative"
"prot__TraesNOR3A03G01376620","TraesNOR3A03G01376620","protein","C2-",2,"negative"
"prot__TraesNOR3A03G01376860","TraesNOR3A03G01376860","protein","C2-",2,"negative"
"prot__TraesNOR3A03G01377180","TraesNOR3A03G01377180","protein","C2-",2,"negative"
"prot__TraesNOR3A03G01378590","TraesNOR3A03G01378590","protein","C2+",2,"positive"
"prot__TraesNOR3A03G01378690","TraesNOR3A03G01378690","protein","C1-",1,"negative"
"prot__TraesNOR3A03G01378850","TraesNOR3A03G01378850","protein","C2+",2,"positive"
"prot__TraesNOR3A03G01383320","TraesNOR3A03G01383320","protein","C2+",2,"positive"
"prot__TraesNOR3A03G01383340","TraesNOR3A03G01383340","protein","C1-",1,"negative"
"prot__TraesNOR3A03G01395220","TraesNOR3A03G01395220","protein","C1-",1,"negative"
"prot__TraesNOR3A03G01398860","TraesNOR3A03G01398860","protein","C2+",2,"positive"
"prot__TraesNOR3A03G01399430","TraesNOR3A03G01399430","protein","C1-",1,"negative"
"prot__TraesNOR3A03G01399970","TraesNOR3A03G01399970","protein","C2+",2,"positive"
"prot__TraesNOR3A03G01400060","TraesNOR3A03G01400060","protein","C2+",2,"positive"
"prot__TraesNOR3A03G01400530","TraesNOR3A03G01400530","protein","C2+",2,"positive"
"prot__TraesNOR3A03G01402290","TraesNOR3A03G01402290","protein","C2+",2,"positive"
"prot__TraesNOR3A03G01404110","TraesNOR3A03G01404110","protein","C1-",1,"negative"
"prot__TraesNOR3A03G01405030","TraesNOR3A03G01405030","protein","C1-",1,"negative"
"prot__TraesNOR3A03G01407590","TraesNOR3A03G01407590","protein","C1-",1,"negative"
"prot__TraesNOR3A03G01412670","TraesNOR3A03G01412670","protein","C1-",1,"negative"
"prot__TraesNOR3A03G01413020","TraesNOR3A03G01413020","protein","C1-",1,"negative"
"prot__TraesNOR3A03G01414500","TraesNOR3A03G01414500","protein","C2+",2,"positive"
"prot__TraesNOR3A03G01421230","TraesNOR3A03G01421230","protein","C1+",1,"positive"
"prot__TraesNOR3A03G01424550","TraesNOR3A03G01424550","protein","C1-",1,"negative"
"prot__TraesNOR3A03G01426750","TraesNOR3A03G01426750","protein","C1-",1,"negative"
"prot__TraesNOR3A03G01428070","TraesNOR3A03G01428070","protein","C1-",1,"negative"
"prot__TraesNOR3A03G01428600","TraesNOR3A03G01428600","protein","C2+",2,"positive"
"prot__TraesNOR3A03G01429200","TraesNOR3A03G01429200","protein","C2+",2,"positive"
"prot__TraesNOR3A03G01429660","TraesNOR3A03G01429660","protein","C2+",2,"positive"
"prot__TraesNOR3A03G01434150","TraesNOR3A03G01434150","protein","C1-",1,"negative"
"prot__TraesNOR3A03G01436090","TraesNOR3A03G01436090","protein","C1-",1,"negative"
"prot__TraesNOR3A03G01438450","TraesNOR3A03G01438450","protein","C2-",2,"negative"
"prot__TraesNOR3A03G01441820","TraesNOR3A03G01441820","protein","C1-",1,"negative"
"prot__TraesNOR3A03G01442180","TraesNOR3A03G01442180","protein","C1+",1,"positive"
"prot__TraesNOR3A03G01442660","TraesNOR3A03G01442660","protein","C1-",1,"negative"
"prot__TraesNOR3A03G01444220","TraesNOR3A03G01444220","protein","C1-",1,"negative"
"prot__TraesNOR3A03G01445320","TraesNOR3A03G01445320","protein","C2+",2,"positive"
"prot__TraesNOR3A03G01447550","TraesNOR3A03G01447550","protein","C1-",1,"negative"
"prot__TraesNOR3A03G01447910","TraesNOR3A03G01447910","protein","C2+",2,"positive"
"prot__TraesNOR3A03G01448550","TraesNOR3A03G01448550","protein","C1-",1,"negative"
"prot__TraesNOR3A03G01449110","TraesNOR3A03G01449110","protein","C2+",2,"positive"
"prot__TraesNOR3A03G01450180","TraesNOR3A03G01450180","protein","C2+",2,"positive"
"prot__TraesNOR3A03G01450750","TraesNOR3A03G01450750","protein","C1-",1,"negative"
"prot__TraesNOR3A03G01450950","TraesNOR3A03G01450950","protein","C1+",1,"positive"
"prot__TraesNOR3A03G01453110","TraesNOR3A03G01453110","protein","C1-",1,"negative"
"prot__TraesNOR3A03G01455160","TraesNOR3A03G01455160","protein","C2-",2,"negative"
"prot__TraesNOR3A03G01455290","TraesNOR3A03G01455290","protein","C2+",2,"positive"
"prot__TraesNOR3A03G01457680","TraesNOR3A03G01457680","protein","C2+",2,"positive"
"prot__TraesNOR3A03G01458080","TraesNOR3A03G01458080","protein","C1-",1,"negative"
"prot__TraesNOR3A03G01458090","TraesNOR3A03G01458090","protein","C1+",1,"positive"
"prot__TraesNOR3A03G01458330","TraesNOR3A03G01458330","protein","C2+",2,"positive"
"prot__TraesNOR3A03G01458590","TraesNOR3A03G01458590","protein","C2-",2,"negative"
"prot__TraesNOR3A03G01458920","TraesNOR3A03G01458920","protein","C1-",1,"negative"
"prot__TraesNOR3A03G01461080","TraesNOR3A03G01461080","protein","C2-",2,"negative"
"prot__TraesNOR3A03G01461430","TraesNOR3A03G01461430","protein","C2+",2,"positive"
"prot__TraesNOR3A03G01462160","TraesNOR3A03G01462160","protein","C1-",1,"negative"
"prot__TraesNOR3A03G01464880","TraesNOR3A03G01464880","protein","C1-",1,"negative"
"prot__TraesNOR3A03G01465830","TraesNOR3A03G01465830","protein","C1-",1,"negative"
"prot__TraesNOR3A03G01465930","TraesNOR3A03G01465930","protein","C1-",1,"negative"
"prot__TraesNOR3A03G01466450","TraesNOR3A03G01466450","protein","C2+",2,"positive"
"prot__TraesNOR3A03G01466950","TraesNOR3A03G01466950","protein","C2+",2,"positive"
"prot__TraesNOR3A03G01467220","TraesNOR3A03G01467220","protein","C1-",1,"negative"
"prot__TraesNOR3A03G01471590","TraesNOR3A03G01471590","protein","C1+",1,"positive"
"prot__TraesNOR3A03G01472840","TraesNOR3A03G01472840","protein","C1+",1,"positive"
"prot__TraesNOR3A03G01473360","TraesNOR3A03G01473360","protein","C2+",2,"positive"
"prot__TraesNOR3A03G01473600","TraesNOR3A03G01473600","protein","C1+",1,"positive"
"prot__TraesNOR3A03G01473790","TraesNOR3A03G01473790","protein","C2-",2,"negative"
"prot__TraesNOR3A03G01478200","TraesNOR3A03G01478200","protein","C1-",1,"negative"
"prot__TraesNOR3A03G01479460","TraesNOR3A03G01479460","protein","C1-",1,"negative"
"prot__TraesNOR3A03G01480520","TraesNOR3A03G01480520","protein","C1+",1,"positive"
"prot__TraesNOR3A03G01480710","TraesNOR3A03G01480710","protein","C2+",2,"positive"
"prot__TraesNOR3A03G01481710","TraesNOR3A03G01481710","protein","C1-",1,"negative"
"prot__TraesNOR3A03G01484640","TraesNOR3A03G01484640","protein","C1-",1,"negative"
"prot__TraesNOR3A03G01485370","TraesNOR3A03G01485370","protein","C2+",2,"positive"
"prot__TraesNOR3A03G01485500","TraesNOR3A03G01485500","protein","C2+",2,"positive"
"prot__TraesNOR3A03G01485980","TraesNOR3A03G01485980","protein","C2+",2,"positive"
"prot__TraesNOR3A03G01488490","TraesNOR3A03G01488490","protein","C2+",2,"positive"
"prot__TraesNOR3A03G01488860","TraesNOR3A03G01488860","protein","C1-",1,"negative"
"prot__TraesNOR3A03G01490410","TraesNOR3A03G01490410","protein","C2+",2,"positive"
"prot__TraesNOR3A03G01492760","TraesNOR3A03G01492760","protein","C1+",1,"positive"
"prot__TraesNOR3A03G01493910","TraesNOR3A03G01493910","protein","C1-",1,"negative"
"prot__TraesNOR3A03G01496130","TraesNOR3A03G01496130","protein","C1-",1,"negative"
"prot__TraesNOR3A03G01497550","TraesNOR3A03G01497550","protein","C2+",2,"positive"
"prot__TraesNOR3A03G01497710","TraesNOR3A03G01497710","protein","C2+",2,"positive"
"prot__TraesNOR3A03G01499640","TraesNOR3A03G01499640","protein","C2+",2,"positive"
"prot__TraesNOR3A03G01499730","TraesNOR3A03G01499730","protein","C1-",1,"negative"
"prot__TraesNOR3A03G01502440","TraesNOR3A03G01502440","protein","C1-",1,"negative"
"prot__TraesNOR3A03G01504280","TraesNOR3A03G01504280","protein","C2+",2,"positive"
"prot__TraesNOR3A03G01504400","TraesNOR3A03G01504400","protein","C1-",1,"negative"
"prot__TraesNOR3A03G01506210","TraesNOR3A03G01506210","protein","C1-",1,"negative"
"prot__TraesNOR3A03G01506240","TraesNOR3A03G01506240","protein","C1+",1,"positive"
"prot__TraesNOR3A03G01506840","TraesNOR3A03G01506840","protein","C1-",1,"negative"
"prot__TraesNOR3A03G01506850","TraesNOR3A03G01506850","protein","C1-",1,"negative"
"prot__TraesNOR3A03G01510390","TraesNOR3A03G01510390","protein","C2+",2,"positive"
"prot__TraesNOR3A03G01512820","TraesNOR3A03G01512820","protein","C2+",2,"positive"
"prot__TraesNOR3A03G01513310","TraesNOR3A03G01513310","protein","C1-",1,"negative"
"prot__TraesNOR3A03G01514180","TraesNOR3A03G01514180","protein","C1-",1,"negative"
"prot__TraesNOR3A03G01515310","TraesNOR3A03G01515310","protein","C1-",1,"negative"
"prot__TraesNOR3A03G01526760","TraesNOR3A03G01526760","protein","C2+",2,"positive"
"prot__TraesNOR3A03G01527210","TraesNOR3A03G01527210","protein","C1+",1,"positive"
"prot__TraesNOR3A03G01527440","TraesNOR3A03G01527440","protein","C2+",2,"positive"
"prot__TraesNOR3A03G01527450","TraesNOR3A03G01527450","protein","C2+",2,"positive"
"prot__TraesNOR3A03G01527950","TraesNOR3A03G01527950","protein","C2+",2,"positive"
"prot__TraesNOR3A03G01528760","TraesNOR3A03G01528760","protein","C1-",1,"negative"
"prot__TraesNOR3A03G01531690","TraesNOR3A03G01531690","protein","C1-",1,"negative"
"prot__TraesNOR3A03G01531880","TraesNOR3A03G01531880","protein","C2+",2,"positive"
"prot__TraesNOR3A03G01532240","TraesNOR3A03G01532240","protein","C2+",2,"positive"
"prot__TraesNOR3A03G01532790","TraesNOR3A03G01532790","protein","C1-",1,"negative"
"prot__TraesNOR3A03G01535860","TraesNOR3A03G01535860","protein","C2+",2,"positive"
"prot__TraesNOR3A03G01537110","TraesNOR3A03G01537110","protein","C1-",1,"negative"
"prot__TraesNOR3A03G01540710","TraesNOR3A03G01540710","protein","C2+",2,"positive"
"prot__TraesNOR3A03G01542940","TraesNOR3A03G01542940","protein","C1+",1,"positive"
"prot__TraesNOR3B03G01555500","TraesNOR3B03G01555500","protein","C2+",2,"positive"
"prot__TraesNOR3B03G01556010","TraesNOR3B03G01556010","protein","C2+",2,"positive"
"prot__TraesNOR3B03G01557950","TraesNOR3B03G01557950","protein","C1-",1,"negative"
"prot__TraesNOR3B03G01560290","TraesNOR3B03G01560290","protein","C1-",1,"negative"
"prot__TraesNOR3B03G01560730","TraesNOR3B03G01560730","protein","C1-",1,"negative"
"prot__TraesNOR3B03G01561130","TraesNOR3B03G01561130","protein","C2+",2,"positive"
"prot__TraesNOR3B03G01561600","TraesNOR3B03G01561600","protein","C1+",1,"positive"
"prot__TraesNOR3B03G01562350","TraesNOR3B03G01562350","protein","C1-",1,"negative"
"prot__TraesNOR3B03G01565530","TraesNOR3B03G01565530","protein","C1+",1,"positive"
"prot__TraesNOR3B03G01566120","TraesNOR3B03G01566120","protein","C2-",2,"negative"
"prot__TraesNOR3B03G01567630","TraesNOR3B03G01567630","protein","C2+",2,"positive"
"prot__TraesNOR3B03G01577720","TraesNOR3B03G01577720","protein","C2-",2,"negative"
"prot__TraesNOR3B03G01578140","TraesNOR3B03G01578140","protein","C1+",1,"positive"
"prot__TraesNOR3B03G01579090","TraesNOR3B03G01579090","protein","C2-",2,"negative"
"prot__TraesNOR3B03G01581130","TraesNOR3B03G01581130","protein","C1+",1,"positive"
"prot__TraesNOR3B03G01584690","TraesNOR3B03G01584690","protein","C1+",1,"positive"
"prot__TraesNOR3B03G01590150","TraesNOR3B03G01590150","protein","C1-",1,"negative"
"prot__TraesNOR3B03G01591390","TraesNOR3B03G01591390","protein","C2+",2,"positive"
"prot__TraesNOR3B03G01593490","TraesNOR3B03G01593490","protein","C1+",1,"positive"
"prot__TraesNOR3B03G01596200","TraesNOR3B03G01596200","protein","C1-",1,"negative"
"prot__TraesNOR3B03G01596870","TraesNOR3B03G01596870","protein","C2+",2,"positive"
"prot__TraesNOR3B03G01601180","TraesNOR3B03G01601180","protein","C2+",2,"positive"
"prot__TraesNOR3B03G01603710","TraesNOR3B03G01603710","protein","C1-",1,"negative"
"prot__TraesNOR3B03G01605410","TraesNOR3B03G01605410","protein","C1-",1,"negative"
"prot__TraesNOR3B03G01607560","TraesNOR3B03G01607560","protein","C1-",1,"negative"
"prot__TraesNOR3B03G01608300","TraesNOR3B03G01608300","protein","C1-",1,"negative"
"prot__TraesNOR3B03G01608510","TraesNOR3B03G01608510","protein","C2+",2,"positive"
"prot__TraesNOR3B03G01608760","TraesNOR3B03G01608760","protein","C1-",1,"negative"
"prot__TraesNOR3B03G01610360","TraesNOR3B03G01610360","protein","C2+",2,"positive"
"prot__TraesNOR3B03G01610530","TraesNOR3B03G01610530","protein","C2+",2,"positive"
"prot__TraesNOR3B03G01611300","TraesNOR3B03G01611300","protein","C1-",1,"negative"
"prot__TraesNOR3B03G01611680","TraesNOR3B03G01611680","protein","C1-",1,"negative"
"prot__TraesNOR3B03G01612180","TraesNOR3B03G01612180","protein","C1+",1,"positive"
"prot__TraesNOR3B03G01612730","TraesNOR3B03G01612730","protein","C2+",2,"positive"
"prot__TraesNOR3B03G01613700","TraesNOR3B03G01613700","protein","C1-",1,"negative"
"prot__TraesNOR3B03G01614040","TraesNOR3B03G01614040","protein","C2+",2,"positive"
"prot__TraesNOR3B03G01619040","TraesNOR3B03G01619040","protein","C2-",2,"negative"
"prot__TraesNOR3B03G01619070","TraesNOR3B03G01619070","protein","C2-",2,"negative"
"prot__TraesNOR3B03G01619670","TraesNOR3B03G01619670","protein","C1-",1,"negative"
"prot__TraesNOR3B03G01625090","TraesNOR3B03G01625090","protein","C1-",1,"negative"
"prot__TraesNOR3B03G01625630","TraesNOR3B03G01625630","protein","C2-",2,"negative"
"prot__TraesNOR3B03G01626440","TraesNOR3B03G01626440","protein","C1-",1,"negative"
"prot__TraesNOR3B03G01626570","TraesNOR3B03G01626570","protein","C1-",1,"negative"
"prot__TraesNOR3B03G01626790","TraesNOR3B03G01626790","protein","C1+",1,"positive"
"prot__TraesNOR3B03G01628020","TraesNOR3B03G01628020","protein","C2+",2,"positive"
"prot__TraesNOR3B03G01629060","TraesNOR3B03G01629060","protein","C1+",1,"positive"
"prot__TraesNOR3B03G01633070","TraesNOR3B03G01633070","protein","C1-",1,"negative"
"prot__TraesNOR3B03G01634290","TraesNOR3B03G01634290","protein","C2-",2,"negative"
"prot__TraesNOR3B03G01638440","TraesNOR3B03G01638440","protein","C1-",1,"negative"
"prot__TraesNOR3B03G01639050","TraesNOR3B03G01639050","protein","C1-",1,"negative"
"prot__TraesNOR3B03G01641990","TraesNOR3B03G01641990","protein","C1-",1,"negative"
"prot__TraesNOR3B03G01644330","TraesNOR3B03G01644330","protein","C1+",1,"positive"
"prot__TraesNOR3B03G01645030","TraesNOR3B03G01645030","protein","C2-",2,"negative"
"prot__TraesNOR3B03G01653880","TraesNOR3B03G01653880","protein","C2+",2,"positive"
"prot__TraesNOR3B03G01656860","TraesNOR3B03G01656860","protein","C1-",1,"negative"
"prot__TraesNOR3B03G01661460","TraesNOR3B03G01661460","protein","C2-",2,"negative"
"prot__TraesNOR3B03G01663160","TraesNOR3B03G01663160","protein","C1+",1,"positive"
"prot__TraesNOR3B03G01663310","TraesNOR3B03G01663310","protein","C1+",1,"positive"
"prot__TraesNOR3B03G01664670","TraesNOR3B03G01664670","protein","C1-",1,"negative"
"prot__TraesNOR3B03G01671720","TraesNOR3B03G01671720","protein","C1-",1,"negative"
"prot__TraesNOR3B03G01671840","TraesNOR3B03G01671840","protein","C1-",1,"negative"
"prot__TraesNOR3B03G01671930","TraesNOR3B03G01671930","protein","C1-",1,"negative"
"prot__TraesNOR3B03G01674690","TraesNOR3B03G01674690","protein","C1-",1,"negative"
"prot__TraesNOR3B03G01674810","TraesNOR3B03G01674810","protein","C1-",1,"negative"
"prot__TraesNOR3B03G01675920","TraesNOR3B03G01675920","protein","C1+",1,"positive"
"prot__TraesNOR3B03G01678180","TraesNOR3B03G01678180","protein","C1-",1,"negative"
"prot__TraesNOR3B03G01679450","TraesNOR3B03G01679450","protein","C2-",2,"negative"
"prot__TraesNOR3B03G01682060","TraesNOR3B03G01682060","protein","C1-",1,"negative"
"prot__TraesNOR3B03G01684610","TraesNOR3B03G01684610","protein","C2+",2,"positive"
"prot__TraesNOR3B03G01685600","TraesNOR3B03G01685600","protein","C1-",1,"negative"
"prot__TraesNOR3B03G01686120","TraesNOR3B03G01686120","protein","C2+",2,"positive"
"prot__TraesNOR3B03G01686130","TraesNOR3B03G01686130","protein","C1+",1,"positive"
"prot__TraesNOR3B03G01686480","TraesNOR3B03G01686480","protein","C2+",2,"positive"
"prot__TraesNOR3B03G01689950","TraesNOR3B03G01689950","protein","C2+",2,"positive"
"prot__TraesNOR3B03G01692010","TraesNOR3B03G01692010","protein","C2+",2,"positive"
"prot__TraesNOR3B03G01696470","TraesNOR3B03G01696470","protein","C2+",2,"positive"
"prot__TraesNOR3B03G01700670","TraesNOR3B03G01700670","protein","C1-",1,"negative"
"prot__TraesNOR3B03G01704270","TraesNOR3B03G01704270","protein","C1+",1,"positive"
"prot__TraesNOR3B03G01706150","TraesNOR3B03G01706150","protein","C2+",2,"positive"
"prot__TraesNOR3B03G01709450","TraesNOR3B03G01709450","protein","C2+",2,"positive"
"prot__TraesNOR3B03G01709600","TraesNOR3B03G01709600","protein","C2+",2,"positive"
"prot__TraesNOR3B03G01710540","TraesNOR3B03G01710540","protein","C2+",2,"positive"
"prot__TraesNOR3B03G01711030","TraesNOR3B03G01711030","protein","C1-",1,"negative"
"prot__TraesNOR3B03G01714270","TraesNOR3B03G01714270","protein","C2-",2,"negative"
"prot__TraesNOR3B03G01716480","TraesNOR3B03G01716480","protein","C1-",1,"negative"
"prot__TraesNOR3B03G01716890","TraesNOR3B03G01716890","protein","C1-",1,"negative"
"prot__TraesNOR3B03G01718940","TraesNOR3B03G01718940","protein","C2+",2,"positive"
"prot__TraesNOR3B03G01719380","TraesNOR3B03G01719380","protein","C1-",1,"negative"
"prot__TraesNOR3B03G01719470","TraesNOR3B03G01719470","protein","C2+",2,"positive"
"prot__TraesNOR3B03G01719530","TraesNOR3B03G01719530","protein","C2+",2,"positive"
"prot__TraesNOR3B03G01719790","TraesNOR3B03G01719790","protein","C2-",2,"negative"
"prot__TraesNOR3B03G01720970","TraesNOR3B03G01720970","protein","C2-",2,"negative"
"prot__TraesNOR3B03G01721780","TraesNOR3B03G01721780","protein","C1-",1,"negative"
"prot__TraesNOR3B03G01723170","TraesNOR3B03G01723170","protein","C2+",2,"positive"
"prot__TraesNOR3B03G01724640","TraesNOR3B03G01724640","protein","C1+",1,"positive"
"prot__TraesNOR3B03G01725970","TraesNOR3B03G01725970","protein","C1+",1,"positive"
"prot__TraesNOR3B03G01727480","TraesNOR3B03G01727480","protein","C2+",2,"positive"
"prot__TraesNOR3B03G01737930","TraesNOR3B03G01737930","protein","C1-",1,"negative"
"prot__TraesNOR3B03G01738570","TraesNOR3B03G01738570","protein","C1-",1,"negative"
"prot__TraesNOR3B03G01742530","TraesNOR3B03G01742530","protein","C1-",1,"negative"
"prot__TraesNOR3B03G01742690","TraesNOR3B03G01742690","protein","C2-",2,"negative"
"prot__TraesNOR3B03G01745530","TraesNOR3B03G01745530","protein","C1+",1,"positive"
"prot__TraesNOR3B03G01745690","TraesNOR3B03G01745690","protein","C1-",1,"negative"
"prot__TraesNOR3B03G01745910","TraesNOR3B03G01745910","protein","C2+",2,"positive"
"prot__TraesNOR3B03G01746400","TraesNOR3B03G01746400","protein","C2+",2,"positive"
"prot__TraesNOR3B03G01746440","TraesNOR3B03G01746440","protein","C2-",2,"negative"
"prot__TraesNOR3B03G01746820","TraesNOR3B03G01746820","protein","C2+",2,"positive"
"prot__TraesNOR3B03G01748450","TraesNOR3B03G01748450","protein","C1-",1,"negative"
"prot__TraesNOR3B03G01754790","TraesNOR3B03G01754790","protein","C2+",2,"positive"
"prot__TraesNOR3B03G01754800","TraesNOR3B03G01754800","protein","C1-",1,"negative"
"prot__TraesNOR3B03G01755290","TraesNOR3B03G01755290","protein","C2-",2,"negative"
"prot__TraesNOR3B03G01755880","TraesNOR3B03G01755880","protein","C1-",1,"negative"
"prot__TraesNOR3B03G01757120","TraesNOR3B03G01757120","protein","C2+",2,"positive"
"prot__TraesNOR3B03G01757580","TraesNOR3B03G01757580","protein","C2+",2,"positive"
"prot__TraesNOR3B03G01757670","TraesNOR3B03G01757670","protein","C1-",1,"negative"
"prot__TraesNOR3B03G01760560","TraesNOR3B03G01760560","protein","C2+",2,"positive"
"prot__TraesNOR3B03G01763990","TraesNOR3B03G01763990","protein","C1+",1,"positive"
"prot__TraesNOR3B03G01764200","TraesNOR3B03G01764200","protein","C2-",2,"negative"
"prot__TraesNOR3B03G01765040","TraesNOR3B03G01765040","protein","C1-",1,"negative"
"prot__TraesNOR3B03G01765670","TraesNOR3B03G01765670","protein","C1-",1,"negative"
"prot__TraesNOR3B03G01769170","TraesNOR3B03G01769170","protein","C1-",1,"negative"
"prot__TraesNOR3B03G01771450","TraesNOR3B03G01771450","protein","C2+",2,"positive"
"prot__TraesNOR3B03G01772570","TraesNOR3B03G01772570","protein","C2+",2,"positive"
"prot__TraesNOR3B03G01774560","TraesNOR3B03G01774560","protein","C2-",2,"negative"
"prot__TraesNOR3B03G01775190","TraesNOR3B03G01775190","protein","C2+",2,"positive"
"prot__TraesNOR3B03G01785750","TraesNOR3B03G01785750","protein","C2+",2,"positive"
"prot__TraesNOR3B03G01786850","TraesNOR3B03G01786850","protein","C2+",2,"positive"
"prot__TraesNOR3B03G01786870","TraesNOR3B03G01786870","protein","C2+",2,"positive"
"prot__TraesNOR3B03G01787670","TraesNOR3B03G01787670","protein","C2+",2,"positive"
"prot__TraesNOR3B03G01788810","TraesNOR3B03G01788810","protein","C2+",2,"positive"
"prot__TraesNOR3B03G01791930","TraesNOR3B03G01791930","protein","C1+",1,"positive"
"prot__TraesNOR3B03G01793520","TraesNOR3B03G01793520","protein","C2-",2,"negative"
"prot__TraesNOR3B03G01795510","TraesNOR3B03G01795510","protein","C2+",2,"positive"
"prot__TraesNOR3B03G01795920","TraesNOR3B03G01795920","protein","C2+",2,"positive"
"prot__TraesNOR3B03G01801310","TraesNOR3B03G01801310","protein","C2+",2,"positive"
"prot__TraesNOR3B03G01802710","TraesNOR3B03G01802710","protein","C2+",2,"positive"
"prot__TraesNOR3B03G01803200","TraesNOR3B03G01803200","protein","C1-",1,"negative"
"prot__TraesNOR3B03G01809830","TraesNOR3B03G01809830","protein","C1-",1,"negative"
"prot__TraesNOR3B03G01810810","TraesNOR3B03G01810810","protein","C2+",2,"positive"
"prot__TraesNOR3B03G01810840","TraesNOR3B03G01810840","protein","C1-",1,"negative"
"prot__TraesNOR3B03G01813150","TraesNOR3B03G01813150","protein","C2-",2,"negative"
"prot__TraesNOR3B03G01814120","TraesNOR3B03G01814120","protein","C2-",2,"negative"
"prot__TraesNOR3B03G01817840","TraesNOR3B03G01817840","protein","C2+",2,"positive"
"prot__TraesNOR3B03G01817980","TraesNOR3B03G01817980","protein","C1-",1,"negative"
"prot__TraesNOR3B03G01818160","TraesNOR3B03G01818160","protein","C1-",1,"negative"
"prot__TraesNOR3B03G01820230","TraesNOR3B03G01820230","protein","C2-",2,"negative"
"prot__TraesNOR3B03G01821580","TraesNOR3B03G01821580","protein","C1+",1,"positive"
"prot__TraesNOR3D03G01823290","TraesNOR3D03G01823290","protein","C1-",1,"negative"
"prot__TraesNOR3D03G01826790","TraesNOR3D03G01826790","protein","C1-",1,"negative"
"prot__TraesNOR3D03G01826800","TraesNOR3D03G01826800","protein","C1-",1,"negative"
"prot__TraesNOR3D03G01827060","TraesNOR3D03G01827060","protein","C1-",1,"negative"
"prot__TraesNOR3D03G01827400","TraesNOR3D03G01827400","protein","C1+",1,"positive"
"prot__TraesNOR3D03G01827410","TraesNOR3D03G01827410","protein","C2+",2,"positive"
"prot__TraesNOR3D03G01827450","TraesNOR3D03G01827450","protein","C1-",1,"negative"
"prot__TraesNOR3D03G01827750","TraesNOR3D03G01827750","protein","C1-",1,"negative"
"prot__TraesNOR3D03G01828040","TraesNOR3D03G01828040","protein","C1-",1,"negative"
"prot__TraesNOR3D03G01830040","TraesNOR3D03G01830040","protein","C2+",2,"positive"
"prot__TraesNOR3D03G01830320","TraesNOR3D03G01830320","protein","C1-",1,"negative"
"prot__TraesNOR3D03G01830570","TraesNOR3D03G01830570","protein","C2+",2,"positive"
"prot__TraesNOR3D03G01831510","TraesNOR3D03G01831510","protein","C1+",1,"positive"
"prot__TraesNOR3D03G01831930","TraesNOR3D03G01831930","protein","C2+",2,"positive"
"prot__TraesNOR3D03G01832420","TraesNOR3D03G01832420","protein","C2+",2,"positive"
"prot__TraesNOR3D03G01832770","TraesNOR3D03G01832770","protein","C2+",2,"positive"
"prot__TraesNOR3D03G01833290","TraesNOR3D03G01833290","protein","C1-",1,"negative"
"prot__TraesNOR3D03G01835760","TraesNOR3D03G01835760","protein","C1+",1,"positive"
"prot__TraesNOR3D03G01836490","TraesNOR3D03G01836490","protein","C2+",2,"positive"
"prot__TraesNOR3D03G01837150","TraesNOR3D03G01837150","protein","C2+",2,"positive"
"prot__TraesNOR3D03G01837380","TraesNOR3D03G01837380","protein","C2-",2,"negative"
"prot__TraesNOR3D03G01837620","TraesNOR3D03G01837620","protein","C2+",2,"positive"
"prot__TraesNOR3D03G01839370","TraesNOR3D03G01839370","protein","C1+",1,"positive"
"prot__TraesNOR3D03G01839580","TraesNOR3D03G01839580","protein","C2+",2,"positive"
"prot__TraesNOR3D03G01841640","TraesNOR3D03G01841640","protein","C2+",2,"positive"
"prot__TraesNOR3D03G01843510","TraesNOR3D03G01843510","protein","C1-",1,"negative"
"prot__TraesNOR3D03G01844770","TraesNOR3D03G01844770","protein","C1+",1,"positive"
"prot__TraesNOR3D03G01845170","TraesNOR3D03G01845170","protein","C2+",2,"positive"
"prot__TraesNOR3D03G01846620","TraesNOR3D03G01846620","protein","C2-",2,"negative"
"prot__TraesNOR3D03G01847710","TraesNOR3D03G01847710","protein","C2+",2,"positive"
"prot__TraesNOR3D03G01847790","TraesNOR3D03G01847790","protein","C2+",2,"positive"
"prot__TraesNOR3D03G01848450","TraesNOR3D03G01848450","protein","C2+",2,"positive"
"prot__TraesNOR3D03G01848520","TraesNOR3D03G01848520","protein","C2+",2,"positive"
"prot__TraesNOR3D03G01848950","TraesNOR3D03G01848950","protein","C1+",1,"positive"
"prot__TraesNOR3D03G01848970","TraesNOR3D03G01848970","protein","C2-",2,"negative"
"prot__TraesNOR3D03G01850120","TraesNOR3D03G01850120","protein","C2+",2,"positive"
"prot__TraesNOR3D03G01850380","TraesNOR3D03G01850380","protein","C2+",2,"positive"
"prot__TraesNOR3D03G01851060","TraesNOR3D03G01851060","protein","C2+",2,"positive"
"prot__TraesNOR3D03G01851680","TraesNOR3D03G01851680","protein","C1+",1,"positive"
"prot__TraesNOR3D03G01853500","TraesNOR3D03G01853500","protein","C1-",1,"negative"
"prot__TraesNOR3D03G01854490","TraesNOR3D03G01854490","protein","C1-",1,"negative"
"prot__TraesNOR3D03G01854900","TraesNOR3D03G01854900","protein","C1-",1,"negative"
"prot__TraesNOR3D03G01854970","TraesNOR3D03G01854970","protein","C1+",1,"positive"
"prot__TraesNOR3D03G01856250","TraesNOR3D03G01856250","protein","C1-",1,"negative"
"prot__TraesNOR3D03G01856750","TraesNOR3D03G01856750","protein","C2+",2,"positive"
"prot__TraesNOR3D03G01858850","TraesNOR3D03G01858850","protein","C2-",2,"negative"
"prot__TraesNOR3D03G01860310","TraesNOR3D03G01860310","protein","C2-",2,"negative"
"prot__TraesNOR3D03G01860580","TraesNOR3D03G01860580","protein","C2-",2,"negative"
"prot__TraesNOR3D03G01860620","TraesNOR3D03G01860620","protein","C2-",2,"negative"
"prot__TraesNOR3D03G01862390","TraesNOR3D03G01862390","protein","C2+",2,"positive"
"prot__TraesNOR3D03G01862590","TraesNOR3D03G01862590","protein","C1-",1,"negative"
"prot__TraesNOR3D03G01863090","TraesNOR3D03G01863090","protein","C2+",2,"positive"
"prot__TraesNOR3D03G01864330","TraesNOR3D03G01864330","protein","C1-",1,"negative"
"prot__TraesNOR3D03G01864340","TraesNOR3D03G01864340","protein","C1-",1,"negative"
"prot__TraesNOR3D03G01864960","TraesNOR3D03G01864960","protein","C2-",2,"negative"
"prot__TraesNOR3D03G01865110","TraesNOR3D03G01865110","protein","C1+",1,"positive"
"prot__TraesNOR3D03G01865130","TraesNOR3D03G01865130","protein","C1-",1,"negative"
"prot__TraesNOR3D03G01875040","TraesNOR3D03G01875040","protein","C1-",1,"negative"
"prot__TraesNOR3D03G01875210","TraesNOR3D03G01875210","protein","C2+",2,"positive"
"prot__TraesNOR3D03G01875430","TraesNOR3D03G01875430","protein","C1+",1,"positive"
"prot__TraesNOR3D03G01876170","TraesNOR3D03G01876170","protein","C2-",2,"negative"
"prot__TraesNOR3D03G01876460","TraesNOR3D03G01876460","protein","C1-",1,"negative"
"prot__TraesNOR3D03G01877390","TraesNOR3D03G01877390","protein","C1-",1,"negative"
"prot__TraesNOR3D03G01878490","TraesNOR3D03G01878490","protein","C1-",1,"negative"
"prot__TraesNOR3D03G01878690","TraesNOR3D03G01878690","protein","C1-",1,"negative"
"prot__TraesNOR3D03G01879210","TraesNOR3D03G01879210","protein","C2+",2,"positive"
"prot__TraesNOR3D03G01880300","TraesNOR3D03G01880300","protein","C1-",1,"negative"
"prot__TraesNOR3D03G01880520","TraesNOR3D03G01880520","protein","C2+",2,"positive"
"prot__TraesNOR3D03G01884010","TraesNOR3D03G01884010","protein","C1-",1,"negative"
"prot__TraesNOR3D03G01885030","TraesNOR3D03G01885030","protein","C1-",1,"negative"
"prot__TraesNOR3D03G01885050","TraesNOR3D03G01885050","protein","C2+",2,"positive"
"prot__TraesNOR3D03G01885200","TraesNOR3D03G01885200","protein","C1+",1,"positive"
"prot__TraesNOR3D03G01885480","TraesNOR3D03G01885480","protein","C1+",1,"positive"
"prot__TraesNOR3D03G01886350","TraesNOR3D03G01886350","protein","C1+",1,"positive"
"prot__TraesNOR3D03G01886730","TraesNOR3D03G01886730","protein","C2+",2,"positive"
"prot__TraesNOR3D03G01888620","TraesNOR3D03G01888620","protein","C2-",2,"negative"
"prot__TraesNOR3D03G01889070","TraesNOR3D03G01889070","protein","C2+",2,"positive"
"prot__TraesNOR3D03G01889610","TraesNOR3D03G01889610","protein","C2+",2,"positive"
"prot__TraesNOR3D03G01889940","TraesNOR3D03G01889940","protein","C1-",1,"negative"
"prot__TraesNOR3D03G01890190","TraesNOR3D03G01890190","protein","C1+",1,"positive"
"prot__TraesNOR3D03G01890350","TraesNOR3D03G01890350","protein","C2+",2,"positive"
"prot__TraesNOR3D03G01891130","TraesNOR3D03G01891130","protein","C1-",1,"negative"
"prot__TraesNOR3D03G01891540","TraesNOR3D03G01891540","protein","C1-",1,"negative"
"prot__TraesNOR3D03G01892920","TraesNOR3D03G01892920","protein","C2+",2,"positive"
"prot__TraesNOR3D03G01895310","TraesNOR3D03G01895310","protein","C1+",1,"positive"
"prot__TraesNOR3D03G01897290","TraesNOR3D03G01897290","protein","C2+",2,"positive"
"prot__TraesNOR3D03G01902390","TraesNOR3D03G01902390","protein","C2-",2,"negative"
"prot__TraesNOR3D03G01904590","TraesNOR3D03G01904590","protein","C2+",2,"positive"
"prot__TraesNOR3D03G01905800","TraesNOR3D03G01905800","protein","C2+",2,"positive"
"prot__TraesNOR3D03G01908200","TraesNOR3D03G01908200","protein","C1-",1,"negative"
"prot__TraesNOR3D03G01908710","TraesNOR3D03G01908710","protein","C1-",1,"negative"
"prot__TraesNOR3D03G01908860","TraesNOR3D03G01908860","protein","C2+",2,"positive"
"prot__TraesNOR3D03G01908980","TraesNOR3D03G01908980","protein","C1-",1,"negative"
"prot__TraesNOR3D03G01909010","TraesNOR3D03G01909010","protein","C1-",1,"negative"
"prot__TraesNOR3D03G01909760","TraesNOR3D03G01909760","protein","C2+",2,"positive"
"prot__TraesNOR3D03G01910510","TraesNOR3D03G01910510","protein","C2+",2,"positive"
"prot__TraesNOR3D03G01910810","TraesNOR3D03G01910810","protein","C1-",1,"negative"
"prot__TraesNOR3D03G01911760","TraesNOR3D03G01911760","protein","C1+",1,"positive"
"prot__TraesNOR3D03G01912860","TraesNOR3D03G01912860","protein","C1-",1,"negative"
"prot__TraesNOR3D03G01914740","TraesNOR3D03G01914740","protein","C1-",1,"negative"
"prot__TraesNOR3D03G01915960","TraesNOR3D03G01915960","protein","C2+",2,"positive"
"prot__TraesNOR3D03G01916160","TraesNOR3D03G01916160","protein","C1-",1,"negative"
"prot__TraesNOR3D03G01916560","TraesNOR3D03G01916560","protein","C1-",1,"negative"
"prot__TraesNOR3D03G01919450","TraesNOR3D03G01919450","protein","C2-",2,"negative"
"prot__TraesNOR3D03G01920050","TraesNOR3D03G01920050","protein","C2-",2,"negative"
"prot__TraesNOR3D03G01920320","TraesNOR3D03G01920320","protein","C1-",1,"negative"
"prot__TraesNOR3D03G01921620","TraesNOR3D03G01921620","protein","C1-",1,"negative"
"prot__TraesNOR3D03G01923120","TraesNOR3D03G01923120","protein","C1-",1,"negative"
"prot__TraesNOR3D03G01926280","TraesNOR3D03G01926280","protein","C1-",1,"negative"
"prot__TraesNOR3D03G01927410","TraesNOR3D03G01927410","protein","C1+",1,"positive"
"prot__TraesNOR3D03G01928480","TraesNOR3D03G01928480","protein","C2+",2,"positive"
"prot__TraesNOR3D03G01929260","TraesNOR3D03G01929260","protein","C1-",1,"negative"
"prot__TraesNOR3D03G01929280","TraesNOR3D03G01929280","protein","C2+",2,"positive"
"prot__TraesNOR3D03G01929420","TraesNOR3D03G01929420","protein","C2+",2,"positive"
"prot__TraesNOR3D03G01929760","TraesNOR3D03G01929760","protein","C2+",2,"positive"
"prot__TraesNOR3D03G01930620","TraesNOR3D03G01930620","protein","C1-",1,"negative"
"prot__TraesNOR3D03G01930980","TraesNOR3D03G01930980","protein","C2-",2,"negative"
"prot__TraesNOR3D03G01931810","TraesNOR3D03G01931810","protein","C1-",1,"negative"
"prot__TraesNOR3D03G01932610","TraesNOR3D03G01932610","protein","C2+",2,"positive"
"prot__TraesNOR3D03G01932690","TraesNOR3D03G01932690","protein","C2+",2,"positive"
"prot__TraesNOR3D03G01932840","TraesNOR3D03G01932840","protein","C1-",1,"negative"
"prot__TraesNOR3D03G01932920","TraesNOR3D03G01932920","protein","C2+",2,"positive"
"prot__TraesNOR3D03G01934400","TraesNOR3D03G01934400","protein","C1-",1,"negative"
"prot__TraesNOR3D03G01936640","TraesNOR3D03G01936640","protein","C2+",2,"positive"
"prot__TraesNOR3D03G01939330","TraesNOR3D03G01939330","protein","C2-",2,"negative"
"prot__TraesNOR3D03G01940300","TraesNOR3D03G01940300","protein","C2+",2,"positive"
"prot__TraesNOR3D03G01940810","TraesNOR3D03G01940810","protein","C1-",1,"negative"
"prot__TraesNOR3D03G01941490","TraesNOR3D03G01941490","protein","C2-",2,"negative"
"prot__TraesNOR3D03G01941520","TraesNOR3D03G01941520","protein","C2+",2,"positive"
"prot__TraesNOR3D03G01941690","TraesNOR3D03G01941690","protein","C2-",2,"negative"
"prot__TraesNOR3D03G01941970","TraesNOR3D03G01941970","protein","C1+",1,"positive"
"prot__TraesNOR3D03G01943100","TraesNOR3D03G01943100","protein","C1-",1,"negative"
"prot__TraesNOR3D03G01943300","TraesNOR3D03G01943300","protein","C2+",2,"positive"
"prot__TraesNOR3D03G01943530","TraesNOR3D03G01943530","protein","C2+",2,"positive"
"prot__TraesNOR3D03G01943600","TraesNOR3D03G01943600","protein","C2+",2,"positive"
"prot__TraesNOR3D03G01943820","TraesNOR3D03G01943820","protein","C1-",1,"negative"
"prot__TraesNOR3D03G01945910","TraesNOR3D03G01945910","protein","C1-",1,"negative"
"prot__TraesNOR3D03G01946300","TraesNOR3D03G01946300","protein","C2-",2,"negative"
"prot__TraesNOR3D03G01946340","TraesNOR3D03G01946340","protein","C2+",2,"positive"
"prot__TraesNOR3D03G01946620","TraesNOR3D03G01946620","protein","C1-",1,"negative"
"prot__TraesNOR3D03G01946650","TraesNOR3D03G01946650","protein","C2+",2,"positive"
"prot__TraesNOR3D03G01946780","TraesNOR3D03G01946780","protein","C2+",2,"positive"
"prot__TraesNOR3D03G01946830","TraesNOR3D03G01946830","protein","C1-",1,"negative"
"prot__TraesNOR3D03G01947510","TraesNOR3D03G01947510","protein","C1+",1,"positive"
"prot__TraesNOR3D03G01950200","TraesNOR3D03G01950200","protein","C1+",1,"positive"
"prot__TraesNOR3D03G01953280","TraesNOR3D03G01953280","protein","C1-",1,"negative"
"prot__TraesNOR3D03G01953480","TraesNOR3D03G01953480","protein","C2+",2,"positive"
"prot__TraesNOR3D03G01953490","TraesNOR3D03G01953490","protein","C1-",1,"negative"
"prot__TraesNOR3D03G01953920","TraesNOR3D03G01953920","protein","C2+",2,"positive"
"prot__TraesNOR3D03G01954470","TraesNOR3D03G01954470","protein","C1+",1,"positive"
"prot__TraesNOR3D03G01954630","TraesNOR3D03G01954630","protein","C2+",2,"positive"
"prot__TraesNOR3D03G01954860","TraesNOR3D03G01954860","protein","C2+",2,"positive"
"prot__TraesNOR3D03G01955050","TraesNOR3D03G01955050","protein","C2-",2,"negative"
"prot__TraesNOR3D03G01956500","TraesNOR3D03G01956500","protein","C2-",2,"negative"
"prot__TraesNOR3D03G01956770","TraesNOR3D03G01956770","protein","C1-",1,"negative"
"prot__TraesNOR3D03G01956880","TraesNOR3D03G01956880","protein","C1-",1,"negative"
"prot__TraesNOR3D03G01957420","TraesNOR3D03G01957420","protein","C2+",2,"positive"
"prot__TraesNOR3D03G01958080","TraesNOR3D03G01958080","protein","C1-",1,"negative"
"prot__TraesNOR3D03G01958110","TraesNOR3D03G01958110","protein","C2+",2,"positive"
"prot__TraesNOR3D03G01958430","TraesNOR3D03G01958430","protein","C1-",1,"negative"
"prot__TraesNOR3D03G01958450","TraesNOR3D03G01958450","protein","C2+",2,"positive"
"prot__TraesNOR3D03G01959080","TraesNOR3D03G01959080","protein","C1-",1,"negative"
"prot__TraesNOR3D03G01960430","TraesNOR3D03G01960430","protein","C2+",2,"positive"
"prot__TraesNOR3D03G01961460","TraesNOR3D03G01961460","protein","C2-",2,"negative"
"prot__TraesNOR3D03G01961660","TraesNOR3D03G01961660","protein","C1-",1,"negative"
"prot__TraesNOR3D03G01961820","TraesNOR3D03G01961820","protein","C2+",2,"positive"
"prot__TraesNOR3D03G01962010","TraesNOR3D03G01962010","protein","C1-",1,"negative"
"prot__TraesNOR3D03G01962030","TraesNOR3D03G01962030","protein","C1-",1,"negative"
"prot__TraesNOR3D03G01963470","TraesNOR3D03G01963470","protein","C2-",2,"negative"
"prot__TraesNOR3D03G01965540","TraesNOR3D03G01965540","protein","C2+",2,"positive"
"prot__TraesNOR3D03G01965790","TraesNOR3D03G01965790","protein","C1-",1,"negative"
"prot__TraesNOR3D03G01965880","TraesNOR3D03G01965880","protein","C2-",2,"negative"
"prot__TraesNOR3D03G01968650","TraesNOR3D03G01968650","protein","C2+",2,"positive"
"prot__TraesNOR3D03G01969610","TraesNOR3D03G01969610","protein","C1+",1,"positive"
"prot__TraesNOR3D03G01969660","TraesNOR3D03G01969660","protein","C1+",1,"positive"
"prot__TraesNOR3D03G01971230","TraesNOR3D03G01971230","protein","C1-",1,"negative"
"prot__TraesNOR3D03G01974160","TraesNOR3D03G01974160","protein","C1+",1,"positive"
"prot__TraesNOR3D03G01974190","TraesNOR3D03G01974190","protein","C2+",2,"positive"
"prot__TraesNOR3D03G01974270","TraesNOR3D03G01974270","protein","C2+",2,"positive"
"prot__TraesNOR3D03G01974410","TraesNOR3D03G01974410","protein","C2+",2,"positive"
"prot__TraesNOR3D03G01974490","TraesNOR3D03G01974490","protein","C2+",2,"positive"
"prot__TraesNOR3D03G01974950","TraesNOR3D03G01974950","protein","C1-",1,"negative"
"prot__TraesNOR3D03G01975500","TraesNOR3D03G01975500","protein","C2+",2,"positive"
"prot__TraesNOR3D03G01975920","TraesNOR3D03G01975920","protein","C2-",2,"negative"
"prot__TraesNOR3D03G01976000","TraesNOR3D03G01976000","protein","C1+",1,"positive"
"prot__TraesNOR3D03G01977130","TraesNOR3D03G01977130","protein","C1+",1,"positive"
"prot__TraesNOR3D03G01977310","TraesNOR3D03G01977310","protein","C2-",2,"negative"
"prot__TraesNOR3D03G01977830","TraesNOR3D03G01977830","protein","C1+",1,"positive"
"prot__TraesNOR3D03G01978050","TraesNOR3D03G01978050","protein","C2+",2,"positive"
"prot__TraesNOR3D03G01979650","TraesNOR3D03G01979650","protein","C2+",2,"positive"
"prot__TraesNOR3D03G01980890","TraesNOR3D03G01980890","protein","C2-",2,"negative"
"prot__TraesNOR3D03G01983190","TraesNOR3D03G01983190","protein","C1-",1,"negative"
"prot__TraesNOR3D03G01983340","TraesNOR3D03G01983340","protein","C1+",1,"positive"
"prot__TraesNOR3D03G01984190","TraesNOR3D03G01984190","protein","C2+",2,"positive"
"prot__TraesNOR3D03G01984230","TraesNOR3D03G01984230","protein","C1-",1,"negative"
"prot__TraesNOR3D03G01984650","TraesNOR3D03G01984650","protein","C2+",2,"positive"
"prot__TraesNOR3D03G01984800","TraesNOR3D03G01984800","protein","C1+",1,"positive"
"prot__TraesNOR3D03G01985000","TraesNOR3D03G01985000","protein","C1-",1,"negative"
"prot__TraesNOR3D03G01985070","TraesNOR3D03G01985070","protein","C2+",2,"positive"
"prot__TraesNOR3D03G01985650","TraesNOR3D03G01985650","protein","C1-",1,"negative"
"prot__TraesNOR3D03G01985820","TraesNOR3D03G01985820","protein","C2+",2,"positive"
"prot__TraesNOR3D03G01985890","TraesNOR3D03G01985890","protein","C1-",1,"negative"
"prot__TraesNOR3D03G01985980","TraesNOR3D03G01985980","protein","C1+",1,"positive"
"prot__TraesNOR3D03G01986610","TraesNOR3D03G01986610","protein","C2+",2,"positive"
"prot__TraesNOR3D03G01990650","TraesNOR3D03G01990650","protein","C2+",2,"positive"
"prot__TraesNOR3D03G01992250","TraesNOR3D03G01992250","protein","C2+",2,"positive"
"prot__TraesNOR3D03G01992690","TraesNOR3D03G01992690","protein","C2-",2,"negative"
"prot__TraesNOR3D03G01992960","TraesNOR3D03G01992960","protein","C2-",2,"negative"
"prot__TraesNOR3D03G01994610","TraesNOR3D03G01994610","protein","C1-",1,"negative"
"prot__TraesNOR3D03G01994790","TraesNOR3D03G01994790","protein","C1-",1,"negative"
"prot__TraesNOR3D03G01995240","TraesNOR3D03G01995240","protein","C2+",2,"positive"
"prot__TraesNOR3D03G01996590","TraesNOR3D03G01996590","protein","C2+",2,"positive"
"prot__TraesNOR3D03G01997330","TraesNOR3D03G01997330","protein","C1-",1,"negative"
"prot__TraesNOR3D03G01997480","TraesNOR3D03G01997480","protein","C1-",1,"negative"
"prot__TraesNOR3D03G01998390","TraesNOR3D03G01998390","protein","C1-",1,"negative"
"prot__TraesNOR3D03G02004900","TraesNOR3D03G02004900","protein","C2+",2,"positive"
"prot__TraesNOR3D03G02007880","TraesNOR3D03G02007880","protein","C2+",2,"positive"
"prot__TraesNOR3D03G02007890","TraesNOR3D03G02007890","protein","C2+",2,"positive"
"prot__TraesNOR3D03G02007900","TraesNOR3D03G02007900","protein","C2+",2,"positive"
"prot__TraesNOR3D03G02008900","TraesNOR3D03G02008900","protein","C2+",2,"positive"
"prot__TraesNOR3D03G02009000","TraesNOR3D03G02009000","protein","C2+",2,"positive"
"prot__TraesNOR3D03G02009350","TraesNOR3D03G02009350","protein","C2+",2,"positive"
"prot__TraesNOR3D03G02009650","TraesNOR3D03G02009650","protein","C2+",2,"positive"
"prot__TraesNOR3D03G02010110","TraesNOR3D03G02010110","protein","C1-",1,"negative"
"prot__TraesNOR3D03G02010760","TraesNOR3D03G02010760","protein","C1-",1,"negative"
"prot__TraesNOR3D03G02012100","TraesNOR3D03G02012100","protein","C1-",1,"negative"
"prot__TraesNOR3D03G02013830","TraesNOR3D03G02013830","protein","C2-",2,"negative"
"prot__TraesNOR3D03G02014190","TraesNOR3D03G02014190","protein","C1-",1,"negative"
"prot__TraesNOR3D03G02014250","TraesNOR3D03G02014250","protein","C2+",2,"positive"
"prot__TraesNOR3D03G02014310","TraesNOR3D03G02014310","protein","C1+",1,"positive"
"prot__TraesNOR3D03G02014480","TraesNOR3D03G02014480","protein","C1+",1,"positive"
"prot__TraesNOR3D03G02016800","TraesNOR3D03G02016800","protein","C2+",2,"positive"
"prot__TraesNOR3D03G02017890","TraesNOR3D03G02017890","protein","C2+",2,"positive"
"prot__TraesNOR3D03G02021320","TraesNOR3D03G02021320","protein","C2+",2,"positive"
"prot__TraesNOR3D03G02022770","TraesNOR3D03G02022770","protein","C2+",2,"positive"
"prot__TraesNOR3D03G02023050","TraesNOR3D03G02023050","protein","C2+",2,"positive"
"prot__TraesNOR3D03G02024050","TraesNOR3D03G02024050","protein","C2+",2,"positive"
"prot__TraesNOR3D03G02024780","TraesNOR3D03G02024780","protein","C2+",2,"positive"
"prot__TraesNOR3D03G02025160","TraesNOR3D03G02025160","protein","C2+",2,"positive"
"prot__TraesNOR3D03G02026180","TraesNOR3D03G02026180","protein","C1-",1,"negative"
"prot__TraesNOR3D03G02026190","TraesNOR3D03G02026190","protein","C2+",2,"positive"
"prot__TraesNOR3D03G02026380","TraesNOR3D03G02026380","protein","C1-",1,"negative"
"prot__TraesNOR3D03G02031320","TraesNOR3D03G02031320","protein","C1-",1,"negative"
"prot__TraesNOR4A03G02032210","TraesNOR4A03G02032210","protein","C1+",1,"positive"
"prot__TraesNOR4A03G02033580","TraesNOR4A03G02033580","protein","C2-",2,"negative"
"prot__TraesNOR4A03G02034650","TraesNOR4A03G02034650","protein","C2-",2,"negative"
"prot__TraesNOR4A03G02035180","TraesNOR4A03G02035180","protein","C1-",1,"negative"
"prot__TraesNOR4A03G02035360","TraesNOR4A03G02035360","protein","C1-",1,"negative"
"prot__TraesNOR4A03G02036140","TraesNOR4A03G02036140","protein","C1-",1,"negative"
"prot__TraesNOR4A03G02040760","TraesNOR4A03G02040760","protein","C2-",2,"negative"
"prot__TraesNOR4A03G02040970","TraesNOR4A03G02040970","protein","C2+",2,"positive"
"prot__TraesNOR4A03G02041050","TraesNOR4A03G02041050","protein","C2+",2,"positive"
"prot__TraesNOR4A03G02041460","TraesNOR4A03G02041460","protein","C2+",2,"positive"
"prot__TraesNOR4A03G02041510","TraesNOR4A03G02041510","protein","C2+",2,"positive"
"prot__TraesNOR4A03G02042630","TraesNOR4A03G02042630","protein","C2+",2,"positive"
"prot__TraesNOR4A03G02045540","TraesNOR4A03G02045540","protein","C1+",1,"positive"
"prot__TraesNOR4A03G02045740","TraesNOR4A03G02045740","protein","C1-",1,"negative"
"prot__TraesNOR4A03G02046960","TraesNOR4A03G02046960","protein","C1+",1,"positive"
"prot__TraesNOR4A03G02047440","TraesNOR4A03G02047440","protein","C2+",2,"positive"
"prot__TraesNOR4A03G02047890","TraesNOR4A03G02047890","protein","C1-",1,"negative"
"prot__TraesNOR4A03G02049300","TraesNOR4A03G02049300","protein","C1+",1,"positive"
"prot__TraesNOR4A03G02049710","TraesNOR4A03G02049710","protein","C1-",1,"negative"
"prot__TraesNOR4A03G02051650","TraesNOR4A03G02051650","protein","C1-",1,"negative"
"prot__TraesNOR4A03G02059250","TraesNOR4A03G02059250","protein","C2+",2,"positive"
"prot__TraesNOR4A03G02059420","TraesNOR4A03G02059420","protein","C2+",2,"positive"
"prot__TraesNOR4A03G02059910","TraesNOR4A03G02059910","protein","C1+",1,"positive"
"prot__TraesNOR4A03G02060740","TraesNOR4A03G02060740","protein","C1-",1,"negative"
"prot__TraesNOR4A03G02061590","TraesNOR4A03G02061590","protein","C1-",1,"negative"
"prot__TraesNOR4A03G02062710","TraesNOR4A03G02062710","protein","C1-",1,"negative"
"prot__TraesNOR4A03G02063500","TraesNOR4A03G02063500","protein","C2+",2,"positive"
"prot__TraesNOR4A03G02064760","TraesNOR4A03G02064760","protein","C2+",2,"positive"
"prot__TraesNOR4A03G02064880","TraesNOR4A03G02064880","protein","C1-",1,"negative"
"prot__TraesNOR4A03G02064950","TraesNOR4A03G02064950","protein","C1-",1,"negative"
"prot__TraesNOR4A03G02065780","TraesNOR4A03G02065780","protein","C1-",1,"negative"
"prot__TraesNOR4A03G02066160","TraesNOR4A03G02066160","protein","C1-",1,"negative"
"prot__TraesNOR4A03G02066410","TraesNOR4A03G02066410","protein","C2+",2,"positive"
"prot__TraesNOR4A03G02067910","TraesNOR4A03G02067910","protein","C2+",2,"positive"
"prot__TraesNOR4A03G02069810","TraesNOR4A03G02069810","protein","C2+",2,"positive"
"prot__TraesNOR4A03G02069870","TraesNOR4A03G02069870","protein","C1-",1,"negative"
"prot__TraesNOR4A03G02070610","TraesNOR4A03G02070610","protein","C1-",1,"negative"
"prot__TraesNOR4A03G02071260","TraesNOR4A03G02071260","protein","C1+",1,"positive"
"prot__TraesNOR4A03G02073160","TraesNOR4A03G02073160","protein","C1+",1,"positive"
"prot__TraesNOR4A03G02074370","TraesNOR4A03G02074370","protein","C1-",1,"negative"
"prot__TraesNOR4A03G02074680","TraesNOR4A03G02074680","protein","C1-",1,"negative"
"prot__TraesNOR4A03G02076360","TraesNOR4A03G02076360","protein","C1-",1,"negative"
"prot__TraesNOR4A03G02076990","TraesNOR4A03G02076990","protein","C1-",1,"negative"
"prot__TraesNOR4A03G02078550","TraesNOR4A03G02078550","protein","C1-",1,"negative"
"prot__TraesNOR4A03G02079240","TraesNOR4A03G02079240","protein","C2-",2,"negative"
"prot__TraesNOR4A03G02080550","TraesNOR4A03G02080550","protein","C2+",2,"positive"
"prot__TraesNOR4A03G02082150","TraesNOR4A03G02082150","protein","C1-",1,"negative"
"prot__TraesNOR4A03G02084910","TraesNOR4A03G02084910","protein","C2-",2,"negative"
"prot__TraesNOR4A03G02085940","TraesNOR4A03G02085940","protein","C2+",2,"positive"
"prot__TraesNOR4A03G02087550","TraesNOR4A03G02087550","protein","C1-",1,"negative"
"prot__TraesNOR4A03G02088450","TraesNOR4A03G02088450","protein","C1-",1,"negative"
"prot__TraesNOR4A03G02089550","TraesNOR4A03G02089550","protein","C2-",2,"negative"
"prot__TraesNOR4A03G02091010","TraesNOR4A03G02091010","protein","C2+",2,"positive"
"prot__TraesNOR4A03G02093880","TraesNOR4A03G02093880","protein","C1+",1,"positive"
"prot__TraesNOR4A03G02096650","TraesNOR4A03G02096650","protein","C1+",1,"positive"
"prot__TraesNOR4A03G02097320","TraesNOR4A03G02097320","protein","C2+",2,"positive"
"prot__TraesNOR4A03G02118540","TraesNOR4A03G02118540","protein","C1-",1,"negative"
"prot__TraesNOR4A03G02128470","TraesNOR4A03G02128470","protein","C1-",1,"negative"
"prot__TraesNOR4A03G02129340","TraesNOR4A03G02129340","protein","C1-",1,"negative"
"prot__TraesNOR4A03G02131300","TraesNOR4A03G02131300","protein","C2+",2,"positive"
"prot__TraesNOR4A03G02133490","TraesNOR4A03G02133490","protein","C1-",1,"negative"
"prot__TraesNOR4A03G02136040","TraesNOR4A03G02136040","protein","C1+",1,"positive"
"prot__TraesNOR4A03G02138740","TraesNOR4A03G02138740","protein","C2+",2,"positive"
"prot__TraesNOR4A03G02139950","TraesNOR4A03G02139950","protein","C1-",1,"negative"
"prot__TraesNOR4A03G02140840","TraesNOR4A03G02140840","protein","C1-",1,"negative"
"prot__TraesNOR4A03G02141730","TraesNOR4A03G02141730","protein","C1-",1,"negative"
"prot__TraesNOR4A03G02144090","TraesNOR4A03G02144090","protein","C1+",1,"positive"
"prot__TraesNOR4A03G02147370","TraesNOR4A03G02147370","protein","C1-",1,"negative"
"prot__TraesNOR4A03G02149120","TraesNOR4A03G02149120","protein","C1+",1,"positive"
"prot__TraesNOR4A03G02151500","TraesNOR4A03G02151500","protein","C1-",1,"negative"
"prot__TraesNOR4A03G02152550","TraesNOR4A03G02152550","protein","C2-",2,"negative"
"prot__TraesNOR4A03G02154480","TraesNOR4A03G02154480","protein","C1-",1,"negative"
"prot__TraesNOR4A03G02156010","TraesNOR4A03G02156010","protein","C2+",2,"positive"
"prot__TraesNOR4A03G02156750","TraesNOR4A03G02156750","protein","C1-",1,"negative"
"prot__TraesNOR4A03G02159110","TraesNOR4A03G02159110","protein","C1-",1,"negative"
"prot__TraesNOR4A03G02161000","TraesNOR4A03G02161000","protein","C2+",2,"positive"
"prot__TraesNOR4A03G02162600","TraesNOR4A03G02162600","protein","C2+",2,"positive"
"prot__TraesNOR4A03G02162740","TraesNOR4A03G02162740","protein","C2+",2,"positive"
"prot__TraesNOR4A03G02163840","TraesNOR4A03G02163840","protein","C2+",2,"positive"
"prot__TraesNOR4A03G02165900","TraesNOR4A03G02165900","protein","C1-",1,"negative"
"prot__TraesNOR4A03G02168880","TraesNOR4A03G02168880","protein","C2+",2,"positive"
"prot__TraesNOR4A03G02169260","TraesNOR4A03G02169260","protein","C1-",1,"negative"
"prot__TraesNOR4A03G02169570","TraesNOR4A03G02169570","protein","C2+",2,"positive"
"prot__TraesNOR4A03G02174260","TraesNOR4A03G02174260","protein","C1-",1,"negative"
"prot__TraesNOR4A03G02175870","TraesNOR4A03G02175870","protein","C2-",2,"negative"
"prot__TraesNOR4A03G02176030","TraesNOR4A03G02176030","protein","C1-",1,"negative"
"prot__TraesNOR4A03G02178350","TraesNOR4A03G02178350","protein","C2+",2,"positive"
"prot__TraesNOR4A03G02180570","TraesNOR4A03G02180570","protein","C2+",2,"positive"
"prot__TraesNOR4A03G02184590","TraesNOR4A03G02184590","protein","C1-",1,"negative"
"prot__TraesNOR4A03G02184850","TraesNOR4A03G02184850","protein","C2-",2,"negative"
"prot__TraesNOR4A03G02186500","TraesNOR4A03G02186500","protein","C2+",2,"positive"
"prot__TraesNOR4A03G02191570","TraesNOR4A03G02191570","protein","C2+",2,"positive"
"prot__TraesNOR4A03G02194330","TraesNOR4A03G02194330","protein","C1-",1,"negative"
"prot__TraesNOR4A03G02195640","TraesNOR4A03G02195640","protein","C1-",1,"negative"
"prot__TraesNOR4A03G02196030","TraesNOR4A03G02196030","protein","C2+",2,"positive"
"prot__TraesNOR4A03G02196800","TraesNOR4A03G02196800","protein","C1-",1,"negative"
"prot__TraesNOR4A03G02201240","TraesNOR4A03G02201240","protein","C1+",1,"positive"
"prot__TraesNOR4A03G02207170","TraesNOR4A03G02207170","protein","C1-",1,"negative"
"prot__TraesNOR4A03G02210960","TraesNOR4A03G02210960","protein","C1+",1,"positive"
"prot__TraesNOR4A03G02218340","TraesNOR4A03G02218340","protein","C1-",1,"negative"
"prot__TraesNOR4A03G02219500","TraesNOR4A03G02219500","protein","C2-",2,"negative"
"prot__TraesNOR4A03G02223140","TraesNOR4A03G02223140","protein","C1-",1,"negative"
"prot__TraesNOR4A03G02227030","TraesNOR4A03G02227030","protein","C2+",2,"positive"
"prot__TraesNOR4A03G02227080","TraesNOR4A03G02227080","protein","C1-",1,"negative"
"prot__TraesNOR4A03G02230050","TraesNOR4A03G02230050","protein","C1-",1,"negative"
"prot__TraesNOR4A03G02234280","TraesNOR4A03G02234280","protein","C1-",1,"negative"
"prot__TraesNOR4A03G02237140","TraesNOR4A03G02237140","protein","C2+",2,"positive"
"prot__TraesNOR4A03G02238190","TraesNOR4A03G02238190","protein","C1+",1,"positive"
"prot__TraesNOR4A03G02238290","TraesNOR4A03G02238290","protein","C1-",1,"negative"
"prot__TraesNOR4B03G02241060","TraesNOR4B03G02241060","protein","C2+",2,"positive"
"prot__TraesNOR4B03G02241180","TraesNOR4B03G02241180","protein","C2+",2,"positive"
"prot__TraesNOR4B03G02242120","TraesNOR4B03G02242120","protein","C2+",2,"positive"
"prot__TraesNOR4B03G02243370","TraesNOR4B03G02243370","protein","C2+",2,"positive"
"prot__TraesNOR4B03G02244130","TraesNOR4B03G02244130","protein","C1-",1,"negative"
"prot__TraesNOR4B03G02244470","TraesNOR4B03G02244470","protein","C1-",1,"negative"
"prot__TraesNOR4B03G02244890","TraesNOR4B03G02244890","protein","C2+",2,"positive"
"prot__TraesNOR4B03G02245360","TraesNOR4B03G02245360","protein","C1+",1,"positive"
"prot__TraesNOR4B03G02246240","TraesNOR4B03G02246240","protein","C1-",1,"negative"
"prot__TraesNOR4B03G02246470","TraesNOR4B03G02246470","protein","C1-",1,"negative"
"prot__TraesNOR4B03G02248010","TraesNOR4B03G02248010","protein","C2-",2,"negative"
"prot__TraesNOR4B03G02250020","TraesNOR4B03G02250020","protein","C1-",1,"negative"
"prot__TraesNOR4B03G02250630","TraesNOR4B03G02250630","protein","C2+",2,"positive"
"prot__TraesNOR4B03G02251620","TraesNOR4B03G02251620","protein","C2+",2,"positive"
"prot__TraesNOR4B03G02252950","TraesNOR4B03G02252950","protein","C2+",2,"positive"
"prot__TraesNOR4B03G02253100","TraesNOR4B03G02253100","protein","C2+",2,"positive"
"prot__TraesNOR4B03G02254010","TraesNOR4B03G02254010","protein","C1+",1,"positive"
"prot__TraesNOR4B03G02254930","TraesNOR4B03G02254930","protein","C1+",1,"positive"
"prot__TraesNOR4B03G02255270","TraesNOR4B03G02255270","protein","C2+",2,"positive"
"prot__TraesNOR4B03G02255310","TraesNOR4B03G02255310","protein","C1-",1,"negative"
"prot__TraesNOR4B03G02255450","TraesNOR4B03G02255450","protein","C2+",2,"positive"
"prot__TraesNOR4B03G02256190","TraesNOR4B03G02256190","protein","C1-",1,"negative"
"prot__TraesNOR4B03G02257130","TraesNOR4B03G02257130","protein","C1-",1,"negative"
"prot__TraesNOR4B03G02257240","TraesNOR4B03G02257240","protein","C2+",2,"positive"
"prot__TraesNOR4B03G02258550","TraesNOR4B03G02258550","protein","C2-",2,"negative"
"prot__TraesNOR4B03G02258750","TraesNOR4B03G02258750","protein","C1-",1,"negative"
"prot__TraesNOR4B03G02261560","TraesNOR4B03G02261560","protein","C2+",2,"positive"
"prot__TraesNOR4B03G02263030","TraesNOR4B03G02263030","protein","C2+",2,"positive"
"prot__TraesNOR4B03G02263170","TraesNOR4B03G02263170","protein","C1+",1,"positive"
"prot__TraesNOR4B03G02265410","TraesNOR4B03G02265410","protein","C2+",2,"positive"
"prot__TraesNOR4B03G02266190","TraesNOR4B03G02266190","protein","C1-",1,"negative"
"prot__TraesNOR4B03G02270860","TraesNOR4B03G02270860","protein","C1-",1,"negative"
"prot__TraesNOR4B03G02271540","TraesNOR4B03G02271540","protein","C2+",2,"positive"
"prot__TraesNOR4B03G02272500","TraesNOR4B03G02272500","protein","C1+",1,"positive"
"prot__TraesNOR4B03G02275140","TraesNOR4B03G02275140","protein","C2+",2,"positive"
"prot__TraesNOR4B03G02279120","TraesNOR4B03G02279120","protein","C2-",2,"negative"
"prot__TraesNOR4B03G02280620","TraesNOR4B03G02280620","protein","C2+",2,"positive"
"prot__TraesNOR4B03G02280910","TraesNOR4B03G02280910","protein","C1-",1,"negative"
"prot__TraesNOR4B03G02284360","TraesNOR4B03G02284360","protein","C2+",2,"positive"
"prot__TraesNOR4B03G02289280","TraesNOR4B03G02289280","protein","C2+",2,"positive"
"prot__TraesNOR4B03G02292890","TraesNOR4B03G02292890","protein","C2+",2,"positive"
"prot__TraesNOR4B03G02292920","TraesNOR4B03G02292920","protein","C1-",1,"negative"
"prot__TraesNOR4B03G02295480","TraesNOR4B03G02295480","protein","C2-",2,"negative"
"prot__TraesNOR4B03G02296320","TraesNOR4B03G02296320","protein","C1-",1,"negative"
"prot__TraesNOR4B03G02298040","TraesNOR4B03G02298040","protein","C1-",1,"negative"
"prot__TraesNOR4B03G02299120","TraesNOR4B03G02299120","protein","C1-",1,"negative"
"prot__TraesNOR4B03G02299280","TraesNOR4B03G02299280","protein","C1-",1,"negative"
"prot__TraesNOR4B03G02299450","TraesNOR4B03G02299450","protein","C1-",1,"negative"
"prot__TraesNOR4B03G02299460","TraesNOR4B03G02299460","protein","C1-",1,"negative"
"prot__TraesNOR4B03G02301480","TraesNOR4B03G02301480","protein","C1-",1,"negative"
"prot__TraesNOR4B03G02309040","TraesNOR4B03G02309040","protein","C2+",2,"positive"
"prot__TraesNOR4B03G02315770","TraesNOR4B03G02315770","protein","C1-",1,"negative"
"prot__TraesNOR4B03G02316810","TraesNOR4B03G02316810","protein","C2+",2,"positive"
"prot__TraesNOR4B03G02322330","TraesNOR4B03G02322330","protein","C1-",1,"negative"
"prot__TraesNOR4B03G02333210","TraesNOR4B03G02333210","protein","C1-",1,"negative"
"prot__TraesNOR4B03G02333580","TraesNOR4B03G02333580","protein","C1-",1,"negative"
"prot__TraesNOR4B03G02336270","TraesNOR4B03G02336270","protein","C1-",1,"negative"
"prot__TraesNOR4B03G02336960","TraesNOR4B03G02336960","protein","C1+",1,"positive"
"prot__TraesNOR4B03G02337780","TraesNOR4B03G02337780","protein","C2+",2,"positive"
"prot__TraesNOR4B03G02338560","TraesNOR4B03G02338560","protein","C1+",1,"positive"
"prot__TraesNOR4B03G02342290","TraesNOR4B03G02342290","protein","C1+",1,"positive"
"prot__TraesNOR4B03G02344400","TraesNOR4B03G02344400","protein","C2-",2,"negative"
"prot__TraesNOR4B03G02346570","TraesNOR4B03G02346570","protein","C2+",2,"positive"
"prot__TraesNOR4B03G02347640","TraesNOR4B03G02347640","protein","C1+",1,"positive"
"prot__TraesNOR4B03G02347810","TraesNOR4B03G02347810","protein","C1-",1,"negative"
"prot__TraesNOR4B03G02350030","TraesNOR4B03G02350030","protein","C2+",2,"positive"
"prot__TraesNOR4B03G02350280","TraesNOR4B03G02350280","protein","C1-",1,"negative"
"prot__TraesNOR4B03G02350700","TraesNOR4B03G02350700","protein","C2+",2,"positive"
"prot__TraesNOR4B03G02353100","TraesNOR4B03G02353100","protein","C1+",1,"positive"
"prot__TraesNOR4B03G02353140","TraesNOR4B03G02353140","protein","C2+",2,"positive"
"prot__TraesNOR4B03G02353230","TraesNOR4B03G02353230","protein","C1-",1,"negative"
"prot__TraesNOR4B03G02353790","TraesNOR4B03G02353790","protein","C1-",1,"negative"
"prot__TraesNOR4B03G02355730","TraesNOR4B03G02355730","protein","C1-",1,"negative"
"prot__TraesNOR4B03G02356160","TraesNOR4B03G02356160","protein","C2+",2,"positive"
"prot__TraesNOR4B03G02356810","TraesNOR4B03G02356810","protein","C1-",1,"negative"
"prot__TraesNOR4B03G02357470","TraesNOR4B03G02357470","protein","C2+",2,"positive"
"prot__TraesNOR4B03G02360210","TraesNOR4B03G02360210","protein","C2+",2,"positive"
"prot__TraesNOR4B03G02362330","TraesNOR4B03G02362330","protein","C1-",1,"negative"
"prot__TraesNOR4B03G02366200","TraesNOR4B03G02366200","protein","C2+",2,"positive"
"prot__TraesNOR4B03G02368410","TraesNOR4B03G02368410","protein","C2+",2,"positive"
"prot__TraesNOR4B03G02369410","TraesNOR4B03G02369410","protein","C2+",2,"positive"
"prot__TraesNOR4B03G02371100","TraesNOR4B03G02371100","protein","C2+",2,"positive"
"prot__TraesNOR4B03G02374220","TraesNOR4B03G02374220","protein","C1-",1,"negative"
"prot__TraesNOR4B03G02374380","TraesNOR4B03G02374380","protein","C2-",2,"negative"
"prot__TraesNOR4B03G02378090","TraesNOR4B03G02378090","protein","C1-",1,"negative"
"prot__TraesNOR4B03G02378230","TraesNOR4B03G02378230","protein","C1-",1,"negative"
"prot__TraesNOR4B03G02379100","TraesNOR4B03G02379100","protein","C2+",2,"positive"
"prot__TraesNOR4B03G02379350","TraesNOR4B03G02379350","protein","C1-",1,"negative"
"prot__TraesNOR4B03G02380770","TraesNOR4B03G02380770","protein","C1-",1,"negative"
"prot__TraesNOR4B03G02381050","TraesNOR4B03G02381050","protein","C1-",1,"negative"
"prot__TraesNOR4B03G02381910","TraesNOR4B03G02381910","protein","C2+",2,"positive"
"prot__TraesNOR4B03G02382270","TraesNOR4B03G02382270","protein","C1-",1,"negative"
"prot__TraesNOR4B03G02382300","TraesNOR4B03G02382300","protein","C2+",2,"positive"
"prot__TraesNOR4B03G02382850","TraesNOR4B03G02382850","protein","C2+",2,"positive"
"prot__TraesNOR4B03G02383210","TraesNOR4B03G02383210","protein","C1-",1,"negative"
"prot__TraesNOR4B03G02385680","TraesNOR4B03G02385680","protein","C1-",1,"negative"
"prot__TraesNOR4B03G02387050","TraesNOR4B03G02387050","protein","C2+",2,"positive"
"prot__TraesNOR4B03G02388340","TraesNOR4B03G02388340","protein","C2+",2,"positive"
"prot__TraesNOR4B03G02389180","TraesNOR4B03G02389180","protein","C1-",1,"negative"
"prot__TraesNOR4B03G02392900","TraesNOR4B03G02392900","protein","C2+",2,"positive"
"prot__TraesNOR4B03G02394760","TraesNOR4B03G02394760","protein","C2+",2,"positive"
"prot__TraesNOR4B03G02398310","TraesNOR4B03G02398310","protein","C1-",1,"negative"
"prot__TraesNOR4B03G02398630","TraesNOR4B03G02398630","protein","C2+",2,"positive"
"prot__TraesNOR4B03G02401460","TraesNOR4B03G02401460","protein","C2+",2,"positive"
"prot__TraesNOR4B03G02401520","TraesNOR4B03G02401520","protein","C1+",1,"positive"
"prot__TraesNOR4B03G02402760","TraesNOR4B03G02402760","protein","C1-",1,"negative"
"prot__TraesNOR4B03G02402970","TraesNOR4B03G02402970","protein","C2+",2,"positive"
"prot__TraesNOR4B03G02403150","TraesNOR4B03G02403150","protein","C2-",2,"negative"
"prot__TraesNOR4B03G02405810","TraesNOR4B03G02405810","protein","C1-",1,"negative"
"prot__TraesNOR4B03G02406400","TraesNOR4B03G02406400","protein","C2+",2,"positive"
"prot__TraesNOR4B03G02408580","TraesNOR4B03G02408580","protein","C1-",1,"negative"
"prot__TraesNOR4B03G02416620","TraesNOR4B03G02416620","protein","C1-",1,"negative"
"prot__TraesNOR4B03G02418010","TraesNOR4B03G02418010","protein","C1+",1,"positive"
"prot__TraesNOR4B03G02421880","TraesNOR4B03G02421880","protein","C2+",2,"positive"
"prot__TraesNOR4B03G02422220","TraesNOR4B03G02422220","protein","C1-",1,"negative"
"prot__TraesNOR4B03G02423510","TraesNOR4B03G02423510","protein","C1+",1,"positive"
"prot__TraesNOR4B03G02425370","TraesNOR4B03G02425370","protein","C2-",2,"negative"
"prot__TraesNOR4B03G02427420","TraesNOR4B03G02427420","protein","C1-",1,"negative"
"prot__TraesNOR4B03G02430050","TraesNOR4B03G02430050","protein","C2+",2,"positive"
"prot__TraesNOR4B03G02430340","TraesNOR4B03G02430340","protein","C2-",2,"negative"
"prot__TraesNOR4D03G02431830","TraesNOR4D03G02431830","protein","C2+",2,"positive"
"prot__TraesNOR4D03G02431880","TraesNOR4D03G02431880","protein","C1-",1,"negative"
"prot__TraesNOR4D03G02432100","TraesNOR4D03G02432100","protein","C2+",2,"positive"
"prot__TraesNOR4D03G02432110","TraesNOR4D03G02432110","protein","C1-",1,"negative"
"prot__TraesNOR4D03G02432380","TraesNOR4D03G02432380","protein","C2+",2,"positive"
"prot__TraesNOR4D03G02432790","TraesNOR4D03G02432790","protein","C1-",1,"negative"
"prot__TraesNOR4D03G02433140","TraesNOR4D03G02433140","protein","C1-",1,"negative"
"prot__TraesNOR4D03G02433570","TraesNOR4D03G02433570","protein","C2+",2,"positive"
"prot__TraesNOR4D03G02435270","TraesNOR4D03G02435270","protein","C2-",2,"negative"
"prot__TraesNOR4D03G02435310","TraesNOR4D03G02435310","protein","C2+",2,"positive"
"prot__TraesNOR4D03G02435760","TraesNOR4D03G02435760","protein","C2+",2,"positive"
"prot__TraesNOR4D03G02435850","TraesNOR4D03G02435850","protein","C1-",1,"negative"
"prot__TraesNOR4D03G02435910","TraesNOR4D03G02435910","protein","C1+",1,"positive"
"prot__TraesNOR4D03G02436620","TraesNOR4D03G02436620","protein","C2-",2,"negative"
"prot__TraesNOR4D03G02437280","TraesNOR4D03G02437280","protein","C2-",2,"negative"
"prot__TraesNOR4D03G02438570","TraesNOR4D03G02438570","protein","C1+",1,"positive"
"prot__TraesNOR4D03G02438850","TraesNOR4D03G02438850","protein","C2+",2,"positive"
"prot__TraesNOR4D03G02438940","TraesNOR4D03G02438940","protein","C2+",2,"positive"
"prot__TraesNOR4D03G02439540","TraesNOR4D03G02439540","protein","C2+",2,"positive"
"prot__TraesNOR4D03G02439560","TraesNOR4D03G02439560","protein","C2+",2,"positive"
"prot__TraesNOR4D03G02439900","TraesNOR4D03G02439900","protein","C1-",1,"negative"
"prot__TraesNOR4D03G02440310","TraesNOR4D03G02440310","protein","C2+",2,"positive"
"prot__TraesNOR4D03G02440890","TraesNOR4D03G02440890","protein","C1-",1,"negative"
"prot__TraesNOR4D03G02440970","TraesNOR4D03G02440970","protein","C2+",2,"positive"
"prot__TraesNOR4D03G02441090","TraesNOR4D03G02441090","protein","C2+",2,"positive"
"prot__TraesNOR4D03G02441620","TraesNOR4D03G02441620","protein","C1-",1,"negative"
"prot__TraesNOR4D03G02441690","TraesNOR4D03G02441690","protein","C2-",2,"negative"
"prot__TraesNOR4D03G02441750","TraesNOR4D03G02441750","protein","C2-",2,"negative"
"prot__TraesNOR4D03G02441990","TraesNOR4D03G02441990","protein","C2+",2,"positive"
"prot__TraesNOR4D03G02443760","TraesNOR4D03G02443760","protein","C1+",1,"positive"
"prot__TraesNOR4D03G02443810","TraesNOR4D03G02443810","protein","C2+",2,"positive"
"prot__TraesNOR4D03G02444900","TraesNOR4D03G02444900","protein","C1-",1,"negative"
"prot__TraesNOR4D03G02445100","TraesNOR4D03G02445100","protein","C2-",2,"negative"
"prot__TraesNOR4D03G02447860","TraesNOR4D03G02447860","protein","C2-",2,"negative"
"prot__TraesNOR4D03G02448270","TraesNOR4D03G02448270","protein","C2+",2,"positive"
"prot__TraesNOR4D03G02448600","TraesNOR4D03G02448600","protein","C1-",1,"negative"
"prot__TraesNOR4D03G02448760","TraesNOR4D03G02448760","protein","C2-",2,"negative"
"prot__TraesNOR4D03G02451220","TraesNOR4D03G02451220","protein","C1-",1,"negative"
"prot__TraesNOR4D03G02451700","TraesNOR4D03G02451700","protein","C1-",1,"negative"
"prot__TraesNOR4D03G02452410","TraesNOR4D03G02452410","protein","C1-",1,"negative"
"prot__TraesNOR4D03G02453710","TraesNOR4D03G02453710","protein","C2+",2,"positive"
"prot__TraesNOR4D03G02454460","TraesNOR4D03G02454460","protein","C2-",2,"negative"
"prot__TraesNOR4D03G02455460","TraesNOR4D03G02455460","protein","C2+",2,"positive"
"prot__TraesNOR4D03G02455860","TraesNOR4D03G02455860","protein","C2+",2,"positive"
"prot__TraesNOR4D03G02456010","TraesNOR4D03G02456010","protein","C2+",2,"positive"
"prot__TraesNOR4D03G02457400","TraesNOR4D03G02457400","protein","C2-",2,"negative"
"prot__TraesNOR4D03G02457770","TraesNOR4D03G02457770","protein","C1-",1,"negative"
"prot__TraesNOR4D03G02458580","TraesNOR4D03G02458580","protein","C1-",1,"negative"
"prot__TraesNOR4D03G02458920","TraesNOR4D03G02458920","protein","C2+",2,"positive"
"prot__TraesNOR4D03G02459950","TraesNOR4D03G02459950","protein","C2+",2,"positive"
"prot__TraesNOR4D03G02460070","TraesNOR4D03G02460070","protein","C1-",1,"negative"
"prot__TraesNOR4D03G02460890","TraesNOR4D03G02460890","protein","C1+",1,"positive"
"prot__TraesNOR4D03G02462090","TraesNOR4D03G02462090","protein","C2+",2,"positive"
"prot__TraesNOR4D03G02462260","TraesNOR4D03G02462260","protein","C1+",1,"positive"
"prot__TraesNOR4D03G02463800","TraesNOR4D03G02463800","protein","C1-",1,"negative"
"prot__TraesNOR4D03G02463920","TraesNOR4D03G02463920","protein","C2+",2,"positive"
"prot__TraesNOR4D03G02464470","TraesNOR4D03G02464470","protein","C1-",1,"negative"
"prot__TraesNOR4D03G02466020","TraesNOR4D03G02466020","protein","C1+",1,"positive"
"prot__TraesNOR4D03G02467290","TraesNOR4D03G02467290","protein","C1-",1,"negative"
"prot__TraesNOR4D03G02467470","TraesNOR4D03G02467470","protein","C2+",2,"positive"
"prot__TraesNOR4D03G02469710","TraesNOR4D03G02469710","protein","C1-",1,"negative"
"prot__TraesNOR4D03G02469990","TraesNOR4D03G02469990","protein","C2+",2,"positive"
"prot__TraesNOR4D03G02470920","TraesNOR4D03G02470920","protein","C1-",1,"negative"
"prot__TraesNOR4D03G02472970","TraesNOR4D03G02472970","protein","C1-",1,"negative"
"prot__TraesNOR4D03G02473550","TraesNOR4D03G02473550","protein","C1-",1,"negative"
"prot__TraesNOR4D03G02474060","TraesNOR4D03G02474060","protein","C1-",1,"negative"
"prot__TraesNOR4D03G02474110","TraesNOR4D03G02474110","protein","C2+",2,"positive"
"prot__TraesNOR4D03G02474750","TraesNOR4D03G02474750","protein","C2+",2,"positive"
"prot__TraesNOR4D03G02474890","TraesNOR4D03G02474890","protein","C1-",1,"negative"
"prot__TraesNOR4D03G02474900","TraesNOR4D03G02474900","protein","C2+",2,"positive"
"prot__TraesNOR4D03G02475020","TraesNOR4D03G02475020","protein","C1-",1,"negative"
"prot__TraesNOR4D03G02476520","TraesNOR4D03G02476520","protein","C1+",1,"positive"
"prot__TraesNOR4D03G02477170","TraesNOR4D03G02477170","protein","C2+",2,"positive"
"prot__TraesNOR4D03G02477800","TraesNOR4D03G02477800","protein","C2-",2,"negative"
"prot__TraesNOR4D03G02478860","TraesNOR4D03G02478860","protein","C1-",1,"negative"
"prot__TraesNOR4D03G02480910","TraesNOR4D03G02480910","protein","C1-",1,"negative"
"prot__TraesNOR4D03G02483250","TraesNOR4D03G02483250","protein","C2-",2,"negative"
"prot__TraesNOR4D03G02484540","TraesNOR4D03G02484540","protein","C2+",2,"positive"
"prot__TraesNOR4D03G02487390","TraesNOR4D03G02487390","protein","C2+",2,"positive"
"prot__TraesNOR4D03G02488030","TraesNOR4D03G02488030","protein","C1-",1,"negative"
"prot__TraesNOR4D03G02490260","TraesNOR4D03G02490260","protein","C2-",2,"negative"
"prot__TraesNOR4D03G02490930","TraesNOR4D03G02490930","protein","C2-",2,"negative"
"prot__TraesNOR4D03G02492950","TraesNOR4D03G02492950","protein","C1-",1,"negative"
"prot__TraesNOR4D03G02494560","TraesNOR4D03G02494560","protein","C2+",2,"positive"
"prot__TraesNOR4D03G02495340","TraesNOR4D03G02495340","protein","C1-",1,"negative"
"prot__TraesNOR4D03G02496470","TraesNOR4D03G02496470","protein","C1+",1,"positive"
"prot__TraesNOR4D03G02498360","TraesNOR4D03G02498360","protein","C1-",1,"negative"
"prot__TraesNOR4D03G02499730","TraesNOR4D03G02499730","protein","C2+",2,"positive"
"prot__TraesNOR4D03G02503130","TraesNOR4D03G02503130","protein","C1-",1,"negative"
"prot__TraesNOR4D03G02509610","TraesNOR4D03G02509610","protein","C2+",2,"positive"
"prot__TraesNOR4D03G02509720","TraesNOR4D03G02509720","protein","C2-",2,"negative"
"prot__TraesNOR4D03G02510680","TraesNOR4D03G02510680","protein","C1-",1,"negative"
"prot__TraesNOR4D03G02511150","TraesNOR4D03G02511150","protein","C1+",1,"positive"
"prot__TraesNOR4D03G02511410","TraesNOR4D03G02511410","protein","C2+",2,"positive"
"prot__TraesNOR4D03G02511610","TraesNOR4D03G02511610","protein","C2-",2,"negative"
"prot__TraesNOR4D03G02512370","TraesNOR4D03G02512370","protein","C2+",2,"positive"
"prot__TraesNOR4D03G02512400","TraesNOR4D03G02512400","protein","C2+",2,"positive"
"prot__TraesNOR4D03G02512620","TraesNOR4D03G02512620","protein","C2+",2,"positive"
"prot__TraesNOR4D03G02512860","TraesNOR4D03G02512860","protein","C2+",2,"positive"
"prot__TraesNOR4D03G02513230","TraesNOR4D03G02513230","protein","C1-",1,"negative"
"prot__TraesNOR4D03G02513800","TraesNOR4D03G02513800","protein","C2-",2,"negative"
"prot__TraesNOR4D03G02514050","TraesNOR4D03G02514050","protein","C2+",2,"positive"
"prot__TraesNOR4D03G02514290","TraesNOR4D03G02514290","protein","C1-",1,"negative"
"prot__TraesNOR4D03G02514310","TraesNOR4D03G02514310","protein","C1-",1,"negative"
"prot__TraesNOR4D03G02514530","TraesNOR4D03G02514530","protein","C2-",2,"negative"
"prot__TraesNOR4D03G02515550","TraesNOR4D03G02515550","protein","C2+",2,"positive"
"prot__TraesNOR4D03G02515630","TraesNOR4D03G02515630","protein","C1-",1,"negative"
"prot__TraesNOR4D03G02516510","TraesNOR4D03G02516510","protein","C2-",2,"negative"
"prot__TraesNOR4D03G02516710","TraesNOR4D03G02516710","protein","C2-",2,"negative"
"prot__TraesNOR4D03G02516930","TraesNOR4D03G02516930","protein","C2-",2,"negative"
"prot__TraesNOR4D03G02517370","TraesNOR4D03G02517370","protein","C2-",2,"negative"
"prot__TraesNOR4D03G02517900","TraesNOR4D03G02517900","protein","C1+",1,"positive"
"prot__TraesNOR4D03G02518270","TraesNOR4D03G02518270","protein","C2+",2,"positive"
"prot__TraesNOR4D03G02519390","TraesNOR4D03G02519390","protein","C2+",2,"positive"
"prot__TraesNOR4D03G02520170","TraesNOR4D03G02520170","protein","C1+",1,"positive"
"prot__TraesNOR4D03G02520350","TraesNOR4D03G02520350","protein","C1+",1,"positive"
"prot__TraesNOR4D03G02520960","TraesNOR4D03G02520960","protein","C2-",2,"negative"
"prot__TraesNOR4D03G02521050","TraesNOR4D03G02521050","protein","C2-",2,"negative"
"prot__TraesNOR4D03G02521270","TraesNOR4D03G02521270","protein","C1-",1,"negative"
"prot__TraesNOR4D03G02523250","TraesNOR4D03G02523250","protein","C2+",2,"positive"
"prot__TraesNOR4D03G02523540","TraesNOR4D03G02523540","protein","C2+",2,"positive"
"prot__TraesNOR4D03G02523870","TraesNOR4D03G02523870","protein","C2-",2,"negative"
"prot__TraesNOR4D03G02523880","TraesNOR4D03G02523880","protein","C2-",2,"negative"
"prot__TraesNOR4D03G02524430","TraesNOR4D03G02524430","protein","C1-",1,"negative"
"prot__TraesNOR4D03G02524790","TraesNOR4D03G02524790","protein","C2-",2,"negative"
"prot__TraesNOR4D03G02525470","TraesNOR4D03G02525470","protein","C1-",1,"negative"
"prot__TraesNOR4D03G02526290","TraesNOR4D03G02526290","protein","C1-",1,"negative"
"prot__TraesNOR4D03G02526400","TraesNOR4D03G02526400","protein","C1+",1,"positive"
"prot__TraesNOR4D03G02526720","TraesNOR4D03G02526720","protein","C1-",1,"negative"
"prot__TraesNOR4D03G02526820","TraesNOR4D03G02526820","protein","C2+",2,"positive"
"prot__TraesNOR4D03G02527350","TraesNOR4D03G02527350","protein","C1-",1,"negative"
"prot__TraesNOR4D03G02528500","TraesNOR4D03G02528500","protein","C2-",2,"negative"
"prot__TraesNOR4D03G02528760","TraesNOR4D03G02528760","protein","C2+",2,"positive"
"prot__TraesNOR4D03G02528980","TraesNOR4D03G02528980","protein","C2+",2,"positive"
"prot__TraesNOR4D03G02529550","TraesNOR4D03G02529550","protein","C2+",2,"positive"
"prot__TraesNOR4D03G02529640","TraesNOR4D03G02529640","protein","C2+",2,"positive"
"prot__TraesNOR4D03G02530090","TraesNOR4D03G02530090","protein","C1-",1,"negative"
"prot__TraesNOR4D03G02530850","TraesNOR4D03G02530850","protein","C2-",2,"negative"
"prot__TraesNOR4D03G02532290","TraesNOR4D03G02532290","protein","C1+",1,"positive"
"prot__TraesNOR4D03G02532430","TraesNOR4D03G02532430","protein","C1+",1,"positive"
"prot__TraesNOR4D03G02532540","TraesNOR4D03G02532540","protein","C1-",1,"negative"
"prot__TraesNOR4D03G02533220","TraesNOR4D03G02533220","protein","C1-",1,"negative"
"prot__TraesNOR4D03G02533400","TraesNOR4D03G02533400","protein","C2+",2,"positive"
"prot__TraesNOR4D03G02534800","TraesNOR4D03G02534800","protein","C1-",1,"negative"
"prot__TraesNOR4D03G02535650","TraesNOR4D03G02535650","protein","C2-",2,"negative"
"prot__TraesNOR4D03G02536610","TraesNOR4D03G02536610","protein","C2+",2,"positive"
"prot__TraesNOR4D03G02537170","TraesNOR4D03G02537170","protein","C1-",1,"negative"
"prot__TraesNOR4D03G02537620","TraesNOR4D03G02537620","protein","C1-",1,"negative"
"prot__TraesNOR4D03G02538320","TraesNOR4D03G02538320","protein","C1-",1,"negative"
"prot__TraesNOR4D03G02539220","TraesNOR4D03G02539220","protein","C1-",1,"negative"
"prot__TraesNOR4D03G02540080","TraesNOR4D03G02540080","protein","C2+",2,"positive"
"prot__TraesNOR4D03G02540220","TraesNOR4D03G02540220","protein","C1-",1,"negative"
"prot__TraesNOR4D03G02541570","TraesNOR4D03G02541570","protein","C1-",1,"negative"
"prot__TraesNOR4D03G02543890","TraesNOR4D03G02543890","protein","C1-",1,"negative"
"prot__TraesNOR4D03G02544390","TraesNOR4D03G02544390","protein","C2-",2,"negative"
"prot__TraesNOR4D03G02544960","TraesNOR4D03G02544960","protein","C2+",2,"positive"
"prot__TraesNOR4D03G02545530","TraesNOR4D03G02545530","protein","C1+",1,"positive"
"prot__TraesNOR4D03G02546610","TraesNOR4D03G02546610","protein","C1-",1,"negative"
"prot__TraesNOR4D03G02547250","TraesNOR4D03G02547250","protein","C1+",1,"positive"
"prot__TraesNOR4D03G02547280","TraesNOR4D03G02547280","protein","C1-",1,"negative"
"prot__TraesNOR4D03G02547880","TraesNOR4D03G02547880","protein","C1-",1,"negative"
"prot__TraesNOR4D03G02548380","TraesNOR4D03G02548380","protein","C2+",2,"positive"
"prot__TraesNOR4D03G02548770","TraesNOR4D03G02548770","protein","C2+",2,"positive"
"prot__TraesNOR4D03G02548940","TraesNOR4D03G02548940","protein","C2+",2,"positive"
"prot__TraesNOR4D03G02549830","TraesNOR4D03G02549830","protein","C2-",2,"negative"
"prot__TraesNOR4D03G02550120","TraesNOR4D03G02550120","protein","C2+",2,"positive"
"prot__TraesNOR4D03G02550740","TraesNOR4D03G02550740","protein","C1-",1,"negative"
"prot__TraesNOR4D03G02550900","TraesNOR4D03G02550900","protein","C2+",2,"positive"
"prot__TraesNOR4D03G02551270","TraesNOR4D03G02551270","protein","C1-",1,"negative"
"prot__TraesNOR4D03G02551490","TraesNOR4D03G02551490","protein","C2+",2,"positive"
"prot__TraesNOR4D03G02551990","TraesNOR4D03G02551990","protein","C2+",2,"positive"
"prot__TraesNOR4D03G02552140","TraesNOR4D03G02552140","protein","C1-",1,"negative"
"prot__TraesNOR4D03G02553100","TraesNOR4D03G02553100","protein","C2+",2,"positive"
"prot__TraesNOR4D03G02553510","TraesNOR4D03G02553510","protein","C2+",2,"positive"
"prot__TraesNOR4D03G02554530","TraesNOR4D03G02554530","protein","C2+",2,"positive"
"prot__TraesNOR4D03G02554580","TraesNOR4D03G02554580","protein","C1+",1,"positive"
"prot__TraesNOR4D03G02554690","TraesNOR4D03G02554690","protein","C1-",1,"negative"
"prot__TraesNOR4D03G02555120","TraesNOR4D03G02555120","protein","C1-",1,"negative"
"prot__TraesNOR4D03G02556720","TraesNOR4D03G02556720","protein","C1+",1,"positive"
"prot__TraesNOR4D03G02558300","TraesNOR4D03G02558300","protein","C2+",2,"positive"
"prot__TraesNOR4D03G02558700","TraesNOR4D03G02558700","protein","C2+",2,"positive"
"prot__TraesNOR4D03G02559060","TraesNOR4D03G02559060","protein","C1-",1,"negative"
"prot__TraesNOR4D03G02560720","TraesNOR4D03G02560720","protein","C2+",2,"positive"
"prot__TraesNOR4D03G02561270","TraesNOR4D03G02561270","protein","C1-",1,"negative"
"prot__TraesNOR4D03G02561960","TraesNOR4D03G02561960","protein","C1+",1,"positive"
"prot__TraesNOR4D03G02563300","TraesNOR4D03G02563300","protein","C2+",2,"positive"
"prot__TraesNOR4D03G02563900","TraesNOR4D03G02563900","protein","C2+",2,"positive"
"prot__TraesNOR4D03G02564010","TraesNOR4D03G02564010","protein","C1-",1,"negative"
"prot__TraesNOR4D03G02564630","TraesNOR4D03G02564630","protein","C2+",2,"positive"
"prot__TraesNOR4D03G02564840","TraesNOR4D03G02564840","protein","C2-",2,"negative"
"prot__TraesNOR4D03G02565610","TraesNOR4D03G02565610","protein","C1-",1,"negative"
"prot__TraesNOR4D03G02565730","TraesNOR4D03G02565730","protein","C2+",2,"positive"
"prot__TraesNOR4D03G02566220","TraesNOR4D03G02566220","protein","C1+",1,"positive"
"prot__TraesNOR4D03G02567680","TraesNOR4D03G02567680","protein","C1+",1,"positive"
"prot__TraesNOR4D03G02568590","TraesNOR4D03G02568590","protein","C1-",1,"negative"
"prot__TraesNOR4D03G02568970","TraesNOR4D03G02568970","protein","C2-",2,"negative"
"prot__TraesNOR4D03G02569450","TraesNOR4D03G02569450","protein","C2+",2,"positive"
"prot__TraesNOR4D03G02569750","TraesNOR4D03G02569750","protein","C2+",2,"positive"
"prot__TraesNOR4D03G02569760","TraesNOR4D03G02569760","protein","C1-",1,"negative"
"prot__TraesNOR4D03G02570170","TraesNOR4D03G02570170","protein","C1-",1,"negative"
"prot__TraesNOR4D03G02570560","TraesNOR4D03G02570560","protein","C2+",2,"positive"
"prot__TraesNOR4D03G02570580","TraesNOR4D03G02570580","protein","C1-",1,"negative"
"prot__TraesNOR4D03G02572250","TraesNOR4D03G02572250","protein","C2+",2,"positive"
"prot__TraesNOR4D03G02573400","TraesNOR4D03G02573400","protein","C1-",1,"negative"
"prot__TraesNOR4D03G02575500","TraesNOR4D03G02575500","protein","C2+",2,"positive"
"prot__TraesNOR4D03G02575860","TraesNOR4D03G02575860","protein","C2+",2,"positive"
"prot__TraesNOR4D03G02577960","TraesNOR4D03G02577960","protein","C2+",2,"positive"
"prot__TraesNOR5A03G02581900","TraesNOR5A03G02581900","protein","C2+",2,"positive"
"prot__TraesNOR5A03G02582310","TraesNOR5A03G02582310","protein","C2-",2,"negative"
"prot__TraesNOR5A03G02584550","TraesNOR5A03G02584550","protein","C1+",1,"positive"
"prot__TraesNOR5A03G02586730","TraesNOR5A03G02586730","protein","C2-",2,"negative"
"prot__TraesNOR5A03G02586910","TraesNOR5A03G02586910","protein","C2+",2,"positive"
"prot__TraesNOR5A03G02586960","TraesNOR5A03G02586960","protein","C1-",1,"negative"
"prot__TraesNOR5A03G02587280","TraesNOR5A03G02587280","protein","C2-",2,"negative"
"prot__TraesNOR5A03G02587990","TraesNOR5A03G02587990","protein","C2+",2,"positive"
"prot__TraesNOR5A03G02590430","TraesNOR5A03G02590430","protein","C2+",2,"positive"
"prot__TraesNOR5A03G02591200","TraesNOR5A03G02591200","protein","C2+",2,"positive"
"prot__TraesNOR5A03G02592790","TraesNOR5A03G02592790","protein","C2+",2,"positive"
"prot__TraesNOR5A03G02593840","TraesNOR5A03G02593840","protein","C2-",2,"negative"
"prot__TraesNOR5A03G02594810","TraesNOR5A03G02594810","protein","C2-",2,"negative"
"prot__TraesNOR5A03G02597400","TraesNOR5A03G02597400","protein","C1+",1,"positive"
"prot__TraesNOR5A03G02598930","TraesNOR5A03G02598930","protein","C2-",2,"negative"
"prot__TraesNOR5A03G02604010","TraesNOR5A03G02604010","protein","C1-",1,"negative"
"prot__TraesNOR5A03G02604780","TraesNOR5A03G02604780","protein","C2-",2,"negative"
"prot__TraesNOR5A03G02611260","TraesNOR5A03G02611260","protein","C1-",1,"negative"
"prot__TraesNOR5A03G02612430","TraesNOR5A03G02612430","protein","C1-",1,"negative"
"prot__TraesNOR5A03G02612440","TraesNOR5A03G02612440","protein","C2+",2,"positive"
"prot__TraesNOR5A03G02613080","TraesNOR5A03G02613080","protein","C2+",2,"positive"
"prot__TraesNOR5A03G02616110","TraesNOR5A03G02616110","protein","C1-",1,"negative"
"prot__TraesNOR5A03G02616290","TraesNOR5A03G02616290","protein","C2+",2,"positive"
"prot__TraesNOR5A03G02621670","TraesNOR5A03G02621670","protein","C1-",1,"negative"
"prot__TraesNOR5A03G02622580","TraesNOR5A03G02622580","protein","C1-",1,"negative"
"prot__TraesNOR5A03G02622770","TraesNOR5A03G02622770","protein","C1+",1,"positive"
"prot__TraesNOR5A03G02623730","TraesNOR5A03G02623730","protein","C1-",1,"negative"
"prot__TraesNOR5A03G02624290","TraesNOR5A03G02624290","protein","C2-",2,"negative"
"prot__TraesNOR5A03G02624330","TraesNOR5A03G02624330","protein","C1-",1,"negative"
"prot__TraesNOR5A03G02626830","TraesNOR5A03G02626830","protein","C2+",2,"positive"
"prot__TraesNOR5A03G02627420","TraesNOR5A03G02627420","protein","C2+",2,"positive"
"prot__TraesNOR5A03G02633110","TraesNOR5A03G02633110","protein","C1+",1,"positive"
"prot__TraesNOR5A03G02636020","TraesNOR5A03G02636020","protein","C1-",1,"negative"
"prot__TraesNOR5A03G02641430","TraesNOR5A03G02641430","protein","C1-",1,"negative"
"prot__TraesNOR5A03G02641910","TraesNOR5A03G02641910","protein","C2-",2,"negative"
"prot__TraesNOR5A03G02652730","TraesNOR5A03G02652730","protein","C1+",1,"positive"
"prot__TraesNOR5A03G02659190","TraesNOR5A03G02659190","protein","C2-",2,"negative"
"prot__TraesNOR5A03G02660040","TraesNOR5A03G02660040","protein","C1+",1,"positive"
"prot__TraesNOR5A03G02662400","TraesNOR5A03G02662400","protein","C1-",1,"negative"
"prot__TraesNOR5A03G02665690","TraesNOR5A03G02665690","protein","C2+",2,"positive"
"prot__TraesNOR5A03G02666320","TraesNOR5A03G02666320","protein","C2-",2,"negative"
"prot__TraesNOR5A03G02666820","TraesNOR5A03G02666820","protein","C1-",1,"negative"
"prot__TraesNOR5A03G02667100","TraesNOR5A03G02667100","protein","C1-",1,"negative"
"prot__TraesNOR5A03G02668520","TraesNOR5A03G02668520","protein","C2+",2,"positive"
"prot__TraesNOR5A03G02669240","TraesNOR5A03G02669240","protein","C1-",1,"negative"
"prot__TraesNOR5A03G02669650","TraesNOR5A03G02669650","protein","C2+",2,"positive"
"prot__TraesNOR5A03G02671150","TraesNOR5A03G02671150","protein","C1-",1,"negative"
"prot__TraesNOR5A03G02672250","TraesNOR5A03G02672250","protein","C2+",2,"positive"
"prot__TraesNOR5A03G02673590","TraesNOR5A03G02673590","protein","C2+",2,"positive"
"prot__TraesNOR5A03G02675420","TraesNOR5A03G02675420","protein","C2+",2,"positive"
"prot__TraesNOR5A03G02675940","TraesNOR5A03G02675940","protein","C2-",2,"negative"
"prot__TraesNOR5A03G02676330","TraesNOR5A03G02676330","protein","C1+",1,"positive"
"prot__TraesNOR5A03G02676670","TraesNOR5A03G02676670","protein","C1-",1,"negative"
"prot__TraesNOR5A03G02677680","TraesNOR5A03G02677680","protein","C2-",2,"negative"
"prot__TraesNOR5A03G02677690","TraesNOR5A03G02677690","protein","C1-",1,"negative"
"prot__TraesNOR5A03G02680190","TraesNOR5A03G02680190","protein","C2+",2,"positive"
"prot__TraesNOR5A03G02680640","TraesNOR5A03G02680640","protein","C2+",2,"positive"
"prot__TraesNOR5A03G02680910","TraesNOR5A03G02680910","protein","C1-",1,"negative"
"prot__TraesNOR5A03G02682060","TraesNOR5A03G02682060","protein","C1-",1,"negative"
"prot__TraesNOR5A03G02689960","TraesNOR5A03G02689960","protein","C1-",1,"negative"
"prot__TraesNOR5A03G02691410","TraesNOR5A03G02691410","protein","C1-",1,"negative"
"prot__TraesNOR5A03G02691530","TraesNOR5A03G02691530","protein","C2+",2,"positive"
"prot__TraesNOR5A03G02696960","TraesNOR5A03G02696960","protein","C2+",2,"positive"
"prot__TraesNOR5A03G02700060","TraesNOR5A03G02700060","protein","C2+",2,"positive"
"prot__TraesNOR5A03G02703680","TraesNOR5A03G02703680","protein","C1+",1,"positive"
"prot__TraesNOR5A03G02707980","TraesNOR5A03G02707980","protein","C1-",1,"negative"
"prot__TraesNOR5A03G02710330","TraesNOR5A03G02710330","protein","C2+",2,"positive"
"prot__TraesNOR5A03G02710400","TraesNOR5A03G02710400","protein","C2+",2,"positive"
"prot__TraesNOR5A03G02712470","TraesNOR5A03G02712470","protein","C1+",1,"positive"
"prot__TraesNOR5A03G02713810","TraesNOR5A03G02713810","protein","C1-",1,"negative"
"prot__TraesNOR5A03G02715950","TraesNOR5A03G02715950","protein","C2-",2,"negative"
"prot__TraesNOR5A03G02719550","TraesNOR5A03G02719550","protein","C2+",2,"positive"
"prot__TraesNOR5A03G02728000","TraesNOR5A03G02728000","protein","C1-",1,"negative"
"prot__TraesNOR5A03G02728080","TraesNOR5A03G02728080","protein","C2+",2,"positive"
"prot__TraesNOR5A03G02733810","TraesNOR5A03G02733810","protein","C1-",1,"negative"
"prot__TraesNOR5A03G02735290","TraesNOR5A03G02735290","protein","C2+",2,"positive"
"prot__TraesNOR5A03G02735490","TraesNOR5A03G02735490","protein","C1-",1,"negative"
"prot__TraesNOR5A03G02737690","TraesNOR5A03G02737690","protein","C2+",2,"positive"
"prot__TraesNOR5A03G02738340","TraesNOR5A03G02738340","protein","C2-",2,"negative"
"prot__TraesNOR5A03G02741480","TraesNOR5A03G02741480","protein","C1-",1,"negative"
"prot__TraesNOR5A03G02741660","TraesNOR5A03G02741660","protein","C1+",1,"positive"
"prot__TraesNOR5A03G02742660","TraesNOR5A03G02742660","protein","C2+",2,"positive"
"prot__TraesNOR5A03G02743000","TraesNOR5A03G02743000","protein","C2-",2,"negative"
"prot__TraesNOR5A03G02744470","TraesNOR5A03G02744470","protein","C1-",1,"negative"
"prot__TraesNOR5A03G02745760","TraesNOR5A03G02745760","protein","C2-",2,"negative"
"prot__TraesNOR5A03G02749250","TraesNOR5A03G02749250","protein","C2+",2,"positive"
"prot__TraesNOR5A03G02752320","TraesNOR5A03G02752320","protein","C2+",2,"positive"
"prot__TraesNOR5A03G02753790","TraesNOR5A03G02753790","protein","C1-",1,"negative"
"prot__TraesNOR5A03G02754160","TraesNOR5A03G02754160","protein","C1-",1,"negative"
"prot__TraesNOR5A03G02755350","TraesNOR5A03G02755350","protein","C1-",1,"negative"
"prot__TraesNOR5A03G02755700","TraesNOR5A03G02755700","protein","C2+",2,"positive"
"prot__TraesNOR5A03G02757050","TraesNOR5A03G02757050","protein","C1-",1,"negative"
"prot__TraesNOR5A03G02757920","TraesNOR5A03G02757920","protein","C2+",2,"positive"
"prot__TraesNOR5A03G02758400","TraesNOR5A03G02758400","protein","C2-",2,"negative"
"prot__TraesNOR5A03G02758980","TraesNOR5A03G02758980","protein","C2+",2,"positive"
"prot__TraesNOR5A03G02761740","TraesNOR5A03G02761740","protein","C1-",1,"negative"
"prot__TraesNOR5A03G02764170","TraesNOR5A03G02764170","protein","C2+",2,"positive"
"prot__TraesNOR5A03G02764280","TraesNOR5A03G02764280","protein","C1-",1,"negative"
"prot__TraesNOR5A03G02765020","TraesNOR5A03G02765020","protein","C1-",1,"negative"
"prot__TraesNOR5A03G02765490","TraesNOR5A03G02765490","protein","C2+",2,"positive"
"prot__TraesNOR5A03G02765830","TraesNOR5A03G02765830","protein","C1+",1,"positive"
"prot__TraesNOR5A03G02765930","TraesNOR5A03G02765930","protein","C2-",2,"negative"
"prot__TraesNOR5A03G02767600","TraesNOR5A03G02767600","protein","C2-",2,"negative"
"prot__TraesNOR5A03G02768740","TraesNOR5A03G02768740","protein","C1-",1,"negative"
"prot__TraesNOR5A03G02768850","TraesNOR5A03G02768850","protein","C1-",1,"negative"
"prot__TraesNOR5A03G02770290","TraesNOR5A03G02770290","protein","C1-",1,"negative"
"prot__TraesNOR5A03G02770360","TraesNOR5A03G02770360","protein","C1-",1,"negative"
"prot__TraesNOR5A03G02770730","TraesNOR5A03G02770730","protein","C1-",1,"negative"
"prot__TraesNOR5A03G02771800","TraesNOR5A03G02771800","protein","C2-",2,"negative"
"prot__TraesNOR5A03G02775550","TraesNOR5A03G02775550","protein","C1+",1,"positive"
"prot__TraesNOR5A03G02775560","TraesNOR5A03G02775560","protein","C2+",2,"positive"
"prot__TraesNOR5A03G02775750","TraesNOR5A03G02775750","protein","C1+",1,"positive"
"prot__TraesNOR5A03G02777510","TraesNOR5A03G02777510","protein","C1-",1,"negative"
"prot__TraesNOR5A03G02780050","TraesNOR5A03G02780050","protein","C1+",1,"positive"
"prot__TraesNOR5A03G02780840","TraesNOR5A03G02780840","protein","C1-",1,"negative"
"prot__TraesNOR5A03G02784850","TraesNOR5A03G02784850","protein","C1-",1,"negative"
"prot__TraesNOR5A03G02786010","TraesNOR5A03G02786010","protein","C1-",1,"negative"
"prot__TraesNOR5A03G02787700","TraesNOR5A03G02787700","protein","C2-",2,"negative"
"prot__TraesNOR5A03G02788700","TraesNOR5A03G02788700","protein","C2-",2,"negative"
"prot__TraesNOR5A03G02789160","TraesNOR5A03G02789160","protein","C1-",1,"negative"
"prot__TraesNOR5A03G02789170","TraesNOR5A03G02789170","protein","C1-",1,"negative"
"prot__TraesNOR5A03G02789380","TraesNOR5A03G02789380","protein","C1-",1,"negative"
"prot__TraesNOR5A03G02790130","TraesNOR5A03G02790130","protein","C2+",2,"positive"
"prot__TraesNOR5A03G02790140","TraesNOR5A03G02790140","protein","C1-",1,"negative"
"prot__TraesNOR5A03G02790260","TraesNOR5A03G02790260","protein","C1-",1,"negative"
"prot__TraesNOR5A03G02790270","TraesNOR5A03G02790270","protein","C1+",1,"positive"
"prot__TraesNOR5A03G02790670","TraesNOR5A03G02790670","protein","C2+",2,"positive"
"prot__TraesNOR5A03G02791060","TraesNOR5A03G02791060","protein","C1-",1,"negative"
"prot__TraesNOR5A03G02792220","TraesNOR5A03G02792220","protein","C1-",1,"negative"
"prot__TraesNOR5A03G02792940","TraesNOR5A03G02792940","protein","C2+",2,"positive"
"prot__TraesNOR5A03G02793080","TraesNOR5A03G02793080","protein","C1+",1,"positive"
"prot__TraesNOR5A03G02794690","TraesNOR5A03G02794690","protein","C2+",2,"positive"
"prot__TraesNOR5A03G02795780","TraesNOR5A03G02795780","protein","C1-",1,"negative"
"prot__TraesNOR5A03G02795820","TraesNOR5A03G02795820","protein","C1-",1,"negative"
"prot__TraesNOR5A03G02798540","TraesNOR5A03G02798540","protein","C2+",2,"positive"
"prot__TraesNOR5A03G02799250","TraesNOR5A03G02799250","protein","C1-",1,"negative"
"prot__TraesNOR5A03G02799430","TraesNOR5A03G02799430","protein","C2+",2,"positive"
"prot__TraesNOR5A03G02801100","TraesNOR5A03G02801100","protein","C1-",1,"negative"
"prot__TraesNOR5A03G02803250","TraesNOR5A03G02803250","protein","C1+",1,"positive"
"prot__TraesNOR5A03G02805670","TraesNOR5A03G02805670","protein","C1-",1,"negative"
"prot__TraesNOR5A03G02806210","TraesNOR5A03G02806210","protein","C1-",1,"negative"
"prot__TraesNOR5A03G02807230","TraesNOR5A03G02807230","protein","C2-",2,"negative"
"prot__TraesNOR5A03G02808940","TraesNOR5A03G02808940","protein","C2+",2,"positive"
"prot__TraesNOR5A03G02809020","TraesNOR5A03G02809020","protein","C2-",2,"negative"
"prot__TraesNOR5B03G02812880","TraesNOR5B03G02812880","protein","C2+",2,"positive"
"prot__TraesNOR5B03G02813820","TraesNOR5B03G02813820","protein","C1+",1,"positive"
"prot__TraesNOR5B03G02815160","TraesNOR5B03G02815160","protein","C2+",2,"positive"
"prot__TraesNOR5B03G02816570","TraesNOR5B03G02816570","protein","C2+",2,"positive"
"prot__TraesNOR5B03G02817740","TraesNOR5B03G02817740","protein","C1-",1,"negative"
"prot__TraesNOR5B03G02817860","TraesNOR5B03G02817860","protein","C2+",2,"positive"
"prot__TraesNOR5B03G02818070","TraesNOR5B03G02818070","protein","C1-",1,"negative"
"prot__TraesNOR5B03G02819140","TraesNOR5B03G02819140","protein","C2+",2,"positive"
"prot__TraesNOR5B03G02820980","TraesNOR5B03G02820980","protein","C1-",1,"negative"
"prot__TraesNOR5B03G02827600","TraesNOR5B03G02827600","protein","C2+",2,"positive"
"prot__TraesNOR5B03G02837840","TraesNOR5B03G02837840","protein","C2-",2,"negative"
"prot__TraesNOR5B03G02840090","TraesNOR5B03G02840090","protein","C2-",2,"negative"
"prot__TraesNOR5B03G02841400","TraesNOR5B03G02841400","protein","C1-",1,"negative"
"prot__TraesNOR5B03G02844480","TraesNOR5B03G02844480","protein","C2+",2,"positive"
"prot__TraesNOR5B03G02844900","TraesNOR5B03G02844900","protein","C2-",2,"negative"
"prot__TraesNOR5B03G02851400","TraesNOR5B03G02851400","protein","C2+",2,"positive"
"prot__TraesNOR5B03G02852310","TraesNOR5B03G02852310","protein","C1+",1,"positive"
"prot__TraesNOR5B03G02852370","TraesNOR5B03G02852370","protein","C1+",1,"positive"
"prot__TraesNOR5B03G02857960","TraesNOR5B03G02857960","protein","C1-",1,"negative"
"prot__TraesNOR5B03G02858050","TraesNOR5B03G02858050","protein","C1-",1,"negative"
"prot__TraesNOR5B03G02858300","TraesNOR5B03G02858300","protein","C1-",1,"negative"
"prot__TraesNOR5B03G02860700","TraesNOR5B03G02860700","protein","C1-",1,"negative"
"prot__TraesNOR5B03G02861090","TraesNOR5B03G02861090","protein","C2+",2,"positive"
"prot__TraesNOR5B03G02863840","TraesNOR5B03G02863840","protein","C1+",1,"positive"
"prot__TraesNOR5B03G02865270","TraesNOR5B03G02865270","protein","C1-",1,"negative"
"prot__TraesNOR5B03G02868820","TraesNOR5B03G02868820","protein","C2+",2,"positive"
"prot__TraesNOR5B03G02869920","TraesNOR5B03G02869920","protein","C1-",1,"negative"
"prot__TraesNOR5B03G02870640","TraesNOR5B03G02870640","protein","C2+",2,"positive"
"prot__TraesNOR5B03G02876580","TraesNOR5B03G02876580","protein","C1-",1,"negative"
"prot__TraesNOR5B03G02878360","TraesNOR5B03G02878360","protein","C1-",1,"negative"
"prot__TraesNOR5B03G02878440","TraesNOR5B03G02878440","protein","C1+",1,"positive"
"prot__TraesNOR5B03G02879920","TraesNOR5B03G02879920","protein","C1+",1,"positive"
"prot__TraesNOR5B03G02882940","TraesNOR5B03G02882940","protein","C1+",1,"positive"
"prot__TraesNOR5B03G02884830","TraesNOR5B03G02884830","protein","C1-",1,"negative"
"prot__TraesNOR5B03G02885280","TraesNOR5B03G02885280","protein","C2+",2,"positive"
"prot__TraesNOR5B03G02885660","TraesNOR5B03G02885660","protein","C2-",2,"negative"
"prot__TraesNOR5B03G02887410","TraesNOR5B03G02887410","protein","C2+",2,"positive"
"prot__TraesNOR5B03G02889020","TraesNOR5B03G02889020","protein","C1-",1,"negative"
"prot__TraesNOR5B03G02892880","TraesNOR5B03G02892880","protein","C2-",2,"negative"
"prot__TraesNOR5B03G02894510","TraesNOR5B03G02894510","protein","C1-",1,"negative"
"prot__TraesNOR5B03G02895140","TraesNOR5B03G02895140","protein","C2+",2,"positive"
"prot__TraesNOR5B03G02895320","TraesNOR5B03G02895320","protein","C1-",1,"negative"
"prot__TraesNOR5B03G02898100","TraesNOR5B03G02898100","protein","C1-",1,"negative"
"prot__TraesNOR5B03G02899240","TraesNOR5B03G02899240","protein","C1-",1,"negative"
"prot__TraesNOR5B03G02899360","TraesNOR5B03G02899360","protein","C2-",2,"negative"
"prot__TraesNOR5B03G02901980","TraesNOR5B03G02901980","protein","C2+",2,"positive"
"prot__TraesNOR5B03G02902230","TraesNOR5B03G02902230","protein","C2+",2,"positive"
"prot__TraesNOR5B03G02904270","TraesNOR5B03G02904270","protein","C1-",1,"negative"
"prot__TraesNOR5B03G02905030","TraesNOR5B03G02905030","protein","C2+",2,"positive"
"prot__TraesNOR5B03G02905730","TraesNOR5B03G02905730","protein","C1-",1,"negative"
"prot__TraesNOR5B03G02907340","TraesNOR5B03G02907340","protein","C2+",2,"positive"
"prot__TraesNOR5B03G02907660","TraesNOR5B03G02907660","protein","C2+",2,"positive"
"prot__TraesNOR5B03G02908120","TraesNOR5B03G02908120","protein","C2+",2,"positive"
"prot__TraesNOR5B03G02909190","TraesNOR5B03G02909190","protein","C2+",2,"positive"
"prot__TraesNOR5B03G02909740","TraesNOR5B03G02909740","protein","C2+",2,"positive"
"prot__TraesNOR5B03G02911110","TraesNOR5B03G02911110","protein","C1-",1,"negative"
"prot__TraesNOR5B03G02911970","TraesNOR5B03G02911970","protein","C2+",2,"positive"
"prot__TraesNOR5B03G02912280","TraesNOR5B03G02912280","protein","C2+",2,"positive"
"prot__TraesNOR5B03G02915320","TraesNOR5B03G02915320","protein","C1-",1,"negative"
"prot__TraesNOR5B03G02917990","TraesNOR5B03G02917990","protein","C1-",1,"negative"
"prot__TraesNOR5B03G02918230","TraesNOR5B03G02918230","protein","C1-",1,"negative"
"prot__TraesNOR5B03G02918790","TraesNOR5B03G02918790","protein","C1-",1,"negative"
"prot__TraesNOR5B03G02920090","TraesNOR5B03G02920090","protein","C2+",2,"positive"
"prot__TraesNOR5B03G02920580","TraesNOR5B03G02920580","protein","C2+",2,"positive"
"prot__TraesNOR5B03G02920970","TraesNOR5B03G02920970","protein","C2+",2,"positive"
"prot__TraesNOR5B03G02921120","TraesNOR5B03G02921120","protein","C2+",2,"positive"
"prot__TraesNOR5B03G02921520","TraesNOR5B03G02921520","protein","C2+",2,"positive"
"prot__TraesNOR5B03G02921600","TraesNOR5B03G02921600","protein","C2-",2,"negative"
"prot__TraesNOR5B03G02926630","TraesNOR5B03G02926630","protein","C2+",2,"positive"
"prot__TraesNOR5B03G02928840","TraesNOR5B03G02928840","protein","C1-",1,"negative"
"prot__TraesNOR5B03G02929520","TraesNOR5B03G02929520","protein","C2+",2,"positive"
"prot__TraesNOR5B03G02929980","TraesNOR5B03G02929980","protein","C2+",2,"positive"
"prot__TraesNOR5B03G02932080","TraesNOR5B03G02932080","protein","C1-",1,"negative"
"prot__TraesNOR5B03G02932360","TraesNOR5B03G02932360","protein","C1-",1,"negative"
"prot__TraesNOR5B03G02932540","TraesNOR5B03G02932540","protein","C2+",2,"positive"
"prot__TraesNOR5B03G02932610","TraesNOR5B03G02932610","protein","C1-",1,"negative"
"prot__TraesNOR5B03G02933990","TraesNOR5B03G02933990","protein","C1-",1,"negative"
"prot__TraesNOR5B03G02935040","TraesNOR5B03G02935040","protein","C1+",1,"positive"
"prot__TraesNOR5B03G02935370","TraesNOR5B03G02935370","protein","C1-",1,"negative"
"prot__TraesNOR5B03G02935950","TraesNOR5B03G02935950","protein","C1+",1,"positive"
"prot__TraesNOR5B03G02940460","TraesNOR5B03G02940460","protein","C2+",2,"positive"
"prot__TraesNOR5B03G02941760","TraesNOR5B03G02941760","protein","C2+",2,"positive"
"prot__TraesNOR5B03G02943970","TraesNOR5B03G02943970","protein","C1-",1,"negative"
"prot__TraesNOR5B03G02945490","TraesNOR5B03G02945490","protein","C1-",1,"negative"
"prot__TraesNOR5B03G02948440","TraesNOR5B03G02948440","protein","C2-",2,"negative"
"prot__TraesNOR5B03G02949880","TraesNOR5B03G02949880","protein","C2+",2,"positive"
"prot__TraesNOR5B03G02950590","TraesNOR5B03G02950590","protein","C1+",1,"positive"
"prot__TraesNOR5B03G02952760","TraesNOR5B03G02952760","protein","C2-",2,"negative"
"prot__TraesNOR5B03G02954120","TraesNOR5B03G02954120","protein","C2+",2,"positive"
"prot__TraesNOR5B03G02959070","TraesNOR5B03G02959070","protein","C1-",1,"negative"
"prot__TraesNOR5B03G02963650","TraesNOR5B03G02963650","protein","C2+",2,"positive"
"prot__TraesNOR5B03G02966940","TraesNOR5B03G02966940","protein","C1-",1,"negative"
"prot__TraesNOR5B03G02967270","TraesNOR5B03G02967270","protein","C2+",2,"positive"
"prot__TraesNOR5B03G02967380","TraesNOR5B03G02967380","protein","C2-",2,"negative"
"prot__TraesNOR5B03G02967950","TraesNOR5B03G02967950","protein","C2+",2,"positive"
"prot__TraesNOR5B03G02968260","TraesNOR5B03G02968260","protein","C2+",2,"positive"
"prot__TraesNOR5B03G02968780","TraesNOR5B03G02968780","protein","C1-",1,"negative"
"prot__TraesNOR5B03G02968930","TraesNOR5B03G02968930","protein","C2-",2,"negative"
"prot__TraesNOR5B03G02970040","TraesNOR5B03G02970040","protein","C1-",1,"negative"
"prot__TraesNOR5B03G02976260","TraesNOR5B03G02976260","protein","C2+",2,"positive"
"prot__TraesNOR5B03G02976560","TraesNOR5B03G02976560","protein","C2+",2,"positive"
"prot__TraesNOR5B03G02976870","TraesNOR5B03G02976870","protein","C2-",2,"negative"
"prot__TraesNOR5B03G02979200","TraesNOR5B03G02979200","protein","C2+",2,"positive"
"prot__TraesNOR5B03G02982870","TraesNOR5B03G02982870","protein","C2+",2,"positive"
"prot__TraesNOR5B03G02983330","TraesNOR5B03G02983330","protein","C2+",2,"positive"
"prot__TraesNOR5B03G02984230","TraesNOR5B03G02984230","protein","C1-",1,"negative"
"prot__TraesNOR5B03G02986110","TraesNOR5B03G02986110","protein","C2-",2,"negative"
"prot__TraesNOR5B03G02988160","TraesNOR5B03G02988160","protein","C2+",2,"positive"
"prot__TraesNOR5B03G02989680","TraesNOR5B03G02989680","protein","C1-",1,"negative"
"prot__TraesNOR5B03G02990790","TraesNOR5B03G02990790","protein","C1-",1,"negative"
"prot__TraesNOR5B03G02991460","TraesNOR5B03G02991460","protein","C1+",1,"positive"
"prot__TraesNOR5B03G02992170","TraesNOR5B03G02992170","protein","C2+",2,"positive"
"prot__TraesNOR5B03G02992540","TraesNOR5B03G02992540","protein","C1-",1,"negative"
"prot__TraesNOR5B03G02993060","TraesNOR5B03G02993060","protein","C1-",1,"negative"
"prot__TraesNOR5B03G02993780","TraesNOR5B03G02993780","protein","C2+",2,"positive"
"prot__TraesNOR5B03G02994020","TraesNOR5B03G02994020","protein","C2-",2,"negative"
"prot__TraesNOR5B03G02994130","TraesNOR5B03G02994130","protein","C2-",2,"negative"
"prot__TraesNOR5B03G02995140","TraesNOR5B03G02995140","protein","C1-",1,"negative"
"prot__TraesNOR5B03G02997130","TraesNOR5B03G02997130","protein","C2-",2,"negative"
"prot__TraesNOR5B03G02998310","TraesNOR5B03G02998310","protein","C1-",1,"negative"
"prot__TraesNOR5B03G02999360","TraesNOR5B03G02999360","protein","C1-",1,"negative"
"prot__TraesNOR5B03G02999450","TraesNOR5B03G02999450","protein","C2+",2,"positive"
"prot__TraesNOR5B03G03001710","TraesNOR5B03G03001710","protein","C2+",2,"positive"
"prot__TraesNOR5B03G03001890","TraesNOR5B03G03001890","protein","C1-",1,"negative"
"prot__TraesNOR5B03G03002290","TraesNOR5B03G03002290","protein","C1-",1,"negative"
"prot__TraesNOR5B03G03003360","TraesNOR5B03G03003360","protein","C2+",2,"positive"
"prot__TraesNOR5B03G03005830","TraesNOR5B03G03005830","protein","C1-",1,"negative"
"prot__TraesNOR5B03G03006080","TraesNOR5B03G03006080","protein","C1-",1,"negative"
"prot__TraesNOR5B03G03007170","TraesNOR5B03G03007170","protein","C1-",1,"negative"
"prot__TraesNOR5B03G03008080","TraesNOR5B03G03008080","protein","C2+",2,"positive"
"prot__TraesNOR5B03G03009040","TraesNOR5B03G03009040","protein","C2-",2,"negative"
"prot__TraesNOR5B03G03009050","TraesNOR5B03G03009050","protein","C1-",1,"negative"
"prot__TraesNOR5B03G03009870","TraesNOR5B03G03009870","protein","C2+",2,"positive"
"prot__TraesNOR5B03G03010070","TraesNOR5B03G03010070","protein","C1+",1,"positive"
"prot__TraesNOR5B03G03010500","TraesNOR5B03G03010500","protein","C2+",2,"positive"
"prot__TraesNOR5B03G03016880","TraesNOR5B03G03016880","protein","C1-",1,"negative"
"prot__TraesNOR5B03G03017310","TraesNOR5B03G03017310","protein","C1-",1,"negative"
"prot__TraesNOR5B03G03018740","TraesNOR5B03G03018740","protein","C2+",2,"positive"
"prot__TraesNOR5B03G03019110","TraesNOR5B03G03019110","protein","C1+",1,"positive"
"prot__TraesNOR5B03G03019380","TraesNOR5B03G03019380","protein","C1-",1,"negative"
"prot__TraesNOR5B03G03021650","TraesNOR5B03G03021650","protein","C1+",1,"positive"
"prot__TraesNOR5B03G03021780","TraesNOR5B03G03021780","protein","C2+",2,"positive"
"prot__TraesNOR5B03G03022320","TraesNOR5B03G03022320","protein","C2+",2,"positive"
"prot__TraesNOR5B03G03024190","TraesNOR5B03G03024190","protein","C1-",1,"negative"
"prot__TraesNOR5B03G03024270","TraesNOR5B03G03024270","protein","C1-",1,"negative"
"prot__TraesNOR5B03G03024690","TraesNOR5B03G03024690","protein","C2+",2,"positive"
"prot__TraesNOR5B03G03025500","TraesNOR5B03G03025500","protein","C2+",2,"positive"
"prot__TraesNOR5B03G03026330","TraesNOR5B03G03026330","protein","C2+",2,"positive"
"prot__TraesNOR5B03G03026530","TraesNOR5B03G03026530","protein","C2+",2,"positive"
"prot__TraesNOR5B03G03029560","TraesNOR5B03G03029560","protein","C2+",2,"positive"
"prot__TraesNOR5B03G03029670","TraesNOR5B03G03029670","protein","C1-",1,"negative"
"prot__TraesNOR5B03G03031500","TraesNOR5B03G03031500","protein","C1+",1,"positive"
"prot__TraesNOR5B03G03033940","TraesNOR5B03G03033940","protein","C1-",1,"negative"
"prot__TraesNOR5B03G03035030","TraesNOR5B03G03035030","protein","C2+",2,"positive"
"prot__TraesNOR5B03G03035130","TraesNOR5B03G03035130","protein","C2+",2,"positive"
"prot__TraesNOR5B03G03036200","TraesNOR5B03G03036200","protein","C2-",2,"negative"
"prot__TraesNOR5B03G03038200","TraesNOR5B03G03038200","protein","C2+",2,"positive"
"prot__TraesNOR5B03G03039650","TraesNOR5B03G03039650","protein","C2-",2,"negative"
"prot__TraesNOR5B03G03039930","TraesNOR5B03G03039930","protein","C2+",2,"positive"
"prot__TraesNOR5B03G03040670","TraesNOR5B03G03040670","protein","C1+",1,"positive"
"prot__TraesNOR5B03G03040890","TraesNOR5B03G03040890","protein","C2-",2,"negative"
"prot__TraesNOR5B03G03042240","TraesNOR5B03G03042240","protein","C2+",2,"positive"
"prot__TraesNOR5B03G03045110","TraesNOR5B03G03045110","protein","C2+",2,"positive"
"prot__TraesNOR5B03G03046790","TraesNOR5B03G03046790","protein","C2-",2,"negative"
"prot__TraesNOR5B03G03048450","TraesNOR5B03G03048450","protein","C2+",2,"positive"
"prot__TraesNOR5D03G03055520","TraesNOR5D03G03055520","protein","C1+",1,"positive"
"prot__TraesNOR5D03G03055960","TraesNOR5D03G03055960","protein","C1+",1,"positive"
"prot__TraesNOR5D03G03056610","TraesNOR5D03G03056610","protein","C1-",1,"negative"
"prot__TraesNOR5D03G03060780","TraesNOR5D03G03060780","protein","C2+",2,"positive"
"prot__TraesNOR5D03G03060810","TraesNOR5D03G03060810","protein","C2+",2,"positive"
"prot__TraesNOR5D03G03060820","TraesNOR5D03G03060820","protein","C2+",2,"positive"
"prot__TraesNOR5D03G03061080","TraesNOR5D03G03061080","protein","C2-",2,"negative"
"prot__TraesNOR5D03G03061280","TraesNOR5D03G03061280","protein","C2+",2,"positive"
"prot__TraesNOR5D03G03062350","TraesNOR5D03G03062350","protein","C2+",2,"positive"
"prot__TraesNOR5D03G03064600","TraesNOR5D03G03064600","protein","C2+",2,"positive"
"prot__TraesNOR5D03G03066230","TraesNOR5D03G03066230","protein","C2+",2,"positive"
"prot__TraesNOR5D03G03069340","TraesNOR5D03G03069340","protein","C2+",2,"positive"
"prot__TraesNOR5D03G03069420","TraesNOR5D03G03069420","protein","C2-",2,"negative"
"prot__TraesNOR5D03G03070260","TraesNOR5D03G03070260","protein","C2+",2,"positive"
"prot__TraesNOR5D03G03070660","TraesNOR5D03G03070660","protein","C2+",2,"positive"
"prot__TraesNOR5D03G03071530","TraesNOR5D03G03071530","protein","C2+",2,"positive"
"prot__TraesNOR5D03G03071820","TraesNOR5D03G03071820","protein","C2-",2,"negative"
"prot__TraesNOR5D03G03072210","TraesNOR5D03G03072210","protein","C1-",1,"negative"
"prot__TraesNOR5D03G03072640","TraesNOR5D03G03072640","protein","C1-",1,"negative"
"prot__TraesNOR5D03G03074600","TraesNOR5D03G03074600","protein","C2+",2,"positive"
"prot__TraesNOR5D03G03076920","TraesNOR5D03G03076920","protein","C1-",1,"negative"
"prot__TraesNOR5D03G03078550","TraesNOR5D03G03078550","protein","C2+",2,"positive"
"prot__TraesNOR5D03G03078810","TraesNOR5D03G03078810","protein","C2+",2,"positive"
"prot__TraesNOR5D03G03079160","TraesNOR5D03G03079160","protein","C2+",2,"positive"
"prot__TraesNOR5D03G03079740","TraesNOR5D03G03079740","protein","C1-",1,"negative"
"prot__TraesNOR5D03G03081740","TraesNOR5D03G03081740","protein","C2+",2,"positive"
"prot__TraesNOR5D03G03082220","TraesNOR5D03G03082220","protein","C1-",1,"negative"
"prot__TraesNOR5D03G03082950","TraesNOR5D03G03082950","protein","C2-",2,"negative"
"prot__TraesNOR5D03G03082970","TraesNOR5D03G03082970","protein","C2+",2,"positive"
"prot__TraesNOR5D03G03085180","TraesNOR5D03G03085180","protein","C2+",2,"positive"
"prot__TraesNOR5D03G03085930","TraesNOR5D03G03085930","protein","C2+",2,"positive"
"prot__TraesNOR5D03G03090600","TraesNOR5D03G03090600","protein","C1-",1,"negative"
"prot__TraesNOR5D03G03090720","TraesNOR5D03G03090720","protein","C1-",1,"negative"
"prot__TraesNOR5D03G03091930","TraesNOR5D03G03091930","protein","C2+",2,"positive"
"prot__TraesNOR5D03G03092170","TraesNOR5D03G03092170","protein","C2+",2,"positive"
"prot__TraesNOR5D03G03092240","TraesNOR5D03G03092240","protein","C2+",2,"positive"
"prot__TraesNOR5D03G03093670","TraesNOR5D03G03093670","protein","C1-",1,"negative"
"prot__TraesNOR5D03G03093950","TraesNOR5D03G03093950","protein","C2-",2,"negative"
"prot__TraesNOR5D03G03094420","TraesNOR5D03G03094420","protein","C1+",1,"positive"
"prot__TraesNOR5D03G03094740","TraesNOR5D03G03094740","protein","C1+",1,"positive"
"prot__TraesNOR5D03G03094990","TraesNOR5D03G03094990","protein","C2-",2,"negative"
"prot__TraesNOR5D03G03095620","TraesNOR5D03G03095620","protein","C1-",1,"negative"
"prot__TraesNOR5D03G03096380","TraesNOR5D03G03096380","protein","C2-",2,"negative"
"prot__TraesNOR5D03G03097320","TraesNOR5D03G03097320","protein","C1+",1,"positive"
"prot__TraesNOR5D03G03098340","TraesNOR5D03G03098340","protein","C2+",2,"positive"
"prot__TraesNOR5D03G03099340","TraesNOR5D03G03099340","protein","C2+",2,"positive"
"prot__TraesNOR5D03G03099410","TraesNOR5D03G03099410","protein","C1-",1,"negative"
"prot__TraesNOR5D03G03100400","TraesNOR5D03G03100400","protein","C1-",1,"negative"
"prot__TraesNOR5D03G03100620","TraesNOR5D03G03100620","protein","C1-",1,"negative"
"prot__TraesNOR5D03G03100670","TraesNOR5D03G03100670","protein","C2+",2,"positive"
"prot__TraesNOR5D03G03100890","TraesNOR5D03G03100890","protein","C1-",1,"negative"
"prot__TraesNOR5D03G03101480","TraesNOR5D03G03101480","protein","C1-",1,"negative"
"prot__TraesNOR5D03G03102330","TraesNOR5D03G03102330","protein","C2+",2,"positive"
"prot__TraesNOR5D03G03102410","TraesNOR5D03G03102410","protein","C1-",1,"negative"
"prot__TraesNOR5D03G03102780","TraesNOR5D03G03102780","protein","C1-",1,"negative"
"prot__TraesNOR5D03G03103840","TraesNOR5D03G03103840","protein","C1-",1,"negative"
"prot__TraesNOR5D03G03104340","TraesNOR5D03G03104340","protein","C1-",1,"negative"
"prot__TraesNOR5D03G03105110","TraesNOR5D03G03105110","protein","C1+",1,"positive"
"prot__TraesNOR5D03G03105270","TraesNOR5D03G03105270","protein","C2+",2,"positive"
"prot__TraesNOR5D03G03108650","TraesNOR5D03G03108650","protein","C1-",1,"negative"
"prot__TraesNOR5D03G03109550","TraesNOR5D03G03109550","protein","C2+",2,"positive"
"prot__TraesNOR5D03G03109690","TraesNOR5D03G03109690","protein","C1-",1,"negative"
"prot__TraesNOR5D03G03109970","TraesNOR5D03G03109970","protein","C1+",1,"positive"
"prot__TraesNOR5D03G03113150","TraesNOR5D03G03113150","protein","C2-",2,"negative"
"prot__TraesNOR5D03G03113270","TraesNOR5D03G03113270","protein","C2+",2,"positive"
"prot__TraesNOR5D03G03115200","TraesNOR5D03G03115200","protein","C2-",2,"negative"
"prot__TraesNOR5D03G03116430","TraesNOR5D03G03116430","protein","C1-",1,"negative"
"prot__TraesNOR5D03G03116850","TraesNOR5D03G03116850","protein","C1-",1,"negative"
"prot__TraesNOR5D03G03117010","TraesNOR5D03G03117010","protein","C2+",2,"positive"
"prot__TraesNOR5D03G03117300","TraesNOR5D03G03117300","protein","C1-",1,"negative"
"prot__TraesNOR5D03G03117400","TraesNOR5D03G03117400","protein","C1-",1,"negative"
"prot__TraesNOR5D03G03118190","TraesNOR5D03G03118190","protein","C2-",2,"negative"
"prot__TraesNOR5D03G03121000","TraesNOR5D03G03121000","protein","C1-",1,"negative"
"prot__TraesNOR5D03G03121190","TraesNOR5D03G03121190","protein","C1-",1,"negative"
"prot__TraesNOR5D03G03121670","TraesNOR5D03G03121670","protein","C2+",2,"positive"
"prot__TraesNOR5D03G03121990","TraesNOR5D03G03121990","protein","C1-",1,"negative"
"prot__TraesNOR5D03G03124770","TraesNOR5D03G03124770","protein","C1-",1,"negative"
"prot__TraesNOR5D03G03126520","TraesNOR5D03G03126520","protein","C1-",1,"negative"
"prot__TraesNOR5D03G03128080","TraesNOR5D03G03128080","protein","C2+",2,"positive"
"prot__TraesNOR5D03G03130490","TraesNOR5D03G03130490","protein","C1+",1,"positive"
"prot__TraesNOR5D03G03133020","TraesNOR5D03G03133020","protein","C1-",1,"negative"
"prot__TraesNOR5D03G03133250","TraesNOR5D03G03133250","protein","C2+",2,"positive"
"prot__TraesNOR5D03G03133270","TraesNOR5D03G03133270","protein","C2+",2,"positive"
"prot__TraesNOR5D03G03133720","TraesNOR5D03G03133720","protein","C1+",1,"positive"
"prot__TraesNOR5D03G03134150","TraesNOR5D03G03134150","protein","C2-",2,"negative"
"prot__TraesNOR5D03G03134340","TraesNOR5D03G03134340","protein","C1-",1,"negative"
"prot__TraesNOR5D03G03134400","TraesNOR5D03G03134400","protein","C2+",2,"positive"
"prot__TraesNOR5D03G03134410","TraesNOR5D03G03134410","protein","C1-",1,"negative"
"prot__TraesNOR5D03G03135230","TraesNOR5D03G03135230","protein","C1-",1,"negative"
"prot__TraesNOR5D03G03135900","TraesNOR5D03G03135900","protein","C1-",1,"negative"
"prot__TraesNOR5D03G03135930","TraesNOR5D03G03135930","protein","C2+",2,"positive"
"prot__TraesNOR5D03G03136530","TraesNOR5D03G03136530","protein","C1-",1,"negative"
"prot__TraesNOR5D03G03136560","TraesNOR5D03G03136560","protein","C1-",1,"negative"
"prot__TraesNOR5D03G03136570","TraesNOR5D03G03136570","protein","C2-",2,"negative"
"prot__TraesNOR5D03G03136800","TraesNOR5D03G03136800","protein","C2-",2,"negative"
"prot__TraesNOR5D03G03137250","TraesNOR5D03G03137250","protein","C1-",1,"negative"
"prot__TraesNOR5D03G03137630","TraesNOR5D03G03137630","protein","C2-",2,"negative"
"prot__TraesNOR5D03G03138020","TraesNOR5D03G03138020","protein","C2-",2,"negative"
"prot__TraesNOR5D03G03138050","TraesNOR5D03G03138050","protein","C1-",1,"negative"
"prot__TraesNOR5D03G03138560","TraesNOR5D03G03138560","protein","C1-",1,"negative"
"prot__TraesNOR5D03G03140220","TraesNOR5D03G03140220","protein","C2+",2,"positive"
"prot__TraesNOR5D03G03141600","TraesNOR5D03G03141600","protein","C1-",1,"negative"
"prot__TraesNOR5D03G03142260","TraesNOR5D03G03142260","protein","C1-",1,"negative"
"prot__TraesNOR5D03G03143090","TraesNOR5D03G03143090","protein","C2+",2,"positive"
"prot__TraesNOR5D03G03143720","TraesNOR5D03G03143720","protein","C1-",1,"negative"
"prot__TraesNOR5D03G03144150","TraesNOR5D03G03144150","protein","C1-",1,"negative"
"prot__TraesNOR5D03G03145160","TraesNOR5D03G03145160","protein","C1-",1,"negative"
"prot__TraesNOR5D03G03145650","TraesNOR5D03G03145650","protein","C2+",2,"positive"
"prot__TraesNOR5D03G03145660","TraesNOR5D03G03145660","protein","C1-",1,"negative"
"prot__TraesNOR5D03G03146550","TraesNOR5D03G03146550","protein","C2+",2,"positive"
"prot__TraesNOR5D03G03146570","TraesNOR5D03G03146570","protein","C1+",1,"positive"
"prot__TraesNOR5D03G03147060","TraesNOR5D03G03147060","protein","C1-",1,"negative"
"prot__TraesNOR5D03G03148140","TraesNOR5D03G03148140","protein","C1-",1,"negative"
"prot__TraesNOR5D03G03149040","TraesNOR5D03G03149040","protein","C1+",1,"positive"
"prot__TraesNOR5D03G03149120","TraesNOR5D03G03149120","protein","C1-",1,"negative"
"prot__TraesNOR5D03G03149390","TraesNOR5D03G03149390","protein","C2-",2,"negative"
"prot__TraesNOR5D03G03150060","TraesNOR5D03G03150060","protein","C1+",1,"positive"
"prot__TraesNOR5D03G03150880","TraesNOR5D03G03150880","protein","C2+",2,"positive"
"prot__TraesNOR5D03G03151240","TraesNOR5D03G03151240","protein","C1-",1,"negative"
"prot__TraesNOR5D03G03151600","TraesNOR5D03G03151600","protein","C2+",2,"positive"
"prot__TraesNOR5D03G03151770","TraesNOR5D03G03151770","protein","C2+",2,"positive"
"prot__TraesNOR5D03G03151960","TraesNOR5D03G03151960","protein","C2+",2,"positive"
"prot__TraesNOR5D03G03152410","TraesNOR5D03G03152410","protein","C1-",1,"negative"
"prot__TraesNOR5D03G03152830","TraesNOR5D03G03152830","protein","C2+",2,"positive"
"prot__TraesNOR5D03G03152990","TraesNOR5D03G03152990","protein","C1-",1,"negative"
"prot__TraesNOR5D03G03153260","TraesNOR5D03G03153260","protein","C2+",2,"positive"
"prot__TraesNOR5D03G03155130","TraesNOR5D03G03155130","protein","C1-",1,"negative"
"prot__TraesNOR5D03G03155380","TraesNOR5D03G03155380","protein","C1-",1,"negative"
"prot__TraesNOR5D03G03155820","TraesNOR5D03G03155820","protein","C1-",1,"negative"
"prot__TraesNOR5D03G03156140","TraesNOR5D03G03156140","protein","C1-",1,"negative"
"prot__TraesNOR5D03G03158690","TraesNOR5D03G03158690","protein","C1-",1,"negative"
"prot__TraesNOR5D03G03158790","TraesNOR5D03G03158790","protein","C1-",1,"negative"
"prot__TraesNOR5D03G03158960","TraesNOR5D03G03158960","protein","C1-",1,"negative"
"prot__TraesNOR5D03G03159840","TraesNOR5D03G03159840","protein","C2+",2,"positive"
"prot__TraesNOR5D03G03161650","TraesNOR5D03G03161650","protein","C2+",2,"positive"
"prot__TraesNOR5D03G03162280","TraesNOR5D03G03162280","protein","C2-",2,"negative"
"prot__TraesNOR5D03G03162610","TraesNOR5D03G03162610","protein","C2-",2,"negative"
"prot__TraesNOR5D03G03163820","TraesNOR5D03G03163820","protein","C2+",2,"positive"
"prot__TraesNOR5D03G03164790","TraesNOR5D03G03164790","protein","C1-",1,"negative"
"prot__TraesNOR5D03G03165720","TraesNOR5D03G03165720","protein","C1-",1,"negative"
"prot__TraesNOR5D03G03166480","TraesNOR5D03G03166480","protein","C1-",1,"negative"
"prot__TraesNOR5D03G03167850","TraesNOR5D03G03167850","protein","C2+",2,"positive"
"prot__TraesNOR5D03G03168680","TraesNOR5D03G03168680","protein","C2+",2,"positive"
"prot__TraesNOR5D03G03168840","TraesNOR5D03G03168840","protein","C2+",2,"positive"
"prot__TraesNOR5D03G03170240","TraesNOR5D03G03170240","protein","C1-",1,"negative"
"prot__TraesNOR5D03G03170570","TraesNOR5D03G03170570","protein","C2+",2,"positive"
"prot__TraesNOR5D03G03171050","TraesNOR5D03G03171050","protein","C2+",2,"positive"
"prot__TraesNOR5D03G03171600","TraesNOR5D03G03171600","protein","C1-",1,"negative"
"prot__TraesNOR5D03G03171720","TraesNOR5D03G03171720","protein","C2+",2,"positive"
"prot__TraesNOR5D03G03172130","TraesNOR5D03G03172130","protein","C1-",1,"negative"
"prot__TraesNOR5D03G03172500","TraesNOR5D03G03172500","protein","C1-",1,"negative"
"prot__TraesNOR5D03G03173800","TraesNOR5D03G03173800","protein","C2+",2,"positive"
"prot__TraesNOR5D03G03175240","TraesNOR5D03G03175240","protein","C1-",1,"negative"
"prot__TraesNOR5D03G03176570","TraesNOR5D03G03176570","protein","C1-",1,"negative"
"prot__TraesNOR5D03G03177000","TraesNOR5D03G03177000","protein","C2-",2,"negative"
"prot__TraesNOR5D03G03178110","TraesNOR5D03G03178110","protein","C1-",1,"negative"
"prot__TraesNOR5D03G03180660","TraesNOR5D03G03180660","protein","C2+",2,"positive"
"prot__TraesNOR5D03G03180700","TraesNOR5D03G03180700","protein","C2+",2,"positive"
"prot__TraesNOR5D03G03181860","TraesNOR5D03G03181860","protein","C1-",1,"negative"
"prot__TraesNOR5D03G03182090","TraesNOR5D03G03182090","protein","C1+",1,"positive"
"prot__TraesNOR5D03G03182130","TraesNOR5D03G03182130","protein","C2-",2,"negative"
"prot__TraesNOR5D03G03182600","TraesNOR5D03G03182600","protein","C1-",1,"negative"
"prot__TraesNOR5D03G03183540","TraesNOR5D03G03183540","protein","C1-",1,"negative"
"prot__TraesNOR5D03G03183550","TraesNOR5D03G03183550","protein","C1-",1,"negative"
"prot__TraesNOR5D03G03183560","TraesNOR5D03G03183560","protein","C1-",1,"negative"
"prot__TraesNOR5D03G03185320","TraesNOR5D03G03185320","protein","C2-",2,"negative"
"prot__TraesNOR5D03G03186590","TraesNOR5D03G03186590","protein","C2-",2,"negative"
"prot__TraesNOR5D03G03186850","TraesNOR5D03G03186850","protein","C1-",1,"negative"
"prot__TraesNOR5D03G03187420","TraesNOR5D03G03187420","protein","C1+",1,"positive"
"prot__TraesNOR5D03G03187480","TraesNOR5D03G03187480","protein","C2+",2,"positive"
"prot__TraesNOR5D03G03187880","TraesNOR5D03G03187880","protein","C2+",2,"positive"
"prot__TraesNOR5D03G03188230","TraesNOR5D03G03188230","protein","C2+",2,"positive"
"prot__TraesNOR5D03G03189620","TraesNOR5D03G03189620","protein","C2+",2,"positive"
"prot__TraesNOR5D03G03189830","TraesNOR5D03G03189830","protein","C2+",2,"positive"
"prot__TraesNOR5D03G03189880","TraesNOR5D03G03189880","protein","C1-",1,"negative"
"prot__TraesNOR5D03G03191040","TraesNOR5D03G03191040","protein","C2-",2,"negative"
"prot__TraesNOR5D03G03191050","TraesNOR5D03G03191050","protein","C2+",2,"positive"
"prot__TraesNOR5D03G03191290","TraesNOR5D03G03191290","protein","C2-",2,"negative"
"prot__TraesNOR5D03G03191870","TraesNOR5D03G03191870","protein","C1-",1,"negative"
"prot__TraesNOR5D03G03192310","TraesNOR5D03G03192310","protein","C2-",2,"negative"
"prot__TraesNOR5D03G03192380","TraesNOR5D03G03192380","protein","C2+",2,"positive"
"prot__TraesNOR5D03G03192750","TraesNOR5D03G03192750","protein","C2-",2,"negative"
"prot__TraesNOR5D03G03193480","TraesNOR5D03G03193480","protein","C1-",1,"negative"
"prot__TraesNOR5D03G03195580","TraesNOR5D03G03195580","protein","C2+",2,"positive"
"prot__TraesNOR5D03G03199340","TraesNOR5D03G03199340","protein","C2-",2,"negative"
"prot__TraesNOR5D03G03200390","TraesNOR5D03G03200390","protein","C1-",1,"negative"
"prot__TraesNOR5D03G03201360","TraesNOR5D03G03201360","protein","C1-",1,"negative"
"prot__TraesNOR5D03G03201670","TraesNOR5D03G03201670","protein","C2+",2,"positive"
"prot__TraesNOR5D03G03202650","TraesNOR5D03G03202650","protein","C1-",1,"negative"
"prot__TraesNOR5D03G03202680","TraesNOR5D03G03202680","protein","C1-",1,"negative"
"prot__TraesNOR5D03G03206310","TraesNOR5D03G03206310","protein","C1+",1,"positive"
"prot__TraesNOR5D03G03206450","TraesNOR5D03G03206450","protein","C1-",1,"negative"
"prot__TraesNOR5D03G03206830","TraesNOR5D03G03206830","protein","C1-",1,"negative"
"prot__TraesNOR5D03G03207040","TraesNOR5D03G03207040","protein","C2+",2,"positive"
"prot__TraesNOR5D03G03207490","TraesNOR5D03G03207490","protein","C2+",2,"positive"
"prot__TraesNOR5D03G03207510","TraesNOR5D03G03207510","protein","C1-",1,"negative"
"prot__TraesNOR5D03G03207530","TraesNOR5D03G03207530","protein","C2+",2,"positive"
"prot__TraesNOR5D03G03208290","TraesNOR5D03G03208290","protein","C2-",2,"negative"
"prot__TraesNOR5D03G03208970","TraesNOR5D03G03208970","protein","C2+",2,"positive"
"prot__TraesNOR5D03G03208980","TraesNOR5D03G03208980","protein","C2-",2,"negative"
"prot__TraesNOR5D03G03210650","TraesNOR5D03G03210650","protein","C1-",1,"negative"
"prot__TraesNOR5D03G03210780","TraesNOR5D03G03210780","protein","C1-",1,"negative"
"prot__TraesNOR5D03G03210990","TraesNOR5D03G03210990","protein","C2-",2,"negative"
"prot__TraesNOR5D03G03211960","TraesNOR5D03G03211960","protein","C2-",2,"negative"
"prot__TraesNOR5D03G03212510","TraesNOR5D03G03212510","protein","C2+",2,"positive"
"prot__TraesNOR5D03G03212850","TraesNOR5D03G03212850","protein","C2+",2,"positive"
"prot__TraesNOR5D03G03213400","TraesNOR5D03G03213400","protein","C2+",2,"positive"
"prot__TraesNOR5D03G03213580","TraesNOR5D03G03213580","protein","C1-",1,"negative"
"prot__TraesNOR5D03G03213770","TraesNOR5D03G03213770","protein","C1-",1,"negative"
"prot__TraesNOR5D03G03214180","TraesNOR5D03G03214180","protein","C2+",2,"positive"
"prot__TraesNOR5D03G03215230","TraesNOR5D03G03215230","protein","C2+",2,"positive"
"prot__TraesNOR5D03G03216160","TraesNOR5D03G03216160","protein","C1-",1,"negative"
"prot__TraesNOR5D03G03216620","TraesNOR5D03G03216620","protein","C2+",2,"positive"
"prot__TraesNOR5D03G03217670","TraesNOR5D03G03217670","protein","C2-",2,"negative"
"prot__TraesNOR5D03G03217890","TraesNOR5D03G03217890","protein","C2-",2,"negative"
"prot__TraesNOR5D03G03218040","TraesNOR5D03G03218040","protein","C2+",2,"positive"
"prot__TraesNOR5D03G03218120","TraesNOR5D03G03218120","protein","C1-",1,"negative"
"prot__TraesNOR5D03G03218180","TraesNOR5D03G03218180","protein","C2+",2,"positive"
"prot__TraesNOR5D03G03219180","TraesNOR5D03G03219180","protein","C2+",2,"positive"
"prot__TraesNOR5D03G03220220","TraesNOR5D03G03220220","protein","C2-",2,"negative"
"prot__TraesNOR5D03G03220600","TraesNOR5D03G03220600","protein","C1-",1,"negative"
"prot__TraesNOR5D03G03221520","TraesNOR5D03G03221520","protein","C1-",1,"negative"
"prot__TraesNOR5D03G03222330","TraesNOR5D03G03222330","protein","C1+",1,"positive"
"prot__TraesNOR5D03G03222570","TraesNOR5D03G03222570","protein","C1-",1,"negative"
"prot__TraesNOR5D03G03223210","TraesNOR5D03G03223210","protein","C1-",1,"negative"
"prot__TraesNOR5D03G03223690","TraesNOR5D03G03223690","protein","C1-",1,"negative"
"prot__TraesNOR5D03G03225170","TraesNOR5D03G03225170","protein","C2+",2,"positive"
"prot__TraesNOR5D03G03225400","TraesNOR5D03G03225400","protein","C2+",2,"positive"
"prot__TraesNOR5D03G03225450","TraesNOR5D03G03225450","protein","C2-",2,"negative"
"prot__TraesNOR5D03G03228120","TraesNOR5D03G03228120","protein","C1-",1,"negative"
"prot__TraesNOR5D03G03228580","TraesNOR5D03G03228580","protein","C1-",1,"negative"
"prot__TraesNOR5D03G03228620","TraesNOR5D03G03228620","protein","C1+",1,"positive"
"prot__TraesNOR5D03G03228810","TraesNOR5D03G03228810","protein","C2-",2,"negative"
"prot__TraesNOR5D03G03228970","TraesNOR5D03G03228970","protein","C1-",1,"negative"
"prot__TraesNOR5D03G03230420","TraesNOR5D03G03230420","protein","C2+",2,"positive"
"prot__TraesNOR5D03G03231440","TraesNOR5D03G03231440","protein","C2+",2,"positive"
"prot__TraesNOR5D03G03232700","TraesNOR5D03G03232700","protein","C2+",2,"positive"
"prot__TraesNOR5D03G03233300","TraesNOR5D03G03233300","protein","C1-",1,"negative"
"prot__TraesNOR5D03G03233390","TraesNOR5D03G03233390","protein","C2+",2,"positive"
"prot__TraesNOR5D03G03235570","TraesNOR5D03G03235570","protein","C2+",2,"positive"
"prot__TraesNOR5D03G03236060","TraesNOR5D03G03236060","protein","C1-",1,"negative"
"prot__TraesNOR5D03G03236360","TraesNOR5D03G03236360","protein","C1-",1,"negative"
"prot__TraesNOR5D03G03237220","TraesNOR5D03G03237220","protein","C2-",2,"negative"
"prot__TraesNOR5D03G03237750","TraesNOR5D03G03237750","protein","C2+",2,"positive"
"prot__TraesNOR5D03G03238220","TraesNOR5D03G03238220","protein","C2+",2,"positive"
"prot__TraesNOR5D03G03238520","TraesNOR5D03G03238520","protein","C1+",1,"positive"
"prot__TraesNOR5D03G03238610","TraesNOR5D03G03238610","protein","C2+",2,"positive"
"prot__TraesNOR5D03G03238890","TraesNOR5D03G03238890","protein","C2+",2,"positive"
"prot__TraesNOR5D03G03240410","TraesNOR5D03G03240410","protein","C1-",1,"negative"
"prot__TraesNOR5D03G03240710","TraesNOR5D03G03240710","protein","C2+",2,"positive"
"prot__TraesNOR5D03G03240950","TraesNOR5D03G03240950","protein","C2+",2,"positive"
"prot__TraesNOR5D03G03240990","TraesNOR5D03G03240990","protein","C2+",2,"positive"
"prot__TraesNOR5D03G03241070","TraesNOR5D03G03241070","protein","C2+",2,"positive"
"prot__TraesNOR5D03G03241150","TraesNOR5D03G03241150","protein","C2+",2,"positive"
"prot__TraesNOR5D03G03241170","TraesNOR5D03G03241170","protein","C2+",2,"positive"
"prot__TraesNOR5D03G03242130","TraesNOR5D03G03242130","protein","C1-",1,"negative"
"prot__TraesNOR5D03G03242930","TraesNOR5D03G03242930","protein","C1-",1,"negative"
"prot__TraesNOR5D03G03243070","TraesNOR5D03G03243070","protein","C2-",2,"negative"
"prot__TraesNOR5D03G03243570","TraesNOR5D03G03243570","protein","C1-",1,"negative"
"prot__TraesNOR5D03G03245270","TraesNOR5D03G03245270","protein","C2-",2,"negative"
"prot__TraesNOR5D03G03246780","TraesNOR5D03G03246780","protein","C1+",1,"positive"
"prot__TraesNOR5D03G03246790","TraesNOR5D03G03246790","protein","C2-",2,"negative"
"prot__TraesNOR5D03G03249010","TraesNOR5D03G03249010","protein","C1-",1,"negative"
"prot__TraesNOR5D03G03249030","TraesNOR5D03G03249030","protein","C2+",2,"positive"
"prot__TraesNOR5D03G03249470","TraesNOR5D03G03249470","protein","C1+",1,"positive"
"prot__TraesNOR5D03G03251850","TraesNOR5D03G03251850","protein","C1+",1,"positive"
"prot__TraesNOR5D03G03252110","TraesNOR5D03G03252110","protein","C2+",2,"positive"
"prot__TraesNOR5D03G03252700","TraesNOR5D03G03252700","protein","C1-",1,"negative"
"prot__TraesNOR5D03G03253190","TraesNOR5D03G03253190","protein","C1-",1,"negative"
"prot__TraesNOR5D03G03254070","TraesNOR5D03G03254070","protein","C2-",2,"negative"
"prot__TraesNOR5D03G03255900","TraesNOR5D03G03255900","protein","C1-",1,"negative"
"prot__TraesNOR5D03G03256150","TraesNOR5D03G03256150","protein","C1-",1,"negative"
"prot__TraesNOR5D03G03256300","TraesNOR5D03G03256300","protein","C1-",1,"negative"
"prot__TraesNOR5D03G03257090","TraesNOR5D03G03257090","protein","C2-",2,"negative"
"prot__TraesNOR5D03G03257800","TraesNOR5D03G03257800","protein","C1-",1,"negative"
"prot__TraesNOR5D03G03258610","TraesNOR5D03G03258610","protein","C1-",1,"negative"
"prot__TraesNOR5D03G03260170","TraesNOR5D03G03260170","protein","C1-",1,"negative"
"prot__TraesNOR5D03G03260690","TraesNOR5D03G03260690","protein","C1-",1,"negative"
"prot__TraesNOR5D03G03261950","TraesNOR5D03G03261950","protein","C2+",2,"positive"
"prot__TraesNOR5D03G03263310","TraesNOR5D03G03263310","protein","C1-",1,"negative"
"prot__TraesNOR6A03G03264910","TraesNOR6A03G03264910","protein","C1-",1,"negative"
"prot__TraesNOR6A03G03267240","TraesNOR6A03G03267240","protein","C1+",1,"positive"
"prot__TraesNOR6A03G03269160","TraesNOR6A03G03269160","protein","C1-",1,"negative"
"prot__TraesNOR6A03G03269470","TraesNOR6A03G03269470","protein","C1-",1,"negative"
"prot__TraesNOR6A03G03269750","TraesNOR6A03G03269750","protein","C1-",1,"negative"
"prot__TraesNOR6A03G03269760","TraesNOR6A03G03269760","protein","C2+",2,"positive"
"prot__TraesNOR6A03G03270300","TraesNOR6A03G03270300","protein","C1+",1,"positive"
"prot__TraesNOR6A03G03270410","TraesNOR6A03G03270410","protein","C2+",2,"positive"
"prot__TraesNOR6A03G03272400","TraesNOR6A03G03272400","protein","C1-",1,"negative"
"prot__TraesNOR6A03G03272520","TraesNOR6A03G03272520","protein","C1-",1,"negative"
"prot__TraesNOR6A03G03272760","TraesNOR6A03G03272760","protein","C1-",1,"negative"
"prot__TraesNOR6A03G03272930","TraesNOR6A03G03272930","protein","C2-",2,"negative"
"prot__TraesNOR6A03G03274030","TraesNOR6A03G03274030","protein","C1-",1,"negative"
"prot__TraesNOR6A03G03274040","TraesNOR6A03G03274040","protein","C2+",2,"positive"
"prot__TraesNOR6A03G03276040","TraesNOR6A03G03276040","protein","C1-",1,"negative"
"prot__TraesNOR6A03G03277350","TraesNOR6A03G03277350","protein","C2-",2,"negative"
"prot__TraesNOR6A03G03277480","TraesNOR6A03G03277480","protein","C2+",2,"positive"
"prot__TraesNOR6A03G03279610","TraesNOR6A03G03279610","protein","C1+",1,"positive"
"prot__TraesNOR6A03G03284010","TraesNOR6A03G03284010","protein","C2+",2,"positive"
"prot__TraesNOR6A03G03284940","TraesNOR6A03G03284940","protein","C1-",1,"negative"
"prot__TraesNOR6A03G03285870","TraesNOR6A03G03285870","protein","C1+",1,"positive"
"prot__TraesNOR6A03G03286020","TraesNOR6A03G03286020","protein","C1-",1,"negative"
"prot__TraesNOR6A03G03286590","TraesNOR6A03G03286590","protein","C1+",1,"positive"
"prot__TraesNOR6A03G03286630","TraesNOR6A03G03286630","protein","C1-",1,"negative"
"prot__TraesNOR6A03G03287690","TraesNOR6A03G03287690","protein","C2-",2,"negative"
"prot__TraesNOR6A03G03293430","TraesNOR6A03G03293430","protein","C2+",2,"positive"
"prot__TraesNOR6A03G03295380","TraesNOR6A03G03295380","protein","C2+",2,"positive"
"prot__TraesNOR6A03G03295800","TraesNOR6A03G03295800","protein","C1-",1,"negative"
"prot__TraesNOR6A03G03296610","TraesNOR6A03G03296610","protein","C1-",1,"negative"
"prot__TraesNOR6A03G03296790","TraesNOR6A03G03296790","protein","C2+",2,"positive"
"prot__TraesNOR6A03G03296800","TraesNOR6A03G03296800","protein","C1-",1,"negative"
"prot__TraesNOR6A03G03297390","TraesNOR6A03G03297390","protein","C1+",1,"positive"
"prot__TraesNOR6A03G03298680","TraesNOR6A03G03298680","protein","C1-",1,"negative"
"prot__TraesNOR6A03G03298980","TraesNOR6A03G03298980","protein","C2+",2,"positive"
"prot__TraesNOR6A03G03300730","TraesNOR6A03G03300730","protein","C2+",2,"positive"
"prot__TraesNOR6A03G03300830","TraesNOR6A03G03300830","protein","C2+",2,"positive"
"prot__TraesNOR6A03G03307220","TraesNOR6A03G03307220","protein","C1-",1,"negative"
"prot__TraesNOR6A03G03307370","TraesNOR6A03G03307370","protein","C1-",1,"negative"
"prot__TraesNOR6A03G03308590","TraesNOR6A03G03308590","protein","C1-",1,"negative"
"prot__TraesNOR6A03G03313950","TraesNOR6A03G03313950","protein","C1-",1,"negative"
"prot__TraesNOR6A03G03317280","TraesNOR6A03G03317280","protein","C1+",1,"positive"
"prot__TraesNOR6A03G03318160","TraesNOR6A03G03318160","protein","C2-",2,"negative"
"prot__TraesNOR6A03G03318210","TraesNOR6A03G03318210","protein","C2+",2,"positive"
"prot__TraesNOR6A03G03319630","TraesNOR6A03G03319630","protein","C1+",1,"positive"
"prot__TraesNOR6A03G03321160","TraesNOR6A03G03321160","protein","C2+",2,"positive"
"prot__TraesNOR6A03G03323590","TraesNOR6A03G03323590","protein","C2+",2,"positive"
"prot__TraesNOR6A03G03325140","TraesNOR6A03G03325140","protein","C1-",1,"negative"
"prot__TraesNOR6A03G03325990","TraesNOR6A03G03325990","protein","C1-",1,"negative"
"prot__TraesNOR6A03G03329720","TraesNOR6A03G03329720","protein","C2+",2,"positive"
"prot__TraesNOR6A03G03331890","TraesNOR6A03G03331890","protein","C2-",2,"negative"
"prot__TraesNOR6A03G03332590","TraesNOR6A03G03332590","protein","C1-",1,"negative"
"prot__TraesNOR6A03G03337120","TraesNOR6A03G03337120","protein","C2+",2,"positive"
"prot__TraesNOR6A03G03337490","TraesNOR6A03G03337490","protein","C1-",1,"negative"
"prot__TraesNOR6A03G03339530","TraesNOR6A03G03339530","protein","C1-",1,"negative"
"prot__TraesNOR6A03G03342450","TraesNOR6A03G03342450","protein","C1-",1,"negative"
"prot__TraesNOR6A03G03346280","TraesNOR6A03G03346280","protein","C1+",1,"positive"
"prot__TraesNOR6A03G03351630","TraesNOR6A03G03351630","protein","C2-",2,"negative"
"prot__TraesNOR6A03G03353120","TraesNOR6A03G03353120","protein","C1-",1,"negative"
"prot__TraesNOR6A03G03357150","TraesNOR6A03G03357150","protein","C1-",1,"negative"
"prot__TraesNOR6A03G03362230","TraesNOR6A03G03362230","protein","C2+",2,"positive"
"prot__TraesNOR6A03G03366870","TraesNOR6A03G03366870","protein","C1-",1,"negative"
"prot__TraesNOR6A03G03370960","TraesNOR6A03G03370960","protein","C1+",1,"positive"
"prot__TraesNOR6A03G03371640","TraesNOR6A03G03371640","protein","C1-",1,"negative"
"prot__TraesNOR6A03G03372500","TraesNOR6A03G03372500","protein","C2+",2,"positive"
"prot__TraesNOR6A03G03373990","TraesNOR6A03G03373990","protein","C1-",1,"negative"
"prot__TraesNOR6A03G03375120","TraesNOR6A03G03375120","protein","C2-",2,"negative"
"prot__TraesNOR6A03G03375470","TraesNOR6A03G03375470","protein","C1-",1,"negative"
"prot__TraesNOR6A03G03378130","TraesNOR6A03G03378130","protein","C2+",2,"positive"
"prot__TraesNOR6A03G03378800","TraesNOR6A03G03378800","protein","C1-",1,"negative"
"prot__TraesNOR6A03G03383350","TraesNOR6A03G03383350","protein","C1-",1,"negative"
"prot__TraesNOR6A03G03383490","TraesNOR6A03G03383490","protein","C1-",1,"negative"
"prot__TraesNOR6A03G03385510","TraesNOR6A03G03385510","protein","C1-",1,"negative"
"prot__TraesNOR6A03G03385800","TraesNOR6A03G03385800","protein","C1-",1,"negative"
"prot__TraesNOR6A03G03389080","TraesNOR6A03G03389080","protein","C2+",2,"positive"
"prot__TraesNOR6A03G03390360","TraesNOR6A03G03390360","protein","C2+",2,"positive"
"prot__TraesNOR6A03G03391510","TraesNOR6A03G03391510","protein","C2-",2,"negative"
"prot__TraesNOR6A03G03391800","TraesNOR6A03G03391800","protein","C1-",1,"negative"
"prot__TraesNOR6A03G03393840","TraesNOR6A03G03393840","protein","C1-",1,"negative"
"prot__TraesNOR6A03G03394150","TraesNOR6A03G03394150","protein","C2+",2,"positive"
"prot__TraesNOR6A03G03395810","TraesNOR6A03G03395810","protein","C1-",1,"negative"
"prot__TraesNOR6A03G03397970","TraesNOR6A03G03397970","protein","C2+",2,"positive"
"prot__TraesNOR6A03G03399140","TraesNOR6A03G03399140","protein","C2+",2,"positive"
"prot__TraesNOR6A03G03399400","TraesNOR6A03G03399400","protein","C2+",2,"positive"
"prot__TraesNOR6A03G03399590","TraesNOR6A03G03399590","protein","C1-",1,"negative"
"prot__TraesNOR6A03G03400000","TraesNOR6A03G03400000","protein","C2+",2,"positive"
"prot__TraesNOR6A03G03401410","TraesNOR6A03G03401410","protein","C1+",1,"positive"
"prot__TraesNOR6A03G03402190","TraesNOR6A03G03402190","protein","C1-",1,"negative"
"prot__TraesNOR6A03G03402720","TraesNOR6A03G03402720","protein","C1-",1,"negative"
"prot__TraesNOR6A03G03403180","TraesNOR6A03G03403180","protein","C1+",1,"positive"
"prot__TraesNOR6A03G03404250","TraesNOR6A03G03404250","protein","C1-",1,"negative"
"prot__TraesNOR6A03G03404350","TraesNOR6A03G03404350","protein","C1+",1,"positive"
"prot__TraesNOR6A03G03404680","TraesNOR6A03G03404680","protein","C1-",1,"negative"
"prot__TraesNOR6A03G03404960","TraesNOR6A03G03404960","protein","C2+",2,"positive"
"prot__TraesNOR6A03G03406340","TraesNOR6A03G03406340","protein","C1-",1,"negative"
"prot__TraesNOR6A03G03407310","TraesNOR6A03G03407310","protein","C1-",1,"negative"
"prot__TraesNOR6A03G03408870","TraesNOR6A03G03408870","protein","C1-",1,"negative"
"prot__TraesNOR6A03G03411230","TraesNOR6A03G03411230","protein","C1-",1,"negative"
"prot__TraesNOR6A03G03411440","TraesNOR6A03G03411440","protein","C2+",2,"positive"
"prot__TraesNOR6A03G03411950","TraesNOR6A03G03411950","protein","C2+",2,"positive"
"prot__TraesNOR6A03G03412360","TraesNOR6A03G03412360","protein","C1-",1,"negative"
"prot__TraesNOR6A03G03413850","TraesNOR6A03G03413850","protein","C2+",2,"positive"
"prot__TraesNOR6A03G03413920","TraesNOR6A03G03413920","protein","C1-",1,"negative"
"prot__TraesNOR6A03G03415580","TraesNOR6A03G03415580","protein","C2+",2,"positive"
"prot__TraesNOR6A03G03416340","TraesNOR6A03G03416340","protein","C2+",2,"positive"
"prot__TraesNOR6A03G03416450","TraesNOR6A03G03416450","protein","C1+",1,"positive"
"prot__TraesNOR6A03G03416630","TraesNOR6A03G03416630","protein","C2+",2,"positive"
"prot__TraesNOR6A03G03419190","TraesNOR6A03G03419190","protein","C2+",2,"positive"
"prot__TraesNOR6A03G03419240","TraesNOR6A03G03419240","protein","C2+",2,"positive"
"prot__TraesNOR6A03G03420140","TraesNOR6A03G03420140","protein","C1-",1,"negative"
"prot__TraesNOR6A03G03423080","TraesNOR6A03G03423080","protein","C2-",2,"negative"
"prot__TraesNOR6A03G03426270","TraesNOR6A03G03426270","protein","C1+",1,"positive"
"prot__TraesNOR6A03G03433480","TraesNOR6A03G03433480","protein","C2+",2,"positive"
"prot__TraesNOR6A03G03433530","TraesNOR6A03G03433530","protein","C1+",1,"positive"
"prot__TraesNOR6A03G03434050","TraesNOR6A03G03434050","protein","C2+",2,"positive"
"prot__TraesNOR6A03G03434780","TraesNOR6A03G03434780","protein","C2+",2,"positive"
"prot__TraesNOR6A03G03435070","TraesNOR6A03G03435070","protein","C1-",1,"negative"
"prot__TraesNOR6A03G03435520","TraesNOR6A03G03435520","protein","C2-",2,"negative"
"prot__TraesNOR6A03G03436570","TraesNOR6A03G03436570","protein","C1-",1,"negative"
"prot__TraesNOR6A03G03439230","TraesNOR6A03G03439230","protein","C2+",2,"positive"
"prot__TraesNOR6A03G03441390","TraesNOR6A03G03441390","protein","C2+",2,"positive"
"prot__TraesNOR6A03G03443400","TraesNOR6A03G03443400","protein","C1-",1,"negative"
"prot__TraesNOR6A03G03444530","TraesNOR6A03G03444530","protein","C2+",2,"positive"
"prot__TraesNOR6A03G03446860","TraesNOR6A03G03446860","protein","C1-",1,"negative"
"prot__TraesNOR6A03G03447120","TraesNOR6A03G03447120","protein","C1-",1,"negative"
"prot__TraesNOR6A03G03448230","TraesNOR6A03G03448230","protein","C2-",2,"negative"
"prot__TraesNOR6A03G03449780","TraesNOR6A03G03449780","protein","C2+",2,"positive"
"prot__TraesNOR6B03G03450590","TraesNOR6B03G03450590","protein","C1-",1,"negative"
"prot__TraesNOR6B03G03452750","TraesNOR6B03G03452750","protein","C2-",2,"negative"
"prot__TraesNOR6B03G03455030","TraesNOR6B03G03455030","protein","C1+",1,"positive"
"prot__TraesNOR6B03G03457290","TraesNOR6B03G03457290","protein","C2-",2,"negative"
"prot__TraesNOR6B03G03457710","TraesNOR6B03G03457710","protein","C2+",2,"positive"
"prot__TraesNOR6B03G03458550","TraesNOR6B03G03458550","protein","C2-",2,"negative"
"prot__TraesNOR6B03G03460260","TraesNOR6B03G03460260","protein","C1-",1,"negative"
"prot__TraesNOR6B03G03463660","TraesNOR6B03G03463660","protein","C1+",1,"positive"
"prot__TraesNOR6B03G03467220","TraesNOR6B03G03467220","protein","C1-",1,"negative"
"prot__TraesNOR6B03G03469460","TraesNOR6B03G03469460","protein","C1-",1,"negative"
"prot__TraesNOR6B03G03469750","TraesNOR6B03G03469750","protein","C2+",2,"positive"
"prot__TraesNOR6B03G03469790","TraesNOR6B03G03469790","protein","C1-",1,"negative"
"prot__TraesNOR6B03G03470830","TraesNOR6B03G03470830","protein","C2+",2,"positive"
"prot__TraesNOR6B03G03471700","TraesNOR6B03G03471700","protein","C1-",1,"negative"
"prot__TraesNOR6B03G03471840","TraesNOR6B03G03471840","protein","C2+",2,"positive"
"prot__TraesNOR6B03G03471930","TraesNOR6B03G03471930","protein","C2+",2,"positive"
"prot__TraesNOR6B03G03472990","TraesNOR6B03G03472990","protein","C2+",2,"positive"
"prot__TraesNOR6B03G03479600","TraesNOR6B03G03479600","protein","C1-",1,"negative"
"prot__TraesNOR6B03G03482700","TraesNOR6B03G03482700","protein","C1-",1,"negative"
"prot__TraesNOR6B03G03482870","TraesNOR6B03G03482870","protein","C2+",2,"positive"
"prot__TraesNOR6B03G03484150","TraesNOR6B03G03484150","protein","C2+",2,"positive"
"prot__TraesNOR6B03G03484240","TraesNOR6B03G03484240","protein","C1-",1,"negative"
"prot__TraesNOR6B03G03484440","TraesNOR6B03G03484440","protein","C1-",1,"negative"
"prot__TraesNOR6B03G03484880","TraesNOR6B03G03484880","protein","C1-",1,"negative"
"prot__TraesNOR6B03G03489580","TraesNOR6B03G03489580","protein","C2+",2,"positive"
"prot__TraesNOR6B03G03490150","TraesNOR6B03G03490150","protein","C2+",2,"positive"
"prot__TraesNOR6B03G03490620","TraesNOR6B03G03490620","protein","C2+",2,"positive"
"prot__TraesNOR6B03G03494360","TraesNOR6B03G03494360","protein","C2+",2,"positive"
"prot__TraesNOR6B03G03494900","TraesNOR6B03G03494900","protein","C2+",2,"positive"
"prot__TraesNOR6B03G03497120","TraesNOR6B03G03497120","protein","C2+",2,"positive"
"prot__TraesNOR6B03G03497400","TraesNOR6B03G03497400","protein","C1-",1,"negative"
"prot__TraesNOR6B03G03497840","TraesNOR6B03G03497840","protein","C1-",1,"negative"
"prot__TraesNOR6B03G03498310","TraesNOR6B03G03498310","protein","C2+",2,"positive"
"prot__TraesNOR6B03G03500910","TraesNOR6B03G03500910","protein","C2+",2,"positive"
"prot__TraesNOR6B03G03501850","TraesNOR6B03G03501850","protein","C1+",1,"positive"
"prot__TraesNOR6B03G03508170","TraesNOR6B03G03508170","protein","C1-",1,"negative"
"prot__TraesNOR6B03G03508710","TraesNOR6B03G03508710","protein","C1-",1,"negative"
"prot__TraesNOR6B03G03511350","TraesNOR6B03G03511350","protein","C1-",1,"negative"
"prot__TraesNOR6B03G03514870","TraesNOR6B03G03514870","protein","C2+",2,"positive"
"prot__TraesNOR6B03G03516110","TraesNOR6B03G03516110","protein","C2+",2,"positive"
"prot__TraesNOR6B03G03518570","TraesNOR6B03G03518570","protein","C1-",1,"negative"
"prot__TraesNOR6B03G03521080","TraesNOR6B03G03521080","protein","C1-",1,"negative"
"prot__TraesNOR6B03G03523340","TraesNOR6B03G03523340","protein","C1-",1,"negative"
"prot__TraesNOR6B03G03523600","TraesNOR6B03G03523600","protein","C1+",1,"positive"
"prot__TraesNOR6B03G03526640","TraesNOR6B03G03526640","protein","C1-",1,"negative"
"prot__TraesNOR6B03G03527010","TraesNOR6B03G03527010","protein","C1+",1,"positive"
"prot__TraesNOR6B03G03529900","TraesNOR6B03G03529900","protein","C2+",2,"positive"
"prot__TraesNOR6B03G03530150","TraesNOR6B03G03530150","protein","C1-",1,"negative"
"prot__TraesNOR6B03G03533880","TraesNOR6B03G03533880","protein","C2+",2,"positive"
"prot__TraesNOR6B03G03536010","TraesNOR6B03G03536010","protein","C2-",2,"negative"
"prot__TraesNOR6B03G03536390","TraesNOR6B03G03536390","protein","C1-",1,"negative"
"prot__TraesNOR6B03G03540290","TraesNOR6B03G03540290","protein","C1-",1,"negative"
"prot__TraesNOR6B03G03541300","TraesNOR6B03G03541300","protein","C2+",2,"positive"
"prot__TraesNOR6B03G03541320","TraesNOR6B03G03541320","protein","C2+",2,"positive"
"prot__TraesNOR6B03G03542310","TraesNOR6B03G03542310","protein","C1-",1,"negative"
"prot__TraesNOR6B03G03547290","TraesNOR6B03G03547290","protein","C1-",1,"negative"
"prot__TraesNOR6B03G03549880","TraesNOR6B03G03549880","protein","C1-",1,"negative"
"prot__TraesNOR6B03G03552210","TraesNOR6B03G03552210","protein","C1-",1,"negative"
"prot__TraesNOR6B03G03558180","TraesNOR6B03G03558180","protein","C2+",2,"positive"
"prot__TraesNOR6B03G03560370","TraesNOR6B03G03560370","protein","C2+",2,"positive"
"prot__TraesNOR6B03G03560840","TraesNOR6B03G03560840","protein","C1-",1,"negative"
"prot__TraesNOR6B03G03561270","TraesNOR6B03G03561270","protein","C1+",1,"positive"
"prot__TraesNOR6B03G03564210","TraesNOR6B03G03564210","protein","C2+",2,"positive"
"prot__TraesNOR6B03G03564490","TraesNOR6B03G03564490","protein","C1-",1,"negative"
"prot__TraesNOR6B03G03567010","TraesNOR6B03G03567010","protein","C2-",2,"negative"
"prot__TraesNOR6B03G03569340","TraesNOR6B03G03569340","protein","C2+",2,"positive"
"prot__TraesNOR6B03G03575010","TraesNOR6B03G03575010","protein","C2-",2,"negative"
"prot__TraesNOR6B03G03579860","TraesNOR6B03G03579860","protein","C1-",1,"negative"
"prot__TraesNOR6B03G03580370","TraesNOR6B03G03580370","protein","C2-",2,"negative"
"prot__TraesNOR6B03G03582870","TraesNOR6B03G03582870","protein","C1-",1,"negative"
"prot__TraesNOR6B03G03583590","TraesNOR6B03G03583590","protein","C1-",1,"negative"
"prot__TraesNOR6B03G03583970","TraesNOR6B03G03583970","protein","C2-",2,"negative"
"prot__TraesNOR6B03G03587300","TraesNOR6B03G03587300","protein","C1-",1,"negative"
"prot__TraesNOR6B03G03587580","TraesNOR6B03G03587580","protein","C1-",1,"negative"
"prot__TraesNOR6B03G03589640","TraesNOR6B03G03589640","protein","C2+",2,"positive"
"prot__TraesNOR6B03G03589810","TraesNOR6B03G03589810","protein","C2+",2,"positive"
"prot__TraesNOR6B03G03591860","TraesNOR6B03G03591860","protein","C1-",1,"negative"
"prot__TraesNOR6B03G03592010","TraesNOR6B03G03592010","protein","C1-",1,"negative"
"prot__TraesNOR6B03G03594550","TraesNOR6B03G03594550","protein","C1-",1,"negative"
"prot__TraesNOR6B03G03595500","TraesNOR6B03G03595500","protein","C2+",2,"positive"
"prot__TraesNOR6B03G03595590","TraesNOR6B03G03595590","protein","C2+",2,"positive"
"prot__TraesNOR6B03G03596030","TraesNOR6B03G03596030","protein","C1-",1,"negative"
"prot__TraesNOR6B03G03596350","TraesNOR6B03G03596350","protein","C2-",2,"negative"
"prot__TraesNOR6B03G03600390","TraesNOR6B03G03600390","protein","C1-",1,"negative"
"prot__TraesNOR6B03G03601610","TraesNOR6B03G03601610","protein","C2+",2,"positive"
"prot__TraesNOR6B03G03605490","TraesNOR6B03G03605490","protein","C1-",1,"negative"
"prot__TraesNOR6B03G03606600","TraesNOR6B03G03606600","protein","C2+",2,"positive"
"prot__TraesNOR6B03G03607360","TraesNOR6B03G03607360","protein","C1-",1,"negative"
"prot__TraesNOR6B03G03607860","TraesNOR6B03G03607860","protein","C2+",2,"positive"
"prot__TraesNOR6B03G03608230","TraesNOR6B03G03608230","protein","C2+",2,"positive"
"prot__TraesNOR6B03G03608860","TraesNOR6B03G03608860","protein","C2+",2,"positive"
"prot__TraesNOR6B03G03610500","TraesNOR6B03G03610500","protein","C2+",2,"positive"
"prot__TraesNOR6B03G03611430","TraesNOR6B03G03611430","protein","C1-",1,"negative"
"prot__TraesNOR6B03G03611450","TraesNOR6B03G03611450","protein","C2-",2,"negative"
"prot__TraesNOR6B03G03612380","TraesNOR6B03G03612380","protein","C1-",1,"negative"
"prot__TraesNOR6B03G03612550","TraesNOR6B03G03612550","protein","C1-",1,"negative"
"prot__TraesNOR6B03G03613590","TraesNOR6B03G03613590","protein","C2+",2,"positive"
"prot__TraesNOR6B03G03616050","TraesNOR6B03G03616050","protein","C2-",2,"negative"
"prot__TraesNOR6B03G03617810","TraesNOR6B03G03617810","protein","C1-",1,"negative"
"prot__TraesNOR6B03G03619730","TraesNOR6B03G03619730","protein","C1-",1,"negative"
"prot__TraesNOR6B03G03620300","TraesNOR6B03G03620300","protein","C2-",2,"negative"
"prot__TraesNOR6B03G03620560","TraesNOR6B03G03620560","protein","C2-",2,"negative"
"prot__TraesNOR6B03G03621480","TraesNOR6B03G03621480","protein","C2+",2,"positive"
"prot__TraesNOR6B03G03623660","TraesNOR6B03G03623660","protein","C1-",1,"negative"
"prot__TraesNOR6B03G03626570","TraesNOR6B03G03626570","protein","C1+",1,"positive"
"prot__TraesNOR6B03G03626610","TraesNOR6B03G03626610","protein","C1+",1,"positive"
"prot__TraesNOR6B03G03627210","TraesNOR6B03G03627210","protein","C1-",1,"negative"
"prot__TraesNOR6B03G03627380","TraesNOR6B03G03627380","protein","C1-",1,"negative"
"prot__TraesNOR6B03G03628820","TraesNOR6B03G03628820","protein","C2-",2,"negative"
"prot__TraesNOR6B03G03630910","TraesNOR6B03G03630910","protein","C2+",2,"positive"
"prot__TraesNOR6B03G03630990","TraesNOR6B03G03630990","protein","C2+",2,"positive"
"prot__TraesNOR6B03G03632460","TraesNOR6B03G03632460","protein","C1-",1,"negative"
"prot__TraesNOR6B03G03633310","TraesNOR6B03G03633310","protein","C1-",1,"negative"
"prot__TraesNOR6B03G03635590","TraesNOR6B03G03635590","protein","C2+",2,"positive"
"prot__TraesNOR6B03G03635950","TraesNOR6B03G03635950","protein","C1-",1,"negative"
"prot__TraesNOR6B03G03636040","TraesNOR6B03G03636040","protein","C1-",1,"negative"
"prot__TraesNOR6B03G03636380","TraesNOR6B03G03636380","protein","C2+",2,"positive"
"prot__TraesNOR6B03G03638230","TraesNOR6B03G03638230","protein","C1+",1,"positive"
"prot__TraesNOR6B03G03640310","TraesNOR6B03G03640310","protein","C1-",1,"negative"
"prot__TraesNOR6B03G03645930","TraesNOR6B03G03645930","protein","C2+",2,"positive"
"prot__TraesNOR6B03G03646910","TraesNOR6B03G03646910","protein","C1+",1,"positive"
"prot__TraesNOR6B03G03650200","TraesNOR6B03G03650200","protein","C2-",2,"negative"
"prot__TraesNOR6B03G03656260","TraesNOR6B03G03656260","protein","C2+",2,"positive"
"prot__TraesNOR6B03G03656340","TraesNOR6B03G03656340","protein","C1-",1,"negative"
"prot__TraesNOR6B03G03658380","TraesNOR6B03G03658380","protein","C2+",2,"positive"
"prot__TraesNOR6B03G03658400","TraesNOR6B03G03658400","protein","C2+",2,"positive"
"prot__TraesNOR6B03G03658690","TraesNOR6B03G03658690","protein","C2+",2,"positive"
"prot__TraesNOR6B03G03662320","TraesNOR6B03G03662320","protein","C2-",2,"negative"
"prot__TraesNOR6B03G03663030","TraesNOR6B03G03663030","protein","C2+",2,"positive"
"prot__TraesNOR6B03G03663040","TraesNOR6B03G03663040","protein","C1-",1,"negative"
"prot__TraesNOR6B03G03665340","TraesNOR6B03G03665340","protein","C1+",1,"positive"
"prot__TraesNOR6B03G03667000","TraesNOR6B03G03667000","protein","C2-",2,"negative"
"prot__TraesNOR6B03G03667050","TraesNOR6B03G03667050","protein","C2+",2,"positive"
"prot__TraesNOR6B03G03667150","TraesNOR6B03G03667150","protein","C1-",1,"negative"
"prot__TraesNOR6B03G03668630","TraesNOR6B03G03668630","protein","C2+",2,"positive"
"prot__TraesNOR6B03G03668940","TraesNOR6B03G03668940","protein","C1-",1,"negative"
"prot__TraesNOR6B03G03669680","TraesNOR6B03G03669680","protein","C2+",2,"positive"
"prot__TraesNOR6B03G03674270","TraesNOR6B03G03674270","protein","C1-",1,"negative"
"prot__TraesNOR6B03G03677320","TraesNOR6B03G03677320","protein","C2-",2,"negative"
"prot__TraesNOR6B03G03679370","TraesNOR6B03G03679370","protein","C2-",2,"negative"
"prot__TraesNOR6D03G03681360","TraesNOR6D03G03681360","protein","C1-",1,"negative"
"prot__TraesNOR6D03G03682270","TraesNOR6D03G03682270","protein","C1-",1,"negative"
"prot__TraesNOR6D03G03682920","TraesNOR6D03G03682920","protein","C2-",2,"negative"
"prot__TraesNOR6D03G03683590","TraesNOR6D03G03683590","protein","C1+",1,"positive"
"prot__TraesNOR6D03G03683980","TraesNOR6D03G03683980","protein","C1+",1,"positive"
"prot__TraesNOR6D03G03684540","TraesNOR6D03G03684540","protein","C1-",1,"negative"
"prot__TraesNOR6D03G03685050","TraesNOR6D03G03685050","protein","C1+",1,"positive"
"prot__TraesNOR6D03G03685520","TraesNOR6D03G03685520","protein","C1-",1,"negative"
"prot__TraesNOR6D03G03685650","TraesNOR6D03G03685650","protein","C1+",1,"positive"
"prot__TraesNOR6D03G03685660","TraesNOR6D03G03685660","protein","C1-",1,"negative"
"prot__TraesNOR6D03G03687990","TraesNOR6D03G03687990","protein","C1-",1,"negative"
"prot__TraesNOR6D03G03688690","TraesNOR6D03G03688690","protein","C2+",2,"positive"
"prot__TraesNOR6D03G03689260","TraesNOR6D03G03689260","protein","C2+",2,"positive"
"prot__TraesNOR6D03G03689270","TraesNOR6D03G03689270","protein","C1-",1,"negative"
"prot__TraesNOR6D03G03690450","TraesNOR6D03G03690450","protein","C1-",1,"negative"
"prot__TraesNOR6D03G03691060","TraesNOR6D03G03691060","protein","C1-",1,"negative"
"prot__TraesNOR6D03G03691740","TraesNOR6D03G03691740","protein","C1-",1,"negative"
"prot__TraesNOR6D03G03694480","TraesNOR6D03G03694480","protein","C2+",2,"positive"
"prot__TraesNOR6D03G03694730","TraesNOR6D03G03694730","protein","C1-",1,"negative"
"prot__TraesNOR6D03G03695160","TraesNOR6D03G03695160","protein","C1-",1,"negative"
"prot__TraesNOR6D03G03695860","TraesNOR6D03G03695860","protein","C1-",1,"negative"
"prot__TraesNOR6D03G03695880","TraesNOR6D03G03695880","protein","C1-",1,"negative"
"prot__TraesNOR6D03G03696010","TraesNOR6D03G03696010","protein","C2+",2,"positive"
"prot__TraesNOR6D03G03696170","TraesNOR6D03G03696170","protein","C2+",2,"positive"
"prot__TraesNOR6D03G03699160","TraesNOR6D03G03699160","protein","C2+",2,"positive"
"prot__TraesNOR6D03G03700830","TraesNOR6D03G03700830","protein","C1-",1,"negative"
"prot__TraesNOR6D03G03700890","TraesNOR6D03G03700890","protein","C2-",2,"negative"
"prot__TraesNOR6D03G03700970","TraesNOR6D03G03700970","protein","C2+",2,"positive"
"prot__TraesNOR6D03G03702310","TraesNOR6D03G03702310","protein","C1-",1,"negative"
"prot__TraesNOR6D03G03702910","TraesNOR6D03G03702910","protein","C1-",1,"negative"
"prot__TraesNOR6D03G03703810","TraesNOR6D03G03703810","protein","C2+",2,"positive"
"prot__TraesNOR6D03G03705420","TraesNOR6D03G03705420","protein","C1+",1,"positive"
"prot__TraesNOR6D03G03705590","TraesNOR6D03G03705590","protein","C2+",2,"positive"
"prot__TraesNOR6D03G03708900","TraesNOR6D03G03708900","protein","C1-",1,"negative"
"prot__TraesNOR6D03G03709000","TraesNOR6D03G03709000","protein","C1+",1,"positive"
"prot__TraesNOR6D03G03710630","TraesNOR6D03G03710630","protein","C2+",2,"positive"
"prot__TraesNOR6D03G03710990","TraesNOR6D03G03710990","protein","C1+",1,"positive"
"prot__TraesNOR6D03G03711060","TraesNOR6D03G03711060","protein","C1-",1,"negative"
"prot__TraesNOR6D03G03712630","TraesNOR6D03G03712630","protein","C2+",2,"positive"
"prot__TraesNOR6D03G03713270","TraesNOR6D03G03713270","protein","C2-",2,"negative"
"prot__TraesNOR6D03G03713540","TraesNOR6D03G03713540","protein","C1-",1,"negative"
"prot__TraesNOR6D03G03713660","TraesNOR6D03G03713660","protein","C2+",2,"positive"
"prot__TraesNOR6D03G03714520","TraesNOR6D03G03714520","protein","C1+",1,"positive"
"prot__TraesNOR6D03G03715800","TraesNOR6D03G03715800","protein","C1-",1,"negative"
"prot__TraesNOR6D03G03717330","TraesNOR6D03G03717330","protein","C1-",1,"negative"
"prot__TraesNOR6D03G03717690","TraesNOR6D03G03717690","protein","C1-",1,"negative"
"prot__TraesNOR6D03G03721830","TraesNOR6D03G03721830","protein","C2+",2,"positive"
"prot__TraesNOR6D03G03722920","TraesNOR6D03G03722920","protein","C1-",1,"negative"
"prot__TraesNOR6D03G03723790","TraesNOR6D03G03723790","protein","C1-",1,"negative"
"prot__TraesNOR6D03G03725590","TraesNOR6D03G03725590","protein","C1-",1,"negative"
"prot__TraesNOR6D03G03726510","TraesNOR6D03G03726510","protein","C2+",2,"positive"
"prot__TraesNOR6D03G03726540","TraesNOR6D03G03726540","protein","C1-",1,"negative"
"prot__TraesNOR6D03G03727540","TraesNOR6D03G03727540","protein","C2+",2,"positive"
"prot__TraesNOR6D03G03729850","TraesNOR6D03G03729850","protein","C2+",2,"positive"
"prot__TraesNOR6D03G03730570","TraesNOR6D03G03730570","protein","C2+",2,"positive"
"prot__TraesNOR6D03G03731950","TraesNOR6D03G03731950","protein","C1-",1,"negative"
"prot__TraesNOR6D03G03732050","TraesNOR6D03G03732050","protein","C2+",2,"positive"
"prot__TraesNOR6D03G03733740","TraesNOR6D03G03733740","protein","C1+",1,"positive"
"prot__TraesNOR6D03G03735840","TraesNOR6D03G03735840","protein","C1-",1,"negative"
"prot__TraesNOR6D03G03736550","TraesNOR6D03G03736550","protein","C2-",2,"negative"
"prot__TraesNOR6D03G03736760","TraesNOR6D03G03736760","protein","C1-",1,"negative"
"prot__TraesNOR6D03G03737170","TraesNOR6D03G03737170","protein","C1-",1,"negative"
"prot__TraesNOR6D03G03738640","TraesNOR6D03G03738640","protein","C2+",2,"positive"
"prot__TraesNOR6D03G03740540","TraesNOR6D03G03740540","protein","C1-",1,"negative"
"prot__TraesNOR6D03G03742190","TraesNOR6D03G03742190","protein","C2+",2,"positive"
"prot__TraesNOR6D03G03743340","TraesNOR6D03G03743340","protein","C1-",1,"negative"
"prot__TraesNOR6D03G03743560","TraesNOR6D03G03743560","protein","C2+",2,"positive"
"prot__TraesNOR6D03G03744710","TraesNOR6D03G03744710","protein","C2-",2,"negative"
"prot__TraesNOR6D03G03744810","TraesNOR6D03G03744810","protein","C2+",2,"positive"
"prot__TraesNOR6D03G03746310","TraesNOR6D03G03746310","protein","C2+",2,"positive"
"prot__TraesNOR6D03G03749690","TraesNOR6D03G03749690","protein","C1-",1,"negative"
"prot__TraesNOR6D03G03749870","TraesNOR6D03G03749870","protein","C2-",2,"negative"
"prot__TraesNOR6D03G03751070","TraesNOR6D03G03751070","protein","C2+",2,"positive"
"prot__TraesNOR6D03G03753300","TraesNOR6D03G03753300","protein","C1+",1,"positive"
"prot__TraesNOR6D03G03753870","TraesNOR6D03G03753870","protein","C2+",2,"positive"
"prot__TraesNOR6D03G03758590","TraesNOR6D03G03758590","protein","C2+",2,"positive"
"prot__TraesNOR6D03G03759170","TraesNOR6D03G03759170","protein","C1+",1,"positive"
"prot__TraesNOR6D03G03762980","TraesNOR6D03G03762980","protein","C1-",1,"negative"
"prot__TraesNOR6D03G03763240","TraesNOR6D03G03763240","protein","C1+",1,"positive"
"prot__TraesNOR6D03G03765110","TraesNOR6D03G03765110","protein","C1-",1,"negative"
"prot__TraesNOR6D03G03765630","TraesNOR6D03G03765630","protein","C1-",1,"negative"
"prot__TraesNOR6D03G03766450","TraesNOR6D03G03766450","protein","C2+",2,"positive"
"prot__TraesNOR6D03G03766540","TraesNOR6D03G03766540","protein","C1-",1,"negative"
"prot__TraesNOR6D03G03767310","TraesNOR6D03G03767310","protein","C1-",1,"negative"
"prot__TraesNOR6D03G03767900","TraesNOR6D03G03767900","protein","C1-",1,"negative"
"prot__TraesNOR6D03G03768050","TraesNOR6D03G03768050","protein","C2+",2,"positive"
"prot__TraesNOR6D03G03768620","TraesNOR6D03G03768620","protein","C2+",2,"positive"
"prot__TraesNOR6D03G03769270","TraesNOR6D03G03769270","protein","C2+",2,"positive"
"prot__TraesNOR6D03G03770300","TraesNOR6D03G03770300","protein","C1+",1,"positive"
"prot__TraesNOR6D03G03770680","TraesNOR6D03G03770680","protein","C1+",1,"positive"
"prot__TraesNOR6D03G03770730","TraesNOR6D03G03770730","protein","C2-",2,"negative"
"prot__TraesNOR6D03G03772600","TraesNOR6D03G03772600","protein","C2+",2,"positive"
"prot__TraesNOR6D03G03772980","TraesNOR6D03G03772980","protein","C2-",2,"negative"
"prot__TraesNOR6D03G03773480","TraesNOR6D03G03773480","protein","C2+",2,"positive"
"prot__TraesNOR6D03G03774510","TraesNOR6D03G03774510","protein","C1+",1,"positive"
"prot__TraesNOR6D03G03775380","TraesNOR6D03G03775380","protein","C1-",1,"negative"
"prot__TraesNOR6D03G03775560","TraesNOR6D03G03775560","protein","C2-",2,"negative"
"prot__TraesNOR6D03G03775780","TraesNOR6D03G03775780","protein","C1-",1,"negative"
"prot__TraesNOR6D03G03776540","TraesNOR6D03G03776540","protein","C1-",1,"negative"
"prot__TraesNOR6D03G03776730","TraesNOR6D03G03776730","protein","C2+",2,"positive"
"prot__TraesNOR6D03G03776890","TraesNOR6D03G03776890","protein","C2+",2,"positive"
"prot__TraesNOR6D03G03778230","TraesNOR6D03G03778230","protein","C2+",2,"positive"
"prot__TraesNOR6D03G03778890","TraesNOR6D03G03778890","protein","C2+",2,"positive"
"prot__TraesNOR6D03G03779640","TraesNOR6D03G03779640","protein","C1+",1,"positive"
"prot__TraesNOR6D03G03779910","TraesNOR6D03G03779910","protein","C2-",2,"negative"
"prot__TraesNOR6D03G03780130","TraesNOR6D03G03780130","protein","C1-",1,"negative"
"prot__TraesNOR6D03G03780910","TraesNOR6D03G03780910","protein","C1-",1,"negative"
"prot__TraesNOR6D03G03781620","TraesNOR6D03G03781620","protein","C2+",2,"positive"
"prot__TraesNOR6D03G03781750","TraesNOR6D03G03781750","protein","C1-",1,"negative"
"prot__TraesNOR6D03G03781790","TraesNOR6D03G03781790","protein","C1+",1,"positive"
"prot__TraesNOR6D03G03782810","TraesNOR6D03G03782810","protein","C2+",2,"positive"
"prot__TraesNOR6D03G03783460","TraesNOR6D03G03783460","protein","C2+",2,"positive"
"prot__TraesNOR6D03G03783490","TraesNOR6D03G03783490","protein","C1+",1,"positive"
"prot__TraesNOR6D03G03783810","TraesNOR6D03G03783810","protein","C1+",1,"positive"
"prot__TraesNOR6D03G03784550","TraesNOR6D03G03784550","protein","C2+",2,"positive"
"prot__TraesNOR6D03G03785110","TraesNOR6D03G03785110","protein","C1-",1,"negative"
"prot__TraesNOR6D03G03787620","TraesNOR6D03G03787620","protein","C2-",2,"negative"
"prot__TraesNOR6D03G03787750","TraesNOR6D03G03787750","protein","C2-",2,"negative"
"prot__TraesNOR6D03G03788550","TraesNOR6D03G03788550","protein","C1+",1,"positive"
"prot__TraesNOR6D03G03789850","TraesNOR6D03G03789850","protein","C1-",1,"negative"
"prot__TraesNOR6D03G03789860","TraesNOR6D03G03789860","protein","C2+",2,"positive"
"prot__TraesNOR6D03G03790750","TraesNOR6D03G03790750","protein","C1-",1,"negative"
"prot__TraesNOR6D03G03790780","TraesNOR6D03G03790780","protein","C1-",1,"negative"
"prot__TraesNOR6D03G03791150","TraesNOR6D03G03791150","protein","C1-",1,"negative"
"prot__TraesNOR6D03G03791550","TraesNOR6D03G03791550","protein","C1-",1,"negative"
"prot__TraesNOR6D03G03791820","TraesNOR6D03G03791820","protein","C2+",2,"positive"
"prot__TraesNOR6D03G03792070","TraesNOR6D03G03792070","protein","C2+",2,"positive"
"prot__TraesNOR6D03G03793580","TraesNOR6D03G03793580","protein","C1-",1,"negative"
"prot__TraesNOR6D03G03794400","TraesNOR6D03G03794400","protein","C2+",2,"positive"
"prot__TraesNOR6D03G03794660","TraesNOR6D03G03794660","protein","C1-",1,"negative"
"prot__TraesNOR6D03G03795690","TraesNOR6D03G03795690","protein","C1+",1,"positive"
"prot__TraesNOR6D03G03795920","TraesNOR6D03G03795920","protein","C1-",1,"negative"
"prot__TraesNOR6D03G03796250","TraesNOR6D03G03796250","protein","C2+",2,"positive"
"prot__TraesNOR6D03G03796880","TraesNOR6D03G03796880","protein","C1-",1,"negative"
"prot__TraesNOR6D03G03796910","TraesNOR6D03G03796910","protein","C2+",2,"positive"
"prot__TraesNOR6D03G03797430","TraesNOR6D03G03797430","protein","C2+",2,"positive"
"prot__TraesNOR6D03G03797470","TraesNOR6D03G03797470","protein","C1+",1,"positive"
"prot__TraesNOR6D03G03798020","TraesNOR6D03G03798020","protein","C2+",2,"positive"
"prot__TraesNOR6D03G03799340","TraesNOR6D03G03799340","protein","C2+",2,"positive"
"prot__TraesNOR6D03G03799810","TraesNOR6D03G03799810","protein","C1+",1,"positive"
"prot__TraesNOR6D03G03800800","TraesNOR6D03G03800800","protein","C1+",1,"positive"
"prot__TraesNOR6D03G03800960","TraesNOR6D03G03800960","protein","C2+",2,"positive"
"prot__TraesNOR6D03G03801670","TraesNOR6D03G03801670","protein","C2+",2,"positive"
"prot__TraesNOR6D03G03801680","TraesNOR6D03G03801680","protein","C2+",2,"positive"
"prot__TraesNOR6D03G03802870","TraesNOR6D03G03802870","protein","C1-",1,"negative"
"prot__TraesNOR6D03G03803720","TraesNOR6D03G03803720","protein","C1+",1,"positive"
"prot__TraesNOR6D03G03803970","TraesNOR6D03G03803970","protein","C1-",1,"negative"
"prot__TraesNOR6D03G03804570","TraesNOR6D03G03804570","protein","C1-",1,"negative"
"prot__TraesNOR6D03G03805390","TraesNOR6D03G03805390","protein","C2+",2,"positive"
"prot__TraesNOR6D03G03805690","TraesNOR6D03G03805690","protein","C1-",1,"negative"
"prot__TraesNOR6D03G03806530","TraesNOR6D03G03806530","protein","C1+",1,"positive"
"prot__TraesNOR6D03G03807160","TraesNOR6D03G03807160","protein","C1-",1,"negative"
"prot__TraesNOR6D03G03807270","TraesNOR6D03G03807270","protein","C2+",2,"positive"
"prot__TraesNOR6D03G03807430","TraesNOR6D03G03807430","protein","C1-",1,"negative"
"prot__TraesNOR6D03G03807770","TraesNOR6D03G03807770","protein","C1+",1,"positive"
"prot__TraesNOR6D03G03808210","TraesNOR6D03G03808210","protein","C2+",2,"positive"
"prot__TraesNOR6D03G03808750","TraesNOR6D03G03808750","protein","C1-",1,"negative"
"prot__TraesNOR6D03G03809020","TraesNOR6D03G03809020","protein","C2+",2,"positive"
"prot__TraesNOR6D03G03809720","TraesNOR6D03G03809720","protein","C1-",1,"negative"
"prot__TraesNOR6D03G03809990","TraesNOR6D03G03809990","protein","C1-",1,"negative"
"prot__TraesNOR6D03G03812330","TraesNOR6D03G03812330","protein","C1-",1,"negative"
"prot__TraesNOR6D03G03812780","TraesNOR6D03G03812780","protein","C2+",2,"positive"
"prot__TraesNOR6D03G03812860","TraesNOR6D03G03812860","protein","C1+",1,"positive"
"prot__TraesNOR6D03G03813680","TraesNOR6D03G03813680","protein","C1+",1,"positive"
"prot__TraesNOR6D03G03813690","TraesNOR6D03G03813690","protein","C1-",1,"negative"
"prot__TraesNOR6D03G03813920","TraesNOR6D03G03813920","protein","C2+",2,"positive"
"prot__TraesNOR6D03G03815060","TraesNOR6D03G03815060","protein","C2+",2,"positive"
"prot__TraesNOR6D03G03815780","TraesNOR6D03G03815780","protein","C2+",2,"positive"
"prot__TraesNOR6D03G03816480","TraesNOR6D03G03816480","protein","C2-",2,"negative"
"prot__TraesNOR6D03G03818150","TraesNOR6D03G03818150","protein","C1-",1,"negative"
"prot__TraesNOR6D03G03818340","TraesNOR6D03G03818340","protein","C1-",1,"negative"
"prot__TraesNOR6D03G03818890","TraesNOR6D03G03818890","protein","C2+",2,"positive"
"prot__TraesNOR6D03G03819350","TraesNOR6D03G03819350","protein","C1-",1,"negative"
"prot__TraesNOR6D03G03819530","TraesNOR6D03G03819530","protein","C2+",2,"positive"
"prot__TraesNOR6D03G03821110","TraesNOR6D03G03821110","protein","C1-",1,"negative"
"prot__TraesNOR6D03G03821310","TraesNOR6D03G03821310","protein","C2-",2,"negative"
"prot__TraesNOR6D03G03822330","TraesNOR6D03G03822330","protein","C2+",2,"positive"
"prot__TraesNOR6D03G03826630","TraesNOR6D03G03826630","protein","C1-",1,"negative"
"prot__TraesNOR6D03G03828350","TraesNOR6D03G03828350","protein","C1-",1,"negative"
"prot__TraesNOR6D03G03828530","TraesNOR6D03G03828530","protein","C2-",2,"negative"
"prot__TraesNOR6D03G03828590","TraesNOR6D03G03828590","protein","C1-",1,"negative"
"prot__TraesNOR6D03G03828630","TraesNOR6D03G03828630","protein","C2+",2,"positive"
"prot__TraesNOR6D03G03830780","TraesNOR6D03G03830780","protein","C2-",2,"negative"
"prot__TraesNOR6D03G03831420","TraesNOR6D03G03831420","protein","C2+",2,"positive"
"prot__TraesNOR6D03G03831450","TraesNOR6D03G03831450","protein","C1-",1,"negative"
"prot__TraesNOR6D03G03831800","TraesNOR6D03G03831800","protein","C1-",1,"negative"
"prot__TraesNOR6D03G03831890","TraesNOR6D03G03831890","protein","C1-",1,"negative"
"prot__TraesNOR6D03G03831980","TraesNOR6D03G03831980","protein","C1+",1,"positive"
"prot__TraesNOR6D03G03834120","TraesNOR6D03G03834120","protein","C2+",2,"positive"
"prot__TraesNOR6D03G03834650","TraesNOR6D03G03834650","protein","C1+",1,"positive"
"prot__TraesNOR6D03G03834660","TraesNOR6D03G03834660","protein","C1-",1,"negative"
"prot__TraesNOR6D03G03834710","TraesNOR6D03G03834710","protein","C1-",1,"negative"
"prot__TraesNOR6D03G03834780","TraesNOR6D03G03834780","protein","C2+",2,"positive"
"prot__TraesNOR6D03G03835830","TraesNOR6D03G03835830","protein","C1-",1,"negative"
"prot__TraesNOR6D03G03835930","TraesNOR6D03G03835930","protein","C1-",1,"negative"
"prot__TraesNOR6D03G03835940","TraesNOR6D03G03835940","protein","C1-",1,"negative"
"prot__TraesNOR6D03G03836150","TraesNOR6D03G03836150","protein","C1-",1,"negative"
"prot__TraesNOR6D03G03837590","TraesNOR6D03G03837590","protein","C1+",1,"positive"
"prot__TraesNOR6D03G03838420","TraesNOR6D03G03838420","protein","C2-",2,"negative"
"prot__TraesNOR6D03G03839210","TraesNOR6D03G03839210","protein","C2-",2,"negative"
"prot__TraesNOR6D03G03842420","TraesNOR6D03G03842420","protein","C2-",2,"negative"
"prot__TraesNOR7A03G03843230","TraesNOR7A03G03843230","protein","C2-",2,"negative"
"prot__TraesNOR7A03G03848150","TraesNOR7A03G03848150","protein","C1-",1,"negative"
"prot__TraesNOR7A03G03848990","TraesNOR7A03G03848990","protein","C2+",2,"positive"
"prot__TraesNOR7A03G03849760","TraesNOR7A03G03849760","protein","C1-",1,"negative"
"prot__TraesNOR7A03G03849870","TraesNOR7A03G03849870","protein","C2+",2,"positive"
"prot__TraesNOR7A03G03850720","TraesNOR7A03G03850720","protein","C2+",2,"positive"
"prot__TraesNOR7A03G03851250","TraesNOR7A03G03851250","protein","C1+",1,"positive"
"prot__TraesNOR7A03G03853550","TraesNOR7A03G03853550","protein","C1-",1,"negative"
"prot__TraesNOR7A03G03854440","TraesNOR7A03G03854440","protein","C2-",2,"negative"
"prot__TraesNOR7A03G03857130","TraesNOR7A03G03857130","protein","C1+",1,"positive"
"prot__TraesNOR7A03G03861440","TraesNOR7A03G03861440","protein","C2-",2,"negative"
"prot__TraesNOR7A03G03864330","TraesNOR7A03G03864330","protein","C1-",1,"negative"
"prot__TraesNOR7A03G03864340","TraesNOR7A03G03864340","protein","C2+",2,"positive"
"prot__TraesNOR7A03G03867620","TraesNOR7A03G03867620","protein","C1-",1,"negative"
"prot__TraesNOR7A03G03869940","TraesNOR7A03G03869940","protein","C1-",1,"negative"
"prot__TraesNOR7A03G03872610","TraesNOR7A03G03872610","protein","C1-",1,"negative"
"prot__TraesNOR7A03G03873200","TraesNOR7A03G03873200","protein","C1+",1,"positive"
"prot__TraesNOR7A03G03874570","TraesNOR7A03G03874570","protein","C2+",2,"positive"
"prot__TraesNOR7A03G03877440","TraesNOR7A03G03877440","protein","C2+",2,"positive"
"prot__TraesNOR7A03G03877500","TraesNOR7A03G03877500","protein","C1-",1,"negative"
"prot__TraesNOR7A03G03877880","TraesNOR7A03G03877880","protein","C2-",2,"negative"
"prot__TraesNOR7A03G03878070","TraesNOR7A03G03878070","protein","C1-",1,"negative"
"prot__TraesNOR7A03G03878200","TraesNOR7A03G03878200","protein","C1-",1,"negative"
"prot__TraesNOR7A03G03878950","TraesNOR7A03G03878950","protein","C2+",2,"positive"
"prot__TraesNOR7A03G03880740","TraesNOR7A03G03880740","protein","C1+",1,"positive"
"prot__TraesNOR7A03G03881060","TraesNOR7A03G03881060","protein","C1+",1,"positive"
"prot__TraesNOR7A03G03882150","TraesNOR7A03G03882150","protein","C2+",2,"positive"
"prot__TraesNOR7A03G03886560","TraesNOR7A03G03886560","protein","C1-",1,"negative"
"prot__TraesNOR7A03G03888650","TraesNOR7A03G03888650","protein","C2+",2,"positive"
"prot__TraesNOR7A03G03891500","TraesNOR7A03G03891500","protein","C1-",1,"negative"
"prot__TraesNOR7A03G03891610","TraesNOR7A03G03891610","protein","C1-",1,"negative"
"prot__TraesNOR7A03G03895080","TraesNOR7A03G03895080","protein","C2+",2,"positive"
"prot__TraesNOR7A03G03895360","TraesNOR7A03G03895360","protein","C2+",2,"positive"
"prot__TraesNOR7A03G03899130","TraesNOR7A03G03899130","protein","C1+",1,"positive"
"prot__TraesNOR7A03G03903170","TraesNOR7A03G03903170","protein","C2+",2,"positive"
"prot__TraesNOR7A03G03903440","TraesNOR7A03G03903440","protein","C2+",2,"positive"
"prot__TraesNOR7A03G03904230","TraesNOR7A03G03904230","protein","C2+",2,"positive"
"prot__TraesNOR7A03G03904720","TraesNOR7A03G03904720","protein","C1-",1,"negative"
"prot__TraesNOR7A03G03906540","TraesNOR7A03G03906540","protein","C1-",1,"negative"
"prot__TraesNOR7A03G03910570","TraesNOR7A03G03910570","protein","C1-",1,"negative"
"prot__TraesNOR7A03G03912500","TraesNOR7A03G03912500","protein","C1-",1,"negative"
"prot__TraesNOR7A03G03912530","TraesNOR7A03G03912530","protein","C1+",1,"positive"
"prot__TraesNOR7A03G03913280","TraesNOR7A03G03913280","protein","C2-",2,"negative"
"prot__TraesNOR7A03G03913820","TraesNOR7A03G03913820","protein","C2+",2,"positive"
"prot__TraesNOR7A03G03914250","TraesNOR7A03G03914250","protein","C1-",1,"negative"
"prot__TraesNOR7A03G03916750","TraesNOR7A03G03916750","protein","C1-",1,"negative"
"prot__TraesNOR7A03G03917140","TraesNOR7A03G03917140","protein","C2+",2,"positive"
"prot__TraesNOR7A03G03920620","TraesNOR7A03G03920620","protein","C2+",2,"positive"
"prot__TraesNOR7A03G03920750","TraesNOR7A03G03920750","protein","C2+",2,"positive"
"prot__TraesNOR7A03G03920810","TraesNOR7A03G03920810","protein","C2+",2,"positive"
"prot__TraesNOR7A03G03922420","TraesNOR7A03G03922420","protein","C2-",2,"negative"
"prot__TraesNOR7A03G03922660","TraesNOR7A03G03922660","protein","C2+",2,"positive"
"prot__TraesNOR7A03G03923030","TraesNOR7A03G03923030","protein","C1-",1,"negative"
"prot__TraesNOR7A03G03925160","TraesNOR7A03G03925160","protein","C1-",1,"negative"
"prot__TraesNOR7A03G03927460","TraesNOR7A03G03927460","protein","C1+",1,"positive"
"prot__TraesNOR7A03G03929350","TraesNOR7A03G03929350","protein","C1-",1,"negative"
"prot__TraesNOR7A03G03929690","TraesNOR7A03G03929690","protein","C2+",2,"positive"
"prot__TraesNOR7A03G03931060","TraesNOR7A03G03931060","protein","C2+",2,"positive"
"prot__TraesNOR7A03G03932280","TraesNOR7A03G03932280","protein","C2+",2,"positive"
"prot__TraesNOR7A03G03932790","TraesNOR7A03G03932790","protein","C1-",1,"negative"
"prot__TraesNOR7A03G03933320","TraesNOR7A03G03933320","protein","C1-",1,"negative"
"prot__TraesNOR7A03G03935760","TraesNOR7A03G03935760","protein","C1-",1,"negative"
"prot__TraesNOR7A03G03936740","TraesNOR7A03G03936740","protein","C1-",1,"negative"
"prot__TraesNOR7A03G03936780","TraesNOR7A03G03936780","protein","C2+",2,"positive"
"prot__TraesNOR7A03G03938660","TraesNOR7A03G03938660","protein","C2+",2,"positive"
"prot__TraesNOR7A03G03938860","TraesNOR7A03G03938860","protein","C2+",2,"positive"
"prot__TraesNOR7A03G03940370","TraesNOR7A03G03940370","protein","C1-",1,"negative"
"prot__TraesNOR7A03G03941470","TraesNOR7A03G03941470","protein","C2+",2,"positive"
"prot__TraesNOR7A03G03941890","TraesNOR7A03G03941890","protein","C1-",1,"negative"
"prot__TraesNOR7A03G03943350","TraesNOR7A03G03943350","protein","C1+",1,"positive"
"prot__TraesNOR7A03G03944160","TraesNOR7A03G03944160","protein","C1-",1,"negative"
"prot__TraesNOR7A03G03945760","TraesNOR7A03G03945760","protein","C1-",1,"negative"
"prot__TraesNOR7A03G03946070","TraesNOR7A03G03946070","protein","C2-",2,"negative"
"prot__TraesNOR7A03G03947390","TraesNOR7A03G03947390","protein","C2-",2,"negative"
"prot__TraesNOR7A03G03948070","TraesNOR7A03G03948070","protein","C2+",2,"positive"
"prot__TraesNOR7A03G03948080","TraesNOR7A03G03948080","protein","C1-",1,"negative"
"prot__TraesNOR7A03G03950450","TraesNOR7A03G03950450","protein","C1+",1,"positive"
"prot__TraesNOR7A03G03950640","TraesNOR7A03G03950640","protein","C2+",2,"positive"
"prot__TraesNOR7A03G03951200","TraesNOR7A03G03951200","protein","C1-",1,"negative"
"prot__TraesNOR7A03G03954350","TraesNOR7A03G03954350","protein","C1-",1,"negative"
"prot__TraesNOR7A03G03956510","TraesNOR7A03G03956510","protein","C2+",2,"positive"
"prot__TraesNOR7A03G03958790","TraesNOR7A03G03958790","protein","C1-",1,"negative"
"prot__TraesNOR7A03G03961820","TraesNOR7A03G03961820","protein","C2+",2,"positive"
"prot__TraesNOR7A03G03965000","TraesNOR7A03G03965000","protein","C1-",1,"negative"
"prot__TraesNOR7A03G03968960","TraesNOR7A03G03968960","protein","C2+",2,"positive"
"prot__TraesNOR7A03G03976480","TraesNOR7A03G03976480","protein","C1-",1,"negative"
"prot__TraesNOR7A03G03977290","TraesNOR7A03G03977290","protein","C1-",1,"negative"
"prot__TraesNOR7A03G03978040","TraesNOR7A03G03978040","protein","C1-",1,"negative"
"prot__TraesNOR7A03G03979480","TraesNOR7A03G03979480","protein","C2-",2,"negative"
"prot__TraesNOR7A03G03979770","TraesNOR7A03G03979770","protein","C2+",2,"positive"
"prot__TraesNOR7A03G03981740","TraesNOR7A03G03981740","protein","C1+",1,"positive"
"prot__TraesNOR7A03G03982900","TraesNOR7A03G03982900","protein","C2+",2,"positive"
"prot__TraesNOR7A03G03988060","TraesNOR7A03G03988060","protein","C1-",1,"negative"
"prot__TraesNOR7A03G03988830","TraesNOR7A03G03988830","protein","C2+",2,"positive"
"prot__TraesNOR7A03G03995310","TraesNOR7A03G03995310","protein","C2+",2,"positive"
"prot__TraesNOR7A03G03996790","TraesNOR7A03G03996790","protein","C1-",1,"negative"
"prot__TraesNOR7A03G03997230","TraesNOR7A03G03997230","protein","C1+",1,"positive"
"prot__TraesNOR7A03G03997990","TraesNOR7A03G03997990","protein","C1-",1,"negative"
"prot__TraesNOR7A03G03999410","TraesNOR7A03G03999410","protein","C2+",2,"positive"
"prot__TraesNOR7A03G04000610","TraesNOR7A03G04000610","protein","C1-",1,"negative"
"prot__TraesNOR7A03G04001280","TraesNOR7A03G04001280","protein","C2+",2,"positive"
"prot__TraesNOR7A03G04002290","TraesNOR7A03G04002290","protein","C1-",1,"negative"
"prot__TraesNOR7A03G04003080","TraesNOR7A03G04003080","protein","C2+",2,"positive"
"prot__TraesNOR7A03G04004930","TraesNOR7A03G04004930","protein","C2+",2,"positive"
"prot__TraesNOR7A03G04005580","TraesNOR7A03G04005580","protein","C1-",1,"negative"
"prot__TraesNOR7A03G04006260","TraesNOR7A03G04006260","protein","C1-",1,"negative"
"prot__TraesNOR7A03G04009200","TraesNOR7A03G04009200","protein","C1+",1,"positive"
"prot__TraesNOR7A03G04010400","TraesNOR7A03G04010400","protein","C2+",2,"positive"
"prot__TraesNOR7A03G04010750","TraesNOR7A03G04010750","protein","C1+",1,"positive"
"prot__TraesNOR7A03G04010800","TraesNOR7A03G04010800","protein","C1-",1,"negative"
"prot__TraesNOR7A03G04012450","TraesNOR7A03G04012450","protein","C1-",1,"negative"
"prot__TraesNOR7A03G04013890","TraesNOR7A03G04013890","protein","C2+",2,"positive"
"prot__TraesNOR7A03G04014570","TraesNOR7A03G04014570","protein","C1-",1,"negative"
"prot__TraesNOR7A03G04022110","TraesNOR7A03G04022110","protein","C2+",2,"positive"
"prot__TraesNOR7A03G04022530","TraesNOR7A03G04022530","protein","C1+",1,"positive"
"prot__TraesNOR7A03G04022920","TraesNOR7A03G04022920","protein","C2-",2,"negative"
"prot__TraesNOR7A03G04023310","TraesNOR7A03G04023310","protein","C2+",2,"positive"
"prot__TraesNOR7A03G04023320","TraesNOR7A03G04023320","protein","C1-",1,"negative"
"prot__TraesNOR7A03G04024640","TraesNOR7A03G04024640","protein","C1-",1,"negative"
"prot__TraesNOR7A03G04027790","TraesNOR7A03G04027790","protein","C2+",2,"positive"
"prot__TraesNOR7A03G04028270","TraesNOR7A03G04028270","protein","C1-",1,"negative"
"prot__TraesNOR7A03G04031770","TraesNOR7A03G04031770","protein","C1-",1,"negative"
"prot__TraesNOR7A03G04035080","TraesNOR7A03G04035080","protein","C2-",2,"negative"
"prot__TraesNOR7A03G04035400","TraesNOR7A03G04035400","protein","C2-",2,"negative"
"prot__TraesNOR7A03G04038580","TraesNOR7A03G04038580","protein","C2+",2,"positive"
"prot__TraesNOR7A03G04044200","TraesNOR7A03G04044200","protein","C1-",1,"negative"
"prot__TraesNOR7A03G04044900","TraesNOR7A03G04044900","protein","C2+",2,"positive"
"prot__TraesNOR7A03G04047250","TraesNOR7A03G04047250","protein","C2-",2,"negative"
"prot__TraesNOR7A03G04047470","TraesNOR7A03G04047470","protein","C1+",1,"positive"
"prot__TraesNOR7A03G04051400","TraesNOR7A03G04051400","protein","C1+",1,"positive"
"prot__TraesNOR7A03G04061520","TraesNOR7A03G04061520","protein","C2+",2,"positive"
"prot__TraesNOR7A03G04065990","TraesNOR7A03G04065990","protein","C2+",2,"positive"
"prot__TraesNOR7A03G04066550","TraesNOR7A03G04066550","protein","C2-",2,"negative"
"prot__TraesNOR7A03G04067730","TraesNOR7A03G04067730","protein","C1-",1,"negative"
"prot__TraesNOR7A03G04070790","TraesNOR7A03G04070790","protein","C1+",1,"positive"
"prot__TraesNOR7A03G04072950","TraesNOR7A03G04072950","protein","C2-",2,"negative"
"prot__TraesNOR7A03G04074940","TraesNOR7A03G04074940","protein","C1+",1,"positive"
"prot__TraesNOR7A03G04082140","TraesNOR7A03G04082140","protein","C1-",1,"negative"
"prot__TraesNOR7A03G04082360","TraesNOR7A03G04082360","protein","C1-",1,"negative"
"prot__TraesNOR7B03G04088830","TraesNOR7B03G04088830","protein","C1-",1,"negative"
"prot__TraesNOR7B03G04088840","TraesNOR7B03G04088840","protein","C2+",2,"positive"
"prot__TraesNOR7B03G04091390","TraesNOR7B03G04091390","protein","C1-",1,"negative"
"prot__TraesNOR7B03G04092550","TraesNOR7B03G04092550","protein","C1-",1,"negative"
"prot__TraesNOR7B03G04092710","TraesNOR7B03G04092710","protein","C2-",2,"negative"
"prot__TraesNOR7B03G04096500","TraesNOR7B03G04096500","protein","C2+",2,"positive"
"prot__TraesNOR7B03G04099460","TraesNOR7B03G04099460","protein","C1+",1,"positive"
"prot__TraesNOR7B03G04100630","TraesNOR7B03G04100630","protein","C1-",1,"negative"
"prot__TraesNOR7B03G04101110","TraesNOR7B03G04101110","protein","C1-",1,"negative"
"prot__TraesNOR7B03G04102410","TraesNOR7B03G04102410","protein","C2-",2,"negative"
"prot__TraesNOR7B03G04103020","TraesNOR7B03G04103020","protein","C1-",1,"negative"
"prot__TraesNOR7B03G04112850","TraesNOR7B03G04112850","protein","C1-",1,"negative"
"prot__TraesNOR7B03G04113950","TraesNOR7B03G04113950","protein","C2+",2,"positive"
"prot__TraesNOR7B03G04119340","TraesNOR7B03G04119340","protein","C2+",2,"positive"
"prot__TraesNOR7B03G04120000","TraesNOR7B03G04120000","protein","C1+",1,"positive"
"prot__TraesNOR7B03G04125540","TraesNOR7B03G04125540","protein","C2-",2,"negative"
"prot__TraesNOR7B03G04126580","TraesNOR7B03G04126580","protein","C2-",2,"negative"
"prot__TraesNOR7B03G04126760","TraesNOR7B03G04126760","protein","C1-",1,"negative"
"prot__TraesNOR7B03G04127790","TraesNOR7B03G04127790","protein","C1+",1,"positive"
"prot__TraesNOR7B03G04127830","TraesNOR7B03G04127830","protein","C2-",2,"negative"
"prot__TraesNOR7B03G04128340","TraesNOR7B03G04128340","protein","C2+",2,"positive"
"prot__TraesNOR7B03G04128580","TraesNOR7B03G04128580","protein","C2+",2,"positive"
"prot__TraesNOR7B03G04129780","TraesNOR7B03G04129780","protein","C2+",2,"positive"
"prot__TraesNOR7B03G04130130","TraesNOR7B03G04130130","protein","C1-",1,"negative"
"prot__TraesNOR7B03G04133810","TraesNOR7B03G04133810","protein","C2+",2,"positive"
"prot__TraesNOR7B03G04134380","TraesNOR7B03G04134380","protein","C1-",1,"negative"
"prot__TraesNOR7B03G04137400","TraesNOR7B03G04137400","protein","C2-",2,"negative"
"prot__TraesNOR7B03G04140820","TraesNOR7B03G04140820","protein","C1-",1,"negative"
"prot__TraesNOR7B03G04142470","TraesNOR7B03G04142470","protein","C2+",2,"positive"
"prot__TraesNOR7B03G04143190","TraesNOR7B03G04143190","protein","C2+",2,"positive"
"prot__TraesNOR7B03G04143590","TraesNOR7B03G04143590","protein","C1-",1,"negative"
"prot__TraesNOR7B03G04145600","TraesNOR7B03G04145600","protein","C1+",1,"positive"
"prot__TraesNOR7B03G04145770","TraesNOR7B03G04145770","protein","C2-",2,"negative"
"prot__TraesNOR7B03G04147010","TraesNOR7B03G04147010","protein","C2+",2,"positive"
"prot__TraesNOR7B03G04147290","TraesNOR7B03G04147290","protein","C2+",2,"positive"
"prot__TraesNOR7B03G04149020","TraesNOR7B03G04149020","protein","C1+",1,"positive"
"prot__TraesNOR7B03G04151230","TraesNOR7B03G04151230","protein","C2+",2,"positive"
"prot__TraesNOR7B03G04152540","TraesNOR7B03G04152540","protein","C1-",1,"negative"
"prot__TraesNOR7B03G04152890","TraesNOR7B03G04152890","protein","C2+",2,"positive"
"prot__TraesNOR7B03G04153510","TraesNOR7B03G04153510","protein","C2+",2,"positive"
"prot__TraesNOR7B03G04153870","TraesNOR7B03G04153870","protein","C1-",1,"negative"
"prot__TraesNOR7B03G04154330","TraesNOR7B03G04154330","protein","C2+",2,"positive"
"prot__TraesNOR7B03G04155460","TraesNOR7B03G04155460","protein","C1-",1,"negative"
"prot__TraesNOR7B03G04158920","TraesNOR7B03G04158920","protein","C1+",1,"positive"
"prot__TraesNOR7B03G04158970","TraesNOR7B03G04158970","protein","C2+",2,"positive"
"prot__TraesNOR7B03G04160390","TraesNOR7B03G04160390","protein","C1-",1,"negative"
"prot__TraesNOR7B03G04160470","TraesNOR7B03G04160470","protein","C1-",1,"negative"
"prot__TraesNOR7B03G04160480","TraesNOR7B03G04160480","protein","C2+",2,"positive"
"prot__TraesNOR7B03G04162670","TraesNOR7B03G04162670","protein","C1-",1,"negative"
"prot__TraesNOR7B03G04162850","TraesNOR7B03G04162850","protein","C2+",2,"positive"
"prot__TraesNOR7B03G04165890","TraesNOR7B03G04165890","protein","C2-",2,"negative"
"prot__TraesNOR7B03G04166400","TraesNOR7B03G04166400","protein","C2+",2,"positive"
"prot__TraesNOR7B03G04166450","TraesNOR7B03G04166450","protein","C2+",2,"positive"
"prot__TraesNOR7B03G04169120","TraesNOR7B03G04169120","protein","C2-",2,"negative"
"prot__TraesNOR7B03G04169880","TraesNOR7B03G04169880","protein","C2+",2,"positive"
"prot__TraesNOR7B03G04171630","TraesNOR7B03G04171630","protein","C2+",2,"positive"
"prot__TraesNOR7B03G04172700","TraesNOR7B03G04172700","protein","C1-",1,"negative"
"prot__TraesNOR7B03G04173380","TraesNOR7B03G04173380","protein","C2+",2,"positive"
"prot__TraesNOR7B03G04174130","TraesNOR7B03G04174130","protein","C2+",2,"positive"
"prot__TraesNOR7B03G04183290","TraesNOR7B03G04183290","protein","C1-",1,"negative"
"prot__TraesNOR7B03G04183700","TraesNOR7B03G04183700","protein","C2-",2,"negative"
"prot__TraesNOR7B03G04186140","TraesNOR7B03G04186140","protein","C1-",1,"negative"
"prot__TraesNOR7B03G04189260","TraesNOR7B03G04189260","protein","C1-",1,"negative"
"prot__TraesNOR7B03G04190800","TraesNOR7B03G04190800","protein","C1-",1,"negative"
"prot__TraesNOR7B03G04191060","TraesNOR7B03G04191060","protein","C2+",2,"positive"
"prot__TraesNOR7B03G04192030","TraesNOR7B03G04192030","protein","C2+",2,"positive"
"prot__TraesNOR7B03G04199560","TraesNOR7B03G04199560","protein","C2+",2,"positive"
"prot__TraesNOR7B03G04201600","TraesNOR7B03G04201600","protein","C2+",2,"positive"
"prot__TraesNOR7B03G04205630","TraesNOR7B03G04205630","protein","C1-",1,"negative"
"prot__TraesNOR7B03G04205800","TraesNOR7B03G04205800","protein","C2+",2,"positive"
"prot__TraesNOR7B03G04206020","TraesNOR7B03G04206020","protein","C1-",1,"negative"
"prot__TraesNOR7B03G04207420","TraesNOR7B03G04207420","protein","C2+",2,"positive"
"prot__TraesNOR7B03G04207530","TraesNOR7B03G04207530","protein","C2-",2,"negative"
"prot__TraesNOR7B03G04208810","TraesNOR7B03G04208810","protein","C2+",2,"positive"
"prot__TraesNOR7B03G04211760","TraesNOR7B03G04211760","protein","C2+",2,"positive"
"prot__TraesNOR7B03G04214550","TraesNOR7B03G04214550","protein","C2+",2,"positive"
"prot__TraesNOR7B03G04217210","TraesNOR7B03G04217210","protein","C2+",2,"positive"
"prot__TraesNOR7B03G04217500","TraesNOR7B03G04217500","protein","C2+",2,"positive"
"prot__TraesNOR7B03G04217720","TraesNOR7B03G04217720","protein","C1-",1,"negative"
"prot__TraesNOR7B03G04218620","TraesNOR7B03G04218620","protein","C2-",2,"negative"
"prot__TraesNOR7B03G04220670","TraesNOR7B03G04220670","protein","C2+",2,"positive"
"prot__TraesNOR7B03G04220920","TraesNOR7B03G04220920","protein","C1-",1,"negative"
"prot__TraesNOR7B03G04221670","TraesNOR7B03G04221670","protein","C2+",2,"positive"
"prot__TraesNOR7B03G04223670","TraesNOR7B03G04223670","protein","C2+",2,"positive"
"prot__TraesNOR7B03G04225950","TraesNOR7B03G04225950","protein","C1-",1,"negative"
"prot__TraesNOR7B03G04226090","TraesNOR7B03G04226090","protein","C2-",2,"negative"
"prot__TraesNOR7B03G04227690","TraesNOR7B03G04227690","protein","C1-",1,"negative"
"prot__TraesNOR7B03G04227850","TraesNOR7B03G04227850","protein","C1-",1,"negative"
"prot__TraesNOR7B03G04228480","TraesNOR7B03G04228480","protein","C1-",1,"negative"
"prot__TraesNOR7B03G04229690","TraesNOR7B03G04229690","protein","C2-",2,"negative"
"prot__TraesNOR7B03G04231120","TraesNOR7B03G04231120","protein","C2+",2,"positive"
"prot__TraesNOR7B03G04233350","TraesNOR7B03G04233350","protein","C1-",1,"negative"
"prot__TraesNOR7B03G04235020","TraesNOR7B03G04235020","protein","C2-",2,"negative"
"prot__TraesNOR7B03G04238640","TraesNOR7B03G04238640","protein","C1-",1,"negative"
"prot__TraesNOR7B03G04240640","TraesNOR7B03G04240640","protein","C1-",1,"negative"
"prot__TraesNOR7B03G04241110","TraesNOR7B03G04241110","protein","C1-",1,"negative"
"prot__TraesNOR7B03G04242100","TraesNOR7B03G04242100","protein","C2+",2,"positive"
"prot__TraesNOR7B03G04244360","TraesNOR7B03G04244360","protein","C1+",1,"positive"
"prot__TraesNOR7B03G04246920","TraesNOR7B03G04246920","protein","C2+",2,"positive"
"prot__TraesNOR7B03G04254820","TraesNOR7B03G04254820","protein","C2+",2,"positive"
"prot__TraesNOR7B03G04256510","TraesNOR7B03G04256510","protein","C2+",2,"positive"
"prot__TraesNOR7B03G04264760","TraesNOR7B03G04264760","protein","C2+",2,"positive"
"prot__TraesNOR7B03G04266130","TraesNOR7B03G04266130","protein","C2-",2,"negative"
"prot__TraesNOR7B03G04268320","TraesNOR7B03G04268320","protein","C1-",1,"negative"
"prot__TraesNOR7B03G04269200","TraesNOR7B03G04269200","protein","C2-",2,"negative"
"prot__TraesNOR7B03G04276940","TraesNOR7B03G04276940","protein","C1-",1,"negative"
"prot__TraesNOR7B03G04279650","TraesNOR7B03G04279650","protein","C1+",1,"positive"
"prot__TraesNOR7B03G04285430","TraesNOR7B03G04285430","protein","C2+",2,"positive"
"prot__TraesNOR7B03G04285580","TraesNOR7B03G04285580","protein","C2+",2,"positive"
"prot__TraesNOR7B03G04286430","TraesNOR7B03G04286430","protein","C2+",2,"positive"
"prot__TraesNOR7B03G04289860","TraesNOR7B03G04289860","protein","C1-",1,"negative"
"prot__TraesNOR7B03G04291320","TraesNOR7B03G04291320","protein","C2+",2,"positive"
"prot__TraesNOR7B03G04296810","TraesNOR7B03G04296810","protein","C1-",1,"negative"
"prot__TraesNOR7B03G04304450","TraesNOR7B03G04304450","protein","C1-",1,"negative"
"prot__TraesNOR7B03G04306210","TraesNOR7B03G04306210","protein","C2+",2,"positive"
"prot__TraesNOR7B03G04306970","TraesNOR7B03G04306970","protein","C2+",2,"positive"
"prot__TraesNOR7B03G04314470","TraesNOR7B03G04314470","protein","C2-",2,"negative"
"prot__TraesNOR7B03G04314550","TraesNOR7B03G04314550","protein","C2+",2,"positive"
"prot__TraesNOR7D03G04320170","TraesNOR7D03G04320170","protein","C1-",1,"negative"
"prot__TraesNOR7D03G04320750","TraesNOR7D03G04320750","protein","C1-",1,"negative"
"prot__TraesNOR7D03G04320870","TraesNOR7D03G04320870","protein","C2+",2,"positive"
"prot__TraesNOR7D03G04322150","TraesNOR7D03G04322150","protein","C1-",1,"negative"
"prot__TraesNOR7D03G04322290","TraesNOR7D03G04322290","protein","C1-",1,"negative"
"prot__TraesNOR7D03G04322410","TraesNOR7D03G04322410","protein","C1+",1,"positive"
"prot__TraesNOR7D03G04322630","TraesNOR7D03G04322630","protein","C1-",1,"negative"
"prot__TraesNOR7D03G04322900","TraesNOR7D03G04322900","protein","C2-",2,"negative"
"prot__TraesNOR7D03G04327030","TraesNOR7D03G04327030","protein","C1-",1,"negative"
"prot__TraesNOR7D03G04328170","TraesNOR7D03G04328170","protein","C2+",2,"positive"
"prot__TraesNOR7D03G04328370","TraesNOR7D03G04328370","protein","C1-",1,"negative"
"prot__TraesNOR7D03G04330090","TraesNOR7D03G04330090","protein","C1+",1,"positive"
"prot__TraesNOR7D03G04332100","TraesNOR7D03G04332100","protein","C2+",2,"positive"
"prot__TraesNOR7D03G04333770","TraesNOR7D03G04333770","protein","C1-",1,"negative"
"prot__TraesNOR7D03G04335400","TraesNOR7D03G04335400","protein","C2+",2,"positive"
"prot__TraesNOR7D03G04338550","TraesNOR7D03G04338550","protein","C2+",2,"positive"
"prot__TraesNOR7D03G04339020","TraesNOR7D03G04339020","protein","C2-",2,"negative"
"prot__TraesNOR7D03G04341390","TraesNOR7D03G04341390","protein","C1-",1,"negative"
"prot__TraesNOR7D03G04344150","TraesNOR7D03G04344150","protein","C1+",1,"positive"
"prot__TraesNOR7D03G04344640","TraesNOR7D03G04344640","protein","C2+",2,"positive"
"prot__TraesNOR7D03G04345630","TraesNOR7D03G04345630","protein","C1-",1,"negative"
"prot__TraesNOR7D03G04345950","TraesNOR7D03G04345950","protein","C1-",1,"negative"
"prot__TraesNOR7D03G04347720","TraesNOR7D03G04347720","protein","C1-",1,"negative"
"prot__TraesNOR7D03G04350380","TraesNOR7D03G04350380","protein","C1-",1,"negative"
"prot__TraesNOR7D03G04350730","TraesNOR7D03G04350730","protein","C2+",2,"positive"
"prot__TraesNOR7D03G04351840","TraesNOR7D03G04351840","protein","C1-",1,"negative"
"prot__TraesNOR7D03G04351960","TraesNOR7D03G04351960","protein","C1-",1,"negative"
"prot__TraesNOR7D03G04353510","TraesNOR7D03G04353510","protein","C1-",1,"negative"
"prot__TraesNOR7D03G04353540","TraesNOR7D03G04353540","protein","C1-",1,"negative"
"prot__TraesNOR7D03G04354500","TraesNOR7D03G04354500","protein","C1+",1,"positive"
"prot__TraesNOR7D03G04354890","TraesNOR7D03G04354890","protein","C1-",1,"negative"
"prot__TraesNOR7D03G04355460","TraesNOR7D03G04355460","protein","C2+",2,"positive"
"prot__TraesNOR7D03G04359850","TraesNOR7D03G04359850","protein","C1-",1,"negative"
"prot__TraesNOR7D03G04361120","TraesNOR7D03G04361120","protein","C1-",1,"negative"
"prot__TraesNOR7D03G04361770","TraesNOR7D03G04361770","protein","C2+",2,"positive"
"prot__TraesNOR7D03G04363090","TraesNOR7D03G04363090","protein","C1-",1,"negative"
"prot__TraesNOR7D03G04363170","TraesNOR7D03G04363170","protein","C1-",1,"negative"
"prot__TraesNOR7D03G04363460","TraesNOR7D03G04363460","protein","C1-",1,"negative"
"prot__TraesNOR7D03G04363980","TraesNOR7D03G04363980","protein","C2-",2,"negative"
"prot__TraesNOR7D03G04364190","TraesNOR7D03G04364190","protein","C2+",2,"positive"
"prot__TraesNOR7D03G04365060","TraesNOR7D03G04365060","protein","C1-",1,"negative"
"prot__TraesNOR7D03G04365570","TraesNOR7D03G04365570","protein","C2+",2,"positive"
"prot__TraesNOR7D03G04367510","TraesNOR7D03G04367510","protein","C1-",1,"negative"
"prot__TraesNOR7D03G04368720","TraesNOR7D03G04368720","protein","C2+",2,"positive"
"prot__TraesNOR7D03G04372300","TraesNOR7D03G04372300","protein","C1-",1,"negative"
"prot__TraesNOR7D03G04374670","TraesNOR7D03G04374670","protein","C2+",2,"positive"
"prot__TraesNOR7D03G04374680","TraesNOR7D03G04374680","protein","C2+",2,"positive"
"prot__TraesNOR7D03G04374950","TraesNOR7D03G04374950","protein","C2+",2,"positive"
"prot__TraesNOR7D03G04376040","TraesNOR7D03G04376040","protein","C1-",1,"negative"
"prot__TraesNOR7D03G04378320","TraesNOR7D03G04378320","protein","C2+",2,"positive"
"prot__TraesNOR7D03G04378440","TraesNOR7D03G04378440","protein","C2+",2,"positive"
"prot__TraesNOR7D03G04379740","TraesNOR7D03G04379740","protein","C1+",1,"positive"
"prot__TraesNOR7D03G04380080","TraesNOR7D03G04380080","protein","C2+",2,"positive"
"prot__TraesNOR7D03G04380190","TraesNOR7D03G04380190","protein","C1+",1,"positive"
"prot__TraesNOR7D03G04381150","TraesNOR7D03G04381150","protein","C2+",2,"positive"
"prot__TraesNOR7D03G04386240","TraesNOR7D03G04386240","protein","C2-",2,"negative"
"prot__TraesNOR7D03G04386250","TraesNOR7D03G04386250","protein","C1-",1,"negative"
"prot__TraesNOR7D03G04386450","TraesNOR7D03G04386450","protein","C1+",1,"positive"
"prot__TraesNOR7D03G04387880","TraesNOR7D03G04387880","protein","C1-",1,"negative"
"prot__TraesNOR7D03G04390380","TraesNOR7D03G04390380","protein","C1-",1,"negative"
"prot__TraesNOR7D03G04390680","TraesNOR7D03G04390680","protein","C1-",1,"negative"
"prot__TraesNOR7D03G04390710","TraesNOR7D03G04390710","protein","C1-",1,"negative"
"prot__TraesNOR7D03G04391120","TraesNOR7D03G04391120","protein","C1+",1,"positive"
"prot__TraesNOR7D03G04392570","TraesNOR7D03G04392570","protein","C1-",1,"negative"
"prot__TraesNOR7D03G04394720","TraesNOR7D03G04394720","protein","C1-",1,"negative"
"prot__TraesNOR7D03G04395760","TraesNOR7D03G04395760","protein","C2-",2,"negative"
"prot__TraesNOR7D03G04396350","TraesNOR7D03G04396350","protein","C2+",2,"positive"
"prot__TraesNOR7D03G04398770","TraesNOR7D03G04398770","protein","C1-",1,"negative"
"prot__TraesNOR7D03G04399370","TraesNOR7D03G04399370","protein","C1-",1,"negative"
"prot__TraesNOR7D03G04400250","TraesNOR7D03G04400250","protein","C2+",2,"positive"
"prot__TraesNOR7D03G04400260","TraesNOR7D03G04400260","protein","C2+",2,"positive"
"prot__TraesNOR7D03G04400830","TraesNOR7D03G04400830","protein","C2-",2,"negative"
"prot__TraesNOR7D03G04402320","TraesNOR7D03G04402320","protein","C1-",1,"negative"
"prot__TraesNOR7D03G04402940","TraesNOR7D03G04402940","protein","C1+",1,"positive"
"prot__TraesNOR7D03G04403530","TraesNOR7D03G04403530","protein","C1+",1,"positive"
"prot__TraesNOR7D03G04403680","TraesNOR7D03G04403680","protein","C1-",1,"negative"
"prot__TraesNOR7D03G04403920","TraesNOR7D03G04403920","protein","C2+",2,"positive"
"prot__TraesNOR7D03G04405260","TraesNOR7D03G04405260","protein","C2+",2,"positive"
"prot__TraesNOR7D03G04405380","TraesNOR7D03G04405380","protein","C2+",2,"positive"
"prot__TraesNOR7D03G04405720","TraesNOR7D03G04405720","protein","C1-",1,"negative"
"prot__TraesNOR7D03G04405870","TraesNOR7D03G04405870","protein","C2+",2,"positive"
"prot__TraesNOR7D03G04407060","TraesNOR7D03G04407060","protein","C2+",2,"positive"
"prot__TraesNOR7D03G04407950","TraesNOR7D03G04407950","protein","C2-",2,"negative"
"prot__TraesNOR7D03G04409020","TraesNOR7D03G04409020","protein","C1-",1,"negative"
"prot__TraesNOR7D03G04409170","TraesNOR7D03G04409170","protein","C1-",1,"negative"
"prot__TraesNOR7D03G04410270","TraesNOR7D03G04410270","protein","C2+",2,"positive"
"prot__TraesNOR7D03G04411120","TraesNOR7D03G04411120","protein","C1-",1,"negative"
"prot__TraesNOR7D03G04413170","TraesNOR7D03G04413170","protein","C2+",2,"positive"
"prot__TraesNOR7D03G04413250","TraesNOR7D03G04413250","protein","C1-",1,"negative"
"prot__TraesNOR7D03G04414230","TraesNOR7D03G04414230","protein","C1-",1,"negative"
"prot__TraesNOR7D03G04414530","TraesNOR7D03G04414530","protein","C1-",1,"negative"
"prot__TraesNOR7D03G04414640","TraesNOR7D03G04414640","protein","C1-",1,"negative"
"prot__TraesNOR7D03G04414730","TraesNOR7D03G04414730","protein","C2-",2,"negative"
"prot__TraesNOR7D03G04414940","TraesNOR7D03G04414940","protein","C2+",2,"positive"
"prot__TraesNOR7D03G04415780","TraesNOR7D03G04415780","protein","C2+",2,"positive"
"prot__TraesNOR7D03G04415980","TraesNOR7D03G04415980","protein","C1-",1,"negative"
"prot__TraesNOR7D03G04416470","TraesNOR7D03G04416470","protein","C1-",1,"negative"
"prot__TraesNOR7D03G04416550","TraesNOR7D03G04416550","protein","C2+",2,"positive"
"prot__TraesNOR7D03G04417370","TraesNOR7D03G04417370","protein","C1-",1,"negative"
"prot__TraesNOR7D03G04418060","TraesNOR7D03G04418060","protein","C2+",2,"positive"
"prot__TraesNOR7D03G04418280","TraesNOR7D03G04418280","protein","C1-",1,"negative"
"prot__TraesNOR7D03G04418340","TraesNOR7D03G04418340","protein","C2+",2,"positive"
"prot__TraesNOR7D03G04418670","TraesNOR7D03G04418670","protein","C1-",1,"negative"
"prot__TraesNOR7D03G04420520","TraesNOR7D03G04420520","protein","C1-",1,"negative"
"prot__TraesNOR7D03G04421400","TraesNOR7D03G04421400","protein","C1-",1,"negative"
"prot__TraesNOR7D03G04421440","TraesNOR7D03G04421440","protein","C1+",1,"positive"
"prot__TraesNOR7D03G04421970","TraesNOR7D03G04421970","protein","C2+",2,"positive"
"prot__TraesNOR7D03G04422450","TraesNOR7D03G04422450","protein","C1-",1,"negative"
"prot__TraesNOR7D03G04422480","TraesNOR7D03G04422480","protein","C2+",2,"positive"
"prot__TraesNOR7D03G04423630","TraesNOR7D03G04423630","protein","C1+",1,"positive"
"prot__TraesNOR7D03G04425380","TraesNOR7D03G04425380","protein","C1-",1,"negative"
"prot__TraesNOR7D03G04425810","TraesNOR7D03G04425810","protein","C2+",2,"positive"
"prot__TraesNOR7D03G04426880","TraesNOR7D03G04426880","protein","C1+",1,"positive"
"prot__TraesNOR7D03G04428220","TraesNOR7D03G04428220","protein","C1-",1,"negative"
"prot__TraesNOR7D03G04432010","TraesNOR7D03G04432010","protein","C1-",1,"negative"
"prot__TraesNOR7D03G04433680","TraesNOR7D03G04433680","protein","C2-",2,"negative"
"prot__TraesNOR7D03G04434310","TraesNOR7D03G04434310","protein","C1-",1,"negative"
"prot__TraesNOR7D03G04434580","TraesNOR7D03G04434580","protein","C2+",2,"positive"
"prot__TraesNOR7D03G04438640","TraesNOR7D03G04438640","protein","C1-",1,"negative"
"prot__TraesNOR7D03G04442740","TraesNOR7D03G04442740","protein","C1-",1,"negative"
"prot__TraesNOR7D03G04442840","TraesNOR7D03G04442840","protein","C2-",2,"negative"
"prot__TraesNOR7D03G04443730","TraesNOR7D03G04443730","protein","C2+",2,"positive"
"prot__TraesNOR7D03G04444160","TraesNOR7D03G04444160","protein","C1+",1,"positive"
"prot__TraesNOR7D03G04444430","TraesNOR7D03G04444430","protein","C2+",2,"positive"
"prot__TraesNOR7D03G04444450","TraesNOR7D03G04444450","protein","C2-",2,"negative"
"prot__TraesNOR7D03G04444930","TraesNOR7D03G04444930","protein","C2+",2,"positive"
"prot__TraesNOR7D03G04445220","TraesNOR7D03G04445220","protein","C1-",1,"negative"
"prot__TraesNOR7D03G04446070","TraesNOR7D03G04446070","protein","C2+",2,"positive"
"prot__TraesNOR7D03G04446340","TraesNOR7D03G04446340","protein","C1-",1,"negative"
"prot__TraesNOR7D03G04447060","TraesNOR7D03G04447060","protein","C1-",1,"negative"
"prot__TraesNOR7D03G04447070","TraesNOR7D03G04447070","protein","C1-",1,"negative"
"prot__TraesNOR7D03G04447470","TraesNOR7D03G04447470","protein","C2-",2,"negative"
"prot__TraesNOR7D03G04447560","TraesNOR7D03G04447560","protein","C1-",1,"negative"
"prot__TraesNOR7D03G04449200","TraesNOR7D03G04449200","protein","C2+",2,"positive"
"prot__TraesNOR7D03G04449620","TraesNOR7D03G04449620","protein","C2+",2,"positive"
"prot__TraesNOR7D03G04450550","TraesNOR7D03G04450550","protein","C1+",1,"positive"
"prot__TraesNOR7D03G04450890","TraesNOR7D03G04450890","protein","C2-",2,"negative"
"prot__TraesNOR7D03G04451350","TraesNOR7D03G04451350","protein","C2+",2,"positive"
"prot__TraesNOR7D03G04451410","TraesNOR7D03G04451410","protein","C2+",2,"positive"
"prot__TraesNOR7D03G04452130","TraesNOR7D03G04452130","protein","C1-",1,"negative"
"prot__TraesNOR7D03G04452170","TraesNOR7D03G04452170","protein","C1+",1,"positive"
"prot__TraesNOR7D03G04454290","TraesNOR7D03G04454290","protein","C1-",1,"negative"
"prot__TraesNOR7D03G04455080","TraesNOR7D03G04455080","protein","C2-",2,"negative"
"prot__TraesNOR7D03G04455310","TraesNOR7D03G04455310","protein","C2+",2,"positive"
"prot__TraesNOR7D03G04455970","TraesNOR7D03G04455970","protein","C1-",1,"negative"
"prot__TraesNOR7D03G04457290","TraesNOR7D03G04457290","protein","C2-",2,"negative"
"prot__TraesNOR7D03G04459560","TraesNOR7D03G04459560","protein","C1-",1,"negative"
"prot__TraesNOR7D03G04460330","TraesNOR7D03G04460330","protein","C1-",1,"negative"
"prot__TraesNOR7D03G04460630","TraesNOR7D03G04460630","protein","C2-",2,"negative"
"prot__TraesNOR7D03G04461180","TraesNOR7D03G04461180","protein","C1-",1,"negative"
"prot__TraesNOR7D03G04461870","TraesNOR7D03G04461870","protein","C2-",2,"negative"
"prot__TraesNOR7D03G04461910","TraesNOR7D03G04461910","protein","C1-",1,"negative"
"prot__TraesNOR7D03G04462490","TraesNOR7D03G04462490","protein","C2+",2,"positive"
"prot__TraesNOR7D03G04462500","TraesNOR7D03G04462500","protein","C1-",1,"negative"
"prot__TraesNOR7D03G04462590","TraesNOR7D03G04462590","protein","C2+",2,"positive"
"prot__TraesNOR7D03G04463350","TraesNOR7D03G04463350","protein","C1-",1,"negative"
"prot__TraesNOR7D03G04464550","TraesNOR7D03G04464550","protein","C2-",2,"negative"
"prot__TraesNOR7D03G04464890","TraesNOR7D03G04464890","protein","C2+",2,"positive"
"prot__TraesNOR7D03G04465120","TraesNOR7D03G04465120","protein","C1-",1,"negative"
"prot__TraesNOR7D03G04466060","TraesNOR7D03G04466060","protein","C1-",1,"negative"
"prot__TraesNOR7D03G04466380","TraesNOR7D03G04466380","protein","C2+",2,"positive"
"prot__TraesNOR7D03G04466460","TraesNOR7D03G04466460","protein","C2+",2,"positive"
"prot__TraesNOR7D03G04466700","TraesNOR7D03G04466700","protein","C2+",2,"positive"
"prot__TraesNOR7D03G04467290","TraesNOR7D03G04467290","protein","C2+",2,"positive"
"prot__TraesNOR7D03G04467420","TraesNOR7D03G04467420","protein","C2-",2,"negative"
"prot__TraesNOR7D03G04469540","TraesNOR7D03G04469540","protein","C1-",1,"negative"
"prot__TraesNOR7D03G04469730","TraesNOR7D03G04469730","protein","C1-",1,"negative"
"prot__TraesNOR7D03G04470020","TraesNOR7D03G04470020","protein","C1-",1,"negative"
"prot__TraesNOR7D03G04470120","TraesNOR7D03G04470120","protein","C1-",1,"negative"
"prot__TraesNOR7D03G04470290","TraesNOR7D03G04470290","protein","C1-",1,"negative"
"prot__TraesNOR7D03G04471750","TraesNOR7D03G04471750","protein","C1-",1,"negative"
"prot__TraesNOR7D03G04473590","TraesNOR7D03G04473590","protein","C1-",1,"negative"
"prot__TraesNOR7D03G04474430","TraesNOR7D03G04474430","protein","C2+",2,"positive"
"prot__TraesNOR7D03G04474440","TraesNOR7D03G04474440","protein","C1-",1,"negative"
"prot__TraesNOR7D03G04474820","TraesNOR7D03G04474820","protein","C2-",2,"negative"
"prot__TraesNOR7D03G04475450","TraesNOR7D03G04475450","protein","C2+",2,"positive"
"prot__TraesNOR7D03G04475600","TraesNOR7D03G04475600","protein","C1+",1,"positive"
"prot__TraesNOR7D03G04476240","TraesNOR7D03G04476240","protein","C1-",1,"negative"
"prot__TraesNOR7D03G04476910","TraesNOR7D03G04476910","protein","C2+",2,"positive"
"prot__TraesNOR7D03G04476940","TraesNOR7D03G04476940","protein","C1-",1,"negative"
"prot__TraesNOR7D03G04477030","TraesNOR7D03G04477030","protein","C1-",1,"negative"
"prot__TraesNOR7D03G04477050","TraesNOR7D03G04477050","protein","C1+",1,"positive"
"prot__TraesNOR7D03G04478400","TraesNOR7D03G04478400","protein","C1+",1,"positive"
"prot__TraesNOR7D03G04478710","TraesNOR7D03G04478710","protein","C2+",2,"positive"
"prot__TraesNOR7D03G04478800","TraesNOR7D03G04478800","protein","C1+",1,"positive"
"prot__TraesNOR7D03G04479130","TraesNOR7D03G04479130","protein","C1+",1,"positive"
"prot__TraesNOR7D03G04479170","TraesNOR7D03G04479170","protein","C1+",1,"positive"
"prot__TraesNOR7D03G04479850","TraesNOR7D03G04479850","protein","C1-",1,"negative"
"prot__TraesNOR7D03G04481450","TraesNOR7D03G04481450","protein","C2+",2,"positive"
"prot__TraesNOR7D03G04482330","TraesNOR7D03G04482330","protein","C2-",2,"negative"
"prot__TraesNOR7D03G04482920","TraesNOR7D03G04482920","protein","C1-",1,"negative"
"prot__TraesNOR7D03G04483830","TraesNOR7D03G04483830","protein","C1+",1,"positive"
"prot__TraesNOR7D03G04484570","TraesNOR7D03G04484570","protein","C1-",1,"negative"
"prot__TraesNOR7D03G04486710","TraesNOR7D03G04486710","protein","C1-",1,"negative"
"prot__TraesNOR7D03G04487440","TraesNOR7D03G04487440","protein","C2-",2,"negative"
"prot__TraesNOR7D03G04487980","TraesNOR7D03G04487980","protein","C2+",2,"positive"
"prot__TraesNOR7D03G04488240","TraesNOR7D03G04488240","protein","C1-",1,"negative"
"prot__TraesNOR7D03G04488740","TraesNOR7D03G04488740","protein","C2+",2,"positive"
"prot__TraesNOR7D03G04490560","TraesNOR7D03G04490560","protein","C1-",1,"negative"
"prot__TraesNOR7D03G04491580","TraesNOR7D03G04491580","protein","C1-",1,"negative"
"prot__TraesNOR7D03G04492200","TraesNOR7D03G04492200","protein","C2-",2,"negative"
"prot__TraesNOR7D03G04492370","TraesNOR7D03G04492370","protein","C1-",1,"negative"
"prot__TraesNOR7D03G04493100","TraesNOR7D03G04493100","protein","C2+",2,"positive"
"prot__TraesNOR7D03G04493910","TraesNOR7D03G04493910","protein","C1-",1,"negative"
"prot__TraesNOR7D03G04494640","TraesNOR7D03G04494640","protein","C1-",1,"negative"
"prot__TraesNOR7D03G04495130","TraesNOR7D03G04495130","protein","C2-",2,"negative"
"prot__TraesNOR7D03G04496370","TraesNOR7D03G04496370","protein","C2+",2,"positive"
"prot__TraesNOR7D03G04498290","TraesNOR7D03G04498290","protein","C2+",2,"positive"
"prot__TraesNOR7D03G04499060","TraesNOR7D03G04499060","protein","C2+",2,"positive"
"prot__TraesNOR7D03G04502050","TraesNOR7D03G04502050","protein","C1-",1,"negative"
"prot__TraesNOR7D03G04503060","TraesNOR7D03G04503060","protein","C1-",1,"negative"
"prot__TraesNOR7D03G04504580","TraesNOR7D03G04504580","protein","C2+",2,"positive"
"prot__TraesNOR7D03G04507040","TraesNOR7D03G04507040","protein","C1-",1,"negative"
"prot__TraesNOR7D03G04507280","TraesNOR7D03G04507280","protein","C1-",1,"negative"
"prot__TraesNOR7D03G04507580","TraesNOR7D03G04507580","protein","C1-",1,"negative"
"prot__TraesNOR7D03G04508630","TraesNOR7D03G04508630","protein","C1+",1,"positive"
"prot__TraesNOR7D03G04513280","TraesNOR7D03G04513280","protein","C1-",1,"negative"
"prot__TraesNOR7D03G04513510","TraesNOR7D03G04513510","protein","C2+",2,"positive"
"prot__TraesNOR7D03G04514900","TraesNOR7D03G04514900","protein","C2+",2,"positive"
"prot__TraesNOR7D03G04516640","TraesNOR7D03G04516640","protein","C1+",1,"positive"
"prot__TraesNOR7D03G04517080","TraesNOR7D03G04517080","protein","C2+",2,"positive"
"prot__TraesNOR7D03G04519170","TraesNOR7D03G04519170","protein","C1-",1,"negative"
"prot__TraesNOR7D03G04520130","TraesNOR7D03G04520130","protein","C2+",2,"positive"
"prot__TraesNOR7D03G04523140","TraesNOR7D03G04523140","protein","C2+",2,"positive"
"prot__TraesNOR7D03G04523810","TraesNOR7D03G04523810","protein","C1-",1,"negative"
"prot__TraesNOR7D03G04524460","TraesNOR7D03G04524460","protein","C1-",1,"negative"
"prot__TraesNOR7D03G04526160","TraesNOR7D03G04526160","protein","C2+",2,"positive"
"prot__TraesNOR7D03G04527470","TraesNOR7D03G04527470","protein","C2+",2,"positive"
"prot__TraesNOR7D03G04528930","TraesNOR7D03G04528930","protein","C1-",1,"negative"
"prot__TraesNOR7D03G04529240","TraesNOR7D03G04529240","protein","C2+",2,"positive"
"prot__TraesNOR7D03G04529260","TraesNOR7D03G04529260","protein","C2+",2,"positive"
"prot__TraesNOR7D03G04530070","TraesNOR7D03G04530070","protein","C1-",1,"negative"
"prot__TraesNOR7D03G04530810","TraesNOR7D03G04530810","protein","C2+",2,"positive"
"prot__TraesNOR7D03G04530920","TraesNOR7D03G04530920","protein","C2+",2,"positive"
"prot__TraesNOR7D03G04531390","TraesNOR7D03G04531390","protein","C2-",2,"negative"
"prot__TraesNOR7D03G04532100","TraesNOR7D03G04532100","protein","C1-",1,"negative"
"prot__TraesNOR7D03G04534160","TraesNOR7D03G04534160","protein","C1-",1,"negative"
"prot__TraesNOR7D03G04536090","TraesNOR7D03G04536090","protein","C1+",1,"positive"
"prot__TraesNOR7D03G04537310","TraesNOR7D03G04537310","protein","C1+",1,"positive"
"prot__TraesNOR7D03G04539230","TraesNOR7D03G04539230","protein","C2+",2,"positive"
"prot__TraesNOR7D03G04539690","TraesNOR7D03G04539690","protein","C1-",1,"negative"
"prot__TraesNOR7D03G04541810","TraesNOR7D03G04541810","protein","C1-",1,"negative"
"prot__TraesNOR7D03G04542020","TraesNOR7D03G04542020","protein","C2-",2,"negative"
"prot__TraesNOR7D03G04542630","TraesNOR7D03G04542630","protein","C1-",1,"negative"
"prot__TraesNORUn03G04546520","TraesNORUn03G04546520","protein","C1-",1,"negative"
"prot__TraesNORUn03G04555760","TraesNORUn03G04555760","protein","C1-",1,"negative"
"prot__TraesNORUn03G04558380","TraesNORUn03G04558380","protein","C2+",2,"positive"
"prot__TraesNORUn03G04571640","TraesNORUn03G04571640","protein","C2-",2,"negative"
"prot__TraesNORUn03G04571730","TraesNORUn03G04571730","protein","C2+",2,"positive"
"prot__TraesNORUn03G04582820","TraesNORUn03G04582820","protein","C2-",2,"negative"
"prot__TraesNORUn03G04621940","TraesNORUn03G04621940","protein","C2+",2,"positive"
"prot__TraesNORUn03G04660470","TraesNORUn03G04660470","protein","C1-",1,"negative"
"prot__TraesNORUn03G04665720","TraesNORUn03G04665720","protein","C1-",1,"negative"
"prot__TraesNORUn03G04674100","TraesNORUn03G04674100","protein","C1+",1,"positive"
"prot__TraesNORUn03G04685050","TraesNORUn03G04685050","protein","C2+",2,"positive"
"prot__TraesNORUn03G04685930","TraesNORUn03G04685930","protein","C1+",1,"positive"
"prot__TraesNORUn03G04707820","TraesNORUn03G04707820","protein","C2+",2,"positive"
"prot__TraesNORUn03G04723020","TraesNORUn03G04723020","protein","C1-",1,"negative"
"prot__TraesNORUn03G04764930","TraesNORUn03G04764930","protein","C1-",1,"negative"
"prot__TraesNORUn03G04765820","TraesNORUn03G04765820","protein","C1-",1,"negative"
"prot__TraesNORUn03G04781010","TraesNORUn03G04781010","protein","C2+",2,"positive"
"prot__TraesNORUn03G04785860","TraesNORUn03G04785860","protein","C1-",1,"negative"
"prot__TraesNORUn03G04790660","TraesNORUn03G04790660","protein","C1-",1,"negative"
"prot__TraesNORUn03G04792050","TraesNORUn03G04792050","protein","C1-",1,"negative"
