"uid","feature","block","cluster","comp","sign"
"rna__TraesCAD_scaffold_014747_01G000100","TraesCAD_scaffold_014747_01G000100","rna","C1-",1,"negative"
"rna__TraesCAD_scaffold_000382_01G000500","TraesCAD_scaffold_000382_01G000500","rna","C1-",1,"negative"
"rna__TraesCAD_scaffold_070076_01G000100","TraesCAD_scaffold_070076_01G000100","rna","C1-",1,"negative"
"rna__TraesCAD_scaffold_133124_01G000100","TraesCAD_scaffold_133124_01G000100","rna","C1-",1,"negative"
"rna__TraesCAD_scaffold_000030_01G000400","TraesCAD_scaffold_000030_01G000400","rna","C2-",2,"negative"
"rna__TraesCAD_scaffold_084164_01G000200","TraesCAD_scaffold_084164_01G000200","rna","C2-",2,"negative"
"rna__TraesCAD_scaffold_128978_01G000200","TraesCAD_scaffold_128978_01G000200","rna","C2-",2,"negative"
"rna__TraesCAD_scaffold_052789_01G000100","TraesCAD_scaffold_052789_01G000100","rna","C1-",1,"negative"
"rna__TraesCAD_scaffold_069519_01G000100","TraesCAD_scaffold_069519_01G000100","rna","C2-",2,"negative"
"rna__TraesCAD_scaffold_149528_01G000100","TraesCAD_scaffold_149528_01G000100","rna","C1-",1,"negative"
"rna__TraesCAD_scaffold_053566_01G000100","TraesCAD_scaffold_053566_01G000100","rna","C1-",1,"negative"
"rna__TraesCAD_scaffold_025968_01G000200","TraesCAD_scaffold_025968_01G000200","rna","C1-",1,"negative"
"rna__TraesCAD_scaffold_043544_01G000200","TraesCAD_scaffold_043544_01G000200","rna","C1+",1,"positive"
"rna__TraesCAD_scaffold_055571_01G000300","TraesCAD_scaffold_055571_01G000300","rna","C1-",1,"negative"
"rna__TraesCAD_scaffold_042728_01G000100","TraesCAD_scaffold_042728_01G000100","rna","C2-",2,"negative"
"rna__TraesCAD_scaffold_030935_01G000600","TraesCAD_scaffold_030935_01G000600","rna","C1-",1,"negative"
"rna__TraesCAD_scaffold_011238_01G000100","TraesCAD_scaffold_011238_01G000100","rna","C1-",1,"negative"
"rna__TraesCAD_scaffold_003054_01G000400","TraesCAD_scaffold_003054_01G000400","rna","C2-",2,"negative"
"rna__TraesCAD_scaffold_052681_01G000100","TraesCAD_scaffold_052681_01G000100","rna","C1-",1,"negative"
"rna__TraesCAD_scaffold_018667_01G000600","TraesCAD_scaffold_018667_01G000600","rna","C2+",2,"positive"
"rna__TraesCAD_scaffold_111050_01G000100","TraesCAD_scaffold_111050_01G000100","rna","C1+",1,"positive"
"rna__TraesCAD_scaffold_034625_01G000900","TraesCAD_scaffold_034625_01G000900","rna","C1-",1,"negative"
"rna__TraesCAD_scaffold_131651_01G000100","TraesCAD_scaffold_131651_01G000100","rna","C1-",1,"negative"
"rna__TraesCAD_scaffold_045162_01G000100","TraesCAD_scaffold_045162_01G000100","rna","C1-",1,"negative"
"rna__TraesCAD_scaffold_092074_01G000100","TraesCAD_scaffold_092074_01G000100","rna","C1-",1,"negative"
"rna__TraesCAD_scaffold_037061_01G000200","TraesCAD_scaffold_037061_01G000200","rna","C2-",2,"negative"
"rna__TraesCAD_scaffold_094995_01G000100","TraesCAD_scaffold_094995_01G000100","rna","C2-",2,"negative"
"rna__TraesCAD_scaffold_064612_01G000200","TraesCAD_scaffold_064612_01G000200","rna","C2-",2,"negative"
"rna__TraesCAD_scaffold_005346_01G000100","TraesCAD_scaffold_005346_01G000100","rna","C1+",1,"positive"
"rna__TraesCAD_scaffold_037998_01G000100","TraesCAD_scaffold_037998_01G000100","rna","C2-",2,"negative"
"rna__TraesCAD_scaffold_008402_01G000100","TraesCAD_scaffold_008402_01G000100","rna","C2-",2,"negative"
"rna__TraesCAD_scaffold_094530_01G000100","TraesCAD_scaffold_094530_01G000100","rna","C1-",1,"negative"
"rna__TraesCAD_scaffold_086045_01G000100","TraesCAD_scaffold_086045_01G000100","rna","C1-",1,"negative"
"rna__TraesCAD_scaffold_111685_01G000100","TraesCAD_scaffold_111685_01G000100","rna","C1-",1,"negative"
"rna__TraesCAD_scaffold_092477_01G000100","TraesCAD_scaffold_092477_01G000100","rna","C2-",2,"negative"
"rna__TraesCAD_scaffold_019321_01G000100","TraesCAD_scaffold_019321_01G000100","rna","C2-",2,"negative"
"rna__TraesCAD_scaffold_057623_01G000300","TraesCAD_scaffold_057623_01G000300","rna","C1+",1,"positive"
"rna__TraesCAD_scaffold_031796_01G000100","TraesCAD_scaffold_031796_01G000100","rna","C2-",2,"negative"
"rna__TraesCAD_scaffold_095525_01G000100","TraesCAD_scaffold_095525_01G000100","rna","C1+",1,"positive"
"rna__TraesCAD_scaffold_020853_01G000100","TraesCAD_scaffold_020853_01G000100","rna","C2-",2,"negative"
"rna__TraesCAD_scaffold_063102_01G000100","TraesCAD_scaffold_063102_01G000100","rna","C1-",1,"negative"
"rna__TraesCAD_scaffold_062445_01G000100","TraesCAD_scaffold_062445_01G000100","rna","C1-",1,"negative"
"rna__TraesCAD_scaffold_044052_01G000100","TraesCAD_scaffold_044052_01G000100","rna","C1-",1,"negative"
"rna__TraesCAD_scaffold_069169_01G000100","TraesCAD_scaffold_069169_01G000100","rna","C2-",2,"negative"
"rna__TraesCAD_scaffold_047533_01G000200","TraesCAD_scaffold_047533_01G000200","rna","C1-",1,"negative"
"rna__TraesCAD_scaffold_091993_01G000100","TraesCAD_scaffold_091993_01G000100","rna","C1-",1,"negative"
"rna__TraesCAD_scaffold_035254_01G000400","TraesCAD_scaffold_035254_01G000400","rna","C1-",1,"negative"
"rna__TraesCAD_scaffold_044770_01G000400","TraesCAD_scaffold_044770_01G000400","rna","C2-",2,"negative"
"rna__TraesCAD_scaffold_068592_01G000100","TraesCAD_scaffold_068592_01G000100","rna","C1+",1,"positive"
"rna__TraesCAD_scaffold_040954_01G000200","TraesCAD_scaffold_040954_01G000200","rna","C1-",1,"negative"
"rna__TraesCAD_scaffold_055378_01G000400","TraesCAD_scaffold_055378_01G000400","rna","C1+",1,"positive"
"rna__TraesCAD_scaffold_784555_01G000100","TraesCAD_scaffold_784555_01G000100","rna","C1-",1,"negative"
"rna__TraesCAD_scaffold_011627_01G000100","TraesCAD_scaffold_011627_01G000100","rna","C2-",2,"negative"
"rna__TraesCAD_scaffold_012476_01G000100","TraesCAD_scaffold_012476_01G000100","rna","C2-",2,"negative"
"rna__TraesCAD_scaffold_103917_01G000200","TraesCAD_scaffold_103917_01G000200","rna","C1-",1,"negative"
"rna__TraesCAD_scaffold_109408_01G000100","TraesCAD_scaffold_109408_01G000100","rna","C2-",2,"negative"
"rna__TraesCAD_scaffold_086440_01G000400","TraesCAD_scaffold_086440_01G000400","rna","C1-",1,"negative"
"rna__TraesCAD_scaffold_101847_01G000100","TraesCAD_scaffold_101847_01G000100","rna","C1-",1,"negative"
"rna__TraesCAD_scaffold_062254_01G000200","TraesCAD_scaffold_062254_01G000200","rna","C1-",1,"negative"
"rna__TraesCAD_scaffold_098437_01G000200","TraesCAD_scaffold_098437_01G000200","rna","C1-",1,"negative"
"rna__TraesCAD_scaffold_062533_01G000200","TraesCAD_scaffold_062533_01G000200","rna","C1+",1,"positive"
"rna__TraesCAD_scaffold_110001_01G000100","TraesCAD_scaffold_110001_01G000100","rna","C2-",2,"negative"
"rna__TraesCAD_scaffold_074499_01G000100","TraesCAD_scaffold_074499_01G000100","rna","C2+",2,"positive"
"rna__TraesCAD_scaffold_088532_01G000400","TraesCAD_scaffold_088532_01G000400","rna","C2-",2,"negative"
"rna__TraesCAD_scaffold_031509_01G000100","TraesCAD_scaffold_031509_01G000100","rna","C1+",1,"positive"
"rna__TraesCAD_scaffold_045339_01G000500","TraesCAD_scaffold_045339_01G000500","rna","C1-",1,"negative"
"rna__TraesCAD_scaffold_032077_01G000100","TraesCAD_scaffold_032077_01G000100","rna","C1-",1,"negative"
"rna__TraesCAD_scaffold_043096_01G000300","TraesCAD_scaffold_043096_01G000300","rna","C1-",1,"negative"
"rna__TraesCAD_scaffold_064456_01G000100","TraesCAD_scaffold_064456_01G000100","rna","C1+",1,"positive"
"rna__TraesCAD_scaffold_007135_01G000800","TraesCAD_scaffold_007135_01G000800","rna","C1-",1,"negative"
"rna__TraesCAD_scaffold_111573_01G000200","TraesCAD_scaffold_111573_01G000200","rna","C1-",1,"negative"
"rna__TraesCAD_scaffold_056989_01G000100","TraesCAD_scaffold_056989_01G000100","rna","C2-",2,"negative"
"rna__TraesCAD_scaffold_019272_01G000200","TraesCAD_scaffold_019272_01G000200","rna","C2+",2,"positive"
"rna__TraesCAD_scaffold_042006_01G000100","TraesCAD_scaffold_042006_01G000100","rna","C2-",2,"negative"
"rna__TraesCAD_scaffold_011449_01G000200","TraesCAD_scaffold_011449_01G000200","rna","C1-",1,"negative"
"rna__TraesCAD_scaffold_138071_01G000100","TraesCAD_scaffold_138071_01G000100","rna","C1-",1,"negative"
"rna__TraesCAD_scaffold_071925_01G000100","TraesCAD_scaffold_071925_01G000100","rna","C2-",2,"negative"
"rna__TraesCAD_scaffold_069763_01G000200","TraesCAD_scaffold_069763_01G000200","rna","C2-",2,"negative"
"rna__TraesCAD_scaffold_054786_01G000400","TraesCAD_scaffold_054786_01G000400","rna","C2-",2,"negative"
"rna__TraesCAD_scaffold_032995_01G000300","TraesCAD_scaffold_032995_01G000300","rna","C1+",1,"positive"
"rna__TraesCAD_scaffold_030470_01G000100","TraesCAD_scaffold_030470_01G000100","rna","C2-",2,"negative"
"rna__TraesCAD_scaffold_111708_01G000100","TraesCAD_scaffold_111708_01G000100","rna","C2-",2,"negative"
"rna__TraesCAD_scaffold_080248_01G000100","TraesCAD_scaffold_080248_01G000100","rna","C2-",2,"negative"
"rna__TraesCAD_scaffold_131328_01G000100","TraesCAD_scaffold_131328_01G000100","rna","C2-",2,"negative"
"rna__TraesCAD_scaffold_011934_01G000300","TraesCAD_scaffold_011934_01G000300","rna","C2-",2,"negative"
"rna__TraesCAD_scaffold_005419_01G000600","TraesCAD_scaffold_005419_01G000600","rna","C2-",2,"negative"
"rna__TraesCAD_scaffold_001053_01G000400","TraesCAD_scaffold_001053_01G000400","rna","C2-",2,"negative"
"rna__TraesCAD_scaffold_129059_01G000100","TraesCAD_scaffold_129059_01G000100","rna","C2-",2,"negative"
"rna__TraesCAD_scaffold_065987_01G000200","TraesCAD_scaffold_065987_01G000200","rna","C1+",1,"positive"
"rna__TraesCAD_scaffold_116541_01G000100","TraesCAD_scaffold_116541_01G000100","rna","C1-",1,"negative"
"rna__TraesCAD_scaffold_102359_01G000100","TraesCAD_scaffold_102359_01G000100","rna","C1-",1,"negative"
"rna__TraesCAD_scaffold_030360_01G000100","TraesCAD_scaffold_030360_01G000100","rna","C2-",2,"negative"
"rna__TraesCAD_scaffold_091535_01G000100","TraesCAD_scaffold_091535_01G000100","rna","C1+",1,"positive"
"rna__TraesCAD_scaffold_861569_01G000100","TraesCAD_scaffold_861569_01G000100","rna","C1-",1,"negative"
"rna__TraesCAD_scaffold_041047_01G000600","TraesCAD_scaffold_041047_01G000600","rna","C1+",1,"positive"
"rna__TraesCAD_scaffold_066027_01G000100","TraesCAD_scaffold_066027_01G000100","rna","C1-",1,"negative"
"rna__TraesCAD_scaffold_054661_01G000400","TraesCAD_scaffold_054661_01G000400","rna","C2-",2,"negative"
"rna__TraesCAD_scaffold_013787_01G000100","TraesCAD_scaffold_013787_01G000100","rna","C2-",2,"negative"
"rna__TraesCAD_scaffold_055207_01G000100","TraesCAD_scaffold_055207_01G000100","rna","C2-",2,"negative"
"rna__TraesCAD_scaffold_062839_01G000100","TraesCAD_scaffold_062839_01G000100","rna","C2-",2,"negative"
"rna__TraesCAD_scaffold_089821_01G000200","TraesCAD_scaffold_089821_01G000200","rna","C1-",1,"negative"
"rna__TraesCAD_scaffold_029735_01G000400","TraesCAD_scaffold_029735_01G000400","rna","C2-",2,"negative"
"rna__TraesCAD_scaffold_346237_01G000100","TraesCAD_scaffold_346237_01G000100","rna","C1-",1,"negative"
"rna__TraesCAD_scaffold_061976_01G000100","TraesCAD_scaffold_061976_01G000100","rna","C2-",2,"negative"
"rna__TraesCAD_scaffold_023333_01G000100","TraesCAD_scaffold_023333_01G000100","rna","C1+",1,"positive"
"rna__TraesCAD_scaffold_059186_01G000100","TraesCAD_scaffold_059186_01G000100","rna","C1-",1,"negative"
"rna__TraesCAD_scaffold_002955_01G001000","TraesCAD_scaffold_002955_01G001000","rna","C1+",1,"positive"
"rna__TraesCAD_scaffold_081516_01G000100","TraesCAD_scaffold_081516_01G000100","rna","C2-",2,"negative"
"rna__TraesCAD_scaffold_631170_01G000100","TraesCAD_scaffold_631170_01G000100","rna","C1-",1,"negative"
"rna__TraesCAD_scaffold_047163_01G000100","TraesCAD_scaffold_047163_01G000100","rna","C2-",2,"negative"
"rna__TraesCAD_scaffold_088922_01G000100","TraesCAD_scaffold_088922_01G000100","rna","C2-",2,"negative"
"rna__TraesCAD_scaffold_166766_01G000100","TraesCAD_scaffold_166766_01G000100","rna","C1+",1,"positive"
"rna__TraesCAD_scaffold_056887_01G000200","TraesCAD_scaffold_056887_01G000200","rna","C1-",1,"negative"
"rna__TraesCAD_scaffold_072677_01G000300","TraesCAD_scaffold_072677_01G000300","rna","C1-",1,"negative"
"rna__TraesCAD_scaffold_059507_01G000200","TraesCAD_scaffold_059507_01G000200","rna","C1+",1,"positive"
"rna__TraesCAD_scaffold_109056_01G000200","TraesCAD_scaffold_109056_01G000200","rna","C1+",1,"positive"
"rna__TraesCAD_scaffold_134062_01G000100","TraesCAD_scaffold_134062_01G000100","rna","C2-",2,"negative"
"rna__TraesCAD_scaffold_072376_01G000300","TraesCAD_scaffold_072376_01G000300","rna","C1+",1,"positive"
"rna__TraesCAD_scaffold_042310_01G000100","TraesCAD_scaffold_042310_01G000100","rna","C1-",1,"negative"
"rna__TraesCAD_scaffold_062964_01G000100","TraesCAD_scaffold_062964_01G000100","rna","C1+",1,"positive"
"rna__TraesCAD_scaffold_057056_01G000300","TraesCAD_scaffold_057056_01G000300","rna","C1+",1,"positive"
"rna__TraesCAD_scaffold_068862_01G000100","TraesCAD_scaffold_068862_01G000100","rna","C1-",1,"negative"
"rna__TraesCAD_scaffold_040950_01G000100","TraesCAD_scaffold_040950_01G000100","rna","C1+",1,"positive"
"rna__TraesCAD_scaffold_001004_01G000100","TraesCAD_scaffold_001004_01G000100","rna","C1-",1,"negative"
"rna__TraesCAD_scaffold_092048_01G000200","TraesCAD_scaffold_092048_01G000200","rna","C1-",1,"negative"
"rna__TraesCAD_scaffold_015943_01G000300","TraesCAD_scaffold_015943_01G000300","rna","C1+",1,"positive"
"rna__TraesCAD_scaffold_089817_01G000100","TraesCAD_scaffold_089817_01G000100","rna","C1+",1,"positive"
"rna__TraesCAD_scaffold_110979_01G000100","TraesCAD_scaffold_110979_01G000100","rna","C2-",2,"negative"
"rna__TraesCAD_scaffold_046923_01G000100","TraesCAD_scaffold_046923_01G000100","rna","C1-",1,"negative"
"rna__TraesCAD_scaffold_005286_01G000100","TraesCAD_scaffold_005286_01G000100","rna","C1-",1,"negative"
"rna__TraesCAD_scaffold_038101_01G000300","TraesCAD_scaffold_038101_01G000300","rna","C1-",1,"negative"
"rna__TraesCAD_scaffold_009396_01G000400","TraesCAD_scaffold_009396_01G000400","rna","C1-",1,"negative"
"rna__TraesCAD_scaffold_053630_01G000100","TraesCAD_scaffold_053630_01G000100","rna","C2-",2,"negative"
"rna__TraesCAD_scaffold_005789_01G000300","TraesCAD_scaffold_005789_01G000300","rna","C1+",1,"positive"
"rna__TraesCAD_scaffold_037176_01G000200","TraesCAD_scaffold_037176_01G000200","rna","C1+",1,"positive"
"rna__TraesCAD_scaffold_114094_01G000200","TraesCAD_scaffold_114094_01G000200","rna","C2-",2,"negative"
"rna__TraesCAD_scaffold_088799_01G000100","TraesCAD_scaffold_088799_01G000100","rna","C1+",1,"positive"
"rna__TraesCAD_scaffold_029418_01G000200","TraesCAD_scaffold_029418_01G000200","rna","C1-",1,"negative"
"rna__TraesCAD_scaffold_009054_01G000100","TraesCAD_scaffold_009054_01G000100","rna","C1-",1,"negative"
"rna__TraesCAD_scaffold_053577_01G000200","TraesCAD_scaffold_053577_01G000200","rna","C1+",1,"positive"
"rna__TraesCAD_scaffold_049256_01G000100","TraesCAD_scaffold_049256_01G000100","rna","C1-",1,"negative"
"rna__TraesCAD_scaffold_017602_01G000100","TraesCAD_scaffold_017602_01G000100","rna","C1-",1,"negative"
"rna__TraesCAD_scaffold_032741_01G000300","TraesCAD_scaffold_032741_01G000300","rna","C1+",1,"positive"
"rna__TraesCAD_scaffold_011533_01G000300","TraesCAD_scaffold_011533_01G000300","rna","C2-",2,"negative"
"rna__TraesCAD_scaffold_040289_01G000300","TraesCAD_scaffold_040289_01G000300","rna","C2-",2,"negative"
"rna__TraesCAD_scaffold_042854_01G000300","TraesCAD_scaffold_042854_01G000300","rna","C1-",1,"negative"
"rna__TraesCAD_scaffold_047916_01G000200","TraesCAD_scaffold_047916_01G000200","rna","C1-",1,"negative"
"rna__TraesCAD_scaffold_049101_01G000200","TraesCAD_scaffold_049101_01G000200","rna","C1+",1,"positive"
"rna__TraesCAD_scaffold_050078_01G000100","TraesCAD_scaffold_050078_01G000100","rna","C2-",2,"negative"
"rna__TraesCAD_scaffold_031210_01G000100","TraesCAD_scaffold_031210_01G000100","rna","C1-",1,"negative"
"rna__TraesCAD_scaffold_061996_01G000100","TraesCAD_scaffold_061996_01G000100","rna","C2-",2,"negative"
"rna__TraesCAD_scaffold_108091_01G000100","TraesCAD_scaffold_108091_01G000100","rna","C2-",2,"negative"
"rna__TraesCAD_scaffold_047240_01G000400","TraesCAD_scaffold_047240_01G000400","rna","C1+",1,"positive"
"rna__TraesCAD_scaffold_069169_01G000200","TraesCAD_scaffold_069169_01G000200","rna","C2-",2,"negative"
"rna__TraesCAD_scaffold_032169_01G000300","TraesCAD_scaffold_032169_01G000300","rna","C1-",1,"negative"
"rna__TraesCAD_scaffold_000030_01G000100","TraesCAD_scaffold_000030_01G000100","rna","C2-",2,"negative"
"rna__TraesCAD_scaffold_064130_01G000200","TraesCAD_scaffold_064130_01G000200","rna","C1+",1,"positive"
"rna__TraesCAD_scaffold_021759_01G000200","TraesCAD_scaffold_021759_01G000200","rna","C2-",2,"negative"
"rna__TraesCAD_scaffold_095002_01G000100","TraesCAD_scaffold_095002_01G000100","rna","C1+",1,"positive"
"rna__TraesCAD_scaffold_000271_01G000300","TraesCAD_scaffold_000271_01G000300","rna","C1+",1,"positive"
"rna__TraesCAD_scaffold_017193_01G000200","TraesCAD_scaffold_017193_01G000200","rna","C1+",1,"positive"
"rna__TraesCAD_scaffold_043024_01G000500","TraesCAD_scaffold_043024_01G000500","rna","C1+",1,"positive"
"rna__TraesCAD_scaffold_005066_01G000200","TraesCAD_scaffold_005066_01G000200","rna","C1-",1,"negative"
"rna__TraesCAD_scaffold_124065_01G000100","TraesCAD_scaffold_124065_01G000100","rna","C1-",1,"negative"
"rna__TraesCAD_scaffold_125310_01G000200","TraesCAD_scaffold_125310_01G000200","rna","C2-",2,"negative"
"rna__TraesCAD_scaffold_054974_01G000300","TraesCAD_scaffold_054974_01G000300","rna","C2-",2,"negative"
"rna__TraesCAD_scaffold_093089_01G000300","TraesCAD_scaffold_093089_01G000300","rna","C1+",1,"positive"
"rna__TraesCAD_scaffold_122044_01G000100","TraesCAD_scaffold_122044_01G000100","rna","C1-",1,"negative"
"rna__TraesCAD_scaffold_015968_01G000700","TraesCAD_scaffold_015968_01G000700","rna","C1+",1,"positive"
"rna__TraesCAD_scaffold_079577_01G000100","TraesCAD_scaffold_079577_01G000100","rna","C1-",1,"negative"
"rna__TraesCAD_scaffold_021826_01G000100","TraesCAD_scaffold_021826_01G000100","rna","C1+",1,"positive"
"rna__TraesCAD_scaffold_024921_01G000300","TraesCAD_scaffold_024921_01G000300","rna","C1+",1,"positive"
"rna__TraesCAD_scaffold_034368_01G000400","TraesCAD_scaffold_034368_01G000400","rna","C2-",2,"negative"
"rna__TraesCAD_scaffold_055807_01G000300","TraesCAD_scaffold_055807_01G000300","rna","C2-",2,"negative"
"rna__TraesCAD_scaffold_104761_01G000300","TraesCAD_scaffold_104761_01G000300","rna","C1-",1,"negative"
"rna__TraesCAD_scaffold_022122_01G000100","TraesCAD_scaffold_022122_01G000100","rna","C2-",2,"negative"
"rna__TraesCAD_scaffold_016229_01G000100","TraesCAD_scaffold_016229_01G000100","rna","C1+",1,"positive"
"rna__TraesCAD_scaffold_105035_01G000100","TraesCAD_scaffold_105035_01G000100","rna","C1-",1,"negative"
"rna__TraesCAD_scaffold_110371_01G000100","TraesCAD_scaffold_110371_01G000100","rna","C1+",1,"positive"
"rna__TraesCAD_scaffold_034247_01G000400","TraesCAD_scaffold_034247_01G000400","rna","C1-",1,"negative"
"rna__TraesCAD_scaffold_033134_01G000200","TraesCAD_scaffold_033134_01G000200","rna","C1+",1,"positive"
"rna__TraesCAD_scaffold_034009_01G000100","TraesCAD_scaffold_034009_01G000100","rna","C1-",1,"negative"
"rna__TraesCAD_scaffold_036510_01G000400","TraesCAD_scaffold_036510_01G000400","rna","C1+",1,"positive"
"rna__TraesCAD_scaffold_001941_01G000400","TraesCAD_scaffold_001941_01G000400","rna","C2+",2,"positive"
"rna__TraesCAD_scaffold_114293_01G000100","TraesCAD_scaffold_114293_01G000100","rna","C1-",1,"negative"
"rna__TraesCAD_scaffold_053873_01G000100","TraesCAD_scaffold_053873_01G000100","rna","C1-",1,"negative"
"rna__TraesCAD_scaffold_049352_01G000100","TraesCAD_scaffold_049352_01G000100","rna","C2+",2,"positive"
"rna__TraesCAD_scaffold_122069_01G000100","TraesCAD_scaffold_122069_01G000100","rna","C1+",1,"positive"
"rna__TraesCAD_scaffold_007206_01G001000","TraesCAD_scaffold_007206_01G001000","rna","C1-",1,"negative"
"rna__TraesCAD_scaffold_029620_01G000200","TraesCAD_scaffold_029620_01G000200","rna","C1-",1,"negative"
"rna__TraesCAD_scaffold_086159_01G000100","TraesCAD_scaffold_086159_01G000100","rna","C1+",1,"positive"
"rna__TraesCAD_scaffold_005899_01G001500","TraesCAD_scaffold_005899_01G001500","rna","C1-",1,"negative"
"rna__TraesCAD_scaffold_099581_01G000100","TraesCAD_scaffold_099581_01G000100","rna","C2-",2,"negative"
"rna__TraesCAD_scaffold_023400_01G000200","TraesCAD_scaffold_023400_01G000200","rna","C1-",1,"negative"
"rna__TraesCAD_scaffold_014474_01G000200","TraesCAD_scaffold_014474_01G000200","rna","C1-",1,"negative"
"rna__TraesCAD_scaffold_075297_01G000100","TraesCAD_scaffold_075297_01G000100","rna","C1-",1,"negative"
"rna__TraesCAD_scaffold_050432_01G000100","TraesCAD_scaffold_050432_01G000100","rna","C2+",2,"positive"
"rna__TraesCAD_scaffold_042661_01G000500","TraesCAD_scaffold_042661_01G000500","rna","C1+",1,"positive"
"rna__TraesCAD_scaffold_012803_01G000400","TraesCAD_scaffold_012803_01G000400","rna","C2-",2,"negative"
"rna__TraesCAD_scaffold_042001_01G000100","TraesCAD_scaffold_042001_01G000100","rna","C1-",1,"negative"
"rna__TraesCAD_scaffold_078796_01G000100","TraesCAD_scaffold_078796_01G000100","rna","C2+",2,"positive"
"rna__TraesCAD_scaffold_031873_01G000200","TraesCAD_scaffold_031873_01G000200","rna","C2-",2,"negative"
"rna__TraesCAD_scaffold_019847_01G000300","TraesCAD_scaffold_019847_01G000300","rna","C2+",2,"positive"
"rna__TraesCAD_scaffold_006104_01G000200","TraesCAD_scaffold_006104_01G000200","rna","C1+",1,"positive"
"rna__TraesCAD_scaffold_033501_01G000300","TraesCAD_scaffold_033501_01G000300","rna","C1+",1,"positive"
"rna__TraesCAD_scaffold_053432_01G000100","TraesCAD_scaffold_053432_01G000100","rna","C2+",2,"positive"
"rna__TraesCAD_scaffold_046504_01G000200","TraesCAD_scaffold_046504_01G000200","rna","C2-",2,"negative"
"rna__TraesCAD_scaffold_014144_01G001200","TraesCAD_scaffold_014144_01G001200","rna","C1+",1,"positive"
"rna__TraesCAD_scaffold_135618_01G000100","TraesCAD_scaffold_135618_01G000100","rna","C1-",1,"negative"
"rna__TraesCAD_scaffold_026756_01G000300","TraesCAD_scaffold_026756_01G000300","rna","C2+",2,"positive"
"rna__TraesCAD_scaffold_001357_01G000300","TraesCAD_scaffold_001357_01G000300","rna","C2-",2,"negative"
"rna__TraesCAD_scaffold_012116_01G000700","TraesCAD_scaffold_012116_01G000700","rna","C1-",1,"negative"
"rna__TraesCAD_scaffold_009023_01G000100","TraesCAD_scaffold_009023_01G000100","rna","C1+",1,"positive"
"rna__TraesCAD_scaffold_074546_01G000200","TraesCAD_scaffold_074546_01G000200","rna","C1-",1,"negative"
"rna__TraesCAD_scaffold_063877_01G000100","TraesCAD_scaffold_063877_01G000100","rna","C1-",1,"negative"
"rna__TraesCAD_scaffold_005194_01G000200","TraesCAD_scaffold_005194_01G000200","rna","C1+",1,"positive"
"rna__TraesCAD_scaffold_054974_01G000200","TraesCAD_scaffold_054974_01G000200","rna","C2-",2,"negative"
"rna__TraesCAD_scaffold_109202_01G000100","TraesCAD_scaffold_109202_01G000100","rna","C1+",1,"positive"
"rna__TraesCAD_scaffold_024023_01G000200","TraesCAD_scaffold_024023_01G000200","rna","C1-",1,"negative"
"rna__TraesCAD_scaffold_037673_01G000300","TraesCAD_scaffold_037673_01G000300","rna","C1-",1,"negative"
"rna__TraesCAD_scaffold_041454_01G000200","TraesCAD_scaffold_041454_01G000200","rna","C1-",1,"negative"
"rna__TraesCAD_scaffold_025051_01G000100","TraesCAD_scaffold_025051_01G000100","rna","C1+",1,"positive"
"rna__TraesCAD_scaffold_117670_01G000100","TraesCAD_scaffold_117670_01G000100","rna","C1-",1,"negative"
"rna__TraesCAD_scaffold_092866_01G000200","TraesCAD_scaffold_092866_01G000200","rna","C1+",1,"positive"
"rna__TraesCAD_scaffold_002210_01G000400","TraesCAD_scaffold_002210_01G000400","rna","C2+",2,"positive"
"rna__TraesCAD_scaffold_124355_01G000100","TraesCAD_scaffold_124355_01G000100","rna","C1+",1,"positive"
"rna__TraesCAD_scaffold_009838_01G000100","TraesCAD_scaffold_009838_01G000100","rna","C2-",2,"negative"
"rna__TraesCAD_scaffold_015990_01G000300","TraesCAD_scaffold_015990_01G000300","rna","C1+",1,"positive"
"rna__TraesCAD_scaffold_026736_01G000100","TraesCAD_scaffold_026736_01G000100","rna","C1+",1,"positive"
"rna__TraesCAD_scaffold_010459_01G000100","TraesCAD_scaffold_010459_01G000100","rna","C2-",2,"negative"
"rna__TraesCAD_scaffold_049048_01G000300","TraesCAD_scaffold_049048_01G000300","rna","C2+",2,"positive"
"rna__TraesCAD_scaffold_033323_01G000100","TraesCAD_scaffold_033323_01G000100","rna","C1+",1,"positive"
"rna__TraesCAD_scaffold_012741_01G000100","TraesCAD_scaffold_012741_01G000100","rna","C1-",1,"negative"
"rna__TraesCAD_scaffold_006911_01G000100","TraesCAD_scaffold_006911_01G000100","rna","C1-",1,"negative"
"rna__TraesCAD_scaffold_068602_01G000200","TraesCAD_scaffold_068602_01G000200","rna","C2-",2,"negative"
"rna__TraesCAD_scaffold_139319_01G000200","TraesCAD_scaffold_139319_01G000200","rna","C1+",1,"positive"
"rna__TraesCAD_scaffold_007943_01G000500","TraesCAD_scaffold_007943_01G000500","rna","C2-",2,"negative"
"rna__TraesCAD_scaffold_018010_01G000300","TraesCAD_scaffold_018010_01G000300","rna","C2-",2,"negative"
"rna__TraesCAD_scaffold_066075_01G000200","TraesCAD_scaffold_066075_01G000200","rna","C2-",2,"negative"
"rna__TraesCAD_scaffold_001342_01G000100","TraesCAD_scaffold_001342_01G000100","rna","C2-",2,"negative"
"rna__TraesCAD_scaffold_038208_01G000200","TraesCAD_scaffold_038208_01G000200","rna","C1-",1,"negative"
"rna__TraesCAD_scaffold_150149_01G000100","TraesCAD_scaffold_150149_01G000100","rna","C2-",2,"negative"
"rna__TraesCAD_scaffold_009145_01G000200","TraesCAD_scaffold_009145_01G000200","rna","C1+",1,"positive"
"rna__TraesCAD_scaffold_104099_01G000100","TraesCAD_scaffold_104099_01G000100","rna","C2-",2,"negative"
"rna__TraesCAD_scaffold_072583_01G000200","TraesCAD_scaffold_072583_01G000200","rna","C2-",2,"negative"
"rna__TraesCAD_scaffold_127211_01G000100","TraesCAD_scaffold_127211_01G000100","rna","C2+",2,"positive"
"rna__TraesCAD_scaffold_103730_01G000200","TraesCAD_scaffold_103730_01G000200","rna","C1+",1,"positive"
"rna__TraesCAD_scaffold_112622_01G000100","TraesCAD_scaffold_112622_01G000100","rna","C2+",2,"positive"
"rna__TraesCAD_scaffold_035515_01G000600","TraesCAD_scaffold_035515_01G000600","rna","C2-",2,"negative"
"rna__TraesCAD_scaffold_096950_01G000200","TraesCAD_scaffold_096950_01G000200","rna","C1+",1,"positive"
"rna__TraesCAD_scaffold_009504_01G001400","TraesCAD_scaffold_009504_01G001400","rna","C1-",1,"negative"
"rna__TraesCAD_scaffold_014294_01G000400","TraesCAD_scaffold_014294_01G000400","rna","C2-",2,"negative"
"rna__TraesCAD_scaffold_004953_01G000300","TraesCAD_scaffold_004953_01G000300","rna","C2-",2,"negative"
"rna__TraesCAD_scaffold_000524_01G000900","TraesCAD_scaffold_000524_01G000900","rna","C1+",1,"positive"
"rna__TraesCAD_scaffold_040961_01G000300","TraesCAD_scaffold_040961_01G000300","rna","C1+",1,"positive"
"rna__TraesCAD_scaffold_062650_01G000200","TraesCAD_scaffold_062650_01G000200","rna","C1+",1,"positive"
"rna__TraesCAD_scaffold_018816_01G000100","TraesCAD_scaffold_018816_01G000100","rna","C2+",2,"positive"
"rna__TraesCAD_scaffold_024267_01G000200","TraesCAD_scaffold_024267_01G000200","rna","C1+",1,"positive"
"rna__TraesCAD_scaffold_049302_01G000100","TraesCAD_scaffold_049302_01G000100","rna","C1+",1,"positive"
"rna__TraesCAD_scaffold_112978_01G000100","TraesCAD_scaffold_112978_01G000100","rna","C2-",2,"negative"
"rna__TraesCAD_scaffold_036569_01G000400","TraesCAD_scaffold_036569_01G000400","rna","C1+",1,"positive"
"rna__TraesCAD_scaffold_040522_01G000200","TraesCAD_scaffold_040522_01G000200","rna","C1+",1,"positive"
"rna__TraesCAD_scaffold_010681_01G000100","TraesCAD_scaffold_010681_01G000100","rna","C1+",1,"positive"
"rna__TraesCAD_scaffold_142241_01G000100","TraesCAD_scaffold_142241_01G000100","rna","C2-",2,"negative"
"rna__TraesCAD_scaffold_008279_01G000100","TraesCAD_scaffold_008279_01G000100","rna","C1+",1,"positive"
"rna__TraesCAD_scaffold_020926_01G000200","TraesCAD_scaffold_020926_01G000200","rna","C1+",1,"positive"
"rna__TraesCAD_scaffold_063667_01G000100","TraesCAD_scaffold_063667_01G000100","rna","C1+",1,"positive"
"rna__TraesCAD_scaffold_005419_01G000500","TraesCAD_scaffold_005419_01G000500","rna","C2-",2,"negative"
"rna__TraesCAD_scaffold_059799_01G000100","TraesCAD_scaffold_059799_01G000100","rna","C1-",1,"negative"
"rna__TraesCAD_scaffold_000165_01G000100","TraesCAD_scaffold_000165_01G000100","rna","C1+",1,"positive"
"rna__TraesCAD_scaffold_035955_01G000100","TraesCAD_scaffold_035955_01G000100","rna","C1-",1,"negative"
"rna__TraesCAD_scaffold_018292_01G000200","TraesCAD_scaffold_018292_01G000200","rna","C1+",1,"positive"
"rna__TraesCAD_scaffold_093239_01G000200","TraesCAD_scaffold_093239_01G000200","rna","C2-",2,"negative"
"rna__TraesCAD_scaffold_009481_01G000200","TraesCAD_scaffold_009481_01G000200","rna","C1+",1,"positive"
"rna__TraesCAD_scaffold_051953_01G000400","TraesCAD_scaffold_051953_01G000400","rna","C2-",2,"negative"
"rna__TraesCAD_scaffold_374997_01G000100","TraesCAD_scaffold_374997_01G000100","rna","C1-",1,"negative"
"rna__TraesCAD_scaffold_060493_01G000200","TraesCAD_scaffold_060493_01G000200","rna","C1+",1,"positive"
"rna__TraesCAD_scaffold_009264_01G000600","TraesCAD_scaffold_009264_01G000600","rna","C1+",1,"positive"
"rna__TraesCAD_scaffold_014694_01G000200","TraesCAD_scaffold_014694_01G000200","rna","C1+",1,"positive"
"rna__TraesCAD_scaffold_062520_01G000100","TraesCAD_scaffold_062520_01G000100","rna","C2+",2,"positive"
"rna__TraesCAD_scaffold_082992_01G000200","TraesCAD_scaffold_082992_01G000200","rna","C2-",2,"negative"
"rna__TraesCAD_scaffold_008185_01G000500","TraesCAD_scaffold_008185_01G000500","rna","C1+",1,"positive"
"rna__TraesCAD_scaffold_121178_01G000100","TraesCAD_scaffold_121178_01G000100","rna","C1-",1,"negative"
"rna__TraesCAD_scaffold_021327_01G000400","TraesCAD_scaffold_021327_01G000400","rna","C2+",2,"positive"
"rna__TraesCAD_scaffold_030585_01G000100","TraesCAD_scaffold_030585_01G000100","rna","C1-",1,"negative"
"rna__TraesCAD_scaffold_046359_01G000500","TraesCAD_scaffold_046359_01G000500","rna","C2-",2,"negative"
"rna__TraesCAD_scaffold_092641_01G000100","TraesCAD_scaffold_092641_01G000100","rna","C1+",1,"positive"
"rna__TraesCAD_scaffold_068600_01G000100","TraesCAD_scaffold_068600_01G000100","rna","C1+",1,"positive"
"rna__TraesCAD_scaffold_025493_01G000200","TraesCAD_scaffold_025493_01G000200","rna","C2-",2,"negative"
"rna__TraesCAD_scaffold_008760_01G000400","TraesCAD_scaffold_008760_01G000400","rna","C2+",2,"positive"
"rna__TraesCAD_scaffold_002482_01G000300","TraesCAD_scaffold_002482_01G000300","rna","C1-",1,"negative"
"rna__TraesCAD_scaffold_003127_01G000800","TraesCAD_scaffold_003127_01G000800","rna","C1+",1,"positive"
"rna__TraesCAD_scaffold_003092_01G000300","TraesCAD_scaffold_003092_01G000300","rna","C1+",1,"positive"
"rna__TraesCAD_scaffold_011685_01G000400","TraesCAD_scaffold_011685_01G000400","rna","C1+",1,"positive"
"rna__TraesCAD_scaffold_098712_01G000100","TraesCAD_scaffold_098712_01G000100","rna","C1-",1,"negative"
"rna__TraesCAD_scaffold_001342_01G000500","TraesCAD_scaffold_001342_01G000500","rna","C1+",1,"positive"
"rna__TraesCAD_scaffold_057742_01G000200","TraesCAD_scaffold_057742_01G000200","rna","C2-",2,"negative"
"rna__TraesCAD_scaffold_003918_01G000100","TraesCAD_scaffold_003918_01G000100","rna","C1-",1,"negative"
"rna__TraesCAD_scaffold_009577_01G000100","TraesCAD_scaffold_009577_01G000100","rna","C1+",1,"positive"
"rna__TraesCAD_scaffold_010548_01G000300","TraesCAD_scaffold_010548_01G000300","rna","C2-",2,"negative"
"rna__TraesCAD_scaffold_048508_01G000600","TraesCAD_scaffold_048508_01G000600","rna","C1-",1,"negative"
"rna__TraesCAD_scaffold_079419_01G000100","TraesCAD_scaffold_079419_01G000100","rna","C2+",2,"positive"
"rna__TraesCAD_scaffold_083965_01G000200","TraesCAD_scaffold_083965_01G000200","rna","C2+",2,"positive"
"rna__TraesCAD_scaffold_003131_01G000200","TraesCAD_scaffold_003131_01G000200","rna","C2-",2,"negative"
"rna__TraesCAD_scaffold_013334_01G000700","TraesCAD_scaffold_013334_01G000700","rna","C1+",1,"positive"
"rna__TraesCAD_scaffold_131794_01G000100","TraesCAD_scaffold_131794_01G000100","rna","C1+",1,"positive"
"rna__TraesCAD_scaffold_001357_01G000400","TraesCAD_scaffold_001357_01G000400","rna","C2-",2,"negative"
"rna__TraesCAD_scaffold_019382_01G000600","TraesCAD_scaffold_019382_01G000600","rna","C1+",1,"positive"
"rna__TraesCAD_scaffold_461837_01G000100","TraesCAD_scaffold_461837_01G000100","rna","C1-",1,"negative"
"rna__TraesCAD_scaffold_002505_01G000200","TraesCAD_scaffold_002505_01G000200","rna","C1-",1,"negative"
"rna__TraesCAD_scaffold_076444_01G000200","TraesCAD_scaffold_076444_01G000200","rna","C1+",1,"positive"
"rna__TraesCAD_scaffold_029843_01G000400","TraesCAD_scaffold_029843_01G000400","rna","C1+",1,"positive"
"rna__TraesCAD_scaffold_024316_01G000100","TraesCAD_scaffold_024316_01G000100","rna","C1+",1,"positive"
"rna__TraesCAD_scaffold_001691_01G000600","TraesCAD_scaffold_001691_01G000600","rna","C2-",2,"negative"
"rna__TraesCAD_scaffold_004054_01G000300","TraesCAD_scaffold_004054_01G000300","rna","C2-",2,"negative"
"rna__TraesCAD_scaffold_029359_01G000100","TraesCAD_scaffold_029359_01G000100","rna","C2+",2,"positive"
"rna__TraesCAD_scaffold_058389_01G000100","TraesCAD_scaffold_058389_01G000100","rna","C2-",2,"negative"
"rna__TraesCAD_scaffold_044280_01G000200","TraesCAD_scaffold_044280_01G000200","rna","C2-",2,"negative"
"rna__TraesCAD_scaffold_031460_01G000100","TraesCAD_scaffold_031460_01G000100","rna","C2-",2,"negative"
"rna__TraesCAD_scaffold_029931_01G000100","TraesCAD_scaffold_029931_01G000100","rna","C2+",2,"positive"
"rna__TraesCAD_scaffold_023766_01G000300","TraesCAD_scaffold_023766_01G000300","rna","C2+",2,"positive"
"rna__TraesCAD_scaffold_008542_01G000200","TraesCAD_scaffold_008542_01G000200","rna","C1+",1,"positive"
"rna__TraesCAD_scaffold_005235_01G000100","TraesCAD_scaffold_005235_01G000100","rna","C2-",2,"negative"
"rna__TraesCAD_scaffold_022005_01G000100","TraesCAD_scaffold_022005_01G000100","rna","C1-",1,"negative"
"rna__TraesCAD_scaffold_284614_01G000100","TraesCAD_scaffold_284614_01G000100","rna","C1-",1,"negative"
"rna__TraesCAD_scaffold_075350_01G000100","TraesCAD_scaffold_075350_01G000100","rna","C1+",1,"positive"
"rna__TraesCAD_scaffold_049090_01G000200","TraesCAD_scaffold_049090_01G000200","rna","C1-",1,"negative"
"rna__TraesCAD_scaffold_034223_01G000200","TraesCAD_scaffold_034223_01G000200","rna","C1-",1,"negative"
"rna__TraesCAD_scaffold_707343_01G000100","TraesCAD_scaffold_707343_01G000100","rna","C1-",1,"negative"
"rna__TraesCAD_scaffold_007152_01G000100","TraesCAD_scaffold_007152_01G000100","rna","C2+",2,"positive"
"rna__TraesCAD_scaffold_005860_01G000100","TraesCAD_scaffold_005860_01G000100","rna","C1-",1,"negative"
"rna__TraesCAD_scaffold_072335_01G000100","TraesCAD_scaffold_072335_01G000100","rna","C1+",1,"positive"
"rna__TraesCAD_scaffold_040974_01G000100","TraesCAD_scaffold_040974_01G000100","rna","C2-",2,"negative"
"rna__TraesCAD_scaffold_125319_01G000100","TraesCAD_scaffold_125319_01G000100","rna","C2-",2,"negative"
"rna__TraesCAD_scaffold_023838_01G000200","TraesCAD_scaffold_023838_01G000200","rna","C1+",1,"positive"
"rna__TraesCAD_scaffold_037411_01G000200","TraesCAD_scaffold_037411_01G000200","rna","C1+",1,"positive"
"rna__TraesCAD_scaffold_047283_01G000100","TraesCAD_scaffold_047283_01G000100","rna","C2+",2,"positive"
"rna__TraesCAD_scaffold_044142_01G000800","TraesCAD_scaffold_044142_01G000800","rna","C1+",1,"positive"
"rna__TraesCAD_scaffold_085343_01G000200","TraesCAD_scaffold_085343_01G000200","rna","C1+",1,"positive"
"rna__TraesCAD_scaffold_094225_01G000200","TraesCAD_scaffold_094225_01G000200","rna","C2+",2,"positive"
"rna__TraesCAD_scaffold_039763_01G000400","TraesCAD_scaffold_039763_01G000400","rna","C1+",1,"positive"
"rna__TraesCAD_scaffold_016154_01G000100","TraesCAD_scaffold_016154_01G000100","rna","C2+",2,"positive"
"rna__TraesCAD_scaffold_044426_01G000100","TraesCAD_scaffold_044426_01G000100","rna","C2+",2,"positive"
"rna__TraesCAD_scaffold_096412_01G000400","TraesCAD_scaffold_096412_01G000400","rna","C2-",2,"negative"
"rna__TraesCAD_scaffold_017217_01G000700","TraesCAD_scaffold_017217_01G000700","rna","C2-",2,"negative"
"rna__TraesCAD_scaffold_016249_01G000300","TraesCAD_scaffold_016249_01G000300","rna","C1+",1,"positive"
"rna__TraesCAD_scaffold_053598_01G000300","TraesCAD_scaffold_053598_01G000300","rna","C2-",2,"negative"
"rna__TraesCAD_scaffold_039535_01G000100","TraesCAD_scaffold_039535_01G000100","rna","C1-",1,"negative"
"rna__TraesCAD_scaffold_087937_01G000100","TraesCAD_scaffold_087937_01G000100","rna","C1+",1,"positive"
"rna__TraesCAD_scaffold_033204_01G000300","TraesCAD_scaffold_033204_01G000300","rna","C1+",1,"positive"
"rna__TraesCAD_scaffold_014419_01G000100","TraesCAD_scaffold_014419_01G000100","rna","C2-",2,"negative"
"rna__TraesCAD_scaffold_088519_01G000100","TraesCAD_scaffold_088519_01G000100","rna","C1+",1,"positive"
"rna__TraesCAD_scaffold_124735_01G000100","TraesCAD_scaffold_124735_01G000100","rna","C2+",2,"positive"
"rna__TraesCAD_scaffold_064500_01G000300","TraesCAD_scaffold_064500_01G000300","rna","C1+",1,"positive"
"rna__TraesCAD_scaffold_013779_01G000200","TraesCAD_scaffold_013779_01G000200","rna","C1+",1,"positive"
"rna__TraesCAD_scaffold_068367_01G000100","TraesCAD_scaffold_068367_01G000100","rna","C1+",1,"positive"
"rna__TraesCAD_scaffold_028048_01G000400","TraesCAD_scaffold_028048_01G000400","rna","C1+",1,"positive"
"rna__TraesCAD_scaffold_042685_01G000100","TraesCAD_scaffold_042685_01G000100","rna","C2+",2,"positive"
"rna__TraesCAD_scaffold_047628_01G000200","TraesCAD_scaffold_047628_01G000200","rna","C2+",2,"positive"
"rna__TraesCAD_scaffold_051182_01G000100","TraesCAD_scaffold_051182_01G000100","rna","C1+",1,"positive"
"rna__TraesCAD_scaffold_009125_01G000200","TraesCAD_scaffold_009125_01G000200","rna","C2+",2,"positive"
"rna__TraesCAD_scaffold_057634_01G000100","TraesCAD_scaffold_057634_01G000100","rna","C2+",2,"positive"
"rna__TraesCAD_scaffold_072501_01G000100","TraesCAD_scaffold_072501_01G000100","rna","C1-",1,"negative"
"rna__TraesCAD_scaffold_042449_01G000200","TraesCAD_scaffold_042449_01G000200","rna","C2-",2,"negative"
"rna__TraesCAD_scaffold_035153_01G000200","TraesCAD_scaffold_035153_01G000200","rna","C1+",1,"positive"
"rna__TraesCAD_scaffold_036549_01G000400","TraesCAD_scaffold_036549_01G000400","rna","C1-",1,"negative"
"rna__TraesCAD_scaffold_002486_01G000400","TraesCAD_scaffold_002486_01G000400","rna","C1+",1,"positive"
"rna__TraesCAD_scaffold_072455_01G000100","TraesCAD_scaffold_072455_01G000100","rna","C1-",1,"negative"
"rna__TraesCAD_scaffold_023171_01G000100","TraesCAD_scaffold_023171_01G000100","rna","C1+",1,"positive"
"rna__TraesCAD_scaffold_065035_01G000100","TraesCAD_scaffold_065035_01G000100","rna","C1-",1,"negative"
"rna__TraesCAD_scaffold_010548_01G000200","TraesCAD_scaffold_010548_01G000200","rna","C2-",2,"negative"
"rna__TraesCAD_scaffold_048195_01G000100","TraesCAD_scaffold_048195_01G000100","rna","C1-",1,"negative"
"rna__TraesCAD_scaffold_103750_01G000200","TraesCAD_scaffold_103750_01G000200","rna","C1-",1,"negative"
"rna__TraesCAD_scaffold_119973_01G000200","TraesCAD_scaffold_119973_01G000200","rna","C1+",1,"positive"
"rna__TraesCAD_scaffold_044575_01G000100","TraesCAD_scaffold_044575_01G000100","rna","C1+",1,"positive"
"rna__TraesCAD_scaffold_059462_01G000100","TraesCAD_scaffold_059462_01G000100","rna","C1-",1,"negative"
"rna__TraesCAD_scaffold_034487_01G000300","TraesCAD_scaffold_034487_01G000300","rna","C1+",1,"positive"
"rna__TraesCAD_scaffold_007210_01G000100","TraesCAD_scaffold_007210_01G000100","rna","C2-",2,"negative"
"rna__TraesCAD_scaffold_036205_01G000300","TraesCAD_scaffold_036205_01G000300","rna","C2+",2,"positive"
"rna__TraesCAD_scaffold_068184_01G000100","TraesCAD_scaffold_068184_01G000100","rna","C1+",1,"positive"
"rna__TraesCAD_scaffold_072111_01G000200","TraesCAD_scaffold_072111_01G000200","rna","C2-",2,"negative"
"rna__TraesCAD_scaffold_006809_01G000600","TraesCAD_scaffold_006809_01G000600","rna","C1+",1,"positive"
"rna__TraesCAD_scaffold_022656_01G000100","TraesCAD_scaffold_022656_01G000100","rna","C1+",1,"positive"
"rna__TraesCAD_scaffold_037839_01G000200","TraesCAD_scaffold_037839_01G000200","rna","C2-",2,"negative"
"rna__TraesCAD_scaffold_043541_01G000100","TraesCAD_scaffold_043541_01G000100","rna","C1+",1,"positive"
"rna__TraesCAD_scaffold_092010_01G000100","TraesCAD_scaffold_092010_01G000100","rna","C1+",1,"positive"
"rna__TraesCAD_scaffold_082685_01G000100","TraesCAD_scaffold_082685_01G000100","rna","C2-",2,"negative"
"rna__TraesCAD_scaffold_113217_01G000100","TraesCAD_scaffold_113217_01G000100","rna","C2+",2,"positive"
"rna__TraesCAD_scaffold_019141_01G000200","TraesCAD_scaffold_019141_01G000200","rna","C1+",1,"positive"
"rna__TraesCAD_scaffold_039755_01G000100","TraesCAD_scaffold_039755_01G000100","rna","C2+",2,"positive"
"rna__TraesCAD_scaffold_075409_01G000100","TraesCAD_scaffold_075409_01G000100","rna","C1-",1,"negative"
"rna__TraesCAD_scaffold_043761_01G000200","TraesCAD_scaffold_043761_01G000200","rna","C1+",1,"positive"
"rna__TraesCAD_scaffold_015031_01G000200","TraesCAD_scaffold_015031_01G000200","rna","C1+",1,"positive"
"rna__TraesCAD_scaffold_057623_01G000200","TraesCAD_scaffold_057623_01G000200","rna","C1+",1,"positive"
"rna__TraesCAD_scaffold_059529_01G000100","TraesCAD_scaffold_059529_01G000100","rna","C1-",1,"negative"
"rna__TraesCAD_scaffold_055851_01G000200","TraesCAD_scaffold_055851_01G000200","rna","C1+",1,"positive"
"rna__TraesCAD_scaffold_140663_01G000200","TraesCAD_scaffold_140663_01G000200","rna","C1+",1,"positive"
"rna__TraesCAD_scaffold_020432_01G000500","TraesCAD_scaffold_020432_01G000500","rna","C1+",1,"positive"
"rna__TraesCAD_scaffold_004294_01G000600","TraesCAD_scaffold_004294_01G000600","rna","C1-",1,"negative"
"rna__TraesCAD_scaffold_041589_01G000200","TraesCAD_scaffold_041589_01G000200","rna","C1+",1,"positive"
"rna__TraesCAD_scaffold_085386_01G000100","TraesCAD_scaffold_085386_01G000100","rna","C1-",1,"negative"
"rna__TraesCAD_scaffold_019185_01G000100","TraesCAD_scaffold_019185_01G000100","rna","C2+",2,"positive"
"rna__TraesCAD_scaffold_048240_01G000300","TraesCAD_scaffold_048240_01G000300","rna","C1+",1,"positive"
"rna__TraesCAD_scaffold_091989_01G000100","TraesCAD_scaffold_091989_01G000100","rna","C2+",2,"positive"
"rna__TraesCAD_scaffold_048500_01G000500","TraesCAD_scaffold_048500_01G000500","rna","C2-",2,"negative"
"rna__TraesCAD_scaffold_008172_01G000200","TraesCAD_scaffold_008172_01G000200","rna","C1+",1,"positive"
"rna__TraesCAD_scaffold_083170_01G000100","TraesCAD_scaffold_083170_01G000100","rna","C1+",1,"positive"
"rna__TraesCAD_scaffold_042639_01G000300","TraesCAD_scaffold_042639_01G000300","rna","C2-",2,"negative"
"rna__TraesCAD_scaffold_055053_01G000200","TraesCAD_scaffold_055053_01G000200","rna","C2+",2,"positive"
"rna__TraesCAD_scaffold_001363_01G000100","TraesCAD_scaffold_001363_01G000100","rna","C1+",1,"positive"
"rna__TraesCAD_scaffold_033458_01G000200","TraesCAD_scaffold_033458_01G000200","rna","C1+",1,"positive"
"rna__TraesCAD_scaffold_007210_01G000200","TraesCAD_scaffold_007210_01G000200","rna","C2-",2,"negative"
"rna__TraesCAD_scaffold_085889_01G000100","TraesCAD_scaffold_085889_01G000100","rna","C1+",1,"positive"
"rna__TraesCAD_scaffold_077055_01G000100","TraesCAD_scaffold_077055_01G000100","rna","C1+",1,"positive"
"rna__TraesCAD_scaffold_050403_01G000100","TraesCAD_scaffold_050403_01G000100","rna","C1+",1,"positive"
"rna__TraesCAD_scaffold_072718_01G000300","TraesCAD_scaffold_072718_01G000300","rna","C2+",2,"positive"
"rna__TraesCAD_scaffold_119873_01G000100","TraesCAD_scaffold_119873_01G000100","rna","C2-",2,"negative"
"rna__TraesCAD_scaffold_022057_01G000100","TraesCAD_scaffold_022057_01G000100","rna","C1+",1,"positive"
"rna__TraesCAD_scaffold_051728_01G000100","TraesCAD_scaffold_051728_01G000100","rna","C1+",1,"positive"
"rna__TraesCAD_scaffold_086703_01G000200","TraesCAD_scaffold_086703_01G000200","rna","C1+",1,"positive"
"rna__TraesCAD_scaffold_030221_01G000100","TraesCAD_scaffold_030221_01G000100","rna","C1+",1,"positive"
"rna__TraesCAD_scaffold_014474_01G000300","TraesCAD_scaffold_014474_01G000300","rna","C1-",1,"negative"
"rna__TraesCAD_scaffold_014261_01G000300","TraesCAD_scaffold_014261_01G000300","rna","C2-",2,"negative"
"rna__TraesCAD_scaffold_070666_01G000100","TraesCAD_scaffold_070666_01G000100","rna","C1-",1,"negative"
"rna__TraesCAD_scaffold_035013_01G000100","TraesCAD_scaffold_035013_01G000100","rna","C2+",2,"positive"
"rna__TraesCAD_scaffold_062022_01G000100","TraesCAD_scaffold_062022_01G000100","rna","C2+",2,"positive"
"rna__TraesCAD_scaffold_077717_01G000700","TraesCAD_scaffold_077717_01G000700","rna","C1+",1,"positive"
"rna__TraesCAD_scaffold_050913_01G000300","TraesCAD_scaffold_050913_01G000300","rna","C1+",1,"positive"
"rna__TraesCAD_scaffold_039707_01G000300","TraesCAD_scaffold_039707_01G000300","rna","C1+",1,"positive"
"rna__TraesCAD_scaffold_018818_01G000400","TraesCAD_scaffold_018818_01G000400","rna","C1+",1,"positive"
"rna__TraesCAD_scaffold_023645_01G000100","TraesCAD_scaffold_023645_01G000100","rna","C1+",1,"positive"
"rna__TraesCAD_scaffold_113450_01G000100","TraesCAD_scaffold_113450_01G000100","rna","C2-",2,"negative"
"rna__TraesCAD_scaffold_075896_01G000200","TraesCAD_scaffold_075896_01G000200","rna","C1+",1,"positive"
"rna__TraesCAD_scaffold_122117_01G000100","TraesCAD_scaffold_122117_01G000100","rna","C1+",1,"positive"
"rna__TraesCAD_scaffold_082537_01G000100","TraesCAD_scaffold_082537_01G000100","rna","C2+",2,"positive"
"rna__TraesCAD_scaffold_034723_01G000300","TraesCAD_scaffold_034723_01G000300","rna","C1+",1,"positive"
"rna__TraesCAD_scaffold_019199_01G001000","TraesCAD_scaffold_019199_01G001000","rna","C1+",1,"positive"
"rna__TraesCAD_scaffold_095755_01G000300","TraesCAD_scaffold_095755_01G000300","rna","C2-",2,"negative"
"rna__TraesCAD_scaffold_116497_01G000100","TraesCAD_scaffold_116497_01G000100","rna","C1+",1,"positive"
"rna__TraesCAD_scaffold_063835_01G000200","TraesCAD_scaffold_063835_01G000200","rna","C2-",2,"negative"
"rna__TraesCAD_scaffold_012485_01G000400","TraesCAD_scaffold_012485_01G000400","rna","C1-",1,"negative"
"rna__TraesCAD_scaffold_078633_01G000200","TraesCAD_scaffold_078633_01G000200","rna","C1+",1,"positive"
"rna__TraesCAD_scaffold_057564_01G000400","TraesCAD_scaffold_057564_01G000400","rna","C1+",1,"positive"
"rna__TraesCAD_scaffold_032116_01G000200","TraesCAD_scaffold_032116_01G000200","rna","C1-",1,"negative"
"rna__TraesCAD_scaffold_047240_01G000300","TraesCAD_scaffold_047240_01G000300","rna","C1+",1,"positive"
"rna__TraesCAD_scaffold_000670_01G000500","TraesCAD_scaffold_000670_01G000500","rna","C1+",1,"positive"
"rna__TraesCAD_scaffold_070133_01G000100","TraesCAD_scaffold_070133_01G000100","rna","C2-",2,"negative"
"rna__TraesCAD_scaffold_046224_01G000100","TraesCAD_scaffold_046224_01G000100","rna","C1+",1,"positive"
"rna__TraesCAD_scaffold_069231_01G000100","TraesCAD_scaffold_069231_01G000100","rna","C2+",2,"positive"
"rna__TraesCAD_scaffold_089151_01G000100","TraesCAD_scaffold_089151_01G000100","rna","C1+",1,"positive"
"rna__TraesCAD_scaffold_068388_01G000200","TraesCAD_scaffold_068388_01G000200","rna","C1+",1,"positive"
"rna__TraesCAD_scaffold_156432_01G000100","TraesCAD_scaffold_156432_01G000100","rna","C1+",1,"positive"
"rna__TraesCAD_scaffold_015736_01G000200","TraesCAD_scaffold_015736_01G000200","rna","C2+",2,"positive"
"rna__TraesCAD_scaffold_021248_01G000100","TraesCAD_scaffold_021248_01G000100","rna","C1+",1,"positive"
"rna__TraesCAD_scaffold_042661_01G000300","TraesCAD_scaffold_042661_01G000300","rna","C1+",1,"positive"
"rna__TraesCAD_scaffold_018210_01G000300","TraesCAD_scaffold_018210_01G000300","rna","C2-",2,"negative"
"rna__TraesCAD_scaffold_044461_01G000100","TraesCAD_scaffold_044461_01G000100","rna","C1+",1,"positive"
"rna__TraesCAD_scaffold_021801_01G000100","TraesCAD_scaffold_021801_01G000100","rna","C1+",1,"positive"
"rna__TraesCAD_scaffold_040461_01G000400","TraesCAD_scaffold_040461_01G000400","rna","C2-",2,"negative"
"rna__TraesCAD_scaffold_034368_01G000100","TraesCAD_scaffold_034368_01G000100","rna","C2-",2,"negative"
"rna__TraesCAD_scaffold_122424_01G000300","TraesCAD_scaffold_122424_01G000300","rna","C1+",1,"positive"
"rna__TraesCAD_scaffold_148396_01G000300","TraesCAD_scaffold_148396_01G000300","rna","C2+",2,"positive"
"rna__TraesCAD_scaffold_005267_01G000300","TraesCAD_scaffold_005267_01G000300","rna","C2-",2,"negative"
"rna__TraesCAD_scaffold_008372_01G000100","TraesCAD_scaffold_008372_01G000100","rna","C2-",2,"negative"
"rna__TraesCAD_scaffold_063114_01G000300","TraesCAD_scaffold_063114_01G000300","rna","C1+",1,"positive"
"rna__TraesCAD_scaffold_100158_01G000300","TraesCAD_scaffold_100158_01G000300","rna","C1+",1,"positive"
"rna__TraesCAD_scaffold_023436_01G000400","TraesCAD_scaffold_023436_01G000400","rna","C2-",2,"negative"
"rna__TraesCAD_scaffold_089360_01G000100","TraesCAD_scaffold_089360_01G000100","rna","C2+",2,"positive"
"rna__TraesCAD_scaffold_009863_01G000100","TraesCAD_scaffold_009863_01G000100","rna","C2+",2,"positive"
"rna__TraesCAD_scaffold_012019_01G000200","TraesCAD_scaffold_012019_01G000200","rna","C2+",2,"positive"
"rna__TraesCAD_scaffold_016408_01G000200","TraesCAD_scaffold_016408_01G000200","rna","C1+",1,"positive"
"rna__TraesCAD_scaffold_161577_01G000200","TraesCAD_scaffold_161577_01G000200","rna","C1-",1,"negative"
"rna__TraesCAD_scaffold_031415_01G000300","TraesCAD_scaffold_031415_01G000300","rna","C2-",2,"negative"
"rna__TraesCAD_scaffold_073280_01G000100","TraesCAD_scaffold_073280_01G000100","rna","C1+",1,"positive"
"rna__TraesCAD_scaffold_021221_01G000100","TraesCAD_scaffold_021221_01G000100","rna","C2+",2,"positive"
"rna__TraesCAD_scaffold_013957_01G000400","TraesCAD_scaffold_013957_01G000400","rna","C1-",1,"negative"
"rna__TraesCAD_scaffold_060496_01G000100","TraesCAD_scaffold_060496_01G000100","rna","C1+",1,"positive"
"rna__TraesCAD_scaffold_039756_01G000100","TraesCAD_scaffold_039756_01G000100","rna","C1-",1,"negative"
"rna__TraesCAD_scaffold_034880_01G000200","TraesCAD_scaffold_034880_01G000200","rna","C1-",1,"negative"
"rna__TraesCAD_scaffold_015655_01G000200","TraesCAD_scaffold_015655_01G000200","rna","C2-",2,"negative"
"rna__TraesCAD_scaffold_003022_01G000200","TraesCAD_scaffold_003022_01G000200","rna","C2-",2,"negative"
"rna__TraesCAD_scaffold_096243_01G000200","TraesCAD_scaffold_096243_01G000200","rna","C2-",2,"negative"
"rna__TraesCAD_scaffold_077669_01G000300","TraesCAD_scaffold_077669_01G000300","rna","C1+",1,"positive"
"rna__TraesCAD_scaffold_015733_01G000200","TraesCAD_scaffold_015733_01G000200","rna","C1+",1,"positive"
"rna__TraesCAD_scaffold_028699_01G000300","TraesCAD_scaffold_028699_01G000300","rna","C2+",2,"positive"
"rna__TraesCAD_scaffold_009211_01G000500","TraesCAD_scaffold_009211_01G000500","rna","C2+",2,"positive"
"rna__TraesCAD_scaffold_090339_01G000100","TraesCAD_scaffold_090339_01G000100","rna","C1+",1,"positive"
"rna__TraesCAD_scaffold_142223_01G000100","TraesCAD_scaffold_142223_01G000100","rna","C2-",2,"negative"
"rna__TraesCAD_scaffold_151919_01G000100","TraesCAD_scaffold_151919_01G000100","rna","C2+",2,"positive"
"rna__TraesCAD_scaffold_023592_01G000500","TraesCAD_scaffold_023592_01G000500","rna","C2-",2,"negative"
"rna__TraesCAD_scaffold_005129_01G000200","TraesCAD_scaffold_005129_01G000200","rna","C1+",1,"positive"
"rna__TraesCAD_scaffold_134692_01G000100","TraesCAD_scaffold_134692_01G000100","rna","C2-",2,"negative"
"rna__TraesCAD_scaffold_014309_01G000200","TraesCAD_scaffold_014309_01G000200","rna","C1+",1,"positive"
"rna__TraesCAD_scaffold_421968_01G000100","TraesCAD_scaffold_421968_01G000100","rna","C1-",1,"negative"
"rna__TraesCAD_scaffold_017811_01G000200","TraesCAD_scaffold_017811_01G000200","rna","C1-",1,"negative"
"rna__TraesCAD_scaffold_458666_01G000100","TraesCAD_scaffold_458666_01G000100","rna","C1-",1,"negative"
"rna__TraesCAD_scaffold_002471_01G000300","TraesCAD_scaffold_002471_01G000300","rna","C1+",1,"positive"
"rna__TraesCAD_scaffold_034403_01G000100","TraesCAD_scaffold_034403_01G000100","rna","C1+",1,"positive"
"rna__TraesCAD_scaffold_081559_01G000100","TraesCAD_scaffold_081559_01G000100","rna","C1+",1,"positive"
"rna__TraesCAD_scaffold_024572_01G000500","TraesCAD_scaffold_024572_01G000500","rna","C1+",1,"positive"
"rna__TraesCAD_scaffold_031937_01G000100","TraesCAD_scaffold_031937_01G000100","rna","C1+",1,"positive"
"rna__TraesCAD_scaffold_057590_01G000100","TraesCAD_scaffold_057590_01G000100","rna","C2-",2,"negative"
"rna__TraesCAD_scaffold_012287_01G000100","TraesCAD_scaffold_012287_01G000100","rna","C1-",1,"negative"
"rna__TraesCAD_scaffold_115325_01G000100","TraesCAD_scaffold_115325_01G000100","rna","C2-",2,"negative"
"rna__TraesCAD_scaffold_015969_01G000100","TraesCAD_scaffold_015969_01G000100","rna","C1+",1,"positive"
"rna__TraesCAD_scaffold_071292_01G000300","TraesCAD_scaffold_071292_01G000300","rna","C1+",1,"positive"
"rna__TraesCAD_scaffold_041597_01G000300","TraesCAD_scaffold_041597_01G000300","rna","C1-",1,"negative"
"rna__TraesCAD_scaffold_009552_01G000300","TraesCAD_scaffold_009552_01G000300","rna","C2+",2,"positive"
"rna__TraesCAD_scaffold_110001_01G000200","TraesCAD_scaffold_110001_01G000200","rna","C2-",2,"negative"
"rna__TraesCAD_scaffold_001468_01G000300","TraesCAD_scaffold_001468_01G000300","rna","C2-",2,"negative"
"rna__TraesCAD_scaffold_056530_01G000200","TraesCAD_scaffold_056530_01G000200","rna","C2-",2,"negative"
"rna__TraesCAD_scaffold_062039_01G000200","TraesCAD_scaffold_062039_01G000200","rna","C1+",1,"positive"
"rna__TraesCAD_scaffold_025726_01G000300","TraesCAD_scaffold_025726_01G000300","rna","C2+",2,"positive"
"rna__TraesCAD_scaffold_005880_01G000200","TraesCAD_scaffold_005880_01G000200","rna","C1+",1,"positive"
"rna__TraesCAD_scaffold_125847_01G000100","TraesCAD_scaffold_125847_01G000100","rna","C1+",1,"positive"
"rna__TraesCAD_scaffold_146252_01G000100","TraesCAD_scaffold_146252_01G000100","rna","C1+",1,"positive"
"rna__TraesCAD_scaffold_109816_01G000100","TraesCAD_scaffold_109816_01G000100","rna","C2+",2,"positive"
"rna__TraesCAD_scaffold_064296_01G000300","TraesCAD_scaffold_064296_01G000300","rna","C2+",2,"positive"
"rna__TraesCAD_scaffold_007393_01G000900","TraesCAD_scaffold_007393_01G000900","rna","C1+",1,"positive"
"rna__TraesCAD_scaffold_018147_01G000200","TraesCAD_scaffold_018147_01G000200","rna","C2-",2,"negative"
"rna__TraesCAD_scaffold_051276_01G000200","TraesCAD_scaffold_051276_01G000200","rna","C1+",1,"positive"
"rna__TraesCAD_scaffold_075589_01G000200","TraesCAD_scaffold_075589_01G000200","rna","C2-",2,"negative"
"rna__TraesCAD_scaffold_024519_01G000200","TraesCAD_scaffold_024519_01G000200","rna","C2+",2,"positive"
"rna__TraesCAD_scaffold_000620_01G000200","TraesCAD_scaffold_000620_01G000200","rna","C2-",2,"negative"
"rna__TraesCAD_scaffold_036658_01G000400","TraesCAD_scaffold_036658_01G000400","rna","C1+",1,"positive"
"rna__TraesCAD_scaffold_041426_01G000200","TraesCAD_scaffold_041426_01G000200","rna","C1+",1,"positive"
"rna__TraesCAD_scaffold_013092_01G000100","TraesCAD_scaffold_013092_01G000100","rna","C1+",1,"positive"
"rna__TraesCAD_scaffold_010042_01G000100","TraesCAD_scaffold_010042_01G000100","rna","C1+",1,"positive"
"rna__TraesCAD_scaffold_009305_01G000100","TraesCAD_scaffold_009305_01G000100","rna","C1+",1,"positive"
"rna__TraesCAD_scaffold_079186_01G000100","TraesCAD_scaffold_079186_01G000100","rna","C1+",1,"positive"
"rna__TraesCAD_scaffold_111547_01G000200","TraesCAD_scaffold_111547_01G000200","rna","C1+",1,"positive"
"rna__TraesCAD_scaffold_130435_01G000100","TraesCAD_scaffold_130435_01G000100","rna","C1-",1,"negative"
"rna__TraesCAD_scaffold_006571_01G001600","TraesCAD_scaffold_006571_01G001600","rna","C2-",2,"negative"
"rna__TraesCAD_scaffold_120469_01G000200","TraesCAD_scaffold_120469_01G000200","rna","C1+",1,"positive"
"rna__TraesCAD_scaffold_145107_01G000500","TraesCAD_scaffold_145107_01G000500","rna","C2+",2,"positive"
"rna__TraesCAD_scaffold_071560_01G000300","TraesCAD_scaffold_071560_01G000300","rna","C2+",2,"positive"
"rna__TraesCAD_scaffold_054181_01G000400","TraesCAD_scaffold_054181_01G000400","rna","C2+",2,"positive"
"rna__TraesCAD_scaffold_111122_01G000100","TraesCAD_scaffold_111122_01G000100","rna","C1+",1,"positive"
"rna__TraesCAD_scaffold_088221_01G000200","TraesCAD_scaffold_088221_01G000200","rna","C2+",2,"positive"
"rna__TraesCAD_scaffold_042762_01G000100","TraesCAD_scaffold_042762_01G000100","rna","C2+",2,"positive"
"rna__TraesCAD_scaffold_052808_01G000200","TraesCAD_scaffold_052808_01G000200","rna","C1-",1,"negative"
"rna__TraesCAD_scaffold_018117_01G000700","TraesCAD_scaffold_018117_01G000700","rna","C2-",2,"negative"
"rna__TraesCAD_scaffold_021207_01G000100","TraesCAD_scaffold_021207_01G000100","rna","C1+",1,"positive"
"rna__TraesCAD_scaffold_090228_01G000200","TraesCAD_scaffold_090228_01G000200","rna","C1+",1,"positive"
"rna__TraesCAD_scaffold_030600_01G000400","TraesCAD_scaffold_030600_01G000400","rna","C1-",1,"negative"
"rna__TraesCAD_scaffold_012594_01G000300","TraesCAD_scaffold_012594_01G000300","rna","C1+",1,"positive"
"rna__TraesCAD_scaffold_004067_01G000300","TraesCAD_scaffold_004067_01G000300","rna","C1-",1,"negative"
"rna__TraesCAD_scaffold_026314_01G000100","TraesCAD_scaffold_026314_01G000100","rna","C1-",1,"negative"
"rna__TraesCAD_scaffold_047595_01G000200","TraesCAD_scaffold_047595_01G000200","rna","C2-",2,"negative"
"rna__TraesCAD_scaffold_064348_01G000100","TraesCAD_scaffold_064348_01G000100","rna","C1+",1,"positive"
"rna__TraesCAD_scaffold_008792_01G000500","TraesCAD_scaffold_008792_01G000500","rna","C1+",1,"positive"
"rna__TraesCAD_scaffold_078671_01G000200","TraesCAD_scaffold_078671_01G000200","rna","C2-",2,"negative"
"rna__TraesCAD_scaffold_104171_01G000100","TraesCAD_scaffold_104171_01G000100","rna","C2-",2,"negative"
"rna__TraesCAD_scaffold_032394_01G000200","TraesCAD_scaffold_032394_01G000200","rna","C2-",2,"negative"
"rna__TraesCAD_scaffold_012914_01G000200","TraesCAD_scaffold_012914_01G000200","rna","C2-",2,"negative"
"rna__TraesCAD_scaffold_067364_01G000200","TraesCAD_scaffold_067364_01G000200","rna","C2+",2,"positive"
"rna__TraesCAD_scaffold_075321_01G000100","TraesCAD_scaffold_075321_01G000100","rna","C1+",1,"positive"
"rna__TraesCAD_scaffold_038662_01G000400","TraesCAD_scaffold_038662_01G000400","rna","C1+",1,"positive"
"rna__TraesCAD_scaffold_098738_01G000200","TraesCAD_scaffold_098738_01G000200","rna","C2+",2,"positive"
"rna__TraesCAD_scaffold_036374_01G000300","TraesCAD_scaffold_036374_01G000300","rna","C2+",2,"positive"
"rna__TraesCAD_scaffold_047083_01G000200","TraesCAD_scaffold_047083_01G000200","rna","C1+",1,"positive"
"rna__TraesCAD_scaffold_068052_01G000300","TraesCAD_scaffold_068052_01G000300","rna","C2+",2,"positive"
"rna__TraesCAD_scaffold_094579_01G000100","TraesCAD_scaffold_094579_01G000100","rna","C1-",1,"negative"
"rna__TraesCAD_scaffold_115941_01G000400","TraesCAD_scaffold_115941_01G000400","rna","C1-",1,"negative"
"rna__TraesCAD_scaffold_031174_01G000200","TraesCAD_scaffold_031174_01G000200","rna","C1+",1,"positive"
"rna__TraesCAD_scaffold_007127_01G000300","TraesCAD_scaffold_007127_01G000300","rna","C1+",1,"positive"
"rna__TraesCAD_scaffold_094186_01G000100","TraesCAD_scaffold_094186_01G000100","rna","C1+",1,"positive"
"rna__TraesCAD_scaffold_047010_01G000200","TraesCAD_scaffold_047010_01G000200","rna","C1-",1,"negative"
"rna__TraesCAD_scaffold_110421_01G000200","TraesCAD_scaffold_110421_01G000200","rna","C1+",1,"positive"
"rna__TraesCAD_scaffold_781578_01G000100","TraesCAD_scaffold_781578_01G000100","rna","C1-",1,"negative"
"rna__TraesCAD_scaffold_058352_01G000200","TraesCAD_scaffold_058352_01G000200","rna","C1+",1,"positive"
"rna__TraesCAD_scaffold_078813_01G000100","TraesCAD_scaffold_078813_01G000100","rna","C1-",1,"negative"
"rna__TraesCAD_scaffold_018654_01G001000","TraesCAD_scaffold_018654_01G001000","rna","C2+",2,"positive"
"rna__TraesCAD_scaffold_041314_01G000100","TraesCAD_scaffold_041314_01G000100","rna","C2-",2,"negative"
"rna__TraesCAD_scaffold_085467_01G000100","TraesCAD_scaffold_085467_01G000100","rna","C1-",1,"negative"
"rna__TraesCAD_scaffold_045607_01G000300","TraesCAD_scaffold_045607_01G000300","rna","C1+",1,"positive"
"rna__TraesCAD_scaffold_022301_01G000400","TraesCAD_scaffold_022301_01G000400","rna","C1+",1,"positive"
"rna__TraesCAD_scaffold_071942_01G000200","TraesCAD_scaffold_071942_01G000200","rna","C2+",2,"positive"
"rna__TraesCAD_scaffold_031455_01G000100","TraesCAD_scaffold_031455_01G000100","rna","C2+",2,"positive"
"rna__TraesCAD_scaffold_100081_01G000100","TraesCAD_scaffold_100081_01G000100","rna","C1-",1,"negative"
"rna__TraesCAD_scaffold_036536_01G000100","TraesCAD_scaffold_036536_01G000100","rna","C2-",2,"negative"
"rna__TraesCAD_scaffold_057132_01G000100","TraesCAD_scaffold_057132_01G000100","rna","C1-",1,"negative"
"rna__TraesCAD_scaffold_018210_01G000400","TraesCAD_scaffold_018210_01G000400","rna","C2-",2,"negative"
"rna__TraesCAD_scaffold_000250_01G001200","TraesCAD_scaffold_000250_01G001200","rna","C2+",2,"positive"
"rna__TraesCAD_scaffold_129695_01G000100","TraesCAD_scaffold_129695_01G000100","rna","C1-",1,"negative"
"rna__TraesCAD_scaffold_003824_01G000100","TraesCAD_scaffold_003824_01G000100","rna","C2+",2,"positive"
"rna__TraesCAD_scaffold_003269_01G000400","TraesCAD_scaffold_003269_01G000400","rna","C1-",1,"negative"
"rna__TraesCAD_scaffold_014161_01G001100","TraesCAD_scaffold_014161_01G001100","rna","C2+",2,"positive"
"rna__TraesCAD_scaffold_055095_01G000100","TraesCAD_scaffold_055095_01G000100","rna","C1-",1,"negative"
"rna__TraesCAD_scaffold_051392_01G000300","TraesCAD_scaffold_051392_01G000300","rna","C2+",2,"positive"
"rna__TraesCAD_scaffold_002883_01G000300","TraesCAD_scaffold_002883_01G000300","rna","C1+",1,"positive"
"rna__TraesCAD_scaffold_068826_01G000100","TraesCAD_scaffold_068826_01G000100","rna","C1+",1,"positive"
"rna__TraesCAD_scaffold_053930_01G000200","TraesCAD_scaffold_053930_01G000200","rna","C2+",2,"positive"
"rna__TraesCAD_scaffold_013602_01G000100","TraesCAD_scaffold_013602_01G000100","rna","C2+",2,"positive"
"rna__TraesCAD_scaffold_071389_01G000100","TraesCAD_scaffold_071389_01G000100","rna","C1-",1,"negative"
"rna__TraesCAD_scaffold_034926_01G000300","TraesCAD_scaffold_034926_01G000300","rna","C1+",1,"positive"
"rna__TraesCAD_scaffold_009923_01G000100","TraesCAD_scaffold_009923_01G000100","rna","C1-",1,"negative"
"rna__TraesCAD_scaffold_021064_01G000200","TraesCAD_scaffold_021064_01G000200","rna","C1+",1,"positive"
"rna__TraesCAD_scaffold_000092_01G000200","TraesCAD_scaffold_000092_01G000200","rna","C1-",1,"negative"
"rna__TraesCAD_scaffold_022313_01G000100","TraesCAD_scaffold_022313_01G000100","rna","C1+",1,"positive"
"rna__TraesCAD_scaffold_081919_01G000200","TraesCAD_scaffold_081919_01G000200","rna","C1+",1,"positive"
"rna__TraesCAD_scaffold_002586_01G000100","TraesCAD_scaffold_002586_01G000100","rna","C1+",1,"positive"
"rna__TraesCAD_scaffold_124268_01G000300","TraesCAD_scaffold_124268_01G000300","rna","C2+",2,"positive"
"rna__TraesCAD_scaffold_026600_01G000200","TraesCAD_scaffold_026600_01G000200","rna","C2-",2,"negative"
"rna__TraesCAD_scaffold_086508_01G000100","TraesCAD_scaffold_086508_01G000100","rna","C1+",1,"positive"
"rna__TraesCAD_scaffold_043631_01G000600","TraesCAD_scaffold_043631_01G000600","rna","C1-",1,"negative"
"rna__TraesCAD_scaffold_096690_01G000100","TraesCAD_scaffold_096690_01G000100","rna","C1-",1,"negative"
"rna__TraesCAD_scaffold_012676_01G000400","TraesCAD_scaffold_012676_01G000400","rna","C1+",1,"positive"
"rna__TraesCAD_scaffold_028247_01G000100","TraesCAD_scaffold_028247_01G000100","rna","C1+",1,"positive"
"rna__TraesCAD_scaffold_068168_01G000100","TraesCAD_scaffold_068168_01G000100","rna","C1+",1,"positive"
"rna__TraesCAD_scaffold_053565_01G000200","TraesCAD_scaffold_053565_01G000200","rna","C1+",1,"positive"
"rna__TraesCAD_scaffold_038994_01G000200","TraesCAD_scaffold_038994_01G000200","rna","C1+",1,"positive"
"rna__TraesCAD_scaffold_009017_01G000400","TraesCAD_scaffold_009017_01G000400","rna","C1+",1,"positive"
"rna__TraesCAD_scaffold_006468_01G000200","TraesCAD_scaffold_006468_01G000200","rna","C1+",1,"positive"
"rna__TraesCAD_scaffold_041610_01G000300","TraesCAD_scaffold_041610_01G000300","rna","C2+",2,"positive"
"rna__TraesCAD_scaffold_107895_01G000300","TraesCAD_scaffold_107895_01G000300","rna","C1+",1,"positive"
"rna__TraesCAD_scaffold_013769_01G000200","TraesCAD_scaffold_013769_01G000200","rna","C1+",1,"positive"
"rna__TraesCAD_scaffold_001463_01G000200","TraesCAD_scaffold_001463_01G000200","rna","C1+",1,"positive"
"rna__TraesCAD_scaffold_042776_01G000100","TraesCAD_scaffold_042776_01G000100","rna","C2-",2,"negative"
"rna__TraesCAD_scaffold_007903_01G000500","TraesCAD_scaffold_007903_01G000500","rna","C2+",2,"positive"
"rna__TraesCAD_scaffold_067222_01G000100","TraesCAD_scaffold_067222_01G000100","rna","C1+",1,"positive"
"rna__TraesCAD_scaffold_023223_01G000100","TraesCAD_scaffold_023223_01G000100","rna","C1+",1,"positive"
"rna__TraesCAD_scaffold_040027_01G000100","TraesCAD_scaffold_040027_01G000100","rna","C1+",1,"positive"
"rna__TraesCAD_scaffold_035515_01G000100","TraesCAD_scaffold_035515_01G000100","rna","C1+",1,"positive"
"rna__TraesCAD_scaffold_063621_01G000200","TraesCAD_scaffold_063621_01G000200","rna","C2+",2,"positive"
"rna__TraesCAD_scaffold_033196_01G000300","TraesCAD_scaffold_033196_01G000300","rna","C2+",2,"positive"
"rna__TraesCAD_scaffold_078018_01G000100","TraesCAD_scaffold_078018_01G000100","rna","C2+",2,"positive"
"rna__TraesCAD_scaffold_016845_01G000100","TraesCAD_scaffold_016845_01G000100","rna","C2-",2,"negative"
"rna__TraesCAD_scaffold_076119_01G000100","TraesCAD_scaffold_076119_01G000100","rna","C1+",1,"positive"
"rna__TraesCAD_scaffold_029187_01G000200","TraesCAD_scaffold_029187_01G000200","rna","C2+",2,"positive"
"rna__TraesCAD_scaffold_027225_01G000500","TraesCAD_scaffold_027225_01G000500","rna","C1+",1,"positive"
"rna__TraesCAD_scaffold_047632_01G000200","TraesCAD_scaffold_047632_01G000200","rna","C2+",2,"positive"
"rna__TraesCAD_scaffold_036473_01G000100","TraesCAD_scaffold_036473_01G000100","rna","C1+",1,"positive"
"rna__TraesCAD_scaffold_053545_01G000400","TraesCAD_scaffold_053545_01G000400","rna","C1+",1,"positive"
"rna__TraesCAD_scaffold_051155_01G000100","TraesCAD_scaffold_051155_01G000100","rna","C2-",2,"negative"
"rna__TraesCAD_scaffold_052668_01G000200","TraesCAD_scaffold_052668_01G000200","rna","C1-",1,"negative"
"rna__TraesCAD_scaffold_032597_01G000100","TraesCAD_scaffold_032597_01G000100","rna","C1+",1,"positive"
"rna__TraesCAD_scaffold_061818_01G000100","TraesCAD_scaffold_061818_01G000100","rna","C1+",1,"positive"
"rna__TraesCAD_scaffold_029949_01G000100","TraesCAD_scaffold_029949_01G000100","rna","C2+",2,"positive"
"rna__TraesCAD_scaffold_145293_01G000200","TraesCAD_scaffold_145293_01G000200","rna","C1+",1,"positive"
"rna__TraesCAD_scaffold_040932_01G000100","TraesCAD_scaffold_040932_01G000100","rna","C1+",1,"positive"
"rna__TraesCAD_scaffold_041470_01G000100","TraesCAD_scaffold_041470_01G000100","rna","C1+",1,"positive"
"rna__TraesCAD_scaffold_009704_01G000500","TraesCAD_scaffold_009704_01G000500","rna","C2+",2,"positive"
"rna__TraesCAD_scaffold_106536_01G000200","TraesCAD_scaffold_106536_01G000200","rna","C2+",2,"positive"
"rna__TraesCAD_scaffold_049398_01G000200","TraesCAD_scaffold_049398_01G000200","rna","C1+",1,"positive"
"rna__TraesCAD_scaffold_029179_01G000300","TraesCAD_scaffold_029179_01G000300","rna","C1-",1,"negative"
"rna__TraesCAD_scaffold_008802_01G000400","TraesCAD_scaffold_008802_01G000400","rna","C2+",2,"positive"
"rna__TraesCAD_scaffold_083180_01G000100","TraesCAD_scaffold_083180_01G000100","rna","C1+",1,"positive"
"rna__TraesCAD_scaffold_078281_01G000100","TraesCAD_scaffold_078281_01G000100","rna","C2-",2,"negative"
"rna__TraesCAD_scaffold_020812_01G000100","TraesCAD_scaffold_020812_01G000100","rna","C1+",1,"positive"
"rna__TraesCAD_scaffold_123728_01G000100","TraesCAD_scaffold_123728_01G000100","rna","C1+",1,"positive"
"rna__TraesCAD_scaffold_218475_01G000100","TraesCAD_scaffold_218475_01G000100","rna","C1+",1,"positive"
"rna__TraesCAD_scaffold_092919_01G000400","TraesCAD_scaffold_092919_01G000400","rna","C2+",2,"positive"
"rna__TraesCAD_scaffold_121998_01G000100","TraesCAD_scaffold_121998_01G000100","rna","C1-",1,"negative"
"rna__TraesCAD_scaffold_064227_01G000100","TraesCAD_scaffold_064227_01G000100","rna","C1-",1,"negative"
"rna__TraesCAD_scaffold_051000_01G000300","TraesCAD_scaffold_051000_01G000300","rna","C1-",1,"negative"
"rna__TraesCAD_scaffold_124083_01G000100","TraesCAD_scaffold_124083_01G000100","rna","C2+",2,"positive"
"rna__TraesCAD_scaffold_005149_01G000200","TraesCAD_scaffold_005149_01G000200","rna","C2+",2,"positive"
"rna__TraesCAD_scaffold_005197_01G000300","TraesCAD_scaffold_005197_01G000300","rna","C2-",2,"negative"
"rna__TraesCAD_scaffold_016816_01G000100","TraesCAD_scaffold_016816_01G000100","rna","C1+",1,"positive"
"rna__TraesCAD_scaffold_035252_01G000600","TraesCAD_scaffold_035252_01G000600","rna","C2+",2,"positive"
"rna__TraesCAD_scaffold_053097_01G000200","TraesCAD_scaffold_053097_01G000200","rna","C1+",1,"positive"
"rna__TraesCAD_scaffold_054200_01G000100","TraesCAD_scaffold_054200_01G000100","rna","C1+",1,"positive"
"rna__TraesCAD_scaffold_019107_01G000600","TraesCAD_scaffold_019107_01G000600","rna","C2+",2,"positive"
"rna__TraesCAD_scaffold_034790_01G000200","TraesCAD_scaffold_034790_01G000200","rna","C1-",1,"negative"
"rna__TraesCAD_scaffold_011409_01G000500","TraesCAD_scaffold_011409_01G000500","rna","C2+",2,"positive"
"rna__TraesCAD_scaffold_084608_01G000100","TraesCAD_scaffold_084608_01G000100","rna","C2+",2,"positive"
"rna__TraesCAD_scaffold_091826_01G000100","TraesCAD_scaffold_091826_01G000100","rna","C1+",1,"positive"
"rna__TraesCAD_scaffold_036134_01G000100","TraesCAD_scaffold_036134_01G000100","rna","C1-",1,"negative"
"rna__TraesCAD_scaffold_017641_01G000100","TraesCAD_scaffold_017641_01G000100","rna","C1+",1,"positive"
"rna__TraesCAD_scaffold_109701_01G000100","TraesCAD_scaffold_109701_01G000100","rna","C1+",1,"positive"
"rna__TraesCAD_scaffold_103256_01G000200","TraesCAD_scaffold_103256_01G000200","rna","C1-",1,"negative"
"rna__TraesCAD_scaffold_001226_01G000500","TraesCAD_scaffold_001226_01G000500","rna","C1+",1,"positive"
"rna__TraesCAD_scaffold_1029698_01G000100","TraesCAD_scaffold_1029698_01G000100","rna","C2+",2,"positive"
"rna__TraesCAD_scaffold_010974_01G000300","TraesCAD_scaffold_010974_01G000300","rna","C1-",1,"negative"
"rna__TraesCAD_scaffold_069832_01G000300","TraesCAD_scaffold_069832_01G000300","rna","C1-",1,"negative"
"rna__TraesCAD_scaffold_109122_01G000100","TraesCAD_scaffold_109122_01G000100","rna","C2-",2,"negative"
"rna__TraesCAD_scaffold_012072_01G000100","TraesCAD_scaffold_012072_01G000100","rna","C1+",1,"positive"
"rna__TraesCAD_scaffold_017399_01G000100","TraesCAD_scaffold_017399_01G000100","rna","C1+",1,"positive"
"rna__TraesCAD_scaffold_017163_01G000300","TraesCAD_scaffold_017163_01G000300","rna","C1-",1,"negative"
"rna__TraesCAD_scaffold_015634_01G000200","TraesCAD_scaffold_015634_01G000200","rna","C1+",1,"positive"
"rna__TraesCAD_scaffold_076646_01G000300","TraesCAD_scaffold_076646_01G000300","rna","C2+",2,"positive"
"rna__TraesCAD_scaffold_021917_01G000100","TraesCAD_scaffold_021917_01G000100","rna","C1-",1,"negative"
"rna__TraesCAD_scaffold_049235_01G000100","TraesCAD_scaffold_049235_01G000100","rna","C2+",2,"positive"
"rna__TraesCAD_scaffold_084651_01G000200","TraesCAD_scaffold_084651_01G000200","rna","C2+",2,"positive"
"rna__TraesCAD_scaffold_011966_01G000100","TraesCAD_scaffold_011966_01G000100","rna","C1-",1,"negative"
"rna__TraesCAD_scaffold_026285_01G000300","TraesCAD_scaffold_026285_01G000300","rna","C2+",2,"positive"
"rna__TraesCAD_scaffold_019419_01G000300","TraesCAD_scaffold_019419_01G000300","rna","C1+",1,"positive"
"rna__TraesCAD_scaffold_036582_01G000100","TraesCAD_scaffold_036582_01G000100","rna","C2+",2,"positive"
"rna__TraesCAD_scaffold_007218_01G000200","TraesCAD_scaffold_007218_01G000200","rna","C1-",1,"negative"
"rna__TraesCAD_scaffold_031325_01G000100","TraesCAD_scaffold_031325_01G000100","rna","C1-",1,"negative"
"rna__TraesCAD_scaffold_090828_01G000100","TraesCAD_scaffold_090828_01G000100","rna","C1-",1,"negative"
"rna__TraesCAD_scaffold_076522_01G000300","TraesCAD_scaffold_076522_01G000300","rna","C1-",1,"negative"
"rna__TraesCAD_scaffold_034034_01G000200","TraesCAD_scaffold_034034_01G000200","rna","C1-",1,"negative"
"rna__TraesCAD_scaffold_007549_01G000200","TraesCAD_scaffold_007549_01G000200","rna","C1+",1,"positive"
"rna__TraesCAD_scaffold_003855_01G000100","TraesCAD_scaffold_003855_01G000100","rna","C2+",2,"positive"
"rna__TraesCAD_scaffold_002728_01G000600","TraesCAD_scaffold_002728_01G000600","rna","C2+",2,"positive"
"rna__TraesCAD_scaffold_003232_01G000300","TraesCAD_scaffold_003232_01G000300","rna","C1+",1,"positive"
"rna__TraesCAD_scaffold_012639_01G000100","TraesCAD_scaffold_012639_01G000100","rna","C2-",2,"negative"
"rna__TraesCAD_scaffold_042570_01G000200","TraesCAD_scaffold_042570_01G000200","rna","C2-",2,"negative"
"rna__TraesCAD_scaffold_012311_01G000700","TraesCAD_scaffold_012311_01G000700","rna","C2+",2,"positive"
"rna__TraesCAD_scaffold_038314_01G000200","TraesCAD_scaffold_038314_01G000200","rna","C1+",1,"positive"
"rna__TraesCAD_scaffold_024959_01G000400","TraesCAD_scaffold_024959_01G000400","rna","C1-",1,"negative"
"rna__TraesCAD_scaffold_132447_01G000200","TraesCAD_scaffold_132447_01G000200","rna","C2+",2,"positive"
"rna__TraesCAD_scaffold_055692_01G000200","TraesCAD_scaffold_055692_01G000200","rna","C2+",2,"positive"
"rna__TraesCAD_scaffold_093852_01G000100","TraesCAD_scaffold_093852_01G000100","rna","C1+",1,"positive"
"rna__TraesCAD_scaffold_034038_01G000400","TraesCAD_scaffold_034038_01G000400","rna","C2+",2,"positive"
"rna__TraesCAD_scaffold_103431_01G000100","TraesCAD_scaffold_103431_01G000100","rna","C1+",1,"positive"
"rna__TraesCAD_scaffold_087460_01G000100","TraesCAD_scaffold_087460_01G000100","rna","C1+",1,"positive"
"rna__TraesCAD_scaffold_100751_01G000100","TraesCAD_scaffold_100751_01G000100","rna","C2+",2,"positive"
"rna__TraesCAD_scaffold_001114_01G000100","TraesCAD_scaffold_001114_01G000100","rna","C2-",2,"negative"
"rna__TraesCAD_scaffold_021765_01G000100","TraesCAD_scaffold_021765_01G000100","rna","C1-",1,"negative"
"rna__TraesCAD_scaffold_142792_01G000200","TraesCAD_scaffold_142792_01G000200","rna","C2+",2,"positive"
"rna__TraesCAD_scaffold_042618_01G000200","TraesCAD_scaffold_042618_01G000200","rna","C2+",2,"positive"
"rna__TraesCAD_scaffold_010609_01G000300","TraesCAD_scaffold_010609_01G000300","rna","C2+",2,"positive"
"rna__TraesCAD_scaffold_009181_01G000300","TraesCAD_scaffold_009181_01G000300","rna","C1-",1,"negative"
"rna__TraesCAD_scaffold_020104_01G000400","TraesCAD_scaffold_020104_01G000400","rna","C1+",1,"positive"
"rna__TraesCAD_scaffold_068791_01G000200","TraesCAD_scaffold_068791_01G000200","rna","C1+",1,"positive"
"rna__TraesCAD_scaffold_013691_01G000100","TraesCAD_scaffold_013691_01G000100","rna","C1+",1,"positive"
"rna__TraesCAD_scaffold_011389_01G000300","TraesCAD_scaffold_011389_01G000300","rna","C2+",2,"positive"
"rna__TraesCAD_scaffold_058040_01G000200","TraesCAD_scaffold_058040_01G000200","rna","C2+",2,"positive"
"rna__TraesCAD_scaffold_004110_01G000600","TraesCAD_scaffold_004110_01G000600","rna","C1+",1,"positive"
"rna__TraesCAD_scaffold_019923_01G000300","TraesCAD_scaffold_019923_01G000300","rna","C2+",2,"positive"
"rna__TraesCAD_scaffold_055726_01G000600","TraesCAD_scaffold_055726_01G000600","rna","C1+",1,"positive"
"rna__TraesCAD_scaffold_043732_01G000600","TraesCAD_scaffold_043732_01G000600","rna","C2+",2,"positive"
"rna__TraesCAD_scaffold_001491_01G000300","TraesCAD_scaffold_001491_01G000300","rna","C1-",1,"negative"
"rna__TraesCAD_scaffold_013584_01G000200","TraesCAD_scaffold_013584_01G000200","rna","C1+",1,"positive"
"rna__TraesCAD_scaffold_051814_01G000200","TraesCAD_scaffold_051814_01G000200","rna","C1+",1,"positive"
"rna__TraesCAD_scaffold_066197_01G000100","TraesCAD_scaffold_066197_01G000100","rna","C2+",2,"positive"
"rna__TraesCAD_scaffold_023973_01G000100","TraesCAD_scaffold_023973_01G000100","rna","C1-",1,"negative"
"rna__TraesCAD_scaffold_075997_01G000100","TraesCAD_scaffold_075997_01G000100","rna","C1-",1,"negative"
"rna__TraesCAD_scaffold_118801_01G000100","TraesCAD_scaffold_118801_01G000100","rna","C1+",1,"positive"
"rna__TraesCAD_scaffold_094610_01G000100","TraesCAD_scaffold_094610_01G000100","rna","C2+",2,"positive"
"rna__TraesCAD_scaffold_035357_01G000500","TraesCAD_scaffold_035357_01G000500","rna","C2+",2,"positive"
"rna__TraesCAD_scaffold_018273_01G000200","TraesCAD_scaffold_018273_01G000200","rna","C1+",1,"positive"
"rna__TraesCAD_scaffold_003611_01G000500","TraesCAD_scaffold_003611_01G000500","rna","C1+",1,"positive"
"rna__TraesCAD_scaffold_006479_01G000100","TraesCAD_scaffold_006479_01G000100","rna","C2-",2,"negative"
"rna__TraesCAD_scaffold_016122_01G000100","TraesCAD_scaffold_016122_01G000100","rna","C2+",2,"positive"
"rna__TraesCAD_scaffold_039686_01G000200","TraesCAD_scaffold_039686_01G000200","rna","C1+",1,"positive"
"rna__TraesCAD_scaffold_007562_01G000600","TraesCAD_scaffold_007562_01G000600","rna","C2+",2,"positive"
"rna__TraesCAD_scaffold_153079_01G000200","TraesCAD_scaffold_153079_01G000200","rna","C1+",1,"positive"
"rna__TraesCAD_scaffold_036510_01G000500","TraesCAD_scaffold_036510_01G000500","rna","C2+",2,"positive"
"rna__TraesCAD_scaffold_058063_01G000100","TraesCAD_scaffold_058063_01G000100","rna","C1+",1,"positive"
"rna__TraesCAD_scaffold_022164_01G000300","TraesCAD_scaffold_022164_01G000300","rna","C2-",2,"negative"
"rna__TraesCAD_scaffold_002680_01G000200","TraesCAD_scaffold_002680_01G000200","rna","C1+",1,"positive"
"rna__TraesCAD_scaffold_118555_01G000100","TraesCAD_scaffold_118555_01G000100","rna","C1+",1,"positive"
"rna__TraesCAD_scaffold_040161_01G000800","TraesCAD_scaffold_040161_01G000800","rna","C2-",2,"negative"
"rna__TraesCAD_scaffold_129601_01G000100","TraesCAD_scaffold_129601_01G000100","rna","C1+",1,"positive"
"rna__TraesCAD_scaffold_067693_01G000100","TraesCAD_scaffold_067693_01G000100","rna","C2+",2,"positive"
"rna__TraesCAD_scaffold_003694_01G000100","TraesCAD_scaffold_003694_01G000100","rna","C2-",2,"negative"
"rna__TraesCAD_scaffold_059522_01G000100","TraesCAD_scaffold_059522_01G000100","rna","C2+",2,"positive"
"rna__TraesCAD_scaffold_048246_01G000100","TraesCAD_scaffold_048246_01G000100","rna","C1-",1,"negative"
"rna__TraesCAD_scaffold_008923_01G000300","TraesCAD_scaffold_008923_01G000300","rna","C1+",1,"positive"
"rna__TraesCAD_scaffold_028165_01G000400","TraesCAD_scaffold_028165_01G000400","rna","C1+",1,"positive"
"rna__TraesCAD_scaffold_010826_01G000400","TraesCAD_scaffold_010826_01G000400","rna","C1+",1,"positive"
"rna__TraesCAD_scaffold_077582_01G000100","TraesCAD_scaffold_077582_01G000100","rna","C1+",1,"positive"
"rna__TraesCAD_scaffold_012413_01G000500","TraesCAD_scaffold_012413_01G000500","rna","C1+",1,"positive"
"rna__TraesCAD_scaffold_007721_01G000500","TraesCAD_scaffold_007721_01G000500","rna","C1+",1,"positive"
"rna__TraesCAD_scaffold_071801_01G000200","TraesCAD_scaffold_071801_01G000200","rna","C2+",2,"positive"
"rna__TraesCAD_scaffold_060918_01G000200","TraesCAD_scaffold_060918_01G000200","rna","C2-",2,"negative"
"rna__TraesCAD_scaffold_029491_01G000400","TraesCAD_scaffold_029491_01G000400","rna","C2-",2,"negative"
"rna__TraesCAD_scaffold_045560_01G000200","TraesCAD_scaffold_045560_01G000200","rna","C2+",2,"positive"
"rna__TraesCAD_scaffold_048147_01G000100","TraesCAD_scaffold_048147_01G000100","rna","C2+",2,"positive"
"rna__TraesCAD_scaffold_077228_01G000100","TraesCAD_scaffold_077228_01G000100","rna","C2+",2,"positive"
"rna__TraesCAD_scaffold_064935_01G000700","TraesCAD_scaffold_064935_01G000700","rna","C1-",1,"negative"
"rna__TraesCAD_scaffold_002277_01G000200","TraesCAD_scaffold_002277_01G000200","rna","C2+",2,"positive"
"rna__TraesCAD_scaffold_049074_01G000600","TraesCAD_scaffold_049074_01G000600","rna","C2-",2,"negative"
"rna__TraesCAD_scaffold_055640_01G000100","TraesCAD_scaffold_055640_01G000100","rna","C2+",2,"positive"
"rna__TraesCAD_scaffold_088914_01G000100","TraesCAD_scaffold_088914_01G000100","rna","C1+",1,"positive"
"rna__TraesCAD_scaffold_008522_01G000100","TraesCAD_scaffold_008522_01G000100","rna","C1+",1,"positive"
"rna__TraesCAD_scaffold_056819_01G000300","TraesCAD_scaffold_056819_01G000300","rna","C2+",2,"positive"
"rna__TraesCAD_scaffold_010880_01G000600","TraesCAD_scaffold_010880_01G000600","rna","C2+",2,"positive"
"rna__TraesCAD_scaffold_072443_01G000200","TraesCAD_scaffold_072443_01G000200","rna","C1-",1,"negative"
"rna__TraesCAD_scaffold_006774_01G000700","TraesCAD_scaffold_006774_01G000700","rna","C1+",1,"positive"
"rna__TraesCAD_scaffold_063947_01G000100","TraesCAD_scaffold_063947_01G000100","rna","C1+",1,"positive"
"rna__TraesCAD_scaffold_011748_01G000100","TraesCAD_scaffold_011748_01G000100","rna","C1-",1,"negative"
"rna__TraesCAD_scaffold_107026_01G000100","TraesCAD_scaffold_107026_01G000100","rna","C1+",1,"positive"
"rna__TraesCAD_scaffold_048158_01G000500","TraesCAD_scaffold_048158_01G000500","rna","C1-",1,"negative"
"rna__TraesCAD_scaffold_004477_01G000500","TraesCAD_scaffold_004477_01G000500","rna","C1-",1,"negative"
"rna__TraesCAD_scaffold_036815_01G000400","TraesCAD_scaffold_036815_01G000400","rna","C1+",1,"positive"
"rna__TraesCAD_scaffold_022367_01G000200","TraesCAD_scaffold_022367_01G000200","rna","C2-",2,"negative"
"rna__TraesCAD_scaffold_015599_01G000100","TraesCAD_scaffold_015599_01G000100","rna","C1+",1,"positive"
"rna__TraesCAD_scaffold_080146_01G000100","TraesCAD_scaffold_080146_01G000100","rna","C1+",1,"positive"
"rna__TraesCAD_scaffold_114516_01G000200","TraesCAD_scaffold_114516_01G000200","rna","C2+",2,"positive"
"rna__TraesCAD_scaffold_005522_01G000300","TraesCAD_scaffold_005522_01G000300","rna","C1+",1,"positive"
"rna__TraesCAD_scaffold_029641_01G000200","TraesCAD_scaffold_029641_01G000200","rna","C1+",1,"positive"
"rna__TraesCAD_scaffold_016745_01G000100","TraesCAD_scaffold_016745_01G000100","rna","C2-",2,"negative"
"rna__TraesCAD_scaffold_014191_01G000600","TraesCAD_scaffold_014191_01G000600","rna","C1-",1,"negative"
"rna__TraesCAD_scaffold_089143_01G000100","TraesCAD_scaffold_089143_01G000100","rna","C1+",1,"positive"
"rna__TraesCAD_scaffold_073779_01G000100","TraesCAD_scaffold_073779_01G000100","rna","C2+",2,"positive"
"rna__TraesCAD_scaffold_003965_01G000600","TraesCAD_scaffold_003965_01G000600","rna","C1-",1,"negative"
"rna__TraesCAD_scaffold_123937_01G000100","TraesCAD_scaffold_123937_01G000100","rna","C2+",2,"positive"
"rna__TraesCAD_scaffold_044142_01G000500","TraesCAD_scaffold_044142_01G000500","rna","C1+",1,"positive"
"rna__TraesCAD_scaffold_055895_01G000100","TraesCAD_scaffold_055895_01G000100","rna","C2-",2,"negative"
"rna__TraesCAD_scaffold_032699_01G000400","TraesCAD_scaffold_032699_01G000400","rna","C1+",1,"positive"
"rna__TraesCAD_scaffold_109838_01G000200","TraesCAD_scaffold_109838_01G000200","rna","C1+",1,"positive"
"rna__TraesCAD_scaffold_122318_01G000300","TraesCAD_scaffold_122318_01G000300","rna","C1+",1,"positive"
"rna__TraesCAD_scaffold_076230_01G000100","TraesCAD_scaffold_076230_01G000100","rna","C2+",2,"positive"
"rna__TraesCAD_scaffold_053824_01G000800","TraesCAD_scaffold_053824_01G000800","rna","C1+",1,"positive"
"rna__TraesCAD_scaffold_055177_01G000100","TraesCAD_scaffold_055177_01G000100","rna","C1-",1,"negative"
"rna__TraesCAD_scaffold_030295_01G000100","TraesCAD_scaffold_030295_01G000100","rna","C2-",2,"negative"
"rna__TraesCAD_scaffold_021237_01G000800","TraesCAD_scaffold_021237_01G000800","rna","C2+",2,"positive"
"rna__TraesCAD_scaffold_030085_01G000200","TraesCAD_scaffold_030085_01G000200","rna","C1+",1,"positive"
"rna__TraesCAD_scaffold_024492_01G000100","TraesCAD_scaffold_024492_01G000100","rna","C2+",2,"positive"
"rna__TraesCAD_scaffold_088406_01G000100","TraesCAD_scaffold_088406_01G000100","rna","C1+",1,"positive"
"rna__TraesCAD_scaffold_109499_01G000200","TraesCAD_scaffold_109499_01G000200","rna","C2-",2,"negative"
"rna__TraesCAD_scaffold_100017_01G000200","TraesCAD_scaffold_100017_01G000200","rna","C1-",1,"negative"
"rna__TraesCAD_scaffold_044150_01G000200","TraesCAD_scaffold_044150_01G000200","rna","C1-",1,"negative"
"rna__TraesCAD_scaffold_029335_01G000200","TraesCAD_scaffold_029335_01G000200","rna","C1+",1,"positive"
"rna__TraesCAD_scaffold_000661_01G000400","TraesCAD_scaffold_000661_01G000400","rna","C1+",1,"positive"
"rna__TraesCAD_scaffold_059187_01G000100","TraesCAD_scaffold_059187_01G000100","rna","C2+",2,"positive"
"rna__TraesCAD_scaffold_052558_01G000100","TraesCAD_scaffold_052558_01G000100","rna","C2+",2,"positive"
"rna__TraesCAD_scaffold_098010_01G000100","TraesCAD_scaffold_098010_01G000100","rna","C2+",2,"positive"
"rna__TraesCAD_scaffold_102536_01G000300","TraesCAD_scaffold_102536_01G000300","rna","C2+",2,"positive"
"rna__TraesCAD_scaffold_006087_01G000300","TraesCAD_scaffold_006087_01G000300","rna","C2+",2,"positive"
"rna__TraesCAD_scaffold_118956_01G000300","TraesCAD_scaffold_118956_01G000300","rna","C2-",2,"negative"
"rna__TraesCAD_scaffold_020653_01G000200","TraesCAD_scaffold_020653_01G000200","rna","C1+",1,"positive"
"rna__TraesCAD_scaffold_007866_01G000400","TraesCAD_scaffold_007866_01G000400","rna","C1+",1,"positive"
"rna__TraesCAD_scaffold_000802_01G000100","TraesCAD_scaffold_000802_01G000100","rna","C1-",1,"negative"
"rna__TraesCAD_scaffold_052923_01G000100","TraesCAD_scaffold_052923_01G000100","rna","C2+",2,"positive"
"rna__TraesCAD_scaffold_031546_01G000200","TraesCAD_scaffold_031546_01G000200","rna","C1+",1,"positive"
"rna__TraesCAD_scaffold_028899_01G000100","TraesCAD_scaffold_028899_01G000100","rna","C2+",2,"positive"
"rna__TraesCAD_scaffold_010209_01G000300","TraesCAD_scaffold_010209_01G000300","rna","C1-",1,"negative"
"rna__TraesCAD_scaffold_030801_01G000200","TraesCAD_scaffold_030801_01G000200","rna","C1-",1,"negative"
"rna__TraesCAD_scaffold_142934_01G000100","TraesCAD_scaffold_142934_01G000100","rna","C1+",1,"positive"
"rna__TraesCAD_scaffold_053719_01G000100","TraesCAD_scaffold_053719_01G000100","rna","C2+",2,"positive"
"rna__TraesCAD_scaffold_022099_01G000200","TraesCAD_scaffold_022099_01G000200","rna","C1-",1,"negative"
"rna__TraesCAD_scaffold_089317_01G000100","TraesCAD_scaffold_089317_01G000100","rna","C1-",1,"negative"
"rna__TraesCAD_scaffold_040962_01G000300","TraesCAD_scaffold_040962_01G000300","rna","C2-",2,"negative"
"rna__TraesCAD_scaffold_016420_01G000200","TraesCAD_scaffold_016420_01G000200","rna","C1+",1,"positive"
"rna__TraesCAD_scaffold_035476_01G000100","TraesCAD_scaffold_035476_01G000100","rna","C2+",2,"positive"
"rna__TraesCAD_scaffold_021246_01G000300","TraesCAD_scaffold_021246_01G000300","rna","C2+",2,"positive"
"rna__TraesCAD_scaffold_033945_01G000200","TraesCAD_scaffold_033945_01G000200","rna","C2+",2,"positive"
"rna__TraesCAD_scaffold_025166_01G000100","TraesCAD_scaffold_025166_01G000100","rna","C2-",2,"negative"
"rna__TraesCAD_scaffold_266898_01G000100","TraesCAD_scaffold_266898_01G000100","rna","C1+",1,"positive"
"rna__TraesCAD_scaffold_108370_01G000100","TraesCAD_scaffold_108370_01G000100","rna","C1+",1,"positive"
"rna__TraesCAD_scaffold_008068_01G000100","TraesCAD_scaffold_008068_01G000100","rna","C2+",2,"positive"
"rna__TraesCAD_scaffold_030107_01G000100","TraesCAD_scaffold_030107_01G000100","rna","C1+",1,"positive"
"rna__TraesCAD_scaffold_076170_01G000300","TraesCAD_scaffold_076170_01G000300","rna","C2+",2,"positive"
"rna__TraesCAD_scaffold_005502_01G000300","TraesCAD_scaffold_005502_01G000300","rna","C1+",1,"positive"
"rna__TraesCAD_scaffold_007225_01G000100","TraesCAD_scaffold_007225_01G000100","rna","C1+",1,"positive"
"rna__TraesCAD_scaffold_089659_01G000500","TraesCAD_scaffold_089659_01G000500","rna","C2-",2,"negative"
"rna__TraesCAD_scaffold_088420_01G000200","TraesCAD_scaffold_088420_01G000200","rna","C1-",1,"negative"
"rna__TraesCAD_scaffold_047153_01G000200","TraesCAD_scaffold_047153_01G000200","rna","C1+",1,"positive"
"rna__TraesCAD_scaffold_051464_01G000200","TraesCAD_scaffold_051464_01G000200","rna","C2+",2,"positive"
"rna__TraesCAD_scaffold_051960_01G000100","TraesCAD_scaffold_051960_01G000100","rna","C2-",2,"negative"
"rna__TraesCAD_scaffold_088547_01G000200","TraesCAD_scaffold_088547_01G000200","rna","C1-",1,"negative"
"rna__TraesCAD_scaffold_119360_01G000100","TraesCAD_scaffold_119360_01G000100","rna","C1+",1,"positive"
"rna__TraesCAD_scaffold_041680_01G000100","TraesCAD_scaffold_041680_01G000100","rna","C1+",1,"positive"
"rna__TraesCAD_scaffold_020744_01G000200","TraesCAD_scaffold_020744_01G000200","rna","C1+",1,"positive"
"rna__TraesCAD_scaffold_065144_01G000100","TraesCAD_scaffold_065144_01G000100","rna","C2+",2,"positive"
"rna__TraesCAD_scaffold_079260_01G000200","TraesCAD_scaffold_079260_01G000200","rna","C2+",2,"positive"
"rna__TraesCAD_scaffold_049083_01G000100","TraesCAD_scaffold_049083_01G000100","rna","C1+",1,"positive"
"rna__TraesCAD_scaffold_020692_01G000100","TraesCAD_scaffold_020692_01G000100","rna","C1+",1,"positive"
"rna__TraesCAD_scaffold_056958_01G000400","TraesCAD_scaffold_056958_01G000400","rna","C1-",1,"negative"
"rna__TraesCAD_scaffold_017534_01G000300","TraesCAD_scaffold_017534_01G000300","rna","C2+",2,"positive"
"rna__TraesCAD_scaffold_103866_01G000200","TraesCAD_scaffold_103866_01G000200","rna","C1+",1,"positive"
"rna__TraesCAD_scaffold_032158_01G000100","TraesCAD_scaffold_032158_01G000100","rna","C1-",1,"negative"
"rna__TraesCAD_scaffold_016446_01G000200","TraesCAD_scaffold_016446_01G000200","rna","C1+",1,"positive"
"rna__TraesCAD_scaffold_114233_01G000100","TraesCAD_scaffold_114233_01G000100","rna","C2+",2,"positive"
"rna__TraesCAD_scaffold_000476_01G000500","TraesCAD_scaffold_000476_01G000500","rna","C1+",1,"positive"
"rna__TraesCAD_scaffold_073518_01G000200","TraesCAD_scaffold_073518_01G000200","rna","C2+",2,"positive"
"rna__TraesCAD_scaffold_018560_01G000200","TraesCAD_scaffold_018560_01G000200","rna","C1+",1,"positive"
"rna__TraesCAD_scaffold_061673_01G000200","TraesCAD_scaffold_061673_01G000200","rna","C1+",1,"positive"
"rna__TraesCAD_scaffold_019862_01G000300","TraesCAD_scaffold_019862_01G000300","rna","C2+",2,"positive"
"rna__TraesCAD_scaffold_175867_01G000100","TraesCAD_scaffold_175867_01G000100","rna","C1-",1,"negative"
"rna__TraesCAD_scaffold_125499_01G000300","TraesCAD_scaffold_125499_01G000300","rna","C1+",1,"positive"
"rna__TraesCAD_scaffold_027528_01G000100","TraesCAD_scaffold_027528_01G000100","rna","C1-",1,"negative"
"rna__TraesCAD_scaffold_040408_01G000100","TraesCAD_scaffold_040408_01G000100","rna","C1+",1,"positive"
"rna__TraesCAD_scaffold_007143_01G000100","TraesCAD_scaffold_007143_01G000100","rna","C2+",2,"positive"
"rna__TraesCAD_scaffold_070666_01G000200","TraesCAD_scaffold_070666_01G000200","rna","C2+",2,"positive"
"rna__TraesCAD_scaffold_065111_01G000200","TraesCAD_scaffold_065111_01G000200","rna","C2+",2,"positive"
"rna__TraesCAD_scaffold_087594_01G000200","TraesCAD_scaffold_087594_01G000200","rna","C2+",2,"positive"
"rna__TraesCAD_scaffold_010467_01G000200","TraesCAD_scaffold_010467_01G000200","rna","C1+",1,"positive"
"rna__TraesCAD_scaffold_118798_01G000100","TraesCAD_scaffold_118798_01G000100","rna","C2+",2,"positive"
"rna__TraesCAD_scaffold_076040_01G000200","TraesCAD_scaffold_076040_01G000200","rna","C1+",1,"positive"
"rna__TraesCAD_scaffold_016797_01G000100","TraesCAD_scaffold_016797_01G000100","rna","C1-",1,"negative"
"rna__TraesCAD_scaffold_014357_01G000100","TraesCAD_scaffold_014357_01G000100","rna","C2-",2,"negative"
"rna__TraesCAD_scaffold_041162_01G000200","TraesCAD_scaffold_041162_01G000200","rna","C2+",2,"positive"
"rna__TraesCAD_scaffold_048681_01G000100","TraesCAD_scaffold_048681_01G000100","rna","C2+",2,"positive"
"rna__TraesCAD_scaffold_013209_01G000100","TraesCAD_scaffold_013209_01G000100","rna","C2-",2,"negative"
"rna__TraesCAD_scaffold_077308_01G000400","TraesCAD_scaffold_077308_01G000400","rna","C1-",1,"negative"
"rna__TraesCAD_scaffold_069828_01G000100","TraesCAD_scaffold_069828_01G000100","rna","C1+",1,"positive"
"rna__TraesCAD_scaffold_019876_01G002000","TraesCAD_scaffold_019876_01G002000","rna","C1-",1,"negative"
"rna__TraesCAD_scaffold_010880_01G000300","TraesCAD_scaffold_010880_01G000300","rna","C1-",1,"negative"
"rna__TraesCAD_scaffold_085142_01G000200","TraesCAD_scaffold_085142_01G000200","rna","C1+",1,"positive"
"rna__TraesCAD_scaffold_054587_01G000100","TraesCAD_scaffold_054587_01G000100","rna","C2+",2,"positive"
"rna__TraesCAD_scaffold_082322_01G000200","TraesCAD_scaffold_082322_01G000200","rna","C1+",1,"positive"
"rna__TraesCAD_scaffold_044119_01G000100","TraesCAD_scaffold_044119_01G000100","rna","C2+",2,"positive"
"rna__TraesCAD_scaffold_058997_01G000100","TraesCAD_scaffold_058997_01G000100","rna","C1+",1,"positive"
"rna__TraesCAD_scaffold_028329_01G000200","TraesCAD_scaffold_028329_01G000200","rna","C1+",1,"positive"
"rna__TraesCAD_scaffold_120142_01G000100","TraesCAD_scaffold_120142_01G000100","rna","C1+",1,"positive"
"rna__TraesCAD_scaffold_056251_01G000100","TraesCAD_scaffold_056251_01G000100","rna","C1-",1,"negative"
"rna__TraesCAD_scaffold_008172_01G000500","TraesCAD_scaffold_008172_01G000500","rna","C1+",1,"positive"
"rna__TraesCAD_scaffold_027235_01G000200","TraesCAD_scaffold_027235_01G000200","rna","C2+",2,"positive"
"rna__TraesCAD_scaffold_003225_01G000600","TraesCAD_scaffold_003225_01G000600","rna","C2-",2,"negative"
"rna__TraesCAD_scaffold_044461_01G000200","TraesCAD_scaffold_044461_01G000200","rna","C1+",1,"positive"
"rna__TraesCAD_scaffold_111102_01G000100","TraesCAD_scaffold_111102_01G000100","rna","C2-",2,"negative"
"rna__TraesCAD_scaffold_015346_01G000400","TraesCAD_scaffold_015346_01G000400","rna","C2+",2,"positive"
"rna__TraesCAD_scaffold_006849_01G000300","TraesCAD_scaffold_006849_01G000300","rna","C2-",2,"negative"
"rna__TraesCAD_scaffold_081662_01G000300","TraesCAD_scaffold_081662_01G000300","rna","C2+",2,"positive"
"rna__TraesCAD_scaffold_071521_01G000200","TraesCAD_scaffold_071521_01G000200","rna","C2+",2,"positive"
"rna__TraesCAD_scaffold_042773_01G000100","TraesCAD_scaffold_042773_01G000100","rna","C2+",2,"positive"
"rna__TraesCAD_scaffold_097019_01G000200","TraesCAD_scaffold_097019_01G000200","rna","C1+",1,"positive"
"rna__TraesCAD_scaffold_069247_01G000200","TraesCAD_scaffold_069247_01G000200","rna","C2+",2,"positive"
"rna__TraesCAD_scaffold_115784_01G000100","TraesCAD_scaffold_115784_01G000100","rna","C1+",1,"positive"
"rna__TraesCAD_scaffold_022118_01G000100","TraesCAD_scaffold_022118_01G000100","rna","C1+",1,"positive"
"rna__TraesCAD_scaffold_012935_01G000600","TraesCAD_scaffold_012935_01G000600","rna","C1-",1,"negative"
"rna__TraesCAD_scaffold_008120_01G000300","TraesCAD_scaffold_008120_01G000300","rna","C2+",2,"positive"
"rna__TraesCAD_scaffold_079915_01G000200","TraesCAD_scaffold_079915_01G000200","rna","C1-",1,"negative"
"rna__TraesCAD_scaffold_057213_01G000100","TraesCAD_scaffold_057213_01G000100","rna","C1+",1,"positive"
"rna__TraesCAD_scaffold_004054_01G000200","TraesCAD_scaffold_004054_01G000200","rna","C2-",2,"negative"
"rna__TraesCAD_scaffold_028869_01G000100","TraesCAD_scaffold_028869_01G000100","rna","C1-",1,"negative"
"rna__TraesCAD_scaffold_005326_01G000200","TraesCAD_scaffold_005326_01G000200","rna","C2+",2,"positive"
"rna__TraesCAD_scaffold_066797_01G000200","TraesCAD_scaffold_066797_01G000200","rna","C1-",1,"negative"
"rna__TraesCAD_scaffold_036894_01G000100","TraesCAD_scaffold_036894_01G000100","rna","C2+",2,"positive"
"rna__TraesCAD_scaffold_023232_01G000200","TraesCAD_scaffold_023232_01G000200","rna","C1-",1,"negative"
"rna__TraesCAD_scaffold_030100_01G000500","TraesCAD_scaffold_030100_01G000500","rna","C1+",1,"positive"
"rna__TraesCAD_scaffold_091081_01G000100","TraesCAD_scaffold_091081_01G000100","rna","C2+",2,"positive"
"rna__TraesCAD_scaffold_004315_01G000100","TraesCAD_scaffold_004315_01G000100","rna","C2+",2,"positive"
"rna__TraesCAD_scaffold_008779_01G000100","TraesCAD_scaffold_008779_01G000100","rna","C1+",1,"positive"
"rna__TraesCAD_scaffold_014758_01G000200","TraesCAD_scaffold_014758_01G000200","rna","C2+",2,"positive"
"rna__TraesCAD_scaffold_096822_01G000300","TraesCAD_scaffold_096822_01G000300","rna","C1+",1,"positive"
"rna__TraesCAD_scaffold_013822_01G000200","TraesCAD_scaffold_013822_01G000200","rna","C1-",1,"negative"
"rna__TraesCAD_scaffold_107860_01G000100","TraesCAD_scaffold_107860_01G000100","rna","C2+",2,"positive"
"rna__TraesCAD_scaffold_095481_01G000100","TraesCAD_scaffold_095481_01G000100","rna","C1-",1,"negative"
"rna__TraesCAD_scaffold_145209_01G000200","TraesCAD_scaffold_145209_01G000200","rna","C1+",1,"positive"
"rna__TraesCAD_scaffold_022653_01G000100","TraesCAD_scaffold_022653_01G000100","rna","C1+",1,"positive"
"rna__TraesCAD_scaffold_084874_01G000100","TraesCAD_scaffold_084874_01G000100","rna","C1+",1,"positive"
"rna__TraesCAD_scaffold_062321_01G000200","TraesCAD_scaffold_062321_01G000200","rna","C1+",1,"positive"
"rna__TraesCAD_scaffold_011907_01G000100","TraesCAD_scaffold_011907_01G000100","rna","C2+",2,"positive"
"rna__TraesCAD_scaffold_005467_01G000200","TraesCAD_scaffold_005467_01G000200","rna","C1+",1,"positive"
"rna__TraesCAD_scaffold_056530_01G000300","TraesCAD_scaffold_056530_01G000300","rna","C2-",2,"negative"
"rna__TraesCAD_scaffold_052553_01G000200","TraesCAD_scaffold_052553_01G000200","rna","C1+",1,"positive"
"rna__TraesCAD_scaffold_093704_01G000100","TraesCAD_scaffold_093704_01G000100","rna","C1+",1,"positive"
"rna__TraesCAD_scaffold_056008_01G000100","TraesCAD_scaffold_056008_01G000100","rna","C1-",1,"negative"
"rna__TraesCAD_scaffold_047752_01G000100","TraesCAD_scaffold_047752_01G000100","rna","C2+",2,"positive"
"rna__TraesCAD_scaffold_033586_01G000300","TraesCAD_scaffold_033586_01G000300","rna","C1-",1,"negative"
"rna__TraesCAD_scaffold_012415_01G000400","TraesCAD_scaffold_012415_01G000400","rna","C1+",1,"positive"
"rna__TraesCAD_scaffold_044673_01G000100","TraesCAD_scaffold_044673_01G000100","rna","C1-",1,"negative"
"rna__TraesCAD_scaffold_003128_01G000300","TraesCAD_scaffold_003128_01G000300","rna","C1-",1,"negative"
"rna__TraesCAD_scaffold_000739_01G000100","TraesCAD_scaffold_000739_01G000100","rna","C1+",1,"positive"
"rna__TraesCAD_scaffold_065944_01G000100","TraesCAD_scaffold_065944_01G000100","rna","C2+",2,"positive"
"rna__TraesCAD_scaffold_013785_01G000600","TraesCAD_scaffold_013785_01G000600","rna","C1-",1,"negative"
"rna__TraesCAD_scaffold_001920_01G000200","TraesCAD_scaffold_001920_01G000200","rna","C1+",1,"positive"
"rna__TraesCAD_scaffold_095177_01G000100","TraesCAD_scaffold_095177_01G000100","rna","C2+",2,"positive"
"rna__TraesCAD_scaffold_025675_01G000500","TraesCAD_scaffold_025675_01G000500","rna","C2+",2,"positive"
"rna__TraesCAD_scaffold_002334_01G000200","TraesCAD_scaffold_002334_01G000200","rna","C1+",1,"positive"
"rna__TraesCAD_scaffold_051536_01G000100","TraesCAD_scaffold_051536_01G000100","rna","C1-",1,"negative"
"rna__TraesCAD_scaffold_064515_01G000100","TraesCAD_scaffold_064515_01G000100","rna","C1-",1,"negative"
"rna__TraesCAD_scaffold_034107_01G000200","TraesCAD_scaffold_034107_01G000200","rna","C2+",2,"positive"
"rna__TraesCAD_scaffold_024916_01G000200","TraesCAD_scaffold_024916_01G000200","rna","C1+",1,"positive"
"rna__TraesCAD_scaffold_097600_01G000200","TraesCAD_scaffold_097600_01G000200","rna","C2+",2,"positive"
"rna__TraesCAD_scaffold_157295_01G000100","TraesCAD_scaffold_157295_01G000100","rna","C1+",1,"positive"
"rna__TraesCAD_scaffold_107053_01G000200","TraesCAD_scaffold_107053_01G000200","rna","C2+",2,"positive"
"rna__TraesCAD_scaffold_019155_01G000100","TraesCAD_scaffold_019155_01G000100","rna","C1-",1,"negative"
"rna__TraesCAD_scaffold_033200_01G000100","TraesCAD_scaffold_033200_01G000100","rna","C2-",2,"negative"
"rna__TraesCAD_scaffold_013596_01G000100","TraesCAD_scaffold_013596_01G000100","rna","C2-",2,"negative"
"rna__TraesCAD_scaffold_022887_01G000100","TraesCAD_scaffold_022887_01G000100","rna","C2+",2,"positive"
"rna__TraesCAD_scaffold_021128_01G000100","TraesCAD_scaffold_021128_01G000100","rna","C1+",1,"positive"
"rna__TraesCAD_scaffold_058611_01G000200","TraesCAD_scaffold_058611_01G000200","rna","C2+",2,"positive"
"rna__TraesCAD_scaffold_013092_01G000200","TraesCAD_scaffold_013092_01G000200","rna","C2-",2,"negative"
"rna__TraesCAD_scaffold_080269_01G000200","TraesCAD_scaffold_080269_01G000200","rna","C2+",2,"positive"
"rna__TraesCAD_scaffold_001851_01G000300","TraesCAD_scaffold_001851_01G000300","rna","C1+",1,"positive"
"rna__TraesCAD_scaffold_043513_01G000200","TraesCAD_scaffold_043513_01G000200","rna","C2+",2,"positive"
"rna__TraesCAD_scaffold_073199_01G000400","TraesCAD_scaffold_073199_01G000400","rna","C2+",2,"positive"
"rna__TraesCAD_scaffold_013478_01G000200","TraesCAD_scaffold_013478_01G000200","rna","C2+",2,"positive"
"rna__TraesCAD_scaffold_107541_01G000100","TraesCAD_scaffold_107541_01G000100","rna","C1+",1,"positive"
"rna__TraesCAD_scaffold_002758_01G000200","TraesCAD_scaffold_002758_01G000200","rna","C2+",2,"positive"
"rna__TraesCAD_scaffold_001422_01G000100","TraesCAD_scaffold_001422_01G000100","rna","C1+",1,"positive"
"rna__TraesCAD_scaffold_147150_01G000200","TraesCAD_scaffold_147150_01G000200","rna","C2+",2,"positive"
"rna__TraesCAD_scaffold_093886_01G000200","TraesCAD_scaffold_093886_01G000200","rna","C1+",1,"positive"
"rna__TraesCAD_scaffold_041746_01G000100","TraesCAD_scaffold_041746_01G000100","rna","C1-",1,"negative"
"rna__TraesCAD_scaffold_036682_01G000100","TraesCAD_scaffold_036682_01G000100","rna","C1+",1,"positive"
"rna__TraesCAD_scaffold_028385_01G000500","TraesCAD_scaffold_028385_01G000500","rna","C2+",2,"positive"
"rna__TraesCAD_scaffold_013603_01G000800","TraesCAD_scaffold_013603_01G000800","rna","C1-",1,"negative"
"rna__TraesCAD_scaffold_116313_01G000100","TraesCAD_scaffold_116313_01G000100","rna","C1-",1,"negative"
"rna__TraesCAD_scaffold_016782_01G000100","TraesCAD_scaffold_016782_01G000100","rna","C2-",2,"negative"
"rna__TraesCAD_scaffold_014229_01G000200","TraesCAD_scaffold_014229_01G000200","rna","C1+",1,"positive"
"rna__TraesCAD_scaffold_002693_01G000100","TraesCAD_scaffold_002693_01G000100","rna","C1+",1,"positive"
"rna__TraesCAD_scaffold_014646_01G000200","TraesCAD_scaffold_014646_01G000200","rna","C2+",2,"positive"
"rna__TraesCAD_scaffold_036436_01G000500","TraesCAD_scaffold_036436_01G000500","rna","C2-",2,"negative"
"rna__TraesCAD_scaffold_098457_01G000100","TraesCAD_scaffold_098457_01G000100","rna","C2+",2,"positive"
"rna__TraesCAD_scaffold_007911_01G000200","TraesCAD_scaffold_007911_01G000200","rna","C2-",2,"negative"
"rna__TraesCAD_scaffold_001434_01G000400","TraesCAD_scaffold_001434_01G000400","rna","C2+",2,"positive"
"rna__TraesCAD_scaffold_083517_01G000100","TraesCAD_scaffold_083517_01G000100","rna","C1+",1,"positive"
"rna__TraesCAD_scaffold_005215_01G000200","TraesCAD_scaffold_005215_01G000200","rna","C2+",2,"positive"
"rna__TraesCAD_scaffold_025912_01G000200","TraesCAD_scaffold_025912_01G000200","rna","C2-",2,"negative"
"rna__TraesCAD_scaffold_001578_01G000200","TraesCAD_scaffold_001578_01G000200","rna","C1-",1,"negative"
"rna__TraesCAD_scaffold_128860_01G000100","TraesCAD_scaffold_128860_01G000100","rna","C1-",1,"negative"
"rna__TraesCAD_scaffold_077510_01G000100","TraesCAD_scaffold_077510_01G000100","rna","C2+",2,"positive"
"rna__TraesCAD_scaffold_000355_01G000700","TraesCAD_scaffold_000355_01G000700","rna","C2+",2,"positive"
"rna__TraesCAD_scaffold_154458_01G000100","TraesCAD_scaffold_154458_01G000100","rna","C1+",1,"positive"
"rna__TraesCAD_scaffold_107887_01G000300","TraesCAD_scaffold_107887_01G000300","rna","C1+",1,"positive"
"rna__TraesCAD_scaffold_107691_01G000100","TraesCAD_scaffold_107691_01G000100","rna","C1+",1,"positive"
"rna__TraesCAD_scaffold_020246_01G000600","TraesCAD_scaffold_020246_01G000600","rna","C1+",1,"positive"
"rna__TraesCAD_scaffold_078283_01G000100","TraesCAD_scaffold_078283_01G000100","rna","C2-",2,"negative"
"rna__TraesCAD_scaffold_003954_01G000100","TraesCAD_scaffold_003954_01G000100","rna","C1+",1,"positive"
"rna__TraesCAD_scaffold_073541_01G000200","TraesCAD_scaffold_073541_01G000200","rna","C2+",2,"positive"
"rna__TraesCAD_scaffold_048500_01G000100","TraesCAD_scaffold_048500_01G000100","rna","C2-",2,"negative"
"rna__TraesCAD_scaffold_016486_01G000400","TraesCAD_scaffold_016486_01G000400","rna","C2+",2,"positive"
"rna__TraesCAD_scaffold_098106_01G000200","TraesCAD_scaffold_098106_01G000200","rna","C1+",1,"positive"
"rna__TraesCAD_scaffold_162456_01G000100","TraesCAD_scaffold_162456_01G000100","rna","C2+",2,"positive"
"rna__TraesCAD_scaffold_032020_01G000400","TraesCAD_scaffold_032020_01G000400","rna","C2-",2,"negative"
"rna__TraesCAD_scaffold_050682_01G000100","TraesCAD_scaffold_050682_01G000100","rna","C2-",2,"negative"
"rna__TraesCAD_scaffold_016511_01G000100","TraesCAD_scaffold_016511_01G000100","rna","C2-",2,"negative"
"rna__TraesCAD_scaffold_001502_01G000800","TraesCAD_scaffold_001502_01G000800","rna","C1+",1,"positive"
"rna__TraesCAD_scaffold_016495_01G000800","TraesCAD_scaffold_016495_01G000800","rna","C1+",1,"positive"
"rna__TraesCAD_scaffold_055185_01G000100","TraesCAD_scaffold_055185_01G000100","rna","C2-",2,"negative"
"rna__TraesCAD_scaffold_006121_01G000500","TraesCAD_scaffold_006121_01G000500","rna","C2+",2,"positive"
"rna__TraesCAD_scaffold_072342_01G000100","TraesCAD_scaffold_072342_01G000100","rna","C1-",1,"negative"
"rna__TraesCAD_scaffold_009592_01G000400","TraesCAD_scaffold_009592_01G000400","rna","C1+",1,"positive"
"rna__TraesCAD_scaffold_012252_01G001000","TraesCAD_scaffold_012252_01G001000","rna","C2+",2,"positive"
"rna__TraesCAD_scaffold_011727_01G000100","TraesCAD_scaffold_011727_01G000100","rna","C2+",2,"positive"
"rna__TraesCAD_scaffold_083347_01G000200","TraesCAD_scaffold_083347_01G000200","rna","C2-",2,"negative"
"rna__TraesCAD_scaffold_087790_01G000100","TraesCAD_scaffold_087790_01G000100","rna","C1-",1,"negative"
"rna__TraesCAD_scaffold_043046_01G000100","TraesCAD_scaffold_043046_01G000100","rna","C1+",1,"positive"
"rna__TraesCAD_scaffold_063285_01G000100","TraesCAD_scaffold_063285_01G000100","rna","C2+",2,"positive"
"rna__TraesCAD_scaffold_022784_01G000200","TraesCAD_scaffold_022784_01G000200","rna","C2+",2,"positive"
"rna__TraesCAD_scaffold_029086_01G000200","TraesCAD_scaffold_029086_01G000200","rna","C2-",2,"negative"
"rna__TraesCAD_scaffold_098819_01G000100","TraesCAD_scaffold_098819_01G000100","rna","C1-",1,"negative"
"rna__TraesCAD_scaffold_036517_01G000100","TraesCAD_scaffold_036517_01G000100","rna","C2-",2,"negative"
"rna__TraesCAD_scaffold_051018_01G000200","TraesCAD_scaffold_051018_01G000200","rna","C1-",1,"negative"
"rna__TraesCAD_scaffold_031712_01G000700","TraesCAD_scaffold_031712_01G000700","rna","C1-",1,"negative"
"rna__TraesCAD_scaffold_170961_01G000100","TraesCAD_scaffold_170961_01G000100","rna","C2-",2,"negative"
"rna__TraesCAD_scaffold_004332_01G000400","TraesCAD_scaffold_004332_01G000400","rna","C2+",2,"positive"
"rna__TraesCAD_scaffold_058218_01G000100","TraesCAD_scaffold_058218_01G000100","rna","C2-",2,"negative"
"rna__TraesCAD_scaffold_041822_01G000400","TraesCAD_scaffold_041822_01G000400","rna","C2+",2,"positive"
"rna__TraesCAD_scaffold_125126_01G000200","TraesCAD_scaffold_125126_01G000200","rna","C1+",1,"positive"
"rna__TraesCAD_scaffold_010029_01G000200","TraesCAD_scaffold_010029_01G000200","rna","C2+",2,"positive"
"rna__TraesCAD_scaffold_091698_01G000300","TraesCAD_scaffold_091698_01G000300","rna","C2+",2,"positive"
"rna__TraesCAD_scaffold_115999_01G000100","TraesCAD_scaffold_115999_01G000100","rna","C1+",1,"positive"
"rna__TraesCAD_scaffold_025920_01G000200","TraesCAD_scaffold_025920_01G000200","rna","C2+",2,"positive"
"rna__TraesCAD_scaffold_073146_01G000100","TraesCAD_scaffold_073146_01G000100","rna","C1-",1,"negative"
"rna__TraesCAD_scaffold_072169_01G000200","TraesCAD_scaffold_072169_01G000200","rna","C2+",2,"positive"
"rna__TraesCAD_scaffold_063507_01G000200","TraesCAD_scaffold_063507_01G000200","rna","C1-",1,"negative"
"rna__TraesCAD_scaffold_112434_01G000200","TraesCAD_scaffold_112434_01G000200","rna","C1-",1,"negative"
"rna__TraesCAD_scaffold_027627_01G000100","TraesCAD_scaffold_027627_01G000100","rna","C2+",2,"positive"
"rna__TraesCAD_scaffold_097324_01G000100","TraesCAD_scaffold_097324_01G000100","rna","C1+",1,"positive"
"rna__TraesCAD_scaffold_031633_01G000100","TraesCAD_scaffold_031633_01G000100","rna","C1-",1,"negative"
"rna__TraesCAD_scaffold_043508_01G000100","TraesCAD_scaffold_043508_01G000100","rna","C1-",1,"negative"
"rna__TraesCAD_scaffold_011485_01G000200","TraesCAD_scaffold_011485_01G000200","rna","C2-",2,"negative"
"rna__TraesCAD_scaffold_059213_01G000200","TraesCAD_scaffold_059213_01G000200","rna","C1+",1,"positive"
"rna__TraesCAD_scaffold_043953_01G000300","TraesCAD_scaffold_043953_01G000300","rna","C1-",1,"negative"
"rna__TraesCAD_scaffold_069694_01G000100","TraesCAD_scaffold_069694_01G000100","rna","C1+",1,"positive"
"rna__TraesCAD_scaffold_037375_01G000100","TraesCAD_scaffold_037375_01G000100","rna","C1-",1,"negative"
"rna__TraesCAD_scaffold_046599_01G000200","TraesCAD_scaffold_046599_01G000200","rna","C1-",1,"negative"
"rna__TraesCAD_scaffold_132497_01G000200","TraesCAD_scaffold_132497_01G000200","rna","C1+",1,"positive"
"rna__TraesCAD_scaffold_008106_01G000100","TraesCAD_scaffold_008106_01G000100","rna","C1-",1,"negative"
"rna__TraesCAD_scaffold_001132_01G000300","TraesCAD_scaffold_001132_01G000300","rna","C1+",1,"positive"
"rna__TraesCAD_scaffold_000655_01G000500","TraesCAD_scaffold_000655_01G000500","rna","C1-",1,"negative"
"rna__TraesCAD_scaffold_119076_01G000200","TraesCAD_scaffold_119076_01G000200","rna","C1+",1,"positive"
"rna__TraesCAD_scaffold_026124_01G000400","TraesCAD_scaffold_026124_01G000400","rna","C2+",2,"positive"
"rna__TraesCAD_scaffold_000772_01G000600","TraesCAD_scaffold_000772_01G000600","rna","C1+",1,"positive"
"rna__TraesCAD_scaffold_097117_01G000100","TraesCAD_scaffold_097117_01G000100","rna","C1+",1,"positive"
"rna__TraesCAD_scaffold_014239_01G000100","TraesCAD_scaffold_014239_01G000100","rna","C1+",1,"positive"
"rna__TraesCAD_scaffold_100017_01G000300","TraesCAD_scaffold_100017_01G000300","rna","C1-",1,"negative"
"rna__TraesCAD_scaffold_377617_01G000600","TraesCAD_scaffold_377617_01G000600","rna","C2-",2,"negative"
"rna__TraesCAD_scaffold_097536_01G000300","TraesCAD_scaffold_097536_01G000300","rna","C2+",2,"positive"
"rna__TraesCAD_scaffold_082397_01G000100","TraesCAD_scaffold_082397_01G000100","rna","C2+",2,"positive"
"rna__TraesCAD_scaffold_008074_01G000300","TraesCAD_scaffold_008074_01G000300","rna","C2+",2,"positive"
"rna__TraesCAD_scaffold_090250_01G000100","TraesCAD_scaffold_090250_01G000100","rna","C2+",2,"positive"
"rna__TraesCAD_scaffold_049503_01G000100","TraesCAD_scaffold_049503_01G000100","rna","C2+",2,"positive"
"rna__TraesCAD_scaffold_034203_01G000100","TraesCAD_scaffold_034203_01G000100","rna","C1+",1,"positive"
"rna__TraesCAD_scaffold_066745_01G000100","TraesCAD_scaffold_066745_01G000100","rna","C2-",2,"negative"
"rna__TraesCAD_scaffold_048534_01G000100","TraesCAD_scaffold_048534_01G000100","rna","C1-",1,"negative"
"rna__TraesCAD_scaffold_111298_01G000200","TraesCAD_scaffold_111298_01G000200","rna","C2+",2,"positive"
"rna__TraesCAD_scaffold_079581_01G000200","TraesCAD_scaffold_079581_01G000200","rna","C1+",1,"positive"
"rna__TraesCAD_scaffold_076988_01G000300","TraesCAD_scaffold_076988_01G000300","rna","C2+",2,"positive"
"rna__TraesCAD_scaffold_084976_01G000500","TraesCAD_scaffold_084976_01G000500","rna","C2-",2,"negative"
"rna__TraesCAD_scaffold_092634_01G000300","TraesCAD_scaffold_092634_01G000300","rna","C1-",1,"negative"
"rna__TraesCAD_scaffold_015711_01G000100","TraesCAD_scaffold_015711_01G000100","rna","C1-",1,"negative"
"rna__TraesCAD_scaffold_075654_01G000400","TraesCAD_scaffold_075654_01G000400","rna","C2+",2,"positive"
"rna__TraesCAD_scaffold_117027_01G000100","TraesCAD_scaffold_117027_01G000100","rna","C2+",2,"positive"
"rna__TraesCAD_scaffold_034472_01G000100","TraesCAD_scaffold_034472_01G000100","rna","C2-",2,"negative"
"rna__TraesCAD_scaffold_091889_01G000100","TraesCAD_scaffold_091889_01G000100","rna","C2+",2,"positive"
"rna__TraesCAD_scaffold_011395_01G000800","TraesCAD_scaffold_011395_01G000800","rna","C2-",2,"negative"
"rna__TraesCAD_scaffold_032370_01G000100","TraesCAD_scaffold_032370_01G000100","rna","C1+",1,"positive"
"rna__TraesCAD_scaffold_040251_01G000200","TraesCAD_scaffold_040251_01G000200","rna","C1+",1,"positive"
"rna__TraesCAD_scaffold_136605_01G000100","TraesCAD_scaffold_136605_01G000100","rna","C2-",2,"negative"
"rna__TraesCAD_scaffold_000354_01G000300","TraesCAD_scaffold_000354_01G000300","rna","C2+",2,"positive"
"rna__TraesCAD_scaffold_012706_01G000200","TraesCAD_scaffold_012706_01G000200","rna","C1-",1,"negative"
"rna__TraesCAD_scaffold_013707_01G000300","TraesCAD_scaffold_013707_01G000300","rna","C2+",2,"positive"
"rna__TraesCAD_scaffold_016701_01G000400","TraesCAD_scaffold_016701_01G000400","rna","C1+",1,"positive"
"rna__TraesCAD_scaffold_051392_01G000500","TraesCAD_scaffold_051392_01G000500","rna","C2+",2,"positive"
"rna__TraesCAD_scaffold_030424_01G000300","TraesCAD_scaffold_030424_01G000300","rna","C1+",1,"positive"
"rna__TraesCAD_scaffold_002585_01G000300","TraesCAD_scaffold_002585_01G000300","rna","C1-",1,"negative"
"rna__TraesCAD_scaffold_117623_01G000100","TraesCAD_scaffold_117623_01G000100","rna","C2+",2,"positive"
"rna__TraesCAD_scaffold_001683_01G000100","TraesCAD_scaffold_001683_01G000100","rna","C2+",2,"positive"
"rna__TraesCAD_scaffold_052946_01G000300","TraesCAD_scaffold_052946_01G000300","rna","C1-",1,"negative"
"rna__TraesCAD_scaffold_050217_01G000200","TraesCAD_scaffold_050217_01G000200","rna","C2+",2,"positive"
"rna__TraesCAD_scaffold_031340_01G000400","TraesCAD_scaffold_031340_01G000400","rna","C1+",1,"positive"
"rna__TraesCAD_scaffold_130816_01G000200","TraesCAD_scaffold_130816_01G000200","rna","C1+",1,"positive"
"rna__TraesCAD_scaffold_027934_01G000100","TraesCAD_scaffold_027934_01G000100","rna","C1-",1,"negative"
"rna__TraesCAD_scaffold_038145_01G000100","TraesCAD_scaffold_038145_01G000100","rna","C1+",1,"positive"
"rna__TraesCAD_scaffold_031506_01G000300","TraesCAD_scaffold_031506_01G000300","rna","C1+",1,"positive"
"rna__TraesCAD_scaffold_035537_01G000300","TraesCAD_scaffold_035537_01G000300","rna","C1+",1,"positive"
"rna__TraesCAD_scaffold_113445_01G000100","TraesCAD_scaffold_113445_01G000100","rna","C1+",1,"positive"
"rna__TraesCAD_scaffold_027507_01G000500","TraesCAD_scaffold_027507_01G000500","rna","C1+",1,"positive"
"rna__TraesCAD_scaffold_026229_01G000100","TraesCAD_scaffold_026229_01G000100","rna","C1-",1,"negative"
"rna__TraesCAD_scaffold_049540_01G000100","TraesCAD_scaffold_049540_01G000100","rna","C1-",1,"negative"
"rna__TraesCAD_scaffold_053436_01G000300","TraesCAD_scaffold_053436_01G000300","rna","C2-",2,"negative"
"rna__TraesCAD_scaffold_089045_01G000200","TraesCAD_scaffold_089045_01G000200","rna","C1+",1,"positive"
"rna__TraesCAD_scaffold_024416_01G000100","TraesCAD_scaffold_024416_01G000100","rna","C2+",2,"positive"
"rna__TraesCAD_scaffold_043315_01G000200","TraesCAD_scaffold_043315_01G000200","rna","C2+",2,"positive"
"rna__TraesCAD_scaffold_101579_01G000100","TraesCAD_scaffold_101579_01G000100","rna","C2+",2,"positive"
"rna__TraesCAD_scaffold_082284_01G000200","TraesCAD_scaffold_082284_01G000200","rna","C1-",1,"negative"
"rna__TraesCAD_scaffold_017613_01G000200","TraesCAD_scaffold_017613_01G000200","rna","C2-",2,"negative"
"rna__TraesCAD_scaffold_072500_01G000100","TraesCAD_scaffold_072500_01G000100","rna","C2+",2,"positive"
"rna__TraesCAD_scaffold_155732_01G000100","TraesCAD_scaffold_155732_01G000100","rna","C2+",2,"positive"
"rna__TraesCAD_scaffold_033134_01G000100","TraesCAD_scaffold_033134_01G000100","rna","C2+",2,"positive"
"rna__TraesCAD_scaffold_120765_01G000300","TraesCAD_scaffold_120765_01G000300","rna","C1+",1,"positive"
"rna__TraesCAD_scaffold_083245_01G000300","TraesCAD_scaffold_083245_01G000300","rna","C2+",2,"positive"
"rna__TraesCAD_scaffold_017663_01G000100","TraesCAD_scaffold_017663_01G000100","rna","C2-",2,"negative"
"rna__TraesCAD_scaffold_043639_01G000200","TraesCAD_scaffold_043639_01G000200","rna","C1+",1,"positive"
"rna__TraesCAD_scaffold_120864_01G000100","TraesCAD_scaffold_120864_01G000100","rna","C1+",1,"positive"
"rna__TraesCAD_scaffold_004491_01G000100","TraesCAD_scaffold_004491_01G000100","rna","C1-",1,"negative"
"rna__TraesCAD_scaffold_061872_01G000400","TraesCAD_scaffold_061872_01G000400","rna","C1-",1,"negative"
"rna__TraesCAD_scaffold_035226_01G000300","TraesCAD_scaffold_035226_01G000300","rna","C2+",2,"positive"
"rna__TraesCAD_scaffold_006789_01G000200","TraesCAD_scaffold_006789_01G000200","rna","C1-",1,"negative"
"rna__TraesCAD_scaffold_097937_01G000300","TraesCAD_scaffold_097937_01G000300","rna","C2-",2,"negative"
"rna__TraesCAD_scaffold_007439_01G000500","TraesCAD_scaffold_007439_01G000500","rna","C1-",1,"negative"
"rna__TraesCAD_scaffold_002615_01G000500","TraesCAD_scaffold_002615_01G000500","rna","C1+",1,"positive"
"rna__TraesCAD_scaffold_079376_01G000100","TraesCAD_scaffold_079376_01G000100","rna","C2+",2,"positive"
"rna__TraesCAD_scaffold_019818_01G000100","TraesCAD_scaffold_019818_01G000100","rna","C2+",2,"positive"
"rna__TraesCAD_scaffold_005794_01G000100","TraesCAD_scaffold_005794_01G000100","rna","C2+",2,"positive"
"rna__TraesCAD_scaffold_034316_01G000900","TraesCAD_scaffold_034316_01G000900","rna","C2-",2,"negative"
"rna__TraesCAD_scaffold_028599_01G000700","TraesCAD_scaffold_028599_01G000700","rna","C1-",1,"negative"
"rna__TraesCAD_scaffold_042014_01G000200","TraesCAD_scaffold_042014_01G000200","rna","C1+",1,"positive"
"rna__TraesCAD_scaffold_117904_01G000300","TraesCAD_scaffold_117904_01G000300","rna","C2+",2,"positive"
"rna__TraesCAD_scaffold_030295_01G000900","TraesCAD_scaffold_030295_01G000900","rna","C2+",2,"positive"
"rna__TraesCAD_scaffold_010177_01G000100","TraesCAD_scaffold_010177_01G000100","rna","C1-",1,"negative"
"rna__TraesCAD_scaffold_097650_01G000200","TraesCAD_scaffold_097650_01G000200","rna","C1+",1,"positive"
"rna__TraesCAD_scaffold_032500_01G000100","TraesCAD_scaffold_032500_01G000100","rna","C1-",1,"negative"
"rna__TraesCAD_scaffold_000492_01G000300","TraesCAD_scaffold_000492_01G000300","rna","C2-",2,"negative"
"rna__TraesCAD_scaffold_037375_01G000300","TraesCAD_scaffold_037375_01G000300","rna","C1-",1,"negative"
"rna__TraesCAD_scaffold_072619_01G000300","TraesCAD_scaffold_072619_01G000300","rna","C1+",1,"positive"
"rna__TraesCAD_scaffold_077426_01G000400","TraesCAD_scaffold_077426_01G000400","rna","C1-",1,"negative"
"rna__TraesCAD_scaffold_137161_01G000200","TraesCAD_scaffold_137161_01G000200","rna","C1+",1,"positive"
"rna__TraesCAD_scaffold_067137_01G000100","TraesCAD_scaffold_067137_01G000100","rna","C1-",1,"negative"
"rna__TraesCAD_scaffold_000704_01G000100","TraesCAD_scaffold_000704_01G000100","rna","C2+",2,"positive"
"rna__TraesCAD_scaffold_024335_01G000100","TraesCAD_scaffold_024335_01G000100","rna","C1+",1,"positive"
"rna__TraesCAD_scaffold_024216_01G000600","TraesCAD_scaffold_024216_01G000600","rna","C1-",1,"negative"
"rna__TraesCAD_scaffold_089576_01G000200","TraesCAD_scaffold_089576_01G000200","rna","C1-",1,"negative"
"rna__TraesCAD_scaffold_058741_01G000100","TraesCAD_scaffold_058741_01G000100","rna","C1+",1,"positive"
"rna__TraesCAD_scaffold_039029_01G000100","TraesCAD_scaffold_039029_01G000100","rna","C1+",1,"positive"
"rna__TraesCAD_scaffold_029118_01G000100","TraesCAD_scaffold_029118_01G000100","rna","C1-",1,"negative"
"rna__TraesCAD_scaffold_000091_01G000300","TraesCAD_scaffold_000091_01G000300","rna","C2-",2,"negative"
"rna__TraesCAD_scaffold_061538_01G000100","TraesCAD_scaffold_061538_01G000100","rna","C2-",2,"negative"
"rna__TraesCAD_scaffold_022770_01G000100","TraesCAD_scaffold_022770_01G000100","rna","C1-",1,"negative"
"rna__TraesCAD_scaffold_015321_01G000400","TraesCAD_scaffold_015321_01G000400","rna","C2+",2,"positive"
"rna__TraesCAD_scaffold_083927_01G000100","TraesCAD_scaffold_083927_01G000100","rna","C2-",2,"negative"
"rna__TraesCAD_scaffold_083796_01G000100","TraesCAD_scaffold_083796_01G000100","rna","C2+",2,"positive"
"rna__TraesCAD_scaffold_011701_01G000200","TraesCAD_scaffold_011701_01G000200","rna","C1-",1,"negative"
"rna__TraesCAD_scaffold_037699_01G000200","TraesCAD_scaffold_037699_01G000200","rna","C1+",1,"positive"
"rna__TraesCAD_scaffold_000975_01G000100","TraesCAD_scaffold_000975_01G000100","rna","C2-",2,"negative"
"rna__TraesCAD_scaffold_010542_01G000200","TraesCAD_scaffold_010542_01G000200","rna","C1-",1,"negative"
"rna__TraesCAD_scaffold_014849_01G000300","TraesCAD_scaffold_014849_01G000300","rna","C1+",1,"positive"
"rna__TraesCAD_scaffold_036287_01G000200","TraesCAD_scaffold_036287_01G000200","rna","C2+",2,"positive"
"rna__TraesCAD_scaffold_081137_01G000200","TraesCAD_scaffold_081137_01G000200","rna","C2+",2,"positive"
"rna__TraesCAD_scaffold_023539_01G000100","TraesCAD_scaffold_023539_01G000100","rna","C2+",2,"positive"
"rna__TraesCAD_scaffold_056810_01G000200","TraesCAD_scaffold_056810_01G000200","rna","C2+",2,"positive"
"rna__TraesCAD_scaffold_014179_01G000100","TraesCAD_scaffold_014179_01G000100","rna","C2+",2,"positive"
"rna__TraesCAD_scaffold_050673_01G000100","TraesCAD_scaffold_050673_01G000100","rna","C1+",1,"positive"
"rna__TraesCAD_scaffold_033344_01G000400","TraesCAD_scaffold_033344_01G000400","rna","C2+",2,"positive"
"rna__TraesCAD_scaffold_021231_01G000100","TraesCAD_scaffold_021231_01G000100","rna","C2-",2,"negative"
"rna__TraesCAD_scaffold_008576_01G000200","TraesCAD_scaffold_008576_01G000200","rna","C1-",1,"negative"
"rna__TraesCAD_scaffold_029597_01G000100","TraesCAD_scaffold_029597_01G000100","rna","C2+",2,"positive"
"rna__TraesCAD_scaffold_016488_01G000700","TraesCAD_scaffold_016488_01G000700","rna","C1+",1,"positive"
"rna__TraesCAD_scaffold_077020_01G000100","TraesCAD_scaffold_077020_01G000100","rna","C2+",2,"positive"
"rna__TraesCAD_scaffold_054165_01G000300","TraesCAD_scaffold_054165_01G000300","rna","C1+",1,"positive"
"rna__TraesCAD_scaffold_035099_01G000200","TraesCAD_scaffold_035099_01G000200","rna","C1-",1,"negative"
"rna__TraesCAD_scaffold_098987_01G000300","TraesCAD_scaffold_098987_01G000300","rna","C2-",2,"negative"
"rna__TraesCAD_scaffold_018802_01G000100","TraesCAD_scaffold_018802_01G000100","rna","C2+",2,"positive"
"rna__TraesCAD_scaffold_063958_01G000100","TraesCAD_scaffold_063958_01G000100","rna","C1+",1,"positive"
"rna__TraesCAD_scaffold_006222_01G000300","TraesCAD_scaffold_006222_01G000300","rna","C1-",1,"negative"
"rna__TraesCAD_scaffold_012987_01G000500","TraesCAD_scaffold_012987_01G000500","rna","C2+",2,"positive"
"rna__TraesCAD_scaffold_120554_01G000100","TraesCAD_scaffold_120554_01G000100","rna","C2+",2,"positive"
"rna__TraesCAD_scaffold_043531_01G000100","TraesCAD_scaffold_043531_01G000100","rna","C1-",1,"negative"
"rna__TraesCAD_scaffold_098705_01G000100","TraesCAD_scaffold_098705_01G000100","rna","C2-",2,"negative"
"rna__TraesCAD_scaffold_043264_01G000100","TraesCAD_scaffold_043264_01G000100","rna","C1+",1,"positive"
"rna__TraesCAD_scaffold_077944_01G000300","TraesCAD_scaffold_077944_01G000300","rna","C1-",1,"negative"
"rna__TraesCAD_scaffold_095850_01G000100","TraesCAD_scaffold_095850_01G000100","rna","C1+",1,"positive"
"rna__TraesCAD_scaffold_049584_01G000200","TraesCAD_scaffold_049584_01G000200","rna","C1+",1,"positive"
"rna__TraesCAD_scaffold_058443_01G000100","TraesCAD_scaffold_058443_01G000100","rna","C2+",2,"positive"
"rna__TraesCAD_scaffold_063759_01G000200","TraesCAD_scaffold_063759_01G000200","rna","C1-",1,"negative"
"rna__TraesCAD_scaffold_045752_01G000300","TraesCAD_scaffold_045752_01G000300","rna","C1-",1,"negative"
"rna__TraesCAD_scaffold_031632_01G000100","TraesCAD_scaffold_031632_01G000100","rna","C1-",1,"negative"
"rna__TraesCAD_scaffold_037013_01G000100","TraesCAD_scaffold_037013_01G000100","rna","C1-",1,"negative"
"rna__TraesCAD_scaffold_012987_01G000600","TraesCAD_scaffold_012987_01G000600","rna","C2+",2,"positive"
"rna__TraesCAD_scaffold_067011_01G000400","TraesCAD_scaffold_067011_01G000400","rna","C2+",2,"positive"
"rna__TraesCAD_scaffold_047219_01G000700","TraesCAD_scaffold_047219_01G000700","rna","C1-",1,"negative"
"rna__TraesCAD_scaffold_094004_01G000200","TraesCAD_scaffold_094004_01G000200","rna","C2-",2,"negative"
"rna__TraesCAD_scaffold_098700_01G000200","TraesCAD_scaffold_098700_01G000200","rna","C2+",2,"positive"
"rna__TraesCAD_scaffold_002454_01G000500","TraesCAD_scaffold_002454_01G000500","rna","C1+",1,"positive"
"rna__TraesCAD_scaffold_031395_01G000200","TraesCAD_scaffold_031395_01G000200","rna","C2+",2,"positive"
"rna__TraesCAD_scaffold_039053_01G000200","TraesCAD_scaffold_039053_01G000200","rna","C1-",1,"negative"
"rna__TraesCAD_scaffold_003611_01G000200","TraesCAD_scaffold_003611_01G000200","rna","C2+",2,"positive"
"rna__TraesCAD_scaffold_032284_01G000400","TraesCAD_scaffold_032284_01G000400","rna","C1-",1,"negative"
"rna__TraesCAD_scaffold_105089_01G000100","TraesCAD_scaffold_105089_01G000100","rna","C1+",1,"positive"
"rna__TraesCAD_scaffold_054824_01G000100","TraesCAD_scaffold_054824_01G000100","rna","C1+",1,"positive"
"rna__TraesCAD_scaffold_012700_01G000200","TraesCAD_scaffold_012700_01G000200","rna","C2+",2,"positive"
"rna__TraesCAD_scaffold_056121_01G000200","TraesCAD_scaffold_056121_01G000200","rna","C2+",2,"positive"
"rna__TraesCAD_scaffold_032427_01G000100","TraesCAD_scaffold_032427_01G000100","rna","C1+",1,"positive"
"rna__TraesCAD_scaffold_012171_01G000400","TraesCAD_scaffold_012171_01G000400","rna","C2+",2,"positive"
"rna__TraesCAD_scaffold_005979_01G000200","TraesCAD_scaffold_005979_01G000200","rna","C1-",1,"negative"
"rna__TraesCAD_scaffold_016245_01G000100","TraesCAD_scaffold_016245_01G000100","rna","C1-",1,"negative"
"rna__TraesCAD_scaffold_120988_01G000100","TraesCAD_scaffold_120988_01G000100","rna","C2+",2,"positive"
"rna__TraesCAD_scaffold_140121_01G000100","TraesCAD_scaffold_140121_01G000100","rna","C2+",2,"positive"
"rna__TraesCAD_scaffold_032341_01G000100","TraesCAD_scaffold_032341_01G000100","rna","C1+",1,"positive"
"rna__TraesCAD_scaffold_050804_01G000100","TraesCAD_scaffold_050804_01G000100","rna","C2+",2,"positive"
"rna__TraesCAD_scaffold_085800_01G000100","TraesCAD_scaffold_085800_01G000100","rna","C2+",2,"positive"
"rna__TraesCAD_scaffold_042243_01G000100","TraesCAD_scaffold_042243_01G000100","rna","C2+",2,"positive"
"rna__TraesCAD_scaffold_003176_01G000200","TraesCAD_scaffold_003176_01G000200","rna","C2+",2,"positive"
"rna__TraesCAD_scaffold_031705_01G000100","TraesCAD_scaffold_031705_01G000100","rna","C1+",1,"positive"
"rna__TraesCAD_scaffold_019651_01G000400","TraesCAD_scaffold_019651_01G000400","rna","C1+",1,"positive"
"rna__TraesCAD_scaffold_056141_01G000100","TraesCAD_scaffold_056141_01G000100","rna","C2+",2,"positive"
"rna__TraesCAD_scaffold_158413_01G000400","TraesCAD_scaffold_158413_01G000400","rna","C1+",1,"positive"
"rna__TraesCAD_scaffold_076857_01G000200","TraesCAD_scaffold_076857_01G000200","rna","C1-",1,"negative"
"rna__TraesCAD_scaffold_018989_01G000200","TraesCAD_scaffold_018989_01G000200","rna","C2+",2,"positive"
"rna__TraesCAD_scaffold_019864_01G000400","TraesCAD_scaffold_019864_01G000400","rna","C1+",1,"positive"
"rna__TraesCAD_scaffold_029627_01G000300","TraesCAD_scaffold_029627_01G000300","rna","C2-",2,"negative"
"rna__TraesCAD_scaffold_034146_01G000600","TraesCAD_scaffold_034146_01G000600","rna","C2+",2,"positive"
"rna__TraesCAD_scaffold_104681_01G000200","TraesCAD_scaffold_104681_01G000200","rna","C1+",1,"positive"
"rna__TraesCAD_scaffold_004576_01G000400","TraesCAD_scaffold_004576_01G000400","rna","C1+",1,"positive"
"rna__TraesCAD_scaffold_101518_01G000100","TraesCAD_scaffold_101518_01G000100","rna","C1-",1,"negative"
"rna__TraesCAD_scaffold_077311_01G000400","TraesCAD_scaffold_077311_01G000400","rna","C1+",1,"positive"
"rna__TraesCAD_scaffold_065547_01G000200","TraesCAD_scaffold_065547_01G000200","rna","C1+",1,"positive"
"rna__TraesCAD_scaffold_033614_01G000500","TraesCAD_scaffold_033614_01G000500","rna","C1+",1,"positive"
"rna__TraesCAD_scaffold_001312_01G000400","TraesCAD_scaffold_001312_01G000400","rna","C2-",2,"negative"
"rna__TraesCAD_scaffold_071204_01G000100","TraesCAD_scaffold_071204_01G000100","rna","C2-",2,"negative"
"rna__TraesCAD_scaffold_122923_01G000100","TraesCAD_scaffold_122923_01G000100","rna","C2+",2,"positive"
"rna__TraesCAD_scaffold_098736_01G000100","TraesCAD_scaffold_098736_01G000100","rna","C1-",1,"negative"
"rna__TraesCAD_scaffold_022044_01G000100","TraesCAD_scaffold_022044_01G000100","rna","C1+",1,"positive"
"rna__TraesCAD_scaffold_111353_01G000100","TraesCAD_scaffold_111353_01G000100","rna","C1-",1,"negative"
"rna__TraesCAD_scaffold_036214_01G000100","TraesCAD_scaffold_036214_01G000100","rna","C1-",1,"negative"
"rna__TraesCAD_scaffold_025206_01G000300","TraesCAD_scaffold_025206_01G000300","rna","C1-",1,"negative"
"rna__TraesCAD_scaffold_096483_01G000100","TraesCAD_scaffold_096483_01G000100","rna","C1-",1,"negative"
"rna__TraesCAD_scaffold_094174_01G000200","TraesCAD_scaffold_094174_01G000200","rna","C1+",1,"positive"
"rna__TraesCAD_scaffold_064670_01G000300","TraesCAD_scaffold_064670_01G000300","rna","C1+",1,"positive"
"rna__TraesCAD_scaffold_015581_01G000100","TraesCAD_scaffold_015581_01G000100","rna","C1-",1,"negative"
"rna__TraesCAD_scaffold_130214_01G000200","TraesCAD_scaffold_130214_01G000200","rna","C2+",2,"positive"
"rna__TraesCAD_scaffold_063516_01G000100","TraesCAD_scaffold_063516_01G000100","rna","C1+",1,"positive"
"rna__TraesCAD_scaffold_054010_01G000100","TraesCAD_scaffold_054010_01G000100","rna","C1+",1,"positive"
"rna__TraesCAD_scaffold_006571_01G000300","TraesCAD_scaffold_006571_01G000300","rna","C2-",2,"negative"
"rna__TraesCAD_scaffold_533954_01G000100","TraesCAD_scaffold_533954_01G000100","rna","C1+",1,"positive"
"rna__TraesCAD_scaffold_094245_01G000200","TraesCAD_scaffold_094245_01G000200","rna","C1-",1,"negative"
"rna__TraesCAD_scaffold_013833_01G000300","TraesCAD_scaffold_013833_01G000300","rna","C2-",2,"negative"
"rna__TraesCAD_scaffold_006886_01G000100","TraesCAD_scaffold_006886_01G000100","rna","C2+",2,"positive"
"rna__TraesCAD_scaffold_001778_01G000200","TraesCAD_scaffold_001778_01G000200","rna","C1-",1,"negative"
"rna__TraesCAD_scaffold_027025_01G000100","TraesCAD_scaffold_027025_01G000100","rna","C2+",2,"positive"
"rna__TraesCAD_scaffold_082131_01G000100","TraesCAD_scaffold_082131_01G000100","rna","C1+",1,"positive"
"rna__TraesCAD_scaffold_133082_01G000100","TraesCAD_scaffold_133082_01G000100","rna","C1-",1,"negative"
"rna__TraesCAD_scaffold_009685_01G000200","TraesCAD_scaffold_009685_01G000200","rna","C1+",1,"positive"
"rna__TraesCAD_scaffold_039878_01G000100","TraesCAD_scaffold_039878_01G000100","rna","C1+",1,"positive"
"rna__TraesCAD_scaffold_049831_01G000200","TraesCAD_scaffold_049831_01G000200","rna","C1-",1,"negative"
"rna__TraesCAD_scaffold_008772_01G000500","TraesCAD_scaffold_008772_01G000500","rna","C2+",2,"positive"
"rna__TraesCAD_scaffold_032477_01G000400","TraesCAD_scaffold_032477_01G000400","rna","C2+",2,"positive"
"rna__TraesCAD_scaffold_072632_01G000200","TraesCAD_scaffold_072632_01G000200","rna","C2+",2,"positive"
"rna__TraesCAD_scaffold_014509_01G000100","TraesCAD_scaffold_014509_01G000100","rna","C2+",2,"positive"
"rna__TraesCAD_scaffold_100849_01G000200","TraesCAD_scaffold_100849_01G000200","rna","C2+",2,"positive"
"rna__TraesCAD_scaffold_079750_01G000200","TraesCAD_scaffold_079750_01G000200","rna","C2+",2,"positive"
"rna__TraesCAD_scaffold_484217_01G000100","TraesCAD_scaffold_484217_01G000100","rna","C1-",1,"negative"
"rna__TraesCAD_scaffold_036311_01G000200","TraesCAD_scaffold_036311_01G000200","rna","C2+",2,"positive"
"rna__TraesCAD_scaffold_033426_01G000100","TraesCAD_scaffold_033426_01G000100","rna","C1-",1,"negative"
"rna__TraesCAD_scaffold_511180_01G000200","TraesCAD_scaffold_511180_01G000200","rna","C1-",1,"negative"
"rna__TraesCAD_scaffold_092558_01G000100","TraesCAD_scaffold_092558_01G000100","rna","C1-",1,"negative"
"rna__TraesCAD_scaffold_026150_01G000100","TraesCAD_scaffold_026150_01G000100","rna","C1+",1,"positive"
"rna__TraesCAD_scaffold_173197_01G000100","TraesCAD_scaffold_173197_01G000100","rna","C2+",2,"positive"
"rna__TraesCAD_scaffold_031072_01G000200","TraesCAD_scaffold_031072_01G000200","rna","C2+",2,"positive"
"rna__TraesCAD_scaffold_075364_01G000300","TraesCAD_scaffold_075364_01G000300","rna","C1-",1,"negative"
"rna__TraesCAD_scaffold_011532_01G000300","TraesCAD_scaffold_011532_01G000300","rna","C1-",1,"negative"
"rna__TraesCAD_scaffold_083808_01G000100","TraesCAD_scaffold_083808_01G000100","rna","C1+",1,"positive"
"rna__TraesCAD_scaffold_074603_01G000200","TraesCAD_scaffold_074603_01G000200","rna","C2+",2,"positive"
"rna__TraesCAD_scaffold_081959_01G000200","TraesCAD_scaffold_081959_01G000200","rna","C2-",2,"negative"
"rna__TraesCAD_scaffold_048333_01G000100","TraesCAD_scaffold_048333_01G000100","rna","C1+",1,"positive"
"rna__TraesCAD_scaffold_119123_01G000300","TraesCAD_scaffold_119123_01G000300","rna","C1-",1,"negative"
"rna__TraesCAD_scaffold_025893_01G000200","TraesCAD_scaffold_025893_01G000200","rna","C1-",1,"negative"
"rna__TraesCAD_scaffold_030228_01G000300","TraesCAD_scaffold_030228_01G000300","rna","C2+",2,"positive"
"rna__TraesCAD_scaffold_000670_01G000300","TraesCAD_scaffold_000670_01G000300","rna","C2+",2,"positive"
"rna__TraesCAD_scaffold_041411_01G000200","TraesCAD_scaffold_041411_01G000200","rna","C2+",2,"positive"
"rna__TraesCAD_scaffold_076228_01G000200","TraesCAD_scaffold_076228_01G000200","rna","C2+",2,"positive"
"rna__TraesCAD_scaffold_028695_01G000200","TraesCAD_scaffold_028695_01G000200","rna","C1-",1,"negative"
"rna__TraesCAD_scaffold_056593_01G000200","TraesCAD_scaffold_056593_01G000200","rna","C1+",1,"positive"
"rna__TraesCAD_scaffold_013794_01G000100","TraesCAD_scaffold_013794_01G000100","rna","C2+",2,"positive"
"rna__TraesCAD_scaffold_068889_01G000300","TraesCAD_scaffold_068889_01G000300","rna","C2+",2,"positive"
"rna__TraesCAD_scaffold_009927_01G000300","TraesCAD_scaffold_009927_01G000300","rna","C2+",2,"positive"
"rna__TraesCAD_scaffold_009296_01G000400","TraesCAD_scaffold_009296_01G000400","rna","C1-",1,"negative"
"rna__TraesCAD_scaffold_070969_01G000100","TraesCAD_scaffold_070969_01G000100","rna","C1-",1,"negative"
"rna__TraesCAD_scaffold_036151_01G000300","TraesCAD_scaffold_036151_01G000300","rna","C2+",2,"positive"
"rna__TraesCAD_scaffold_029833_01G000700","TraesCAD_scaffold_029833_01G000700","rna","C2+",2,"positive"
"rna__TraesCAD_scaffold_005282_01G000300","TraesCAD_scaffold_005282_01G000300","rna","C2+",2,"positive"
"rna__TraesCAD_scaffold_023692_01G000100","TraesCAD_scaffold_023692_01G000100","rna","C1-",1,"negative"
"rna__TraesCAD_scaffold_035989_01G000800","TraesCAD_scaffold_035989_01G000800","rna","C2-",2,"negative"
"rna__TraesCAD_scaffold_125864_01G000100","TraesCAD_scaffold_125864_01G000100","rna","C1+",1,"positive"
"rna__TraesCAD_scaffold_060710_01G000200","TraesCAD_scaffold_060710_01G000200","rna","C1-",1,"negative"
"rna__TraesCAD_scaffold_047240_01G000200","TraesCAD_scaffold_047240_01G000200","rna","C2+",2,"positive"
"rna__TraesCAD_scaffold_008622_01G000600","TraesCAD_scaffold_008622_01G000600","rna","C2+",2,"positive"
"rna__TraesCAD_scaffold_001889_01G000100","TraesCAD_scaffold_001889_01G000100","rna","C1-",1,"negative"
"rna__TraesCAD_scaffold_006546_01G000200","TraesCAD_scaffold_006546_01G000200","rna","C2+",2,"positive"
"rna__TraesCAD_scaffold_033334_01G000100","TraesCAD_scaffold_033334_01G000100","rna","C1-",1,"negative"
"rna__TraesCAD_scaffold_034809_01G000400","TraesCAD_scaffold_034809_01G000400","rna","C1+",1,"positive"
"rna__TraesCAD_scaffold_015551_01G000100","TraesCAD_scaffold_015551_01G000100","rna","C1+",1,"positive"
"rna__TraesCAD_scaffold_080239_01G000400","TraesCAD_scaffold_080239_01G000400","rna","C2+",2,"positive"
"rna__TraesCAD_scaffold_041275_01G000300","TraesCAD_scaffold_041275_01G000300","rna","C2+",2,"positive"
"rna__TraesCAD_scaffold_061970_01G000200","TraesCAD_scaffold_061970_01G000200","rna","C2-",2,"negative"
"rna__TraesCAD_scaffold_070053_01G000200","TraesCAD_scaffold_070053_01G000200","rna","C1+",1,"positive"
"rna__TraesCAD_scaffold_103406_01G000100","TraesCAD_scaffold_103406_01G000100","rna","C1-",1,"negative"
"rna__TraesCAD_scaffold_003580_01G001000","TraesCAD_scaffold_003580_01G001000","rna","C1-",1,"negative"
"rna__TraesCAD_scaffold_061663_01G000200","TraesCAD_scaffold_061663_01G000200","rna","C1+",1,"positive"
"rna__TraesCAD_scaffold_044332_01G000100","TraesCAD_scaffold_044332_01G000100","rna","C2+",2,"positive"
"rna__TraesCAD_scaffold_112607_01G000100","TraesCAD_scaffold_112607_01G000100","rna","C2+",2,"positive"
"rna__TraesCAD_scaffold_060683_01G000200","TraesCAD_scaffold_060683_01G000200","rna","C1+",1,"positive"
"rna__TraesCAD_scaffold_035867_01G000300","TraesCAD_scaffold_035867_01G000300","rna","C1+",1,"positive"
"rna__TraesCAD_scaffold_104426_01G000100","TraesCAD_scaffold_104426_01G000100","rna","C1-",1,"negative"
"rna__TraesCAD_scaffold_000475_01G000600","TraesCAD_scaffold_000475_01G000600","rna","C2+",2,"positive"
"rna__TraesCAD_scaffold_040963_01G000100","TraesCAD_scaffold_040963_01G000100","rna","C1-",1,"negative"
"rna__TraesCAD_scaffold_036431_01G000300","TraesCAD_scaffold_036431_01G000300","rna","C1-",1,"negative"
"rna__TraesCAD_scaffold_001171_01G000600","TraesCAD_scaffold_001171_01G000600","rna","C2+",2,"positive"
"rna__TraesCAD_scaffold_043779_01G000200","TraesCAD_scaffold_043779_01G000200","rna","C1-",1,"negative"
"rna__TraesCAD_scaffold_084049_01G000500","TraesCAD_scaffold_084049_01G000500","rna","C1+",1,"positive"
"rna__TraesCAD_scaffold_011922_01G000100","TraesCAD_scaffold_011922_01G000100","rna","C1+",1,"positive"
"rna__TraesCAD_scaffold_092989_01G000200","TraesCAD_scaffold_092989_01G000200","rna","C2+",2,"positive"
"rna__TraesCAD_scaffold_089470_01G000100","TraesCAD_scaffold_089470_01G000100","rna","C2-",2,"negative"
"rna__TraesCAD_scaffold_078634_01G000100","TraesCAD_scaffold_078634_01G000100","rna","C1+",1,"positive"
"rna__TraesCAD_scaffold_050398_01G000200","TraesCAD_scaffold_050398_01G000200","rna","C2-",2,"negative"
"rna__TraesCAD_scaffold_001342_01G000200","TraesCAD_scaffold_001342_01G000200","rna","C2-",2,"negative"
"rna__TraesCAD_scaffold_022744_01G000100","TraesCAD_scaffold_022744_01G000100","rna","C1+",1,"positive"
"rna__TraesCAD_scaffold_014294_01G000600","TraesCAD_scaffold_014294_01G000600","rna","C2-",2,"negative"
"rna__TraesCAD_scaffold_012737_01G000300","TraesCAD_scaffold_012737_01G000300","rna","C1+",1,"positive"
"rna__TraesCAD_scaffold_019431_01G000200","TraesCAD_scaffold_019431_01G000200","rna","C1+",1,"positive"
"rna__TraesCAD_scaffold_014294_01G000500","TraesCAD_scaffold_014294_01G000500","rna","C2-",2,"negative"
"rna__TraesCAD_scaffold_036316_01G000100","TraesCAD_scaffold_036316_01G000100","rna","C1+",1,"positive"
"rna__TraesCAD_scaffold_029201_01G000100","TraesCAD_scaffold_029201_01G000100","rna","C1+",1,"positive"
"rna__TraesCAD_scaffold_010188_01G000200","TraesCAD_scaffold_010188_01G000200","rna","C1+",1,"positive"
"rna__TraesCAD_scaffold_008634_01G000100","TraesCAD_scaffold_008634_01G000100","rna","C1-",1,"negative"
"rna__TraesCAD_scaffold_041261_01G000100","TraesCAD_scaffold_041261_01G000100","rna","C2+",2,"positive"
"rna__TraesCAD_scaffold_112076_01G000200","TraesCAD_scaffold_112076_01G000200","rna","C1-",1,"negative"
"rna__TraesCAD_scaffold_066779_01G000300","TraesCAD_scaffold_066779_01G000300","rna","C1-",1,"negative"
"rna__TraesCAD_scaffold_065351_01G000100","TraesCAD_scaffold_065351_01G000100","rna","C2+",2,"positive"
"rna__TraesCAD_scaffold_004936_01G000100","TraesCAD_scaffold_004936_01G000100","rna","C1-",1,"negative"
"rna__TraesCAD_scaffold_036068_01G000100","TraesCAD_scaffold_036068_01G000100","rna","C2-",2,"negative"
"rna__TraesCAD_scaffold_017769_01G000300","TraesCAD_scaffold_017769_01G000300","rna","C2+",2,"positive"
"rna__TraesCAD_scaffold_032573_01G000200","TraesCAD_scaffold_032573_01G000200","rna","C1-",1,"negative"
"rna__TraesCAD_scaffold_057183_01G000200","TraesCAD_scaffold_057183_01G000200","rna","C1-",1,"negative"
"rna__TraesCAD_scaffold_078013_01G000100","TraesCAD_scaffold_078013_01G000100","rna","C1+",1,"positive"
"rna__TraesCAD_scaffold_004305_01G000400","TraesCAD_scaffold_004305_01G000400","rna","C2+",2,"positive"
"rna__TraesCAD_scaffold_002549_01G000500","TraesCAD_scaffold_002549_01G000500","rna","C1+",1,"positive"
"rna__TraesCAD_scaffold_278590_01G000100","TraesCAD_scaffold_278590_01G000100","rna","C2+",2,"positive"
"rna__TraesCAD_scaffold_093044_01G000100","TraesCAD_scaffold_093044_01G000100","rna","C2+",2,"positive"
"rna__TraesCAD_scaffold_003410_01G000200","TraesCAD_scaffold_003410_01G000200","rna","C1-",1,"negative"
"rna__TraesCAD_scaffold_026936_01G000500","TraesCAD_scaffold_026936_01G000500","rna","C2+",2,"positive"
"rna__TraesCAD_scaffold_026181_01G000100","TraesCAD_scaffold_026181_01G000100","rna","C1+",1,"positive"
"rna__TraesCAD_scaffold_039371_01G000100","TraesCAD_scaffold_039371_01G000100","rna","C1-",1,"negative"
"rna__TraesCAD_scaffold_009023_01G000200","TraesCAD_scaffold_009023_01G000200","rna","C2-",2,"negative"
"rna__TraesCAD_scaffold_011300_01G000400","TraesCAD_scaffold_011300_01G000400","rna","C2+",2,"positive"
"rna__TraesCAD_scaffold_078053_01G000100","TraesCAD_scaffold_078053_01G000100","rna","C1+",1,"positive"
"rna__TraesCAD_scaffold_001226_01G000100","TraesCAD_scaffold_001226_01G000100","rna","C2+",2,"positive"
"rna__TraesCAD_scaffold_011521_01G000100","TraesCAD_scaffold_011521_01G000100","rna","C1+",1,"positive"
"rna__TraesCAD_scaffold_039479_01G000200","TraesCAD_scaffold_039479_01G000200","rna","C2+",2,"positive"
"rna__TraesCAD_scaffold_071354_01G000100","TraesCAD_scaffold_071354_01G000100","rna","C2+",2,"positive"
"rna__TraesCAD_scaffold_062733_01G000200","TraesCAD_scaffold_062733_01G000200","rna","C1+",1,"positive"
"rna__TraesCAD_scaffold_960810_01G000100","TraesCAD_scaffold_960810_01G000100","rna","C1-",1,"negative"
"rna__TraesCAD_scaffold_014716_01G000100","TraesCAD_scaffold_014716_01G000100","rna","C2+",2,"positive"
"rna__TraesCAD_scaffold_011575_01G000100","TraesCAD_scaffold_011575_01G000100","rna","C2+",2,"positive"
"rna__TraesCAD_scaffold_081905_01G000200","TraesCAD_scaffold_081905_01G000200","rna","C1+",1,"positive"
"rna__TraesCAD_scaffold_090602_01G000300","TraesCAD_scaffold_090602_01G000300","rna","C2+",2,"positive"
"rna__TraesCAD_scaffold_166582_01G000100","TraesCAD_scaffold_166582_01G000100","rna","C2-",2,"negative"
"rna__TraesCAD_scaffold_016407_01G000100","TraesCAD_scaffold_016407_01G000100","rna","C2+",2,"positive"
"rna__TraesCAD_scaffold_046712_01G000200","TraesCAD_scaffold_046712_01G000200","rna","C1+",1,"positive"
"rna__TraesCAD_scaffold_006017_01G000100","TraesCAD_scaffold_006017_01G000100","rna","C2+",2,"positive"
"rna__TraesCAD_scaffold_061885_01G000200","TraesCAD_scaffold_061885_01G000200","rna","C2+",2,"positive"
"rna__TraesCAD_scaffold_065054_01G000100","TraesCAD_scaffold_065054_01G000100","rna","C1+",1,"positive"
"rna__TraesCAD_scaffold_008792_01G000800","TraesCAD_scaffold_008792_01G000800","rna","C2-",2,"negative"
"rna__TraesCAD_scaffold_024057_01G000100","TraesCAD_scaffold_024057_01G000100","rna","C2+",2,"positive"
"rna__TraesCAD_scaffold_025728_01G000200","TraesCAD_scaffold_025728_01G000200","rna","C1+",1,"positive"
"rna__TraesCAD_scaffold_001188_01G000300","TraesCAD_scaffold_001188_01G000300","rna","C1+",1,"positive"
"rna__TraesCAD_scaffold_008745_01G000400","TraesCAD_scaffold_008745_01G000400","rna","C1+",1,"positive"
"rna__TraesCAD_scaffold_054644_01G000300","TraesCAD_scaffold_054644_01G000300","rna","C1-",1,"negative"
"rna__TraesCAD_scaffold_004463_01G000400","TraesCAD_scaffold_004463_01G000400","rna","C1+",1,"positive"
"rna__TraesCAD_scaffold_029119_01G000100","TraesCAD_scaffold_029119_01G000100","rna","C2+",2,"positive"
"rna__TraesCAD_scaffold_026684_01G000100","TraesCAD_scaffold_026684_01G000100","rna","C2+",2,"positive"
"rna__TraesCAD_scaffold_031488_01G000200","TraesCAD_scaffold_031488_01G000200","rna","C2+",2,"positive"
"rna__TraesCAD_scaffold_056257_01G000800","TraesCAD_scaffold_056257_01G000800","rna","C1+",1,"positive"
"rna__TraesCAD_scaffold_083311_01G000200","TraesCAD_scaffold_083311_01G000200","rna","C2-",2,"negative"
"rna__TraesCAD_scaffold_079014_01G000200","TraesCAD_scaffold_079014_01G000200","rna","C1-",1,"negative"
"rna__TraesCAD_scaffold_103051_01G000200","TraesCAD_scaffold_103051_01G000200","rna","C2+",2,"positive"
"rna__TraesCAD_scaffold_000627_01G000500","TraesCAD_scaffold_000627_01G000500","rna","C1-",1,"negative"
"rna__TraesCAD_scaffold_108469_01G000100","TraesCAD_scaffold_108469_01G000100","rna","C1-",1,"negative"
"rna__TraesCAD_scaffold_109431_01G000100","TraesCAD_scaffold_109431_01G000100","rna","C2+",2,"positive"
"rna__TraesCAD_scaffold_078796_01G000200","TraesCAD_scaffold_078796_01G000200","rna","C2+",2,"positive"
"rna__TraesCAD_scaffold_084664_01G000100","TraesCAD_scaffold_084664_01G000100","rna","C2+",2,"positive"
"rna__TraesCAD_scaffold_025966_01G000100","TraesCAD_scaffold_025966_01G000100","rna","C1+",1,"positive"
"rna__TraesCAD_scaffold_029385_01G000700","TraesCAD_scaffold_029385_01G000700","rna","C1-",1,"negative"
"rna__TraesCAD_scaffold_000479_01G000100","TraesCAD_scaffold_000479_01G000100","rna","C2+",2,"positive"
"rna__TraesCAD_scaffold_034433_01G000300","TraesCAD_scaffold_034433_01G000300","rna","C2-",2,"negative"
"rna__TraesCAD_scaffold_094300_01G000100","TraesCAD_scaffold_094300_01G000100","rna","C1-",1,"negative"
"rna__TraesCAD_scaffold_013918_01G000100","TraesCAD_scaffold_013918_01G000100","rna","C2+",2,"positive"
"rna__TraesCAD_scaffold_013147_01G000900","TraesCAD_scaffold_013147_01G000900","rna","C2+",2,"positive"
"rna__TraesCAD_scaffold_132939_01G000100","TraesCAD_scaffold_132939_01G000100","rna","C2-",2,"negative"
"rna__TraesCAD_scaffold_006974_01G000200","TraesCAD_scaffold_006974_01G000200","rna","C2+",2,"positive"
"rna__TraesCAD_scaffold_014112_01G000200","TraesCAD_scaffold_014112_01G000200","rna","C1+",1,"positive"
"rna__TraesCAD_scaffold_058274_01G000200","TraesCAD_scaffold_058274_01G000200","rna","C1+",1,"positive"
"rna__TraesCAD_scaffold_087963_01G000200","TraesCAD_scaffold_087963_01G000200","rna","C1-",1,"negative"
"rna__TraesCAD_scaffold_115222_01G000200","TraesCAD_scaffold_115222_01G000200","rna","C1+",1,"positive"
"rna__TraesCAD_scaffold_019437_01G000300","TraesCAD_scaffold_019437_01G000300","rna","C1-",1,"negative"
"rna__TraesCAD_scaffold_027753_01G000200","TraesCAD_scaffold_027753_01G000200","rna","C1+",1,"positive"
"rna__TraesCAD_scaffold_060113_01G000100","TraesCAD_scaffold_060113_01G000100","rna","C2+",2,"positive"
"rna__TraesCAD_scaffold_041452_01G000100","TraesCAD_scaffold_041452_01G000100","rna","C1-",1,"negative"
"rna__TraesCAD_scaffold_004264_01G000300","TraesCAD_scaffold_004264_01G000300","rna","C2+",2,"positive"
"rna__TraesCAD_scaffold_016092_01G000400","TraesCAD_scaffold_016092_01G000400","rna","C1-",1,"negative"
"rna__TraesCAD_scaffold_017101_01G000100","TraesCAD_scaffold_017101_01G000100","rna","C2+",2,"positive"
"rna__TraesCAD_scaffold_020121_01G000300","TraesCAD_scaffold_020121_01G000300","rna","C1+",1,"positive"
"rna__TraesCAD_scaffold_006038_01G000300","TraesCAD_scaffold_006038_01G000300","rna","C1+",1,"positive"
"rna__TraesCAD_scaffold_015831_01G000400","TraesCAD_scaffold_015831_01G000400","rna","C2+",2,"positive"
"rna__TraesCAD_scaffold_066581_01G000300","TraesCAD_scaffold_066581_01G000300","rna","C1+",1,"positive"
"rna__TraesCAD_scaffold_012081_01G000200","TraesCAD_scaffold_012081_01G000200","rna","C1-",1,"negative"
"rna__TraesCAD_scaffold_026512_01G000700","TraesCAD_scaffold_026512_01G000700","rna","C2-",2,"negative"
"rna__TraesCAD_scaffold_047639_01G000100","TraesCAD_scaffold_047639_01G000100","rna","C2+",2,"positive"
"rna__TraesCAD_scaffold_020406_01G000200","TraesCAD_scaffold_020406_01G000200","rna","C2+",2,"positive"
"rna__TraesCAD_scaffold_036186_01G000100","TraesCAD_scaffold_036186_01G000100","rna","C1+",1,"positive"
"rna__TraesCAD_scaffold_088125_01G000100","TraesCAD_scaffold_088125_01G000100","rna","C2+",2,"positive"
"rna__TraesCAD_scaffold_006571_01G000100","TraesCAD_scaffold_006571_01G000100","rna","C2-",2,"negative"
"rna__TraesCAD_scaffold_052799_01G000100","TraesCAD_scaffold_052799_01G000100","rna","C1+",1,"positive"
"rna__TraesCAD_scaffold_078396_01G000400","TraesCAD_scaffold_078396_01G000400","rna","C2+",2,"positive"
"rna__TraesCAD_scaffold_030600_01G000300","TraesCAD_scaffold_030600_01G000300","rna","C1-",1,"negative"
"rna__TraesCAD_scaffold_036352_01G000200","TraesCAD_scaffold_036352_01G000200","rna","C2-",2,"negative"
"rna__TraesCAD_scaffold_008366_01G000100","TraesCAD_scaffold_008366_01G000100","rna","C1+",1,"positive"
"rna__TraesCAD_scaffold_007850_01G000200","TraesCAD_scaffold_007850_01G000200","rna","C2+",2,"positive"
"rna__TraesCAD_scaffold_053930_01G000100","TraesCAD_scaffold_053930_01G000100","rna","C2+",2,"positive"
"rna__TraesCAD_scaffold_891501_01G000100","TraesCAD_scaffold_891501_01G000100","rna","C2-",2,"negative"
"rna__TraesCAD_scaffold_038307_01G000100","TraesCAD_scaffold_038307_01G000100","rna","C2+",2,"positive"
"rna__TraesCAD_scaffold_091504_01G000200","TraesCAD_scaffold_091504_01G000200","rna","C1-",1,"negative"
"rna__TraesCAD_scaffold_027568_01G000300","TraesCAD_scaffold_027568_01G000300","rna","C1+",1,"positive"
"rna__TraesCAD_scaffold_005666_01G000200","TraesCAD_scaffold_005666_01G000200","rna","C1+",1,"positive"
"rna__TraesCAD_scaffold_069871_01G000100","TraesCAD_scaffold_069871_01G000100","rna","C2+",2,"positive"
"rna__TraesCAD_scaffold_052908_01G000100","TraesCAD_scaffold_052908_01G000100","rna","C1+",1,"positive"
"rna__TraesCAD_scaffold_077355_01G000200","TraesCAD_scaffold_077355_01G000200","rna","C2+",2,"positive"
"rna__TraesCAD_scaffold_077589_01G000200","TraesCAD_scaffold_077589_01G000200","rna","C1-",1,"negative"
"rna__TraesCAD_scaffold_149447_01G000200","TraesCAD_scaffold_149447_01G000200","rna","C2-",2,"negative"
"rna__TraesCAD_scaffold_018760_01G000700","TraesCAD_scaffold_018760_01G000700","rna","C2+",2,"positive"
"rna__TraesCAD_scaffold_030783_01G000200","TraesCAD_scaffold_030783_01G000200","rna","C1-",1,"negative"
"rna__TraesCAD_scaffold_040440_01G000200","TraesCAD_scaffold_040440_01G000200","rna","C1-",1,"negative"
"rna__TraesCAD_scaffold_002033_01G000400","TraesCAD_scaffold_002033_01G000400","rna","C1+",1,"positive"
"rna__TraesCAD_scaffold_087710_01G000100","TraesCAD_scaffold_087710_01G000100","rna","C2+",2,"positive"
"rna__TraesCAD_scaffold_047708_01G000100","TraesCAD_scaffold_047708_01G000100","rna","C1-",1,"negative"
"rna__TraesCAD_scaffold_034275_01G000100","TraesCAD_scaffold_034275_01G000100","rna","C1+",1,"positive"
"rna__TraesCAD_scaffold_013138_01G000600","TraesCAD_scaffold_013138_01G000600","rna","C2+",2,"positive"
"rna__TraesCAD_scaffold_062154_01G000100","TraesCAD_scaffold_062154_01G000100","rna","C1+",1,"positive"
"rna__TraesCAD_scaffold_006603_01G001500","TraesCAD_scaffold_006603_01G001500","rna","C1+",1,"positive"
"rna__TraesCAD_scaffold_085818_01G000300","TraesCAD_scaffold_085818_01G000300","rna","C2+",2,"positive"
"rna__TraesCAD_scaffold_033344_01G000300","TraesCAD_scaffold_033344_01G000300","rna","C1+",1,"positive"
"rna__TraesCAD_scaffold_008267_01G000600","TraesCAD_scaffold_008267_01G000600","rna","C1+",1,"positive"
"rna__TraesCAD_scaffold_113921_01G000100","TraesCAD_scaffold_113921_01G000100","rna","C1-",1,"negative"
"rna__TraesCAD_scaffold_054156_01G000100","TraesCAD_scaffold_054156_01G000100","rna","C2+",2,"positive"
"rna__TraesCAD_scaffold_055015_01G000200","TraesCAD_scaffold_055015_01G000200","rna","C1+",1,"positive"
"rna__TraesCAD_scaffold_068052_01G000100","TraesCAD_scaffold_068052_01G000100","rna","C2+",2,"positive"
"rna__TraesCAD_scaffold_061432_01G000100","TraesCAD_scaffold_061432_01G000100","rna","C1-",1,"negative"
"rna__TraesCAD_scaffold_056412_01G000100","TraesCAD_scaffold_056412_01G000100","rna","C1+",1,"positive"
"rna__TraesCAD_scaffold_097566_01G000100","TraesCAD_scaffold_097566_01G000100","rna","C2+",2,"positive"
"rna__TraesCAD_scaffold_080905_01G000400","TraesCAD_scaffold_080905_01G000400","rna","C1+",1,"positive"
"rna__TraesCAD_scaffold_042821_01G000200","TraesCAD_scaffold_042821_01G000200","rna","C1-",1,"negative"
"rna__TraesCAD_scaffold_084935_01G000200","TraesCAD_scaffold_084935_01G000200","rna","C2-",2,"negative"
"rna__TraesCAD_scaffold_013001_01G000100","TraesCAD_scaffold_013001_01G000100","rna","C2-",2,"negative"
"rna__TraesCAD_scaffold_016817_01G000300","TraesCAD_scaffold_016817_01G000300","rna","C1-",1,"negative"
"rna__TraesCAD_scaffold_045766_01G000200","TraesCAD_scaffold_045766_01G000200","rna","C2-",2,"negative"
"rna__TraesCAD_scaffold_146292_01G000100","TraesCAD_scaffold_146292_01G000100","rna","C2+",2,"positive"
"rna__TraesCAD_scaffold_034865_01G000200","TraesCAD_scaffold_034865_01G000200","rna","C2-",2,"negative"
"rna__TraesCAD_scaffold_003822_01G000100","TraesCAD_scaffold_003822_01G000100","rna","C2+",2,"positive"
"rna__TraesCAD_scaffold_017099_01G000100","TraesCAD_scaffold_017099_01G000100","rna","C1-",1,"negative"
"rna__TraesCAD_scaffold_049637_01G000100","TraesCAD_scaffold_049637_01G000100","rna","C1+",1,"positive"
"rna__TraesCAD_scaffold_006770_01G000100","TraesCAD_scaffold_006770_01G000100","rna","C2-",2,"negative"
"rna__TraesCAD_scaffold_065971_01G000300","TraesCAD_scaffold_065971_01G000300","rna","C2-",2,"negative"
"rna__TraesCAD_scaffold_056885_01G000200","TraesCAD_scaffold_056885_01G000200","rna","C1+",1,"positive"
"rna__TraesCAD_scaffold_099566_01G000100","TraesCAD_scaffold_099566_01G000100","rna","C2+",2,"positive"
"rna__TraesCAD_scaffold_073141_01G000200","TraesCAD_scaffold_073141_01G000200","rna","C1+",1,"positive"
"rna__TraesCAD_scaffold_012000_01G000200","TraesCAD_scaffold_012000_01G000200","rna","C1+",1,"positive"
"rna__TraesCAD_scaffold_073325_01G000100","TraesCAD_scaffold_073325_01G000100","rna","C2+",2,"positive"
"rna__TraesCAD_scaffold_009592_01G000300","TraesCAD_scaffold_009592_01G000300","rna","C1+",1,"positive"
"rna__TraesCAD_scaffold_048537_01G000200","TraesCAD_scaffold_048537_01G000200","rna","C1+",1,"positive"
"rna__TraesCAD_scaffold_044525_01G000400","TraesCAD_scaffold_044525_01G000400","rna","C1+",1,"positive"
"rna__TraesCAD_scaffold_114208_01G000100","TraesCAD_scaffold_114208_01G000100","rna","C1-",1,"negative"
"rna__TraesCAD_scaffold_147372_01G000100","TraesCAD_scaffold_147372_01G000100","rna","C1-",1,"negative"
"rna__TraesCAD_scaffold_000754_01G000300","TraesCAD_scaffold_000754_01G000300","rna","C2+",2,"positive"
"rna__TraesCAD_scaffold_047329_01G000300","TraesCAD_scaffold_047329_01G000300","rna","C1+",1,"positive"
"rna__TraesCAD_scaffold_101567_01G000100","TraesCAD_scaffold_101567_01G000100","rna","C1-",1,"negative"
"rna__TraesCAD_scaffold_079475_01G000200","TraesCAD_scaffold_079475_01G000200","rna","C2-",2,"negative"
"rna__TraesCAD_scaffold_043258_01G000300","TraesCAD_scaffold_043258_01G000300","rna","C1-",1,"negative"
"rna__TraesCAD_scaffold_041694_01G000300","TraesCAD_scaffold_041694_01G000300","rna","C1+",1,"positive"
"rna__TraesCAD_scaffold_009576_01G000200","TraesCAD_scaffold_009576_01G000200","rna","C2+",2,"positive"
"rna__TraesCAD_scaffold_051534_01G000200","TraesCAD_scaffold_051534_01G000200","rna","C1-",1,"negative"
"rna__TraesCAD_scaffold_009805_01G000200","TraesCAD_scaffold_009805_01G000200","rna","C1-",1,"negative"
"rna__TraesCAD_scaffold_038120_01G000100","TraesCAD_scaffold_038120_01G000100","rna","C2+",2,"positive"
"rna__TraesCAD_scaffold_078794_01G000100","TraesCAD_scaffold_078794_01G000100","rna","C1-",1,"negative"
"rna__TraesCAD_scaffold_062215_01G000200","TraesCAD_scaffold_062215_01G000200","rna","C2+",2,"positive"
"rna__TraesCAD_scaffold_019393_01G000100","TraesCAD_scaffold_019393_01G000100","rna","C1-",1,"negative"
"rna__TraesCAD_scaffold_160572_01G000100","TraesCAD_scaffold_160572_01G000100","rna","C2+",2,"positive"
"rna__TraesCAD_scaffold_159115_01G000100","TraesCAD_scaffold_159115_01G000100","rna","C1+",1,"positive"
"rna__TraesCAD_scaffold_014444_01G000100","TraesCAD_scaffold_014444_01G000100","rna","C2-",2,"negative"
"rna__TraesCAD_scaffold_022283_01G000400","TraesCAD_scaffold_022283_01G000400","rna","C2+",2,"positive"
"rna__TraesCAD_scaffold_014229_01G000100","TraesCAD_scaffold_014229_01G000100","rna","C1+",1,"positive"
"rna__TraesCAD_scaffold_035254_01G000200","TraesCAD_scaffold_035254_01G000200","rna","C1-",1,"negative"
"rna__TraesCAD_scaffold_019638_01G000300","TraesCAD_scaffold_019638_01G000300","rna","C2-",2,"negative"
"rna__TraesCAD_scaffold_046318_01G000100","TraesCAD_scaffold_046318_01G000100","rna","C2+",2,"positive"
"rna__TraesCAD_scaffold_003466_01G000300","TraesCAD_scaffold_003466_01G000300","rna","C2+",2,"positive"
"rna__TraesCAD_scaffold_013334_01G000400","TraesCAD_scaffold_013334_01G000400","rna","C2-",2,"negative"
"rna__TraesCAD_scaffold_031689_01G000200","TraesCAD_scaffold_031689_01G000200","rna","C2+",2,"positive"
"rna__TraesCAD_scaffold_105456_01G000100","TraesCAD_scaffold_105456_01G000100","rna","C2+",2,"positive"
"rna__TraesCAD_scaffold_086231_01G000100","TraesCAD_scaffold_086231_01G000100","rna","C2+",2,"positive"
"rna__TraesCAD_scaffold_009913_01G000200","TraesCAD_scaffold_009913_01G000200","rna","C1+",1,"positive"
"rna__TraesCAD_scaffold_071835_01G000100","TraesCAD_scaffold_071835_01G000100","rna","C2+",2,"positive"
"rna__TraesCAD_scaffold_003510_01G000700","TraesCAD_scaffold_003510_01G000700","rna","C1-",1,"negative"
"rna__TraesCAD_scaffold_109362_01G000200","TraesCAD_scaffold_109362_01G000200","rna","C2+",2,"positive"
"rna__TraesCAD_scaffold_059208_01G000100","TraesCAD_scaffold_059208_01G000100","rna","C1-",1,"negative"
"rna__TraesCAD_scaffold_089272_01G000100","TraesCAD_scaffold_089272_01G000100","rna","C1+",1,"positive"
"rna__TraesCAD_scaffold_061318_01G000200","TraesCAD_scaffold_061318_01G000200","rna","C2+",2,"positive"
"rna__TraesCAD_scaffold_057164_01G000100","TraesCAD_scaffold_057164_01G000100","rna","C2+",2,"positive"
"rna__TraesCAD_scaffold_848242_01G000100","TraesCAD_scaffold_848242_01G000100","rna","C1+",1,"positive"
"rna__TraesCAD_scaffold_006468_01G000300","TraesCAD_scaffold_006468_01G000300","rna","C1+",1,"positive"
"rna__TraesCAD_scaffold_041891_01G000100","TraesCAD_scaffold_041891_01G000100","rna","C1-",1,"negative"
"rna__TraesCAD_scaffold_009504_01G000200","TraesCAD_scaffold_009504_01G000200","rna","C1+",1,"positive"
"rna__TraesCAD_scaffold_033051_01G000100","TraesCAD_scaffold_033051_01G000100","rna","C1+",1,"positive"
"rna__TraesCAD_scaffold_015725_01G000100","TraesCAD_scaffold_015725_01G000100","rna","C2+",2,"positive"
"rna__TraesCAD_scaffold_006815_01G000100","TraesCAD_scaffold_006815_01G000100","rna","C2-",2,"negative"
"rna__TraesCAD_scaffold_014297_01G000100","TraesCAD_scaffold_014297_01G000100","rna","C2-",2,"negative"
"rna__TraesCAD_scaffold_058982_01G000100","TraesCAD_scaffold_058982_01G000100","rna","C1-",1,"negative"
"rna__TraesCAD_scaffold_001804_01G000800","TraesCAD_scaffold_001804_01G000800","rna","C1-",1,"negative"
"rna__TraesCAD_scaffold_073750_01G000200","TraesCAD_scaffold_073750_01G000200","rna","C1-",1,"negative"
"rna__TraesCAD_scaffold_034326_01G000600","TraesCAD_scaffold_034326_01G000600","rna","C1-",1,"negative"
"rna__TraesCAD_scaffold_093035_01G000200","TraesCAD_scaffold_093035_01G000200","rna","C1-",1,"negative"
"rna__TraesCAD_scaffold_063284_01G000100","TraesCAD_scaffold_063284_01G000100","rna","C2+",2,"positive"
"rna__TraesCAD_scaffold_106188_01G000200","TraesCAD_scaffold_106188_01G000200","rna","C2-",2,"negative"
"rna__TraesCAD_scaffold_089800_01G000100","TraesCAD_scaffold_089800_01G000100","rna","C2-",2,"negative"
"rna__TraesCAD_scaffold_086809_01G000300","TraesCAD_scaffold_086809_01G000300","rna","C2-",2,"negative"
"rna__TraesCAD_scaffold_067439_01G000100","TraesCAD_scaffold_067439_01G000100","rna","C1+",1,"positive"
"rna__TraesCAD_scaffold_002000_01G000100","TraesCAD_scaffold_002000_01G000100","rna","C1-",1,"negative"
"rna__TraesCAD_scaffold_028426_01G000300","TraesCAD_scaffold_028426_01G000300","rna","C2+",2,"positive"
"rna__TraesCAD_scaffold_092687_01G000100","TraesCAD_scaffold_092687_01G000100","rna","C2+",2,"positive"
"rna__TraesCAD_scaffold_040660_01G000300","TraesCAD_scaffold_040660_01G000300","rna","C1-",1,"negative"
"rna__TraesCAD_scaffold_005027_01G000200","TraesCAD_scaffold_005027_01G000200","rna","C1+",1,"positive"
"rna__TraesCAD_scaffold_063672_01G000100","TraesCAD_scaffold_063672_01G000100","rna","C1+",1,"positive"
"rna__TraesCAD_scaffold_138902_01G000100","TraesCAD_scaffold_138902_01G000100","rna","C2+",2,"positive"
"rna__TraesCAD_scaffold_016540_01G000100","TraesCAD_scaffold_016540_01G000100","rna","C2+",2,"positive"
"rna__TraesCAD_scaffold_067632_01G000100","TraesCAD_scaffold_067632_01G000100","rna","C1-",1,"negative"
"rna__TraesCAD_scaffold_109130_01G000100","TraesCAD_scaffold_109130_01G000100","rna","C2+",2,"positive"
"rna__TraesCAD_scaffold_000570_01G000300","TraesCAD_scaffold_000570_01G000300","rna","C2+",2,"positive"
"rna__TraesCAD_scaffold_059596_01G000100","TraesCAD_scaffold_059596_01G000100","rna","C1+",1,"positive"
"rna__TraesCAD_scaffold_035851_01G000100","TraesCAD_scaffold_035851_01G000100","rna","C2+",2,"positive"
"rna__TraesCAD_scaffold_045214_01G000100","TraesCAD_scaffold_045214_01G000100","rna","C2+",2,"positive"
"rna__TraesCAD_scaffold_055129_01G000300","TraesCAD_scaffold_055129_01G000300","rna","C1-",1,"negative"
"rna__TraesCAD_scaffold_013096_01G000500","TraesCAD_scaffold_013096_01G000500","rna","C1-",1,"negative"
"rna__TraesCAD_scaffold_028045_01G000100","TraesCAD_scaffold_028045_01G000100","rna","C1+",1,"positive"
"rna__TraesCAD_scaffold_011000_01G000200","TraesCAD_scaffold_011000_01G000200","rna","C2+",2,"positive"
"rna__TraesCAD_scaffold_064394_01G000100","TraesCAD_scaffold_064394_01G000100","rna","C2+",2,"positive"
"rna__TraesCAD_scaffold_041332_01G000200","TraesCAD_scaffold_041332_01G000200","rna","C1-",1,"negative"
"rna__TraesCAD_scaffold_003485_01G000100","TraesCAD_scaffold_003485_01G000100","rna","C2-",2,"negative"
"rna__TraesCAD_scaffold_007481_01G000100","TraesCAD_scaffold_007481_01G000100","rna","C1+",1,"positive"
"rna__TraesCAD_scaffold_156871_01G000100","TraesCAD_scaffold_156871_01G000100","rna","C1+",1,"positive"
"rna__TraesCAD_scaffold_048789_01G000200","TraesCAD_scaffold_048789_01G000200","rna","C1+",1,"positive"
"rna__TraesCAD_scaffold_093901_01G000200","TraesCAD_scaffold_093901_01G000200","rna","C1-",1,"negative"
"rna__TraesCAD_scaffold_099255_01G000100","TraesCAD_scaffold_099255_01G000100","rna","C2-",2,"negative"
"rna__TraesCAD_scaffold_388384_01G000200","TraesCAD_scaffold_388384_01G000200","rna","C1-",1,"negative"
"rna__TraesCAD_scaffold_105566_01G000100","TraesCAD_scaffold_105566_01G000100","rna","C1-",1,"negative"
"rna__TraesCAD_scaffold_073813_01G000100","TraesCAD_scaffold_073813_01G000100","rna","C2-",2,"negative"
"rna__TraesCAD_scaffold_103608_01G000100","TraesCAD_scaffold_103608_01G000100","rna","C2-",2,"negative"
"rna__TraesCAD_scaffold_091855_01G000100","TraesCAD_scaffold_091855_01G000100","rna","C2+",2,"positive"
"rna__TraesCAD_scaffold_108220_01G000300","TraesCAD_scaffold_108220_01G000300","rna","C1-",1,"negative"
"rna__TraesCAD_scaffold_006109_01G000100","TraesCAD_scaffold_006109_01G000100","rna","C1+",1,"positive"
"rna__TraesCAD_scaffold_107514_01G000100","TraesCAD_scaffold_107514_01G000100","rna","C2+",2,"positive"
"rna__TraesCAD_scaffold_077415_01G000100","TraesCAD_scaffold_077415_01G000100","rna","C2+",2,"positive"
"rna__TraesCAD_scaffold_022091_01G000300","TraesCAD_scaffold_022091_01G000300","rna","C1-",1,"negative"
"rna__TraesCAD_scaffold_061287_01G000200","TraesCAD_scaffold_061287_01G000200","rna","C1+",1,"positive"
"rna__TraesCAD_scaffold_001166_01G000200","TraesCAD_scaffold_001166_01G000200","rna","C1+",1,"positive"
"rna__TraesCAD_scaffold_027436_01G000700","TraesCAD_scaffold_027436_01G000700","rna","C1+",1,"positive"
"rna__TraesCAD_scaffold_002183_01G000300","TraesCAD_scaffold_002183_01G000300","rna","C2+",2,"positive"
"rna__TraesCAD_scaffold_044799_01G000100","TraesCAD_scaffold_044799_01G000100","rna","C2-",2,"negative"
"rna__TraesCAD_scaffold_043376_01G000300","TraesCAD_scaffold_043376_01G000300","rna","C2-",2,"negative"
"rna__TraesCAD_scaffold_008954_01G000100","TraesCAD_scaffold_008954_01G000100","rna","C1-",1,"negative"
"rna__TraesCAD_scaffold_007511_01G000200","TraesCAD_scaffold_007511_01G000200","rna","C1+",1,"positive"
"rna__TraesCAD_scaffold_057347_01G000300","TraesCAD_scaffold_057347_01G000300","rna","C2+",2,"positive"
"rna__TraesCAD_scaffold_000927_01G000100","TraesCAD_scaffold_000927_01G000100","rna","C2+",2,"positive"
"rna__TraesCAD_scaffold_038598_01G000200","TraesCAD_scaffold_038598_01G000200","rna","C1-",1,"negative"
"rna__TraesCAD_scaffold_012996_01G000100","TraesCAD_scaffold_012996_01G000100","rna","C2-",2,"negative"
"rna__TraesCAD_scaffold_077664_01G000200","TraesCAD_scaffold_077664_01G000200","rna","C1-",1,"negative"
"rna__TraesCAD_scaffold_041343_01G000300","TraesCAD_scaffold_041343_01G000300","rna","C1+",1,"positive"
"rna__TraesCAD_scaffold_044875_01G000100","TraesCAD_scaffold_044875_01G000100","rna","C1+",1,"positive"
"rna__TraesCAD_scaffold_062470_01G000300","TraesCAD_scaffold_062470_01G000300","rna","C1+",1,"positive"
"rna__TraesCAD_scaffold_060522_01G000200","TraesCAD_scaffold_060522_01G000200","rna","C2-",2,"negative"
"rna__TraesCAD_scaffold_079313_01G000100","TraesCAD_scaffold_079313_01G000100","rna","C1+",1,"positive"
"rna__TraesCAD_scaffold_104817_01G000100","TraesCAD_scaffold_104817_01G000100","rna","C1+",1,"positive"
"rna__TraesCAD_scaffold_055130_01G000100","TraesCAD_scaffold_055130_01G000100","rna","C2-",2,"negative"
"rna__TraesCAD_scaffold_069714_01G000200","TraesCAD_scaffold_069714_01G000200","rna","C2+",2,"positive"
"rna__TraesCAD_scaffold_040179_01G000500","TraesCAD_scaffold_040179_01G000500","rna","C1-",1,"negative"
"rna__TraesCAD_scaffold_037943_01G000200","TraesCAD_scaffold_037943_01G000200","rna","C1-",1,"negative"
"rna__TraesCAD_scaffold_522550_01G000100","TraesCAD_scaffold_522550_01G000100","rna","C2+",2,"positive"
"rna__TraesCAD_scaffold_016796_01G000100","TraesCAD_scaffold_016796_01G000100","rna","C2-",2,"negative"
"rna__TraesCAD_scaffold_009352_01G000100","TraesCAD_scaffold_009352_01G000100","rna","C2+",2,"positive"
"rna__TraesCAD_scaffold_023661_01G000100","TraesCAD_scaffold_023661_01G000100","rna","C2-",2,"negative"
"rna__TraesCAD_scaffold_005667_01G000800","TraesCAD_scaffold_005667_01G000800","rna","C2-",2,"negative"
"rna__TraesCAD_scaffold_027000_01G000400","TraesCAD_scaffold_027000_01G000400","rna","C1-",1,"negative"
"rna__TraesCAD_scaffold_012874_01G000300","TraesCAD_scaffold_012874_01G000300","rna","C1-",1,"negative"
"rna__TraesCAD_scaffold_029491_01G000300","TraesCAD_scaffold_029491_01G000300","rna","C2-",2,"negative"
"rna__TraesCAD_scaffold_076572_01G000100","TraesCAD_scaffold_076572_01G000100","rna","C1+",1,"positive"
"rna__TraesCAD_scaffold_006543_01G000100","TraesCAD_scaffold_006543_01G000100","rna","C1+",1,"positive"
"rna__TraesCAD_scaffold_153228_01G000200","TraesCAD_scaffold_153228_01G000200","rna","C1-",1,"negative"
"rna__TraesCAD_scaffold_026017_01G000200","TraesCAD_scaffold_026017_01G000200","rna","C1+",1,"positive"
"rna__TraesCAD_scaffold_100238_01G000100","TraesCAD_scaffold_100238_01G000100","rna","C1-",1,"negative"
"rna__TraesCAD_scaffold_050281_01G000200","TraesCAD_scaffold_050281_01G000200","rna","C1+",1,"positive"
"rna__TraesCAD_scaffold_034481_01G000200","TraesCAD_scaffold_034481_01G000200","rna","C1+",1,"positive"
"rna__TraesCAD_scaffold_118718_01G000100","TraesCAD_scaffold_118718_01G000100","rna","C1+",1,"positive"
"rna__TraesCAD_scaffold_019155_01G000300","TraesCAD_scaffold_019155_01G000300","rna","C1-",1,"negative"
"rna__TraesCAD_scaffold_004811_01G000100","TraesCAD_scaffold_004811_01G000100","rna","C2+",2,"positive"
"rna__TraesCAD_scaffold_021289_01G000300","TraesCAD_scaffold_021289_01G000300","rna","C2+",2,"positive"
"rna__TraesCAD_scaffold_094454_01G000100","TraesCAD_scaffold_094454_01G000100","rna","C1+",1,"positive"
"rna__TraesCAD_scaffold_071314_01G000100","TraesCAD_scaffold_071314_01G000100","rna","C2+",2,"positive"
"rna__TraesCAD_scaffold_010863_01G000200","TraesCAD_scaffold_010863_01G000200","rna","C2-",2,"negative"
"rna__TraesCAD_scaffold_049879_01G000300","TraesCAD_scaffold_049879_01G000300","rna","C2+",2,"positive"
"rna__TraesCAD_scaffold_070159_01G000200","TraesCAD_scaffold_070159_01G000200","rna","C1-",1,"negative"
"rna__TraesCAD_scaffold_039719_01G000100","TraesCAD_scaffold_039719_01G000100","rna","C1+",1,"positive"
"rna__TraesCAD_scaffold_002084_01G000400","TraesCAD_scaffold_002084_01G000400","rna","C2-",2,"negative"
"rna__TraesCAD_scaffold_016595_01G000400","TraesCAD_scaffold_016595_01G000400","rna","C2-",2,"negative"
"rna__TraesCAD_scaffold_120717_01G000200","TraesCAD_scaffold_120717_01G000200","rna","C2-",2,"negative"
"rna__TraesCAD_scaffold_009095_01G000100","TraesCAD_scaffold_009095_01G000100","rna","C2+",2,"positive"
"rna__TraesCAD_scaffold_041439_01G000100","TraesCAD_scaffold_041439_01G000100","rna","C2-",2,"negative"
"rna__TraesCAD_scaffold_097725_01G000100","TraesCAD_scaffold_097725_01G000100","rna","C1-",1,"negative"
"rna__TraesCAD_scaffold_056219_01G000200","TraesCAD_scaffold_056219_01G000200","rna","C2+",2,"positive"
"rna__TraesCAD_scaffold_016013_01G000100","TraesCAD_scaffold_016013_01G000100","rna","C2+",2,"positive"
"rna__TraesCAD_scaffold_129910_01G000100","TraesCAD_scaffold_129910_01G000100","rna","C2-",2,"negative"
"rna__TraesCAD_scaffold_101586_01G000100","TraesCAD_scaffold_101586_01G000100","rna","C1-",1,"negative"
"rna__TraesCAD_scaffold_010505_01G000600","TraesCAD_scaffold_010505_01G000600","rna","C1+",1,"positive"
"rna__TraesCAD_scaffold_036259_01G000100","TraesCAD_scaffold_036259_01G000100","rna","C1-",1,"negative"
"rna__TraesCAD_scaffold_045667_01G000200","TraesCAD_scaffold_045667_01G000200","rna","C2-",2,"negative"
"rna__TraesCAD_scaffold_023201_01G000600","TraesCAD_scaffold_023201_01G000600","rna","C1-",1,"negative"
"rna__TraesCAD_scaffold_035101_01G000600","TraesCAD_scaffold_035101_01G000600","rna","C2+",2,"positive"
"rna__TraesCAD_scaffold_121737_01G000200","TraesCAD_scaffold_121737_01G000200","rna","C2+",2,"positive"
"rna__TraesCAD_scaffold_170785_01G000100","TraesCAD_scaffold_170785_01G000100","rna","C1-",1,"negative"
"rna__TraesCAD_scaffold_053932_01G000100","TraesCAD_scaffold_053932_01G000100","rna","C1+",1,"positive"
"rna__TraesCAD_scaffold_082195_01G000100","TraesCAD_scaffold_082195_01G000100","rna","C2+",2,"positive"
"rna__TraesCAD_scaffold_009985_01G000100","TraesCAD_scaffold_009985_01G000100","rna","C2+",2,"positive"
"rna__TraesCAD_scaffold_025381_01G000700","TraesCAD_scaffold_025381_01G000700","rna","C1-",1,"negative"
"rna__TraesCAD_scaffold_099474_01G000100","TraesCAD_scaffold_099474_01G000100","rna","C2-",2,"negative"
"rna__TraesCAD_scaffold_030190_01G000300","TraesCAD_scaffold_030190_01G000300","rna","C1-",1,"negative"
"rna__TraesCAD_scaffold_029201_01G000200","TraesCAD_scaffold_029201_01G000200","rna","C1+",1,"positive"
"rna__TraesCAD_scaffold_002911_01G000100","TraesCAD_scaffold_002911_01G000100","rna","C2+",2,"positive"
"rna__TraesCAD_scaffold_018291_01G000400","TraesCAD_scaffold_018291_01G000400","rna","C1+",1,"positive"
"rna__TraesCAD_scaffold_029148_01G000100","TraesCAD_scaffold_029148_01G000100","rna","C2-",2,"negative"
"rna__TraesCAD_scaffold_000796_01G000400","TraesCAD_scaffold_000796_01G000400","rna","C1+",1,"positive"
"rna__TraesCAD_scaffold_079999_01G000400","TraesCAD_scaffold_079999_01G000400","rna","C2+",2,"positive"
"rna__TraesCAD_scaffold_045520_01G000100","TraesCAD_scaffold_045520_01G000100","rna","C2+",2,"positive"
"rna__TraesCAD_scaffold_059405_01G000100","TraesCAD_scaffold_059405_01G000100","rna","C2+",2,"positive"
"rna__TraesCAD_scaffold_039300_01G000200","TraesCAD_scaffold_039300_01G000200","rna","C2+",2,"positive"
"rna__TraesCAD_scaffold_050580_01G000100","TraesCAD_scaffold_050580_01G000100","rna","C2+",2,"positive"
"rna__TraesCAD_scaffold_093310_01G000500","TraesCAD_scaffold_093310_01G000500","rna","C2+",2,"positive"
"rna__TraesCAD_scaffold_047235_01G000100","TraesCAD_scaffold_047235_01G000100","rna","C2+",2,"positive"
"rna__TraesCAD_scaffold_053392_01G000100","TraesCAD_scaffold_053392_01G000100","rna","C1+",1,"positive"
"rna__TraesCAD_scaffold_089659_01G000100","TraesCAD_scaffold_089659_01G000100","rna","C1-",1,"negative"
"rna__TraesCAD_scaffold_014430_01G000100","TraesCAD_scaffold_014430_01G000100","rna","C1-",1,"negative"
"rna__TraesCAD_scaffold_111847_01G000100","TraesCAD_scaffold_111847_01G000100","rna","C2-",2,"negative"
"rna__TraesCAD_scaffold_021306_01G000100","TraesCAD_scaffold_021306_01G000100","rna","C1+",1,"positive"
"rna__TraesCAD_scaffold_001301_01G001200","TraesCAD_scaffold_001301_01G001200","rna","C1+",1,"positive"
"rna__TraesCAD_scaffold_031495_01G000100","TraesCAD_scaffold_031495_01G000100","rna","C1-",1,"negative"
"rna__TraesCAD_scaffold_049256_01G000400","TraesCAD_scaffold_049256_01G000400","rna","C2+",2,"positive"
"rna__TraesCAD_scaffold_001330_01G000100","TraesCAD_scaffold_001330_01G000100","rna","C1-",1,"negative"
"rna__TraesCAD_scaffold_005017_01G000200","TraesCAD_scaffold_005017_01G000200","rna","C1-",1,"negative"
"rna__TraesCAD_scaffold_045393_01G000300","TraesCAD_scaffold_045393_01G000300","rna","C1+",1,"positive"
"rna__TraesCAD_scaffold_018338_01G000100","TraesCAD_scaffold_018338_01G000100","rna","C2+",2,"positive"
"rna__TraesCAD_scaffold_018977_01G000100","TraesCAD_scaffold_018977_01G000100","rna","C2+",2,"positive"
"rna__TraesCAD_scaffold_024804_01G000400","TraesCAD_scaffold_024804_01G000400","rna","C2+",2,"positive"
"rna__TraesCAD_scaffold_068958_01G000300","TraesCAD_scaffold_068958_01G000300","rna","C1+",1,"positive"
"rna__TraesCAD_scaffold_044214_01G000200","TraesCAD_scaffold_044214_01G000200","rna","C2-",2,"negative"
"rna__TraesCAD_scaffold_003841_01G000100","TraesCAD_scaffold_003841_01G000100","rna","C1+",1,"positive"
"rna__TraesCAD_scaffold_018604_01G000200","TraesCAD_scaffold_018604_01G000200","rna","C1+",1,"positive"
"rna__TraesCAD_scaffold_014291_01G000100","TraesCAD_scaffold_014291_01G000100","rna","C1-",1,"negative"
"rna__TraesCAD_scaffold_005003_01G000100","TraesCAD_scaffold_005003_01G000100","rna","C1+",1,"positive"
"rna__TraesCAD_scaffold_131817_01G000100","TraesCAD_scaffold_131817_01G000100","rna","C2-",2,"negative"
"rna__TraesCAD_scaffold_028420_01G000500","TraesCAD_scaffold_028420_01G000500","rna","C2+",2,"positive"
"rna__TraesCAD_scaffold_038101_01G000200","TraesCAD_scaffold_038101_01G000200","rna","C2+",2,"positive"
"rna__TraesCAD_scaffold_038367_01G000300","TraesCAD_scaffold_038367_01G000300","rna","C1+",1,"positive"
"rna__TraesCAD_scaffold_020058_01G000300","TraesCAD_scaffold_020058_01G000300","rna","C1+",1,"positive"
"rna__TraesCAD_scaffold_105690_01G000100","TraesCAD_scaffold_105690_01G000100","rna","C1-",1,"negative"
"rna__TraesCAD_scaffold_112374_01G000100","TraesCAD_scaffold_112374_01G000100","rna","C1-",1,"negative"
"rna__TraesCAD_scaffold_010512_01G000200","TraesCAD_scaffold_010512_01G000200","rna","C1+",1,"positive"
"rna__TraesCAD_scaffold_021755_01G000500","TraesCAD_scaffold_021755_01G000500","rna","C2+",2,"positive"
"rna__TraesCAD_scaffold_010053_01G000100","TraesCAD_scaffold_010053_01G000100","rna","C1+",1,"positive"
"rna__TraesCAD_scaffold_053447_01G000200","TraesCAD_scaffold_053447_01G000200","rna","C2-",2,"negative"
"rna__TraesCAD_scaffold_111874_01G000300","TraesCAD_scaffold_111874_01G000300","rna","C1+",1,"positive"
"rna__TraesCAD_scaffold_073885_01G000200","TraesCAD_scaffold_073885_01G000200","rna","C1-",1,"negative"
"rna__TraesCAD_scaffold_046863_01G000100","TraesCAD_scaffold_046863_01G000100","rna","C1+",1,"positive"
"rna__TraesCAD_scaffold_056628_01G000100","TraesCAD_scaffold_056628_01G000100","rna","C1-",1,"negative"
"rna__TraesCAD_scaffold_161552_01G000100","TraesCAD_scaffold_161552_01G000100","rna","C1-",1,"negative"
"rna__TraesCAD_scaffold_077717_01G000300","TraesCAD_scaffold_077717_01G000300","rna","C2+",2,"positive"
"rna__TraesCAD_scaffold_000625_01G000300","TraesCAD_scaffold_000625_01G000300","rna","C2+",2,"positive"
"rna__TraesCAD_scaffold_067841_01G000200","TraesCAD_scaffold_067841_01G000200","rna","C2+",2,"positive"
"rna__TraesCAD_scaffold_017565_01G000100","TraesCAD_scaffold_017565_01G000100","rna","C1+",1,"positive"
"rna__TraesCAD_scaffold_075270_01G000200","TraesCAD_scaffold_075270_01G000200","rna","C1+",1,"positive"
"rna__TraesCAD_scaffold_927109_01G000100","TraesCAD_scaffold_927109_01G000100","rna","C1+",1,"positive"
"rna__TraesCAD_scaffold_029973_01G000100","TraesCAD_scaffold_029973_01G000100","rna","C2+",2,"positive"
"rna__TraesCAD_scaffold_036125_01G000600","TraesCAD_scaffold_036125_01G000600","rna","C2+",2,"positive"
"rna__TraesCAD_scaffold_134067_01G000200","TraesCAD_scaffold_134067_01G000200","rna","C2-",2,"negative"
"rna__TraesCAD_scaffold_085040_01G000300","TraesCAD_scaffold_085040_01G000300","rna","C1-",1,"negative"
"rna__TraesCAD_scaffold_000018_01G001700","TraesCAD_scaffold_000018_01G001700","rna","C2+",2,"positive"
"rna__TraesCAD_scaffold_023287_01G000200","TraesCAD_scaffold_023287_01G000200","rna","C1+",1,"positive"
"rna__TraesCAD_scaffold_081756_01G000100","TraesCAD_scaffold_081756_01G000100","rna","C2+",2,"positive"
"rna__TraesCAD_scaffold_031890_01G000300","TraesCAD_scaffold_031890_01G000300","rna","C2+",2,"positive"
"rna__TraesCAD_scaffold_059686_01G000100","TraesCAD_scaffold_059686_01G000100","rna","C1-",1,"negative"
"rna__TraesCAD_scaffold_029661_01G000100","TraesCAD_scaffold_029661_01G000100","rna","C1+",1,"positive"
"rna__TraesCAD_scaffold_046890_01G000100","TraesCAD_scaffold_046890_01G000100","rna","C2-",2,"negative"
"rna__TraesCAD_scaffold_006186_01G000200","TraesCAD_scaffold_006186_01G000200","rna","C1-",1,"negative"
"rna__TraesCAD_scaffold_204765_01G000100","TraesCAD_scaffold_204765_01G000100","rna","C1-",1,"negative"
"rna__TraesCAD_scaffold_052934_01G000300","TraesCAD_scaffold_052934_01G000300","rna","C2+",2,"positive"
"rna__TraesCAD_scaffold_086121_01G000100","TraesCAD_scaffold_086121_01G000100","rna","C1-",1,"negative"
"rna__TraesCAD_scaffold_051937_01G000200","TraesCAD_scaffold_051937_01G000200","rna","C1-",1,"negative"
"rna__TraesCAD_scaffold_107339_01G000100","TraesCAD_scaffold_107339_01G000100","rna","C1+",1,"positive"
"rna__TraesCAD_scaffold_044673_01G000300","TraesCAD_scaffold_044673_01G000300","rna","C1-",1,"negative"
"rna__TraesCAD_scaffold_100994_01G000100","TraesCAD_scaffold_100994_01G000100","rna","C1-",1,"negative"
"rna__TraesCAD_scaffold_111535_01G000100","TraesCAD_scaffold_111535_01G000100","rna","C2-",2,"negative"
"rna__TraesCAD_scaffold_137024_01G000100","TraesCAD_scaffold_137024_01G000100","rna","C1+",1,"positive"
"rna__TraesCAD_scaffold_059614_01G000100","TraesCAD_scaffold_059614_01G000100","rna","C1+",1,"positive"
"rna__TraesCAD_scaffold_096353_01G000100","TraesCAD_scaffold_096353_01G000100","rna","C1-",1,"negative"
"rna__TraesCAD_scaffold_003772_01G000100","TraesCAD_scaffold_003772_01G000100","rna","C1-",1,"negative"
"rna__TraesCAD_scaffold_020318_01G000100","TraesCAD_scaffold_020318_01G000100","rna","C2+",2,"positive"
"rna__TraesCAD_scaffold_010740_01G000100","TraesCAD_scaffold_010740_01G000100","rna","C1-",1,"negative"
"rna__TraesCAD_scaffold_027614_01G000100","TraesCAD_scaffold_027614_01G000100","rna","C1-",1,"negative"
"rna__TraesCAD_scaffold_055175_01G000100","TraesCAD_scaffold_055175_01G000100","rna","C1-",1,"negative"
"rna__TraesCAD_scaffold_111743_01G000100","TraesCAD_scaffold_111743_01G000100","rna","C1-",1,"negative"
"rna__TraesCAD_scaffold_105559_01G000200","TraesCAD_scaffold_105559_01G000200","rna","C2-",2,"negative"
"rna__TraesCAD_scaffold_046124_01G000300","TraesCAD_scaffold_046124_01G000300","rna","C1-",1,"negative"
"rna__TraesCAD_scaffold_006913_01G000100","TraesCAD_scaffold_006913_01G000100","rna","C1-",1,"negative"
"rna__TraesCAD_scaffold_021805_01G000400","TraesCAD_scaffold_021805_01G000400","rna","C1+",1,"positive"
"rna__TraesCAD_scaffold_061671_01G000100","TraesCAD_scaffold_061671_01G000100","rna","C2+",2,"positive"
"rna__TraesCAD_scaffold_052413_01G000300","TraesCAD_scaffold_052413_01G000300","rna","C1+",1,"positive"
"rna__TraesCAD_scaffold_059011_01G000300","TraesCAD_scaffold_059011_01G000300","rna","C2-",2,"negative"
"rna__TraesCAD_scaffold_062310_01G000200","TraesCAD_scaffold_062310_01G000200","rna","C2-",2,"negative"
"rna__TraesCAD_scaffold_132497_01G000100","TraesCAD_scaffold_132497_01G000100","rna","C1-",1,"negative"
"rna__TraesCAD_scaffold_083686_01G000100","TraesCAD_scaffold_083686_01G000100","rna","C1-",1,"negative"
"rna__TraesCAD_scaffold_002683_01G000300","TraesCAD_scaffold_002683_01G000300","rna","C2-",2,"negative"
"rna__TraesCAD_scaffold_013154_01G000200","TraesCAD_scaffold_013154_01G000200","rna","C2+",2,"positive"
"rna__TraesCAD_scaffold_022668_01G000100","TraesCAD_scaffold_022668_01G000100","rna","C1+",1,"positive"
"rna__TraesCAD_scaffold_024445_01G000100","TraesCAD_scaffold_024445_01G000100","rna","C2+",2,"positive"
"rna__TraesCAD_scaffold_021930_01G000200","TraesCAD_scaffold_021930_01G000200","rna","C2-",2,"negative"
"rna__TraesCAD_scaffold_120824_01G000100","TraesCAD_scaffold_120824_01G000100","rna","C1-",1,"negative"
"rna__TraesCAD_scaffold_090084_01G000100","TraesCAD_scaffold_090084_01G000100","rna","C1+",1,"positive"
"rna__TraesCAD_scaffold_031815_01G000200","TraesCAD_scaffold_031815_01G000200","rna","C2+",2,"positive"
"rna__TraesCAD_scaffold_005794_01G000200","TraesCAD_scaffold_005794_01G000200","rna","C2+",2,"positive"
"rna__TraesCAD_scaffold_050152_01G000200","TraesCAD_scaffold_050152_01G000200","rna","C2+",2,"positive"
"rna__TraesCAD_scaffold_034347_01G000100","TraesCAD_scaffold_034347_01G000100","rna","C1-",1,"negative"
"rna__TraesCAD_scaffold_021691_01G000200","TraesCAD_scaffold_021691_01G000200","rna","C2-",2,"negative"
"rna__TraesCAD_scaffold_077275_01G000300","TraesCAD_scaffold_077275_01G000300","rna","C2-",2,"negative"
"rna__TraesCAD_scaffold_031794_01G000100","TraesCAD_scaffold_031794_01G000100","rna","C2+",2,"positive"
"rna__TraesCAD_scaffold_079527_01G000100","TraesCAD_scaffold_079527_01G000100","rna","C1-",1,"negative"
"rna__TraesCAD_scaffold_065016_01G000100","TraesCAD_scaffold_065016_01G000100","rna","C2+",2,"positive"
"rna__TraesCAD_scaffold_036767_01G000400","TraesCAD_scaffold_036767_01G000400","rna","C1+",1,"positive"
"rna__TraesCAD_scaffold_043947_01G000200","TraesCAD_scaffold_043947_01G000200","rna","C2+",2,"positive"
"rna__TraesCAD_scaffold_059481_01G000100","TraesCAD_scaffold_059481_01G000100","rna","C1-",1,"negative"
"rna__TraesCAD_scaffold_085614_01G000300","TraesCAD_scaffold_085614_01G000300","rna","C1+",1,"positive"
"rna__TraesCAD_scaffold_021069_01G000300","TraesCAD_scaffold_021069_01G000300","rna","C2-",2,"negative"
"rna__TraesCAD_scaffold_083344_01G000200","TraesCAD_scaffold_083344_01G000200","rna","C1+",1,"positive"
"rna__TraesCAD_scaffold_039251_01G000300","TraesCAD_scaffold_039251_01G000300","rna","C1-",1,"negative"
"rna__TraesCAD_scaffold_045341_01G000200","TraesCAD_scaffold_045341_01G000200","rna","C1+",1,"positive"
"rna__TraesCAD_scaffold_031275_01G000300","TraesCAD_scaffold_031275_01G000300","rna","C1-",1,"negative"
"rna__TraesCAD_scaffold_002869_01G000100","TraesCAD_scaffold_002869_01G000100","rna","C2-",2,"negative"
"rna__TraesCAD_scaffold_060817_01G000400","TraesCAD_scaffold_060817_01G000400","rna","C1+",1,"positive"
"rna__TraesCAD_scaffold_004563_01G000100","TraesCAD_scaffold_004563_01G000100","rna","C2+",2,"positive"
"rna__TraesCAD_scaffold_109295_01G000200","TraesCAD_scaffold_109295_01G000200","rna","C1-",1,"negative"
"rna__TraesCAD_scaffold_008772_01G000400","TraesCAD_scaffold_008772_01G000400","rna","C2+",2,"positive"
"rna__TraesCAD_scaffold_057132_01G000300","TraesCAD_scaffold_057132_01G000300","rna","C1+",1,"positive"
"rna__TraesCAD_scaffold_001967_01G000200","TraesCAD_scaffold_001967_01G000200","rna","C1+",1,"positive"
"rna__TraesCAD_scaffold_015802_01G000100","TraesCAD_scaffold_015802_01G000100","rna","C1-",1,"negative"
"rna__TraesCAD_scaffold_063386_01G000200","TraesCAD_scaffold_063386_01G000200","rna","C1+",1,"positive"
"rna__TraesCAD_scaffold_047963_01G000300","TraesCAD_scaffold_047963_01G000300","rna","C1-",1,"negative"
"rna__TraesCAD_scaffold_056392_01G000100","TraesCAD_scaffold_056392_01G000100","rna","C2+",2,"positive"
"rna__TraesCAD_scaffold_023933_01G000100","TraesCAD_scaffold_023933_01G000100","rna","C1+",1,"positive"
"rna__TraesCAD_scaffold_014812_01G000100","TraesCAD_scaffold_014812_01G000100","rna","C1-",1,"negative"
"rna__TraesCAD_scaffold_029999_01G000100","TraesCAD_scaffold_029999_01G000100","rna","C2-",2,"negative"
"rna__TraesCAD_scaffold_071648_01G000400","TraesCAD_scaffold_071648_01G000400","rna","C2-",2,"negative"
"rna__TraesCAD_scaffold_000099_01G000100","TraesCAD_scaffold_000099_01G000100","rna","C2-",2,"negative"
"rna__TraesCAD_scaffold_014513_01G000200","TraesCAD_scaffold_014513_01G000200","rna","C1+",1,"positive"
"rna__TraesCAD_scaffold_095601_01G000200","TraesCAD_scaffold_095601_01G000200","rna","C1-",1,"negative"
"rna__TraesCAD_scaffold_118495_01G000100","TraesCAD_scaffold_118495_01G000100","rna","C2+",2,"positive"
"rna__TraesCAD_scaffold_019830_01G000100","TraesCAD_scaffold_019830_01G000100","rna","C2+",2,"positive"
"rna__TraesCAD_scaffold_040824_01G000200","TraesCAD_scaffold_040824_01G000200","rna","C1-",1,"negative"
"rna__TraesCAD_scaffold_096170_01G000100","TraesCAD_scaffold_096170_01G000100","rna","C2+",2,"positive"
"rna__TraesCAD_scaffold_174092_01G000200","TraesCAD_scaffold_174092_01G000200","rna","C2+",2,"positive"
"rna__TraesCAD_scaffold_041632_01G000200","TraesCAD_scaffold_041632_01G000200","rna","C1-",1,"negative"
"rna__TraesCAD_scaffold_048729_01G000100","TraesCAD_scaffold_048729_01G000100","rna","C1+",1,"positive"
"rna__TraesCAD_scaffold_031821_01G000500","TraesCAD_scaffold_031821_01G000500","rna","C1+",1,"positive"
"rna__TraesCAD_scaffold_002795_01G000700","TraesCAD_scaffold_002795_01G000700","rna","C1+",1,"positive"
"rna__TraesCAD_scaffold_022872_01G000200","TraesCAD_scaffold_022872_01G000200","rna","C1-",1,"negative"
"rna__TraesCAD_scaffold_019326_01G000100","TraesCAD_scaffold_019326_01G000100","rna","C1+",1,"positive"
"rna__TraesCAD_scaffold_006505_01G000200","TraesCAD_scaffold_006505_01G000200","rna","C1+",1,"positive"
"rna__TraesCAD_scaffold_059685_01G000400","TraesCAD_scaffold_059685_01G000400","rna","C1+",1,"positive"
"rna__TraesCAD_scaffold_003256_01G000200","TraesCAD_scaffold_003256_01G000200","rna","C1+",1,"positive"
"rna__TraesCAD_scaffold_057504_01G000100","TraesCAD_scaffold_057504_01G000100","rna","C2+",2,"positive"
"rna__TraesCAD_scaffold_086421_01G000200","TraesCAD_scaffold_086421_01G000200","rna","C1+",1,"positive"
"rna__TraesCAD_scaffold_034316_01G000800","TraesCAD_scaffold_034316_01G000800","rna","C2-",2,"negative"
"rna__TraesCAD_scaffold_120988_01G000200","TraesCAD_scaffold_120988_01G000200","rna","C2+",2,"positive"
"rna__TraesCAD_scaffold_078720_01G000100","TraesCAD_scaffold_078720_01G000100","rna","C1+",1,"positive"
"rna__TraesCAD_scaffold_045411_01G000200","TraesCAD_scaffold_045411_01G000200","rna","C1+",1,"positive"
"rna__TraesCAD_scaffold_086583_01G000200","TraesCAD_scaffold_086583_01G000200","rna","C2+",2,"positive"
"rna__TraesCAD_scaffold_030308_01G000600","TraesCAD_scaffold_030308_01G000600","rna","C1-",1,"negative"
"rna__TraesCAD_scaffold_058981_01G000200","TraesCAD_scaffold_058981_01G000200","rna","C2+",2,"positive"
"rna__TraesCAD_scaffold_084208_01G000100","TraesCAD_scaffold_084208_01G000100","rna","C1-",1,"negative"
"rna__TraesCAD_scaffold_035028_01G000300","TraesCAD_scaffold_035028_01G000300","rna","C2+",2,"positive"
"rna__TraesCAD_scaffold_009953_01G000100","TraesCAD_scaffold_009953_01G000100","rna","C1-",1,"negative"
"rna__TraesCAD_scaffold_023669_01G000400","TraesCAD_scaffold_023669_01G000400","rna","C1+",1,"positive"
"rna__TraesCAD_scaffold_000214_01G000100","TraesCAD_scaffold_000214_01G000100","rna","C2+",2,"positive"
"rna__TraesCAD_scaffold_064856_01G000100","TraesCAD_scaffold_064856_01G000100","rna","C1+",1,"positive"
"rna__TraesCAD_scaffold_643997_01G000200","TraesCAD_scaffold_643997_01G000200","rna","C1-",1,"negative"
"rna__TraesCAD_scaffold_046286_01G000100","TraesCAD_scaffold_046286_01G000100","rna","C2+",2,"positive"
"rna__TraesCAD_scaffold_046353_01G000100","TraesCAD_scaffold_046353_01G000100","rna","C1+",1,"positive"
"rna__TraesCAD_scaffold_015754_01G000100","TraesCAD_scaffold_015754_01G000100","rna","C2+",2,"positive"
"rna__TraesCAD_scaffold_071766_01G000100","TraesCAD_scaffold_071766_01G000100","rna","C2+",2,"positive"
"rna__TraesCAD_scaffold_042866_01G000600","TraesCAD_scaffold_042866_01G000600","rna","C2+",2,"positive"
"rna__TraesCAD_scaffold_027191_01G000200","TraesCAD_scaffold_027191_01G000200","rna","C2+",2,"positive"
"rna__TraesCAD_scaffold_018088_01G000100","TraesCAD_scaffold_018088_01G000100","rna","C1+",1,"positive"
"rna__TraesCAD_scaffold_128290_01G000100","TraesCAD_scaffold_128290_01G000100","rna","C1-",1,"negative"
"rna__TraesCAD_scaffold_026267_01G000100","TraesCAD_scaffold_026267_01G000100","rna","C2+",2,"positive"
"rna__TraesCAD_scaffold_028174_01G000100","TraesCAD_scaffold_028174_01G000100","rna","C1+",1,"positive"
"rna__TraesCAD_scaffold_000972_01G000400","TraesCAD_scaffold_000972_01G000400","rna","C2-",2,"negative"
"rna__TraesCAD_scaffold_034030_01G000200","TraesCAD_scaffold_034030_01G000200","rna","C2+",2,"positive"
"rna__TraesCAD_scaffold_097234_01G000100","TraesCAD_scaffold_097234_01G000100","rna","C1-",1,"negative"
"rna__TraesCAD_scaffold_039007_01G000200","TraesCAD_scaffold_039007_01G000200","rna","C1-",1,"negative"
"rna__TraesCAD_scaffold_045751_01G000200","TraesCAD_scaffold_045751_01G000200","rna","C1-",1,"negative"
"rna__TraesCAD_scaffold_016822_01G000100","TraesCAD_scaffold_016822_01G000100","rna","C2+",2,"positive"
"rna__TraesCAD_scaffold_023915_01G000200","TraesCAD_scaffold_023915_01G000200","rna","C2-",2,"negative"
"rna__TraesCAD_scaffold_065300_01G000100","TraesCAD_scaffold_065300_01G000100","rna","C1+",1,"positive"
"rna__TraesCAD_scaffold_107132_01G000200","TraesCAD_scaffold_107132_01G000200","rna","C1-",1,"negative"
"rna__TraesCAD_scaffold_103051_01G000100","TraesCAD_scaffold_103051_01G000100","rna","C2-",2,"negative"
"rna__TraesCAD_scaffold_011249_01G000200","TraesCAD_scaffold_011249_01G000200","rna","C1+",1,"positive"
"rna__TraesCAD_scaffold_046277_01G000400","TraesCAD_scaffold_046277_01G000400","rna","C2+",2,"positive"
"rna__TraesCAD_scaffold_045266_01G000100","TraesCAD_scaffold_045266_01G000100","rna","C2+",2,"positive"
"rna__TraesCAD_scaffold_064859_01G000100","TraesCAD_scaffold_064859_01G000100","rna","C1+",1,"positive"
"rna__TraesCAD_scaffold_091158_01G000100","TraesCAD_scaffold_091158_01G000100","rna","C1+",1,"positive"
"rna__TraesCAD_scaffold_036532_01G000400","TraesCAD_scaffold_036532_01G000400","rna","C1+",1,"positive"
"rna__TraesCAD_scaffold_033128_01G000400","TraesCAD_scaffold_033128_01G000400","rna","C2-",2,"negative"
"rna__TraesCAD_scaffold_153528_01G000100","TraesCAD_scaffold_153528_01G000100","rna","C2+",2,"positive"
"rna__TraesCAD_scaffold_002644_01G000100","TraesCAD_scaffold_002644_01G000100","rna","C1+",1,"positive"
"rna__TraesCAD_scaffold_010807_01G000300","TraesCAD_scaffold_010807_01G000300","rna","C1-",1,"negative"
"rna__TraesCAD_scaffold_133765_01G000100","TraesCAD_scaffold_133765_01G000100","rna","C2+",2,"positive"
"rna__TraesCAD_scaffold_013147_01G000600","TraesCAD_scaffold_013147_01G000600","rna","C1+",1,"positive"
"rna__TraesCAD_scaffold_003535_01G000300","TraesCAD_scaffold_003535_01G000300","rna","C2+",2,"positive"
"rna__TraesCAD_scaffold_097788_01G000300","TraesCAD_scaffold_097788_01G000300","rna","C2+",2,"positive"
"rna__TraesCAD_scaffold_054907_01G000300","TraesCAD_scaffold_054907_01G000300","rna","C1-",1,"negative"
"rna__TraesCAD_scaffold_088463_01G000200","TraesCAD_scaffold_088463_01G000200","rna","C1+",1,"positive"
"rna__TraesCAD_scaffold_086105_01G000100","TraesCAD_scaffold_086105_01G000100","rna","C1+",1,"positive"
"rna__TraesCAD_scaffold_090258_01G000100","TraesCAD_scaffold_090258_01G000100","rna","C1+",1,"positive"
"rna__TraesCAD_scaffold_000332_01G000900","TraesCAD_scaffold_000332_01G000900","rna","C2-",2,"negative"
"rna__TraesCAD_scaffold_128283_01G000200","TraesCAD_scaffold_128283_01G000200","rna","C2+",2,"positive"
"rna__TraesCAD_scaffold_013496_01G000200","TraesCAD_scaffold_013496_01G000200","rna","C1+",1,"positive"
"rna__TraesCAD_scaffold_025509_01G000400","TraesCAD_scaffold_025509_01G000400","rna","C2+",2,"positive"
"rna__TraesCAD_scaffold_003715_01G000100","TraesCAD_scaffold_003715_01G000100","rna","C2+",2,"positive"
"rna__TraesCAD_scaffold_023619_01G000100","TraesCAD_scaffold_023619_01G000100","rna","C1-",1,"negative"
"rna__TraesCAD_scaffold_062535_01G000200","TraesCAD_scaffold_062535_01G000200","rna","C2+",2,"positive"
"rna__TraesCAD_scaffold_078502_01G000100","TraesCAD_scaffold_078502_01G000100","rna","C2+",2,"positive"
"rna__TraesCAD_scaffold_002176_01G000400","TraesCAD_scaffold_002176_01G000400","rna","C2+",2,"positive"
"rna__TraesCAD_scaffold_097265_01G000300","TraesCAD_scaffold_097265_01G000300","rna","C1+",1,"positive"
"rna__TraesCAD_scaffold_053164_01G000100","TraesCAD_scaffold_053164_01G000100","rna","C1-",1,"negative"
"rna__TraesCAD_scaffold_012040_01G000100","TraesCAD_scaffold_012040_01G000100","rna","C2+",2,"positive"
"rna__TraesCAD_scaffold_037722_01G000100","TraesCAD_scaffold_037722_01G000100","rna","C2+",2,"positive"
"rna__TraesCAD_scaffold_107152_01G000100","TraesCAD_scaffold_107152_01G000100","rna","C1+",1,"positive"
"rna__TraesCAD_scaffold_033262_01G000100","TraesCAD_scaffold_033262_01G000100","rna","C1-",1,"negative"
"rna__TraesCAD_scaffold_070354_01G000100","TraesCAD_scaffold_070354_01G000100","rna","C1-",1,"negative"
"rna__TraesCAD_scaffold_127436_01G000200","TraesCAD_scaffold_127436_01G000200","rna","C2-",2,"negative"
"rna__TraesCAD_scaffold_021461_01G000100","TraesCAD_scaffold_021461_01G000100","rna","C2+",2,"positive"
"rna__TraesCAD_scaffold_009030_01G000600","TraesCAD_scaffold_009030_01G000600","rna","C1-",1,"negative"
"rna__TraesCAD_scaffold_060424_01G000500","TraesCAD_scaffold_060424_01G000500","rna","C1-",1,"negative"
"rna__TraesCAD_scaffold_021884_01G000200","TraesCAD_scaffold_021884_01G000200","rna","C1-",1,"negative"
"rna__TraesCAD_scaffold_003367_01G000100","TraesCAD_scaffold_003367_01G000100","rna","C1-",1,"negative"
"rna__TraesCAD_scaffold_107047_01G000100","TraesCAD_scaffold_107047_01G000100","rna","C1+",1,"positive"
"rna__TraesCAD_scaffold_029289_01G000100","TraesCAD_scaffold_029289_01G000100","rna","C1-",1,"negative"
"rna__TraesCAD_scaffold_015213_01G000200","TraesCAD_scaffold_015213_01G000200","rna","C1+",1,"positive"
"rna__TraesCAD_scaffold_077845_01G000200","TraesCAD_scaffold_077845_01G000200","rna","C2+",2,"positive"
"rna__TraesCAD_scaffold_025578_01G000700","TraesCAD_scaffold_025578_01G000700","rna","C1+",1,"positive"
"rna__TraesCAD_scaffold_013017_01G000600","TraesCAD_scaffold_013017_01G000600","rna","C1+",1,"positive"
"rna__TraesCAD_scaffold_025542_01G000100","TraesCAD_scaffold_025542_01G000100","rna","C1+",1,"positive"
"rna__TraesCAD_scaffold_054084_01G000200","TraesCAD_scaffold_054084_01G000200","rna","C1-",1,"negative"
"rna__TraesCAD_scaffold_071725_01G000200","TraesCAD_scaffold_071725_01G000200","rna","C2+",2,"positive"
"rna__TraesCAD_scaffold_090524_01G000100","TraesCAD_scaffold_090524_01G000100","rna","C1-",1,"negative"
"rna__TraesCAD_scaffold_125814_01G000100","TraesCAD_scaffold_125814_01G000100","rna","C1-",1,"negative"
"rna__TraesCAD_scaffold_024524_01G000300","TraesCAD_scaffold_024524_01G000300","rna","C1-",1,"negative"
"rna__TraesCAD_scaffold_013162_01G000300","TraesCAD_scaffold_013162_01G000300","rna","C1+",1,"positive"
"rna__TraesCAD_scaffold_018956_01G000100","TraesCAD_scaffold_018956_01G000100","rna","C2+",2,"positive"
"rna__TraesCAD_scaffold_023494_01G000200","TraesCAD_scaffold_023494_01G000200","rna","C1-",1,"negative"
"rna__TraesCAD_scaffold_099870_01G000100","TraesCAD_scaffold_099870_01G000100","rna","C1-",1,"negative"
"rna__TraesCAD_scaffold_106751_01G000100","TraesCAD_scaffold_106751_01G000100","rna","C2-",2,"negative"
"rna__TraesCAD_scaffold_020663_01G000300","TraesCAD_scaffold_020663_01G000300","rna","C1+",1,"positive"
"rna__TraesCAD_scaffold_083087_01G000100","TraesCAD_scaffold_083087_01G000100","rna","C2+",2,"positive"
"rna__TraesCAD_scaffold_035222_01G000200","TraesCAD_scaffold_035222_01G000200","rna","C1-",1,"negative"
"rna__TraesCAD_scaffold_027134_01G000200","TraesCAD_scaffold_027134_01G000200","rna","C1+",1,"positive"
"rna__TraesCAD_scaffold_095499_01G000100","TraesCAD_scaffold_095499_01G000100","rna","C2+",2,"positive"
"rna__TraesCAD_scaffold_001264_01G000200","TraesCAD_scaffold_001264_01G000200","rna","C1-",1,"negative"
"rna__TraesCAD_scaffold_070186_01G000300","TraesCAD_scaffold_070186_01G000300","rna","C1-",1,"negative"
"rna__TraesCAD_scaffold_011395_01G000900","TraesCAD_scaffold_011395_01G000900","rna","C1-",1,"negative"
"rna__TraesCAD_scaffold_077161_01G000100","TraesCAD_scaffold_077161_01G000100","rna","C1-",1,"negative"
"rna__TraesCAD_scaffold_047688_01G000200","TraesCAD_scaffold_047688_01G000200","rna","C1+",1,"positive"
"rna__TraesCAD_scaffold_039899_01G000400","TraesCAD_scaffold_039899_01G000400","rna","C2+",2,"positive"
"rna__TraesCAD_scaffold_048508_01G000400","TraesCAD_scaffold_048508_01G000400","rna","C1-",1,"negative"
"rna__TraesCAD_scaffold_028395_01G000100","TraesCAD_scaffold_028395_01G000100","rna","C1+",1,"positive"
"rna__TraesCAD_scaffold_019638_01G000100","TraesCAD_scaffold_019638_01G000100","rna","C2-",2,"negative"
"rna__TraesCAD_scaffold_013135_01G000700","TraesCAD_scaffold_013135_01G000700","rna","C2+",2,"positive"
"rna__TraesCAD_scaffold_008482_01G000300","TraesCAD_scaffold_008482_01G000300","rna","C2+",2,"positive"
"rna__TraesCAD_scaffold_008032_01G000400","TraesCAD_scaffold_008032_01G000400","rna","C1-",1,"negative"
"rna__TraesCAD_scaffold_077760_01G000100","TraesCAD_scaffold_077760_01G000100","rna","C1+",1,"positive"
"rna__TraesCAD_scaffold_013096_01G000400","TraesCAD_scaffold_013096_01G000400","rna","C1-",1,"negative"
"rna__TraesCAD_scaffold_058304_01G000100","TraesCAD_scaffold_058304_01G000100","rna","C1-",1,"negative"
"rna__TraesCAD_scaffold_062211_01G000100","TraesCAD_scaffold_062211_01G000100","rna","C1-",1,"negative"
"rna__TraesCAD_scaffold_073703_01G000100","TraesCAD_scaffold_073703_01G000100","rna","C1-",1,"negative"
"rna__TraesCAD_scaffold_016191_01G000100","TraesCAD_scaffold_016191_01G000100","rna","C1+",1,"positive"
"rna__TraesCAD_scaffold_028756_01G000100","TraesCAD_scaffold_028756_01G000100","rna","C1-",1,"negative"
"rna__TraesCAD_scaffold_035120_01G000200","TraesCAD_scaffold_035120_01G000200","rna","C1+",1,"positive"
"rna__TraesCAD_scaffold_021060_01G000200","TraesCAD_scaffold_021060_01G000200","rna","C2+",2,"positive"
"rna__TraesCAD_scaffold_075398_01G000300","TraesCAD_scaffold_075398_01G000300","rna","C1+",1,"positive"
"rna__TraesCAD_scaffold_046330_01G000100","TraesCAD_scaffold_046330_01G000100","rna","C1-",1,"negative"
"rna__TraesCAD_scaffold_019163_01G000200","TraesCAD_scaffold_019163_01G000200","rna","C1-",1,"negative"
"rna__TraesCAD_scaffold_057016_01G000100","TraesCAD_scaffold_057016_01G000100","rna","C1-",1,"negative"
"rna__TraesCAD_scaffold_050976_01G000700","TraesCAD_scaffold_050976_01G000700","rna","C2+",2,"positive"
"rna__TraesCAD_scaffold_055929_01G000400","TraesCAD_scaffold_055929_01G000400","rna","C1-",1,"negative"
"rna__TraesCAD_scaffold_037010_01G000500","TraesCAD_scaffold_037010_01G000500","rna","C2+",2,"positive"
"rna__TraesCAD_scaffold_037977_01G000200","TraesCAD_scaffold_037977_01G000200","rna","C1-",1,"negative"
"rna__TraesCAD_scaffold_018292_01G000100","TraesCAD_scaffold_018292_01G000100","rna","C1-",1,"negative"
"rna__TraesCAD_scaffold_018293_01G000300","TraesCAD_scaffold_018293_01G000300","rna","C2+",2,"positive"
"rna__TraesCAD_scaffold_057685_01G000200","TraesCAD_scaffold_057685_01G000200","rna","C1-",1,"negative"
"rna__TraesCAD_scaffold_087135_01G000100","TraesCAD_scaffold_087135_01G000100","rna","C1-",1,"negative"
"rna__TraesCAD_scaffold_165538_01G000100","TraesCAD_scaffold_165538_01G000100","rna","C1+",1,"positive"
"rna__TraesCAD_scaffold_093855_01G000100","TraesCAD_scaffold_093855_01G000100","rna","C1+",1,"positive"
"rna__TraesCAD_scaffold_023074_01G000200","TraesCAD_scaffold_023074_01G000200","rna","C2-",2,"negative"
"rna__TraesCAD_scaffold_027941_01G000500","TraesCAD_scaffold_027941_01G000500","rna","C2-",2,"negative"
"rna__TraesCAD_scaffold_001871_01G000300","TraesCAD_scaffold_001871_01G000300","rna","C1+",1,"positive"
"rna__TraesCAD_scaffold_024558_01G000200","TraesCAD_scaffold_024558_01G000200","rna","C1-",1,"negative"
"rna__TraesCAD_scaffold_005155_01G000500","TraesCAD_scaffold_005155_01G000500","rna","C2+",2,"positive"
"rna__TraesCAD_scaffold_098853_01G000100","TraesCAD_scaffold_098853_01G000100","rna","C1+",1,"positive"
"rna__TraesCAD_scaffold_146811_01G000100","TraesCAD_scaffold_146811_01G000100","rna","C2+",2,"positive"
"rna__TraesCAD_scaffold_006087_01G000200","TraesCAD_scaffold_006087_01G000200","rna","C1-",1,"negative"
"rna__TraesCAD_scaffold_094743_01G000100","TraesCAD_scaffold_094743_01G000100","rna","C1+",1,"positive"
"rna__TraesCAD_scaffold_003051_01G000100","TraesCAD_scaffold_003051_01G000100","rna","C1+",1,"positive"
"rna__TraesCAD_scaffold_027222_01G000300","TraesCAD_scaffold_027222_01G000300","rna","C1-",1,"negative"
"rna__TraesCAD_scaffold_027709_01G000100","TraesCAD_scaffold_027709_01G000100","rna","C2+",2,"positive"
"rna__TraesCAD_scaffold_106046_01G000100","TraesCAD_scaffold_106046_01G000100","rna","C2-",2,"negative"
"rna__TraesCAD_scaffold_004737_01G000300","TraesCAD_scaffold_004737_01G000300","rna","C1+",1,"positive"
"rna__TraesCAD_scaffold_070023_01G000200","TraesCAD_scaffold_070023_01G000200","rna","C2+",2,"positive"
"rna__TraesCAD_scaffold_129143_01G000200","TraesCAD_scaffold_129143_01G000200","rna","C2+",2,"positive"
"rna__TraesCAD_scaffold_075592_01G000100","TraesCAD_scaffold_075592_01G000100","rna","C1-",1,"negative"
"rna__TraesCAD_scaffold_005294_01G000300","TraesCAD_scaffold_005294_01G000300","rna","C2+",2,"positive"
"rna__TraesCAD_scaffold_057693_01G000100","TraesCAD_scaffold_057693_01G000100","rna","C2+",2,"positive"
"rna__TraesCAD_scaffold_005207_01G000200","TraesCAD_scaffold_005207_01G000200","rna","C2+",2,"positive"
"rna__TraesCAD_scaffold_051392_01G000100","TraesCAD_scaffold_051392_01G000100","rna","C1-",1,"negative"
"rna__TraesCAD_scaffold_131130_01G000100","TraesCAD_scaffold_131130_01G000100","rna","C2-",2,"negative"
"rna__TraesCAD_scaffold_017675_01G000100","TraesCAD_scaffold_017675_01G000100","rna","C2+",2,"positive"
"rna__TraesCAD_scaffold_004967_01G001100","TraesCAD_scaffold_004967_01G001100","rna","C2+",2,"positive"
"rna__TraesCAD_scaffold_107690_01G000100","TraesCAD_scaffold_107690_01G000100","rna","C2-",2,"negative"
"rna__TraesCAD_scaffold_071125_01G000100","TraesCAD_scaffold_071125_01G000100","rna","C2-",2,"negative"
"rna__TraesCAD_scaffold_122742_01G000100","TraesCAD_scaffold_122742_01G000100","rna","C2+",2,"positive"
"rna__TraesCAD_scaffold_076928_01G000100","TraesCAD_scaffold_076928_01G000100","rna","C1-",1,"negative"
"rna__TraesCAD_scaffold_008898_01G000100","TraesCAD_scaffold_008898_01G000100","rna","C1-",1,"negative"
"rna__TraesCAD_scaffold_065134_01G000500","TraesCAD_scaffold_065134_01G000500","rna","C1-",1,"negative"
"rna__TraesCAD_scaffold_011767_01G000400","TraesCAD_scaffold_011767_01G000400","rna","C1-",1,"negative"
"rna__TraesCAD_scaffold_061426_01G000200","TraesCAD_scaffold_061426_01G000200","rna","C2+",2,"positive"
"rna__TraesCAD_scaffold_072371_01G000200","TraesCAD_scaffold_072371_01G000200","rna","C2+",2,"positive"
"rna__TraesCAD_scaffold_142807_01G000200","TraesCAD_scaffold_142807_01G000200","rna","C2-",2,"negative"
"rna__TraesCAD_scaffold_054259_01G000200","TraesCAD_scaffold_054259_01G000200","rna","C2-",2,"negative"
"rna__TraesCAD_scaffold_066420_01G000100","TraesCAD_scaffold_066420_01G000100","rna","C1-",1,"negative"
"rna__TraesCAD_scaffold_089501_01G000100","TraesCAD_scaffold_089501_01G000100","rna","C1-",1,"negative"
"rna__TraesCAD_scaffold_025745_01G000300","TraesCAD_scaffold_025745_01G000300","rna","C2+",2,"positive"
"rna__TraesCAD_scaffold_214060_01G000100","TraesCAD_scaffold_214060_01G000100","rna","C2-",2,"negative"
"rna__TraesCAD_scaffold_007038_01G000100","TraesCAD_scaffold_007038_01G000100","rna","C1+",1,"positive"
"rna__TraesCAD_scaffold_974832_01G000100","TraesCAD_scaffold_974832_01G000100","rna","C1-",1,"negative"
"rna__TraesCAD_scaffold_030515_01G000100","TraesCAD_scaffold_030515_01G000100","rna","C1+",1,"positive"
"rna__TraesCAD_scaffold_053064_01G000200","TraesCAD_scaffold_053064_01G000200","rna","C1+",1,"positive"
"rna__TraesCAD_scaffold_104949_01G000100","TraesCAD_scaffold_104949_01G000100","rna","C2+",2,"positive"
"rna__TraesCAD_scaffold_099222_01G000100","TraesCAD_scaffold_099222_01G000100","rna","C1-",1,"negative"
"rna__TraesCAD_scaffold_027241_01G000200","TraesCAD_scaffold_027241_01G000200","rna","C2+",2,"positive"
"rna__TraesCAD_scaffold_046841_01G000100","TraesCAD_scaffold_046841_01G000100","rna","C2-",2,"negative"
"rna__TraesCAD_scaffold_057434_01G000200","TraesCAD_scaffold_057434_01G000200","rna","C2-",2,"negative"
"rna__TraesCAD_scaffold_056011_01G000200","TraesCAD_scaffold_056011_01G000200","rna","C1+",1,"positive"
"rna__TraesCAD_scaffold_087509_01G000200","TraesCAD_scaffold_087509_01G000200","rna","C1+",1,"positive"
"rna__TraesCAD_scaffold_023478_01G000400","TraesCAD_scaffold_023478_01G000400","rna","C2+",2,"positive"
"rna__TraesCAD_scaffold_103657_01G000100","TraesCAD_scaffold_103657_01G000100","rna","C1+",1,"positive"
"rna__TraesCAD_scaffold_095602_01G000100","TraesCAD_scaffold_095602_01G000100","rna","C1+",1,"positive"
"rna__TraesCAD_scaffold_078997_01G000100","TraesCAD_scaffold_078997_01G000100","rna","C2-",2,"negative"
"rna__TraesCAD_scaffold_013907_01G000100","TraesCAD_scaffold_013907_01G000100","rna","C1+",1,"positive"
"rna__TraesCAD_scaffold_009349_01G000100","TraesCAD_scaffold_009349_01G000100","rna","C2+",2,"positive"
"rna__TraesCAD_scaffold_033787_01G000200","TraesCAD_scaffold_033787_01G000200","rna","C1+",1,"positive"
"rna__TraesCAD_scaffold_013198_01G000800","TraesCAD_scaffold_013198_01G000800","rna","C2+",2,"positive"
"rna__TraesCAD_scaffold_052413_01G000400","TraesCAD_scaffold_052413_01G000400","rna","C1+",1,"positive"
"rna__TraesCAD_scaffold_015654_01G000200","TraesCAD_scaffold_015654_01G000200","rna","C1-",1,"negative"
"rna__TraesCAD_scaffold_007193_01G000200","TraesCAD_scaffold_007193_01G000200","rna","C1-",1,"negative"
"rna__TraesCAD_scaffold_219047_01G000100","TraesCAD_scaffold_219047_01G000100","rna","C1-",1,"negative"
"rna__TraesCAD_scaffold_018388_01G000400","TraesCAD_scaffold_018388_01G000400","rna","C2-",2,"negative"
"rna__TraesCAD_scaffold_001455_01G000200","TraesCAD_scaffold_001455_01G000200","rna","C1-",1,"negative"
"rna__TraesCAD_scaffold_004176_01G000400","TraesCAD_scaffold_004176_01G000400","rna","C1+",1,"positive"
"rna__TraesCAD_scaffold_000198_01G000100","TraesCAD_scaffold_000198_01G000100","rna","C2+",2,"positive"
"rna__TraesCAD_scaffold_029982_01G000100","TraesCAD_scaffold_029982_01G000100","rna","C1-",1,"negative"
"rna__TraesCAD_scaffold_098921_01G000100","TraesCAD_scaffold_098921_01G000100","rna","C1-",1,"negative"
"rna__TraesCAD_scaffold_022623_01G000100","TraesCAD_scaffold_022623_01G000100","rna","C2+",2,"positive"
"rna__TraesCAD_scaffold_071363_01G000100","TraesCAD_scaffold_071363_01G000100","rna","C1+",1,"positive"
"rna__TraesCAD_scaffold_007406_01G000100","TraesCAD_scaffold_007406_01G000100","rna","C1-",1,"negative"
"rna__TraesCAD_scaffold_089650_01G000100","TraesCAD_scaffold_089650_01G000100","rna","C1+",1,"positive"
"rna__TraesCAD_scaffold_023111_01G000200","TraesCAD_scaffold_023111_01G000200","rna","C2+",2,"positive"
"rna__TraesCAD_scaffold_036944_01G000200","TraesCAD_scaffold_036944_01G000200","rna","C1-",1,"negative"
"rna__TraesCAD_scaffold_046543_01G000100","TraesCAD_scaffold_046543_01G000100","rna","C2+",2,"positive"
"rna__TraesCAD_scaffold_002117_01G000100","TraesCAD_scaffold_002117_01G000100","rna","C2+",2,"positive"
"rna__TraesCAD_scaffold_040729_01G000100","TraesCAD_scaffold_040729_01G000100","rna","C1-",1,"negative"
"rna__TraesCAD_scaffold_062137_01G000100","TraesCAD_scaffold_062137_01G000100","rna","C2+",2,"positive"
"rna__TraesCAD_scaffold_102375_01G000100","TraesCAD_scaffold_102375_01G000100","rna","C1-",1,"negative"
"rna__TraesCAD_scaffold_089915_01G000100","TraesCAD_scaffold_089915_01G000100","rna","C2+",2,"positive"
"rna__TraesCAD_scaffold_061826_01G000200","TraesCAD_scaffold_061826_01G000200","rna","C2+",2,"positive"
"rna__TraesCAD_scaffold_034756_01G000100","TraesCAD_scaffold_034756_01G000100","rna","C1+",1,"positive"
"rna__TraesCAD_scaffold_084526_01G000100","TraesCAD_scaffold_084526_01G000100","rna","C1+",1,"positive"
"rna__TraesCAD_scaffold_017555_01G000100","TraesCAD_scaffold_017555_01G000100","rna","C2-",2,"negative"
"rna__TraesCAD_scaffold_118881_01G000200","TraesCAD_scaffold_118881_01G000200","rna","C2+",2,"positive"
"rna__TraesCAD_scaffold_071081_01G000300","TraesCAD_scaffold_071081_01G000300","rna","C2+",2,"positive"
"rna__TraesCAD_scaffold_148268_01G000200","TraesCAD_scaffold_148268_01G000200","rna","C1-",1,"negative"
"rna__TraesCAD_scaffold_053222_01G000100","TraesCAD_scaffold_053222_01G000100","rna","C1-",1,"negative"
"rna__TraesCAD_scaffold_050994_01G000400","TraesCAD_scaffold_050994_01G000400","rna","C1-",1,"negative"
"rna__TraesCAD_scaffold_016272_01G000200","TraesCAD_scaffold_016272_01G000200","rna","C2+",2,"positive"
"rna__TraesCAD_scaffold_022910_01G000100","TraesCAD_scaffold_022910_01G000100","rna","C1-",1,"negative"
"rna__TraesCAD_scaffold_105068_01G000200","TraesCAD_scaffold_105068_01G000200","rna","C2-",2,"negative"
"rna__TraesCAD_scaffold_033689_01G000100","TraesCAD_scaffold_033689_01G000100","rna","C2+",2,"positive"
"rna__TraesCAD_scaffold_065389_01G000200","TraesCAD_scaffold_065389_01G000200","rna","C1+",1,"positive"
"rna__TraesCAD_scaffold_003324_01G000600","TraesCAD_scaffold_003324_01G000600","rna","C2-",2,"negative"
"rna__TraesCAD_scaffold_007112_01G000100","TraesCAD_scaffold_007112_01G000100","rna","C2+",2,"positive"
"rna__TraesCAD_scaffold_127411_01G000100","TraesCAD_scaffold_127411_01G000100","rna","C1-",1,"negative"
"rna__TraesCAD_scaffold_013279_01G000100","TraesCAD_scaffold_013279_01G000100","rna","C1-",1,"negative"
"rna__TraesCAD_scaffold_030844_01G000100","TraesCAD_scaffold_030844_01G000100","rna","C2-",2,"negative"
"rna__TraesCAD_scaffold_088688_01G000200","TraesCAD_scaffold_088688_01G000200","rna","C1-",1,"negative"
"rna__TraesCAD_scaffold_003918_01G000200","TraesCAD_scaffold_003918_01G000200","rna","C2-",2,"negative"
"rna__TraesCAD_scaffold_013041_01G000100","TraesCAD_scaffold_013041_01G000100","rna","C1+",1,"positive"
"rna__TraesCAD_scaffold_116006_01G000100","TraesCAD_scaffold_116006_01G000100","rna","C2+",2,"positive"
"rna__TraesCAD_scaffold_008923_01G000100","TraesCAD_scaffold_008923_01G000100","rna","C2-",2,"negative"
"rna__TraesCAD_scaffold_071684_01G000200","TraesCAD_scaffold_071684_01G000200","rna","C1+",1,"positive"
"rna__TraesCAD_scaffold_056872_01G000300","TraesCAD_scaffold_056872_01G000300","rna","C1+",1,"positive"
"rna__TraesCAD_scaffold_034993_01G000100","TraesCAD_scaffold_034993_01G000100","rna","C1+",1,"positive"
"rna__TraesCAD_scaffold_013305_01G000200","TraesCAD_scaffold_013305_01G000200","rna","C1+",1,"positive"
"rna__TraesCAD_scaffold_107073_01G000400","TraesCAD_scaffold_107073_01G000400","rna","C1-",1,"negative"
"rna__TraesCAD_scaffold_063307_01G000200","TraesCAD_scaffold_063307_01G000200","rna","C1-",1,"negative"
"rna__TraesCAD_scaffold_000354_01G000400","TraesCAD_scaffold_000354_01G000400","rna","C1+",1,"positive"
"rna__TraesCAD_scaffold_042227_01G000100","TraesCAD_scaffold_042227_01G000100","rna","C1+",1,"positive"
"rna__TraesCAD_scaffold_040129_01G000400","TraesCAD_scaffold_040129_01G000400","rna","C2+",2,"positive"
"rna__TraesCAD_scaffold_064974_01G000100","TraesCAD_scaffold_064974_01G000100","rna","C2+",2,"positive"
"rna__TraesCAD_scaffold_014789_01G000100","TraesCAD_scaffold_014789_01G000100","rna","C2-",2,"negative"
"rna__TraesCAD_scaffold_018187_01G000200","TraesCAD_scaffold_018187_01G000200","rna","C2+",2,"positive"
"rna__TraesCAD_scaffold_061622_01G000400","TraesCAD_scaffold_061622_01G000400","rna","C2+",2,"positive"
"rna__TraesCAD_scaffold_070726_01G000200","TraesCAD_scaffold_070726_01G000200","rna","C1-",1,"negative"
"rna__TraesCAD_scaffold_102723_01G000300","TraesCAD_scaffold_102723_01G000300","rna","C1+",1,"positive"
"rna__TraesCAD_scaffold_032735_01G000100","TraesCAD_scaffold_032735_01G000100","rna","C1-",1,"negative"
"rna__TraesCAD_scaffold_059421_01G000200","TraesCAD_scaffold_059421_01G000200","rna","C1+",1,"positive"
"rna__TraesCAD_scaffold_039546_01G000300","TraesCAD_scaffold_039546_01G000300","rna","C1+",1,"positive"
"rna__TraesCAD_scaffold_087293_01G000100","TraesCAD_scaffold_087293_01G000100","rna","C2-",2,"negative"
"rna__TraesCAD_scaffold_103298_01G000100","TraesCAD_scaffold_103298_01G000100","rna","C2+",2,"positive"
"rna__TraesCAD_scaffold_013649_01G000100","TraesCAD_scaffold_013649_01G000100","rna","C2+",2,"positive"
"rna__TraesCAD_scaffold_125904_01G000100","TraesCAD_scaffold_125904_01G000100","rna","C1-",1,"negative"
"rna__TraesCAD_scaffold_439132_01G000100","TraesCAD_scaffold_439132_01G000100","rna","C2+",2,"positive"
"rna__TraesCAD_scaffold_091641_01G000100","TraesCAD_scaffold_091641_01G000100","rna","C1+",1,"positive"
"rna__TraesCAD_scaffold_042280_01G000500","TraesCAD_scaffold_042280_01G000500","rna","C1+",1,"positive"
"rna__TraesCAD_scaffold_029218_01G000200","TraesCAD_scaffold_029218_01G000200","rna","C1+",1,"positive"
"rna__TraesCAD_scaffold_130299_01G000200","TraesCAD_scaffold_130299_01G000200","rna","C1+",1,"positive"
"rna__TraesCAD_scaffold_008337_01G000100","TraesCAD_scaffold_008337_01G000100","rna","C1-",1,"negative"
"rna__TraesCAD_scaffold_129107_01G000100","TraesCAD_scaffold_129107_01G000100","rna","C1+",1,"positive"
"rna__TraesCAD_scaffold_025339_01G000200","TraesCAD_scaffold_025339_01G000200","rna","C2+",2,"positive"
"rna__TraesCAD_scaffold_021256_01G000100","TraesCAD_scaffold_021256_01G000100","rna","C2+",2,"positive"
"rna__TraesCAD_scaffold_006571_01G000500","TraesCAD_scaffold_006571_01G000500","rna","C1-",1,"negative"
"rna__TraesCAD_scaffold_046593_01G000100","TraesCAD_scaffold_046593_01G000100","rna","C2+",2,"positive"
"rna__TraesCAD_scaffold_083772_01G000500","TraesCAD_scaffold_083772_01G000500","rna","C1+",1,"positive"
"rna__TraesCAD_scaffold_009792_01G000900","TraesCAD_scaffold_009792_01G000900","rna","C2-",2,"negative"
"rna__TraesCAD_scaffold_067723_01G000200","TraesCAD_scaffold_067723_01G000200","rna","C1+",1,"positive"
"rna__TraesCAD_scaffold_035427_01G000200","TraesCAD_scaffold_035427_01G000200","rna","C2+",2,"positive"
"rna__TraesCAD_scaffold_078662_01G000300","TraesCAD_scaffold_078662_01G000300","rna","C1-",1,"negative"
"rna__TraesCAD_scaffold_016856_01G000100","TraesCAD_scaffold_016856_01G000100","rna","C2-",2,"negative"
"rna__TraesCAD_scaffold_057884_01G000100","TraesCAD_scaffold_057884_01G000100","rna","C1-",1,"negative"
"rna__TraesCAD_scaffold_076466_01G000500","TraesCAD_scaffold_076466_01G000500","rna","C2+",2,"positive"
"rna__TraesCAD_scaffold_058984_01G000200","TraesCAD_scaffold_058984_01G000200","rna","C1-",1,"negative"
"rna__TraesCAD_scaffold_029820_01G000300","TraesCAD_scaffold_029820_01G000300","rna","C2-",2,"negative"
"rna__TraesCAD_scaffold_022238_01G000200","TraesCAD_scaffold_022238_01G000200","rna","C2+",2,"positive"
"rna__TraesCAD_scaffold_023565_01G000100","TraesCAD_scaffold_023565_01G000100","rna","C1-",1,"negative"
"rna__TraesCAD_scaffold_112916_01G000200","TraesCAD_scaffold_112916_01G000200","rna","C1+",1,"positive"
"rna__TraesCAD_scaffold_004055_01G000100","TraesCAD_scaffold_004055_01G000100","rna","C2+",2,"positive"
"rna__TraesCAD_scaffold_009831_01G000400","TraesCAD_scaffold_009831_01G000400","rna","C1-",1,"negative"
"rna__TraesCAD_scaffold_135392_01G000100","TraesCAD_scaffold_135392_01G000100","rna","C1-",1,"negative"
"rna__TraesCAD_scaffold_092754_01G000100","TraesCAD_scaffold_092754_01G000100","rna","C1+",1,"positive"
"rna__TraesCAD_scaffold_012241_01G000500","TraesCAD_scaffold_012241_01G000500","rna","C1-",1,"negative"
"rna__TraesCAD_scaffold_005929_01G000200","TraesCAD_scaffold_005929_01G000200","rna","C2-",2,"negative"
"rna__TraesCAD_scaffold_041792_01G000100","TraesCAD_scaffold_041792_01G000100","rna","C1-",1,"negative"
"rna__TraesCAD_scaffold_021735_01G000300","TraesCAD_scaffold_021735_01G000300","rna","C1+",1,"positive"
"rna__TraesCAD_scaffold_012772_01G000500","TraesCAD_scaffold_012772_01G000500","rna","C1+",1,"positive"
"rna__TraesCAD_scaffold_038624_01G000100","TraesCAD_scaffold_038624_01G000100","rna","C1+",1,"positive"
"rna__TraesCAD_scaffold_052738_01G000200","TraesCAD_scaffold_052738_01G000200","rna","C2+",2,"positive"
"rna__TraesCAD_scaffold_127625_01G000100","TraesCAD_scaffold_127625_01G000100","rna","C2+",2,"positive"
"rna__TraesCAD_scaffold_131416_01G000100","TraesCAD_scaffold_131416_01G000100","rna","C2-",2,"negative"
"rna__TraesCAD_scaffold_031410_01G000500","TraesCAD_scaffold_031410_01G000500","rna","C2+",2,"positive"
"rna__TraesCAD_scaffold_068135_01G000100","TraesCAD_scaffold_068135_01G000100","rna","C1-",1,"negative"
"rna__TraesCAD_scaffold_021586_01G000200","TraesCAD_scaffold_021586_01G000200","rna","C2-",2,"negative"
"rna__TraesCAD_scaffold_000673_01G000100","TraesCAD_scaffold_000673_01G000100","rna","C2+",2,"positive"
"rna__TraesCAD_scaffold_043248_01G000200","TraesCAD_scaffold_043248_01G000200","rna","C1+",1,"positive"
"rna__TraesCAD_scaffold_087202_01G000200","TraesCAD_scaffold_087202_01G000200","rna","C1+",1,"positive"
"rna__TraesCAD_scaffold_049250_01G000100","TraesCAD_scaffold_049250_01G000100","rna","C2+",2,"positive"
"rna__TraesCAD_scaffold_068744_01G000200","TraesCAD_scaffold_068744_01G000200","rna","C1+",1,"positive"
"rna__TraesCAD_scaffold_043766_01G000100","TraesCAD_scaffold_043766_01G000100","rna","C2+",2,"positive"
"rna__TraesCAD_scaffold_004944_01G000100","TraesCAD_scaffold_004944_01G000100","rna","C1+",1,"positive"
"rna__TraesCAD_scaffold_036315_01G000300","TraesCAD_scaffold_036315_01G000300","rna","C1-",1,"negative"
"rna__TraesCAD_scaffold_100697_01G000100","TraesCAD_scaffold_100697_01G000100","rna","C2-",2,"negative"
"rna__TraesCAD_scaffold_021246_01G000200","TraesCAD_scaffold_021246_01G000200","rna","C2+",2,"positive"
"rna__TraesCAD_scaffold_006738_01G000400","TraesCAD_scaffold_006738_01G000400","rna","C2+",2,"positive"
"rna__TraesCAD_scaffold_041500_01G000200","TraesCAD_scaffold_041500_01G000200","rna","C2-",2,"negative"
"rna__TraesCAD_scaffold_000195_01G000200","TraesCAD_scaffold_000195_01G000200","rna","C2-",2,"negative"
"rna__TraesCAD_scaffold_043990_01G000100","TraesCAD_scaffold_043990_01G000100","rna","C2+",2,"positive"
"rna__TraesCAD_scaffold_014579_01G000800","TraesCAD_scaffold_014579_01G000800","rna","C1+",1,"positive"
"rna__TraesCAD_scaffold_011939_01G000900","TraesCAD_scaffold_011939_01G000900","rna","C1-",1,"negative"
"rna__TraesCAD_scaffold_065793_01G000100","TraesCAD_scaffold_065793_01G000100","rna","C2+",2,"positive"
"rna__TraesCAD_scaffold_012759_01G000100","TraesCAD_scaffold_012759_01G000100","rna","C1+",1,"positive"
"rna__TraesCAD_scaffold_131924_01G000100","TraesCAD_scaffold_131924_01G000100","rna","C1-",1,"negative"
"rna__TraesCAD_scaffold_111919_01G000100","TraesCAD_scaffold_111919_01G000100","rna","C2+",2,"positive"
"rna__TraesCAD_scaffold_020690_01G000300","TraesCAD_scaffold_020690_01G000300","rna","C1-",1,"negative"
"rna__TraesCAD_scaffold_075769_01G000100","TraesCAD_scaffold_075769_01G000100","rna","C2-",2,"negative"
"rna__TraesCAD_scaffold_080759_01G000200","TraesCAD_scaffold_080759_01G000200","rna","C1+",1,"positive"
"rna__TraesCAD_scaffold_016201_01G000100","TraesCAD_scaffold_016201_01G000100","rna","C1+",1,"positive"
"rna__TraesCAD_scaffold_003364_01G000300","TraesCAD_scaffold_003364_01G000300","rna","C2+",2,"positive"
"rna__TraesCAD_scaffold_088955_01G000100","TraesCAD_scaffold_088955_01G000100","rna","C1+",1,"positive"
"rna__TraesCAD_scaffold_034015_01G000300","TraesCAD_scaffold_034015_01G000300","rna","C1+",1,"positive"
"rna__TraesCAD_scaffold_022190_01G000400","TraesCAD_scaffold_022190_01G000400","rna","C1+",1,"positive"
"rna__TraesCAD_scaffold_056411_01G000100","TraesCAD_scaffold_056411_01G000100","rna","C1-",1,"negative"
"rna__TraesCAD_scaffold_039842_01G000100","TraesCAD_scaffold_039842_01G000100","rna","C1+",1,"positive"
"rna__TraesCAD_scaffold_038477_01G000200","TraesCAD_scaffold_038477_01G000200","rna","C1+",1,"positive"
"rna__TraesCAD_scaffold_071469_01G000100","TraesCAD_scaffold_071469_01G000100","rna","C2-",2,"negative"
"rna__TraesCAD_scaffold_064969_01G000400","TraesCAD_scaffold_064969_01G000400","rna","C2+",2,"positive"
"rna__TraesCAD_scaffold_019989_01G000200","TraesCAD_scaffold_019989_01G000200","rna","C2+",2,"positive"
"rna__TraesCAD_scaffold_107437_01G000100","TraesCAD_scaffold_107437_01G000100","rna","C1-",1,"negative"
"rna__TraesCAD_scaffold_071907_01G000300","TraesCAD_scaffold_071907_01G000300","rna","C1+",1,"positive"
"rna__TraesCAD_scaffold_131235_01G000100","TraesCAD_scaffold_131235_01G000100","rna","C1+",1,"positive"
"rna__TraesCAD_scaffold_038677_01G000300","TraesCAD_scaffold_038677_01G000300","rna","C1-",1,"negative"
"rna__TraesCAD_scaffold_089547_01G000600","TraesCAD_scaffold_089547_01G000600","rna","C2-",2,"negative"
"rna__TraesCAD_scaffold_022716_01G000500","TraesCAD_scaffold_022716_01G000500","rna","C1-",1,"negative"
"rna__TraesCAD_scaffold_001948_01G000100","TraesCAD_scaffold_001948_01G000100","rna","C2+",2,"positive"
"rna__TraesCAD_scaffold_041439_01G000200","TraesCAD_scaffold_041439_01G000200","rna","C1+",1,"positive"
"rna__TraesCAD_scaffold_079416_01G000200","TraesCAD_scaffold_079416_01G000200","rna","C1-",1,"negative"
"rna__TraesCAD_scaffold_008604_01G000100","TraesCAD_scaffold_008604_01G000100","rna","C1-",1,"negative"
"rna__TraesCAD_scaffold_084480_01G000100","TraesCAD_scaffold_084480_01G000100","rna","C2+",2,"positive"
"rna__TraesCAD_scaffold_166709_01G000100","TraesCAD_scaffold_166709_01G000100","rna","C1-",1,"negative"
"rna__TraesCAD_scaffold_035851_01G000700","TraesCAD_scaffold_035851_01G000700","rna","C2-",2,"negative"
"rna__TraesCAD_scaffold_037896_01G000100","TraesCAD_scaffold_037896_01G000100","rna","C1+",1,"positive"
"rna__TraesCAD_scaffold_049250_01G000200","TraesCAD_scaffold_049250_01G000200","rna","C2+",2,"positive"
"rna__TraesCAD_scaffold_042804_01G000300","TraesCAD_scaffold_042804_01G000300","rna","C2-",2,"negative"
"rna__TraesCAD_scaffold_077056_01G000100","TraesCAD_scaffold_077056_01G000100","rna","C1-",1,"negative"
"rna__TraesCAD_scaffold_038700_01G000100","TraesCAD_scaffold_038700_01G000100","rna","C2-",2,"negative"
"rna__TraesCAD_scaffold_018262_01G000100","TraesCAD_scaffold_018262_01G000100","rna","C2+",2,"positive"
"rna__TraesCAD_scaffold_004113_01G000200","TraesCAD_scaffold_004113_01G000200","rna","C2+",2,"positive"
"rna__TraesCAD_scaffold_040129_01G000500","TraesCAD_scaffold_040129_01G000500","rna","C2+",2,"positive"
"rna__TraesCAD_scaffold_000549_01G000400","TraesCAD_scaffold_000549_01G000400","rna","C2+",2,"positive"
"rna__TraesCAD_scaffold_063623_01G000200","TraesCAD_scaffold_063623_01G000200","rna","C2-",2,"negative"
"rna__TraesCAD_scaffold_041589_01G000700","TraesCAD_scaffold_041589_01G000700","rna","C2+",2,"positive"
"rna__TraesCAD_scaffold_100909_01G000100","TraesCAD_scaffold_100909_01G000100","rna","C1+",1,"positive"
"rna__TraesCAD_scaffold_000570_01G000600","TraesCAD_scaffold_000570_01G000600","rna","C1-",1,"negative"
"rna__TraesCAD_scaffold_018008_01G000200","TraesCAD_scaffold_018008_01G000200","rna","C2+",2,"positive"
"rna__TraesCAD_scaffold_124229_01G000200","TraesCAD_scaffold_124229_01G000200","rna","C2-",2,"negative"
"rna__TraesCAD_scaffold_038942_01G000200","TraesCAD_scaffold_038942_01G000200","rna","C1-",1,"negative"
"rna__TraesCAD_scaffold_135843_01G000100","TraesCAD_scaffold_135843_01G000100","rna","C1-",1,"negative"
"rna__TraesCAD_scaffold_087965_01G000100","TraesCAD_scaffold_087965_01G000100","rna","C1-",1,"negative"
"rna__TraesCAD_scaffold_017030_01G000500","TraesCAD_scaffold_017030_01G000500","rna","C1-",1,"negative"
"rna__TraesCAD_scaffold_088327_01G000200","TraesCAD_scaffold_088327_01G000200","rna","C2+",2,"positive"
"rna__TraesCAD_scaffold_025312_01G000100","TraesCAD_scaffold_025312_01G000100","rna","C1-",1,"negative"
"rna__TraesCAD_scaffold_028464_01G000100","TraesCAD_scaffold_028464_01G000100","rna","C2+",2,"positive"
"rna__TraesCAD_scaffold_057176_01G000200","TraesCAD_scaffold_057176_01G000200","rna","C2-",2,"negative"
"rna__TraesCAD_scaffold_018883_01G000500","TraesCAD_scaffold_018883_01G000500","rna","C1-",1,"negative"
"rna__TraesCAD_scaffold_058959_01G000100","TraesCAD_scaffold_058959_01G000100","rna","C2+",2,"positive"
"rna__TraesCAD_scaffold_074095_01G000200","TraesCAD_scaffold_074095_01G000200","rna","C1+",1,"positive"
"rna__TraesCAD_scaffold_137899_01G000200","TraesCAD_scaffold_137899_01G000200","rna","C1+",1,"positive"
"rna__TraesCAD_scaffold_008421_01G000100","TraesCAD_scaffold_008421_01G000100","rna","C1+",1,"positive"
"rna__TraesCAD_scaffold_061644_01G000200","TraesCAD_scaffold_061644_01G000200","rna","C1-",1,"negative"
"rna__TraesCAD_scaffold_100511_01G000100","TraesCAD_scaffold_100511_01G000100","rna","C2-",2,"negative"
"rna__TraesCAD_scaffold_143741_01G000100","TraesCAD_scaffold_143741_01G000100","rna","C1+",1,"positive"
"rna__TraesCAD_scaffold_029586_01G000100","TraesCAD_scaffold_029586_01G000100","rna","C1-",1,"negative"
"rna__TraesCAD_scaffold_049805_01G000200","TraesCAD_scaffold_049805_01G000200","rna","C2+",2,"positive"
"rna__TraesCAD_scaffold_045598_01G000200","TraesCAD_scaffold_045598_01G000200","rna","C2-",2,"negative"
"rna__TraesCAD_scaffold_063553_01G000200","TraesCAD_scaffold_063553_01G000200","rna","C1-",1,"negative"
"rna__TraesCAD_scaffold_023837_01G000100","TraesCAD_scaffold_023837_01G000100","rna","C1-",1,"negative"
"rna__TraesCAD_scaffold_145653_01G000100","TraesCAD_scaffold_145653_01G000100","rna","C1-",1,"negative"
"rna__TraesCAD_scaffold_065794_01G000400","TraesCAD_scaffold_065794_01G000400","rna","C1+",1,"positive"
"rna__TraesCAD_scaffold_092753_01G000200","TraesCAD_scaffold_092753_01G000200","rna","C2-",2,"negative"
"rna__TraesCAD_scaffold_081567_01G000100","TraesCAD_scaffold_081567_01G000100","rna","C1-",1,"negative"
"rna__TraesCAD_scaffold_020579_01G000100","TraesCAD_scaffold_020579_01G000100","rna","C2-",2,"negative"
"rna__TraesCAD_scaffold_005705_01G000200","TraesCAD_scaffold_005705_01G000200","rna","C2+",2,"positive"
"rna__TraesCAD_scaffold_031714_01G000100","TraesCAD_scaffold_031714_01G000100","rna","C2-",2,"negative"
"rna__TraesCAD_scaffold_049942_01G000200","TraesCAD_scaffold_049942_01G000200","rna","C2-",2,"negative"
"rna__TraesCAD_scaffold_010118_01G000200","TraesCAD_scaffold_010118_01G000200","rna","C1-",1,"negative"
"rna__TraesCAD_scaffold_057292_01G000100","TraesCAD_scaffold_057292_01G000100","rna","C1-",1,"negative"
"rna__TraesCAD_scaffold_078205_01G000500","TraesCAD_scaffold_078205_01G000500","rna","C2+",2,"positive"
"rna__TraesCAD_scaffold_071742_01G000200","TraesCAD_scaffold_071742_01G000200","rna","C1+",1,"positive"
"rna__TraesCAD_scaffold_128201_01G000100","TraesCAD_scaffold_128201_01G000100","rna","C1-",1,"negative"
"rna__TraesCAD_scaffold_085818_01G000200","TraesCAD_scaffold_085818_01G000200","rna","C2+",2,"positive"
"rna__TraesCAD_scaffold_064809_01G000100","TraesCAD_scaffold_064809_01G000100","rna","C2-",2,"negative"
"rna__TraesCAD_scaffold_004916_01G000600","TraesCAD_scaffold_004916_01G000600","rna","C2-",2,"negative"
"rna__TraesCAD_scaffold_071534_01G000100","TraesCAD_scaffold_071534_01G000100","rna","C1+",1,"positive"
"rna__TraesCAD_scaffold_069361_01G000300","TraesCAD_scaffold_069361_01G000300","rna","C1-",1,"negative"
"rna__TraesCAD_scaffold_077721_01G000200","TraesCAD_scaffold_077721_01G000200","rna","C1-",1,"negative"
"rna__TraesCAD_scaffold_106729_01G000200","TraesCAD_scaffold_106729_01G000200","rna","C1-",1,"negative"
"rna__TraesCAD_scaffold_117957_01G000100","TraesCAD_scaffold_117957_01G000100","rna","C2+",2,"positive"
"rna__TraesCAD_scaffold_024633_01G000200","TraesCAD_scaffold_024633_01G000200","rna","C1+",1,"positive"
"rna__TraesCAD_scaffold_126519_01G000100","TraesCAD_scaffold_126519_01G000100","rna","C1-",1,"negative"
"rna__TraesCAD_scaffold_050078_01G000200","TraesCAD_scaffold_050078_01G000200","rna","C1+",1,"positive"
"rna__TraesCAD_scaffold_058561_01G000200","TraesCAD_scaffold_058561_01G000200","rna","C1+",1,"positive"
"rna__TraesCAD_scaffold_040872_01G000300","TraesCAD_scaffold_040872_01G000300","rna","C1+",1,"positive"
"rna__TraesCAD_scaffold_034764_01G000100","TraesCAD_scaffold_034764_01G000100","rna","C1-",1,"negative"
"rna__TraesCAD_scaffold_042521_01G000200","TraesCAD_scaffold_042521_01G000200","rna","C2-",2,"negative"
"rna__TraesCAD_scaffold_089911_01G000200","TraesCAD_scaffold_089911_01G000200","rna","C1+",1,"positive"
"rna__TraesCAD_scaffold_035460_01G000100","TraesCAD_scaffold_035460_01G000100","rna","C2-",2,"negative"
"rna__TraesCAD_scaffold_068409_01G000100","TraesCAD_scaffold_068409_01G000100","rna","C2+",2,"positive"
"rna__TraesCAD_scaffold_059777_01G000200","TraesCAD_scaffold_059777_01G000200","rna","C1-",1,"negative"
"rna__TraesCAD_scaffold_063814_01G000100","TraesCAD_scaffold_063814_01G000100","rna","C1+",1,"positive"
"rna__TraesCAD_scaffold_042808_01G000200","TraesCAD_scaffold_042808_01G000200","rna","C2-",2,"negative"
"rna__TraesCAD_scaffold_010749_01G000100","TraesCAD_scaffold_010749_01G000100","rna","C1+",1,"positive"
"rna__TraesCAD_scaffold_087625_01G000200","TraesCAD_scaffold_087625_01G000200","rna","C2-",2,"negative"
"rna__TraesCAD_scaffold_031718_01G000200","TraesCAD_scaffold_031718_01G000200","rna","C1+",1,"positive"
"rna__TraesCAD_scaffold_058762_01G000100","TraesCAD_scaffold_058762_01G000100","rna","C2+",2,"positive"
"rna__TraesCAD_scaffold_004756_01G000100","TraesCAD_scaffold_004756_01G000100","rna","C2+",2,"positive"
"rna__TraesCAD_scaffold_001260_01G000200","TraesCAD_scaffold_001260_01G000200","rna","C1-",1,"negative"
"rna__TraesCAD_scaffold_076466_01G000100","TraesCAD_scaffold_076466_01G000100","rna","C1+",1,"positive"
"rna__TraesCAD_scaffold_048251_01G000200","TraesCAD_scaffold_048251_01G000200","rna","C1+",1,"positive"
"rna__TraesCAD_scaffold_116934_01G000200","TraesCAD_scaffold_116934_01G000200","rna","C2+",2,"positive"
"rna__TraesCAD_scaffold_099617_01G000100","TraesCAD_scaffold_099617_01G000100","rna","C2+",2,"positive"
"rna__TraesCAD_scaffold_012466_01G000100","TraesCAD_scaffold_012466_01G000100","rna","C2-",2,"negative"
"rna__TraesCAD_scaffold_067971_01G000100","TraesCAD_scaffold_067971_01G000100","rna","C1-",1,"negative"
"rna__TraesCAD_scaffold_016229_01G000200","TraesCAD_scaffold_016229_01G000200","rna","C1+",1,"positive"
"rna__TraesCAD_scaffold_019183_01G000400","TraesCAD_scaffold_019183_01G000400","rna","C1+",1,"positive"
"rna__TraesCAD_scaffold_000583_01G000900","TraesCAD_scaffold_000583_01G000900","rna","C2+",2,"positive"
"rna__TraesCAD_scaffold_041537_01G000100","TraesCAD_scaffold_041537_01G000100","rna","C2-",2,"negative"
"rna__TraesCAD_scaffold_086460_01G000200","TraesCAD_scaffold_086460_01G000200","rna","C1+",1,"positive"
"rna__TraesCAD_scaffold_038374_01G000300","TraesCAD_scaffold_038374_01G000300","rna","C1-",1,"negative"
"rna__TraesCAD_scaffold_138099_01G000200","TraesCAD_scaffold_138099_01G000200","rna","C1+",1,"positive"
"rna__TraesCAD_scaffold_038971_01G000400","TraesCAD_scaffold_038971_01G000400","rna","C2+",2,"positive"
"rna__TraesCAD_scaffold_010837_01G000400","TraesCAD_scaffold_010837_01G000400","rna","C1+",1,"positive"
"rna__TraesCAD_scaffold_027986_01G000400","TraesCAD_scaffold_027986_01G000400","rna","C1-",1,"negative"
"rna__TraesCAD_scaffold_033253_01G000100","TraesCAD_scaffold_033253_01G000100","rna","C1-",1,"negative"
"rna__TraesCAD_scaffold_064398_01G000200","TraesCAD_scaffold_064398_01G000200","rna","C1+",1,"positive"
"rna__TraesCAD_scaffold_007449_01G000500","TraesCAD_scaffold_007449_01G000500","rna","C1+",1,"positive"
"rna__TraesCAD_scaffold_072463_01G000300","TraesCAD_scaffold_072463_01G000300","rna","C1+",1,"positive"
"rna__TraesCAD_scaffold_076583_01G000300","TraesCAD_scaffold_076583_01G000300","rna","C1+",1,"positive"
"rna__TraesCAD_scaffold_005166_01G000300","TraesCAD_scaffold_005166_01G000300","rna","C1+",1,"positive"
"rna__TraesCAD_scaffold_133825_01G000100","TraesCAD_scaffold_133825_01G000100","rna","C1+",1,"positive"
"rna__TraesCAD_scaffold_000050_01G000700","TraesCAD_scaffold_000050_01G000700","rna","C1+",1,"positive"
"rna__TraesCAD_scaffold_015761_01G000200","TraesCAD_scaffold_015761_01G000200","rna","C1+",1,"positive"
"rna__TraesCAD_scaffold_287769_01G000100","TraesCAD_scaffold_287769_01G000100","rna","C1+",1,"positive"
"rna__TraesCAD_scaffold_045491_01G000300","TraesCAD_scaffold_045491_01G000300","rna","C2-",2,"negative"
"rna__TraesCAD_scaffold_001469_01G001200","TraesCAD_scaffold_001469_01G001200","rna","C2+",2,"positive"
"rna__TraesCAD_scaffold_006412_01G000900","TraesCAD_scaffold_006412_01G000900","rna","C1+",1,"positive"
"rna__TraesCAD_scaffold_000349_01G000500","TraesCAD_scaffold_000349_01G000500","rna","C1+",1,"positive"
"rna__TraesCAD_scaffold_016018_01G000100","TraesCAD_scaffold_016018_01G000100","rna","C2-",2,"negative"
"rna__TraesCAD_scaffold_003668_01G000100","TraesCAD_scaffold_003668_01G000100","rna","C1-",1,"negative"
"rna__TraesCAD_scaffold_002084_01G001000","TraesCAD_scaffold_002084_01G001000","rna","C1-",1,"negative"
"rna__TraesCAD_scaffold_198080_01G000100","TraesCAD_scaffold_198080_01G000100","rna","C2-",2,"negative"
"rna__TraesCAD_scaffold_029082_01G000500","TraesCAD_scaffold_029082_01G000500","rna","C2+",2,"positive"
"rna__TraesCAD_scaffold_074684_01G000100","TraesCAD_scaffold_074684_01G000100","rna","C1-",1,"negative"
"rna__TraesCAD_scaffold_018461_01G000500","TraesCAD_scaffold_018461_01G000500","rna","C1-",1,"negative"
"rna__TraesCAD_scaffold_146404_01G000200","TraesCAD_scaffold_146404_01G000200","rna","C1+",1,"positive"
"rna__TraesCAD_scaffold_064847_01G000200","TraesCAD_scaffold_064847_01G000200","rna","C1-",1,"negative"
"rna__TraesCAD_scaffold_045294_01G000200","TraesCAD_scaffold_045294_01G000200","rna","C1-",1,"negative"
"rna__TraesCAD_scaffold_137601_01G000100","TraesCAD_scaffold_137601_01G000100","rna","C1-",1,"negative"
"rna__TraesCAD_scaffold_056700_01G000200","TraesCAD_scaffold_056700_01G000200","rna","C2-",2,"negative"
"rna__TraesCAD_scaffold_000367_01G000100","TraesCAD_scaffold_000367_01G000100","rna","C1-",1,"negative"
"rna__TraesCAD_scaffold_013248_01G000100","TraesCAD_scaffold_013248_01G000100","rna","C2-",2,"negative"
"rna__TraesCAD_scaffold_007568_01G000200","TraesCAD_scaffold_007568_01G000200","rna","C2+",2,"positive"
"rna__TraesCAD_scaffold_051555_01G000100","TraesCAD_scaffold_051555_01G000100","rna","C1-",1,"negative"
"rna__TraesCAD_scaffold_021940_01G000300","TraesCAD_scaffold_021940_01G000300","rna","C1-",1,"negative"
"rna__TraesCAD_scaffold_158991_01G000100","TraesCAD_scaffold_158991_01G000100","rna","C2-",2,"negative"
"rna__TraesCAD_scaffold_029900_01G000200","TraesCAD_scaffold_029900_01G000200","rna","C2+",2,"positive"
"rna__TraesCAD_scaffold_017034_01G000200","TraesCAD_scaffold_017034_01G000200","rna","C2+",2,"positive"
"rna__TraesCAD_scaffold_007250_01G000300","TraesCAD_scaffold_007250_01G000300","rna","C1+",1,"positive"
"rna__TraesCAD_scaffold_041779_01G000100","TraesCAD_scaffold_041779_01G000100","rna","C2+",2,"positive"
"rna__TraesCAD_scaffold_040557_01G000100","TraesCAD_scaffold_040557_01G000100","rna","C1+",1,"positive"
"rna__TraesCAD_scaffold_068638_01G000100","TraesCAD_scaffold_068638_01G000100","rna","C2+",2,"positive"
"rna__TraesCAD_scaffold_041589_01G000100","TraesCAD_scaffold_041589_01G000100","rna","C1+",1,"positive"
"rna__TraesCAD_scaffold_069080_01G000100","TraesCAD_scaffold_069080_01G000100","rna","C2-",2,"negative"
"rna__TraesCAD_scaffold_112619_01G000100","TraesCAD_scaffold_112619_01G000100","rna","C1+",1,"positive"
"rna__TraesCAD_scaffold_081184_01G000200","TraesCAD_scaffold_081184_01G000200","rna","C2+",2,"positive"
"rna__TraesCAD_scaffold_034592_01G000100","TraesCAD_scaffold_034592_01G000100","rna","C2-",2,"negative"
"rna__TraesCAD_scaffold_013124_01G000600","TraesCAD_scaffold_013124_01G000600","rna","C2+",2,"positive"
"rna__TraesCAD_scaffold_093257_01G000100","TraesCAD_scaffold_093257_01G000100","rna","C1-",1,"negative"
"rna__TraesCAD_scaffold_132112_01G000100","TraesCAD_scaffold_132112_01G000100","rna","C1+",1,"positive"
"rna__TraesCAD_scaffold_049807_01G000200","TraesCAD_scaffold_049807_01G000200","rna","C1+",1,"positive"
"rna__TraesCAD_scaffold_044822_01G000400","TraesCAD_scaffold_044822_01G000400","rna","C1+",1,"positive"
"rna__TraesCAD_scaffold_103257_01G000100","TraesCAD_scaffold_103257_01G000100","rna","C2+",2,"positive"
"rna__TraesCAD_scaffold_005428_01G000100","TraesCAD_scaffold_005428_01G000100","rna","C2+",2,"positive"
"rna__TraesCAD_scaffold_066543_01G000200","TraesCAD_scaffold_066543_01G000200","rna","C1-",1,"negative"
"rna__TraesCAD_scaffold_049055_01G000100","TraesCAD_scaffold_049055_01G000100","rna","C2+",2,"positive"
"rna__TraesCAD_scaffold_153674_01G000100","TraesCAD_scaffold_153674_01G000100","rna","C1+",1,"positive"
"rna__TraesCAD_scaffold_128985_01G000100","TraesCAD_scaffold_128985_01G000100","rna","C1-",1,"negative"
"rna__TraesCAD_scaffold_004007_01G000700","TraesCAD_scaffold_004007_01G000700","rna","C1-",1,"negative"
"rna__TraesCAD_scaffold_023433_01G000100","TraesCAD_scaffold_023433_01G000100","rna","C2+",2,"positive"
"rna__TraesCAD_scaffold_063099_01G000200","TraesCAD_scaffold_063099_01G000200","rna","C1+",1,"positive"
"rna__TraesCAD_scaffold_013058_01G000200","TraesCAD_scaffold_013058_01G000200","rna","C2+",2,"positive"
"rna__TraesCAD_scaffold_013202_01G000100","TraesCAD_scaffold_013202_01G000100","rna","C1+",1,"positive"
"rna__TraesCAD_scaffold_137407_01G000100","TraesCAD_scaffold_137407_01G000100","rna","C1-",1,"negative"
"rna__TraesCAD_scaffold_041799_01G000200","TraesCAD_scaffold_041799_01G000200","rna","C2+",2,"positive"
"rna__TraesCAD_scaffold_038911_01G000100","TraesCAD_scaffold_038911_01G000100","rna","C2+",2,"positive"
"rna__TraesCAD_scaffold_087654_01G000400","TraesCAD_scaffold_087654_01G000400","rna","C2-",2,"negative"
"rna__TraesCAD_scaffold_035189_01G000200","TraesCAD_scaffold_035189_01G000200","rna","C2-",2,"negative"
"rna__TraesCAD_scaffold_005404_01G000300","TraesCAD_scaffold_005404_01G000300","rna","C2+",2,"positive"
"rna__TraesCAD_scaffold_056395_01G000200","TraesCAD_scaffold_056395_01G000200","rna","C1+",1,"positive"
"rna__TraesCAD_scaffold_036541_01G000100","TraesCAD_scaffold_036541_01G000100","rna","C1-",1,"negative"
"rna__TraesCAD_scaffold_016223_01G000100","TraesCAD_scaffold_016223_01G000100","rna","C2-",2,"negative"
"rna__TraesCAD_scaffold_017535_01G000100","TraesCAD_scaffold_017535_01G000100","rna","C2+",2,"positive"
"rna__TraesCAD_scaffold_077272_01G000400","TraesCAD_scaffold_077272_01G000400","rna","C2-",2,"negative"
"rna__TraesCAD_scaffold_108616_01G000200","TraesCAD_scaffold_108616_01G000200","rna","C2+",2,"positive"
"rna__TraesCAD_scaffold_020527_01G000300","TraesCAD_scaffold_020527_01G000300","rna","C2-",2,"negative"
"rna__TraesCAD_scaffold_125714_01G000100","TraesCAD_scaffold_125714_01G000100","rna","C1-",1,"negative"
"rna__TraesCAD_scaffold_026067_01G000200","TraesCAD_scaffold_026067_01G000200","rna","C1-",1,"negative"
"rna__TraesCAD_scaffold_080165_01G000100","TraesCAD_scaffold_080165_01G000100","rna","C2+",2,"positive"
"rna__TraesCAD_scaffold_087633_01G000100","TraesCAD_scaffold_087633_01G000100","rna","C2-",2,"negative"
"rna__TraesCAD_scaffold_028770_01G000200","TraesCAD_scaffold_028770_01G000200","rna","C1+",1,"positive"
"rna__TraesCAD_scaffold_082285_01G000100","TraesCAD_scaffold_082285_01G000100","rna","C2-",2,"negative"
"rna__TraesCAD_scaffold_125145_01G000100","TraesCAD_scaffold_125145_01G000100","rna","C1+",1,"positive"
"rna__TraesCAD_scaffold_101856_01G000200","TraesCAD_scaffold_101856_01G000200","rna","C1-",1,"negative"
"rna__TraesCAD_scaffold_162785_01G000100","TraesCAD_scaffold_162785_01G000100","rna","C1-",1,"negative"
"rna__TraesCAD_scaffold_066867_01G000200","TraesCAD_scaffold_066867_01G000200","rna","C1+",1,"positive"
"rna__TraesCAD_scaffold_037772_01G000100","TraesCAD_scaffold_037772_01G000100","rna","C2+",2,"positive"
"rna__TraesCAD_scaffold_008284_01G000200","TraesCAD_scaffold_008284_01G000200","rna","C1-",1,"negative"
"rna__TraesCAD_scaffold_054211_01G000200","TraesCAD_scaffold_054211_01G000200","rna","C2-",2,"negative"
"rna__TraesCAD_scaffold_086846_01G000100","TraesCAD_scaffold_086846_01G000100","rna","C1+",1,"positive"
"rna__TraesCAD_scaffold_011859_01G000500","TraesCAD_scaffold_011859_01G000500","rna","C2+",2,"positive"
"rna__TraesCAD_scaffold_026177_01G000200","TraesCAD_scaffold_026177_01G000200","rna","C1+",1,"positive"
"rna__TraesCAD_scaffold_014397_01G000100","TraesCAD_scaffold_014397_01G000100","rna","C2+",2,"positive"
"rna__TraesCAD_scaffold_082553_01G000200","TraesCAD_scaffold_082553_01G000200","rna","C1-",1,"negative"
"rna__TraesCAD_scaffold_060643_01G000300","TraesCAD_scaffold_060643_01G000300","rna","C2+",2,"positive"
"rna__TraesCAD_scaffold_106660_01G000100","TraesCAD_scaffold_106660_01G000100","rna","C2-",2,"negative"
"rna__TraesCAD_scaffold_017147_01G000100","TraesCAD_scaffold_017147_01G000100","rna","C2+",2,"positive"
"rna__TraesCAD_scaffold_028329_01G000700","TraesCAD_scaffold_028329_01G000700","rna","C2-",2,"negative"
"rna__TraesCAD_scaffold_083620_01G000100","TraesCAD_scaffold_083620_01G000100","rna","C1+",1,"positive"
"rna__TraesCAD_scaffold_011461_01G000200","TraesCAD_scaffold_011461_01G000200","rna","C2+",2,"positive"
"rna__TraesCAD_scaffold_105771_01G000200","TraesCAD_scaffold_105771_01G000200","rna","C1+",1,"positive"
"rna__TraesCAD_scaffold_012737_01G000100","TraesCAD_scaffold_012737_01G000100","rna","C1-",1,"negative"
"rna__TraesCAD_scaffold_114470_01G000100","TraesCAD_scaffold_114470_01G000100","rna","C2-",2,"negative"
"rna__TraesCAD_scaffold_006777_01G000300","TraesCAD_scaffold_006777_01G000300","rna","C1-",1,"negative"
"rna__TraesCAD_scaffold_106729_01G000100","TraesCAD_scaffold_106729_01G000100","rna","C1-",1,"negative"
"rna__TraesCAD_scaffold_086046_01G000100","TraesCAD_scaffold_086046_01G000100","rna","C1-",1,"negative"
"rna__TraesCAD_scaffold_024916_01G000100","TraesCAD_scaffold_024916_01G000100","rna","C1+",1,"positive"
"rna__TraesCAD_scaffold_044358_01G000500","TraesCAD_scaffold_044358_01G000500","rna","C1+",1,"positive"
"rna__TraesCAD_scaffold_020035_01G000500","TraesCAD_scaffold_020035_01G000500","rna","C1-",1,"negative"
"rna__TraesCAD_scaffold_001515_01G000100","TraesCAD_scaffold_001515_01G000100","rna","C1+",1,"positive"
"rna__TraesCAD_scaffold_098523_01G000100","TraesCAD_scaffold_098523_01G000100","rna","C1-",1,"negative"
"rna__TraesCAD_scaffold_009065_01G000700","TraesCAD_scaffold_009065_01G000700","rna","C2-",2,"negative"
"rna__TraesCAD_scaffold_087313_01G000100","TraesCAD_scaffold_087313_01G000100","rna","C1-",1,"negative"
"rna__TraesCAD_scaffold_109280_01G000100","TraesCAD_scaffold_109280_01G000100","rna","C1+",1,"positive"
"rna__TraesCAD_scaffold_083317_01G000300","TraesCAD_scaffold_083317_01G000300","rna","C2-",2,"negative"
"rna__TraesCAD_scaffold_108370_01G000500","TraesCAD_scaffold_108370_01G000500","rna","C2+",2,"positive"
"rna__TraesCAD_scaffold_047828_01G000700","TraesCAD_scaffold_047828_01G000700","rna","C2+",2,"positive"
"rna__TraesCAD_scaffold_034151_01G000100","TraesCAD_scaffold_034151_01G000100","rna","C2-",2,"negative"
"rna__TraesCAD_scaffold_013162_01G000600","TraesCAD_scaffold_013162_01G000600","rna","C2-",2,"negative"
"rna__TraesCAD_scaffold_057435_01G000100","TraesCAD_scaffold_057435_01G000100","rna","C2+",2,"positive"
"rna__TraesCAD_scaffold_076198_01G000200","TraesCAD_scaffold_076198_01G000200","rna","C1+",1,"positive"
"rna__TraesCAD_scaffold_055536_01G000100","TraesCAD_scaffold_055536_01G000100","rna","C2-",2,"negative"
"rna__TraesCAD_scaffold_105744_01G000100","TraesCAD_scaffold_105744_01G000100","rna","C2-",2,"negative"
"rna__TraesCAD_scaffold_091516_01G000400","TraesCAD_scaffold_091516_01G000400","rna","C2+",2,"positive"
"rna__TraesCAD_scaffold_004928_01G000200","TraesCAD_scaffold_004928_01G000200","rna","C1+",1,"positive"
"rna__TraesCAD_scaffold_032187_01G000100","TraesCAD_scaffold_032187_01G000100","rna","C1+",1,"positive"
"rna__TraesCAD_scaffold_012102_01G000100","TraesCAD_scaffold_012102_01G000100","rna","C2+",2,"positive"
"rna__TraesCAD_scaffold_002353_01G000300","TraesCAD_scaffold_002353_01G000300","rna","C1-",1,"negative"
"rna__TraesCAD_scaffold_066299_01G000200","TraesCAD_scaffold_066299_01G000200","rna","C2+",2,"positive"
"rna__TraesCAD_scaffold_002908_01G000300","TraesCAD_scaffold_002908_01G000300","rna","C2-",2,"negative"
"rna__TraesCAD_scaffold_034084_01G000300","TraesCAD_scaffold_034084_01G000300","rna","C2+",2,"positive"
"rna__TraesCAD_scaffold_002823_01G000100","TraesCAD_scaffold_002823_01G000100","rna","C2+",2,"positive"
"rna__TraesCAD_scaffold_069359_01G000300","TraesCAD_scaffold_069359_01G000300","rna","C2-",2,"negative"
"rna__TraesCAD_scaffold_106192_01G000100","TraesCAD_scaffold_106192_01G000100","rna","C1-",1,"negative"
"rna__TraesCAD_scaffold_059664_01G000200","TraesCAD_scaffold_059664_01G000200","rna","C1+",1,"positive"
"rna__TraesCAD_scaffold_052090_01G000200","TraesCAD_scaffold_052090_01G000200","rna","C1+",1,"positive"
"rna__TraesCAD_scaffold_018475_01G000300","TraesCAD_scaffold_018475_01G000300","rna","C1-",1,"negative"
"rna__TraesCAD_scaffold_049633_01G000300","TraesCAD_scaffold_049633_01G000300","rna","C2+",2,"positive"
"rna__TraesCAD_scaffold_058206_01G000100","TraesCAD_scaffold_058206_01G000100","rna","C2+",2,"positive"
"rna__TraesCAD_scaffold_050759_01G000100","TraesCAD_scaffold_050759_01G000100","rna","C1+",1,"positive"
"rna__TraesCAD_scaffold_033188_01G000500","TraesCAD_scaffold_033188_01G000500","rna","C1-",1,"negative"
"rna__TraesCAD_scaffold_037441_01G000200","TraesCAD_scaffold_037441_01G000200","rna","C2-",2,"negative"
"rna__TraesCAD_scaffold_065345_01G000400","TraesCAD_scaffold_065345_01G000400","rna","C2+",2,"positive"
"rna__TraesCAD_scaffold_028522_01G000100","TraesCAD_scaffold_028522_01G000100","rna","C1-",1,"negative"
"rna__TraesCAD_scaffold_013461_01G000300","TraesCAD_scaffold_013461_01G000300","rna","C2-",2,"negative"
"rna__TraesCAD_scaffold_018883_01G000200","TraesCAD_scaffold_018883_01G000200","rna","C1-",1,"negative"
"rna__TraesCAD_scaffold_058667_01G000200","TraesCAD_scaffold_058667_01G000200","rna","C2+",2,"positive"
"rna__TraesCAD_scaffold_082246_01G000200","TraesCAD_scaffold_082246_01G000200","rna","C1-",1,"negative"
"rna__TraesCAD_scaffold_024143_01G000200","TraesCAD_scaffold_024143_01G000200","rna","C2+",2,"positive"
"rna__TraesCAD_scaffold_007537_01G000100","TraesCAD_scaffold_007537_01G000100","rna","C1-",1,"negative"
"rna__TraesCAD_scaffold_030870_01G000100","TraesCAD_scaffold_030870_01G000100","rna","C1-",1,"negative"
"rna__TraesCAD_scaffold_089603_01G000400","TraesCAD_scaffold_089603_01G000400","rna","C1+",1,"positive"
"rna__TraesCAD_scaffold_075795_01G000100","TraesCAD_scaffold_075795_01G000100","rna","C2-",2,"negative"
"rna__TraesCAD_scaffold_079485_01G000200","TraesCAD_scaffold_079485_01G000200","rna","C2-",2,"negative"
"rna__TraesCAD_scaffold_043799_01G000200","TraesCAD_scaffold_043799_01G000200","rna","C1-",1,"negative"
"rna__TraesCAD_scaffold_477251_01G000100","TraesCAD_scaffold_477251_01G000100","rna","C1-",1,"negative"
"rna__TraesCAD_scaffold_031702_01G000200","TraesCAD_scaffold_031702_01G000200","rna","C1+",1,"positive"
"rna__TraesCAD_scaffold_006068_01G000600","TraesCAD_scaffold_006068_01G000600","rna","C2-",2,"negative"
"rna__TraesCAD_scaffold_041772_01G000500","TraesCAD_scaffold_041772_01G000500","rna","C1-",1,"negative"
"rna__TraesCAD_scaffold_116314_01G000200","TraesCAD_scaffold_116314_01G000200","rna","C1-",1,"negative"
"rna__TraesCAD_scaffold_069972_01G000200","TraesCAD_scaffold_069972_01G000200","rna","C1-",1,"negative"
"rna__TraesCAD_scaffold_116732_01G000100","TraesCAD_scaffold_116732_01G000100","rna","C2+",2,"positive"
"rna__TraesCAD_scaffold_149503_01G000100","TraesCAD_scaffold_149503_01G000100","rna","C2-",2,"negative"
"rna__TraesCAD_scaffold_026685_01G000400","TraesCAD_scaffold_026685_01G000400","rna","C2-",2,"negative"
"rna__TraesCAD_scaffold_115938_01G000400","TraesCAD_scaffold_115938_01G000400","rna","C1-",1,"negative"
"rna__TraesCAD_scaffold_069365_01G000300","TraesCAD_scaffold_069365_01G000300","rna","C2+",2,"positive"
"rna__TraesCAD_scaffold_017656_01G000200","TraesCAD_scaffold_017656_01G000200","rna","C1+",1,"positive"
"rna__TraesCAD_scaffold_042775_01G000100","TraesCAD_scaffold_042775_01G000100","rna","C2+",2,"positive"
"rna__TraesCAD_scaffold_093261_01G000200","TraesCAD_scaffold_093261_01G000200","rna","C1+",1,"positive"
"rna__TraesCAD_scaffold_134875_01G000300","TraesCAD_scaffold_134875_01G000300","rna","C2-",2,"negative"
"rna__TraesCAD_scaffold_015831_01G000500","TraesCAD_scaffold_015831_01G000500","rna","C1-",1,"negative"
"rna__TraesCAD_scaffold_105500_01G000100","TraesCAD_scaffold_105500_01G000100","rna","C2-",2,"negative"
"rna__TraesCAD_scaffold_092017_01G000100","TraesCAD_scaffold_092017_01G000100","rna","C1+",1,"positive"
"rna__TraesCAD_scaffold_111991_01G000100","TraesCAD_scaffold_111991_01G000100","rna","C1+",1,"positive"
"rna__TraesCAD_scaffold_035643_01G000300","TraesCAD_scaffold_035643_01G000300","rna","C2-",2,"negative"
"rna__TraesCAD_scaffold_068863_01G000400","TraesCAD_scaffold_068863_01G000400","rna","C1-",1,"negative"
"rna__TraesCAD_scaffold_034179_01G000200","TraesCAD_scaffold_034179_01G000200","rna","C1-",1,"negative"
"rna__TraesCAD_scaffold_071669_01G000200","TraesCAD_scaffold_071669_01G000200","rna","C2-",2,"negative"
"rna__TraesCAD_scaffold_040659_01G000100","TraesCAD_scaffold_040659_01G000100","rna","C1+",1,"positive"
"rna__TraesCAD_scaffold_022426_01G000100","TraesCAD_scaffold_022426_01G000100","rna","C1-",1,"negative"
"rna__TraesCAD_scaffold_101734_01G000100","TraesCAD_scaffold_101734_01G000100","rna","C2+",2,"positive"
"rna__TraesCAD_scaffold_049048_01G000400","TraesCAD_scaffold_049048_01G000400","rna","C2+",2,"positive"
"rna__TraesCAD_scaffold_039207_01G000100","TraesCAD_scaffold_039207_01G000100","rna","C2-",2,"negative"
"rna__TraesCAD_scaffold_038108_01G000200","TraesCAD_scaffold_038108_01G000200","rna","C2-",2,"negative"
"rna__TraesCAD_scaffold_004760_01G000200","TraesCAD_scaffold_004760_01G000200","rna","C2+",2,"positive"
"rna__TraesCAD_scaffold_020674_01G000300","TraesCAD_scaffold_020674_01G000300","rna","C2+",2,"positive"
"rna__TraesCAD_scaffold_008592_01G000100","TraesCAD_scaffold_008592_01G000100","rna","C1+",1,"positive"
"rna__TraesCAD_scaffold_001048_01G000300","TraesCAD_scaffold_001048_01G000300","rna","C1-",1,"negative"
"rna__TraesCAD_scaffold_003610_01G000600","TraesCAD_scaffold_003610_01G000600","rna","C1-",1,"negative"
"rna__TraesCAD_scaffold_099317_01G000200","TraesCAD_scaffold_099317_01G000200","rna","C2+",2,"positive"
"rna__TraesCAD_scaffold_055215_01G000100","TraesCAD_scaffold_055215_01G000100","rna","C2+",2,"positive"
"rna__TraesCAD_scaffold_032367_01G000300","TraesCAD_scaffold_032367_01G000300","rna","C1-",1,"negative"
"rna__TraesCAD_scaffold_063502_01G000100","TraesCAD_scaffold_063502_01G000100","rna","C2+",2,"positive"
"rna__TraesCAD_scaffold_001685_01G000200","TraesCAD_scaffold_001685_01G000200","rna","C1-",1,"negative"
"rna__TraesCAD_scaffold_038629_01G000100","TraesCAD_scaffold_038629_01G000100","rna","C1-",1,"negative"
"rna__TraesCAD_scaffold_012269_01G000200","TraesCAD_scaffold_012269_01G000200","rna","C1-",1,"negative"
"rna__TraesCAD_scaffold_029059_01G000100","TraesCAD_scaffold_029059_01G000100","rna","C1+",1,"positive"
"rna__TraesCAD_scaffold_043934_01G000100","TraesCAD_scaffold_043934_01G000100","rna","C1-",1,"negative"
"rna__TraesCAD_scaffold_030500_01G000300","TraesCAD_scaffold_030500_01G000300","rna","C2+",2,"positive"
"rna__TraesCAD_scaffold_109578_01G000200","TraesCAD_scaffold_109578_01G000200","rna","C1-",1,"negative"
"rna__TraesCAD_scaffold_130131_01G000300","TraesCAD_scaffold_130131_01G000300","rna","C1-",1,"negative"
"rna__TraesCAD_scaffold_098540_01G000200","TraesCAD_scaffold_098540_01G000200","rna","C1-",1,"negative"
"rna__TraesCAD_scaffold_145210_01G000100","TraesCAD_scaffold_145210_01G000100","rna","C1-",1,"negative"
"rna__TraesCAD_scaffold_094485_01G000100","TraesCAD_scaffold_094485_01G000100","rna","C1+",1,"positive"
"rna__TraesCAD_scaffold_084436_01G000100","TraesCAD_scaffold_084436_01G000100","rna","C1-",1,"negative"
"rna__TraesCAD_scaffold_078421_01G000400","TraesCAD_scaffold_078421_01G000400","rna","C1+",1,"positive"
"rna__TraesCAD_scaffold_016123_01G000100","TraesCAD_scaffold_016123_01G000100","rna","C1-",1,"negative"
"rna__TraesCAD_scaffold_040961_01G000400","TraesCAD_scaffold_040961_01G000400","rna","C2+",2,"positive"
"rna__TraesCAD_scaffold_029972_01G000100","TraesCAD_scaffold_029972_01G000100","rna","C1+",1,"positive"
"rna__TraesCAD_scaffold_002907_01G000200","TraesCAD_scaffold_002907_01G000200","rna","C2+",2,"positive"
"rna__TraesCAD_scaffold_103698_01G000300","TraesCAD_scaffold_103698_01G000300","rna","C1-",1,"negative"
"rna__TraesCAD_scaffold_080517_01G000100","TraesCAD_scaffold_080517_01G000100","rna","C1-",1,"negative"
"rna__TraesCAD_scaffold_019441_01G000600","TraesCAD_scaffold_019441_01G000600","rna","C1-",1,"negative"
"rna__TraesCAD_scaffold_066745_01G000200","TraesCAD_scaffold_066745_01G000200","rna","C1+",1,"positive"
"rna__TraesCAD_scaffold_029800_01G000200","TraesCAD_scaffold_029800_01G000200","rna","C1+",1,"positive"
"rna__TraesCAD_scaffold_025846_01G000100","TraesCAD_scaffold_025846_01G000100","rna","C2+",2,"positive"
"rna__TraesCAD_scaffold_095992_01G000200","TraesCAD_scaffold_095992_01G000200","rna","C1-",1,"negative"
"rna__TraesCAD_scaffold_079852_01G000100","TraesCAD_scaffold_079852_01G000100","rna","C1+",1,"positive"
"rna__TraesCAD_scaffold_060576_01G000100","TraesCAD_scaffold_060576_01G000100","rna","C2+",2,"positive"
"rna__TraesCAD_scaffold_078070_01G000200","TraesCAD_scaffold_078070_01G000200","rna","C1-",1,"negative"
"rna__TraesCAD_scaffold_011517_01G000300","TraesCAD_scaffold_011517_01G000300","rna","C1-",1,"negative"
"rna__TraesCAD_scaffold_005761_01G000200","TraesCAD_scaffold_005761_01G000200","rna","C1-",1,"negative"
"rna__TraesCAD_scaffold_008676_01G000200","TraesCAD_scaffold_008676_01G000200","rna","C1-",1,"negative"
"rna__TraesCAD_scaffold_042782_01G000600","TraesCAD_scaffold_042782_01G000600","rna","C1+",1,"positive"
"rna__TraesCAD_scaffold_039466_01G000100","TraesCAD_scaffold_039466_01G000100","rna","C2+",2,"positive"
"rna__TraesCAD_scaffold_110580_01G000200","TraesCAD_scaffold_110580_01G000200","rna","C1-",1,"negative"
"rna__TraesCAD_scaffold_127836_01G000200","TraesCAD_scaffold_127836_01G000200","rna","C1+",1,"positive"
"rna__TraesCAD_scaffold_016106_01G000100","TraesCAD_scaffold_016106_01G000100","rna","C1+",1,"positive"
"rna__TraesCAD_scaffold_108675_01G000100","TraesCAD_scaffold_108675_01G000100","rna","C1+",1,"positive"
"rna__TraesCAD_scaffold_098265_01G000200","TraesCAD_scaffold_098265_01G000200","rna","C1+",1,"positive"
"rna__TraesCAD_scaffold_063945_01G000100","TraesCAD_scaffold_063945_01G000100","rna","C2+",2,"positive"
"rna__TraesCAD_scaffold_050432_01G000400","TraesCAD_scaffold_050432_01G000400","rna","C1-",1,"negative"
"rna__TraesCAD_scaffold_129097_01G000200","TraesCAD_scaffold_129097_01G000200","rna","C1+",1,"positive"
"rna__TraesCAD_scaffold_010931_01G000400","TraesCAD_scaffold_010931_01G000400","rna","C1-",1,"negative"
"rna__TraesCAD_scaffold_140042_01G000100","TraesCAD_scaffold_140042_01G000100","rna","C2-",2,"negative"
"rna__TraesCAD_scaffold_005776_01G000100","TraesCAD_scaffold_005776_01G000100","rna","C1-",1,"negative"
"rna__TraesCAD_scaffold_122464_01G000200","TraesCAD_scaffold_122464_01G000200","rna","C2+",2,"positive"
"rna__TraesCAD_scaffold_021388_01G000100","TraesCAD_scaffold_021388_01G000100","rna","C2+",2,"positive"
"rna__TraesCAD_scaffold_015709_01G000200","TraesCAD_scaffold_015709_01G000200","rna","C2-",2,"negative"
"rna__TraesCAD_scaffold_178278_01G000100","TraesCAD_scaffold_178278_01G000100","rna","C1-",1,"negative"
"rna__TraesCAD_scaffold_048120_01G000100","TraesCAD_scaffold_048120_01G000100","rna","C2+",2,"positive"
"rna__TraesCAD_scaffold_015477_01G000300","TraesCAD_scaffold_015477_01G000300","rna","C1-",1,"negative"
"rna__TraesCAD_scaffold_023889_01G000200","TraesCAD_scaffold_023889_01G000200","rna","C1+",1,"positive"
"rna__TraesCAD_scaffold_011889_01G000200","TraesCAD_scaffold_011889_01G000200","rna","C1+",1,"positive"
"rna__TraesCAD_scaffold_130703_01G000200","TraesCAD_scaffold_130703_01G000200","rna","C1+",1,"positive"
"rna__TraesCAD_scaffold_002773_01G000600","TraesCAD_scaffold_002773_01G000600","rna","C2-",2,"negative"
"rna__TraesCAD_scaffold_112291_01G000400","TraesCAD_scaffold_112291_01G000400","rna","C1-",1,"negative"
"rna__TraesCAD_scaffold_120211_01G000100","TraesCAD_scaffold_120211_01G000100","rna","C1-",1,"negative"
"rna__TraesCAD_scaffold_007449_01G000400","TraesCAD_scaffold_007449_01G000400","rna","C1+",1,"positive"
"rna__TraesCAD_scaffold_112741_01G000100","TraesCAD_scaffold_112741_01G000100","rna","C2+",2,"positive"
"rna__TraesCAD_scaffold_006725_01G001200","TraesCAD_scaffold_006725_01G001200","rna","C1-",1,"negative"
"rna__TraesCAD_scaffold_072217_01G000300","TraesCAD_scaffold_072217_01G000300","rna","C1-",1,"negative"
"rna__TraesCAD_scaffold_208802_01G000100","TraesCAD_scaffold_208802_01G000100","rna","C2+",2,"positive"
"rna__TraesCAD_scaffold_089002_01G000200","TraesCAD_scaffold_089002_01G000200","rna","C1-",1,"negative"
"rna__TraesCAD_scaffold_081172_01G000100","TraesCAD_scaffold_081172_01G000100","rna","C1+",1,"positive"
"rna__TraesCAD_scaffold_013085_01G000400","TraesCAD_scaffold_013085_01G000400","rna","C2-",2,"negative"
"rna__TraesCAD_scaffold_064913_01G000200","TraesCAD_scaffold_064913_01G000200","rna","C1-",1,"negative"
"rna__TraesCAD_scaffold_115239_01G000100","TraesCAD_scaffold_115239_01G000100","rna","C2-",2,"negative"
"rna__TraesCAD_scaffold_000557_01G000100","TraesCAD_scaffold_000557_01G000100","rna","C2-",2,"negative"
"rna__TraesCAD_scaffold_064264_01G000200","TraesCAD_scaffold_064264_01G000200","rna","C1+",1,"positive"
"rna__TraesCAD_scaffold_030529_01G000400","TraesCAD_scaffold_030529_01G000400","rna","C1-",1,"negative"
"rna__TraesCAD_scaffold_024694_01G000100","TraesCAD_scaffold_024694_01G000100","rna","C1-",1,"negative"
"rna__TraesCAD_scaffold_076447_01G000200","TraesCAD_scaffold_076447_01G000200","rna","C1-",1,"negative"
"rna__TraesCAD_scaffold_075511_01G000100","TraesCAD_scaffold_075511_01G000100","rna","C1-",1,"negative"
"rna__TraesCAD_scaffold_057181_01G000300","TraesCAD_scaffold_057181_01G000300","rna","C1+",1,"positive"
"rna__TraesCAD_scaffold_071100_01G000200","TraesCAD_scaffold_071100_01G000200","rna","C1-",1,"negative"
"rna__TraesCAD_scaffold_100876_01G000100","TraesCAD_scaffold_100876_01G000100","rna","C2-",2,"negative"
"rna__TraesCAD_scaffold_149393_01G000100","TraesCAD_scaffold_149393_01G000100","rna","C1-",1,"negative"
"rna__TraesCAD_scaffold_084516_01G000100","TraesCAD_scaffold_084516_01G000100","rna","C1+",1,"positive"
"rna__TraesCAD_scaffold_063965_01G000100","TraesCAD_scaffold_063965_01G000100","rna","C2+",2,"positive"
"rna__TraesCAD_scaffold_050586_01G000200","TraesCAD_scaffold_050586_01G000200","rna","C2-",2,"negative"
"rna__TraesCAD_scaffold_036179_01G000100","TraesCAD_scaffold_036179_01G000100","rna","C2+",2,"positive"
"rna__TraesCAD_scaffold_108641_01G000300","TraesCAD_scaffold_108641_01G000300","rna","C1-",1,"negative"
"rna__TraesCAD_scaffold_176749_01G000500","TraesCAD_scaffold_176749_01G000500","rna","C1-",1,"negative"
"rna__TraesCAD_scaffold_059799_01G000200","TraesCAD_scaffold_059799_01G000200","rna","C1-",1,"negative"
"rna__TraesCAD_scaffold_108891_01G000100","TraesCAD_scaffold_108891_01G000100","rna","C1+",1,"positive"
"rna__TraesCAD_scaffold_026073_01G000100","TraesCAD_scaffold_026073_01G000100","rna","C2-",2,"negative"
"rna__TraesCAD_scaffold_100151_01G000200","TraesCAD_scaffold_100151_01G000200","rna","C1+",1,"positive"
"rna__TraesCAD_scaffold_132648_01G000100","TraesCAD_scaffold_132648_01G000100","rna","C2-",2,"negative"
"rna__TraesCAD_scaffold_023763_01G000100","TraesCAD_scaffold_023763_01G000100","rna","C1+",1,"positive"
"rna__TraesCAD_scaffold_029902_01G000100","TraesCAD_scaffold_029902_01G000100","rna","C1-",1,"negative"
"rna__TraesCAD_scaffold_005369_01G000300","TraesCAD_scaffold_005369_01G000300","rna","C2+",2,"positive"
"rna__TraesCAD_scaffold_069524_01G000300","TraesCAD_scaffold_069524_01G000300","rna","C1+",1,"positive"
"rna__TraesCAD_scaffold_005570_01G000300","TraesCAD_scaffold_005570_01G000300","rna","C1-",1,"negative"
"rna__TraesCAD_scaffold_012980_01G000100","TraesCAD_scaffold_012980_01G000100","rna","C1-",1,"negative"
"rna__TraesCAD_scaffold_050215_01G000100","TraesCAD_scaffold_050215_01G000100","rna","C1-",1,"negative"
"rna__TraesCAD_scaffold_079250_01G000100","TraesCAD_scaffold_079250_01G000100","rna","C2-",2,"negative"
"rna__TraesCAD_scaffold_023961_01G000400","TraesCAD_scaffold_023961_01G000400","rna","C2-",2,"negative"
"rna__TraesCAD_scaffold_002222_01G000200","TraesCAD_scaffold_002222_01G000200","rna","C1-",1,"negative"
"rna__TraesCAD_scaffold_046374_01G000300","TraesCAD_scaffold_046374_01G000300","rna","C1-",1,"negative"
"rna__TraesCAD_scaffold_085952_01G000200","TraesCAD_scaffold_085952_01G000200","rna","C1+",1,"positive"
"rna__TraesCAD_scaffold_032489_01G000100","TraesCAD_scaffold_032489_01G000100","rna","C2+",2,"positive"
"rna__TraesCAD_scaffold_070874_01G000200","TraesCAD_scaffold_070874_01G000200","rna","C2+",2,"positive"
"rna__TraesCAD_scaffold_104884_01G000200","TraesCAD_scaffold_104884_01G000200","rna","C2+",2,"positive"
"rna__TraesCAD_scaffold_007159_01G000200","TraesCAD_scaffold_007159_01G000200","rna","C1-",1,"negative"
"rna__TraesCAD_scaffold_009573_01G000400","TraesCAD_scaffold_009573_01G000400","rna","C1+",1,"positive"
"rna__TraesCAD_scaffold_040126_01G000200","TraesCAD_scaffold_040126_01G000200","rna","C1-",1,"negative"
"rna__TraesCAD_scaffold_092839_01G000200","TraesCAD_scaffold_092839_01G000200","rna","C1+",1,"positive"
"rna__TraesCAD_scaffold_095635_01G000200","TraesCAD_scaffold_095635_01G000200","rna","C1-",1,"negative"
"rna__TraesCAD_scaffold_189224_01G000100","TraesCAD_scaffold_189224_01G000100","rna","C1-",1,"negative"
"rna__TraesCAD_scaffold_027851_01G000300","TraesCAD_scaffold_027851_01G000300","rna","C1+",1,"positive"
"rna__TraesCAD_scaffold_049685_01G000300","TraesCAD_scaffold_049685_01G000300","rna","C1-",1,"negative"
"rna__TraesCAD_scaffold_088478_01G000100","TraesCAD_scaffold_088478_01G000100","rna","C1+",1,"positive"
"rna__TraesCAD_scaffold_049284_01G000200","TraesCAD_scaffold_049284_01G000200","rna","C1+",1,"positive"
"rna__TraesCAD_scaffold_093081_01G000200","TraesCAD_scaffold_093081_01G000200","rna","C2+",2,"positive"
"rna__TraesCAD_scaffold_080830_01G000100","TraesCAD_scaffold_080830_01G000100","rna","C2-",2,"negative"
"rna__TraesCAD_scaffold_029312_01G000600","TraesCAD_scaffold_029312_01G000600","rna","C1-",1,"negative"
"rna__TraesCAD_scaffold_034952_01G000100","TraesCAD_scaffold_034952_01G000100","rna","C2+",2,"positive"
"rna__TraesCAD_scaffold_019892_01G000200","TraesCAD_scaffold_019892_01G000200","rna","C1-",1,"negative"
"rna__TraesCAD_scaffold_007352_01G001100","TraesCAD_scaffold_007352_01G001100","rna","C1+",1,"positive"
"rna__TraesCAD_scaffold_011727_01G000200","TraesCAD_scaffold_011727_01G000200","rna","C1-",1,"negative"
"rna__TraesCAD_scaffold_004795_01G000100","TraesCAD_scaffold_004795_01G000100","rna","C1-",1,"negative"
"rna__TraesCAD_scaffold_052931_01G000200","TraesCAD_scaffold_052931_01G000200","rna","C2-",2,"negative"
"rna__TraesCAD_scaffold_027984_01G000200","TraesCAD_scaffold_027984_01G000200","rna","C1-",1,"negative"
"rna__TraesCAD_scaffold_093647_01G000400","TraesCAD_scaffold_093647_01G000400","rna","C2+",2,"positive"
"rna__TraesCAD_scaffold_039164_01G000100","TraesCAD_scaffold_039164_01G000100","rna","C1-",1,"negative"
"rna__TraesCAD_scaffold_068300_01G000100","TraesCAD_scaffold_068300_01G000100","rna","C2-",2,"negative"
"rna__TraesCAD_scaffold_026202_01G000100","TraesCAD_scaffold_026202_01G000100","rna","C1-",1,"negative"
"rna__TraesCAD_scaffold_058732_01G000100","TraesCAD_scaffold_058732_01G000100","rna","C1-",1,"negative"
"rna__TraesCAD_scaffold_103119_01G000200","TraesCAD_scaffold_103119_01G000200","rna","C1-",1,"negative"
"rna__TraesCAD_scaffold_008238_01G000100","TraesCAD_scaffold_008238_01G000100","rna","C1-",1,"negative"
"rna__TraesCAD_scaffold_051397_01G000100","TraesCAD_scaffold_051397_01G000100","rna","C1-",1,"negative"
"rna__TraesCAD_scaffold_020794_01G000300","TraesCAD_scaffold_020794_01G000300","rna","C1+",1,"positive"
"rna__TraesCAD_scaffold_023866_01G000100","TraesCAD_scaffold_023866_01G000100","rna","C1-",1,"negative"
"rna__TraesCAD_scaffold_060076_01G000100","TraesCAD_scaffold_060076_01G000100","rna","C2+",2,"positive"
"rna__TraesCAD_scaffold_009101_01G000300","TraesCAD_scaffold_009101_01G000300","rna","C1-",1,"negative"
"rna__TraesCAD_scaffold_120019_01G000100","TraesCAD_scaffold_120019_01G000100","rna","C2+",2,"positive"
"rna__TraesCAD_scaffold_001695_01G000300","TraesCAD_scaffold_001695_01G000300","rna","C1-",1,"negative"
"rna__TraesCAD_scaffold_037895_01G000100","TraesCAD_scaffold_037895_01G000100","rna","C2-",2,"negative"
"rna__TraesCAD_scaffold_040802_01G000300","TraesCAD_scaffold_040802_01G000300","rna","C2+",2,"positive"
"rna__TraesCAD_scaffold_064777_01G000300","TraesCAD_scaffold_064777_01G000300","rna","C2-",2,"negative"
"rna__TraesCAD_scaffold_086876_01G000300","TraesCAD_scaffold_086876_01G000300","rna","C1+",1,"positive"
"rna__TraesCAD_scaffold_138860_01G000100","TraesCAD_scaffold_138860_01G000100","rna","C1+",1,"positive"
"rna__TraesCAD_scaffold_106324_01G000100","TraesCAD_scaffold_106324_01G000100","rna","C1-",1,"negative"
"rna__TraesCAD_scaffold_094864_01G000200","TraesCAD_scaffold_094864_01G000200","rna","C1+",1,"positive"
"rna__TraesCAD_scaffold_010304_01G000100","TraesCAD_scaffold_010304_01G000100","rna","C1-",1,"negative"
"rna__TraesCAD_scaffold_063511_01G000200","TraesCAD_scaffold_063511_01G000200","rna","C2-",2,"negative"
"rna__TraesCAD_scaffold_033640_01G000200","TraesCAD_scaffold_033640_01G000200","rna","C1+",1,"positive"
"rna__TraesCAD_scaffold_039571_01G000400","TraesCAD_scaffold_039571_01G000400","rna","C1+",1,"positive"
"rna__TraesCAD_scaffold_074820_01G000500","TraesCAD_scaffold_074820_01G000500","rna","C1-",1,"negative"
"rna__TraesCAD_scaffold_002361_01G000200","TraesCAD_scaffold_002361_01G000200","rna","C1+",1,"positive"
"rna__TraesCAD_scaffold_060353_01G000300","TraesCAD_scaffold_060353_01G000300","rna","C2+",2,"positive"
"rna__TraesCAD_scaffold_048932_01G000300","TraesCAD_scaffold_048932_01G000300","rna","C2+",2,"positive"
"rna__TraesCAD_scaffold_023601_01G000100","TraesCAD_scaffold_023601_01G000100","rna","C2+",2,"positive"
"rna__TraesCAD_scaffold_009499_01G000300","TraesCAD_scaffold_009499_01G000300","rna","C1+",1,"positive"
"rna__TraesCAD_scaffold_038270_01G000100","TraesCAD_scaffold_038270_01G000100","rna","C2-",2,"negative"
"rna__TraesCAD_scaffold_065915_01G000100","TraesCAD_scaffold_065915_01G000100","rna","C1+",1,"positive"
"rna__TraesCAD_scaffold_093347_01G000300","TraesCAD_scaffold_093347_01G000300","rna","C2-",2,"negative"
"rna__TraesCAD_scaffold_065131_01G000200","TraesCAD_scaffold_065131_01G000200","rna","C1+",1,"positive"
"rna__TraesCAD_scaffold_030575_01G000500","TraesCAD_scaffold_030575_01G000500","rna","C1-",1,"negative"
"rna__TraesCAD_scaffold_096193_01G000200","TraesCAD_scaffold_096193_01G000200","rna","C1-",1,"negative"
"rna__TraesCAD_scaffold_005898_01G000200","TraesCAD_scaffold_005898_01G000200","rna","C1+",1,"positive"
"rna__TraesCAD_scaffold_139294_01G000100","TraesCAD_scaffold_139294_01G000100","rna","C2-",2,"negative"
"rna__TraesCAD_scaffold_093500_01G000400","TraesCAD_scaffold_093500_01G000400","rna","C1-",1,"negative"
"rna__TraesCAD_scaffold_060485_01G000100","TraesCAD_scaffold_060485_01G000100","rna","C1+",1,"positive"
"rna__TraesCAD_scaffold_115515_01G000100","TraesCAD_scaffold_115515_01G000100","rna","C1-",1,"negative"
"rna__TraesCAD_scaffold_114051_01G000300","TraesCAD_scaffold_114051_01G000300","rna","C2-",2,"negative"
"rna__TraesCAD_scaffold_084459_01G000100","TraesCAD_scaffold_084459_01G000100","rna","C2-",2,"negative"
"rna__TraesCAD_scaffold_127676_01G000100","TraesCAD_scaffold_127676_01G000100","rna","C1-",1,"negative"
"rna__TraesCAD_scaffold_035971_01G000200","TraesCAD_scaffold_035971_01G000200","rna","C1-",1,"negative"
"rna__TraesCAD_scaffold_018437_01G000300","TraesCAD_scaffold_018437_01G000300","rna","C2+",2,"positive"
"rna__TraesCAD_scaffold_033218_01G000200","TraesCAD_scaffold_033218_01G000200","rna","C2-",2,"negative"
"rna__TraesCAD_scaffold_071857_01G000100","TraesCAD_scaffold_071857_01G000100","rna","C1-",1,"negative"
"rna__TraesCAD_scaffold_083169_01G000200","TraesCAD_scaffold_083169_01G000200","rna","C1+",1,"positive"
"rna__TraesCAD_scaffold_033440_01G000300","TraesCAD_scaffold_033440_01G000300","rna","C2+",2,"positive"
"rna__TraesCAD_scaffold_010733_01G000100","TraesCAD_scaffold_010733_01G000100","rna","C2-",2,"negative"
"rna__TraesCAD_scaffold_007022_01G000200","TraesCAD_scaffold_007022_01G000200","rna","C1-",1,"negative"
"rna__TraesCAD_scaffold_006981_01G000600","TraesCAD_scaffold_006981_01G000600","rna","C1+",1,"positive"
"rna__TraesCAD_scaffold_011082_01G000100","TraesCAD_scaffold_011082_01G000100","rna","C1-",1,"negative"
"rna__TraesCAD_scaffold_085471_01G000100","TraesCAD_scaffold_085471_01G000100","rna","C2+",2,"positive"
"rna__TraesCAD_scaffold_077948_01G000200","TraesCAD_scaffold_077948_01G000200","rna","C2-",2,"negative"
"rna__TraesCAD_scaffold_001338_01G000200","TraesCAD_scaffold_001338_01G000200","rna","C2+",2,"positive"
"rna__TraesCAD_scaffold_151009_01G000100","TraesCAD_scaffold_151009_01G000100","rna","C1-",1,"negative"
"rna__TraesCAD_scaffold_055060_01G000200","TraesCAD_scaffold_055060_01G000200","rna","C2-",2,"negative"
"rna__TraesCAD_scaffold_093393_01G000100","TraesCAD_scaffold_093393_01G000100","rna","C2-",2,"negative"
"rna__TraesCAD_scaffold_021111_01G000100","TraesCAD_scaffold_021111_01G000100","rna","C1+",1,"positive"
"rna__TraesCAD_scaffold_111072_01G000100","TraesCAD_scaffold_111072_01G000100","rna","C2-",2,"negative"
"rna__TraesCAD_scaffold_012181_01G000200","TraesCAD_scaffold_012181_01G000200","rna","C1-",1,"negative"
"rna__TraesCAD_scaffold_143357_01G000100","TraesCAD_scaffold_143357_01G000100","rna","C2+",2,"positive"
"rna__TraesCAD_scaffold_079338_01G000100","TraesCAD_scaffold_079338_01G000100","rna","C2-",2,"negative"
"rna__TraesCAD_scaffold_092884_01G000100","TraesCAD_scaffold_092884_01G000100","rna","C1-",1,"negative"
"rna__TraesCAD_scaffold_098002_01G000400","TraesCAD_scaffold_098002_01G000400","rna","C2+",2,"positive"
"rna__TraesCAD_scaffold_003635_01G000400","TraesCAD_scaffold_003635_01G000400","rna","C1+",1,"positive"
"rna__TraesCAD_scaffold_070409_01G000300","TraesCAD_scaffold_070409_01G000300","rna","C1+",1,"positive"
"rna__TraesCAD_scaffold_019680_01G000100","TraesCAD_scaffold_019680_01G000100","rna","C1-",1,"negative"
"rna__TraesCAD_scaffold_028237_01G000200","TraesCAD_scaffold_028237_01G000200","rna","C1+",1,"positive"
"rna__TraesCAD_scaffold_035959_01G000100","TraesCAD_scaffold_035959_01G000100","rna","C1+",1,"positive"
"rna__TraesCAD_scaffold_012897_01G000400","TraesCAD_scaffold_012897_01G000400","rna","C1+",1,"positive"
"rna__TraesCAD_scaffold_075753_01G000100","TraesCAD_scaffold_075753_01G000100","rna","C2-",2,"negative"
"rna__TraesCAD_scaffold_026627_01G000600","TraesCAD_scaffold_026627_01G000600","rna","C1-",1,"negative"
"rna__TraesCAD_scaffold_024820_01G000100","TraesCAD_scaffold_024820_01G000100","rna","C1-",1,"negative"
"rna__TraesCAD_scaffold_021710_01G000100","TraesCAD_scaffold_021710_01G000100","rna","C1+",1,"positive"
"rna__TraesCAD_scaffold_061154_01G000100","TraesCAD_scaffold_061154_01G000100","rna","C2-",2,"negative"
"rna__TraesCAD_scaffold_023857_01G000600","TraesCAD_scaffold_023857_01G000600","rna","C1-",1,"negative"
"rna__TraesCAD_scaffold_048129_01G000200","TraesCAD_scaffold_048129_01G000200","rna","C1-",1,"negative"
"rna__TraesCAD_scaffold_131654_01G000100","TraesCAD_scaffold_131654_01G000100","rna","C2+",2,"positive"
"rna__TraesCAD_scaffold_035947_01G000100","TraesCAD_scaffold_035947_01G000100","rna","C2+",2,"positive"
"rna__TraesCAD_scaffold_033383_01G000200","TraesCAD_scaffold_033383_01G000200","rna","C1-",1,"negative"
"rna__TraesCAD_scaffold_088551_01G000300","TraesCAD_scaffold_088551_01G000300","rna","C1-",1,"negative"
"rna__TraesCAD_scaffold_107638_01G000100","TraesCAD_scaffold_107638_01G000100","rna","C1-",1,"negative"
"rna__TraesCAD_scaffold_030970_01G000400","TraesCAD_scaffold_030970_01G000400","rna","C1-",1,"negative"
"rna__TraesCAD_scaffold_041145_01G000300","TraesCAD_scaffold_041145_01G000300","rna","C2+",2,"positive"
"rna__TraesCAD_scaffold_051782_01G000400","TraesCAD_scaffold_051782_01G000400","rna","C2+",2,"positive"
"rna__TraesCAD_scaffold_024067_01G000100","TraesCAD_scaffold_024067_01G000100","rna","C2+",2,"positive"
"rna__TraesCAD_scaffold_093581_01G000100","TraesCAD_scaffold_093581_01G000100","rna","C1+",1,"positive"
"rna__TraesCAD_scaffold_050266_01G000100","TraesCAD_scaffold_050266_01G000100","rna","C2+",2,"positive"
"rna__TraesCAD_scaffold_089523_01G000200","TraesCAD_scaffold_089523_01G000200","rna","C2+",2,"positive"
"rna__TraesCAD_scaffold_014740_01G001100","TraesCAD_scaffold_014740_01G001100","rna","C1+",1,"positive"
"rna__TraesCAD_scaffold_011030_01G000300","TraesCAD_scaffold_011030_01G000300","rna","C2+",2,"positive"
"rna__TraesCAD_scaffold_024844_01G000200","TraesCAD_scaffold_024844_01G000200","rna","C1-",1,"negative"
"rna__TraesCAD_scaffold_068092_01G000100","TraesCAD_scaffold_068092_01G000100","rna","C1+",1,"positive"
"rna__TraesCAD_scaffold_062950_01G000100","TraesCAD_scaffold_062950_01G000100","rna","C1+",1,"positive"
"rna__TraesCAD_scaffold_020476_01G000200","TraesCAD_scaffold_020476_01G000200","rna","C1-",1,"negative"
"rna__TraesCAD_scaffold_077688_01G000200","TraesCAD_scaffold_077688_01G000200","rna","C2+",2,"positive"
"rna__TraesCAD_scaffold_005616_01G000100","TraesCAD_scaffold_005616_01G000100","rna","C1-",1,"negative"
"rna__TraesCAD_scaffold_287625_01G000100","TraesCAD_scaffold_287625_01G000100","rna","C1+",1,"positive"
"rna__TraesCAD_scaffold_002060_01G000100","TraesCAD_scaffold_002060_01G000100","rna","C1+",1,"positive"
"rna__TraesCAD_scaffold_045330_01G000100","TraesCAD_scaffold_045330_01G000100","rna","C2+",2,"positive"
"rna__TraesCAD_scaffold_024975_01G000700","TraesCAD_scaffold_024975_01G000700","rna","C1+",1,"positive"
"rna__TraesCAD_scaffold_105617_01G000100","TraesCAD_scaffold_105617_01G000100","rna","C1+",1,"positive"
"rna__TraesCAD_scaffold_003094_01G000300","TraesCAD_scaffold_003094_01G000300","rna","C2-",2,"negative"
"rna__TraesCAD_scaffold_040952_01G000100","TraesCAD_scaffold_040952_01G000100","rna","C2+",2,"positive"
"rna__TraesCAD_scaffold_073228_01G000100","TraesCAD_scaffold_073228_01G000100","rna","C1-",1,"negative"
"rna__TraesCAD_scaffold_069577_01G000100","TraesCAD_scaffold_069577_01G000100","rna","C1-",1,"negative"
"rna__TraesCAD_scaffold_012545_01G000500","TraesCAD_scaffold_012545_01G000500","rna","C2-",2,"negative"
"rna__TraesCAD_scaffold_002290_01G000100","TraesCAD_scaffold_002290_01G000100","rna","C1+",1,"positive"
"rna__TraesCAD_scaffold_072618_01G000100","TraesCAD_scaffold_072618_01G000100","rna","C1-",1,"negative"
"rna__TraesCAD_scaffold_089436_01G000100","TraesCAD_scaffold_089436_01G000100","rna","C1-",1,"negative"
"rna__TraesCAD_scaffold_058615_01G000100","TraesCAD_scaffold_058615_01G000100","rna","C2+",2,"positive"
"rna__TraesCAD_scaffold_082647_01G000200","TraesCAD_scaffold_082647_01G000200","rna","C1-",1,"negative"
"rna__TraesCAD_scaffold_045718_01G000200","TraesCAD_scaffold_045718_01G000200","rna","C2+",2,"positive"
"rna__TraesCAD_scaffold_034757_01G000100","TraesCAD_scaffold_034757_01G000100","rna","C1-",1,"negative"
"rna__TraesCAD_scaffold_121067_01G000100","TraesCAD_scaffold_121067_01G000100","rna","C2-",2,"negative"
"rna__TraesCAD_scaffold_040371_01G000600","TraesCAD_scaffold_040371_01G000600","rna","C2+",2,"positive"
"rna__TraesCAD_scaffold_080769_01G000100","TraesCAD_scaffold_080769_01G000100","rna","C2-",2,"negative"
"rna__TraesCAD_scaffold_136147_01G000100","TraesCAD_scaffold_136147_01G000100","rna","C1+",1,"positive"
"rna__TraesCAD_scaffold_086368_01G000200","TraesCAD_scaffold_086368_01G000200","rna","C1-",1,"negative"
"rna__TraesCAD_scaffold_090142_01G000100","TraesCAD_scaffold_090142_01G000100","rna","C1+",1,"positive"
"rna__TraesCAD_scaffold_045302_01G000200","TraesCAD_scaffold_045302_01G000200","rna","C1-",1,"negative"
"rna__TraesCAD_scaffold_012725_01G000100","TraesCAD_scaffold_012725_01G000100","rna","C1-",1,"negative"
"rna__TraesCAD_scaffold_110413_01G000100","TraesCAD_scaffold_110413_01G000100","rna","C2-",2,"negative"
"rna__TraesCAD_scaffold_073524_01G000100","TraesCAD_scaffold_073524_01G000100","rna","C1-",1,"negative"
"rna__TraesCAD_scaffold_093926_01G000400","TraesCAD_scaffold_093926_01G000400","rna","C2+",2,"positive"
"rna__TraesCAD_scaffold_014477_01G000100","TraesCAD_scaffold_014477_01G000100","rna","C1-",1,"negative"
"rna__TraesCAD_scaffold_050358_01G000100","TraesCAD_scaffold_050358_01G000100","rna","C1-",1,"negative"
"rna__TraesCAD_scaffold_069460_01G000100","TraesCAD_scaffold_069460_01G000100","rna","C2-",2,"negative"
"rna__TraesCAD_scaffold_053455_01G000100","TraesCAD_scaffold_053455_01G000100","rna","C2-",2,"negative"
"rna__TraesCAD_scaffold_077956_01G000100","TraesCAD_scaffold_077956_01G000100","rna","C2+",2,"positive"
"rna__TraesCAD_scaffold_016075_01G000100","TraesCAD_scaffold_016075_01G000100","rna","C2+",2,"positive"
"rna__TraesCAD_scaffold_105722_01G000100","TraesCAD_scaffold_105722_01G000100","rna","C1-",1,"negative"
"rna__TraesCAD_scaffold_005277_01G000100","TraesCAD_scaffold_005277_01G000100","rna","C1-",1,"negative"
"rna__TraesCAD_scaffold_001077_01G000100","TraesCAD_scaffold_001077_01G000100","rna","C2+",2,"positive"
"rna__TraesCAD_scaffold_066657_01G000200","TraesCAD_scaffold_066657_01G000200","rna","C2+",2,"positive"
"rna__TraesCAD_scaffold_140224_01G000100","TraesCAD_scaffold_140224_01G000100","rna","C1-",1,"negative"
"rna__TraesCAD_scaffold_012213_01G000400","TraesCAD_scaffold_012213_01G000400","rna","C1+",1,"positive"
"rna__TraesCAD_scaffold_010553_01G000100","TraesCAD_scaffold_010553_01G000100","rna","C1+",1,"positive"
"rna__TraesCAD_scaffold_121025_01G000100","TraesCAD_scaffold_121025_01G000100","rna","C2+",2,"positive"
"rna__TraesCAD_scaffold_000439_01G000800","TraesCAD_scaffold_000439_01G000800","rna","C2+",2,"positive"
"rna__TraesCAD_scaffold_000832_01G000100","TraesCAD_scaffold_000832_01G000100","rna","C1-",1,"negative"
"rna__TraesCAD_scaffold_058158_01G000200","TraesCAD_scaffold_058158_01G000200","rna","C2+",2,"positive"
"rna__TraesCAD_scaffold_018465_01G000300","TraesCAD_scaffold_018465_01G000300","rna","C2+",2,"positive"
"rna__TraesCAD_scaffold_153933_01G000100","TraesCAD_scaffold_153933_01G000100","rna","C2+",2,"positive"
"rna__TraesCAD_scaffold_030795_01G000200","TraesCAD_scaffold_030795_01G000200","rna","C2+",2,"positive"
"rna__TraesCAD_scaffold_040565_01G000200","TraesCAD_scaffold_040565_01G000200","rna","C2+",2,"positive"
"rna__TraesCAD_scaffold_033193_01G000100","TraesCAD_scaffold_033193_01G000100","rna","C1-",1,"negative"
"rna__TraesCAD_scaffold_040423_01G000100","TraesCAD_scaffold_040423_01G000100","rna","C1+",1,"positive"
"rna__TraesCAD_scaffold_038824_01G000300","TraesCAD_scaffold_038824_01G000300","rna","C2+",2,"positive"
"rna__TraesCAD_scaffold_063890_01G000100","TraesCAD_scaffold_063890_01G000100","rna","C1-",1,"negative"
"rna__TraesCAD_scaffold_016177_01G000100","TraesCAD_scaffold_016177_01G000100","rna","C1+",1,"positive"
"rna__TraesCAD_scaffold_031767_01G000400","TraesCAD_scaffold_031767_01G000400","rna","C2+",2,"positive"
"rna__TraesCAD_scaffold_072688_01G000200","TraesCAD_scaffold_072688_01G000200","rna","C1-",1,"negative"
"rna__TraesCAD_scaffold_004515_01G000100","TraesCAD_scaffold_004515_01G000100","rna","C2+",2,"positive"
"rna__TraesCAD_scaffold_007639_01G000100","TraesCAD_scaffold_007639_01G000100","rna","C1-",1,"negative"
"rna__TraesCAD_scaffold_043430_01G000100","TraesCAD_scaffold_043430_01G000100","rna","C1+",1,"positive"
"rna__TraesCAD_scaffold_110728_01G000100","TraesCAD_scaffold_110728_01G000100","rna","C1-",1,"negative"
"rna__TraesCAD_scaffold_028261_01G000200","TraesCAD_scaffold_028261_01G000200","rna","C1+",1,"positive"
"rna__TraesCAD_scaffold_085606_01G000100","TraesCAD_scaffold_085606_01G000100","rna","C1+",1,"positive"
"rna__TraesCAD_scaffold_003046_01G000100","TraesCAD_scaffold_003046_01G000100","rna","C1-",1,"negative"
"rna__TraesCAD_scaffold_077664_01G000100","TraesCAD_scaffold_077664_01G000100","rna","C1-",1,"negative"
"rna__TraesCAD_scaffold_016283_01G000200","TraesCAD_scaffold_016283_01G000200","rna","C2+",2,"positive"
"rna__TraesCAD_scaffold_041822_01G000100","TraesCAD_scaffold_041822_01G000100","rna","C2+",2,"positive"
"rna__TraesCAD_scaffold_089544_01G000100","TraesCAD_scaffold_089544_01G000100","rna","C1-",1,"negative"
"rna__TraesCAD_scaffold_103974_01G000100","TraesCAD_scaffold_103974_01G000100","rna","C2-",2,"negative"
"rna__TraesCAD_scaffold_049897_01G000100","TraesCAD_scaffold_049897_01G000100","rna","C2-",2,"negative"
"rna__TraesCAD_scaffold_044905_01G000100","TraesCAD_scaffold_044905_01G000100","rna","C1-",1,"negative"
"rna__TraesCAD_scaffold_048607_01G000100","TraesCAD_scaffold_048607_01G000100","rna","C2-",2,"negative"
"rna__TraesCAD_scaffold_137509_01G000100","TraesCAD_scaffold_137509_01G000100","rna","C1-",1,"negative"
"rna__TraesCAD_scaffold_971809_01G000100","TraesCAD_scaffold_971809_01G000100","rna","C1-",1,"negative"
"rna__TraesCAD_scaffold_041900_01G000100","TraesCAD_scaffold_041900_01G000100","rna","C2+",2,"positive"
"rna__TraesCAD_scaffold_080279_01G000100","TraesCAD_scaffold_080279_01G000100","rna","C1-",1,"negative"
"rna__TraesCAD_scaffold_006415_01G000400","TraesCAD_scaffold_006415_01G000400","rna","C1-",1,"negative"
"rna__TraesCAD_scaffold_039491_01G000300","TraesCAD_scaffold_039491_01G000300","rna","C2+",2,"positive"
"rna__TraesCAD_scaffold_033276_01G000300","TraesCAD_scaffold_033276_01G000300","rna","C2+",2,"positive"
"rna__TraesCAD_scaffold_105559_01G000100","TraesCAD_scaffold_105559_01G000100","rna","C1-",1,"negative"
"rna__TraesCAD_scaffold_127279_01G000300","TraesCAD_scaffold_127279_01G000300","rna","C2-",2,"negative"
"rna__TraesCAD_scaffold_067979_01G000200","TraesCAD_scaffold_067979_01G000200","rna","C1-",1,"negative"
"rna__TraesCAD_scaffold_008540_01G000400","TraesCAD_scaffold_008540_01G000400","rna","C1-",1,"negative"
"rna__TraesCAD_scaffold_101915_01G000100","TraesCAD_scaffold_101915_01G000100","rna","C2-",2,"negative"
"rna__TraesCAD_scaffold_028364_01G000100","TraesCAD_scaffold_028364_01G000100","rna","C1-",1,"negative"
"rna__TraesCAD_scaffold_003357_01G000300","TraesCAD_scaffold_003357_01G000300","rna","C1+",1,"positive"
"rna__TraesCAD_scaffold_000277_01G000100","TraesCAD_scaffold_000277_01G000100","rna","C2-",2,"negative"
"rna__TraesCAD_scaffold_145392_01G000100","TraesCAD_scaffold_145392_01G000100","rna","C1+",1,"positive"
"rna__TraesCAD_scaffold_052272_01G000100","TraesCAD_scaffold_052272_01G000100","rna","C1-",1,"negative"
"rna__TraesCAD_scaffold_069359_01G000400","TraesCAD_scaffold_069359_01G000400","rna","C1-",1,"negative"
"rna__TraesCAD_scaffold_029403_01G000100","TraesCAD_scaffold_029403_01G000100","rna","C2-",2,"negative"
"rna__TraesCAD_scaffold_042618_01G000300","TraesCAD_scaffold_042618_01G000300","rna","C1+",1,"positive"
"rna__TraesCAD_scaffold_076086_01G000200","TraesCAD_scaffold_076086_01G000200","rna","C1-",1,"negative"
"rna__TraesCAD_scaffold_017928_01G000100","TraesCAD_scaffold_017928_01G000100","rna","C2-",2,"negative"
"rna__TraesCAD_scaffold_012580_01G000100","TraesCAD_scaffold_012580_01G000100","rna","C2-",2,"negative"
"rna__TraesCAD_scaffold_010296_01G000400","TraesCAD_scaffold_010296_01G000400","rna","C1-",1,"negative"
"rna__TraesCAD_scaffold_022068_01G000400","TraesCAD_scaffold_022068_01G000400","rna","C1-",1,"negative"
"rna__TraesCAD_scaffold_043004_01G000200","TraesCAD_scaffold_043004_01G000200","rna","C1-",1,"negative"
"rna__TraesCAD_scaffold_036722_01G000300","TraesCAD_scaffold_036722_01G000300","rna","C1-",1,"negative"
"rna__TraesCAD_scaffold_180099_01G000100","TraesCAD_scaffold_180099_01G000100","rna","C2-",2,"negative"
"rna__TraesCAD_scaffold_061353_01G000100","TraesCAD_scaffold_061353_01G000100","rna","C1-",1,"negative"
"rna__TraesCAD_scaffold_040864_01G000600","TraesCAD_scaffold_040864_01G000600","rna","C2-",2,"negative"
"rna__TraesCAD_scaffold_018299_01G000100","TraesCAD_scaffold_018299_01G000100","rna","C1-",1,"negative"
"rna__TraesCAD_scaffold_001680_01G000100","TraesCAD_scaffold_001680_01G000100","rna","C2+",2,"positive"
"rna__TraesCAD_scaffold_042795_01G000200","TraesCAD_scaffold_042795_01G000200","rna","C1-",1,"negative"
"rna__TraesCAD_scaffold_035954_01G000200","TraesCAD_scaffold_035954_01G000200","rna","C1+",1,"positive"
"rna__TraesCAD_scaffold_009970_01G000100","TraesCAD_scaffold_009970_01G000100","rna","C2+",2,"positive"
"rna__TraesCAD_scaffold_087375_01G000100","TraesCAD_scaffold_087375_01G000100","rna","C1+",1,"positive"
"rna__TraesCAD_scaffold_019151_01G000200","TraesCAD_scaffold_019151_01G000200","rna","C1-",1,"negative"
"rna__TraesCAD_scaffold_055094_01G000300","TraesCAD_scaffold_055094_01G000300","rna","C1-",1,"negative"
"rna__TraesCAD_scaffold_018194_01G000100","TraesCAD_scaffold_018194_01G000100","rna","C1+",1,"positive"
"rna__TraesCAD_scaffold_071209_01G000300","TraesCAD_scaffold_071209_01G000300","rna","C2-",2,"negative"
"rna__TraesCAD_scaffold_021590_01G000100","TraesCAD_scaffold_021590_01G000100","rna","C2+",2,"positive"
"rna__TraesCAD_scaffold_009703_01G000300","TraesCAD_scaffold_009703_01G000300","rna","C2-",2,"negative"
"rna__TraesCAD_scaffold_131910_01G000200","TraesCAD_scaffold_131910_01G000200","rna","C2+",2,"positive"
"rna__TraesCAD_scaffold_111727_01G000100","TraesCAD_scaffold_111727_01G000100","rna","C2+",2,"positive"
"rna__TraesCAD_scaffold_026086_01G000100","TraesCAD_scaffold_026086_01G000100","rna","C2+",2,"positive"
"rna__TraesCAD_scaffold_077909_01G000100","TraesCAD_scaffold_077909_01G000100","rna","C1+",1,"positive"
"rna__TraesCAD_scaffold_017628_01G000100","TraesCAD_scaffold_017628_01G000100","rna","C2-",2,"negative"
"rna__TraesCAD_scaffold_067091_01G000200","TraesCAD_scaffold_067091_01G000200","rna","C2+",2,"positive"
"rna__TraesCAD_scaffold_055126_01G000400","TraesCAD_scaffold_055126_01G000400","rna","C1-",1,"negative"
"rna__TraesCAD_scaffold_074386_01G000100","TraesCAD_scaffold_074386_01G000100","rna","C2+",2,"positive"
"rna__TraesCAD_scaffold_061885_01G000500","TraesCAD_scaffold_061885_01G000500","rna","C1-",1,"negative"
"rna__TraesCAD_scaffold_032003_01G000100","TraesCAD_scaffold_032003_01G000100","rna","C2+",2,"positive"
"rna__TraesCAD_scaffold_021487_01G000100","TraesCAD_scaffold_021487_01G000100","rna","C2+",2,"positive"
"rna__TraesCAD_scaffold_163630_01G000300","TraesCAD_scaffold_163630_01G000300","rna","C1+",1,"positive"
"rna__TraesCAD_scaffold_093701_01G000100","TraesCAD_scaffold_093701_01G000100","rna","C1-",1,"negative"
"rna__TraesCAD_scaffold_123955_01G000200","TraesCAD_scaffold_123955_01G000200","rna","C1-",1,"negative"
"rna__TraesCAD_scaffold_014699_01G000200","TraesCAD_scaffold_014699_01G000200","rna","C1+",1,"positive"
"rna__TraesCAD_scaffold_139534_01G000100","TraesCAD_scaffold_139534_01G000100","rna","C1-",1,"negative"
"rna__TraesCAD_scaffold_176606_01G000100","TraesCAD_scaffold_176606_01G000100","rna","C2-",2,"negative"
"rna__TraesCAD_scaffold_039616_01G000300","TraesCAD_scaffold_039616_01G000300","rna","C1+",1,"positive"
"rna__TraesCAD_scaffold_016629_01G000100","TraesCAD_scaffold_016629_01G000100","rna","C1-",1,"negative"
"rna__TraesCAD_scaffold_084889_01G000200","TraesCAD_scaffold_084889_01G000200","rna","C1+",1,"positive"
"rna__TraesCAD_scaffold_078042_01G000200","TraesCAD_scaffold_078042_01G000200","rna","C2-",2,"negative"
"rna__TraesCAD_scaffold_114846_01G000100","TraesCAD_scaffold_114846_01G000100","rna","C2-",2,"negative"
"rna__TraesCAD_scaffold_046300_01G000300","TraesCAD_scaffold_046300_01G000300","rna","C2-",2,"negative"
"rna__TraesCAD_scaffold_035451_01G000100","TraesCAD_scaffold_035451_01G000100","rna","C1+",1,"positive"
"rna__TraesCAD_scaffold_008288_01G000100","TraesCAD_scaffold_008288_01G000100","rna","C2+",2,"positive"
"rna__TraesCAD_scaffold_027162_01G000100","TraesCAD_scaffold_027162_01G000100","rna","C2+",2,"positive"
"rna__TraesCAD_scaffold_009356_01G000100","TraesCAD_scaffold_009356_01G000100","rna","C2+",2,"positive"
"rna__TraesCAD_scaffold_019973_01G000200","TraesCAD_scaffold_019973_01G000200","rna","C1+",1,"positive"
"rna__TraesCAD_scaffold_075961_01G000400","TraesCAD_scaffold_075961_01G000400","rna","C1-",1,"negative"
"rna__TraesCAD_scaffold_042648_01G000200","TraesCAD_scaffold_042648_01G000200","rna","C2+",2,"positive"
"rna__TraesCAD_scaffold_017217_01G000200","TraesCAD_scaffold_017217_01G000200","rna","C2-",2,"negative"
"rna__TraesCAD_scaffold_040314_01G000200","TraesCAD_scaffold_040314_01G000200","rna","C1-",1,"negative"
"rna__TraesCAD_scaffold_063128_01G000300","TraesCAD_scaffold_063128_01G000300","rna","C1+",1,"positive"
"rna__TraesCAD_scaffold_112174_01G000200","TraesCAD_scaffold_112174_01G000200","rna","C2-",2,"negative"
"rna__TraesCAD_scaffold_005315_01G000200","TraesCAD_scaffold_005315_01G000200","rna","C1-",1,"negative"
"rna__TraesCAD_scaffold_019301_01G000100","TraesCAD_scaffold_019301_01G000100","rna","C1-",1,"negative"
"rna__TraesCAD_scaffold_032100_01G000200","TraesCAD_scaffold_032100_01G000200","rna","C1+",1,"positive"
"rna__TraesCAD_scaffold_027569_01G000100","TraesCAD_scaffold_027569_01G000100","rna","C2+",2,"positive"
"rna__TraesCAD_scaffold_004968_01G000100","TraesCAD_scaffold_004968_01G000100","rna","C2+",2,"positive"
"rna__TraesCAD_scaffold_069741_01G000100","TraesCAD_scaffold_069741_01G000100","rna","C2-",2,"negative"
"rna__TraesCAD_scaffold_070064_01G000200","TraesCAD_scaffold_070064_01G000200","rna","C2+",2,"positive"
"rna__TraesCAD_scaffold_047450_01G000700","TraesCAD_scaffold_047450_01G000700","rna","C1-",1,"negative"
"rna__TraesCAD_scaffold_081897_01G000200","TraesCAD_scaffold_081897_01G000200","rna","C2+",2,"positive"
"rna__TraesCAD_scaffold_007634_01G000300","TraesCAD_scaffold_007634_01G000300","rna","C2-",2,"negative"
"rna__TraesCAD_scaffold_065715_01G000100","TraesCAD_scaffold_065715_01G000100","rna","C1+",1,"positive"
"rna__TraesCAD_scaffold_062697_01G000100","TraesCAD_scaffold_062697_01G000100","rna","C1+",1,"positive"
"rna__TraesCAD_scaffold_005029_01G000100","TraesCAD_scaffold_005029_01G000100","rna","C1-",1,"negative"
"rna__TraesCAD_scaffold_083570_01G000200","TraesCAD_scaffold_083570_01G000200","rna","C1+",1,"positive"
"rna__TraesCAD_scaffold_030737_01G000100","TraesCAD_scaffold_030737_01G000100","rna","C2+",2,"positive"
"rna__TraesCAD_scaffold_118629_01G000100","TraesCAD_scaffold_118629_01G000100","rna","C1+",1,"positive"
"rna__TraesCAD_scaffold_003624_01G000100","TraesCAD_scaffold_003624_01G000100","rna","C2+",2,"positive"
"rna__TraesCAD_scaffold_095059_01G000100","TraesCAD_scaffold_095059_01G000100","rna","C1+",1,"positive"
"rna__TraesCAD_scaffold_017026_01G000200","TraesCAD_scaffold_017026_01G000200","rna","C1-",1,"negative"
"rna__TraesCAD_scaffold_083996_01G000200","TraesCAD_scaffold_083996_01G000200","rna","C2+",2,"positive"
"rna__TraesCAD_scaffold_021862_01G000100","TraesCAD_scaffold_021862_01G000100","rna","C2-",2,"negative"
"rna__TraesCAD_scaffold_036815_01G000500","TraesCAD_scaffold_036815_01G000500","rna","C1-",1,"negative"
"rna__TraesCAD_scaffold_095959_01G000100","TraesCAD_scaffold_095959_01G000100","rna","C2+",2,"positive"
"rna__TraesCAD_scaffold_082601_01G000100","TraesCAD_scaffold_082601_01G000100","rna","C1+",1,"positive"
"rna__TraesCAD_scaffold_046813_01G000200","TraesCAD_scaffold_046813_01G000200","rna","C1-",1,"negative"
"rna__TraesCAD_scaffold_062072_01G000200","TraesCAD_scaffold_062072_01G000200","rna","C2-",2,"negative"
"rna__TraesCAD_scaffold_069338_01G000200","TraesCAD_scaffold_069338_01G000200","rna","C2-",2,"negative"
"rna__TraesCAD_scaffold_007411_01G000300","TraesCAD_scaffold_007411_01G000300","rna","C1-",1,"negative"
"rna__TraesCAD_scaffold_025578_01G000200","TraesCAD_scaffold_025578_01G000200","rna","C1+",1,"positive"
"rna__TraesCAD_scaffold_009934_01G000100","TraesCAD_scaffold_009934_01G000100","rna","C2+",2,"positive"
"rna__TraesCAD_scaffold_018483_01G000300","TraesCAD_scaffold_018483_01G000300","rna","C1-",1,"negative"
"rna__TraesCAD_scaffold_141252_01G000100","TraesCAD_scaffold_141252_01G000100","rna","C2-",2,"negative"
"rna__TraesCAD_scaffold_036706_01G000100","TraesCAD_scaffold_036706_01G000100","rna","C1-",1,"negative"
"rna__TraesCAD_scaffold_060693_01G000200","TraesCAD_scaffold_060693_01G000200","rna","C2-",2,"negative"
"rna__TraesCAD_scaffold_079282_01G000300","TraesCAD_scaffold_079282_01G000300","rna","C1-",1,"negative"
"rna__TraesCAD_scaffold_073784_01G000200","TraesCAD_scaffold_073784_01G000200","rna","C2-",2,"negative"
"rna__TraesCAD_scaffold_041628_01G000300","TraesCAD_scaffold_041628_01G000300","rna","C1+",1,"positive"
"rna__TraesCAD_scaffold_144994_01G000100","TraesCAD_scaffold_144994_01G000100","rna","C1-",1,"negative"
"rna__TraesCAD_scaffold_006428_01G000100","TraesCAD_scaffold_006428_01G000100","rna","C2-",2,"negative"
"rna__TraesCAD_scaffold_044017_01G000100","TraesCAD_scaffold_044017_01G000100","rna","C2+",2,"positive"
"rna__TraesCAD_scaffold_112391_01G000100","TraesCAD_scaffold_112391_01G000100","rna","C2-",2,"negative"
"rna__TraesCAD_scaffold_018994_01G000100","TraesCAD_scaffold_018994_01G000100","rna","C1+",1,"positive"
"rna__TraesCAD_scaffold_090945_01G000100","TraesCAD_scaffold_090945_01G000100","rna","C1-",1,"negative"
"rna__TraesCAD_scaffold_057998_01G000300","TraesCAD_scaffold_057998_01G000300","rna","C1+",1,"positive"
"rna__TraesCAD_scaffold_085142_01G000300","TraesCAD_scaffold_085142_01G000300","rna","C1-",1,"negative"
"rna__TraesCAD_scaffold_067744_01G000500","TraesCAD_scaffold_067744_01G000500","rna","C1+",1,"positive"
"rna__TraesCAD_scaffold_016992_01G000200","TraesCAD_scaffold_016992_01G000200","rna","C2+",2,"positive"
"rna__TraesCAD_scaffold_040036_01G000100","TraesCAD_scaffold_040036_01G000100","rna","C2+",2,"positive"
"rna__TraesCAD_scaffold_049380_01G000200","TraesCAD_scaffold_049380_01G000200","rna","C1+",1,"positive"
"rna__TraesCAD_scaffold_048098_01G000300","TraesCAD_scaffold_048098_01G000300","rna","C1-",1,"negative"
"rna__TraesCAD_scaffold_011426_01G000200","TraesCAD_scaffold_011426_01G000200","rna","C1-",1,"negative"
"rna__TraesCAD_scaffold_064514_01G000300","TraesCAD_scaffold_064514_01G000300","rna","C2-",2,"negative"
"rna__TraesCAD_scaffold_000119_01G000600","TraesCAD_scaffold_000119_01G000600","rna","C1-",1,"negative"
"rna__TraesCAD_scaffold_069171_01G000100","TraesCAD_scaffold_069171_01G000100","rna","C1-",1,"negative"
"rna__TraesCAD_scaffold_062488_01G000200","TraesCAD_scaffold_062488_01G000200","rna","C1-",1,"negative"
"rna__TraesCAD_scaffold_074083_01G000300","TraesCAD_scaffold_074083_01G000300","rna","C2+",2,"positive"
"rna__TraesCAD_scaffold_008300_01G000200","TraesCAD_scaffold_008300_01G000200","rna","C2-",2,"negative"
"rna__TraesCAD_scaffold_158843_01G000100","TraesCAD_scaffold_158843_01G000100","rna","C1-",1,"negative"
"rna__TraesCAD_scaffold_031745_01G000500","TraesCAD_scaffold_031745_01G000500","rna","C2+",2,"positive"
"rna__TraesCAD_scaffold_103804_01G000100","TraesCAD_scaffold_103804_01G000100","rna","C1-",1,"negative"
"rna__TraesCAD_scaffold_019879_01G000100","TraesCAD_scaffold_019879_01G000100","rna","C1-",1,"negative"
"rna__TraesCAD_scaffold_032726_01G000200","TraesCAD_scaffold_032726_01G000200","rna","C1-",1,"negative"
"rna__TraesCAD_scaffold_035052_01G000200","TraesCAD_scaffold_035052_01G000200","rna","C2-",2,"negative"
"rna__TraesCAD_scaffold_021743_01G000200","TraesCAD_scaffold_021743_01G000200","rna","C1+",1,"positive"
"rna__TraesCAD_scaffold_130105_01G000100","TraesCAD_scaffold_130105_01G000100","rna","C1-",1,"negative"
"rna__TraesCAD_scaffold_004044_01G000600","TraesCAD_scaffold_004044_01G000600","rna","C2-",2,"negative"
"rna__TraesCAD_scaffold_042142_01G000200","TraesCAD_scaffold_042142_01G000200","rna","C2-",2,"negative"
"rna__TraesCAD_scaffold_066008_01G000400","TraesCAD_scaffold_066008_01G000400","rna","C1-",1,"negative"
"rna__TraesCAD_scaffold_168301_01G000100","TraesCAD_scaffold_168301_01G000100","rna","C2-",2,"negative"
"rna__TraesCAD_scaffold_051687_01G000100","TraesCAD_scaffold_051687_01G000100","rna","C1+",1,"positive"
"rna__TraesCAD_scaffold_132835_01G000300","TraesCAD_scaffold_132835_01G000300","rna","C1+",1,"positive"
"rna__TraesCAD_scaffold_066353_01G000100","TraesCAD_scaffold_066353_01G000100","rna","C1+",1,"positive"
"rna__TraesCAD_scaffold_013043_01G000100","TraesCAD_scaffold_013043_01G000100","rna","C2+",2,"positive"
"rna__TraesCAD_scaffold_086565_01G000100","TraesCAD_scaffold_086565_01G000100","rna","C2-",2,"negative"
"rna__TraesCAD_scaffold_028774_01G000200","TraesCAD_scaffold_028774_01G000200","rna","C2+",2,"positive"
"rna__TraesCAD_scaffold_091888_01G000100","TraesCAD_scaffold_091888_01G000100","rna","C1-",1,"negative"
"rna__TraesCAD_scaffold_093243_01G000200","TraesCAD_scaffold_093243_01G000200","rna","C1-",1,"negative"
"rna__TraesCAD_scaffold_021781_01G000100","TraesCAD_scaffold_021781_01G000100","rna","C2-",2,"negative"
"rna__TraesCAD_scaffold_019440_01G000500","TraesCAD_scaffold_019440_01G000500","rna","C1-",1,"negative"
"rna__TraesCAD_scaffold_010040_01G000600","TraesCAD_scaffold_010040_01G000600","rna","C1-",1,"negative"
"rna__TraesCAD_scaffold_077864_01G000100","TraesCAD_scaffold_077864_01G000100","rna","C1-",1,"negative"
"rna__TraesCAD_scaffold_060793_01G000100","TraesCAD_scaffold_060793_01G000100","rna","C2-",2,"negative"
"rna__TraesCAD_scaffold_008860_01G000100","TraesCAD_scaffold_008860_01G000100","rna","C1-",1,"negative"
"rna__TraesCAD_scaffold_083384_01G000200","TraesCAD_scaffold_083384_01G000200","rna","C1+",1,"positive"
"rna__TraesCAD_scaffold_017488_01G000100","TraesCAD_scaffold_017488_01G000100","rna","C1-",1,"negative"
"rna__TraesCAD_scaffold_013894_01G000600","TraesCAD_scaffold_013894_01G000600","rna","C1-",1,"negative"
"rna__TraesCAD_scaffold_066057_01G000500","TraesCAD_scaffold_066057_01G000500","rna","C1+",1,"positive"
"rna__TraesCAD_scaffold_089236_01G000100","TraesCAD_scaffold_089236_01G000100","rna","C1-",1,"negative"
"rna__TraesCAD_scaffold_019603_01G000100","TraesCAD_scaffold_019603_01G000100","rna","C1+",1,"positive"
"rna__TraesCAD_scaffold_059485_01G000400","TraesCAD_scaffold_059485_01G000400","rna","C2-",2,"negative"
"rna__TraesCAD_scaffold_121542_01G000100","TraesCAD_scaffold_121542_01G000100","rna","C2-",2,"negative"
"rna__TraesCAD_scaffold_128739_01G000200","TraesCAD_scaffold_128739_01G000200","rna","C1+",1,"positive"
"rna__TraesCAD_scaffold_022636_01G000200","TraesCAD_scaffold_022636_01G000200","rna","C1+",1,"positive"
"rna__TraesCAD_scaffold_026604_01G000500","TraesCAD_scaffold_026604_01G000500","rna","C1-",1,"negative"
"rna__TraesCAD_scaffold_072070_01G000200","TraesCAD_scaffold_072070_01G000200","rna","C2-",2,"negative"
"rna__TraesCAD_scaffold_022983_01G000100","TraesCAD_scaffold_022983_01G000100","rna","C2+",2,"positive"
"rna__TraesCAD_scaffold_006924_01G000500","TraesCAD_scaffold_006924_01G000500","rna","C1-",1,"negative"
"rna__TraesCAD_scaffold_000081_01G000100","TraesCAD_scaffold_000081_01G000100","rna","C2-",2,"negative"
"rna__TraesCAD_scaffold_019928_01G000100","TraesCAD_scaffold_019928_01G000100","rna","C1+",1,"positive"
"rna__TraesCAD_scaffold_087443_01G000100","TraesCAD_scaffold_087443_01G000100","rna","C1-",1,"negative"
"rna__TraesCAD_scaffold_058994_01G000200","TraesCAD_scaffold_058994_01G000200","rna","C2-",2,"negative"
"rna__TraesCAD_scaffold_075659_01G000100","TraesCAD_scaffold_075659_01G000100","rna","C1-",1,"negative"
"rna__TraesCAD_scaffold_058840_01G000100","TraesCAD_scaffold_058840_01G000100","rna","C1-",1,"negative"
"rna__TraesCAD_scaffold_121399_01G000300","TraesCAD_scaffold_121399_01G000300","rna","C1+",1,"positive"
"rna__TraesCAD_scaffold_172053_01G000100","TraesCAD_scaffold_172053_01G000100","rna","C1+",1,"positive"
"rna__TraesCAD_scaffold_053915_01G000200","TraesCAD_scaffold_053915_01G000200","rna","C1-",1,"negative"
"rna__TraesCAD_scaffold_111719_01G000200","TraesCAD_scaffold_111719_01G000200","rna","C1-",1,"negative"
"rna__TraesCAD_scaffold_070594_01G000200","TraesCAD_scaffold_070594_01G000200","rna","C1+",1,"positive"
"rna__TraesCAD_scaffold_022476_01G000300","TraesCAD_scaffold_022476_01G000300","rna","C2+",2,"positive"
"rna__TraesCAD_scaffold_014643_01G000200","TraesCAD_scaffold_014643_01G000200","rna","C1+",1,"positive"
"rna__TraesCAD_scaffold_029017_01G000100","TraesCAD_scaffold_029017_01G000100","rna","C2+",2,"positive"
"rna__TraesCAD_scaffold_036056_01G000200","TraesCAD_scaffold_036056_01G000200","rna","C1-",1,"negative"
"rna__TraesCAD_scaffold_026175_01G000300","TraesCAD_scaffold_026175_01G000300","rna","C2-",2,"negative"
"rna__TraesCAD_scaffold_054225_01G000300","TraesCAD_scaffold_054225_01G000300","rna","C1-",1,"negative"
"rna__TraesCAD_scaffold_070045_01G000100","TraesCAD_scaffold_070045_01G000100","rna","C1-",1,"negative"
"rna__TraesCAD_scaffold_046424_01G000300","TraesCAD_scaffold_046424_01G000300","rna","C2-",2,"negative"
"rna__TraesCAD_scaffold_042306_01G000300","TraesCAD_scaffold_042306_01G000300","rna","C1-",1,"negative"
"rna__TraesCAD_scaffold_039512_01G000300","TraesCAD_scaffold_039512_01G000300","rna","C1+",1,"positive"
"rna__TraesCAD_scaffold_009594_01G000100","TraesCAD_scaffold_009594_01G000100","rna","C2+",2,"positive"
"rna__TraesCAD_scaffold_092642_01G000100","TraesCAD_scaffold_092642_01G000100","rna","C1+",1,"positive"
"rna__TraesCAD_scaffold_041713_01G000400","TraesCAD_scaffold_041713_01G000400","rna","C2+",2,"positive"
"rna__TraesCAD_scaffold_136359_01G000100","TraesCAD_scaffold_136359_01G000100","rna","C1+",1,"positive"
"rna__TraesCAD_scaffold_133347_01G000200","TraesCAD_scaffold_133347_01G000200","rna","C1+",1,"positive"
"rna__TraesCAD_scaffold_029791_01G000100","TraesCAD_scaffold_029791_01G000100","rna","C2+",2,"positive"
"rna__TraesCAD_scaffold_011449_01G000400","TraesCAD_scaffold_011449_01G000400","rna","C1-",1,"negative"
"rna__TraesCAD_scaffold_022804_01G000300","TraesCAD_scaffold_022804_01G000300","rna","C1+",1,"positive"
"rna__TraesCAD_scaffold_052548_01G000100","TraesCAD_scaffold_052548_01G000100","rna","C2-",2,"negative"
"rna__TraesCAD_scaffold_073993_01G000100","TraesCAD_scaffold_073993_01G000100","rna","C1-",1,"negative"
"rna__TraesCAD_scaffold_009011_01G000100","TraesCAD_scaffold_009011_01G000100","rna","C2+",2,"positive"
"rna__TraesCAD_scaffold_079049_01G000100","TraesCAD_scaffold_079049_01G000100","rna","C1-",1,"negative"
"rna__TraesCAD_scaffold_072347_01G000100","TraesCAD_scaffold_072347_01G000100","rna","C2-",2,"negative"
"rna__TraesCAD_scaffold_057784_01G000400","TraesCAD_scaffold_057784_01G000400","rna","C1+",1,"positive"
"rna__TraesCAD_scaffold_004176_01G000200","TraesCAD_scaffold_004176_01G000200","rna","C2+",2,"positive"
"rna__TraesCAD_scaffold_034978_01G000200","TraesCAD_scaffold_034978_01G000200","rna","C2-",2,"negative"
"rna__TraesCAD_scaffold_065789_01G000200","TraesCAD_scaffold_065789_01G000200","rna","C1+",1,"positive"
"rna__TraesCAD_scaffold_118564_01G000200","TraesCAD_scaffold_118564_01G000200","rna","C2+",2,"positive"
"rna__TraesCAD_scaffold_001592_01G000400","TraesCAD_scaffold_001592_01G000400","rna","C1+",1,"positive"
"rna__TraesCAD_scaffold_049658_01G000300","TraesCAD_scaffold_049658_01G000300","rna","C1-",1,"negative"
"rna__TraesCAD_scaffold_054699_01G000100","TraesCAD_scaffold_054699_01G000100","rna","C2+",2,"positive"
"rna__TraesCAD_scaffold_034592_01G000200","TraesCAD_scaffold_034592_01G000200","rna","C1-",1,"negative"
"rna__TraesCAD_scaffold_029050_01G000100","TraesCAD_scaffold_029050_01G000100","rna","C2-",2,"negative"
"rna__TraesCAD_scaffold_005432_01G001100","TraesCAD_scaffold_005432_01G001100","rna","C1+",1,"positive"
"rna__TraesCAD_scaffold_040909_01G000100","TraesCAD_scaffold_040909_01G000100","rna","C1-",1,"negative"
"rna__TraesCAD_scaffold_099570_01G000100","TraesCAD_scaffold_099570_01G000100","rna","C1-",1,"negative"
"rna__TraesCAD_scaffold_015845_01G000600","TraesCAD_scaffold_015845_01G000600","rna","C2+",2,"positive"
"rna__TraesCAD_scaffold_131774_01G000100","TraesCAD_scaffold_131774_01G000100","rna","C1+",1,"positive"
"rna__TraesCAD_scaffold_126192_01G000100","TraesCAD_scaffold_126192_01G000100","rna","C2-",2,"negative"
"rna__TraesCAD_scaffold_006481_01G000500","TraesCAD_scaffold_006481_01G000500","rna","C2-",2,"negative"
"rna__TraesCAD_scaffold_098392_01G000200","TraesCAD_scaffold_098392_01G000200","rna","C1+",1,"positive"
"rna__TraesCAD_scaffold_002663_01G000400","TraesCAD_scaffold_002663_01G000400","rna","C2-",2,"negative"
"rna__TraesCAD_scaffold_026429_01G000500","TraesCAD_scaffold_026429_01G000500","rna","C2+",2,"positive"
"rna__TraesCAD_scaffold_024220_01G000100","TraesCAD_scaffold_024220_01G000100","rna","C1-",1,"negative"
"rna__TraesCAD_scaffold_007001_01G000100","TraesCAD_scaffold_007001_01G000100","rna","C1-",1,"negative"
"rna__TraesCAD_scaffold_011767_01G000300","TraesCAD_scaffold_011767_01G000300","rna","C1-",1,"negative"
"rna__TraesCAD_scaffold_026139_01G000100","TraesCAD_scaffold_026139_01G000100","rna","C2+",2,"positive"
"rna__TraesCAD_scaffold_068235_01G000200","TraesCAD_scaffold_068235_01G000200","rna","C1-",1,"negative"
"rna__TraesCAD_scaffold_102733_01G000100","TraesCAD_scaffold_102733_01G000100","rna","C1+",1,"positive"
"rna__TraesCAD_scaffold_050529_01G000200","TraesCAD_scaffold_050529_01G000200","rna","C1+",1,"positive"
"rna__TraesCAD_scaffold_017857_01G000300","TraesCAD_scaffold_017857_01G000300","rna","C1+",1,"positive"
"rna__TraesCAD_scaffold_055157_01G000100","TraesCAD_scaffold_055157_01G000100","rna","C1-",1,"negative"
"rna__TraesCAD_scaffold_063110_01G000400","TraesCAD_scaffold_063110_01G000400","rna","C1+",1,"positive"
"rna__TraesCAD_scaffold_052131_01G000400","TraesCAD_scaffold_052131_01G000400","rna","C2-",2,"negative"
"rna__TraesCAD_scaffold_064155_01G000200","TraesCAD_scaffold_064155_01G000200","rna","C1+",1,"positive"
"rna__TraesCAD_scaffold_079928_01G000200","TraesCAD_scaffold_079928_01G000200","rna","C2+",2,"positive"
"rna__TraesCAD_scaffold_104832_01G000100","TraesCAD_scaffold_104832_01G000100","rna","C2-",2,"negative"
"rna__TraesCAD_scaffold_063819_01G000400","TraesCAD_scaffold_063819_01G000400","rna","C1+",1,"positive"
"rna__TraesCAD_scaffold_012738_01G000100","TraesCAD_scaffold_012738_01G000100","rna","C1-",1,"negative"
"rna__TraesCAD_scaffold_105177_01G000100","TraesCAD_scaffold_105177_01G000100","rna","C2+",2,"positive"
"rna__TraesCAD_scaffold_009117_01G000200","TraesCAD_scaffold_009117_01G000200","rna","C1+",1,"positive"
"rna__TraesCAD_scaffold_169145_01G000100","TraesCAD_scaffold_169145_01G000100","rna","C2-",2,"negative"
"rna__TraesCAD_scaffold_032189_01G000100","TraesCAD_scaffold_032189_01G000100","rna","C1-",1,"negative"
"rna__TraesCAD_scaffold_106179_01G000100","TraesCAD_scaffold_106179_01G000100","rna","C1+",1,"positive"
"rna__TraesCAD_scaffold_089422_01G000100","TraesCAD_scaffold_089422_01G000100","rna","C1+",1,"positive"
"rna__TraesCAD_scaffold_058618_01G000400","TraesCAD_scaffold_058618_01G000400","rna","C2-",2,"negative"
"rna__TraesCAD_scaffold_008884_01G000200","TraesCAD_scaffold_008884_01G000200","rna","C1-",1,"negative"
"rna__TraesCAD_scaffold_106536_01G000100","TraesCAD_scaffold_106536_01G000100","rna","C1+",1,"positive"
"rna__TraesCAD_scaffold_046105_01G000200","TraesCAD_scaffold_046105_01G000200","rna","C1-",1,"negative"
"rna__TraesCAD_scaffold_111979_01G000100","TraesCAD_scaffold_111979_01G000100","rna","C1-",1,"negative"
"rna__TraesCAD_scaffold_050454_01G000100","TraesCAD_scaffold_050454_01G000100","rna","C1+",1,"positive"
"rna__TraesCAD_scaffold_023544_01G000100","TraesCAD_scaffold_023544_01G000100","rna","C2+",2,"positive"
"rna__TraesCAD_scaffold_012020_01G000300","TraesCAD_scaffold_012020_01G000300","rna","C2+",2,"positive"
"rna__TraesCAD_scaffold_010070_01G000200","TraesCAD_scaffold_010070_01G000200","rna","C2+",2,"positive"
"rna__TraesCAD_scaffold_001181_01G000100","TraesCAD_scaffold_001181_01G000100","rna","C1-",1,"negative"
"rna__TraesCAD_scaffold_008704_01G000400","TraesCAD_scaffold_008704_01G000400","rna","C2-",2,"negative"
"rna__TraesCAD_scaffold_007932_01G000300","TraesCAD_scaffold_007932_01G000300","rna","C1+",1,"positive"
"rna__TraesCAD_scaffold_108166_01G000100","TraesCAD_scaffold_108166_01G000100","rna","C2-",2,"negative"
"rna__TraesCAD_scaffold_008059_01G000600","TraesCAD_scaffold_008059_01G000600","rna","C1-",1,"negative"
"rna__TraesCAD_scaffold_002095_01G000100","TraesCAD_scaffold_002095_01G000100","rna","C1-",1,"negative"
"rna__TraesCAD_scaffold_024157_01G000400","TraesCAD_scaffold_024157_01G000400","rna","C1-",1,"negative"
"rna__TraesCAD_scaffold_066905_01G000200","TraesCAD_scaffold_066905_01G000200","rna","C2+",2,"positive"
"rna__TraesCAD_scaffold_094857_01G000200","TraesCAD_scaffold_094857_01G000200","rna","C2-",2,"negative"
"rna__TraesCAD_scaffold_135637_01G000100","TraesCAD_scaffold_135637_01G000100","rna","C1-",1,"negative"
"rna__TraesCAD_scaffold_001059_01G000100","TraesCAD_scaffold_001059_01G000100","rna","C1+",1,"positive"
"rna__TraesCAD_scaffold_045856_01G000200","TraesCAD_scaffold_045856_01G000200","rna","C1+",1,"positive"
"rna__TraesCAD_scaffold_146440_01G000200","TraesCAD_scaffold_146440_01G000200","rna","C1+",1,"positive"
"rna__TraesCAD_scaffold_074293_01G000100","TraesCAD_scaffold_074293_01G000100","rna","C2-",2,"negative"
"rna__TraesCAD_scaffold_007982_01G000500","TraesCAD_scaffold_007982_01G000500","rna","C1+",1,"positive"
"rna__TraesCAD_scaffold_098823_01G000100","TraesCAD_scaffold_098823_01G000100","rna","C1-",1,"negative"
"rna__TraesCAD_scaffold_060977_01G000200","TraesCAD_scaffold_060977_01G000200","rna","C1-",1,"negative"
"rna__TraesCAD_scaffold_035337_01G000100","TraesCAD_scaffold_035337_01G000100","rna","C1-",1,"negative"
"rna__TraesCAD_scaffold_066522_01G000300","TraesCAD_scaffold_066522_01G000300","rna","C1+",1,"positive"
"rna__TraesCAD_scaffold_119634_01G000200","TraesCAD_scaffold_119634_01G000200","rna","C1-",1,"negative"
"rna__TraesCAD_scaffold_044492_01G000300","TraesCAD_scaffold_044492_01G000300","rna","C2+",2,"positive"
"rna__TraesCAD_scaffold_004985_01G000300","TraesCAD_scaffold_004985_01G000300","rna","C1+",1,"positive"
"rna__TraesCAD_scaffold_003263_01G000400","TraesCAD_scaffold_003263_01G000400","rna","C1-",1,"negative"
"rna__TraesCAD_scaffold_090691_01G000200","TraesCAD_scaffold_090691_01G000200","rna","C1-",1,"negative"
"rna__TraesCAD_scaffold_053158_01G000200","TraesCAD_scaffold_053158_01G000200","rna","C2-",2,"negative"
"rna__TraesCAD_scaffold_055981_01G000100","TraesCAD_scaffold_055981_01G000100","rna","C2+",2,"positive"
"rna__TraesCAD_scaffold_012483_01G000100","TraesCAD_scaffold_012483_01G000100","rna","C2-",2,"negative"
"rna__TraesCAD_scaffold_077714_01G000300","TraesCAD_scaffold_077714_01G000300","rna","C1-",1,"negative"
"rna__TraesCAD_scaffold_002643_01G000200","TraesCAD_scaffold_002643_01G000200","rna","C1-",1,"negative"
"rna__TraesCAD_scaffold_036420_01G000200","TraesCAD_scaffold_036420_01G000200","rna","C2-",2,"negative"
"prot__TraesCAD_scaffold_000005_01G000100","TraesCAD_scaffold_000005_01G000100","protein","C2-",2,"negative"
"prot__TraesCAD_scaffold_031320_01G000600","TraesCAD_scaffold_031320_01G000600","protein","C1-",1,"negative"
"prot__TraesCAD_scaffold_000022_01G000100","TraesCAD_scaffold_000022_01G000100","protein","C1+",1,"positive"
"prot__TraesCAD_scaffold_000030_01G000100","TraesCAD_scaffold_000030_01G000100","protein","C1-",1,"negative"
"prot__TraesCAD_scaffold_000030_01G000400","TraesCAD_scaffold_000030_01G000400","protein","C1-",1,"negative"
"prot__TraesCAD_scaffold_000050_01G000700","TraesCAD_scaffold_000050_01G000700","protein","C2-",2,"negative"
"prot__TraesCAD_scaffold_072757_01G000200","TraesCAD_scaffold_072757_01G000200","protein","C2-",2,"negative"
"prot__TraesCAD_scaffold_000077_01G000100","TraesCAD_scaffold_000077_01G000100","protein","C2-",2,"negative"
"prot__TraesCAD_scaffold_000081_01G000100","TraesCAD_scaffold_000081_01G000100","protein","C2-",2,"negative"
"prot__TraesCAD_scaffold_086212_01G000100","TraesCAD_scaffold_086212_01G000100","protein","C1-",1,"negative"
"prot__TraesCAD_scaffold_000091_01G000300","TraesCAD_scaffold_000091_01G000300","protein","C1+",1,"positive"
"prot__TraesCAD_scaffold_000092_01G000200","TraesCAD_scaffold_000092_01G000200","protein","C2-",2,"negative"
"prot__TraesCAD_scaffold_000099_01G000100","TraesCAD_scaffold_000099_01G000100","protein","C1-",1,"negative"
"prot__TraesCAD_scaffold_068744_01G000200","TraesCAD_scaffold_068744_01G000200","protein","C1-",1,"negative"
"prot__TraesCAD_scaffold_000102_01G000200","TraesCAD_scaffold_000102_01G000200","protein","C1+",1,"positive"
"prot__TraesCAD_scaffold_000107_01G000200","TraesCAD_scaffold_000107_01G000200","protein","C2-",2,"negative"
"prot__TraesCAD_scaffold_000119_01G000600","TraesCAD_scaffold_000119_01G000600","protein","C2-",2,"negative"
"prot__TraesCAD_scaffold_066353_01G000100","TraesCAD_scaffold_066353_01G000100","protein","C2-",2,"negative"
"prot__TraesCAD_scaffold_025542_01G000100","TraesCAD_scaffold_025542_01G000100","protein","C2-",2,"negative"
"prot__TraesCAD_scaffold_000167_01G000200","TraesCAD_scaffold_000167_01G000200","protein","C1+",1,"positive"
"prot__TraesCAD_scaffold_000174_01G001000","TraesCAD_scaffold_000174_01G001000","protein","C1+",1,"positive"
"prot__TraesCAD_scaffold_000178_01G000200","TraesCAD_scaffold_000178_01G000200","protein","C1-",1,"negative"
"prot__TraesCAD_scaffold_036315_01G000300","TraesCAD_scaffold_036315_01G000300","protein","C2-",2,"negative"
"prot__TraesCAD_scaffold_015654_01G000200","TraesCAD_scaffold_015654_01G000200","protein","C1-",1,"negative"
"prot__TraesCAD_scaffold_013596_01G000100","TraesCAD_scaffold_013596_01G000100","protein","C1-",1,"negative"
"prot__TraesCAD_scaffold_000195_01G000200","TraesCAD_scaffold_000195_01G000200","protein","C1-",1,"negative"
"prot__TraesCAD_scaffold_000198_01G000100","TraesCAD_scaffold_000198_01G000100","protein","C1-",1,"negative"
"prot__TraesCAD_scaffold_000214_01G000100","TraesCAD_scaffold_000214_01G000100","protein","C1+",1,"positive"
"prot__TraesCAD_scaffold_000220_01G000100","TraesCAD_scaffold_000220_01G000100","protein","C1+",1,"positive"
"prot__TraesCAD_scaffold_000221_01G000100","TraesCAD_scaffold_000221_01G000100","protein","C1-",1,"negative"
"prot__TraesCAD_scaffold_009934_01G000100","TraesCAD_scaffold_009934_01G000100","protein","C1+",1,"positive"
"prot__TraesCAD_scaffold_000224_01G000800","TraesCAD_scaffold_000224_01G000800","protein","C2-",2,"negative"
"prot__TraesCAD_scaffold_000243_01G002200","TraesCAD_scaffold_000243_01G002200","protein","C1+",1,"positive"
"prot__TraesCAD_scaffold_000271_01G000300","TraesCAD_scaffold_000271_01G000300","protein","C2-",2,"negative"
"prot__TraesCAD_scaffold_000277_01G000100","TraesCAD_scaffold_000277_01G000100","protein","C2-",2,"negative"
"prot__TraesCAD_scaffold_078502_01G000100","TraesCAD_scaffold_078502_01G000100","protein","C1+",1,"positive"
"prot__TraesCAD_scaffold_048789_01G000200","TraesCAD_scaffold_048789_01G000200","protein","C1+",1,"positive"
"prot__TraesCAD_scaffold_021666_01G000200","TraesCAD_scaffold_021666_01G000200","protein","C1+",1,"positive"
"prot__TraesCAD_scaffold_000322_01G000200","TraesCAD_scaffold_000322_01G000200","protein","C2-",2,"negative"
"prot__TraesCAD_scaffold_000327_01G000300","TraesCAD_scaffold_000327_01G000300","protein","C1-",1,"negative"
"prot__TraesCAD_scaffold_000327_01G000400","TraesCAD_scaffold_000327_01G000400","protein","C2+",2,"positive"
"prot__TraesCAD_scaffold_000332_01G000900","TraesCAD_scaffold_000332_01G000900","protein","C2-",2,"negative"
"prot__TraesCAD_scaffold_000354_01G000300","TraesCAD_scaffold_000354_01G000300","protein","C2+",2,"positive"
"prot__TraesCAD_scaffold_000354_01G000400","TraesCAD_scaffold_000354_01G000400","protein","C2-",2,"negative"
"prot__TraesCAD_scaffold_000360_01G001100","TraesCAD_scaffold_000360_01G001100","protein","C2-",2,"negative"
"prot__TraesCAD_scaffold_000372_01G000100","TraesCAD_scaffold_000372_01G000100","protein","C1-",1,"negative"
"prot__TraesCAD_scaffold_019651_01G000400","TraesCAD_scaffold_019651_01G000400","protein","C1+",1,"positive"
"prot__TraesCAD_scaffold_000382_01G000500","TraesCAD_scaffold_000382_01G000500","protein","C1-",1,"negative"
"prot__TraesCAD_scaffold_848242_01G000100","TraesCAD_scaffold_848242_01G000100","protein","C2+",2,"positive"
"prot__TraesCAD_scaffold_011707_01G000400","TraesCAD_scaffold_011707_01G000400","protein","C2+",2,"positive"
"prot__TraesCAD_scaffold_150958_01G000200","TraesCAD_scaffold_150958_01G000200","protein","C2-",2,"negative"
"prot__TraesCAD_scaffold_000435_01G000100","TraesCAD_scaffold_000435_01G000100","protein","C1-",1,"negative"
"prot__TraesCAD_scaffold_000439_01G000800","TraesCAD_scaffold_000439_01G000800","protein","C2-",2,"negative"
"prot__TraesCAD_scaffold_014112_01G000200","TraesCAD_scaffold_014112_01G000200","protein","C1+",1,"positive"
"prot__TraesCAD_scaffold_155803_01G000100","TraesCAD_scaffold_155803_01G000100","protein","C2-",2,"negative"
"prot__TraesCAD_scaffold_016249_01G000300","TraesCAD_scaffold_016249_01G000300","protein","C1+",1,"positive"
"prot__TraesCAD_scaffold_140121_01G000100","TraesCAD_scaffold_140121_01G000100","protein","C2-",2,"negative"
"prot__TraesCAD_scaffold_000475_01G000600","TraesCAD_scaffold_000475_01G000600","protein","C1+",1,"positive"
"prot__TraesCAD_scaffold_000476_01G000500","TraesCAD_scaffold_000476_01G000500","protein","C1+",1,"positive"
"prot__TraesCAD_scaffold_011517_01G000300","TraesCAD_scaffold_011517_01G000300","protein","C1+",1,"positive"
"prot__TraesCAD_scaffold_000495_01G000600","TraesCAD_scaffold_000495_01G000600","protein","C2+",2,"positive"
"prot__TraesCAD_scaffold_054165_01G000300","TraesCAD_scaffold_054165_01G000300","protein","C1+",1,"positive"
"prot__TraesCAD_scaffold_000500_01G000300","TraesCAD_scaffold_000500_01G000300","protein","C1+",1,"positive"
"prot__TraesCAD_scaffold_033563_01G000100","TraesCAD_scaffold_033563_01G000100","protein","C1-",1,"negative"
"prot__TraesCAD_scaffold_000524_01G000900","TraesCAD_scaffold_000524_01G000900","protein","C1+",1,"positive"
"prot__TraesCAD_scaffold_000542_01G000200","TraesCAD_scaffold_000542_01G000200","protein","C1+",1,"positive"
"prot__TraesCAD_scaffold_000546_01G000200","TraesCAD_scaffold_000546_01G000200","protein","C1+",1,"positive"
"prot__TraesCAD_scaffold_059614_01G000100","TraesCAD_scaffold_059614_01G000100","protein","C2+",2,"positive"
"prot__TraesCAD_scaffold_000557_01G000100","TraesCAD_scaffold_000557_01G000100","protein","C2+",2,"positive"
"prot__TraesCAD_scaffold_000570_01G000300","TraesCAD_scaffold_000570_01G000300","protein","C1+",1,"positive"
"prot__TraesCAD_scaffold_000570_01G000600","TraesCAD_scaffold_000570_01G000600","protein","C1+",1,"positive"
"prot__TraesCAD_scaffold_000584_01G000100","TraesCAD_scaffold_000584_01G000100","protein","C2-",2,"negative"
"prot__TraesCAD_scaffold_054786_01G000400","TraesCAD_scaffold_054786_01G000400","protein","C2-",2,"negative"
"prot__TraesCAD_scaffold_000611_01G000300","TraesCAD_scaffold_000611_01G000300","protein","C1+",1,"positive"
"prot__TraesCAD_scaffold_000620_01G000200","TraesCAD_scaffold_000620_01G000200","protein","C1-",1,"negative"
"prot__TraesCAD_scaffold_013147_01G000900","TraesCAD_scaffold_013147_01G000900","protein","C1-",1,"negative"
"prot__TraesCAD_scaffold_000625_01G000300","TraesCAD_scaffold_000625_01G000300","protein","C1+",1,"positive"
"prot__TraesCAD_scaffold_031714_01G000100","TraesCAD_scaffold_031714_01G000100","protein","C1+",1,"positive"
"prot__TraesCAD_scaffold_000627_01G000500","TraesCAD_scaffold_000627_01G000500","protein","C1+",1,"positive"
"prot__TraesCAD_scaffold_033841_01G000200","TraesCAD_scaffold_033841_01G000200","protein","C2-",2,"negative"
"prot__TraesCAD_scaffold_000647_01G000500","TraesCAD_scaffold_000647_01G000500","protein","C2-",2,"negative"
"prot__TraesCAD_scaffold_000655_01G000500","TraesCAD_scaffold_000655_01G000500","protein","C1-",1,"negative"
"prot__TraesCAD_scaffold_000661_01G000400","TraesCAD_scaffold_000661_01G000400","protein","C2-",2,"negative"
"prot__TraesCAD_scaffold_000670_01G000200","TraesCAD_scaffold_000670_01G000200","protein","C2+",2,"positive"
"prot__TraesCAD_scaffold_000670_01G000300","TraesCAD_scaffold_000670_01G000300","protein","C1+",1,"positive"
"prot__TraesCAD_scaffold_000670_01G000500","TraesCAD_scaffold_000670_01G000500","protein","C2+",2,"positive"
"prot__TraesCAD_scaffold_000672_01G000100","TraesCAD_scaffold_000672_01G000100","protein","C1+",1,"positive"
"prot__TraesCAD_scaffold_000673_01G000100","TraesCAD_scaffold_000673_01G000100","protein","C1+",1,"positive"
"prot__TraesCAD_scaffold_053152_01G000100","TraesCAD_scaffold_053152_01G000100","protein","C1-",1,"negative"
"prot__TraesCAD_scaffold_000702_01G000200","TraesCAD_scaffold_000702_01G000200","protein","C2-",2,"negative"
"prot__TraesCAD_scaffold_000704_01G000100","TraesCAD_scaffold_000704_01G000100","protein","C1+",1,"positive"
"prot__TraesCAD_scaffold_076996_01G000100","TraesCAD_scaffold_076996_01G000100","protein","C2-",2,"negative"
"prot__TraesCAD_scaffold_030515_01G000100","TraesCAD_scaffold_030515_01G000100","protein","C1+",1,"positive"
"prot__TraesCAD_scaffold_109897_01G000100","TraesCAD_scaffold_109897_01G000100","protein","C2-",2,"negative"
"prot__TraesCAD_scaffold_000739_01G000100","TraesCAD_scaffold_000739_01G000100","protein","C2-",2,"negative"
"prot__TraesCAD_scaffold_000746_01G000300","TraesCAD_scaffold_000746_01G000300","protein","C1-",1,"negative"
"prot__TraesCAD_scaffold_064847_01G000200","TraesCAD_scaffold_064847_01G000200","protein","C2-",2,"negative"
"prot__TraesCAD_scaffold_000754_01G000300","TraesCAD_scaffold_000754_01G000300","protein","C2+",2,"positive"
"prot__TraesCAD_scaffold_000763_01G000500","TraesCAD_scaffold_000763_01G000500","protein","C1-",1,"negative"
"prot__TraesCAD_scaffold_065944_01G000100","TraesCAD_scaffold_065944_01G000100","protein","C1+",1,"positive"
"prot__TraesCAD_scaffold_032600_01G000100","TraesCAD_scaffold_032600_01G000100","protein","C2-",2,"negative"
"prot__TraesCAD_scaffold_070719_01G000200","TraesCAD_scaffold_070719_01G000200","protein","C1+",1,"positive"
"prot__TraesCAD_scaffold_066797_01G000200","TraesCAD_scaffold_066797_01G000200","protein","C1+",1,"positive"
"prot__TraesCAD_scaffold_000802_01G000100","TraesCAD_scaffold_000802_01G000100","protein","C2-",2,"negative"
"prot__TraesCAD_scaffold_119973_01G000200","TraesCAD_scaffold_119973_01G000200","protein","C1+",1,"positive"
"prot__TraesCAD_scaffold_000804_01G000100","TraesCAD_scaffold_000804_01G000100","protein","C2-",2,"negative"
"prot__TraesCAD_scaffold_000832_01G000100","TraesCAD_scaffold_000832_01G000100","protein","C1-",1,"negative"
"prot__TraesCAD_scaffold_000839_01G000400","TraesCAD_scaffold_000839_01G000400","protein","C1+",1,"positive"
"prot__TraesCAD_scaffold_125744_01G000100","TraesCAD_scaffold_125744_01G000100","protein","C1-",1,"negative"
"prot__TraesCAD_scaffold_000888_01G000800","TraesCAD_scaffold_000888_01G000800","protein","C1+",1,"positive"
"prot__TraesCAD_scaffold_017030_01G000500","TraesCAD_scaffold_017030_01G000500","protein","C2-",2,"negative"
"prot__TraesCAD_scaffold_018938_01G000100","TraesCAD_scaffold_018938_01G000100","protein","C1+",1,"positive"
"prot__TraesCAD_scaffold_000899_01G000300","TraesCAD_scaffold_000899_01G000300","protein","C1-",1,"negative"
"prot__TraesCAD_scaffold_123937_01G000100","TraesCAD_scaffold_123937_01G000100","protein","C1+",1,"positive"
"prot__TraesCAD_scaffold_065596_01G000100","TraesCAD_scaffold_065596_01G000100","protein","C2-",2,"negative"
"prot__TraesCAD_scaffold_000927_01G000100","TraesCAD_scaffold_000927_01G000100","protein","C1+",1,"positive"
"prot__TraesCAD_scaffold_000928_01G000200","TraesCAD_scaffold_000928_01G000200","protein","C1+",1,"positive"
"prot__TraesCAD_scaffold_000962_01G000200","TraesCAD_scaffold_000962_01G000200","protein","C2-",2,"negative"
"prot__TraesCAD_scaffold_145775_01G000100","TraesCAD_scaffold_145775_01G000100","protein","C1+",1,"positive"
"prot__TraesCAD_scaffold_000972_01G000400","TraesCAD_scaffold_000972_01G000400","protein","C2-",2,"negative"
"prot__TraesCAD_scaffold_000975_01G000100","TraesCAD_scaffold_000975_01G000100","protein","C1-",1,"negative"
"prot__TraesCAD_scaffold_000984_01G000100","TraesCAD_scaffold_000984_01G000100","protein","C2+",2,"positive"
"prot__TraesCAD_scaffold_000998_01G001200","TraesCAD_scaffold_000998_01G001200","protein","C1+",1,"positive"
"prot__TraesCAD_scaffold_021487_01G000100","TraesCAD_scaffold_021487_01G000100","protein","C1-",1,"negative"
"prot__TraesCAD_scaffold_001004_01G000100","TraesCAD_scaffold_001004_01G000100","protein","C1-",1,"negative"
"prot__TraesCAD_scaffold_126523_01G000100","TraesCAD_scaffold_126523_01G000100","protein","C2+",2,"positive"
"prot__TraesCAD_scaffold_001021_01G000100","TraesCAD_scaffold_001021_01G000100","protein","C1-",1,"negative"
"prot__TraesCAD_scaffold_082131_01G000100","TraesCAD_scaffold_082131_01G000100","protein","C1+",1,"positive"
"prot__TraesCAD_scaffold_077161_01G000100","TraesCAD_scaffold_077161_01G000100","protein","C2-",2,"negative"
"prot__TraesCAD_scaffold_001033_01G000400","TraesCAD_scaffold_001033_01G000400","protein","C1+",1,"positive"
"prot__TraesCAD_scaffold_001048_01G000300","TraesCAD_scaffold_001048_01G000300","protein","C1-",1,"negative"
"prot__TraesCAD_scaffold_001052_01G000200","TraesCAD_scaffold_001052_01G000200","protein","C1+",1,"positive"
"prot__TraesCAD_scaffold_001053_01G000400","TraesCAD_scaffold_001053_01G000400","protein","C1-",1,"negative"
"prot__TraesCAD_scaffold_006297_01G000500","TraesCAD_scaffold_006297_01G000500","protein","C1+",1,"positive"
"prot__TraesCAD_scaffold_001070_01G001000","TraesCAD_scaffold_001070_01G001000","protein","C1+",1,"positive"
"prot__TraesCAD_scaffold_011395_01G000900","TraesCAD_scaffold_011395_01G000900","protein","C1+",1,"positive"
"prot__TraesCAD_scaffold_001077_01G000100","TraesCAD_scaffold_001077_01G000100","protein","C2+",2,"positive"
"prot__TraesCAD_scaffold_001094_01G000200","TraesCAD_scaffold_001094_01G000200","protein","C2+",2,"positive"
"prot__TraesCAD_scaffold_041632_01G000200","TraesCAD_scaffold_041632_01G000200","protein","C2+",2,"positive"
"prot__TraesCAD_scaffold_001114_01G000100","TraesCAD_scaffold_001114_01G000100","protein","C1-",1,"negative"
"prot__TraesCAD_scaffold_001137_01G000700","TraesCAD_scaffold_001137_01G000700","protein","C2-",2,"negative"
"prot__TraesCAD_scaffold_040423_01G000100","TraesCAD_scaffold_040423_01G000100","protein","C2-",2,"negative"
"prot__TraesCAD_scaffold_001166_01G000200","TraesCAD_scaffold_001166_01G000200","protein","C2-",2,"negative"
"prot__TraesCAD_scaffold_001169_01G000300","TraesCAD_scaffold_001169_01G000300","protein","C1-",1,"negative"
"prot__TraesCAD_scaffold_001171_01G000600","TraesCAD_scaffold_001171_01G000600","protein","C1+",1,"positive"
"prot__TraesCAD_scaffold_001181_01G000100","TraesCAD_scaffold_001181_01G000100","protein","C2-",2,"negative"
"prot__TraesCAD_scaffold_145392_01G000100","TraesCAD_scaffold_145392_01G000100","protein","C1-",1,"negative"
"prot__TraesCAD_scaffold_037275_01G000100","TraesCAD_scaffold_037275_01G000100","protein","C1-",1,"negative"
"prot__TraesCAD_scaffold_001188_01G000300","TraesCAD_scaffold_001188_01G000300","protein","C1+",1,"positive"
"prot__TraesCAD_scaffold_001208_01G000100","TraesCAD_scaffold_001208_01G000100","protein","C2-",2,"negative"
"prot__TraesCAD_scaffold_001226_01G000100","TraesCAD_scaffold_001226_01G000100","protein","C1-",1,"negative"
"prot__TraesCAD_scaffold_001226_01G000500","TraesCAD_scaffold_001226_01G000500","protein","C1+",1,"positive"
"prot__TraesCAD_scaffold_105068_01G000200","TraesCAD_scaffold_105068_01G000200","protein","C1-",1,"negative"
"prot__TraesCAD_scaffold_024023_01G000200","TraesCAD_scaffold_024023_01G000200","protein","C1-",1,"negative"
"prot__TraesCAD_scaffold_001246_01G000100","TraesCAD_scaffold_001246_01G000100","protein","C1-",1,"negative"
"prot__TraesCAD_scaffold_001260_01G000200","TraesCAD_scaffold_001260_01G000200","protein","C1+",1,"positive"
"prot__TraesCAD_scaffold_001264_01G000200","TraesCAD_scaffold_001264_01G000200","protein","C1-",1,"negative"
"prot__TraesCAD_scaffold_001301_01G001200","TraesCAD_scaffold_001301_01G001200","protein","C1-",1,"negative"
"prot__TraesCAD_scaffold_001312_01G000500","TraesCAD_scaffold_001312_01G000500","protein","C1+",1,"positive"
"prot__TraesCAD_scaffold_001330_01G000100","TraesCAD_scaffold_001330_01G000100","protein","C1+",1,"positive"
"prot__TraesCAD_scaffold_107339_01G000100","TraesCAD_scaffold_107339_01G000100","protein","C1+",1,"positive"
"prot__TraesCAD_scaffold_001338_01G000200","TraesCAD_scaffold_001338_01G000200","protein","C2+",2,"positive"
"prot__TraesCAD_scaffold_089757_01G000100","TraesCAD_scaffold_089757_01G000100","protein","C2-",2,"negative"
"prot__TraesCAD_scaffold_001342_01G000100","TraesCAD_scaffold_001342_01G000100","protein","C1-",1,"negative"
"prot__TraesCAD_scaffold_001342_01G000200","TraesCAD_scaffold_001342_01G000200","protein","C1+",1,"positive"
"prot__TraesCAD_scaffold_001342_01G000500","TraesCAD_scaffold_001342_01G000500","protein","C1-",1,"negative"
"prot__TraesCAD_scaffold_001351_01G000100","TraesCAD_scaffold_001351_01G000100","protein","C1+",1,"positive"
"prot__TraesCAD_scaffold_001357_01G000300","TraesCAD_scaffold_001357_01G000300","protein","C1-",1,"negative"
"prot__TraesCAD_scaffold_001357_01G000400","TraesCAD_scaffold_001357_01G000400","protein","C1-",1,"negative"
"prot__TraesCAD_scaffold_079999_01G000400","TraesCAD_scaffold_079999_01G000400","protein","C2-",2,"negative"
"prot__TraesCAD_scaffold_049886_01G000200","TraesCAD_scaffold_049886_01G000200","protein","C1-",1,"negative"
"prot__TraesCAD_scaffold_001384_01G000100","TraesCAD_scaffold_001384_01G000100","protein","C2+",2,"positive"
"prot__TraesCAD_scaffold_091888_01G000100","TraesCAD_scaffold_091888_01G000100","protein","C2+",2,"positive"
"prot__TraesCAD_scaffold_097456_01G000100","TraesCAD_scaffold_097456_01G000100","protein","C2-",2,"negative"
"prot__TraesCAD_scaffold_001434_01G000400","TraesCAD_scaffold_001434_01G000400","protein","C1+",1,"positive"
"prot__TraesCAD_scaffold_001455_01G000200","TraesCAD_scaffold_001455_01G000200","protein","C1-",1,"negative"
"prot__TraesCAD_scaffold_001463_01G000200","TraesCAD_scaffold_001463_01G000200","protein","C1-",1,"negative"
"prot__TraesCAD_scaffold_001463_01G000400","TraesCAD_scaffold_001463_01G000400","protein","C1-",1,"negative"
"prot__TraesCAD_scaffold_001468_01G000300","TraesCAD_scaffold_001468_01G000300","protein","C2-",2,"negative"
"prot__TraesCAD_scaffold_001469_01G001200","TraesCAD_scaffold_001469_01G001200","protein","C2-",2,"negative"
"prot__TraesCAD_scaffold_006068_01G000600","TraesCAD_scaffold_006068_01G000600","protein","C1-",1,"negative"
"prot__TraesCAD_scaffold_146404_01G000200","TraesCAD_scaffold_146404_01G000200","protein","C1+",1,"positive"
"prot__TraesCAD_scaffold_091177_01G000200","TraesCAD_scaffold_091177_01G000200","protein","C1-",1,"negative"
"prot__TraesCAD_scaffold_001480_01G000500","TraesCAD_scaffold_001480_01G000500","protein","C2-",2,"negative"
"prot__TraesCAD_scaffold_049584_01G000200","TraesCAD_scaffold_049584_01G000200","protein","C1+",1,"positive"
"prot__TraesCAD_scaffold_001491_01G000300","TraesCAD_scaffold_001491_01G000300","protein","C1+",1,"positive"
"prot__TraesCAD_scaffold_009017_01G000400","TraesCAD_scaffold_009017_01G000400","protein","C1+",1,"positive"
"prot__TraesCAD_scaffold_001502_01G000800","TraesCAD_scaffold_001502_01G000800","protein","C1-",1,"negative"
"prot__TraesCAD_scaffold_001515_01G000100","TraesCAD_scaffold_001515_01G000100","protein","C1+",1,"positive"
"prot__TraesCAD_scaffold_001578_01G000200","TraesCAD_scaffold_001578_01G000200","protein","C1+",1,"positive"
"prot__TraesCAD_scaffold_001592_01G000400","TraesCAD_scaffold_001592_01G000400","protein","C2-",2,"negative"
"prot__TraesCAD_scaffold_021128_01G000100","TraesCAD_scaffold_021128_01G000100","protein","C1+",1,"positive"
"prot__TraesCAD_scaffold_022653_01G000100","TraesCAD_scaffold_022653_01G000100","protein","C1+",1,"positive"
"prot__TraesCAD_scaffold_001648_01G000300","TraesCAD_scaffold_001648_01G000300","protein","C1+",1,"positive"
"prot__TraesCAD_scaffold_001656_01G000100","TraesCAD_scaffold_001656_01G000100","protein","C1-",1,"negative"
"prot__TraesCAD_scaffold_082613_01G000300","TraesCAD_scaffold_082613_01G000300","protein","C1+",1,"positive"
"prot__TraesCAD_scaffold_001680_01G000100","TraesCAD_scaffold_001680_01G000100","protein","C2-",2,"negative"
"prot__TraesCAD_scaffold_001680_01G000200","TraesCAD_scaffold_001680_01G000200","protein","C1+",1,"positive"
"prot__TraesCAD_scaffold_001683_01G000100","TraesCAD_scaffold_001683_01G000100","protein","C1+",1,"positive"
"prot__TraesCAD_scaffold_138573_01G000100","TraesCAD_scaffold_138573_01G000100","protein","C1+",1,"positive"
"prot__TraesCAD_scaffold_001691_01G000600","TraesCAD_scaffold_001691_01G000600","protein","C2-",2,"negative"
"prot__TraesCAD_scaffold_001695_01G000300","TraesCAD_scaffold_001695_01G000300","protein","C1+",1,"positive"
"prot__TraesCAD_scaffold_013041_01G000100","TraesCAD_scaffold_013041_01G000100","protein","C1+",1,"positive"
"prot__TraesCAD_scaffold_001704_01G000200","TraesCAD_scaffold_001704_01G000200","protein","C2-",2,"negative"
"prot__TraesCAD_scaffold_001706_01G000300","TraesCAD_scaffold_001706_01G000300","protein","C1+",1,"positive"
"prot__TraesCAD_scaffold_077056_01G000100","TraesCAD_scaffold_077056_01G000100","protein","C2-",2,"negative"
"prot__TraesCAD_scaffold_051426_01G000100","TraesCAD_scaffold_051426_01G000100","protein","C1+",1,"positive"
"prot__TraesCAD_scaffold_001778_01G000200","TraesCAD_scaffold_001778_01G000200","protein","C2+",2,"positive"
"prot__TraesCAD_scaffold_023669_01G000300","TraesCAD_scaffold_023669_01G000300","protein","C2-",2,"negative"
"prot__TraesCAD_scaffold_001804_01G000200","TraesCAD_scaffold_001804_01G000200","protein","C1-",1,"negative"
"prot__TraesCAD_scaffold_001804_01G000800","TraesCAD_scaffold_001804_01G000800","protein","C2+",2,"positive"
"prot__TraesCAD_scaffold_001817_01G000200","TraesCAD_scaffold_001817_01G000200","protein","C2-",2,"negative"
"prot__TraesCAD_scaffold_058997_01G000100","TraesCAD_scaffold_058997_01G000100","protein","C2-",2,"negative"
"prot__TraesCAD_scaffold_001820_01G000200","TraesCAD_scaffold_001820_01G000200","protein","C1+",1,"positive"
"prot__TraesCAD_scaffold_036341_01G000700","TraesCAD_scaffold_036341_01G000700","protein","C2-",2,"negative"
"prot__TraesCAD_scaffold_001851_01G000300","TraesCAD_scaffold_001851_01G000300","protein","C1+",1,"positive"
"prot__TraesCAD_scaffold_086460_01G000200","TraesCAD_scaffold_086460_01G000200","protein","C1+",1,"positive"
"prot__TraesCAD_scaffold_001865_01G000100","TraesCAD_scaffold_001865_01G000100","protein","C1-",1,"negative"
"prot__TraesCAD_scaffold_001866_01G000300","TraesCAD_scaffold_001866_01G000300","protein","C1+",1,"positive"
"prot__TraesCAD_scaffold_001871_01G000300","TraesCAD_scaffold_001871_01G000300","protein","C2-",2,"negative"
"prot__TraesCAD_scaffold_001889_01G000100","TraesCAD_scaffold_001889_01G000100","protein","C1+",1,"positive"
"prot__TraesCAD_scaffold_005570_01G000300","TraesCAD_scaffold_005570_01G000300","protein","C2-",2,"negative"
"prot__TraesCAD_scaffold_086754_01G000100","TraesCAD_scaffold_086754_01G000100","protein","C2-",2,"negative"
"prot__TraesCAD_scaffold_052553_01G000200","TraesCAD_scaffold_052553_01G000200","protein","C1+",1,"positive"
"prot__TraesCAD_scaffold_001925_01G000100","TraesCAD_scaffold_001925_01G000100","protein","C2-",2,"negative"
"prot__TraesCAD_scaffold_001941_01G000400","TraesCAD_scaffold_001941_01G000400","protein","C2-",2,"negative"
"prot__TraesCAD_scaffold_059484_01G000100","TraesCAD_scaffold_059484_01G000100","protein","C2-",2,"negative"
"prot__TraesCAD_scaffold_001948_01G000100","TraesCAD_scaffold_001948_01G000100","protein","C2-",2,"negative"
"prot__TraesCAD_scaffold_036380_01G000100","TraesCAD_scaffold_036380_01G000100","protein","C1-",1,"negative"
"prot__TraesCAD_scaffold_001967_01G000200","TraesCAD_scaffold_001967_01G000200","protein","C1-",1,"negative"
"prot__TraesCAD_scaffold_001969_01G000100","TraesCAD_scaffold_001969_01G000100","protein","C2-",2,"negative"
"prot__TraesCAD_scaffold_061570_01G000100","TraesCAD_scaffold_061570_01G000100","protein","C2-",2,"negative"
"prot__TraesCAD_scaffold_106536_01G000200","TraesCAD_scaffold_106536_01G000200","protein","C2+",2,"positive"
"prot__TraesCAD_scaffold_002033_01G000400","TraesCAD_scaffold_002033_01G000400","protein","C2-",2,"negative"
"prot__TraesCAD_scaffold_002034_01G000100","TraesCAD_scaffold_002034_01G000100","protein","C2-",2,"negative"
"prot__TraesCAD_scaffold_064473_01G000200","TraesCAD_scaffold_064473_01G000200","protein","C1-",1,"negative"
"prot__TraesCAD_scaffold_004760_01G000200","TraesCAD_scaffold_004760_01G000200","protein","C2+",2,"positive"
"prot__TraesCAD_scaffold_002042_01G000300","TraesCAD_scaffold_002042_01G000300","protein","C1-",1,"negative"
"prot__TraesCAD_scaffold_002047_01G000300","TraesCAD_scaffold_002047_01G000300","protein","C1+",1,"positive"
"prot__TraesCAD_scaffold_079577_01G000100","TraesCAD_scaffold_079577_01G000100","protein","C2-",2,"negative"
"prot__TraesCAD_scaffold_002060_01G000100","TraesCAD_scaffold_002060_01G000100","protein","C2-",2,"negative"
"prot__TraesCAD_scaffold_087443_01G000100","TraesCAD_scaffold_087443_01G000100","protein","C1+",1,"positive"
"prot__TraesCAD_scaffold_002084_01G000400","TraesCAD_scaffold_002084_01G000400","protein","C2-",2,"negative"
"prot__TraesCAD_scaffold_002084_01G001000","TraesCAD_scaffold_002084_01G001000","protein","C1-",1,"negative"
"prot__TraesCAD_scaffold_017793_01G000100","TraesCAD_scaffold_017793_01G000100","protein","C2-",2,"negative"
"prot__TraesCAD_scaffold_043009_01G000200","TraesCAD_scaffold_043009_01G000200","protein","C2-",2,"negative"
"prot__TraesCAD_scaffold_059373_01G000100","TraesCAD_scaffold_059373_01G000100","protein","C1+",1,"positive"
"prot__TraesCAD_scaffold_002095_01G000100","TraesCAD_scaffold_002095_01G000100","protein","C2-",2,"negative"
"prot__TraesCAD_scaffold_016685_01G000300","TraesCAD_scaffold_016685_01G000300","protein","C1+",1,"positive"
"prot__TraesCAD_scaffold_101856_01G000200","TraesCAD_scaffold_101856_01G000200","protein","C1-",1,"negative"
"prot__TraesCAD_scaffold_009305_01G000100","TraesCAD_scaffold_009305_01G000100","protein","C1+",1,"positive"
"prot__TraesCAD_scaffold_062152_01G000200","TraesCAD_scaffold_062152_01G000200","protein","C2+",2,"positive"
"prot__TraesCAD_scaffold_089544_01G000100","TraesCAD_scaffold_089544_01G000100","protein","C2-",2,"negative"
"prot__TraesCAD_scaffold_008238_01G000100","TraesCAD_scaffold_008238_01G000100","protein","C2-",2,"negative"
"prot__TraesCAD_scaffold_002117_01G000100","TraesCAD_scaffold_002117_01G000100","protein","C1+",1,"positive"
"prot__TraesCAD_scaffold_073141_01G000200","TraesCAD_scaffold_073141_01G000200","protein","C1+",1,"positive"
"prot__TraesCAD_scaffold_002159_01G000400","TraesCAD_scaffold_002159_01G000400","protein","C2-",2,"negative"
"prot__TraesCAD_scaffold_002176_01G000400","TraesCAD_scaffold_002176_01G000400","protein","C1+",1,"positive"
"prot__TraesCAD_scaffold_002183_01G000300","TraesCAD_scaffold_002183_01G000300","protein","C1+",1,"positive"
"prot__TraesCAD_scaffold_002210_01G000400","TraesCAD_scaffold_002210_01G000400","protein","C1+",1,"positive"
"prot__TraesCAD_scaffold_002246_01G000100","TraesCAD_scaffold_002246_01G000100","protein","C2-",2,"negative"
"prot__TraesCAD_scaffold_002264_01G000100","TraesCAD_scaffold_002264_01G000100","protein","C2-",2,"negative"
"prot__TraesCAD_scaffold_002277_01G000200","TraesCAD_scaffold_002277_01G000200","protein","C1+",1,"positive"
"prot__TraesCAD_scaffold_073524_01G000100","TraesCAD_scaffold_073524_01G000100","protein","C2-",2,"negative"
"prot__TraesCAD_scaffold_002277_01G000400","TraesCAD_scaffold_002277_01G000400","protein","C2-",2,"negative"
"prot__TraesCAD_scaffold_002290_01G000100","TraesCAD_scaffold_002290_01G000100","protein","C1-",1,"negative"
"prot__TraesCAD_scaffold_054211_01G000200","TraesCAD_scaffold_054211_01G000200","protein","C1-",1,"negative"
"prot__TraesCAD_scaffold_002334_01G000200","TraesCAD_scaffold_002334_01G000200","protein","C2-",2,"negative"
"prot__TraesCAD_scaffold_153933_01G000100","TraesCAD_scaffold_153933_01G000100","protein","C2+",2,"positive"
"prot__TraesCAD_scaffold_002353_01G000300","TraesCAD_scaffold_002353_01G000300","protein","C1-",1,"negative"
"prot__TraesCAD_scaffold_069421_01G000100","TraesCAD_scaffold_069421_01G000100","protein","C2-",2,"negative"
"prot__TraesCAD_scaffold_002361_01G000200","TraesCAD_scaffold_002361_01G000200","protein","C1-",1,"negative"
"prot__TraesCAD_scaffold_002362_01G000700","TraesCAD_scaffold_002362_01G000700","protein","C2-",2,"negative"
"prot__TraesCAD_scaffold_009544_01G000400","TraesCAD_scaffold_009544_01G000400","protein","C1-",1,"negative"
"prot__TraesCAD_scaffold_076119_01G000100","TraesCAD_scaffold_076119_01G000100","protein","C1+",1,"positive"
"prot__TraesCAD_scaffold_002386_01G000500","TraesCAD_scaffold_002386_01G000500","protein","C1+",1,"positive"
"prot__TraesCAD_scaffold_053810_01G000300","TraesCAD_scaffold_053810_01G000300","protein","C1+",1,"positive"
"prot__TraesCAD_scaffold_047639_01G000100","TraesCAD_scaffold_047639_01G000100","protein","C1+",1,"positive"
"prot__TraesCAD_scaffold_002407_01G000100","TraesCAD_scaffold_002407_01G000100","protein","C1+",1,"positive"
"prot__TraesCAD_scaffold_002412_01G000900","TraesCAD_scaffold_002412_01G000900","protein","C1+",1,"positive"
"prot__TraesCAD_scaffold_028274_01G000100","TraesCAD_scaffold_028274_01G000100","protein","C1-",1,"negative"
"prot__TraesCAD_scaffold_065401_01G000100","TraesCAD_scaffold_065401_01G000100","protein","C1-",1,"negative"
"prot__TraesCAD_scaffold_002446_01G000100","TraesCAD_scaffold_002446_01G000100","protein","C2-",2,"negative"
"prot__TraesCAD_scaffold_035606_01G000100","TraesCAD_scaffold_035606_01G000100","protein","C1-",1,"negative"
"prot__TraesCAD_scaffold_047450_01G000700","TraesCAD_scaffold_047450_01G000700","protein","C2-",2,"negative"
"prot__TraesCAD_scaffold_002471_01G000300","TraesCAD_scaffold_002471_01G000300","protein","C2-",2,"negative"
"prot__TraesCAD_scaffold_002482_01G000300","TraesCAD_scaffold_002482_01G000300","protein","C1-",1,"negative"
"prot__TraesCAD_scaffold_002482_01G000700","TraesCAD_scaffold_002482_01G000700","protein","C2+",2,"positive"
"prot__TraesCAD_scaffold_030040_01G000100","TraesCAD_scaffold_030040_01G000100","protein","C1-",1,"negative"
"prot__TraesCAD_scaffold_002486_01G000400","TraesCAD_scaffold_002486_01G000400","protein","C1+",1,"positive"
"prot__TraesCAD_scaffold_067463_01G000300","TraesCAD_scaffold_067463_01G000300","protein","C2-",2,"negative"
"prot__TraesCAD_scaffold_002505_01G000200","TraesCAD_scaffold_002505_01G000200","protein","C1-",1,"negative"
"prot__TraesCAD_scaffold_002546_01G000100","TraesCAD_scaffold_002546_01G000100","protein","C2-",2,"negative"
"prot__TraesCAD_scaffold_040371_01G000600","TraesCAD_scaffold_040371_01G000600","protein","C2-",2,"negative"
"prot__TraesCAD_scaffold_002585_01G000300","TraesCAD_scaffold_002585_01G000300","protein","C1-",1,"negative"
"prot__TraesCAD_scaffold_055692_01G000200","TraesCAD_scaffold_055692_01G000200","protein","C1+",1,"positive"
"prot__TraesCAD_scaffold_002606_01G000300","TraesCAD_scaffold_002606_01G000300","protein","C2-",2,"negative"
"prot__TraesCAD_scaffold_044575_01G000100","TraesCAD_scaffold_044575_01G000100","protein","C1-",1,"negative"
"prot__TraesCAD_scaffold_080146_01G000200","TraesCAD_scaffold_080146_01G000200","protein","C1-",1,"negative"
"prot__TraesCAD_scaffold_002615_01G000500","TraesCAD_scaffold_002615_01G000500","protein","C1+",1,"positive"
"prot__TraesCAD_scaffold_002643_01G000200","TraesCAD_scaffold_002643_01G000200","protein","C2-",2,"negative"
"prot__TraesCAD_scaffold_002645_01G000100","TraesCAD_scaffold_002645_01G000100","protein","C2-",2,"negative"
"prot__TraesCAD_scaffold_002646_01G000400","TraesCAD_scaffold_002646_01G000400","protein","C1+",1,"positive"
"prot__TraesCAD_scaffold_002646_01G000800","TraesCAD_scaffold_002646_01G000800","protein","C1+",1,"positive"
"prot__TraesCAD_scaffold_093886_01G000200","TraesCAD_scaffold_093886_01G000200","protein","C2-",2,"negative"
"prot__TraesCAD_scaffold_002657_01G000100","TraesCAD_scaffold_002657_01G000100","protein","C1+",1,"positive"
"prot__TraesCAD_scaffold_065016_01G000200","TraesCAD_scaffold_065016_01G000200","protein","C2-",2,"negative"
"prot__TraesCAD_scaffold_002663_01G000400","TraesCAD_scaffold_002663_01G000400","protein","C1-",1,"negative"
"prot__TraesCAD_scaffold_002665_01G000100","TraesCAD_scaffold_002665_01G000100","protein","C1-",1,"negative"
"prot__TraesCAD_scaffold_002683_01G000300","TraesCAD_scaffold_002683_01G000300","protein","C1+",1,"positive"
"prot__TraesCAD_scaffold_009831_01G000400","TraesCAD_scaffold_009831_01G000400","protein","C1-",1,"negative"
"prot__TraesCAD_scaffold_002693_01G000100","TraesCAD_scaffold_002693_01G000100","protein","C1+",1,"positive"
"prot__TraesCAD_scaffold_054902_01G000100","TraesCAD_scaffold_054902_01G000100","protein","C2+",2,"positive"
"prot__TraesCAD_scaffold_065915_01G000100","TraesCAD_scaffold_065915_01G000100","protein","C2+",2,"positive"
"prot__TraesCAD_scaffold_056885_01G000200","TraesCAD_scaffold_056885_01G000200","protein","C1+",1,"positive"
"prot__TraesCAD_scaffold_002724_01G000300","TraesCAD_scaffold_002724_01G000300","protein","C1+",1,"positive"
"prot__TraesCAD_scaffold_002728_01G000600","TraesCAD_scaffold_002728_01G000600","protein","C1+",1,"positive"
"prot__TraesCAD_scaffold_002742_01G000100","TraesCAD_scaffold_002742_01G000100","protein","C1+",1,"positive"
"prot__TraesCAD_scaffold_002758_01G000200","TraesCAD_scaffold_002758_01G000200","protein","C2+",2,"positive"
"prot__TraesCAD_scaffold_104817_01G000100","TraesCAD_scaffold_104817_01G000100","protein","C1+",1,"positive"
"prot__TraesCAD_scaffold_091158_01G000100","TraesCAD_scaffold_091158_01G000100","protein","C1-",1,"negative"
"prot__TraesCAD_scaffold_002773_01G000600","TraesCAD_scaffold_002773_01G000600","protein","C1-",1,"negative"
"prot__TraesCAD_scaffold_002795_01G000700","TraesCAD_scaffold_002795_01G000700","protein","C1+",1,"positive"
"prot__TraesCAD_scaffold_078103_01G000300","TraesCAD_scaffold_078103_01G000300","protein","C2-",2,"negative"
"prot__TraesCAD_scaffold_002817_01G000100","TraesCAD_scaffold_002817_01G000100","protein","C2+",2,"positive"
"prot__TraesCAD_scaffold_002823_01G000100","TraesCAD_scaffold_002823_01G000100","protein","C1+",1,"positive"
"prot__TraesCAD_scaffold_002823_01G000400","TraesCAD_scaffold_002823_01G000400","protein","C1+",1,"positive"
"prot__TraesCAD_scaffold_098846_01G000100","TraesCAD_scaffold_098846_01G000100","protein","C1+",1,"positive"
"prot__TraesCAD_scaffold_002853_01G000100","TraesCAD_scaffold_002853_01G000100","protein","C2-",2,"negative"
"prot__TraesCAD_scaffold_002869_01G000100","TraesCAD_scaffold_002869_01G000100","protein","C1+",1,"positive"
"prot__TraesCAD_scaffold_091672_01G000100","TraesCAD_scaffold_091672_01G000100","protein","C1+",1,"positive"
"prot__TraesCAD_scaffold_002883_01G000300","TraesCAD_scaffold_002883_01G000300","protein","C1+",1,"positive"
"prot__TraesCAD_scaffold_002886_01G000900","TraesCAD_scaffold_002886_01G000900","protein","C1+",1,"positive"
"prot__TraesCAD_scaffold_028213_01G000200","TraesCAD_scaffold_028213_01G000200","protein","C1+",1,"positive"
"prot__TraesCAD_scaffold_002907_01G000200","TraesCAD_scaffold_002907_01G000200","protein","C2-",2,"negative"
"prot__TraesCAD_scaffold_002908_01G000300","TraesCAD_scaffold_002908_01G000300","protein","C1+",1,"positive"
"prot__TraesCAD_scaffold_002911_01G000100","TraesCAD_scaffold_002911_01G000100","protein","C1+",1,"positive"
"prot__TraesCAD_scaffold_166582_01G000100","TraesCAD_scaffold_166582_01G000100","protein","C1+",1,"positive"
"prot__TraesCAD_scaffold_098819_01G000100","TraesCAD_scaffold_098819_01G000100","protein","C1+",1,"positive"
"prot__TraesCAD_scaffold_041772_01G000500","TraesCAD_scaffold_041772_01G000500","protein","C1-",1,"negative"
"prot__TraesCAD_scaffold_122124_01G000200","TraesCAD_scaffold_122124_01G000200","protein","C2+",2,"positive"
"prot__TraesCAD_scaffold_060096_01G000100","TraesCAD_scaffold_060096_01G000100","protein","C2-",2,"negative"
"prot__TraesCAD_scaffold_089936_01G000100","TraesCAD_scaffold_089936_01G000100","protein","C2+",2,"positive"
"prot__TraesCAD_scaffold_114516_01G000200","TraesCAD_scaffold_114516_01G000200","protein","C1+",1,"positive"
"prot__TraesCAD_scaffold_002955_01G001000","TraesCAD_scaffold_002955_01G001000","protein","C1+",1,"positive"
"prot__TraesCAD_scaffold_032808_01G000200","TraesCAD_scaffold_032808_01G000200","protein","C2-",2,"negative"
"prot__TraesCAD_scaffold_019181_01G001100","TraesCAD_scaffold_019181_01G001100","protein","C2-",2,"negative"
"prot__TraesCAD_scaffold_003021_01G000300","TraesCAD_scaffold_003021_01G000300","protein","C1-",1,"negative"
"prot__TraesCAD_scaffold_003022_01G000200","TraesCAD_scaffold_003022_01G000200","protein","C2-",2,"negative"
"prot__TraesCAD_scaffold_066975_01G000100","TraesCAD_scaffold_066975_01G000100","protein","C2-",2,"negative"
"prot__TraesCAD_scaffold_003046_01G000100","TraesCAD_scaffold_003046_01G000100","protein","C1-",1,"negative"
"prot__TraesCAD_scaffold_003051_01G000100","TraesCAD_scaffold_003051_01G000100","protein","C1+",1,"positive"
"prot__TraesCAD_scaffold_003053_01G000100","TraesCAD_scaffold_003053_01G000100","protein","C1+",1,"positive"
"prot__TraesCAD_scaffold_003054_01G000100","TraesCAD_scaffold_003054_01G000100","protein","C2-",2,"negative"
"prot__TraesCAD_scaffold_003054_01G000400","TraesCAD_scaffold_003054_01G000400","protein","C2-",2,"negative"
"prot__TraesCAD_scaffold_070874_01G000200","TraesCAD_scaffold_070874_01G000200","protein","C2-",2,"negative"
"prot__TraesCAD_scaffold_003092_01G000300","TraesCAD_scaffold_003092_01G000300","protein","C1+",1,"positive"
"prot__TraesCAD_scaffold_003094_01G000300","TraesCAD_scaffold_003094_01G000300","protein","C1-",1,"negative"
"prot__TraesCAD_scaffold_008288_01G000100","TraesCAD_scaffold_008288_01G000100","protein","C1-",1,"negative"
"prot__TraesCAD_scaffold_003127_01G000800","TraesCAD_scaffold_003127_01G000800","protein","C1+",1,"positive"
"prot__TraesCAD_scaffold_003128_01G000300","TraesCAD_scaffold_003128_01G000300","protein","C1-",1,"negative"
"prot__TraesCAD_scaffold_042158_01G000600","TraesCAD_scaffold_042158_01G000600","protein","C2-",2,"negative"
"prot__TraesCAD_scaffold_003131_01G000200","TraesCAD_scaffold_003131_01G000200","protein","C1+",1,"positive"
"prot__TraesCAD_scaffold_003132_01G000300","TraesCAD_scaffold_003132_01G000300","protein","C1+",1,"positive"
"prot__TraesCAD_scaffold_058561_01G000200","TraesCAD_scaffold_058561_01G000200","protein","C1+",1,"positive"
"prot__TraesCAD_scaffold_007639_01G000100","TraesCAD_scaffold_007639_01G000100","protein","C1-",1,"negative"
"prot__TraesCAD_scaffold_003176_01G000200","TraesCAD_scaffold_003176_01G000200","protein","C2-",2,"negative"
"prot__TraesCAD_scaffold_120988_01G000100","TraesCAD_scaffold_120988_01G000100","protein","C1+",1,"positive"
"prot__TraesCAD_scaffold_066579_01G000100","TraesCAD_scaffold_066579_01G000100","protein","C2+",2,"positive"
"prot__TraesCAD_scaffold_041589_01G000100","TraesCAD_scaffold_041589_01G000100","protein","C2-",2,"negative"
"prot__TraesCAD_scaffold_041589_01G000200","TraesCAD_scaffold_041589_01G000200","protein","C1+",1,"positive"
"prot__TraesCAD_scaffold_003225_01G000600","TraesCAD_scaffold_003225_01G000600","protein","C1-",1,"negative"
"prot__TraesCAD_scaffold_003232_01G000300","TraesCAD_scaffold_003232_01G000300","protein","C1+",1,"positive"
"prot__TraesCAD_scaffold_356718_01G000100","TraesCAD_scaffold_356718_01G000100","protein","C1+",1,"positive"
"prot__TraesCAD_scaffold_003246_01G000100","TraesCAD_scaffold_003246_01G000100","protein","C2+",2,"positive"
"prot__TraesCAD_scaffold_072888_01G000100","TraesCAD_scaffold_072888_01G000100","protein","C2-",2,"negative"
"prot__TraesCAD_scaffold_003263_01G000100","TraesCAD_scaffold_003263_01G000100","protein","C1+",1,"positive"
"prot__TraesCAD_scaffold_003263_01G000400","TraesCAD_scaffold_003263_01G000400","protein","C2-",2,"negative"
"prot__TraesCAD_scaffold_003269_01G000400","TraesCAD_scaffold_003269_01G000400","protein","C2-",2,"negative"
"prot__TraesCAD_scaffold_003270_01G000100","TraesCAD_scaffold_003270_01G000100","protein","C2+",2,"positive"
"prot__TraesCAD_scaffold_047086_01G000100","TraesCAD_scaffold_047086_01G000100","protein","C1-",1,"negative"
"prot__TraesCAD_scaffold_006571_01G000500","TraesCAD_scaffold_006571_01G000500","protein","C1-",1,"negative"
"prot__TraesCAD_scaffold_003324_01G000300","TraesCAD_scaffold_003324_01G000300","protein","C2-",2,"negative"
"prot__TraesCAD_scaffold_003324_01G000600","TraesCAD_scaffold_003324_01G000600","protein","C2-",2,"negative"
"prot__TraesCAD_scaffold_003357_01G000300","TraesCAD_scaffold_003357_01G000300","protein","C2-",2,"negative"
"prot__TraesCAD_scaffold_019928_01G000100","TraesCAD_scaffold_019928_01G000100","protein","C1+",1,"positive"
"prot__TraesCAD_scaffold_003364_01G000300","TraesCAD_scaffold_003364_01G000300","protein","C1+",1,"positive"
"prot__TraesCAD_scaffold_039032_01G000500","TraesCAD_scaffold_039032_01G000500","protein","C1-",1,"negative"
"prot__TraesCAD_scaffold_016229_01G000100","TraesCAD_scaffold_016229_01G000100","protein","C2-",2,"negative"
"prot__TraesCAD_scaffold_042379_01G000100","TraesCAD_scaffold_042379_01G000100","protein","C1+",1,"positive"
"prot__TraesCAD_scaffold_003397_01G000400","TraesCAD_scaffold_003397_01G000400","protein","C2-",2,"negative"
"prot__TraesCAD_scaffold_003410_01G000100","TraesCAD_scaffold_003410_01G000100","protein","C1+",1,"positive"
"prot__TraesCAD_scaffold_003410_01G000200","TraesCAD_scaffold_003410_01G000200","protein","C1-",1,"negative"
"prot__TraesCAD_scaffold_138099_01G000200","TraesCAD_scaffold_138099_01G000200","protein","C2-",2,"negative"
"prot__TraesCAD_scaffold_031466_01G000200","TraesCAD_scaffold_031466_01G000200","protein","C2-",2,"negative"
"prot__TraesCAD_scaffold_003422_01G000200","TraesCAD_scaffold_003422_01G000200","protein","C2-",2,"negative"
"prot__TraesCAD_scaffold_003433_01G000300","TraesCAD_scaffold_003433_01G000300","protein","C2-",2,"negative"
"prot__TraesCAD_scaffold_058981_01G000200","TraesCAD_scaffold_058981_01G000200","protein","C1+",1,"positive"
"prot__TraesCAD_scaffold_003466_01G000300","TraesCAD_scaffold_003466_01G000300","protein","C1+",1,"positive"
"prot__TraesCAD_scaffold_019880_01G000100","TraesCAD_scaffold_019880_01G000100","protein","C1+",1,"positive"
"prot__TraesCAD_scaffold_003485_01G000100","TraesCAD_scaffold_003485_01G000100","protein","C1-",1,"negative"
"prot__TraesCAD_scaffold_098523_01G000100","TraesCAD_scaffold_098523_01G000100","protein","C2-",2,"negative"
"prot__TraesCAD_scaffold_003510_01G000600","TraesCAD_scaffold_003510_01G000600","protein","C1+",1,"positive"
"prot__TraesCAD_scaffold_003519_01G000100","TraesCAD_scaffold_003519_01G000100","protein","C1-",1,"negative"
"prot__TraesCAD_scaffold_003528_01G000100","TraesCAD_scaffold_003528_01G000100","protein","C2-",2,"negative"
"prot__TraesCAD_scaffold_003530_01G000400","TraesCAD_scaffold_003530_01G000400","protein","C2-",2,"negative"
"prot__TraesCAD_scaffold_003535_01G000300","TraesCAD_scaffold_003535_01G000300","protein","C1+",1,"positive"
"prot__TraesCAD_scaffold_075408_01G000200","TraesCAD_scaffold_075408_01G000200","protein","C1-",1,"negative"
"prot__TraesCAD_scaffold_003560_01G000200","TraesCAD_scaffold_003560_01G000200","protein","C1+",1,"positive"
"prot__TraesCAD_scaffold_085022_01G000100","TraesCAD_scaffold_085022_01G000100","protein","C1+",1,"positive"
"prot__TraesCAD_scaffold_003570_01G000200","TraesCAD_scaffold_003570_01G000200","protein","C2-",2,"negative"
"prot__TraesCAD_scaffold_003580_01G001000","TraesCAD_scaffold_003580_01G001000","protein","C1-",1,"negative"
"prot__TraesCAD_scaffold_042782_01G000500","TraesCAD_scaffold_042782_01G000500","protein","C2-",2,"negative"
"prot__TraesCAD_scaffold_059059_01G000200","TraesCAD_scaffold_059059_01G000200","protein","C2-",2,"negative"
"prot__TraesCAD_scaffold_003610_01G000600","TraesCAD_scaffold_003610_01G000600","protein","C1-",1,"negative"
"prot__TraesCAD_scaffold_003611_01G000200","TraesCAD_scaffold_003611_01G000200","protein","C1+",1,"positive"
"prot__TraesCAD_scaffold_003611_01G000500","TraesCAD_scaffold_003611_01G000500","protein","C2-",2,"negative"
"prot__TraesCAD_scaffold_003614_01G000200","TraesCAD_scaffold_003614_01G000200","protein","C2-",2,"negative"
"prot__TraesCAD_scaffold_003624_01G000100","TraesCAD_scaffold_003624_01G000100","protein","C2-",2,"negative"
"prot__TraesCAD_scaffold_003635_01G000400","TraesCAD_scaffold_003635_01G000400","protein","C1+",1,"positive"
"prot__TraesCAD_scaffold_003641_01G000100","TraesCAD_scaffold_003641_01G000100","protein","C2-",2,"negative"
"prot__TraesCAD_scaffold_003668_01G000100","TraesCAD_scaffold_003668_01G000100","protein","C1-",1,"negative"
"prot__TraesCAD_scaffold_097600_01G000200","TraesCAD_scaffold_097600_01G000200","protein","C2-",2,"negative"
"prot__TraesCAD_scaffold_062697_01G000100","TraesCAD_scaffold_062697_01G000100","protein","C2-",2,"negative"
"prot__TraesCAD_scaffold_003694_01G000100","TraesCAD_scaffold_003694_01G000100","protein","C2-",2,"negative"
"prot__TraesCAD_scaffold_003695_01G000100","TraesCAD_scaffold_003695_01G000100","protein","C1-",1,"negative"
"prot__TraesCAD_scaffold_012741_01G000100","TraesCAD_scaffold_012741_01G000100","protein","C1-",1,"negative"
"prot__TraesCAD_scaffold_003721_01G000100","TraesCAD_scaffold_003721_01G000100","protein","C1-",1,"negative"
"prot__TraesCAD_scaffold_030526_01G000400","TraesCAD_scaffold_030526_01G000400","protein","C1+",1,"positive"
"prot__TraesCAD_scaffold_095177_01G000100","TraesCAD_scaffold_095177_01G000100","protein","C2-",2,"negative"
"prot__TraesCAD_scaffold_082647_01G000200","TraesCAD_scaffold_082647_01G000200","protein","C1+",1,"positive"
"prot__TraesCAD_scaffold_003747_01G000700","TraesCAD_scaffold_003747_01G000700","protein","C1-",1,"negative"
"prot__TraesCAD_scaffold_146440_01G000200","TraesCAD_scaffold_146440_01G000200","protein","C2+",2,"positive"
"prot__TraesCAD_scaffold_003773_01G000300","TraesCAD_scaffold_003773_01G000300","protein","C1-",1,"negative"
"prot__TraesCAD_scaffold_003808_01G000400","TraesCAD_scaffold_003808_01G000400","protein","C2-",2,"negative"
"prot__TraesCAD_scaffold_003822_01G000100","TraesCAD_scaffold_003822_01G000100","protein","C1+",1,"positive"
"prot__TraesCAD_scaffold_003824_01G000100","TraesCAD_scaffold_003824_01G000100","protein","C1+",1,"positive"
"prot__TraesCAD_scaffold_003827_01G000200","TraesCAD_scaffold_003827_01G000200","protein","C1+",1,"positive"
"prot__TraesCAD_scaffold_005979_01G000200","TraesCAD_scaffold_005979_01G000200","protein","C2-",2,"negative"
"prot__TraesCAD_scaffold_003832_01G000600","TraesCAD_scaffold_003832_01G000600","protein","C2+",2,"positive"
"prot__TraesCAD_scaffold_003841_01G000100","TraesCAD_scaffold_003841_01G000100","protein","C1-",1,"negative"
"prot__TraesCAD_scaffold_041104_01G000200","TraesCAD_scaffold_041104_01G000200","protein","C1-",1,"negative"
"prot__TraesCAD_scaffold_003918_01G000100","TraesCAD_scaffold_003918_01G000100","protein","C1-",1,"negative"
"prot__TraesCAD_scaffold_003918_01G000200","TraesCAD_scaffold_003918_01G000200","protein","C2-",2,"negative"
"prot__TraesCAD_scaffold_003918_01G000800","TraesCAD_scaffold_003918_01G000800","protein","C1+",1,"positive"
"prot__TraesCAD_scaffold_003936_01G000400","TraesCAD_scaffold_003936_01G000400","protein","C1+",1,"positive"
"prot__TraesCAD_scaffold_037678_01G000100","TraesCAD_scaffold_037678_01G000100","protein","C1+",1,"positive"
"prot__TraesCAD_scaffold_060414_01G000100","TraesCAD_scaffold_060414_01G000100","protein","C1-",1,"negative"
"prot__TraesCAD_scaffold_003954_01G000100","TraesCAD_scaffold_003954_01G000100","protein","C2-",2,"negative"
"prot__TraesCAD_scaffold_003956_01G000800","TraesCAD_scaffold_003956_01G000800","protein","C1-",1,"negative"
"prot__TraesCAD_scaffold_003965_01G000600","TraesCAD_scaffold_003965_01G000600","protein","C2-",2,"negative"
"prot__TraesCAD_scaffold_116363_01G000200","TraesCAD_scaffold_116363_01G000200","protein","C1+",1,"positive"
"prot__TraesCAD_scaffold_075693_01G000200","TraesCAD_scaffold_075693_01G000200","protein","C2+",2,"positive"
"prot__TraesCAD_scaffold_004007_01G000700","TraesCAD_scaffold_004007_01G000700","protein","C1+",1,"positive"
"prot__TraesCAD_scaffold_038523_01G000100","TraesCAD_scaffold_038523_01G000100","protein","C1+",1,"positive"
"prot__TraesCAD_scaffold_004009_01G000200","TraesCAD_scaffold_004009_01G000200","protein","C1+",1,"positive"
"prot__TraesCAD_scaffold_083296_01G000100","TraesCAD_scaffold_083296_01G000100","protein","C1-",1,"negative"
"prot__TraesCAD_scaffold_004044_01G000100","TraesCAD_scaffold_004044_01G000100","protein","C2-",2,"negative"
"prot__TraesCAD_scaffold_004044_01G000600","TraesCAD_scaffold_004044_01G000600","protein","C2-",2,"negative"
"prot__TraesCAD_scaffold_004054_01G000200","TraesCAD_scaffold_004054_01G000200","protein","C1-",1,"negative"
"prot__TraesCAD_scaffold_004054_01G000300","TraesCAD_scaffold_004054_01G000300","protein","C1-",1,"negative"
"prot__TraesCAD_scaffold_004055_01G000200","TraesCAD_scaffold_004055_01G000200","protein","C2-",2,"negative"
"prot__TraesCAD_scaffold_087963_01G000200","TraesCAD_scaffold_087963_01G000200","protein","C2-",2,"negative"
"prot__TraesCAD_scaffold_004067_01G000300","TraesCAD_scaffold_004067_01G000300","protein","C1-",1,"negative"
"prot__TraesCAD_scaffold_031460_01G000100","TraesCAD_scaffold_031460_01G000100","protein","C2+",2,"positive"
"prot__TraesCAD_scaffold_094225_01G000200","TraesCAD_scaffold_094225_01G000200","protein","C2-",2,"negative"
"prot__TraesCAD_scaffold_013452_01G000200","TraesCAD_scaffold_013452_01G000200","protein","C1-",1,"negative"
"prot__TraesCAD_scaffold_004113_01G000200","TraesCAD_scaffold_004113_01G000200","protein","C2-",2,"negative"
"prot__TraesCAD_scaffold_108370_01G000100","TraesCAD_scaffold_108370_01G000100","protein","C1+",1,"positive"
"prot__TraesCAD_scaffold_150429_01G000100","TraesCAD_scaffold_150429_01G000100","protein","C1-",1,"negative"
"prot__TraesCAD_scaffold_004176_01G000200","TraesCAD_scaffold_004176_01G000200","protein","C2-",2,"negative"
"prot__TraesCAD_scaffold_004176_01G000400","TraesCAD_scaffold_004176_01G000400","protein","C1+",1,"positive"
"prot__TraesCAD_scaffold_004223_01G000400","TraesCAD_scaffold_004223_01G000400","protein","C2-",2,"negative"
"prot__TraesCAD_scaffold_053057_01G000100","TraesCAD_scaffold_053057_01G000100","protein","C2-",2,"negative"
"prot__TraesCAD_scaffold_004264_01G000300","TraesCAD_scaffold_004264_01G000300","protein","C2-",2,"negative"
"prot__TraesCAD_scaffold_004273_01G000100","TraesCAD_scaffold_004273_01G000100","protein","C2-",2,"negative"
"prot__TraesCAD_scaffold_022870_01G000100","TraesCAD_scaffold_022870_01G000100","protein","C2-",2,"negative"
"prot__TraesCAD_scaffold_004294_01G000600","TraesCAD_scaffold_004294_01G000600","protein","C1-",1,"negative"
"prot__TraesCAD_scaffold_004301_01G000200","TraesCAD_scaffold_004301_01G000200","protein","C2-",2,"negative"
"prot__TraesCAD_scaffold_004305_01G000400","TraesCAD_scaffold_004305_01G000400","protein","C2+",2,"positive"
"prot__TraesCAD_scaffold_004315_01G000100","TraesCAD_scaffold_004315_01G000100","protein","C1+",1,"positive"
"prot__TraesCAD_scaffold_077664_01G000100","TraesCAD_scaffold_077664_01G000100","protein","C1-",1,"negative"
"prot__TraesCAD_scaffold_004421_01G000200","TraesCAD_scaffold_004421_01G000200","protein","C1-",1,"negative"
"prot__TraesCAD_scaffold_049256_01G000400","TraesCAD_scaffold_049256_01G000400","protein","C1+",1,"positive"
"prot__TraesCAD_scaffold_059080_01G000200","TraesCAD_scaffold_059080_01G000200","protein","C1-",1,"negative"
"prot__TraesCAD_scaffold_006974_01G000200","TraesCAD_scaffold_006974_01G000200","protein","C2-",2,"negative"
"prot__TraesCAD_scaffold_004463_01G000400","TraesCAD_scaffold_004463_01G000400","protein","C1+",1,"positive"
"prot__TraesCAD_scaffold_073374_01G000100","TraesCAD_scaffold_073374_01G000100","protein","C1-",1,"negative"
"prot__TraesCAD_scaffold_004475_01G001000","TraesCAD_scaffold_004475_01G001000","protein","C1+",1,"positive"
"prot__TraesCAD_scaffold_004477_01G000500","TraesCAD_scaffold_004477_01G000500","protein","C1-",1,"negative"
"prot__TraesCAD_scaffold_004491_01G000100","TraesCAD_scaffold_004491_01G000100","protein","C2-",2,"negative"
"prot__TraesCAD_scaffold_004515_01G000100","TraesCAD_scaffold_004515_01G000100","protein","C2-",2,"negative"
"prot__TraesCAD_scaffold_025513_01G000300","TraesCAD_scaffold_025513_01G000300","protein","C1-",1,"negative"
"prot__TraesCAD_scaffold_094530_01G000100","TraesCAD_scaffold_094530_01G000100","protein","C1+",1,"positive"
"prot__TraesCAD_scaffold_004563_01G000100","TraesCAD_scaffold_004563_01G000100","protein","C1+",1,"positive"
"prot__TraesCAD_scaffold_047826_01G000100","TraesCAD_scaffold_047826_01G000100","protein","C1-",1,"negative"
"prot__TraesCAD_scaffold_004576_01G000400","TraesCAD_scaffold_004576_01G000400","protein","C1+",1,"positive"
"prot__TraesCAD_scaffold_094956_01G000200","TraesCAD_scaffold_094956_01G000200","protein","C2-",2,"negative"
"prot__TraesCAD_scaffold_103866_01G000200","TraesCAD_scaffold_103866_01G000200","protein","C1+",1,"positive"
"prot__TraesCAD_scaffold_065054_01G000100","TraesCAD_scaffold_065054_01G000100","protein","C2-",2,"negative"
"prot__TraesCAD_scaffold_050852_01G000200","TraesCAD_scaffold_050852_01G000200","protein","C1+",1,"positive"
"prot__TraesCAD_scaffold_009030_01G000600","TraesCAD_scaffold_009030_01G000600","protein","C1-",1,"negative"
"prot__TraesCAD_scaffold_023448_01G000400","TraesCAD_scaffold_023448_01G000400","protein","C2+",2,"positive"
"prot__TraesCAD_scaffold_004667_01G000500","TraesCAD_scaffold_004667_01G000500","protein","C1-",1,"negative"
"prot__TraesCAD_scaffold_112748_01G000100","TraesCAD_scaffold_112748_01G000100","protein","C1-",1,"negative"
"prot__TraesCAD_scaffold_004680_01G000100","TraesCAD_scaffold_004680_01G000100","protein","C2-",2,"negative"
"prot__TraesCAD_scaffold_108091_01G000100","TraesCAD_scaffold_108091_01G000100","protein","C2-",2,"negative"
"prot__TraesCAD_scaffold_004737_01G000300","TraesCAD_scaffold_004737_01G000300","protein","C1+",1,"positive"
"prot__TraesCAD_scaffold_055060_01G000200","TraesCAD_scaffold_055060_01G000200","protein","C2-",2,"negative"
"prot__TraesCAD_scaffold_004756_01G000100","TraesCAD_scaffold_004756_01G000100","protein","C1+",1,"positive"
"prot__TraesCAD_scaffold_027851_01G000300","TraesCAD_scaffold_027851_01G000300","protein","C2-",2,"negative"
"prot__TraesCAD_scaffold_004811_01G000100","TraesCAD_scaffold_004811_01G000100","protein","C2-",2,"negative"
"prot__TraesCAD_scaffold_004828_01G000400","TraesCAD_scaffold_004828_01G000400","protein","C2-",2,"negative"
"prot__TraesCAD_scaffold_048785_01G000100","TraesCAD_scaffold_048785_01G000100","protein","C1-",1,"negative"
"prot__TraesCAD_scaffold_004867_01G000200","TraesCAD_scaffold_004867_01G000200","protein","C2-",2,"negative"
"prot__TraesCAD_scaffold_004913_01G000100","TraesCAD_scaffold_004913_01G000100","protein","C2-",2,"negative"
"prot__TraesCAD_scaffold_064014_01G000100","TraesCAD_scaffold_064014_01G000100","protein","C2+",2,"positive"
"prot__TraesCAD_scaffold_004914_01G000200","TraesCAD_scaffold_004914_01G000200","protein","C2-",2,"negative"
"prot__TraesCAD_scaffold_004916_01G000400","TraesCAD_scaffold_004916_01G000400","protein","C2+",2,"positive"
"prot__TraesCAD_scaffold_004916_01G000600","TraesCAD_scaffold_004916_01G000600","protein","C2-",2,"negative"
"prot__TraesCAD_scaffold_004936_01G000100","TraesCAD_scaffold_004936_01G000100","protein","C1-",1,"negative"
"prot__TraesCAD_scaffold_018088_01G000100","TraesCAD_scaffold_018088_01G000100","protein","C2-",2,"negative"
"prot__TraesCAD_scaffold_004944_01G000100","TraesCAD_scaffold_004944_01G000100","protein","C1-",1,"negative"
"prot__TraesCAD_scaffold_004953_01G000300","TraesCAD_scaffold_004953_01G000300","protein","C1-",1,"negative"
"prot__TraesCAD_scaffold_004967_01G001100","TraesCAD_scaffold_004967_01G001100","protein","C1+",1,"positive"
"prot__TraesCAD_scaffold_004968_01G000100","TraesCAD_scaffold_004968_01G000100","protein","C2+",2,"positive"
"prot__TraesCAD_scaffold_004985_01G000300","TraesCAD_scaffold_004985_01G000300","protein","C2+",2,"positive"
"prot__TraesCAD_scaffold_004990_01G000100","TraesCAD_scaffold_004990_01G000100","protein","C2-",2,"negative"
"prot__TraesCAD_scaffold_005014_01G000200","TraesCAD_scaffold_005014_01G000200","protein","C1+",1,"positive"
"prot__TraesCAD_scaffold_005017_01G000200","TraesCAD_scaffold_005017_01G000200","protein","C2-",2,"negative"
"prot__TraesCAD_scaffold_005023_01G000200","TraesCAD_scaffold_005023_01G000200","protein","C2-",2,"negative"
"prot__TraesCAD_scaffold_005027_01G000200","TraesCAD_scaffold_005027_01G000200","protein","C2-",2,"negative"
"prot__TraesCAD_scaffold_005029_01G000100","TraesCAD_scaffold_005029_01G000100","protein","C2-",2,"negative"
"prot__TraesCAD_scaffold_005066_01G000200","TraesCAD_scaffold_005066_01G000200","protein","C1+",1,"positive"
"prot__TraesCAD_scaffold_128201_01G000100","TraesCAD_scaffold_128201_01G000100","protein","C1-",1,"negative"
"prot__TraesCAD_scaffold_057686_01G000100","TraesCAD_scaffold_057686_01G000100","protein","C1-",1,"negative"
"prot__TraesCAD_scaffold_005129_01G000200","TraesCAD_scaffold_005129_01G000200","protein","C1+",1,"positive"
"prot__TraesCAD_scaffold_005139_01G000100","TraesCAD_scaffold_005139_01G000100","protein","C1+",1,"positive"
"prot__TraesCAD_scaffold_005155_01G000500","TraesCAD_scaffold_005155_01G000500","protein","C2-",2,"negative"
"prot__TraesCAD_scaffold_005166_01G000300","TraesCAD_scaffold_005166_01G000300","protein","C1-",1,"negative"
"prot__TraesCAD_scaffold_005194_01G000200","TraesCAD_scaffold_005194_01G000200","protein","C1-",1,"negative"
"prot__TraesCAD_scaffold_005197_01G000300","TraesCAD_scaffold_005197_01G000300","protein","C2-",2,"negative"
"prot__TraesCAD_scaffold_005235_01G000100","TraesCAD_scaffold_005235_01G000100","protein","C2-",2,"negative"
"prot__TraesCAD_scaffold_005267_01G000300","TraesCAD_scaffold_005267_01G000300","protein","C2-",2,"negative"
"prot__TraesCAD_scaffold_005277_01G000100","TraesCAD_scaffold_005277_01G000100","protein","C2+",2,"positive"
"prot__TraesCAD_scaffold_005282_01G000300","TraesCAD_scaffold_005282_01G000300","protein","C1+",1,"positive"
"prot__TraesCAD_scaffold_005286_01G000100","TraesCAD_scaffold_005286_01G000100","protein","C2-",2,"negative"
"prot__TraesCAD_scaffold_005294_01G000300","TraesCAD_scaffold_005294_01G000300","protein","C1+",1,"positive"
"prot__TraesCAD_scaffold_005297_01G000200","TraesCAD_scaffold_005297_01G000200","protein","C1+",1,"positive"
"prot__TraesCAD_scaffold_062137_01G000100","TraesCAD_scaffold_062137_01G000100","protein","C2-",2,"negative"
"prot__TraesCAD_scaffold_058146_01G000200","TraesCAD_scaffold_058146_01G000200","protein","C2-",2,"negative"
"prot__TraesCAD_scaffold_005321_01G000100","TraesCAD_scaffold_005321_01G000100","protein","C1+",1,"positive"
"prot__TraesCAD_scaffold_005326_01G000200","TraesCAD_scaffold_005326_01G000200","protein","C1+",1,"positive"
"prot__TraesCAD_scaffold_005346_01G000100","TraesCAD_scaffold_005346_01G000100","protein","C1+",1,"positive"
"prot__TraesCAD_scaffold_005347_01G000300","TraesCAD_scaffold_005347_01G000300","protein","C2-",2,"negative"
"prot__TraesCAD_scaffold_066057_01G000400","TraesCAD_scaffold_066057_01G000400","protein","C1+",1,"positive"
"prot__TraesCAD_scaffold_005351_01G000300","TraesCAD_scaffold_005351_01G000300","protein","C2-",2,"negative"
"prot__TraesCAD_scaffold_005358_01G000200","TraesCAD_scaffold_005358_01G000200","protein","C1+",1,"positive"
"prot__TraesCAD_scaffold_005369_01G000300","TraesCAD_scaffold_005369_01G000300","protein","C2-",2,"negative"
"prot__TraesCAD_scaffold_006981_01G000600","TraesCAD_scaffold_006981_01G000600","protein","C2-",2,"negative"
"prot__TraesCAD_scaffold_036510_01G000500","TraesCAD_scaffold_036510_01G000500","protein","C1+",1,"positive"
"prot__TraesCAD_scaffold_012095_01G000200","TraesCAD_scaffold_012095_01G000200","protein","C1-",1,"negative"
"prot__TraesCAD_scaffold_066394_01G000100","TraesCAD_scaffold_066394_01G000100","protein","C1-",1,"negative"
"prot__TraesCAD_scaffold_019431_01G000200","TraesCAD_scaffold_019431_01G000200","protein","C1+",1,"positive"
"prot__TraesCAD_scaffold_005404_01G000300","TraesCAD_scaffold_005404_01G000300","protein","C1-",1,"negative"
"prot__TraesCAD_scaffold_005412_01G000600","TraesCAD_scaffold_005412_01G000600","protein","C2+",2,"positive"
"prot__TraesCAD_scaffold_005419_01G000500","TraesCAD_scaffold_005419_01G000500","protein","C2-",2,"negative"
"prot__TraesCAD_scaffold_005419_01G000600","TraesCAD_scaffold_005419_01G000600","protein","C1+",1,"positive"
"prot__TraesCAD_scaffold_005426_01G000300","TraesCAD_scaffold_005426_01G000300","protein","C1-",1,"negative"
"prot__TraesCAD_scaffold_005428_01G000100","TraesCAD_scaffold_005428_01G000100","protein","C1+",1,"positive"
"prot__TraesCAD_scaffold_005432_01G001100","TraesCAD_scaffold_005432_01G001100","protein","C1+",1,"positive"
"prot__TraesCAD_scaffold_085730_01G000200","TraesCAD_scaffold_085730_01G000200","protein","C1+",1,"positive"
"prot__TraesCAD_scaffold_079912_01G000100","TraesCAD_scaffold_079912_01G000100","protein","C1-",1,"negative"
"prot__TraesCAD_scaffold_005467_01G000200","TraesCAD_scaffold_005467_01G000200","protein","C1+",1,"positive"
"prot__TraesCAD_scaffold_005469_01G000200","TraesCAD_scaffold_005469_01G000200","protein","C1-",1,"negative"
"prot__TraesCAD_scaffold_100614_01G000300","TraesCAD_scaffold_100614_01G000300","protein","C2-",2,"negative"
"prot__TraesCAD_scaffold_005502_01G000300","TraesCAD_scaffold_005502_01G000300","protein","C2+",2,"positive"
"prot__TraesCAD_scaffold_005522_01G000300","TraesCAD_scaffold_005522_01G000300","protein","C1+",1,"positive"
"prot__TraesCAD_scaffold_005532_01G000100","TraesCAD_scaffold_005532_01G000100","protein","C2-",2,"negative"
"prot__TraesCAD_scaffold_005551_01G000100","TraesCAD_scaffold_005551_01G000100","protein","C2-",2,"negative"
"prot__TraesCAD_scaffold_090670_01G000100","TraesCAD_scaffold_090670_01G000100","protein","C2-",2,"negative"
"prot__TraesCAD_scaffold_005590_01G000100","TraesCAD_scaffold_005590_01G000100","protein","C2-",2,"negative"
"prot__TraesCAD_scaffold_091054_01G000200","TraesCAD_scaffold_091054_01G000200","protein","C1-",1,"negative"
"prot__TraesCAD_scaffold_008267_01G000600","TraesCAD_scaffold_008267_01G000600","protein","C1+",1,"positive"
"prot__TraesCAD_scaffold_005666_01G000100","TraesCAD_scaffold_005666_01G000100","protein","C1-",1,"negative"
"prot__TraesCAD_scaffold_005667_01G000800","TraesCAD_scaffold_005667_01G000800","protein","C1-",1,"negative"
"prot__TraesCAD_scaffold_005670_01G000100","TraesCAD_scaffold_005670_01G000100","protein","C2+",2,"positive"
"prot__TraesCAD_scaffold_005705_01G000200","TraesCAD_scaffold_005705_01G000200","protein","C1+",1,"positive"
"prot__TraesCAD_scaffold_005734_01G000100","TraesCAD_scaffold_005734_01G000100","protein","C1+",1,"positive"
"prot__TraesCAD_scaffold_005760_01G000100","TraesCAD_scaffold_005760_01G000100","protein","C2-",2,"negative"
"prot__TraesCAD_scaffold_005761_01G000200","TraesCAD_scaffold_005761_01G000200","protein","C2-",2,"negative"
"prot__TraesCAD_scaffold_080279_01G000100","TraesCAD_scaffold_080279_01G000100","protein","C1-",1,"negative"
"prot__TraesCAD_scaffold_101310_01G000500","TraesCAD_scaffold_101310_01G000500","protein","C1+",1,"positive"
"prot__TraesCAD_scaffold_005776_01G000100","TraesCAD_scaffold_005776_01G000100","protein","C1+",1,"positive"
"prot__TraesCAD_scaffold_005789_01G000300","TraesCAD_scaffold_005789_01G000300","protein","C1+",1,"positive"
"prot__TraesCAD_scaffold_005794_01G000200","TraesCAD_scaffold_005794_01G000200","protein","C1-",1,"negative"
"prot__TraesCAD_scaffold_162585_01G000100","TraesCAD_scaffold_162585_01G000100","protein","C2-",2,"negative"
"prot__TraesCAD_scaffold_005860_01G000100","TraesCAD_scaffold_005860_01G000100","protein","C1+",1,"positive"
"prot__TraesCAD_scaffold_005899_01G001500","TraesCAD_scaffold_005899_01G001500","protein","C2-",2,"negative"
"prot__TraesCAD_scaffold_005899_01G001600","TraesCAD_scaffold_005899_01G001600","protein","C2+",2,"positive"
"prot__TraesCAD_scaffold_005906_01G000600","TraesCAD_scaffold_005906_01G000600","protein","C1-",1,"negative"
"prot__TraesCAD_scaffold_139552_01G000100","TraesCAD_scaffold_139552_01G000100","protein","C1-",1,"negative"
"prot__TraesCAD_scaffold_005929_01G000200","TraesCAD_scaffold_005929_01G000200","protein","C1+",1,"positive"
"prot__TraesCAD_scaffold_008449_01G000600","TraesCAD_scaffold_008449_01G000600","protein","C2-",2,"negative"
"prot__TraesCAD_scaffold_005937_01G000100","TraesCAD_scaffold_005937_01G000100","protein","C1-",1,"negative"
"prot__TraesCAD_scaffold_172053_01G000100","TraesCAD_scaffold_172053_01G000100","protein","C1-",1,"negative"
"prot__TraesCAD_scaffold_005969_01G000100","TraesCAD_scaffold_005969_01G000100","protein","C1+",1,"positive"
"prot__TraesCAD_scaffold_006017_01G000100","TraesCAD_scaffold_006017_01G000100","protein","C2-",2,"negative"
"prot__TraesCAD_scaffold_006018_01G000200","TraesCAD_scaffold_006018_01G000200","protein","C1+",1,"positive"
"prot__TraesCAD_scaffold_006023_01G000200","TraesCAD_scaffold_006023_01G000200","protein","C2-",2,"negative"
"prot__TraesCAD_scaffold_006026_01G000600","TraesCAD_scaffold_006026_01G000600","protein","C2-",2,"negative"
"prot__TraesCAD_scaffold_006030_01G000100","TraesCAD_scaffold_006030_01G000100","protein","C2-",2,"negative"
"prot__TraesCAD_scaffold_006049_01G000200","TraesCAD_scaffold_006049_01G000200","protein","C1+",1,"positive"
"prot__TraesCAD_scaffold_006087_01G000200","TraesCAD_scaffold_006087_01G000200","protein","C2-",2,"negative"
"prot__TraesCAD_scaffold_006087_01G000300","TraesCAD_scaffold_006087_01G000300","protein","C1+",1,"positive"
"prot__TraesCAD_scaffold_051660_01G000100","TraesCAD_scaffold_051660_01G000100","protein","C1-",1,"negative"
"prot__TraesCAD_scaffold_006110_01G000200","TraesCAD_scaffold_006110_01G000200","protein","C2-",2,"negative"
"prot__TraesCAD_scaffold_006116_01G000300","TraesCAD_scaffold_006116_01G000300","protein","C2-",2,"negative"
"prot__TraesCAD_scaffold_006121_01G000500","TraesCAD_scaffold_006121_01G000500","protein","C2-",2,"negative"
"prot__TraesCAD_scaffold_032187_01G000100","TraesCAD_scaffold_032187_01G000100","protein","C1+",1,"positive"
"prot__TraesCAD_scaffold_050300_01G000100","TraesCAD_scaffold_050300_01G000100","protein","C2-",2,"negative"
"prot__TraesCAD_scaffold_006208_01G000100","TraesCAD_scaffold_006208_01G000100","protein","C1+",1,"positive"
"prot__TraesCAD_scaffold_006222_01G000300","TraesCAD_scaffold_006222_01G000300","protein","C1-",1,"negative"
"prot__TraesCAD_scaffold_024921_01G000300","TraesCAD_scaffold_024921_01G000300","protein","C1-",1,"negative"
"prot__TraesCAD_scaffold_026490_01G000100","TraesCAD_scaffold_026490_01G000100","protein","C1+",1,"positive"
"prot__TraesCAD_scaffold_006281_01G000200","TraesCAD_scaffold_006281_01G000200","protein","C1+",1,"positive"
"prot__TraesCAD_scaffold_006297_01G000600","TraesCAD_scaffold_006297_01G000600","protein","C1+",1,"positive"
"prot__TraesCAD_scaffold_059857_01G000100","TraesCAD_scaffold_059857_01G000100","protein","C1-",1,"negative"
"prot__TraesCAD_scaffold_006333_01G000300","TraesCAD_scaffold_006333_01G000300","protein","C1+",1,"positive"
"prot__TraesCAD_scaffold_006356_01G000100","TraesCAD_scaffold_006356_01G000100","protein","C1+",1,"positive"
"prot__TraesCAD_scaffold_006375_01G000100","TraesCAD_scaffold_006375_01G000100","protein","C2-",2,"negative"
"prot__TraesCAD_scaffold_006376_01G000100","TraesCAD_scaffold_006376_01G000100","protein","C1+",1,"positive"
"prot__TraesCAD_scaffold_074860_01G000100","TraesCAD_scaffold_074860_01G000100","protein","C1+",1,"positive"
"prot__TraesCAD_scaffold_042854_01G000300","TraesCAD_scaffold_042854_01G000300","protein","C2-",2,"negative"
"prot__TraesCAD_scaffold_006412_01G000900","TraesCAD_scaffold_006412_01G000900","protein","C1-",1,"negative"
"prot__TraesCAD_scaffold_006415_01G000400","TraesCAD_scaffold_006415_01G000400","protein","C2-",2,"negative"
"prot__TraesCAD_scaffold_075907_01G000500","TraesCAD_scaffold_075907_01G000500","protein","C2-",2,"negative"
"prot__TraesCAD_scaffold_006428_01G000100","TraesCAD_scaffold_006428_01G000100","protein","C1+",1,"positive"
"prot__TraesCAD_scaffold_006468_01G000200","TraesCAD_scaffold_006468_01G000200","protein","C2-",2,"negative"
"prot__TraesCAD_scaffold_006468_01G000300","TraesCAD_scaffold_006468_01G000300","protein","C1+",1,"positive"
"prot__TraesCAD_scaffold_057347_01G000300","TraesCAD_scaffold_057347_01G000300","protein","C1+",1,"positive"
"prot__TraesCAD_scaffold_006470_01G000200","TraesCAD_scaffold_006470_01G000200","protein","C2+",2,"positive"
"prot__TraesCAD_scaffold_006479_01G000100","TraesCAD_scaffold_006479_01G000100","protein","C2-",2,"negative"
"prot__TraesCAD_scaffold_006481_01G000500","TraesCAD_scaffold_006481_01G000500","protein","C1+",1,"positive"
"prot__TraesCAD_scaffold_049622_01G000100","TraesCAD_scaffold_049622_01G000100","protein","C2-",2,"negative"
"prot__TraesCAD_scaffold_006505_01G000200","TraesCAD_scaffold_006505_01G000200","protein","C1-",1,"negative"
"prot__TraesCAD_scaffold_006510_01G000100","TraesCAD_scaffold_006510_01G000100","protein","C1+",1,"positive"
"prot__TraesCAD_scaffold_076791_01G000100","TraesCAD_scaffold_076791_01G000100","protein","C1+",1,"positive"
"prot__TraesCAD_scaffold_022770_01G000100","TraesCAD_scaffold_022770_01G000100","protein","C1-",1,"negative"
"prot__TraesCAD_scaffold_006543_01G000100","TraesCAD_scaffold_006543_01G000100","protein","C1+",1,"positive"
"prot__TraesCAD_scaffold_006546_01G000200","TraesCAD_scaffold_006546_01G000200","protein","C2-",2,"negative"
"prot__TraesCAD_scaffold_087381_01G000200","TraesCAD_scaffold_087381_01G000200","protein","C1+",1,"positive"
"prot__TraesCAD_scaffold_006571_01G000100","TraesCAD_scaffold_006571_01G000100","protein","C1+",1,"positive"
"prot__TraesCAD_scaffold_006571_01G000300","TraesCAD_scaffold_006571_01G000300","protein","C1-",1,"negative"
"prot__TraesCAD_scaffold_006571_01G001600","TraesCAD_scaffold_006571_01G001600","protein","C2-",2,"negative"
"prot__TraesCAD_scaffold_006579_01G000100","TraesCAD_scaffold_006579_01G000100","protein","C1-",1,"negative"
"prot__TraesCAD_scaffold_153674_01G000100","TraesCAD_scaffold_153674_01G000100","protein","C1-",1,"negative"
"prot__TraesCAD_scaffold_064264_01G000200","TraesCAD_scaffold_064264_01G000200","protein","C2+",2,"positive"
"prot__TraesCAD_scaffold_006663_01G000300","TraesCAD_scaffold_006663_01G000300","protein","C2-",2,"negative"
"prot__TraesCAD_scaffold_057176_01G000200","TraesCAD_scaffold_057176_01G000200","protein","C1-",1,"negative"
"prot__TraesCAD_scaffold_099546_01G000200","TraesCAD_scaffold_099546_01G000200","protein","C1+",1,"positive"
"prot__TraesCAD_scaffold_121972_01G000100","TraesCAD_scaffold_121972_01G000100","protein","C2-",2,"negative"
"prot__TraesCAD_scaffold_019556_01G000300","TraesCAD_scaffold_019556_01G000300","protein","C2-",2,"negative"
"prot__TraesCAD_scaffold_006725_01G001200","TraesCAD_scaffold_006725_01G001200","protein","C2+",2,"positive"
"prot__TraesCAD_scaffold_103373_01G000100","TraesCAD_scaffold_103373_01G000100","protein","C2-",2,"negative"
"prot__TraesCAD_scaffold_006756_01G000200","TraesCAD_scaffold_006756_01G000200","protein","C1+",1,"positive"
"prot__TraesCAD_scaffold_006769_01G000200","TraesCAD_scaffold_006769_01G000200","protein","C1-",1,"negative"
"prot__TraesCAD_scaffold_006770_01G000100","TraesCAD_scaffold_006770_01G000100","protein","C1+",1,"positive"
"prot__TraesCAD_scaffold_006774_01G000200","TraesCAD_scaffold_006774_01G000200","protein","C2-",2,"negative"
"prot__TraesCAD_scaffold_030173_01G000300","TraesCAD_scaffold_030173_01G000300","protein","C2-",2,"negative"
"prot__TraesCAD_scaffold_006777_01G000300","TraesCAD_scaffold_006777_01G000300","protein","C1+",1,"positive"
"prot__TraesCAD_scaffold_006789_01G000200","TraesCAD_scaffold_006789_01G000200","protein","C1-",1,"negative"
"prot__TraesCAD_scaffold_006809_01G000600","TraesCAD_scaffold_006809_01G000600","protein","C1+",1,"positive"
"prot__TraesCAD_scaffold_006815_01G000100","TraesCAD_scaffold_006815_01G000100","protein","C1-",1,"negative"
"prot__TraesCAD_scaffold_032757_01G000100","TraesCAD_scaffold_032757_01G000100","protein","C1+",1,"positive"
"prot__TraesCAD_scaffold_006833_01G000200","TraesCAD_scaffold_006833_01G000200","protein","C1+",1,"positive"
"prot__TraesCAD_scaffold_006849_01G000300","TraesCAD_scaffold_006849_01G000300","protein","C1-",1,"negative"
"prot__TraesCAD_scaffold_006886_01G000100","TraesCAD_scaffold_006886_01G000100","protein","C2-",2,"negative"
"prot__TraesCAD_scaffold_006911_01G000100","TraesCAD_scaffold_006911_01G000100","protein","C1-",1,"negative"
"prot__TraesCAD_scaffold_006913_01G000100","TraesCAD_scaffold_006913_01G000100","protein","C2+",2,"positive"
"prot__TraesCAD_scaffold_006921_01G000100","TraesCAD_scaffold_006921_01G000100","protein","C1-",1,"negative"
"prot__TraesCAD_scaffold_006924_01G000500","TraesCAD_scaffold_006924_01G000500","protein","C1+",1,"positive"
"prot__TraesCAD_scaffold_006934_01G000300","TraesCAD_scaffold_006934_01G000300","protein","C1-",1,"negative"
"prot__TraesCAD_scaffold_013707_01G000300","TraesCAD_scaffold_013707_01G000300","protein","C2-",2,"negative"
"prot__TraesCAD_scaffold_089632_01G000100","TraesCAD_scaffold_089632_01G000100","protein","C1+",1,"positive"
"prot__TraesCAD_scaffold_006987_01G000200","TraesCAD_scaffold_006987_01G000200","protein","C2-",2,"negative"
"prot__TraesCAD_scaffold_006991_01G000500","TraesCAD_scaffold_006991_01G000500","protein","C1-",1,"negative"
"prot__TraesCAD_scaffold_128615_01G000100","TraesCAD_scaffold_128615_01G000100","protein","C1-",1,"negative"
"prot__TraesCAD_scaffold_007001_01G000100","TraesCAD_scaffold_007001_01G000100","protein","C2-",2,"negative"
"prot__TraesCAD_scaffold_007022_01G000200","TraesCAD_scaffold_007022_01G000200","protein","C2-",2,"negative"
"prot__TraesCAD_scaffold_009065_01G000700","TraesCAD_scaffold_009065_01G000700","protein","C2+",2,"positive"
"prot__TraesCAD_scaffold_012072_01G000100","TraesCAD_scaffold_012072_01G000100","protein","C1+",1,"positive"
"prot__TraesCAD_scaffold_077669_01G000100","TraesCAD_scaffold_077669_01G000100","protein","C2-",2,"negative"
"prot__TraesCAD_scaffold_007038_01G000100","TraesCAD_scaffold_007038_01G000100","protein","C1+",1,"positive"
"prot__TraesCAD_scaffold_007045_01G000200","TraesCAD_scaffold_007045_01G000200","protein","C1+",1,"positive"
"prot__TraesCAD_scaffold_007127_01G000300","TraesCAD_scaffold_007127_01G000300","protein","C2+",2,"positive"
"prot__TraesCAD_scaffold_007135_01G000800","TraesCAD_scaffold_007135_01G000800","protein","C1-",1,"negative"
"prot__TraesCAD_scaffold_013478_01G000200","TraesCAD_scaffold_013478_01G000200","protein","C1+",1,"positive"
"prot__TraesCAD_scaffold_007143_01G000100","TraesCAD_scaffold_007143_01G000100","protein","C1+",1,"positive"
"prot__TraesCAD_scaffold_143741_01G000100","TraesCAD_scaffold_143741_01G000100","protein","C1+",1,"positive"
"prot__TraesCAD_scaffold_007152_01G000100","TraesCAD_scaffold_007152_01G000100","protein","C2+",2,"positive"
"prot__TraesCAD_scaffold_096353_01G000100","TraesCAD_scaffold_096353_01G000100","protein","C1-",1,"negative"
"prot__TraesCAD_scaffold_007159_01G000200","TraesCAD_scaffold_007159_01G000200","protein","C2-",2,"negative"
"prot__TraesCAD_scaffold_007193_01G000200","TraesCAD_scaffold_007193_01G000200","protein","C2-",2,"negative"
"prot__TraesCAD_scaffold_007193_01G000300","TraesCAD_scaffold_007193_01G000300","protein","C1-",1,"negative"
"prot__TraesCAD_scaffold_074757_01G000400","TraesCAD_scaffold_074757_01G000400","protein","C2-",2,"negative"
"prot__TraesCAD_scaffold_007206_01G001000","TraesCAD_scaffold_007206_01G001000","protein","C1-",1,"negative"
"prot__TraesCAD_scaffold_007210_01G000100","TraesCAD_scaffold_007210_01G000100","protein","C1-",1,"negative"
"prot__TraesCAD_scaffold_007210_01G000200","TraesCAD_scaffold_007210_01G000200","protein","C1-",1,"negative"
"prot__TraesCAD_scaffold_007225_01G000100","TraesCAD_scaffold_007225_01G000100","protein","C1+",1,"positive"
"prot__TraesCAD_scaffold_087313_01G000100","TraesCAD_scaffold_087313_01G000100","protein","C2+",2,"positive"
"prot__TraesCAD_scaffold_076289_01G000200","TraesCAD_scaffold_076289_01G000200","protein","C1-",1,"negative"
"prot__TraesCAD_scaffold_007250_01G000300","TraesCAD_scaffold_007250_01G000300","protein","C1+",1,"positive"
"prot__TraesCAD_scaffold_146832_01G000200","TraesCAD_scaffold_146832_01G000200","protein","C2-",2,"negative"
"prot__TraesCAD_scaffold_089501_01G000100","TraesCAD_scaffold_089501_01G000100","protein","C1-",1,"negative"
"prot__TraesCAD_scaffold_007328_01G000200","TraesCAD_scaffold_007328_01G000200","protein","C2+",2,"positive"
"prot__TraesCAD_scaffold_104813_01G000200","TraesCAD_scaffold_104813_01G000200","protein","C2-",2,"negative"
"prot__TraesCAD_scaffold_043395_01G000400","TraesCAD_scaffold_043395_01G000400","protein","C1+",1,"positive"
"prot__TraesCAD_scaffold_043395_01G000200","TraesCAD_scaffold_043395_01G000200","protein","C1+",1,"positive"
"prot__TraesCAD_scaffold_007352_01G001100","TraesCAD_scaffold_007352_01G001100","protein","C2-",2,"negative"
"prot__TraesCAD_scaffold_056392_01G000100","TraesCAD_scaffold_056392_01G000100","protein","C1+",1,"positive"
"prot__TraesCAD_scaffold_007369_01G000100","TraesCAD_scaffold_007369_01G000100","protein","C2-",2,"negative"
"prot__TraesCAD_scaffold_007371_01G000200","TraesCAD_scaffold_007371_01G000200","protein","C1-",1,"negative"
"prot__TraesCAD_scaffold_007380_01G000300","TraesCAD_scaffold_007380_01G000300","protein","C2-",2,"negative"
"prot__TraesCAD_scaffold_129601_01G000100","TraesCAD_scaffold_129601_01G000100","protein","C2-",2,"negative"
"prot__TraesCAD_scaffold_007388_01G000200","TraesCAD_scaffold_007388_01G000200","protein","C1-",1,"negative"
"prot__TraesCAD_scaffold_007393_01G000900","TraesCAD_scaffold_007393_01G000900","protein","C2-",2,"negative"
"prot__TraesCAD_scaffold_007395_01G000100","TraesCAD_scaffold_007395_01G000100","protein","C2-",2,"negative"
"prot__TraesCAD_scaffold_102536_01G000300","TraesCAD_scaffold_102536_01G000300","protein","C1+",1,"positive"
"prot__TraesCAD_scaffold_007406_01G000100","TraesCAD_scaffold_007406_01G000100","protein","C2-",2,"negative"
"prot__TraesCAD_scaffold_007439_01G000500","TraesCAD_scaffold_007439_01G000500","protein","C2-",2,"negative"
"prot__TraesCAD_scaffold_007449_01G000400","TraesCAD_scaffold_007449_01G000400","protein","C1+",1,"positive"
"prot__TraesCAD_scaffold_007449_01G000500","TraesCAD_scaffold_007449_01G000500","protein","C1+",1,"positive"
"prot__TraesCAD_scaffold_083388_01G000200","TraesCAD_scaffold_083388_01G000200","protein","C1-",1,"negative"
"prot__TraesCAD_scaffold_007459_01G000100","TraesCAD_scaffold_007459_01G000100","protein","C2-",2,"negative"
"prot__TraesCAD_scaffold_007481_01G000100","TraesCAD_scaffold_007481_01G000100","protein","C1+",1,"positive"
"prot__TraesCAD_scaffold_056380_01G000200","TraesCAD_scaffold_056380_01G000200","protein","C1+",1,"positive"
"prot__TraesCAD_scaffold_007511_01G000200","TraesCAD_scaffold_007511_01G000200","protein","C1+",1,"positive"
"prot__TraesCAD_scaffold_089458_01G000300","TraesCAD_scaffold_089458_01G000300","protein","C1+",1,"positive"
"prot__TraesCAD_scaffold_083112_01G000100","TraesCAD_scaffold_083112_01G000100","protein","C1+",1,"positive"
"prot__TraesCAD_scaffold_007537_01G000100","TraesCAD_scaffold_007537_01G000100","protein","C1-",1,"negative"
"prot__TraesCAD_scaffold_007547_01G000200","TraesCAD_scaffold_007547_01G000200","protein","C2-",2,"negative"
"prot__TraesCAD_scaffold_092281_01G000200","TraesCAD_scaffold_092281_01G000200","protein","C2+",2,"positive"
"prot__TraesCAD_scaffold_007562_01G000600","TraesCAD_scaffold_007562_01G000600","protein","C1+",1,"positive"
"prot__TraesCAD_scaffold_042804_01G000300","TraesCAD_scaffold_042804_01G000300","protein","C2-",2,"negative"
"prot__TraesCAD_scaffold_007568_01G000200","TraesCAD_scaffold_007568_01G000200","protein","C1+",1,"positive"
"prot__TraesCAD_scaffold_099762_01G000100","TraesCAD_scaffold_099762_01G000100","protein","C1+",1,"positive"
"prot__TraesCAD_scaffold_035947_01G000100","TraesCAD_scaffold_035947_01G000100","protein","C1+",1,"positive"
"prot__TraesCAD_scaffold_089151_01G000100","TraesCAD_scaffold_089151_01G000100","protein","C1+",1,"positive"
"prot__TraesCAD_scaffold_065918_01G000300","TraesCAD_scaffold_065918_01G000300","protein","C1-",1,"negative"
"prot__TraesCAD_scaffold_007647_01G000700","TraesCAD_scaffold_007647_01G000700","protein","C2-",2,"negative"
"prot__TraesCAD_scaffold_109667_01G000200","TraesCAD_scaffold_109667_01G000200","protein","C1+",1,"positive"
"prot__TraesCAD_scaffold_007721_01G000500","TraesCAD_scaffold_007721_01G000500","protein","C2-",2,"negative"
"prot__TraesCAD_scaffold_070049_01G000200","TraesCAD_scaffold_070049_01G000200","protein","C1-",1,"negative"
"prot__TraesCAD_scaffold_027921_01G000100","TraesCAD_scaffold_027921_01G000100","protein","C1-",1,"negative"
"prot__TraesCAD_scaffold_022510_01G000200","TraesCAD_scaffold_022510_01G000200","protein","C2-",2,"negative"
"prot__TraesCAD_scaffold_097265_01G000300","TraesCAD_scaffold_097265_01G000300","protein","C2-",2,"negative"
"prot__TraesCAD_scaffold_007826_01G000500","TraesCAD_scaffold_007826_01G000500","protein","C2-",2,"negative"
"prot__TraesCAD_scaffold_035052_01G000300","TraesCAD_scaffold_035052_01G000300","protein","C2-",2,"negative"
"prot__TraesCAD_scaffold_035052_01G000200","TraesCAD_scaffold_035052_01G000200","protein","C2-",2,"negative"
"prot__TraesCAD_scaffold_007850_01G000200","TraesCAD_scaffold_007850_01G000200","protein","C1+",1,"positive"
"prot__TraesCAD_scaffold_043967_01G000500","TraesCAD_scaffold_043967_01G000500","protein","C2-",2,"negative"
"prot__TraesCAD_scaffold_007854_01G000200","TraesCAD_scaffold_007854_01G000200","protein","C1+",1,"positive"
"prot__TraesCAD_scaffold_007866_01G000400","TraesCAD_scaffold_007866_01G000400","protein","C2+",2,"positive"
"prot__TraesCAD_scaffold_013209_01G000300","TraesCAD_scaffold_013209_01G000300","protein","C2+",2,"positive"
"prot__TraesCAD_scaffold_007903_01G000500","TraesCAD_scaffold_007903_01G000500","protein","C2-",2,"negative"
"prot__TraesCAD_scaffold_007911_01G000200","TraesCAD_scaffold_007911_01G000200","protein","C1+",1,"positive"
"prot__TraesCAD_scaffold_095222_01G000100","TraesCAD_scaffold_095222_01G000100","protein","C1+",1,"positive"
"prot__TraesCAD_scaffold_007932_01G000300","TraesCAD_scaffold_007932_01G000300","protein","C1+",1,"positive"
"prot__TraesCAD_scaffold_007943_01G000500","TraesCAD_scaffold_007943_01G000500","protein","C1-",1,"negative"
"prot__TraesCAD_scaffold_103829_01G000100","TraesCAD_scaffold_103829_01G000100","protein","C2-",2,"negative"
"prot__TraesCAD_scaffold_007980_01G000100","TraesCAD_scaffold_007980_01G000100","protein","C1+",1,"positive"
"prot__TraesCAD_scaffold_007982_01G000500","TraesCAD_scaffold_007982_01G000500","protein","C2-",2,"negative"
"prot__TraesCAD_scaffold_008032_01G000100","TraesCAD_scaffold_008032_01G000100","protein","C2-",2,"negative"
"prot__TraesCAD_scaffold_008032_01G000400","TraesCAD_scaffold_008032_01G000400","protein","C1-",1,"negative"
"prot__TraesCAD_scaffold_079580_01G000100","TraesCAD_scaffold_079580_01G000100","protein","C1-",1,"negative"
"prot__TraesCAD_scaffold_008059_01G000600","TraesCAD_scaffold_008059_01G000600","protein","C1-",1,"negative"
"prot__TraesCAD_scaffold_008068_01G000100","TraesCAD_scaffold_008068_01G000100","protein","C1+",1,"positive"
"prot__TraesCAD_scaffold_008074_01G000300","TraesCAD_scaffold_008074_01G000300","protein","C1+",1,"positive"
"prot__TraesCAD_scaffold_008106_01G000100","TraesCAD_scaffold_008106_01G000100","protein","C1+",1,"positive"
"prot__TraesCAD_scaffold_008172_01G000200","TraesCAD_scaffold_008172_01G000200","protein","C1+",1,"positive"
"prot__TraesCAD_scaffold_008172_01G000500","TraesCAD_scaffold_008172_01G000500","protein","C2+",2,"positive"
"prot__TraesCAD_scaffold_008208_01G000200","TraesCAD_scaffold_008208_01G000200","protein","C1-",1,"negative"
"prot__TraesCAD_scaffold_008237_01G000200","TraesCAD_scaffold_008237_01G000200","protein","C2+",2,"positive"
"prot__TraesCAD_scaffold_042821_01G000100","TraesCAD_scaffold_042821_01G000100","protein","C2-",2,"negative"
"prot__TraesCAD_scaffold_101567_01G000100","TraesCAD_scaffold_101567_01G000100","protein","C1-",1,"negative"
"prot__TraesCAD_scaffold_086368_01G000200","TraesCAD_scaffold_086368_01G000200","protein","C2-",2,"negative"
"prot__TraesCAD_scaffold_034179_01G000200","TraesCAD_scaffold_034179_01G000200","protein","C2-",2,"negative"
"prot__TraesCAD_scaffold_030470_01G000100","TraesCAD_scaffold_030470_01G000100","protein","C2-",2,"negative"
"prot__TraesCAD_scaffold_008274_01G000300","TraesCAD_scaffold_008274_01G000300","protein","C1+",1,"positive"
"prot__TraesCAD_scaffold_008279_01G000100","TraesCAD_scaffold_008279_01G000100","protein","C2-",2,"negative"
"prot__TraesCAD_scaffold_008284_01G000200","TraesCAD_scaffold_008284_01G000200","protein","C2-",2,"negative"
"prot__TraesCAD_scaffold_010042_01G000100","TraesCAD_scaffold_010042_01G000100","protein","C2-",2,"negative"
"prot__TraesCAD_scaffold_016817_01G000300","TraesCAD_scaffold_016817_01G000300","protein","C1+",1,"positive"
"prot__TraesCAD_scaffold_008300_01G000200","TraesCAD_scaffold_008300_01G000200","protein","C2-",2,"negative"
"prot__TraesCAD_scaffold_121707_01G000200","TraesCAD_scaffold_121707_01G000200","protein","C1+",1,"positive"
"prot__TraesCAD_scaffold_102775_01G000200","TraesCAD_scaffold_102775_01G000200","protein","C1-",1,"negative"
"prot__TraesCAD_scaffold_024006_01G000100","TraesCAD_scaffold_024006_01G000100","protein","C1+",1,"positive"
"prot__TraesCAD_scaffold_008337_01G000100","TraesCAD_scaffold_008337_01G000100","protein","C2-",2,"negative"
"prot__TraesCAD_scaffold_038789_01G000500","TraesCAD_scaffold_038789_01G000500","protein","C1+",1,"positive"
"prot__TraesCAD_scaffold_123001_01G000100","TraesCAD_scaffold_123001_01G000100","protein","C1+",1,"positive"
"prot__TraesCAD_scaffold_008366_01G000100","TraesCAD_scaffold_008366_01G000100","protein","C2-",2,"negative"
"prot__TraesCAD_scaffold_008372_01G000100","TraesCAD_scaffold_008372_01G000100","protein","C1-",1,"negative"
"prot__TraesCAD_scaffold_008386_01G000400","TraesCAD_scaffold_008386_01G000400","protein","C2+",2,"positive"
"prot__TraesCAD_scaffold_008402_01G000100","TraesCAD_scaffold_008402_01G000100","protein","C2-",2,"negative"
"prot__TraesCAD_scaffold_008421_01G000100","TraesCAD_scaffold_008421_01G000100","protein","C1+",1,"positive"
"prot__TraesCAD_scaffold_008425_01G000400","TraesCAD_scaffold_008425_01G000400","protein","C1+",1,"positive"
"prot__TraesCAD_scaffold_458666_01G000100","TraesCAD_scaffold_458666_01G000100","protein","C1+",1,"positive"
"prot__TraesCAD_scaffold_101579_01G000100","TraesCAD_scaffold_101579_01G000100","protein","C1-",1,"negative"
"prot__TraesCAD_scaffold_084976_01G000500","TraesCAD_scaffold_084976_01G000500","protein","C2-",2,"negative"
"prot__TraesCAD_scaffold_068791_01G000200","TraesCAD_scaffold_068791_01G000200","protein","C2-",2,"negative"
"prot__TraesCAD_scaffold_008508_01G000800","TraesCAD_scaffold_008508_01G000800","protein","C2-",2,"negative"
"prot__TraesCAD_scaffold_008522_01G000100","TraesCAD_scaffold_008522_01G000100","protein","C2-",2,"negative"
"prot__TraesCAD_scaffold_008540_01G000400","TraesCAD_scaffold_008540_01G000400","protein","C1+",1,"positive"
"prot__TraesCAD_scaffold_040864_01G000600","TraesCAD_scaffold_040864_01G000600","protein","C1+",1,"positive"
"prot__TraesCAD_scaffold_008542_01G000200","TraesCAD_scaffold_008542_01G000200","protein","C2-",2,"negative"
"prot__TraesCAD_scaffold_022355_01G000100","TraesCAD_scaffold_022355_01G000100","protein","C1+",1,"positive"
"prot__TraesCAD_scaffold_008592_01G000100","TraesCAD_scaffold_008592_01G000100","protein","C2+",2,"positive"
"prot__TraesCAD_scaffold_052752_01G000300","TraesCAD_scaffold_052752_01G000300","protein","C2-",2,"negative"
"prot__TraesCAD_scaffold_008622_01G000600","TraesCAD_scaffold_008622_01G000600","protein","C2+",2,"positive"
"prot__TraesCAD_scaffold_027463_01G000100","TraesCAD_scaffold_027463_01G000100","protein","C1+",1,"positive"
"prot__TraesCAD_scaffold_008634_01G000100","TraesCAD_scaffold_008634_01G000100","protein","C2-",2,"negative"
"prot__TraesCAD_scaffold_030600_01G000400","TraesCAD_scaffold_030600_01G000400","protein","C1-",1,"negative"
"prot__TraesCAD_scaffold_077861_01G000100","TraesCAD_scaffold_077861_01G000100","protein","C1+",1,"positive"
"prot__TraesCAD_scaffold_008675_01G000500","TraesCAD_scaffold_008675_01G000500","protein","C2-",2,"negative"
"prot__TraesCAD_scaffold_008676_01G000200","TraesCAD_scaffold_008676_01G000200","protein","C1-",1,"negative"
"prot__TraesCAD_scaffold_008704_01G000400","TraesCAD_scaffold_008704_01G000400","protein","C1-",1,"negative"
"prot__TraesCAD_scaffold_008707_01G000100","TraesCAD_scaffold_008707_01G000100","protein","C1-",1,"negative"
"prot__TraesCAD_scaffold_077182_01G000200","TraesCAD_scaffold_077182_01G000200","protein","C1-",1,"negative"
"prot__TraesCAD_scaffold_008737_01G000100","TraesCAD_scaffold_008737_01G000100","protein","C1-",1,"negative"
"prot__TraesCAD_scaffold_041847_01G000100","TraesCAD_scaffold_041847_01G000100","protein","C1-",1,"negative"
"prot__TraesCAD_scaffold_008745_01G000400","TraesCAD_scaffold_008745_01G000400","protein","C2-",2,"negative"
"prot__TraesCAD_scaffold_045393_01G000400","TraesCAD_scaffold_045393_01G000400","protein","C2-",2,"negative"
"prot__TraesCAD_scaffold_008745_01G000700","TraesCAD_scaffold_008745_01G000700","protein","C2-",2,"negative"
"prot__TraesCAD_scaffold_022058_01G000100","TraesCAD_scaffold_022058_01G000100","protein","C1+",1,"positive"
"prot__TraesCAD_scaffold_076765_01G000200","TraesCAD_scaffold_076765_01G000200","protein","C2-",2,"negative"
"prot__TraesCAD_scaffold_008767_01G000100","TraesCAD_scaffold_008767_01G000100","protein","C2-",2,"negative"
"prot__TraesCAD_scaffold_008772_01G000400","TraesCAD_scaffold_008772_01G000400","protein","C2-",2,"negative"
"prot__TraesCAD_scaffold_008772_01G000500","TraesCAD_scaffold_008772_01G000500","protein","C1+",1,"positive"
"prot__TraesCAD_scaffold_008792_01G000500","TraesCAD_scaffold_008792_01G000500","protein","C1-",1,"negative"
"prot__TraesCAD_scaffold_008792_01G000800","TraesCAD_scaffold_008792_01G000800","protein","C1-",1,"negative"
"prot__TraesCAD_scaffold_008802_01G000400","TraesCAD_scaffold_008802_01G000400","protein","C1+",1,"positive"
"prot__TraesCAD_scaffold_076975_01G000100","TraesCAD_scaffold_076975_01G000100","protein","C2-",2,"negative"
"prot__TraesCAD_scaffold_008832_01G001000","TraesCAD_scaffold_008832_01G001000","protein","C1-",1,"negative"
"prot__TraesCAD_scaffold_008860_01G000100","TraesCAD_scaffold_008860_01G000100","protein","C2-",2,"negative"
"prot__TraesCAD_scaffold_008862_01G000100","TraesCAD_scaffold_008862_01G000100","protein","C2+",2,"positive"
"prot__TraesCAD_scaffold_100666_01G000100","TraesCAD_scaffold_100666_01G000100","protein","C1+",1,"positive"
"prot__TraesCAD_scaffold_008884_01G000200","TraesCAD_scaffold_008884_01G000200","protein","C2-",2,"negative"
"prot__TraesCAD_scaffold_008889_01G000200","TraesCAD_scaffold_008889_01G000200","protein","C1+",1,"positive"
"prot__TraesCAD_scaffold_008896_01G000200","TraesCAD_scaffold_008896_01G000200","protein","C1-",1,"negative"
"prot__TraesCAD_scaffold_008898_01G000100","TraesCAD_scaffold_008898_01G000100","protein","C1-",1,"negative"
"prot__TraesCAD_scaffold_052189_01G000100","TraesCAD_scaffold_052189_01G000100","protein","C2-",2,"negative"
"prot__TraesCAD_scaffold_039491_01G000300","TraesCAD_scaffold_039491_01G000300","protein","C1+",1,"positive"
"prot__TraesCAD_scaffold_008923_01G000100","TraesCAD_scaffold_008923_01G000100","protein","C2-",2,"negative"
"prot__TraesCAD_scaffold_008923_01G000300","TraesCAD_scaffold_008923_01G000300","protein","C1+",1,"positive"
"prot__TraesCAD_scaffold_111685_01G000100","TraesCAD_scaffold_111685_01G000100","protein","C2-",2,"negative"
"prot__TraesCAD_scaffold_008954_01G000100","TraesCAD_scaffold_008954_01G000100","protein","C1-",1,"negative"
"prot__TraesCAD_scaffold_032351_01G000200","TraesCAD_scaffold_032351_01G000200","protein","C1+",1,"positive"
"prot__TraesCAD_scaffold_008999_01G000300","TraesCAD_scaffold_008999_01G000300","protein","C1-",1,"negative"
"prot__TraesCAD_scaffold_009007_01G000100","TraesCAD_scaffold_009007_01G000100","protein","C1+",1,"positive"
"prot__TraesCAD_scaffold_009007_01G000300","TraesCAD_scaffold_009007_01G000300","protein","C1+",1,"positive"
"prot__TraesCAD_scaffold_009011_01G000100","TraesCAD_scaffold_009011_01G000100","protein","C2-",2,"negative"
"prot__TraesCAD_scaffold_009021_01G000100","TraesCAD_scaffold_009021_01G000100","protein","C2-",2,"negative"
"prot__TraesCAD_scaffold_009023_01G000100","TraesCAD_scaffold_009023_01G000100","protein","C2-",2,"negative"
"prot__TraesCAD_scaffold_009023_01G000200","TraesCAD_scaffold_009023_01G000200","protein","C1-",1,"negative"
"prot__TraesCAD_scaffold_009028_01G000600","TraesCAD_scaffold_009028_01G000600","protein","C2-",2,"negative"
"prot__TraesCAD_scaffold_009052_01G000200","TraesCAD_scaffold_009052_01G000200","protein","C2-",2,"negative"
"prot__TraesCAD_scaffold_009054_01G000100","TraesCAD_scaffold_009054_01G000100","protein","C1-",1,"negative"
"prot__TraesCAD_scaffold_009086_01G000100","TraesCAD_scaffold_009086_01G000100","protein","C2-",2,"negative"
"prot__TraesCAD_scaffold_009095_01G000100","TraesCAD_scaffold_009095_01G000100","protein","C1+",1,"positive"
"prot__TraesCAD_scaffold_009097_01G000100","TraesCAD_scaffold_009097_01G000100","protein","C2-",2,"negative"
"prot__TraesCAD_scaffold_009101_01G000300","TraesCAD_scaffold_009101_01G000300","protein","C1+",1,"positive"
"prot__TraesCAD_scaffold_009123_01G000100","TraesCAD_scaffold_009123_01G000100","protein","C2-",2,"negative"
"prot__TraesCAD_scaffold_009125_01G000200","TraesCAD_scaffold_009125_01G000200","protein","C1-",1,"negative"
"prot__TraesCAD_scaffold_079260_01G000200","TraesCAD_scaffold_079260_01G000200","protein","C1+",1,"positive"
"prot__TraesCAD_scaffold_009145_01G000200","TraesCAD_scaffold_009145_01G000200","protein","C2-",2,"negative"
"prot__TraesCAD_scaffold_009148_01G000100","TraesCAD_scaffold_009148_01G000100","protein","C1+",1,"positive"
"prot__TraesCAD_scaffold_118718_01G000100","TraesCAD_scaffold_118718_01G000100","protein","C1+",1,"positive"
"prot__TraesCAD_scaffold_009181_01G000300","TraesCAD_scaffold_009181_01G000300","protein","C1+",1,"positive"
"prot__TraesCAD_scaffold_127753_01G000100","TraesCAD_scaffold_127753_01G000100","protein","C1+",1,"positive"
"prot__TraesCAD_scaffold_021069_01G000300","TraesCAD_scaffold_021069_01G000300","protein","C1-",1,"negative"
"prot__TraesCAD_scaffold_009249_01G000100","TraesCAD_scaffold_009249_01G000100","protein","C2-",2,"negative"
"prot__TraesCAD_scaffold_009264_01G000600","TraesCAD_scaffold_009264_01G000600","protein","C1+",1,"positive"
"prot__TraesCAD_scaffold_063128_01G000300","TraesCAD_scaffold_063128_01G000300","protein","C1+",1,"positive"
"prot__TraesCAD_scaffold_083917_01G000400","TraesCAD_scaffold_083917_01G000400","protein","C1+",1,"positive"
"prot__TraesCAD_scaffold_009287_01G000100","TraesCAD_scaffold_009287_01G000100","protein","C1+",1,"positive"
"prot__TraesCAD_scaffold_009291_01G000100","TraesCAD_scaffold_009291_01G000100","protein","C2-",2,"negative"
"prot__TraesCAD_scaffold_009293_01G000300","TraesCAD_scaffold_009293_01G000300","protein","C1+",1,"positive"
"prot__TraesCAD_scaffold_009296_01G000400","TraesCAD_scaffold_009296_01G000400","protein","C1-",1,"negative"
"prot__TraesCAD_scaffold_009303_01G000100","TraesCAD_scaffold_009303_01G000100","protein","C2-",2,"negative"
"prot__TraesCAD_scaffold_078194_01G000100","TraesCAD_scaffold_078194_01G000100","protein","C1+",1,"positive"
"prot__TraesCAD_scaffold_009352_01G000100","TraesCAD_scaffold_009352_01G000100","protein","C1+",1,"positive"
"prot__TraesCAD_scaffold_048965_01G000200","TraesCAD_scaffold_048965_01G000200","protein","C1+",1,"positive"
"prot__TraesCAD_scaffold_115222_01G000200","TraesCAD_scaffold_115222_01G000200","protein","C2-",2,"negative"
"prot__TraesCAD_scaffold_052799_01G000100","TraesCAD_scaffold_052799_01G000100","protein","C1+",1,"positive"
"prot__TraesCAD_scaffold_009396_01G000400","TraesCAD_scaffold_009396_01G000400","protein","C2-",2,"negative"
"prot__TraesCAD_scaffold_009403_01G000200","TraesCAD_scaffold_009403_01G000200","protein","C1+",1,"positive"
"prot__TraesCAD_scaffold_072110_01G000200","TraesCAD_scaffold_072110_01G000200","protein","C2-",2,"negative"
"prot__TraesCAD_scaffold_009481_01G000200","TraesCAD_scaffold_009481_01G000200","protein","C1+",1,"positive"
"prot__TraesCAD_scaffold_017054_01G000100","TraesCAD_scaffold_017054_01G000100","protein","C1-",1,"negative"
"prot__TraesCAD_scaffold_009504_01G001400","TraesCAD_scaffold_009504_01G001400","protein","C2-",2,"negative"
"prot__TraesCAD_scaffold_009524_01G000100","TraesCAD_scaffold_009524_01G000100","protein","C1-",1,"negative"
"prot__TraesCAD_scaffold_118060_01G000100","TraesCAD_scaffold_118060_01G000100","protein","C1-",1,"negative"
"prot__TraesCAD_scaffold_009544_01G000300","TraesCAD_scaffold_009544_01G000300","protein","C1+",1,"positive"
"prot__TraesCAD_scaffold_009552_01G000200","TraesCAD_scaffold_009552_01G000200","protein","C1-",1,"negative"
"prot__TraesCAD_scaffold_009552_01G000300","TraesCAD_scaffold_009552_01G000300","protein","C1+",1,"positive"
"prot__TraesCAD_scaffold_009576_01G000200","TraesCAD_scaffold_009576_01G000200","protein","C1+",1,"positive"
"prot__TraesCAD_scaffold_009577_01G000100","TraesCAD_scaffold_009577_01G000100","protein","C2-",2,"negative"
"prot__TraesCAD_scaffold_009592_01G000300","TraesCAD_scaffold_009592_01G000300","protein","C2-",2,"negative"
"prot__TraesCAD_scaffold_009592_01G000400","TraesCAD_scaffold_009592_01G000400","protein","C2-",2,"negative"
"prot__TraesCAD_scaffold_066317_01G000300","TraesCAD_scaffold_066317_01G000300","protein","C1+",1,"positive"
"prot__TraesCAD_scaffold_009620_01G000100","TraesCAD_scaffold_009620_01G000100","protein","C2-",2,"negative"
"prot__TraesCAD_scaffold_013960_01G000100","TraesCAD_scaffold_013960_01G000100","protein","C2-",2,"negative"
"prot__TraesCAD_scaffold_077861_01G000300","TraesCAD_scaffold_077861_01G000300","protein","C1+",1,"positive"
"prot__TraesCAD_scaffold_023422_01G000400","TraesCAD_scaffold_023422_01G000400","protein","C2-",2,"negative"
"prot__TraesCAD_scaffold_011461_01G000200","TraesCAD_scaffold_011461_01G000200","protein","C1+",1,"positive"
"prot__TraesCAD_scaffold_009678_01G000800","TraesCAD_scaffold_009678_01G000800","protein","C2-",2,"negative"
"prot__TraesCAD_scaffold_009685_01G000200","TraesCAD_scaffold_009685_01G000200","protein","C1+",1,"positive"
"prot__TraesCAD_scaffold_009703_01G000300","TraesCAD_scaffold_009703_01G000300","protein","C1+",1,"positive"
"prot__TraesCAD_scaffold_009704_01G000500","TraesCAD_scaffold_009704_01G000500","protein","C1+",1,"positive"
"prot__TraesCAD_scaffold_022508_01G000100","TraesCAD_scaffold_022508_01G000100","protein","C1-",1,"negative"
"prot__TraesCAD_scaffold_009750_01G000200","TraesCAD_scaffold_009750_01G000200","protein","C1-",1,"negative"
"prot__TraesCAD_scaffold_057874_01G000100","TraesCAD_scaffold_057874_01G000100","protein","C1+",1,"positive"
"prot__TraesCAD_scaffold_009784_01G000100","TraesCAD_scaffold_009784_01G000100","protein","C2+",2,"positive"
"prot__TraesCAD_scaffold_011426_01G000200","TraesCAD_scaffold_011426_01G000200","protein","C1+",1,"positive"
"prot__TraesCAD_scaffold_009792_01G000900","TraesCAD_scaffold_009792_01G000900","protein","C2-",2,"negative"
"prot__TraesCAD_scaffold_109492_01G000200","TraesCAD_scaffold_109492_01G000200","protein","C2-",2,"negative"
"prot__TraesCAD_scaffold_009805_01G000200","TraesCAD_scaffold_009805_01G000200","protein","C1+",1,"positive"
"prot__TraesCAD_scaffold_017193_01G000200","TraesCAD_scaffold_017193_01G000200","protein","C1+",1,"positive"
"prot__TraesCAD_scaffold_009838_01G000100","TraesCAD_scaffold_009838_01G000100","protein","C1-",1,"negative"
"prot__TraesCAD_scaffold_013881_01G000200","TraesCAD_scaffold_013881_01G000200","protein","C1+",1,"positive"
"prot__TraesCAD_scaffold_009863_01G000100","TraesCAD_scaffold_009863_01G000100","protein","C2-",2,"negative"
"prot__TraesCAD_scaffold_057059_01G000100","TraesCAD_scaffold_057059_01G000100","protein","C2+",2,"positive"
"prot__TraesCAD_scaffold_009913_01G000200","TraesCAD_scaffold_009913_01G000200","protein","C1+",1,"positive"
"prot__TraesCAD_scaffold_009923_01G000100","TraesCAD_scaffold_009923_01G000100","protein","C1+",1,"positive"
"prot__TraesCAD_scaffold_009927_01G000300","TraesCAD_scaffold_009927_01G000300","protein","C1+",1,"positive"
"prot__TraesCAD_scaffold_009953_01G000100","TraesCAD_scaffold_009953_01G000100","protein","C1+",1,"positive"
"prot__TraesCAD_scaffold_042376_01G000100","TraesCAD_scaffold_042376_01G000100","protein","C2-",2,"negative"
"prot__TraesCAD_scaffold_009970_01G000100","TraesCAD_scaffold_009970_01G000100","protein","C2-",2,"negative"
"prot__TraesCAD_scaffold_009983_01G000100","TraesCAD_scaffold_009983_01G000100","protein","C2-",2,"negative"
"prot__TraesCAD_scaffold_009985_01G000100","TraesCAD_scaffold_009985_01G000100","protein","C1+",1,"positive"
"prot__TraesCAD_scaffold_035451_01G000100","TraesCAD_scaffold_035451_01G000100","protein","C2-",2,"negative"
"prot__TraesCAD_scaffold_010029_01G000200","TraesCAD_scaffold_010029_01G000200","protein","C1+",1,"positive"
"prot__TraesCAD_scaffold_010040_01G000600","TraesCAD_scaffold_010040_01G000600","protein","C1-",1,"negative"
"prot__TraesCAD_scaffold_010042_01G000300","TraesCAD_scaffold_010042_01G000300","protein","C1+",1,"positive"
"prot__TraesCAD_scaffold_010053_01G000100","TraesCAD_scaffold_010053_01G000100","protein","C1-",1,"negative"
"prot__TraesCAD_scaffold_010067_01G000100","TraesCAD_scaffold_010067_01G000100","protein","C2-",2,"negative"
"prot__TraesCAD_scaffold_010070_01G000100","TraesCAD_scaffold_010070_01G000100","protein","C1-",1,"negative"
"prot__TraesCAD_scaffold_010070_01G000200","TraesCAD_scaffold_010070_01G000200","protein","C2-",2,"negative"
"prot__TraesCAD_scaffold_010085_01G000300","TraesCAD_scaffold_010085_01G000300","protein","C1+",1,"positive"
"prot__TraesCAD_scaffold_010107_01G000100","TraesCAD_scaffold_010107_01G000100","protein","C1+",1,"positive"
"prot__TraesCAD_scaffold_010118_01G000100","TraesCAD_scaffold_010118_01G000100","protein","C1+",1,"positive"
"prot__TraesCAD_scaffold_010118_01G000200","TraesCAD_scaffold_010118_01G000200","protein","C2+",2,"positive"
"prot__TraesCAD_scaffold_077960_01G000100","TraesCAD_scaffold_077960_01G000100","protein","C1-",1,"negative"
"prot__TraesCAD_scaffold_054031_01G000200","TraesCAD_scaffold_054031_01G000200","protein","C1+",1,"positive"
"prot__TraesCAD_scaffold_010177_01G000100","TraesCAD_scaffold_010177_01G000100","protein","C2-",2,"negative"
"prot__TraesCAD_scaffold_010188_01G000100","TraesCAD_scaffold_010188_01G000100","protein","C1+",1,"positive"
"prot__TraesCAD_scaffold_010188_01G000200","TraesCAD_scaffold_010188_01G000200","protein","C1+",1,"positive"
"prot__TraesCAD_scaffold_010195_01G000200","TraesCAD_scaffold_010195_01G000200","protein","C2-",2,"negative"
"prot__TraesCAD_scaffold_010209_01G000300","TraesCAD_scaffold_010209_01G000300","protein","C2-",2,"negative"
"prot__TraesCAD_scaffold_024157_01G000400","TraesCAD_scaffold_024157_01G000400","protein","C1+",1,"positive"
"prot__TraesCAD_scaffold_010285_01G000200","TraesCAD_scaffold_010285_01G000200","protein","C2-",2,"negative"
"prot__TraesCAD_scaffold_010296_01G000400","TraesCAD_scaffold_010296_01G000400","protein","C1+",1,"positive"
"prot__TraesCAD_scaffold_010304_01G000100","TraesCAD_scaffold_010304_01G000100","protein","C1-",1,"negative"
"prot__TraesCAD_scaffold_059462_01G000100","TraesCAD_scaffold_059462_01G000100","protein","C1-",1,"negative"
"prot__TraesCAD_scaffold_020104_01G000400","TraesCAD_scaffold_020104_01G000400","protein","C1-",1,"negative"
"prot__TraesCAD_scaffold_148471_01G000100","TraesCAD_scaffold_148471_01G000100","protein","C2-",2,"negative"
"prot__TraesCAD_scaffold_058835_01G000100","TraesCAD_scaffold_058835_01G000100","protein","C2-",2,"negative"
"prot__TraesCAD_scaffold_059927_01G000200","TraesCAD_scaffold_059927_01G000200","protein","C1+",1,"positive"
"prot__TraesCAD_scaffold_069694_01G000100","TraesCAD_scaffold_069694_01G000100","protein","C1+",1,"positive"
"prot__TraesCAD_scaffold_010459_01G000100","TraesCAD_scaffold_010459_01G000100","protein","C1+",1,"positive"
"prot__TraesCAD_scaffold_010467_01G000200","TraesCAD_scaffold_010467_01G000200","protein","C1+",1,"positive"
"prot__TraesCAD_scaffold_010505_01G000600","TraesCAD_scaffold_010505_01G000600","protein","C1-",1,"negative"
"prot__TraesCAD_scaffold_010506_01G000400","TraesCAD_scaffold_010506_01G000400","protein","C2-",2,"negative"
"prot__TraesCAD_scaffold_010512_01G000200","TraesCAD_scaffold_010512_01G000200","protein","C1+",1,"positive"
"prot__TraesCAD_scaffold_010514_01G000200","TraesCAD_scaffold_010514_01G000200","protein","C1+",1,"positive"
"prot__TraesCAD_scaffold_095059_01G000100","TraesCAD_scaffold_095059_01G000100","protein","C1+",1,"positive"
"prot__TraesCAD_scaffold_010539_01G000200","TraesCAD_scaffold_010539_01G000200","protein","C2-",2,"negative"
"prot__TraesCAD_scaffold_010540_01G000100","TraesCAD_scaffold_010540_01G000100","protein","C1+",1,"positive"
"prot__TraesCAD_scaffold_010542_01G000200","TraesCAD_scaffold_010542_01G000200","protein","C1-",1,"negative"
"prot__TraesCAD_scaffold_010548_01G000200","TraesCAD_scaffold_010548_01G000200","protein","C1-",1,"negative"
"prot__TraesCAD_scaffold_010548_01G000300","TraesCAD_scaffold_010548_01G000300","protein","C1-",1,"negative"
"prot__TraesCAD_scaffold_010553_01G000100","TraesCAD_scaffold_010553_01G000100","protein","C2-",2,"negative"
"prot__TraesCAD_scaffold_075607_01G000100","TraesCAD_scaffold_075607_01G000100","protein","C2-",2,"negative"
"prot__TraesCAD_scaffold_047110_01G000100","TraesCAD_scaffold_047110_01G000100","protein","C1+",1,"positive"
"prot__TraesCAD_scaffold_057762_01G000300","TraesCAD_scaffold_057762_01G000300","protein","C2-",2,"negative"
"prot__TraesCAD_scaffold_010603_01G000200","TraesCAD_scaffold_010603_01G000200","protein","C2-",2,"negative"
"prot__TraesCAD_scaffold_038000_01G000300","TraesCAD_scaffold_038000_01G000300","protein","C1-",1,"negative"
"prot__TraesCAD_scaffold_010609_01G000300","TraesCAD_scaffold_010609_01G000300","protein","C1+",1,"positive"
"prot__TraesCAD_scaffold_051392_01G000100","TraesCAD_scaffold_051392_01G000100","protein","C1-",1,"negative"
"prot__TraesCAD_scaffold_075314_01G000100","TraesCAD_scaffold_075314_01G000100","protein","C1-",1,"negative"
"prot__TraesCAD_scaffold_010667_01G000500","TraesCAD_scaffold_010667_01G000500","protein","C1-",1,"negative"
"prot__TraesCAD_scaffold_010681_01G000100","TraesCAD_scaffold_010681_01G000100","protein","C1+",1,"positive"
"prot__TraesCAD_scaffold_010733_01G000100","TraesCAD_scaffold_010733_01G000100","protein","C2-",2,"negative"
"prot__TraesCAD_scaffold_010740_01G000100","TraesCAD_scaffold_010740_01G000100","protein","C1+",1,"positive"
"prot__TraesCAD_scaffold_010749_01G000100","TraesCAD_scaffold_010749_01G000100","protein","C2-",2,"negative"
"prot__TraesCAD_scaffold_010807_01G000300","TraesCAD_scaffold_010807_01G000300","protein","C2-",2,"negative"
"prot__TraesCAD_scaffold_010826_01G000400","TraesCAD_scaffold_010826_01G000400","protein","C2-",2,"negative"
"prot__TraesCAD_scaffold_010837_01G000400","TraesCAD_scaffold_010837_01G000400","protein","C1+",1,"positive"
"prot__TraesCAD_scaffold_010880_01G000300","TraesCAD_scaffold_010880_01G000300","protein","C1-",1,"negative"
"prot__TraesCAD_scaffold_010880_01G000600","TraesCAD_scaffold_010880_01G000600","protein","C1+",1,"positive"
"prot__TraesCAD_scaffold_019163_01G000200","TraesCAD_scaffold_019163_01G000200","protein","C1+",1,"positive"
"prot__TraesCAD_scaffold_065131_01G000200","TraesCAD_scaffold_065131_01G000200","protein","C1+",1,"positive"
"prot__TraesCAD_scaffold_010931_01G000400","TraesCAD_scaffold_010931_01G000400","protein","C1+",1,"positive"
"prot__TraesCAD_scaffold_145293_01G000200","TraesCAD_scaffold_145293_01G000200","protein","C1+",1,"positive"
"prot__TraesCAD_scaffold_010974_01G000300","TraesCAD_scaffold_010974_01G000300","protein","C2-",2,"negative"
"prot__TraesCAD_scaffold_010974_01G000400","TraesCAD_scaffold_010974_01G000400","protein","C1+",1,"positive"
"prot__TraesCAD_scaffold_010983_01G000100","TraesCAD_scaffold_010983_01G000100","protein","C2-",2,"negative"
"prot__TraesCAD_scaffold_011000_01G000200","TraesCAD_scaffold_011000_01G000200","protein","C2-",2,"negative"
"prot__TraesCAD_scaffold_086489_01G000100","TraesCAD_scaffold_086489_01G000100","protein","C2-",2,"negative"
"prot__TraesCAD_scaffold_011057_01G000300","TraesCAD_scaffold_011057_01G000300","protein","C1-",1,"negative"
"prot__TraesCAD_scaffold_035927_01G000200","TraesCAD_scaffold_035927_01G000200","protein","C1-",1,"negative"
"prot__TraesCAD_scaffold_011082_01G000100","TraesCAD_scaffold_011082_01G000100","protein","C2-",2,"negative"
"prot__TraesCAD_scaffold_132835_01G000300","TraesCAD_scaffold_132835_01G000300","protein","C2-",2,"negative"
"prot__TraesCAD_scaffold_011115_01G000700","TraesCAD_scaffold_011115_01G000700","protein","C2-",2,"negative"
"prot__TraesCAD_scaffold_011181_01G000700","TraesCAD_scaffold_011181_01G000700","protein","C2-",2,"negative"
"prot__TraesCAD_scaffold_120022_01G000100","TraesCAD_scaffold_120022_01G000100","protein","C1+",1,"positive"
"prot__TraesCAD_scaffold_011180_01G000100","TraesCAD_scaffold_011180_01G000100","protein","C2+",2,"positive"
"prot__TraesCAD_scaffold_039686_01G000200","TraesCAD_scaffold_039686_01G000200","protein","C2-",2,"negative"
"prot__TraesCAD_scaffold_067331_01G000100","TraesCAD_scaffold_067331_01G000100","protein","C2-",2,"negative"
"prot__TraesCAD_scaffold_043117_01G000100","TraesCAD_scaffold_043117_01G000100","protein","C1-",1,"negative"
"prot__TraesCAD_scaffold_074221_01G000200","TraesCAD_scaffold_074221_01G000200","protein","C1-",1,"negative"
"prot__TraesCAD_scaffold_011238_01G000100","TraesCAD_scaffold_011238_01G000100","protein","C1-",1,"negative"
"prot__TraesCAD_scaffold_011249_01G000200","TraesCAD_scaffold_011249_01G000200","protein","C1+",1,"positive"
"prot__TraesCAD_scaffold_027627_01G000100","TraesCAD_scaffold_027627_01G000100","protein","C2-",2,"negative"
"prot__TraesCAD_scaffold_070926_01G000100","TraesCAD_scaffold_070926_01G000100","protein","C2-",2,"negative"
"prot__TraesCAD_scaffold_046084_01G000100","TraesCAD_scaffold_046084_01G000100","protein","C2-",2,"negative"
"prot__TraesCAD_scaffold_029989_01G000100","TraesCAD_scaffold_029989_01G000100","protein","C1-",1,"negative"
"prot__TraesCAD_scaffold_078633_01G000200","TraesCAD_scaffold_078633_01G000200","protein","C1+",1,"positive"
"prot__TraesCAD_scaffold_011341_01G000100","TraesCAD_scaffold_011341_01G000100","protein","C1-",1,"negative"
"prot__TraesCAD_scaffold_011395_01G000800","TraesCAD_scaffold_011395_01G000800","protein","C1+",1,"positive"
"prot__TraesCAD_scaffold_011409_01G000500","TraesCAD_scaffold_011409_01G000500","protein","C1+",1,"positive"
"prot__TraesCAD_scaffold_011426_01G000100","TraesCAD_scaffold_011426_01G000100","protein","C2-",2,"negative"
"prot__TraesCAD_scaffold_011449_01G000200","TraesCAD_scaffold_011449_01G000200","protein","C2+",2,"positive"
"prot__TraesCAD_scaffold_011449_01G000400","TraesCAD_scaffold_011449_01G000400","protein","C1+",1,"positive"
"prot__TraesCAD_scaffold_011485_01G000200","TraesCAD_scaffold_011485_01G000200","protein","C2-",2,"negative"
"prot__TraesCAD_scaffold_055081_01G000500","TraesCAD_scaffold_055081_01G000500","protein","C1-",1,"negative"
"prot__TraesCAD_scaffold_080062_01G000100","TraesCAD_scaffold_080062_01G000100","protein","C2-",2,"negative"
"prot__TraesCAD_scaffold_011521_01G000100","TraesCAD_scaffold_011521_01G000100","protein","C1+",1,"positive"
"prot__TraesCAD_scaffold_103119_01G000200","TraesCAD_scaffold_103119_01G000200","protein","C1-",1,"negative"
"prot__TraesCAD_scaffold_011530_01G000200","TraesCAD_scaffold_011530_01G000200","protein","C1+",1,"positive"
"prot__TraesCAD_scaffold_011532_01G000300","TraesCAD_scaffold_011532_01G000300","protein","C2-",2,"negative"
"prot__TraesCAD_scaffold_011533_01G000300","TraesCAD_scaffold_011533_01G000300","protein","C2-",2,"negative"
"prot__TraesCAD_scaffold_011546_01G000100","TraesCAD_scaffold_011546_01G000100","protein","C1+",1,"positive"
"prot__TraesCAD_scaffold_092322_01G000100","TraesCAD_scaffold_092322_01G000100","protein","C1+",1,"positive"
"prot__TraesCAD_scaffold_011575_01G000100","TraesCAD_scaffold_011575_01G000100","protein","C1+",1,"positive"
"prot__TraesCAD_scaffold_066904_01G000200","TraesCAD_scaffold_066904_01G000200","protein","C1-",1,"negative"
"prot__TraesCAD_scaffold_066657_01G000200","TraesCAD_scaffold_066657_01G000200","protein","C1+",1,"positive"
"prot__TraesCAD_scaffold_087348_01G000100","TraesCAD_scaffold_087348_01G000100","protein","C2-",2,"negative"
"prot__TraesCAD_scaffold_058164_01G000200","TraesCAD_scaffold_058164_01G000200","protein","C2+",2,"positive"
"prot__TraesCAD_scaffold_011627_01G000100","TraesCAD_scaffold_011627_01G000100","protein","C1-",1,"negative"
"prot__TraesCAD_scaffold_032077_01G000100","TraesCAD_scaffold_032077_01G000100","protein","C1-",1,"negative"
"prot__TraesCAD_scaffold_041498_01G000500","TraesCAD_scaffold_041498_01G000500","protein","C2-",2,"negative"
"prot__TraesCAD_scaffold_011644_01G000200","TraesCAD_scaffold_011644_01G000200","protein","C2-",2,"negative"
"prot__TraesCAD_scaffold_033128_01G000400","TraesCAD_scaffold_033128_01G000400","protein","C1+",1,"positive"
"prot__TraesCAD_scaffold_052756_01G000400","TraesCAD_scaffold_052756_01G000400","protein","C2-",2,"negative"
"prot__TraesCAD_scaffold_011685_01G000400","TraesCAD_scaffold_011685_01G000400","protein","C2-",2,"negative"
"prot__TraesCAD_scaffold_011701_01G000200","TraesCAD_scaffold_011701_01G000200","protein","C1-",1,"negative"
"prot__TraesCAD_scaffold_029475_01G000800","TraesCAD_scaffold_029475_01G000800","protein","C2-",2,"negative"
"prot__TraesCAD_scaffold_041891_01G000100","TraesCAD_scaffold_041891_01G000100","protein","C2-",2,"negative"
"prot__TraesCAD_scaffold_011748_01G000100","TraesCAD_scaffold_011748_01G000100","protein","C1-",1,"negative"
"prot__TraesCAD_scaffold_011767_01G000300","TraesCAD_scaffold_011767_01G000300","protein","C1+",1,"positive"
"prot__TraesCAD_scaffold_011767_01G000400","TraesCAD_scaffold_011767_01G000400","protein","C1+",1,"positive"
"prot__TraesCAD_scaffold_085952_01G000100","TraesCAD_scaffold_085952_01G000100","protein","C1+",1,"positive"
"prot__TraesCAD_scaffold_011776_01G000800","TraesCAD_scaffold_011776_01G000800","protein","C2-",2,"negative"
"prot__TraesCAD_scaffold_011793_01G000200","TraesCAD_scaffold_011793_01G000200","protein","C2-",2,"negative"
"prot__TraesCAD_scaffold_011834_01G000100","TraesCAD_scaffold_011834_01G000100","protein","C2-",2,"negative"
"prot__TraesCAD_scaffold_011854_01G000400","TraesCAD_scaffold_011854_01G000400","protein","C1+",1,"positive"
"prot__TraesCAD_scaffold_011889_01G000200","TraesCAD_scaffold_011889_01G000200","protein","C2-",2,"negative"
"prot__TraesCAD_scaffold_011918_01G000100","TraesCAD_scaffold_011918_01G000100","protein","C1-",1,"negative"
"prot__TraesCAD_scaffold_011930_01G000200","TraesCAD_scaffold_011930_01G000200","protein","C2-",2,"negative"
"prot__TraesCAD_scaffold_067015_01G000200","TraesCAD_scaffold_067015_01G000200","protein","C2+",2,"positive"
"prot__TraesCAD_scaffold_011934_01G000300","TraesCAD_scaffold_011934_01G000300","protein","C1-",1,"negative"
"prot__TraesCAD_scaffold_011939_01G000900","TraesCAD_scaffold_011939_01G000900","protein","C1+",1,"positive"
"prot__TraesCAD_scaffold_011966_01G000100","TraesCAD_scaffold_011966_01G000100","protein","C1-",1,"negative"
"prot__TraesCAD_scaffold_054422_01G000600","TraesCAD_scaffold_054422_01G000600","protein","C1+",1,"positive"
"prot__TraesCAD_scaffold_057784_01G000400","TraesCAD_scaffold_057784_01G000400","protein","C1+",1,"positive"
"prot__TraesCAD_scaffold_011996_01G000100","TraesCAD_scaffold_011996_01G000100","protein","C2-",2,"negative"
"prot__TraesCAD_scaffold_012000_01G000200","TraesCAD_scaffold_012000_01G000200","protein","C1-",1,"negative"
"prot__TraesCAD_scaffold_012011_01G000200","TraesCAD_scaffold_012011_01G000200","protein","C1-",1,"negative"
"prot__TraesCAD_scaffold_012018_01G000100","TraesCAD_scaffold_012018_01G000100","protein","C2-",2,"negative"
"prot__TraesCAD_scaffold_012019_01G000200","TraesCAD_scaffold_012019_01G000200","protein","C1+",1,"positive"
"prot__TraesCAD_scaffold_012020_01G000300","TraesCAD_scaffold_012020_01G000300","protein","C1+",1,"positive"
"prot__TraesCAD_scaffold_012023_01G000400","TraesCAD_scaffold_012023_01G000400","protein","C2-",2,"negative"
"prot__TraesCAD_scaffold_096306_01G000100","TraesCAD_scaffold_096306_01G000100","protein","C1+",1,"positive"
"prot__TraesCAD_scaffold_012081_01G000200","TraesCAD_scaffold_012081_01G000200","protein","C1+",1,"positive"
"prot__TraesCAD_scaffold_012102_01G000100","TraesCAD_scaffold_012102_01G000100","protein","C1+",1,"positive"
"prot__TraesCAD_scaffold_012103_01G000100","TraesCAD_scaffold_012103_01G000100","protein","C1-",1,"negative"
"prot__TraesCAD_scaffold_047628_01G000200","TraesCAD_scaffold_047628_01G000200","protein","C2-",2,"negative"
"prot__TraesCAD_scaffold_012116_01G000700","TraesCAD_scaffold_012116_01G000700","protein","C1+",1,"positive"
"prot__TraesCAD_scaffold_012123_01G000200","TraesCAD_scaffold_012123_01G000200","protein","C2-",2,"negative"
"prot__TraesCAD_scaffold_012125_01G000100","TraesCAD_scaffold_012125_01G000100","protein","C1+",1,"positive"
"prot__TraesCAD_scaffold_053097_01G000200","TraesCAD_scaffold_053097_01G000200","protein","C2-",2,"negative"
"prot__TraesCAD_scaffold_012136_01G000100","TraesCAD_scaffold_012136_01G000100","protein","C2+",2,"positive"
"prot__TraesCAD_scaffold_014397_01G000100","TraesCAD_scaffold_014397_01G000100","protein","C1+",1,"positive"
"prot__TraesCAD_scaffold_053930_01G000100","TraesCAD_scaffold_053930_01G000100","protein","C1+",1,"positive"
"prot__TraesCAD_scaffold_012171_01G000400","TraesCAD_scaffold_012171_01G000400","protein","C1+",1,"positive"
"prot__TraesCAD_scaffold_050580_01G000100","TraesCAD_scaffold_050580_01G000100","protein","C2+",2,"positive"
"prot__TraesCAD_scaffold_012181_01G000200","TraesCAD_scaffold_012181_01G000200","protein","C1-",1,"negative"
"prot__TraesCAD_scaffold_012213_01G000400","TraesCAD_scaffold_012213_01G000400","protein","C1+",1,"positive"
"prot__TraesCAD_scaffold_012213_01G000600","TraesCAD_scaffold_012213_01G000600","protein","C1+",1,"positive"
"prot__TraesCAD_scaffold_012237_01G000100","TraesCAD_scaffold_012237_01G000100","protein","C1+",1,"positive"
"prot__TraesCAD_scaffold_012241_01G000500","TraesCAD_scaffold_012241_01G000500","protein","C1-",1,"negative"
"prot__TraesCAD_scaffold_038518_01G000500","TraesCAD_scaffold_038518_01G000500","protein","C1-",1,"negative"
"prot__TraesCAD_scaffold_089547_01G000600","TraesCAD_scaffold_089547_01G000600","protein","C1-",1,"negative"
"prot__TraesCAD_scaffold_012269_01G000200","TraesCAD_scaffold_012269_01G000200","protein","C2-",2,"negative"
"prot__TraesCAD_scaffold_025325_01G000200","TraesCAD_scaffold_025325_01G000200","protein","C2-",2,"negative"
"prot__TraesCAD_scaffold_062167_01G000100","TraesCAD_scaffold_062167_01G000100","protein","C2-",2,"negative"
"prot__TraesCAD_scaffold_012287_01G000100","TraesCAD_scaffold_012287_01G000100","protein","C1+",1,"positive"
"prot__TraesCAD_scaffold_030653_01G000300","TraesCAD_scaffold_030653_01G000300","protein","C1-",1,"negative"
"prot__TraesCAD_scaffold_066096_01G000100","TraesCAD_scaffold_066096_01G000100","protein","C2-",2,"negative"
"prot__TraesCAD_scaffold_012298_01G000100","TraesCAD_scaffold_012298_01G000100","protein","C2-",2,"negative"
"prot__TraesCAD_scaffold_012314_01G000300","TraesCAD_scaffold_012314_01G000300","protein","C1+",1,"positive"
"prot__TraesCAD_scaffold_023435_01G000100","TraesCAD_scaffold_023435_01G000100","protein","C1-",1,"negative"
"prot__TraesCAD_scaffold_051392_01G000500","TraesCAD_scaffold_051392_01G000500","protein","C2-",2,"negative"
"prot__TraesCAD_scaffold_012376_01G000200","TraesCAD_scaffold_012376_01G000200","protein","C1-",1,"negative"
"prot__TraesCAD_scaffold_012397_01G000100","TraesCAD_scaffold_012397_01G000100","protein","C1-",1,"negative"
"prot__TraesCAD_scaffold_012413_01G000500","TraesCAD_scaffold_012413_01G000500","protein","C1+",1,"positive"
"prot__TraesCAD_scaffold_012421_01G000200","TraesCAD_scaffold_012421_01G000200","protein","C2-",2,"negative"
"prot__TraesCAD_scaffold_041162_01G000200","TraesCAD_scaffold_041162_01G000200","protein","C1+",1,"positive"
"prot__TraesCAD_scaffold_060496_01G000100","TraesCAD_scaffold_060496_01G000100","protein","C1+",1,"positive"
"prot__TraesCAD_scaffold_012466_01G000100","TraesCAD_scaffold_012466_01G000100","protein","C2-",2,"negative"
"prot__TraesCAD_scaffold_012476_01G000100","TraesCAD_scaffold_012476_01G000100","protein","C1-",1,"negative"
"prot__TraesCAD_scaffold_012485_01G000400","TraesCAD_scaffold_012485_01G000400","protein","C1-",1,"negative"
"prot__TraesCAD_scaffold_022925_01G000400","TraesCAD_scaffold_022925_01G000400","protein","C2-",2,"negative"
"prot__TraesCAD_scaffold_012542_01G000200","TraesCAD_scaffold_012542_01G000200","protein","C2-",2,"negative"
"prot__TraesCAD_scaffold_012545_01G000500","TraesCAD_scaffold_012545_01G000500","protein","C1-",1,"negative"
"prot__TraesCAD_scaffold_030970_01G000400","TraesCAD_scaffold_030970_01G000400","protein","C2-",2,"negative"
"prot__TraesCAD_scaffold_098106_01G000200","TraesCAD_scaffold_098106_01G000200","protein","C2-",2,"negative"
"prot__TraesCAD_scaffold_012587_01G000300","TraesCAD_scaffold_012587_01G000300","protein","C1-",1,"negative"
"prot__TraesCAD_scaffold_012594_01G000300","TraesCAD_scaffold_012594_01G000300","protein","C1+",1,"positive"
"prot__TraesCAD_scaffold_043766_01G000100","TraesCAD_scaffold_043766_01G000100","protein","C1-",1,"negative"
"prot__TraesCAD_scaffold_012628_01G000300","TraesCAD_scaffold_012628_01G000300","protein","C2-",2,"negative"
"prot__TraesCAD_scaffold_012640_01G000100","TraesCAD_scaffold_012640_01G000100","protein","C2-",2,"negative"
"prot__TraesCAD_scaffold_012640_01G000200","TraesCAD_scaffold_012640_01G000200","protein","C1+",1,"positive"
"prot__TraesCAD_scaffold_012644_01G000200","TraesCAD_scaffold_012644_01G000200","protein","C2-",2,"negative"
"prot__TraesCAD_scaffold_012660_01G000100","TraesCAD_scaffold_012660_01G000100","protein","C1+",1,"positive"
"prot__TraesCAD_scaffold_012663_01G000200","TraesCAD_scaffold_012663_01G000200","protein","C1+",1,"positive"
"prot__TraesCAD_scaffold_012676_01G000400","TraesCAD_scaffold_012676_01G000400","protein","C2-",2,"negative"
"prot__TraesCAD_scaffold_012685_01G000100","TraesCAD_scaffold_012685_01G000100","protein","C2-",2,"negative"
"prot__TraesCAD_scaffold_012700_01G000200","TraesCAD_scaffold_012700_01G000200","protein","C1-",1,"negative"
"prot__TraesCAD_scaffold_012706_01G000200","TraesCAD_scaffold_012706_01G000200","protein","C2-",2,"negative"
"prot__TraesCAD_scaffold_012725_01G000100","TraesCAD_scaffold_012725_01G000100","protein","C2-",2,"negative"
"prot__TraesCAD_scaffold_012736_01G000100","TraesCAD_scaffold_012736_01G000100","protein","C2-",2,"negative"
"prot__TraesCAD_scaffold_012737_01G000100","TraesCAD_scaffold_012737_01G000100","protein","C2+",2,"positive"
"prot__TraesCAD_scaffold_012738_01G000100","TraesCAD_scaffold_012738_01G000100","protein","C1-",1,"negative"
"prot__TraesCAD_scaffold_087173_01G000300","TraesCAD_scaffold_087173_01G000300","protein","C2-",2,"negative"
"prot__TraesCAD_scaffold_012759_01G000100","TraesCAD_scaffold_012759_01G000100","protein","C1-",1,"negative"
"prot__TraesCAD_scaffold_012772_01G000300","TraesCAD_scaffold_012772_01G000300","protein","C2-",2,"negative"
"prot__TraesCAD_scaffold_012772_01G000500","TraesCAD_scaffold_012772_01G000500","protein","C1-",1,"negative"
"prot__TraesCAD_scaffold_054714_01G000300","TraesCAD_scaffold_054714_01G000300","protein","C2+",2,"positive"
"prot__TraesCAD_scaffold_064515_01G000100","TraesCAD_scaffold_064515_01G000100","protein","C2-",2,"negative"
"prot__TraesCAD_scaffold_012803_01G000400","TraesCAD_scaffold_012803_01G000400","protein","C1-",1,"negative"
"prot__TraesCAD_scaffold_012829_01G000200","TraesCAD_scaffold_012829_01G000200","protein","C1+",1,"positive"
"prot__TraesCAD_scaffold_112174_01G000200","TraesCAD_scaffold_112174_01G000200","protein","C1+",1,"positive"
"prot__TraesCAD_scaffold_012874_01G000300","TraesCAD_scaffold_012874_01G000300","protein","C1-",1,"negative"
"prot__TraesCAD_scaffold_012897_01G000400","TraesCAD_scaffold_012897_01G000400","protein","C2+",2,"positive"
"prot__TraesCAD_scaffold_012914_01G000200","TraesCAD_scaffold_012914_01G000200","protein","C1-",1,"negative"
"prot__TraesCAD_scaffold_012919_01G000100","TraesCAD_scaffold_012919_01G000100","protein","C1-",1,"negative"
"prot__TraesCAD_scaffold_036507_01G000100","TraesCAD_scaffold_036507_01G000100","protein","C1-",1,"negative"
"prot__TraesCAD_scaffold_012967_01G000200","TraesCAD_scaffold_012967_01G000200","protein","C2-",2,"negative"
"prot__TraesCAD_scaffold_012980_01G000100","TraesCAD_scaffold_012980_01G000100","protein","C1+",1,"positive"
"prot__TraesCAD_scaffold_012982_01G000100","TraesCAD_scaffold_012982_01G000100","protein","C1+",1,"positive"
"prot__TraesCAD_scaffold_012987_01G000500","TraesCAD_scaffold_012987_01G000500","protein","C1+",1,"positive"
"prot__TraesCAD_scaffold_012987_01G000600","TraesCAD_scaffold_012987_01G000600","protein","C2-",2,"negative"
"prot__TraesCAD_scaffold_012996_01G000100","TraesCAD_scaffold_012996_01G000100","protein","C2-",2,"negative"
"prot__TraesCAD_scaffold_013000_01G000100","TraesCAD_scaffold_013000_01G000100","protein","C1+",1,"positive"
"prot__TraesCAD_scaffold_013001_01G000100","TraesCAD_scaffold_013001_01G000100","protein","C1-",1,"negative"
"prot__TraesCAD_scaffold_013017_01G000600","TraesCAD_scaffold_013017_01G000600","protein","C2-",2,"negative"
"prot__TraesCAD_scaffold_055273_01G000100","TraesCAD_scaffold_055273_01G000100","protein","C2-",2,"negative"
"prot__TraesCAD_scaffold_028237_01G000200","TraesCAD_scaffold_028237_01G000200","protein","C1+",1,"positive"
"prot__TraesCAD_scaffold_013038_01G000500","TraesCAD_scaffold_013038_01G000500","protein","C1+",1,"positive"
"prot__TraesCAD_scaffold_013043_01G000100","TraesCAD_scaffold_013043_01G000100","protein","C1+",1,"positive"
"prot__TraesCAD_scaffold_013058_01G000200","TraesCAD_scaffold_013058_01G000200","protein","C1+",1,"positive"
"prot__TraesCAD_scaffold_013085_01G000400","TraesCAD_scaffold_013085_01G000400","protein","C2+",2,"positive"
"prot__TraesCAD_scaffold_013092_01G000100","TraesCAD_scaffold_013092_01G000100","protein","C1+",1,"positive"
"prot__TraesCAD_scaffold_013092_01G000200","TraesCAD_scaffold_013092_01G000200","protein","C1-",1,"negative"
"prot__TraesCAD_scaffold_013096_01G000400","TraesCAD_scaffold_013096_01G000400","protein","C2-",2,"negative"
"prot__TraesCAD_scaffold_013096_01G000500","TraesCAD_scaffold_013096_01G000500","protein","C1-",1,"negative"
"prot__TraesCAD_scaffold_013124_01G000600","TraesCAD_scaffold_013124_01G000600","protein","C1+",1,"positive"
"prot__TraesCAD_scaffold_013132_01G000100","TraesCAD_scaffold_013132_01G000100","protein","C1+",1,"positive"
"prot__TraesCAD_scaffold_013135_01G000700","TraesCAD_scaffold_013135_01G000700","protein","C1+",1,"positive"
"prot__TraesCAD_scaffold_013147_01G000600","TraesCAD_scaffold_013147_01G000600","protein","C1+",1,"positive"
"prot__TraesCAD_scaffold_125972_01G000100","TraesCAD_scaffold_125972_01G000100","protein","C2-",2,"negative"
"prot__TraesCAD_scaffold_013154_01G000200","TraesCAD_scaffold_013154_01G000200","protein","C1+",1,"positive"
"prot__TraesCAD_scaffold_013162_01G000300","TraesCAD_scaffold_013162_01G000300","protein","C2-",2,"negative"
"prot__TraesCAD_scaffold_013162_01G000600","TraesCAD_scaffold_013162_01G000600","protein","C1-",1,"negative"
"prot__TraesCAD_scaffold_013194_01G000100","TraesCAD_scaffold_013194_01G000100","protein","C2-",2,"negative"
"prot__TraesCAD_scaffold_013198_01G000800","TraesCAD_scaffold_013198_01G000800","protein","C1+",1,"positive"
"prot__TraesCAD_scaffold_013202_01G000100","TraesCAD_scaffold_013202_01G000100","protein","C1+",1,"positive"
"prot__TraesCAD_scaffold_013209_01G000100","TraesCAD_scaffold_013209_01G000100","protein","C2-",2,"negative"
"prot__TraesCAD_scaffold_013248_01G000100","TraesCAD_scaffold_013248_01G000100","protein","C2-",2,"negative"
"prot__TraesCAD_scaffold_022178_01G000500","TraesCAD_scaffold_022178_01G000500","protein","C2-",2,"negative"
"prot__TraesCAD_scaffold_060485_01G000100","TraesCAD_scaffold_060485_01G000100","protein","C2-",2,"negative"
"prot__TraesCAD_scaffold_013313_01G000100","TraesCAD_scaffold_013313_01G000100","protein","C1+",1,"positive"
"prot__TraesCAD_scaffold_077864_01G000100","TraesCAD_scaffold_077864_01G000100","protein","C1-",1,"negative"
"prot__TraesCAD_scaffold_013329_01G000500","TraesCAD_scaffold_013329_01G000500","protein","C1-",1,"negative"
"prot__TraesCAD_scaffold_013334_01G000400","TraesCAD_scaffold_013334_01G000400","protein","C1-",1,"negative"
"prot__TraesCAD_scaffold_013334_01G000700","TraesCAD_scaffold_013334_01G000700","protein","C1+",1,"positive"
"prot__TraesCAD_scaffold_013411_01G000100","TraesCAD_scaffold_013411_01G000100","protein","C1+",1,"positive"
"prot__TraesCAD_scaffold_127070_01G000200","TraesCAD_scaffold_127070_01G000200","protein","C2-",2,"negative"
"prot__TraesCAD_scaffold_034162_01G000100","TraesCAD_scaffold_034162_01G000100","protein","C2-",2,"negative"
"prot__TraesCAD_scaffold_013424_01G000300","TraesCAD_scaffold_013424_01G000300","protein","C1-",1,"negative"
"prot__TraesCAD_scaffold_013453_01G000100","TraesCAD_scaffold_013453_01G000100","protein","C1+",1,"positive"
"prot__TraesCAD_scaffold_042762_01G000100","TraesCAD_scaffold_042762_01G000100","protein","C1+",1,"positive"
"prot__TraesCAD_scaffold_013461_01G000300","TraesCAD_scaffold_013461_01G000300","protein","C2+",2,"positive"
"prot__TraesCAD_scaffold_013482_01G000400","TraesCAD_scaffold_013482_01G000400","protein","C1+",1,"positive"
"prot__TraesCAD_scaffold_013493_01G000100","TraesCAD_scaffold_013493_01G000100","protein","C1+",1,"positive"
"prot__TraesCAD_scaffold_013496_01G000200","TraesCAD_scaffold_013496_01G000200","protein","C1+",1,"positive"
"prot__TraesCAD_scaffold_104146_01G000300","TraesCAD_scaffold_104146_01G000300","protein","C1+",1,"positive"
"prot__TraesCAD_scaffold_021254_01G000200","TraesCAD_scaffold_021254_01G000200","protein","C1+",1,"positive"
"prot__TraesCAD_scaffold_116910_01G000200","TraesCAD_scaffold_116910_01G000200","protein","C1+",1,"positive"
"prot__TraesCAD_scaffold_043953_01G000300","TraesCAD_scaffold_043953_01G000300","protein","C2-",2,"negative"
"prot__TraesCAD_scaffold_013584_01G000200","TraesCAD_scaffold_013584_01G000200","protein","C2-",2,"negative"
"prot__TraesCAD_scaffold_038598_01G000200","TraesCAD_scaffold_038598_01G000200","protein","C1-",1,"negative"
"prot__TraesCAD_scaffold_013603_01G000800","TraesCAD_scaffold_013603_01G000800","protein","C2-",2,"negative"
"prot__TraesCAD_scaffold_013616_01G000100","TraesCAD_scaffold_013616_01G000100","protein","C1-",1,"negative"
"prot__TraesCAD_scaffold_013624_01G000200","TraesCAD_scaffold_013624_01G000200","protein","C1+",1,"positive"
"prot__TraesCAD_scaffold_013649_01G000100","TraesCAD_scaffold_013649_01G000100","protein","C2+",2,"positive"
"prot__TraesCAD_scaffold_013691_01G000100","TraesCAD_scaffold_013691_01G000100","protein","C2-",2,"negative"
"prot__TraesCAD_scaffold_013701_01G000300","TraesCAD_scaffold_013701_01G000300","protein","C1+",1,"positive"
"prot__TraesCAD_scaffold_081940_01G000200","TraesCAD_scaffold_081940_01G000200","protein","C2-",2,"negative"
"prot__TraesCAD_scaffold_013769_01G000200","TraesCAD_scaffold_013769_01G000200","protein","C1+",1,"positive"
"prot__TraesCAD_scaffold_013769_01G000300","TraesCAD_scaffold_013769_01G000300","protein","C2-",2,"negative"
"prot__TraesCAD_scaffold_013779_01G000200","TraesCAD_scaffold_013779_01G000200","protein","C1+",1,"positive"
"prot__TraesCAD_scaffold_013787_01G000100","TraesCAD_scaffold_013787_01G000100","protein","C2-",2,"negative"
"prot__TraesCAD_scaffold_013794_01G000100","TraesCAD_scaffold_013794_01G000100","protein","C1+",1,"positive"
"prot__TraesCAD_scaffold_013810_01G000200","TraesCAD_scaffold_013810_01G000200","protein","C1+",1,"positive"
"prot__TraesCAD_scaffold_013822_01G000200","TraesCAD_scaffold_013822_01G000200","protein","C1-",1,"negative"
"prot__TraesCAD_scaffold_080736_01G000100","TraesCAD_scaffold_080736_01G000100","protein","C1+",1,"positive"
"prot__TraesCAD_scaffold_013833_01G000300","TraesCAD_scaffold_013833_01G000300","protein","C2-",2,"negative"
"prot__TraesCAD_scaffold_013894_01G000600","TraesCAD_scaffold_013894_01G000600","protein","C2-",2,"negative"
"prot__TraesCAD_scaffold_013899_01G000200","TraesCAD_scaffold_013899_01G000200","protein","C1-",1,"negative"
"prot__TraesCAD_scaffold_013907_01G000100","TraesCAD_scaffold_013907_01G000100","protein","C1+",1,"positive"
"prot__TraesCAD_scaffold_013918_01G000100","TraesCAD_scaffold_013918_01G000100","protein","C1+",1,"positive"
"prot__TraesCAD_scaffold_013957_01G000400","TraesCAD_scaffold_013957_01G000400","protein","C1-",1,"negative"
"prot__TraesCAD_scaffold_023232_01G000200","TraesCAD_scaffold_023232_01G000200","protein","C2-",2,"negative"
"prot__TraesCAD_scaffold_013997_01G000100","TraesCAD_scaffold_013997_01G000100","protein","C1+",1,"positive"
"prot__TraesCAD_scaffold_039207_01G000100","TraesCAD_scaffold_039207_01G000100","protein","C2-",2,"negative"
"prot__TraesCAD_scaffold_034951_01G000300","TraesCAD_scaffold_034951_01G000300","protein","C1-",1,"negative"
"prot__TraesCAD_scaffold_014041_01G000100","TraesCAD_scaffold_014041_01G000100","protein","C1+",1,"positive"
"prot__TraesCAD_scaffold_091692_01G000200","TraesCAD_scaffold_091692_01G000200","protein","C1-",1,"negative"
"prot__TraesCAD_scaffold_014144_01G001000","TraesCAD_scaffold_014144_01G001000","protein","C2+",2,"positive"
"prot__TraesCAD_scaffold_014144_01G001200","TraesCAD_scaffold_014144_01G001200","protein","C2-",2,"negative"
"prot__TraesCAD_scaffold_014151_01G000100","TraesCAD_scaffold_014151_01G000100","protein","C2-",2,"negative"
"prot__TraesCAD_scaffold_014161_01G001100","TraesCAD_scaffold_014161_01G001100","protein","C1-",1,"negative"
"prot__TraesCAD_scaffold_032483_01G000100","TraesCAD_scaffold_032483_01G000100","protein","C1-",1,"negative"
"prot__TraesCAD_scaffold_014179_01G000100","TraesCAD_scaffold_014179_01G000100","protein","C1+",1,"positive"
"prot__TraesCAD_scaffold_014191_01G000600","TraesCAD_scaffold_014191_01G000600","protein","C1+",1,"positive"
"prot__TraesCAD_scaffold_018115_01G000100","TraesCAD_scaffold_018115_01G000100","protein","C1+",1,"positive"
"prot__TraesCAD_scaffold_158843_01G000100","TraesCAD_scaffold_158843_01G000100","protein","C1-",1,"negative"
"prot__TraesCAD_scaffold_014229_01G000100","TraesCAD_scaffold_014229_01G000100","protein","C1+",1,"positive"
"prot__TraesCAD_scaffold_014261_01G000300","TraesCAD_scaffold_014261_01G000300","protein","C2+",2,"positive"
"prot__TraesCAD_scaffold_014262_01G000400","TraesCAD_scaffold_014262_01G000400","protein","C1+",1,"positive"
"prot__TraesCAD_scaffold_086770_01G000200","TraesCAD_scaffold_086770_01G000200","protein","C1+",1,"positive"
"prot__TraesCAD_scaffold_035851_01G000700","TraesCAD_scaffold_035851_01G000700","protein","C2-",2,"negative"
"prot__TraesCAD_scaffold_014291_01G000100","TraesCAD_scaffold_014291_01G000100","protein","C1-",1,"negative"
"prot__TraesCAD_scaffold_014294_01G000300","TraesCAD_scaffold_014294_01G000300","protein","C1-",1,"negative"
"prot__TraesCAD_scaffold_014294_01G000400","TraesCAD_scaffold_014294_01G000400","protein","C1-",1,"negative"
"prot__TraesCAD_scaffold_014294_01G000500","TraesCAD_scaffold_014294_01G000500","protein","C1-",1,"negative"
"prot__TraesCAD_scaffold_014294_01G000600","TraesCAD_scaffold_014294_01G000600","protein","C2-",2,"negative"
"prot__TraesCAD_scaffold_014297_01G000100","TraesCAD_scaffold_014297_01G000100","protein","C1-",1,"negative"
"prot__TraesCAD_scaffold_014298_01G000100","TraesCAD_scaffold_014298_01G000100","protein","C1+",1,"positive"
"prot__TraesCAD_scaffold_014309_01G000200","TraesCAD_scaffold_014309_01G000200","protein","C2-",2,"negative"
"prot__TraesCAD_scaffold_080769_01G000100","TraesCAD_scaffold_080769_01G000100","protein","C2-",2,"negative"
"prot__TraesCAD_scaffold_071684_01G000200","TraesCAD_scaffold_071684_01G000200","protein","C1+",1,"positive"
"prot__TraesCAD_scaffold_096024_01G000200","TraesCAD_scaffold_096024_01G000200","protein","C1+",1,"positive"
"prot__TraesCAD_scaffold_072273_01G000200","TraesCAD_scaffold_072273_01G000200","protein","C1-",1,"negative"
"prot__TraesCAD_scaffold_014334_01G000400","TraesCAD_scaffold_014334_01G000400","protein","C2-",2,"negative"
"prot__TraesCAD_scaffold_014357_01G000100","TraesCAD_scaffold_014357_01G000100","protein","C1+",1,"positive"
"prot__TraesCAD_scaffold_070483_01G000100","TraesCAD_scaffold_070483_01G000100","protein","C1-",1,"negative"
"prot__TraesCAD_scaffold_014419_01G000100","TraesCAD_scaffold_014419_01G000100","protein","C1-",1,"negative"
"prot__TraesCAD_scaffold_014430_01G000100","TraesCAD_scaffold_014430_01G000100","protein","C1+",1,"positive"
"prot__TraesCAD_scaffold_014444_01G000100","TraesCAD_scaffold_014444_01G000100","protein","C1-",1,"negative"
"prot__TraesCAD_scaffold_014452_01G000100","TraesCAD_scaffold_014452_01G000100","protein","C1+",1,"positive"
"prot__TraesCAD_scaffold_076988_01G000300","TraesCAD_scaffold_076988_01G000300","protein","C1+",1,"positive"
"prot__TraesCAD_scaffold_014474_01G000200","TraesCAD_scaffold_014474_01G000200","protein","C1-",1,"negative"
"prot__TraesCAD_scaffold_014474_01G000300","TraesCAD_scaffold_014474_01G000300","protein","C1-",1,"negative"
"prot__TraesCAD_scaffold_014477_01G000100","TraesCAD_scaffold_014477_01G000100","protein","C2-",2,"negative"
"prot__TraesCAD_scaffold_014492_01G000200","TraesCAD_scaffold_014492_01G000200","protein","C1-",1,"negative"
"prot__TraesCAD_scaffold_018010_01G000300","TraesCAD_scaffold_018010_01G000300","protein","C1-",1,"negative"
"prot__TraesCAD_scaffold_014513_01G000200","TraesCAD_scaffold_014513_01G000200","protein","C2+",2,"positive"
"prot__TraesCAD_scaffold_014545_01G000300","TraesCAD_scaffold_014545_01G000300","protein","C1+",1,"positive"
"prot__TraesCAD_scaffold_014560_01G000100","TraesCAD_scaffold_014560_01G000100","protein","C2-",2,"negative"
"prot__TraesCAD_scaffold_148268_01G000200","TraesCAD_scaffold_148268_01G000200","protein","C1-",1,"negative"
"prot__TraesCAD_scaffold_014579_01G000800","TraesCAD_scaffold_014579_01G000800","protein","C2-",2,"negative"
"prot__TraesCAD_scaffold_014789_01G000100","TraesCAD_scaffold_014789_01G000100","protein","C2-",2,"negative"
"prot__TraesCAD_scaffold_014616_01G000100","TraesCAD_scaffold_014616_01G000100","protein","C1+",1,"positive"
"prot__TraesCAD_scaffold_014643_01G000200","TraesCAD_scaffold_014643_01G000200","protein","C2-",2,"negative"
"prot__TraesCAD_scaffold_014646_01G000200","TraesCAD_scaffold_014646_01G000200","protein","C1+",1,"positive"
"prot__TraesCAD_scaffold_014694_01G000200","TraesCAD_scaffold_014694_01G000200","protein","C1+",1,"positive"
"prot__TraesCAD_scaffold_014716_01G000100","TraesCAD_scaffold_014716_01G000100","protein","C2+",2,"positive"
"prot__TraesCAD_scaffold_065844_01G000100","TraesCAD_scaffold_065844_01G000100","protein","C2+",2,"positive"
"prot__TraesCAD_scaffold_014747_01G000100","TraesCAD_scaffold_014747_01G000100","protein","C1-",1,"negative"
"prot__TraesCAD_scaffold_023201_01G000100","TraesCAD_scaffold_023201_01G000100","protein","C2-",2,"negative"
"prot__TraesCAD_scaffold_014789_01G000400","TraesCAD_scaffold_014789_01G000400","protein","C1-",1,"negative"
"prot__TraesCAD_scaffold_014812_01G000100","TraesCAD_scaffold_014812_01G000100","protein","C1+",1,"positive"
"prot__TraesCAD_scaffold_014849_01G000300","TraesCAD_scaffold_014849_01G000300","protein","C1+",1,"positive"
"prot__TraesCAD_scaffold_034592_01G000200","TraesCAD_scaffold_034592_01G000200","protein","C1+",1,"positive"
"prot__TraesCAD_scaffold_032169_01G000300","TraesCAD_scaffold_032169_01G000300","protein","C2-",2,"negative"
"prot__TraesCAD_scaffold_109414_01G000100","TraesCAD_scaffold_109414_01G000100","protein","C1+",1,"positive"
"prot__TraesCAD_scaffold_096433_01G000100","TraesCAD_scaffold_096433_01G000100","protein","C1-",1,"negative"
"prot__TraesCAD_scaffold_014996_01G000200","TraesCAD_scaffold_014996_01G000200","protein","C1+",1,"positive"
"prot__TraesCAD_scaffold_015004_01G000600","TraesCAD_scaffold_015004_01G000600","protein","C2+",2,"positive"
"prot__TraesCAD_scaffold_020035_01G000500","TraesCAD_scaffold_020035_01G000500","protein","C1-",1,"negative"
"prot__TraesCAD_scaffold_015031_01G000200","TraesCAD_scaffold_015031_01G000200","protein","C1+",1,"positive"
"prot__TraesCAD_scaffold_022784_01G000200","TraesCAD_scaffold_022784_01G000200","protein","C1+",1,"positive"
"prot__TraesCAD_scaffold_015039_01G000300","TraesCAD_scaffold_015039_01G000300","protein","C1+",1,"positive"
"prot__TraesCAD_scaffold_069577_01G000100","TraesCAD_scaffold_069577_01G000100","protein","C2-",2,"negative"
"prot__TraesCAD_scaffold_118801_01G000100","TraesCAD_scaffold_118801_01G000100","protein","C1+",1,"positive"
"prot__TraesCAD_scaffold_041822_01G000400","TraesCAD_scaffold_041822_01G000400","protein","C1+",1,"positive"
"prot__TraesCAD_scaffold_064635_01G000100","TraesCAD_scaffold_064635_01G000100","protein","C2-",2,"negative"
"prot__TraesCAD_scaffold_096465_01G000100","TraesCAD_scaffold_096465_01G000100","protein","C1-",1,"negative"
"prot__TraesCAD_scaffold_015213_01G000200","TraesCAD_scaffold_015213_01G000200","protein","C1+",1,"positive"
"prot__TraesCAD_scaffold_111708_01G000100","TraesCAD_scaffold_111708_01G000100","protein","C1-",1,"negative"
"prot__TraesCAD_scaffold_015256_01G000200","TraesCAD_scaffold_015256_01G000200","protein","C1-",1,"negative"
"prot__TraesCAD_scaffold_015296_01G000200","TraesCAD_scaffold_015296_01G000200","protein","C2-",2,"negative"
"prot__TraesCAD_scaffold_015297_01G000200","TraesCAD_scaffold_015297_01G000200","protein","C2+",2,"positive"
"prot__TraesCAD_scaffold_015321_01G000400","TraesCAD_scaffold_015321_01G000400","protein","C2-",2,"negative"
"prot__TraesCAD_scaffold_015346_01G000400","TraesCAD_scaffold_015346_01G000400","protein","C1-",1,"negative"
"prot__TraesCAD_scaffold_015368_01G000200","TraesCAD_scaffold_015368_01G000200","protein","C1-",1,"negative"
"prot__TraesCAD_scaffold_079608_01G000200","TraesCAD_scaffold_079608_01G000200","protein","C1-",1,"negative"
"prot__TraesCAD_scaffold_137161_01G000200","TraesCAD_scaffold_137161_01G000200","protein","C1+",1,"positive"
"prot__TraesCAD_scaffold_015477_01G000300","TraesCAD_scaffold_015477_01G000300","protein","C2-",2,"negative"
"prot__TraesCAD_scaffold_042795_01G000100","TraesCAD_scaffold_042795_01G000100","protein","C1-",1,"negative"
"prot__TraesCAD_scaffold_015541_01G000100","TraesCAD_scaffold_015541_01G000100","protein","C1-",1,"negative"
"prot__TraesCAD_scaffold_015551_01G000100","TraesCAD_scaffold_015551_01G000100","protein","C1+",1,"positive"
"prot__TraesCAD_scaffold_015581_01G000100","TraesCAD_scaffold_015581_01G000100","protein","C2-",2,"negative"
"prot__TraesCAD_scaffold_085467_01G000100","TraesCAD_scaffold_085467_01G000100","protein","C1-",1,"negative"
"prot__TraesCAD_scaffold_015599_01G000100","TraesCAD_scaffold_015599_01G000100","protein","C1+",1,"positive"
"prot__TraesCAD_scaffold_120988_01G000200","TraesCAD_scaffold_120988_01G000200","protein","C1+",1,"positive"
"prot__TraesCAD_scaffold_015639_01G000200","TraesCAD_scaffold_015639_01G000200","protein","C2+",2,"positive"
"prot__TraesCAD_scaffold_015651_01G001000","TraesCAD_scaffold_015651_01G001000","protein","C2-",2,"negative"
"prot__TraesCAD_scaffold_015655_01G000200","TraesCAD_scaffold_015655_01G000200","protein","C1-",1,"negative"
"prot__TraesCAD_scaffold_018956_01G000100","TraesCAD_scaffold_018956_01G000100","protein","C2-",2,"negative"
"prot__TraesCAD_scaffold_015711_01G000100","TraesCAD_scaffold_015711_01G000100","protein","C1-",1,"negative"
"prot__TraesCAD_scaffold_015725_01G000100","TraesCAD_scaffold_015725_01G000100","protein","C1+",1,"positive"
"prot__TraesCAD_scaffold_045308_01G000200","TraesCAD_scaffold_045308_01G000200","protein","C2-",2,"negative"
"prot__TraesCAD_scaffold_015733_01G000200","TraesCAD_scaffold_015733_01G000200","protein","C1+",1,"positive"
"prot__TraesCAD_scaffold_015736_01G000200","TraesCAD_scaffold_015736_01G000200","protein","C2-",2,"negative"
"prot__TraesCAD_scaffold_015754_01G000100","TraesCAD_scaffold_015754_01G000100","protein","C1+",1,"positive"
"prot__TraesCAD_scaffold_015761_01G000200","TraesCAD_scaffold_015761_01G000200","protein","C1-",1,"negative"
"prot__TraesCAD_scaffold_015801_01G000100","TraesCAD_scaffold_015801_01G000100","protein","C1+",1,"positive"
"prot__TraesCAD_scaffold_055895_01G000100","TraesCAD_scaffold_055895_01G000100","protein","C1+",1,"positive"
"prot__TraesCAD_scaffold_015824_01G000100","TraesCAD_scaffold_015824_01G000100","protein","C2-",2,"negative"
"prot__TraesCAD_scaffold_015831_01G000400","TraesCAD_scaffold_015831_01G000400","protein","C1+",1,"positive"
"prot__TraesCAD_scaffold_015831_01G000500","TraesCAD_scaffold_015831_01G000500","protein","C2-",2,"negative"
"prot__TraesCAD_scaffold_015845_01G000600","TraesCAD_scaffold_015845_01G000600","protein","C1+",1,"positive"
"prot__TraesCAD_scaffold_131651_01G000100","TraesCAD_scaffold_131651_01G000100","protein","C1-",1,"negative"
"prot__TraesCAD_scaffold_050432_01G000400","TraesCAD_scaffold_050432_01G000400","protein","C2-",2,"negative"
"prot__TraesCAD_scaffold_075659_01G000100","TraesCAD_scaffold_075659_01G000100","protein","C1+",1,"positive"
"prot__TraesCAD_scaffold_015930_01G000100","TraesCAD_scaffold_015930_01G000100","protein","C2-",2,"negative"
"prot__TraesCAD_scaffold_075863_01G000500","TraesCAD_scaffold_075863_01G000500","protein","C2-",2,"negative"
"prot__TraesCAD_scaffold_075863_01G000400","TraesCAD_scaffold_075863_01G000400","protein","C2+",2,"positive"
"prot__TraesCAD_scaffold_089911_01G000200","TraesCAD_scaffold_089911_01G000200","protein","C2-",2,"negative"
"prot__TraesCAD_scaffold_015945_01G000100","TraesCAD_scaffold_015945_01G000100","protein","C2-",2,"negative"
"prot__TraesCAD_scaffold_055130_01G000100","TraesCAD_scaffold_055130_01G000100","protein","C2-",2,"negative"
"prot__TraesCAD_scaffold_142695_01G000100","TraesCAD_scaffold_142695_01G000100","protein","C2+",2,"positive"
"prot__TraesCAD_scaffold_015969_01G000100","TraesCAD_scaffold_015969_01G000100","protein","C2-",2,"negative"
"prot__TraesCAD_scaffold_051313_01G000400","TraesCAD_scaffold_051313_01G000400","protein","C2-",2,"negative"
"prot__TraesCAD_scaffold_015990_01G000300","TraesCAD_scaffold_015990_01G000300","protein","C2+",2,"positive"
"prot__TraesCAD_scaffold_016013_01G000100","TraesCAD_scaffold_016013_01G000100","protein","C1-",1,"negative"
"prot__TraesCAD_scaffold_053222_01G000100","TraesCAD_scaffold_053222_01G000100","protein","C1-",1,"negative"
"prot__TraesCAD_scaffold_016018_01G000100","TraesCAD_scaffold_016018_01G000100","protein","C1+",1,"positive"
"prot__TraesCAD_scaffold_030008_01G000300","TraesCAD_scaffold_030008_01G000300","protein","C2-",2,"negative"
"prot__TraesCAD_scaffold_078283_01G000100","TraesCAD_scaffold_078283_01G000100","protein","C1-",1,"negative"
"prot__TraesCAD_scaffold_016040_01G000300","TraesCAD_scaffold_016040_01G000300","protein","C1+",1,"positive"
"prot__TraesCAD_scaffold_114912_01G000100","TraesCAD_scaffold_114912_01G000100","protein","C1-",1,"negative"
"prot__TraesCAD_scaffold_016066_01G000100","TraesCAD_scaffold_016066_01G000100","protein","C1-",1,"negative"
"prot__TraesCAD_scaffold_016075_01G000100","TraesCAD_scaffold_016075_01G000100","protein","C2-",2,"negative"
"prot__TraesCAD_scaffold_069930_01G000100","TraesCAD_scaffold_069930_01G000100","protein","C2-",2,"negative"
"prot__TraesCAD_scaffold_016106_01G000100","TraesCAD_scaffold_016106_01G000100","protein","C1+",1,"positive"
"prot__TraesCAD_scaffold_016106_01G000400","TraesCAD_scaffold_016106_01G000400","protein","C2-",2,"negative"
"prot__TraesCAD_scaffold_016122_01G000100","TraesCAD_scaffold_016122_01G000100","protein","C1+",1,"positive"
"prot__TraesCAD_scaffold_072169_01G000200","TraesCAD_scaffold_072169_01G000200","protein","C1+",1,"positive"
"prot__TraesCAD_scaffold_080751_01G000200","TraesCAD_scaffold_080751_01G000200","protein","C1+",1,"positive"
"prot__TraesCAD_scaffold_016154_01G000100","TraesCAD_scaffold_016154_01G000100","protein","C2-",2,"negative"
"prot__TraesCAD_scaffold_016177_01G000100","TraesCAD_scaffold_016177_01G000100","protein","C1+",1,"positive"
"prot__TraesCAD_scaffold_016191_01G000100","TraesCAD_scaffold_016191_01G000100","protein","C1-",1,"negative"
"prot__TraesCAD_scaffold_027061_01G000300","TraesCAD_scaffold_027061_01G000300","protein","C1-",1,"negative"
"prot__TraesCAD_scaffold_016205_01G000100","TraesCAD_scaffold_016205_01G000100","protein","C1-",1,"negative"
"prot__TraesCAD_scaffold_053597_01G000300","TraesCAD_scaffold_053597_01G000300","protein","C2-",2,"negative"
"prot__TraesCAD_scaffold_016223_01G000100","TraesCAD_scaffold_016223_01G000100","protein","C1-",1,"negative"
"prot__TraesCAD_scaffold_016228_01G000200","TraesCAD_scaffold_016228_01G000200","protein","C2-",2,"negative"
"prot__TraesCAD_scaffold_016243_01G000100","TraesCAD_scaffold_016243_01G000100","protein","C2-",2,"negative"
"prot__TraesCAD_scaffold_016245_01G000100","TraesCAD_scaffold_016245_01G000100","protein","C1-",1,"negative"
"prot__TraesCAD_scaffold_050469_01G000300","TraesCAD_scaffold_050469_01G000300","protein","C1+",1,"positive"
"prot__TraesCAD_scaffold_016272_01G000200","TraesCAD_scaffold_016272_01G000200","protein","C2-",2,"negative"
"prot__TraesCAD_scaffold_016283_01G000200","TraesCAD_scaffold_016283_01G000200","protein","C2-",2,"negative"
"prot__TraesCAD_scaffold_018291_01G000300","TraesCAD_scaffold_018291_01G000300","protein","C1+",1,"positive"
"prot__TraesCAD_scaffold_064155_01G000200","TraesCAD_scaffold_064155_01G000200","protein","C2-",2,"negative"
"prot__TraesCAD_scaffold_016400_01G000100","TraesCAD_scaffold_016400_01G000100","protein","C1+",1,"positive"
"prot__TraesCAD_scaffold_016407_01G000100","TraesCAD_scaffold_016407_01G000100","protein","C2-",2,"negative"
"prot__TraesCAD_scaffold_016407_01G000300","TraesCAD_scaffold_016407_01G000300","protein","C2-",2,"negative"
"prot__TraesCAD_scaffold_016408_01G000200","TraesCAD_scaffold_016408_01G000200","protein","C1+",1,"positive"
"prot__TraesCAD_scaffold_016422_01G000100","TraesCAD_scaffold_016422_01G000100","protein","C2-",2,"negative"
"prot__TraesCAD_scaffold_016446_01G000200","TraesCAD_scaffold_016446_01G000200","protein","C1+",1,"positive"
"prot__TraesCAD_scaffold_016471_01G000100","TraesCAD_scaffold_016471_01G000100","protein","C1-",1,"negative"
"prot__TraesCAD_scaffold_016486_01G000400","TraesCAD_scaffold_016486_01G000400","protein","C1+",1,"positive"
"prot__TraesCAD_scaffold_016488_01G000700","TraesCAD_scaffold_016488_01G000700","protein","C1+",1,"positive"
"prot__TraesCAD_scaffold_016495_01G000800","TraesCAD_scaffold_016495_01G000800","protein","C1+",1,"positive"
"prot__TraesCAD_scaffold_016511_01G000100","TraesCAD_scaffold_016511_01G000100","protein","C2-",2,"negative"
"prot__TraesCAD_scaffold_063099_01G000200","TraesCAD_scaffold_063099_01G000200","protein","C2-",2,"negative"
"prot__TraesCAD_scaffold_016540_01G000100","TraesCAD_scaffold_016540_01G000100","protein","C1+",1,"positive"
"prot__TraesCAD_scaffold_132648_01G000100","TraesCAD_scaffold_132648_01G000100","protein","C2-",2,"negative"
"prot__TraesCAD_scaffold_088247_01G000100","TraesCAD_scaffold_088247_01G000100","protein","C1-",1,"negative"
"prot__TraesCAD_scaffold_024844_01G000200","TraesCAD_scaffold_024844_01G000200","protein","C1-",1,"negative"
"prot__TraesCAD_scaffold_016575_01G000300","TraesCAD_scaffold_016575_01G000300","protein","C1-",1,"negative"
"prot__TraesCAD_scaffold_016591_01G000200","TraesCAD_scaffold_016591_01G000200","protein","C2-",2,"negative"
"prot__TraesCAD_scaffold_016609_01G000100","TraesCAD_scaffold_016609_01G000100","protein","C2-",2,"negative"
"prot__TraesCAD_scaffold_016614_01G000300","TraesCAD_scaffold_016614_01G000300","protein","C2-",2,"negative"
"prot__TraesCAD_scaffold_016629_01G000100","TraesCAD_scaffold_016629_01G000100","protein","C1-",1,"negative"
"prot__TraesCAD_scaffold_016629_01G000300","TraesCAD_scaffold_016629_01G000300","protein","C1-",1,"negative"
"prot__TraesCAD_scaffold_034030_01G000200","TraesCAD_scaffold_034030_01G000200","protein","C2+",2,"positive"
"prot__TraesCAD_scaffold_016691_01G000200","TraesCAD_scaffold_016691_01G000200","protein","C1+",1,"positive"
"prot__TraesCAD_scaffold_067667_01G000100","TraesCAD_scaffold_067667_01G000100","protein","C2-",2,"negative"
"prot__TraesCAD_scaffold_016701_01G000400","TraesCAD_scaffold_016701_01G000400","protein","C2-",2,"negative"
"prot__TraesCAD_scaffold_016707_01G000100","TraesCAD_scaffold_016707_01G000100","protein","C2-",2,"negative"
"prot__TraesCAD_scaffold_016709_01G000200","TraesCAD_scaffold_016709_01G000200","protein","C1+",1,"positive"
"prot__TraesCAD_scaffold_068716_01G000100","TraesCAD_scaffold_068716_01G000100","protein","C2-",2,"negative"
"prot__TraesCAD_scaffold_103256_01G000200","TraesCAD_scaffold_103256_01G000200","protein","C1-",1,"negative"
"prot__TraesCAD_scaffold_041537_01G000100","TraesCAD_scaffold_041537_01G000100","protein","C1-",1,"negative"
"prot__TraesCAD_scaffold_016745_01G000100","TraesCAD_scaffold_016745_01G000100","protein","C1-",1,"negative"
"prot__TraesCAD_scaffold_027709_01G000100","TraesCAD_scaffold_027709_01G000100","protein","C1-",1,"negative"
"prot__TraesCAD_scaffold_102762_01G000100","TraesCAD_scaffold_102762_01G000100","protein","C1+",1,"positive"
"prot__TraesCAD_scaffold_016796_01G000100","TraesCAD_scaffold_016796_01G000100","protein","C2-",2,"negative"
"prot__TraesCAD_scaffold_016797_01G000100","TraesCAD_scaffold_016797_01G000100","protein","C2-",2,"negative"
"prot__TraesCAD_scaffold_016816_01G000100","TraesCAD_scaffold_016816_01G000100","protein","C2-",2,"negative"
"prot__TraesCAD_scaffold_016822_01G000100","TraesCAD_scaffold_016822_01G000100","protein","C1-",1,"negative"
"prot__TraesCAD_scaffold_016827_01G000100","TraesCAD_scaffold_016827_01G000100","protein","C1+",1,"positive"
"prot__TraesCAD_scaffold_016845_01G000100","TraesCAD_scaffold_016845_01G000100","protein","C2-",2,"negative"
"prot__TraesCAD_scaffold_016856_01G000100","TraesCAD_scaffold_016856_01G000100","protein","C1-",1,"negative"
"prot__TraesCAD_scaffold_098202_01G000200","TraesCAD_scaffold_098202_01G000200","protein","C2-",2,"negative"
"prot__TraesCAD_scaffold_067624_01G000200","TraesCAD_scaffold_067624_01G000200","protein","C2-",2,"negative"
"prot__TraesCAD_scaffold_121433_01G000100","TraesCAD_scaffold_121433_01G000100","protein","C1-",1,"negative"
"prot__TraesCAD_scaffold_016915_01G000100","TraesCAD_scaffold_016915_01G000100","protein","C2-",2,"negative"
"prot__TraesCAD_scaffold_016916_01G000100","TraesCAD_scaffold_016916_01G000100","protein","C2+",2,"positive"
"prot__TraesCAD_scaffold_036125_01G000600","TraesCAD_scaffold_036125_01G000600","protein","C1+",1,"positive"
"prot__TraesCAD_scaffold_016947_01G000100","TraesCAD_scaffold_016947_01G000100","protein","C1+",1,"positive"
"prot__TraesCAD_scaffold_016949_01G000100","TraesCAD_scaffold_016949_01G000100","protein","C1-",1,"negative"
"prot__TraesCAD_scaffold_124229_01G000200","TraesCAD_scaffold_124229_01G000200","protein","C1+",1,"positive"
"prot__TraesCAD_scaffold_016988_01G000200","TraesCAD_scaffold_016988_01G000200","protein","C1-",1,"negative"
"prot__TraesCAD_scaffold_016992_01G000200","TraesCAD_scaffold_016992_01G000200","protein","C2+",2,"positive"
"prot__TraesCAD_scaffold_017025_01G000300","TraesCAD_scaffold_017025_01G000300","protein","C1+",1,"positive"
"prot__TraesCAD_scaffold_017032_01G000100","TraesCAD_scaffold_017032_01G000100","protein","C1+",1,"positive"
"prot__TraesCAD_scaffold_017034_01G000200","TraesCAD_scaffold_017034_01G000200","protein","C2-",2,"negative"
"prot__TraesCAD_scaffold_017099_01G000100","TraesCAD_scaffold_017099_01G000100","protein","C1-",1,"negative"
"prot__TraesCAD_scaffold_017101_01G000100","TraesCAD_scaffold_017101_01G000100","protein","C1+",1,"positive"
"prot__TraesCAD_scaffold_017110_01G000100","TraesCAD_scaffold_017110_01G000100","protein","C1+",1,"positive"
"prot__TraesCAD_scaffold_125904_01G000100","TraesCAD_scaffold_125904_01G000100","protein","C2-",2,"negative"
"prot__TraesCAD_scaffold_017147_01G000100","TraesCAD_scaffold_017147_01G000100","protein","C2-",2,"negative"
"prot__TraesCAD_scaffold_017163_01G000300","TraesCAD_scaffold_017163_01G000300","protein","C1-",1,"negative"
"prot__TraesCAD_scaffold_017172_01G000100","TraesCAD_scaffold_017172_01G000100","protein","C2-",2,"negative"
"prot__TraesCAD_scaffold_104884_01G000200","TraesCAD_scaffold_104884_01G000200","protein","C1+",1,"positive"
"prot__TraesCAD_scaffold_017217_01G000200","TraesCAD_scaffold_017217_01G000200","protein","C2-",2,"negative"
"prot__TraesCAD_scaffold_017217_01G000700","TraesCAD_scaffold_017217_01G000700","protein","C1-",1,"negative"
"prot__TraesCAD_scaffold_072618_01G000100","TraesCAD_scaffold_072618_01G000100","protein","C2-",2,"negative"
"prot__TraesCAD_scaffold_118111_01G000100","TraesCAD_scaffold_118111_01G000100","protein","C1-",1,"negative"
"prot__TraesCAD_scaffold_017260_01G000300","TraesCAD_scaffold_017260_01G000300","protein","C2-",2,"negative"
"prot__TraesCAD_scaffold_017260_01G000400","TraesCAD_scaffold_017260_01G000400","protein","C2-",2,"negative"
"prot__TraesCAD_scaffold_017263_01G000100","TraesCAD_scaffold_017263_01G000100","protein","C2-",2,"negative"
"prot__TraesCAD_scaffold_052681_01G000100","TraesCAD_scaffold_052681_01G000100","protein","C1-",1,"negative"
"prot__TraesCAD_scaffold_017399_01G000100","TraesCAD_scaffold_017399_01G000100","protein","C2-",2,"negative"
"prot__TraesCAD_scaffold_017400_01G000300","TraesCAD_scaffold_017400_01G000300","protein","C2-",2,"negative"
"prot__TraesCAD_scaffold_017405_01G000100","TraesCAD_scaffold_017405_01G000100","protein","C2-",2,"negative"
"prot__TraesCAD_scaffold_017488_01G000100","TraesCAD_scaffold_017488_01G000100","protein","C1+",1,"positive"
"prot__TraesCAD_scaffold_075510_01G000100","TraesCAD_scaffold_075510_01G000100","protein","C1-",1,"negative"
"prot__TraesCAD_scaffold_059198_01G000200","TraesCAD_scaffold_059198_01G000200","protein","C2-",2,"negative"
"prot__TraesCAD_scaffold_088614_01G000200","TraesCAD_scaffold_088614_01G000200","protein","C1+",1,"positive"
"prot__TraesCAD_scaffold_017534_01G000300","TraesCAD_scaffold_017534_01G000300","protein","C2+",2,"positive"
"prot__TraesCAD_scaffold_017535_01G000100","TraesCAD_scaffold_017535_01G000100","protein","C1+",1,"positive"
"prot__TraesCAD_scaffold_017537_01G000200","TraesCAD_scaffold_017537_01G000200","protein","C1+",1,"positive"
"prot__TraesCAD_scaffold_017555_01G000100","TraesCAD_scaffold_017555_01G000100","protein","C1-",1,"negative"
"prot__TraesCAD_scaffold_017578_01G000400","TraesCAD_scaffold_017578_01G000400","protein","C1+",1,"positive"
"prot__TraesCAD_scaffold_017580_01G000100","TraesCAD_scaffold_017580_01G000100","protein","C1-",1,"negative"
"prot__TraesCAD_scaffold_017602_01G000100","TraesCAD_scaffold_017602_01G000100","protein","C2+",2,"positive"
"prot__TraesCAD_scaffold_017613_01G000200","TraesCAD_scaffold_017613_01G000200","protein","C1-",1,"negative"
"prot__TraesCAD_scaffold_017628_01G000100","TraesCAD_scaffold_017628_01G000100","protein","C2-",2,"negative"
"prot__TraesCAD_scaffold_017639_01G000100","TraesCAD_scaffold_017639_01G000100","protein","C1+",1,"positive"
"prot__TraesCAD_scaffold_017656_01G000200","TraesCAD_scaffold_017656_01G000200","protein","C1+",1,"positive"
"prot__TraesCAD_scaffold_086537_01G000200","TraesCAD_scaffold_086537_01G000200","protein","C1-",1,"negative"
"prot__TraesCAD_scaffold_017663_01G000100","TraesCAD_scaffold_017663_01G000100","protein","C2-",2,"negative"
"prot__TraesCAD_scaffold_017675_01G000100","TraesCAD_scaffold_017675_01G000100","protein","C2-",2,"negative"
"prot__TraesCAD_scaffold_038677_01G000300","TraesCAD_scaffold_038677_01G000300","protein","C1-",1,"negative"
"prot__TraesCAD_scaffold_041779_01G000100","TraesCAD_scaffold_041779_01G000100","protein","C1+",1,"positive"
"prot__TraesCAD_scaffold_017769_01G000300","TraesCAD_scaffold_017769_01G000300","protein","C2+",2,"positive"
"prot__TraesCAD_scaffold_017811_01G000200","TraesCAD_scaffold_017811_01G000200","protein","C1+",1,"positive"
"prot__TraesCAD_scaffold_017928_01G000100","TraesCAD_scaffold_017928_01G000100","protein","C1-",1,"negative"
"prot__TraesCAD_scaffold_094743_01G000100","TraesCAD_scaffold_094743_01G000100","protein","C1-",1,"negative"
"prot__TraesCAD_scaffold_017950_01G000100","TraesCAD_scaffold_017950_01G000100","protein","C1-",1,"negative"
"prot__TraesCAD_scaffold_054741_01G000600","TraesCAD_scaffold_054741_01G000600","protein","C1+",1,"positive"
"prot__TraesCAD_scaffold_023645_01G000100","TraesCAD_scaffold_023645_01G000100","protein","C1+",1,"positive"
"prot__TraesCAD_scaffold_017955_01G000300","TraesCAD_scaffold_017955_01G000300","protein","C2-",2,"negative"
"prot__TraesCAD_scaffold_017964_01G000100","TraesCAD_scaffold_017964_01G000100","protein","C2-",2,"negative"
"prot__TraesCAD_scaffold_083938_01G000100","TraesCAD_scaffold_083938_01G000100","protein","C2-",2,"negative"
"prot__TraesCAD_scaffold_040088_01G000300","TraesCAD_scaffold_040088_01G000300","protein","C2-",2,"negative"
"prot__TraesCAD_scaffold_017991_01G000300","TraesCAD_scaffold_017991_01G000300","protein","C1-",1,"negative"
"prot__TraesCAD_scaffold_035254_01G000400","TraesCAD_scaffold_035254_01G000400","protein","C1+",1,"positive"
"prot__TraesCAD_scaffold_018014_01G000100","TraesCAD_scaffold_018014_01G000100","protein","C1-",1,"negative"
"prot__TraesCAD_scaffold_065987_01G000200","TraesCAD_scaffold_065987_01G000200","protein","C1+",1,"positive"
"prot__TraesCAD_scaffold_074182_01G000100","TraesCAD_scaffold_074182_01G000100","protein","C2+",2,"positive"
"prot__TraesCAD_scaffold_131924_01G000100","TraesCAD_scaffold_131924_01G000100","protein","C1+",1,"positive"
"prot__TraesCAD_scaffold_121429_01G000100","TraesCAD_scaffold_121429_01G000100","protein","C1+",1,"positive"
"prot__TraesCAD_scaffold_018147_01G000200","TraesCAD_scaffold_018147_01G000200","protein","C1+",1,"positive"
"prot__TraesCAD_scaffold_018117_01G000700","TraesCAD_scaffold_018117_01G000700","protein","C2-",2,"negative"
"prot__TraesCAD_scaffold_018129_01G000700","TraesCAD_scaffold_018129_01G000700","protein","C1-",1,"negative"
"prot__TraesCAD_scaffold_109535_01G000100","TraesCAD_scaffold_109535_01G000100","protein","C1+",1,"positive"
"prot__TraesCAD_scaffold_018186_01G000100","TraesCAD_scaffold_018186_01G000100","protein","C2+",2,"positive"
"prot__TraesCAD_scaffold_018187_01G000200","TraesCAD_scaffold_018187_01G000200","protein","C2+",2,"positive"
"prot__TraesCAD_scaffold_086876_01G000200","TraesCAD_scaffold_086876_01G000200","protein","C1+",1,"positive"
"prot__TraesCAD_scaffold_069359_01G000300","TraesCAD_scaffold_069359_01G000300","protein","C1-",1,"negative"
"prot__TraesCAD_scaffold_094454_01G000100","TraesCAD_scaffold_094454_01G000100","protein","C1+",1,"positive"
"prot__TraesCAD_scaffold_018210_01G000300","TraesCAD_scaffold_018210_01G000300","protein","C2-",2,"negative"
"prot__TraesCAD_scaffold_018210_01G000400","TraesCAD_scaffold_018210_01G000400","protein","C1-",1,"negative"
"prot__TraesCAD_scaffold_018220_01G000400","TraesCAD_scaffold_018220_01G000400","protein","C2+",2,"positive"
"prot__TraesCAD_scaffold_018230_01G000100","TraesCAD_scaffold_018230_01G000100","protein","C2-",2,"negative"
"prot__TraesCAD_scaffold_099222_01G000100","TraesCAD_scaffold_099222_01G000100","protein","C1-",1,"negative"
"prot__TraesCAD_scaffold_018262_01G000100","TraesCAD_scaffold_018262_01G000100","protein","C2-",2,"negative"
"prot__TraesCAD_scaffold_114040_01G000100","TraesCAD_scaffold_114040_01G000100","protein","C1+",1,"positive"
"prot__TraesCAD_scaffold_018273_01G000200","TraesCAD_scaffold_018273_01G000200","protein","C2-",2,"negative"
"prot__TraesCAD_scaffold_018289_01G000100","TraesCAD_scaffold_018289_01G000100","protein","C2-",2,"negative"
"prot__TraesCAD_scaffold_018291_01G000100","TraesCAD_scaffold_018291_01G000100","protein","C1-",1,"negative"
"prot__TraesCAD_scaffold_018291_01G000400","TraesCAD_scaffold_018291_01G000400","protein","C2-",2,"negative"
"prot__TraesCAD_scaffold_018292_01G000100","TraesCAD_scaffold_018292_01G000100","protein","C2-",2,"negative"
"prot__TraesCAD_scaffold_018292_01G000200","TraesCAD_scaffold_018292_01G000200","protein","C2-",2,"negative"
"prot__TraesCAD_scaffold_018298_01G000200","TraesCAD_scaffold_018298_01G000200","protein","C1+",1,"positive"
"prot__TraesCAD_scaffold_018299_01G000100","TraesCAD_scaffold_018299_01G000100","protein","C2-",2,"negative"
"prot__TraesCAD_scaffold_018317_01G000100","TraesCAD_scaffold_018317_01G000100","protein","C1+",1,"positive"
"prot__TraesCAD_scaffold_018338_01G000100","TraesCAD_scaffold_018338_01G000100","protein","C2-",2,"negative"
"prot__TraesCAD_scaffold_248669_01G000100","TraesCAD_scaffold_248669_01G000100","protein","C2-",2,"negative"
"prot__TraesCAD_scaffold_018387_01G000400","TraesCAD_scaffold_018387_01G000400","protein","C2+",2,"positive"
"prot__TraesCAD_scaffold_018388_01G000400","TraesCAD_scaffold_018388_01G000400","protein","C1-",1,"negative"
"prot__TraesCAD_scaffold_018432_01G000100","TraesCAD_scaffold_018432_01G000100","protein","C2-",2,"negative"
"prot__TraesCAD_scaffold_018437_01G000300","TraesCAD_scaffold_018437_01G000300","protein","C2-",2,"negative"
"prot__TraesCAD_scaffold_018461_01G000500","TraesCAD_scaffold_018461_01G000500","protein","C1+",1,"positive"
"prot__TraesCAD_scaffold_018483_01G000300","TraesCAD_scaffold_018483_01G000300","protein","C1-",1,"negative"
"prot__TraesCAD_scaffold_046593_01G000100","TraesCAD_scaffold_046593_01G000100","protein","C2-",2,"negative"
"prot__TraesCAD_scaffold_018504_01G000500","TraesCAD_scaffold_018504_01G000500","protein","C1+",1,"positive"
"prot__TraesCAD_scaffold_077847_01G000100","TraesCAD_scaffold_077847_01G000100","protein","C1-",1,"negative"
"prot__TraesCAD_scaffold_018560_01G000200","TraesCAD_scaffold_018560_01G000200","protein","C2+",2,"positive"
"prot__TraesCAD_scaffold_018564_01G000500","TraesCAD_scaffold_018564_01G000500","protein","C1-",1,"negative"
"prot__TraesCAD_scaffold_092869_01G000100","TraesCAD_scaffold_092869_01G000100","protein","C1-",1,"negative"
"prot__TraesCAD_scaffold_018604_01G000200","TraesCAD_scaffold_018604_01G000200","protein","C1+",1,"positive"
"prot__TraesCAD_scaffold_047153_01G000200","TraesCAD_scaffold_047153_01G000200","protein","C1+",1,"positive"
"prot__TraesCAD_scaffold_018654_01G001000","TraesCAD_scaffold_018654_01G001000","protein","C1+",1,"positive"
"prot__TraesCAD_scaffold_040289_01G000300","TraesCAD_scaffold_040289_01G000300","protein","C1-",1,"negative"
"prot__TraesCAD_scaffold_018667_01G000600","TraesCAD_scaffold_018667_01G000600","protein","C1-",1,"negative"
"prot__TraesCAD_scaffold_083347_01G000200","TraesCAD_scaffold_083347_01G000200","protein","C2-",2,"negative"
"prot__TraesCAD_scaffold_018690_01G000300","TraesCAD_scaffold_018690_01G000300","protein","C2-",2,"negative"
"prot__TraesCAD_scaffold_116732_01G000100","TraesCAD_scaffold_116732_01G000100","protein","C2+",2,"positive"
"prot__TraesCAD_scaffold_022541_01G000200","TraesCAD_scaffold_022541_01G000200","protein","C1-",1,"negative"
"prot__TraesCAD_scaffold_018760_01G000700","TraesCAD_scaffold_018760_01G000700","protein","C2-",2,"negative"
"prot__TraesCAD_scaffold_018774_01G000200","TraesCAD_scaffold_018774_01G000200","protein","C1-",1,"negative"
"prot__TraesCAD_scaffold_091955_01G000200","TraesCAD_scaffold_091955_01G000200","protein","C2-",2,"negative"
"prot__TraesCAD_scaffold_018816_01G000100","TraesCAD_scaffold_018816_01G000100","protein","C2-",2,"negative"
"prot__TraesCAD_scaffold_018818_01G000400","TraesCAD_scaffold_018818_01G000400","protein","C1+",1,"positive"
"prot__TraesCAD_scaffold_018883_01G000200","TraesCAD_scaffold_018883_01G000200","protein","C1+",1,"positive"
"prot__TraesCAD_scaffold_018883_01G000500","TraesCAD_scaffold_018883_01G000500","protein","C2-",2,"negative"
"prot__TraesCAD_scaffold_018902_01G000500","TraesCAD_scaffold_018902_01G000500","protein","C1-",1,"negative"
"prot__TraesCAD_scaffold_018969_01G000100","TraesCAD_scaffold_018969_01G000100","protein","C2-",2,"negative"
"prot__TraesCAD_scaffold_018977_01G000100","TraesCAD_scaffold_018977_01G000100","protein","C1+",1,"positive"
"prot__TraesCAD_scaffold_018989_01G000200","TraesCAD_scaffold_018989_01G000200","protein","C1-",1,"negative"
"prot__TraesCAD_scaffold_018994_01G000100","TraesCAD_scaffold_018994_01G000100","protein","C1+",1,"positive"
"prot__TraesCAD_scaffold_032597_01G000100","TraesCAD_scaffold_032597_01G000100","protein","C2-",2,"negative"
"prot__TraesCAD_scaffold_034526_01G000100","TraesCAD_scaffold_034526_01G000100","protein","C2-",2,"negative"
"prot__TraesCAD_scaffold_019043_01G000100","TraesCAD_scaffold_019043_01G000100","protein","C2+",2,"positive"
"prot__TraesCAD_scaffold_101213_01G000200","TraesCAD_scaffold_101213_01G000200","protein","C1-",1,"negative"
"prot__TraesCAD_scaffold_019065_01G000400","TraesCAD_scaffold_019065_01G000400","protein","C1-",1,"negative"
"prot__TraesCAD_scaffold_019107_01G000600","TraesCAD_scaffold_019107_01G000600","protein","C1+",1,"positive"
"prot__TraesCAD_scaffold_019110_01G000300","TraesCAD_scaffold_019110_01G000300","protein","C1+",1,"positive"
"prot__TraesCAD_scaffold_019111_01G000100","TraesCAD_scaffold_019111_01G000100","protein","C2+",2,"positive"
"prot__TraesCAD_scaffold_019119_01G000300","TraesCAD_scaffold_019119_01G000300","protein","C1-",1,"negative"
"prot__TraesCAD_scaffold_019141_01G000200","TraesCAD_scaffold_019141_01G000200","protein","C1+",1,"positive"
"prot__TraesCAD_scaffold_019151_01G000200","TraesCAD_scaffold_019151_01G000200","protein","C1+",1,"positive"
"prot__TraesCAD_scaffold_019155_01G000100","TraesCAD_scaffold_019155_01G000100","protein","C1-",1,"negative"
"prot__TraesCAD_scaffold_019155_01G000300","TraesCAD_scaffold_019155_01G000300","protein","C1+",1,"positive"
"prot__TraesCAD_scaffold_071938_01G000100","TraesCAD_scaffold_071938_01G000100","protein","C2-",2,"negative"
"prot__TraesCAD_scaffold_087625_01G000200","TraesCAD_scaffold_087625_01G000200","protein","C1-",1,"negative"
"prot__TraesCAD_scaffold_019185_01G000100","TraesCAD_scaffold_019185_01G000100","protein","C1+",1,"positive"
"prot__TraesCAD_scaffold_019186_01G000300","TraesCAD_scaffold_019186_01G000300","protein","C1+",1,"positive"
"prot__TraesCAD_scaffold_019191_01G000200","TraesCAD_scaffold_019191_01G000200","protein","C1-",1,"negative"
"prot__TraesCAD_scaffold_019199_01G001000","TraesCAD_scaffold_019199_01G001000","protein","C1+",1,"positive"
"prot__TraesCAD_scaffold_019272_01G000200","TraesCAD_scaffold_019272_01G000200","protein","C2+",2,"positive"
"prot__TraesCAD_scaffold_019287_01G000600","TraesCAD_scaffold_019287_01G000600","protein","C2-",2,"negative"
"prot__TraesCAD_scaffold_019301_01G000100","TraesCAD_scaffold_019301_01G000100","protein","C2-",2,"negative"
"prot__TraesCAD_scaffold_019321_01G000100","TraesCAD_scaffold_019321_01G000100","protein","C1-",1,"negative"
"prot__TraesCAD_scaffold_019326_01G000100","TraesCAD_scaffold_019326_01G000100","protein","C1+",1,"positive"
"prot__TraesCAD_scaffold_167501_01G000100","TraesCAD_scaffold_167501_01G000100","protein","C1-",1,"negative"
"prot__TraesCAD_scaffold_082231_01G000100","TraesCAD_scaffold_082231_01G000100","protein","C2-",2,"negative"
"prot__TraesCAD_scaffold_031473_01G000400","TraesCAD_scaffold_031473_01G000400","protein","C2-",2,"negative"
"prot__TraesCAD_scaffold_019382_01G000600","TraesCAD_scaffold_019382_01G000600","protein","C1+",1,"positive"
"prot__TraesCAD_scaffold_019388_01G000100","TraesCAD_scaffold_019388_01G000100","protein","C1+",1,"positive"
"prot__TraesCAD_scaffold_019393_01G000100","TraesCAD_scaffold_019393_01G000100","protein","C1-",1,"negative"
"prot__TraesCAD_scaffold_061353_01G000100","TraesCAD_scaffold_061353_01G000100","protein","C2+",2,"positive"
"prot__TraesCAD_scaffold_019419_01G000300","TraesCAD_scaffold_019419_01G000300","protein","C1+",1,"positive"
"prot__TraesCAD_scaffold_019437_01G000300","TraesCAD_scaffold_019437_01G000300","protein","C2-",2,"negative"
"prot__TraesCAD_scaffold_019438_01G000300","TraesCAD_scaffold_019438_01G000300","protein","C2-",2,"negative"
"prot__TraesCAD_scaffold_019441_01G000600","TraesCAD_scaffold_019441_01G000600","protein","C2-",2,"negative"
"prot__TraesCAD_scaffold_019452_01G000200","TraesCAD_scaffold_019452_01G000200","protein","C2-",2,"negative"
"prot__TraesCAD_scaffold_019533_01G000100","TraesCAD_scaffold_019533_01G000100","protein","C2-",2,"negative"
"prot__TraesCAD_scaffold_019550_01G000200","TraesCAD_scaffold_019550_01G000200","protein","C1+",1,"positive"
"prot__TraesCAD_scaffold_019571_01G000200","TraesCAD_scaffold_019571_01G000200","protein","C2+",2,"positive"
"prot__TraesCAD_scaffold_019603_01G000100","TraesCAD_scaffold_019603_01G000100","protein","C2+",2,"positive"
"prot__TraesCAD_scaffold_019609_01G000100","TraesCAD_scaffold_019609_01G000100","protein","C1+",1,"positive"
"prot__TraesCAD_scaffold_019613_01G000200","TraesCAD_scaffold_019613_01G000200","protein","C2-",2,"negative"
"prot__TraesCAD_scaffold_038270_01G000100","TraesCAD_scaffold_038270_01G000100","protein","C1-",1,"negative"
"prot__TraesCAD_scaffold_019637_01G000100","TraesCAD_scaffold_019637_01G000100","protein","C2-",2,"negative"
"prot__TraesCAD_scaffold_019638_01G000100","TraesCAD_scaffold_019638_01G000100","protein","C1+",1,"positive"
"prot__TraesCAD_scaffold_019638_01G000300","TraesCAD_scaffold_019638_01G000300","protein","C1-",1,"negative"
"prot__TraesCAD_scaffold_080830_01G000100","TraesCAD_scaffold_080830_01G000100","protein","C2-",2,"negative"
"prot__TraesCAD_scaffold_019656_01G000100","TraesCAD_scaffold_019656_01G000100","protein","C2-",2,"negative"
"prot__TraesCAD_scaffold_019701_01G000100","TraesCAD_scaffold_019701_01G000100","protein","C1+",1,"positive"
"prot__TraesCAD_scaffold_020027_01G000200","TraesCAD_scaffold_020027_01G000200","protein","C2-",2,"negative"
"prot__TraesCAD_scaffold_023763_01G000100","TraesCAD_scaffold_023763_01G000100","protein","C1-",1,"negative"
"prot__TraesCAD_scaffold_081034_01G000300","TraesCAD_scaffold_081034_01G000300","protein","C2-",2,"negative"
"prot__TraesCAD_scaffold_019767_01G000400","TraesCAD_scaffold_019767_01G000400","protein","C1-",1,"negative"
"prot__TraesCAD_scaffold_059405_01G000100","TraesCAD_scaffold_059405_01G000100","protein","C1+",1,"positive"
"prot__TraesCAD_scaffold_019830_01G000100","TraesCAD_scaffold_019830_01G000100","protein","C1+",1,"positive"
"prot__TraesCAD_scaffold_019847_01G000300","TraesCAD_scaffold_019847_01G000300","protein","C1+",1,"positive"
"prot__TraesCAD_scaffold_019862_01G000300","TraesCAD_scaffold_019862_01G000300","protein","C1-",1,"negative"
"prot__TraesCAD_scaffold_019864_01G000400","TraesCAD_scaffold_019864_01G000400","protein","C2-",2,"negative"
"prot__TraesCAD_scaffold_019864_01G000500","TraesCAD_scaffold_019864_01G000500","protein","C2-",2,"negative"
"prot__TraesCAD_scaffold_019876_01G002000","TraesCAD_scaffold_019876_01G002000","protein","C1+",1,"positive"
"prot__TraesCAD_scaffold_019892_01G000200","TraesCAD_scaffold_019892_01G000200","protein","C2-",2,"negative"
"prot__TraesCAD_scaffold_019904_01G000100","TraesCAD_scaffold_019904_01G000100","protein","C2-",2,"negative"
"prot__TraesCAD_scaffold_019923_01G000300","TraesCAD_scaffold_019923_01G000300","protein","C2-",2,"negative"
"prot__TraesCAD_scaffold_019944_01G000200","TraesCAD_scaffold_019944_01G000200","protein","C1+",1,"positive"
"prot__TraesCAD_scaffold_019973_01G000200","TraesCAD_scaffold_019973_01G000200","protein","C1+",1,"positive"
"prot__TraesCAD_scaffold_103745_01G000200","TraesCAD_scaffold_103745_01G000200","protein","C1-",1,"negative"
"prot__TraesCAD_scaffold_020006_01G000800","TraesCAD_scaffold_020006_01G000800","protein","C1+",1,"positive"
"prot__TraesCAD_scaffold_036259_01G000100","TraesCAD_scaffold_036259_01G000100","protein","C1-",1,"negative"
"prot__TraesCAD_scaffold_020058_01G000300","TraesCAD_scaffold_020058_01G000300","protein","C1+",1,"positive"
"prot__TraesCAD_scaffold_048835_01G000200","TraesCAD_scaffold_048835_01G000200","protein","C1+",1,"positive"
"prot__TraesCAD_scaffold_081905_01G000200","TraesCAD_scaffold_081905_01G000200","protein","C1+",1,"positive"
"prot__TraesCAD_scaffold_117538_01G000300","TraesCAD_scaffold_117538_01G000300","protein","C2-",2,"negative"
"prot__TraesCAD_scaffold_083382_01G000100","TraesCAD_scaffold_083382_01G000100","protein","C2+",2,"positive"
"prot__TraesCAD_scaffold_020121_01G000300","TraesCAD_scaffold_020121_01G000300","protein","C2-",2,"negative"
"prot__TraesCAD_scaffold_079145_01G000200","TraesCAD_scaffold_079145_01G000200","protein","C1+",1,"positive"
"prot__TraesCAD_scaffold_020141_01G000100","TraesCAD_scaffold_020141_01G000100","protein","C2-",2,"negative"
"prot__TraesCAD_scaffold_020155_01G000100","TraesCAD_scaffold_020155_01G000100","protein","C2-",2,"negative"
"prot__TraesCAD_scaffold_056821_01G000400","TraesCAD_scaffold_056821_01G000400","protein","C1-",1,"negative"
"prot__TraesCAD_scaffold_083686_01G000100","TraesCAD_scaffold_083686_01G000100","protein","C2-",2,"negative"
"prot__TraesCAD_scaffold_020246_01G000600","TraesCAD_scaffold_020246_01G000600","protein","C1-",1,"negative"
"prot__TraesCAD_scaffold_020318_01G000100","TraesCAD_scaffold_020318_01G000100","protein","C1+",1,"positive"
"prot__TraesCAD_scaffold_136147_01G000100","TraesCAD_scaffold_136147_01G000100","protein","C1+",1,"positive"
"prot__TraesCAD_scaffold_022301_01G000400","TraesCAD_scaffold_022301_01G000400","protein","C1-",1,"negative"
"prot__TraesCAD_scaffold_110728_01G000100","TraesCAD_scaffold_110728_01G000100","protein","C2-",2,"negative"
"prot__TraesCAD_scaffold_020406_01G000200","TraesCAD_scaffold_020406_01G000200","protein","C1+",1,"positive"
"prot__TraesCAD_scaffold_020432_01G000500","TraesCAD_scaffold_020432_01G000500","protein","C2-",2,"negative"
"prot__TraesCAD_scaffold_020432_01G000600","TraesCAD_scaffold_020432_01G000600","protein","C2-",2,"negative"
"prot__TraesCAD_scaffold_020476_01G000200","TraesCAD_scaffold_020476_01G000200","protein","C1-",1,"negative"
"prot__TraesCAD_scaffold_020513_01G000200","TraesCAD_scaffold_020513_01G000200","protein","C1+",1,"positive"
"prot__TraesCAD_scaffold_039724_01G000100","TraesCAD_scaffold_039724_01G000100","protein","C1+",1,"positive"
"prot__TraesCAD_scaffold_020527_01G000300","TraesCAD_scaffold_020527_01G000300","protein","C2-",2,"negative"
"prot__TraesCAD_scaffold_092402_01G000200","TraesCAD_scaffold_092402_01G000200","protein","C1+",1,"positive"
"prot__TraesCAD_scaffold_020530_01G000200","TraesCAD_scaffold_020530_01G000200","protein","C1-",1,"negative"
"prot__TraesCAD_scaffold_020550_01G000300","TraesCAD_scaffold_020550_01G000300","protein","C1+",1,"positive"
"prot__TraesCAD_scaffold_020567_01G000100","TraesCAD_scaffold_020567_01G000100","protein","C1+",1,"positive"
"prot__TraesCAD_scaffold_020605_01G000100","TraesCAD_scaffold_020605_01G000100","protein","C1+",1,"positive"
"prot__TraesCAD_scaffold_105630_01G000100","TraesCAD_scaffold_105630_01G000100","protein","C1+",1,"positive"
"prot__TraesCAD_scaffold_044143_01G000200","TraesCAD_scaffold_044143_01G000200","protein","C1+",1,"positive"
"prot__TraesCAD_scaffold_020653_01G000200","TraesCAD_scaffold_020653_01G000200","protein","C1+",1,"positive"
"prot__TraesCAD_scaffold_020655_01G000200","TraesCAD_scaffold_020655_01G000200","protein","C2-",2,"negative"
"prot__TraesCAD_scaffold_020663_01G000300","TraesCAD_scaffold_020663_01G000300","protein","C1+",1,"positive"
"prot__TraesCAD_scaffold_020674_01G000300","TraesCAD_scaffold_020674_01G000300","protein","C1-",1,"negative"
"prot__TraesCAD_scaffold_020690_01G000300","TraesCAD_scaffold_020690_01G000300","protein","C1+",1,"positive"
"prot__TraesCAD_scaffold_020692_01G000100","TraesCAD_scaffold_020692_01G000100","protein","C1+",1,"positive"
"prot__TraesCAD_scaffold_020697_01G000100","TraesCAD_scaffold_020697_01G000100","protein","C2-",2,"negative"
"prot__TraesCAD_scaffold_020700_01G000200","TraesCAD_scaffold_020700_01G000200","protein","C1-",1,"negative"
"prot__TraesCAD_scaffold_020710_01G000100","TraesCAD_scaffold_020710_01G000100","protein","C1+",1,"positive"
"prot__TraesCAD_scaffold_086045_01G000100","TraesCAD_scaffold_086045_01G000100","protein","C1+",1,"positive"
"prot__TraesCAD_scaffold_020754_01G000300","TraesCAD_scaffold_020754_01G000300","protein","C2-",2,"negative"
"prot__TraesCAD_scaffold_020766_01G000100","TraesCAD_scaffold_020766_01G000100","protein","C2-",2,"negative"
"prot__TraesCAD_scaffold_020768_01G000100","TraesCAD_scaffold_020768_01G000100","protein","C1-",1,"negative"
"prot__TraesCAD_scaffold_020794_01G000300","TraesCAD_scaffold_020794_01G000300","protein","C1+",1,"positive"
"prot__TraesCAD_scaffold_020812_01G000100","TraesCAD_scaffold_020812_01G000100","protein","C1+",1,"positive"
"prot__TraesCAD_scaffold_060113_01G000100","TraesCAD_scaffold_060113_01G000100","protein","C2+",2,"positive"
"prot__TraesCAD_scaffold_020844_01G000200","TraesCAD_scaffold_020844_01G000200","protein","C2-",2,"negative"
"prot__TraesCAD_scaffold_020853_01G000100","TraesCAD_scaffold_020853_01G000100","protein","C1-",1,"negative"
"prot__TraesCAD_scaffold_085577_01G000100","TraesCAD_scaffold_085577_01G000100","protein","C2-",2,"negative"
"prot__TraesCAD_scaffold_020926_01G000200","TraesCAD_scaffold_020926_01G000200","protein","C1+",1,"positive"
"prot__TraesCAD_scaffold_020994_01G000100","TraesCAD_scaffold_020994_01G000100","protein","C1-",1,"negative"
"prot__TraesCAD_scaffold_021013_01G000100","TraesCAD_scaffold_021013_01G000100","protein","C2+",2,"positive"
"prot__TraesCAD_scaffold_021060_01G000200","TraesCAD_scaffold_021060_01G000200","protein","C1+",1,"positive"
"prot__TraesCAD_scaffold_021066_01G000100","TraesCAD_scaffold_021066_01G000100","protein","C1-",1,"negative"
"prot__TraesCAD_scaffold_085940_01G000200","TraesCAD_scaffold_085940_01G000200","protein","C1+",1,"positive"
"prot__TraesCAD_scaffold_057742_01G000200","TraesCAD_scaffold_057742_01G000200","protein","C1+",1,"positive"
"prot__TraesCAD_scaffold_021107_01G000300","TraesCAD_scaffold_021107_01G000300","protein","C2-",2,"negative"
"prot__TraesCAD_scaffold_021111_01G000100","TraesCAD_scaffold_021111_01G000100","protein","C2-",2,"negative"
"prot__TraesCAD_scaffold_111727_01G000100","TraesCAD_scaffold_111727_01G000100","protein","C2-",2,"negative"
"prot__TraesCAD_scaffold_103057_01G000200","TraesCAD_scaffold_103057_01G000200","protein","C1+",1,"positive"
"prot__TraesCAD_scaffold_115941_01G000400","TraesCAD_scaffold_115941_01G000400","protein","C1-",1,"negative"
"prot__TraesCAD_scaffold_021207_01G000100","TraesCAD_scaffold_021207_01G000100","protein","C2+",2,"positive"
"prot__TraesCAD_scaffold_021221_01G000100","TraesCAD_scaffold_021221_01G000100","protein","C2-",2,"negative"
"prot__TraesCAD_scaffold_021231_01G000100","TraesCAD_scaffold_021231_01G000100","protein","C1-",1,"negative"
"prot__TraesCAD_scaffold_047234_01G000400","TraesCAD_scaffold_047234_01G000400","protein","C1-",1,"negative"
"prot__TraesCAD_scaffold_021246_01G000300","TraesCAD_scaffold_021246_01G000300","protein","C1+",1,"positive"
"prot__TraesCAD_scaffold_021256_01G000100","TraesCAD_scaffold_021256_01G000100","protein","C1+",1,"positive"
"prot__TraesCAD_scaffold_021259_01G000400","TraesCAD_scaffold_021259_01G000400","protein","C1+",1,"positive"
"prot__TraesCAD_scaffold_021306_01G000100","TraesCAD_scaffold_021306_01G000100","protein","C1+",1,"positive"
"prot__TraesCAD_scaffold_021306_01G000500","TraesCAD_scaffold_021306_01G000500","protein","C1+",1,"positive"
"prot__TraesCAD_scaffold_023592_01G000100","TraesCAD_scaffold_023592_01G000100","protein","C2-",2,"negative"
"prot__TraesCAD_scaffold_064667_01G000100","TraesCAD_scaffold_064667_01G000100","protein","C1-",1,"negative"
"prot__TraesCAD_scaffold_046197_01G000100","TraesCAD_scaffold_046197_01G000100","protein","C1+",1,"positive"
"prot__TraesCAD_scaffold_031639_01G000300","TraesCAD_scaffold_031639_01G000300","protein","C1+",1,"positive"
"prot__TraesCAD_scaffold_021388_01G000100","TraesCAD_scaffold_021388_01G000100","protein","C1+",1,"positive"
"prot__TraesCAD_scaffold_021390_01G000100","TraesCAD_scaffold_021390_01G000100","protein","C1+",1,"positive"
"prot__TraesCAD_scaffold_021426_01G000300","TraesCAD_scaffold_021426_01G000300","protein","C2-",2,"negative"
"prot__TraesCAD_scaffold_021448_01G000200","TraesCAD_scaffold_021448_01G000200","protein","C1+",1,"positive"
"prot__TraesCAD_scaffold_021461_01G000100","TraesCAD_scaffold_021461_01G000100","protein","C2+",2,"positive"
"prot__TraesCAD_scaffold_067137_01G000100","TraesCAD_scaffold_067137_01G000100","protein","C2-",2,"negative"
"prot__TraesCAD_scaffold_044119_01G000100","TraesCAD_scaffold_044119_01G000100","protein","C2-",2,"negative"
"prot__TraesCAD_scaffold_095195_01G000200","TraesCAD_scaffold_095195_01G000200","protein","C1-",1,"negative"
"prot__TraesCAD_scaffold_021501_01G000300","TraesCAD_scaffold_021501_01G000300","protein","C2+",2,"positive"
"prot__TraesCAD_scaffold_073885_01G000200","TraesCAD_scaffold_073885_01G000200","protein","C1+",1,"positive"
"prot__TraesCAD_scaffold_124078_01G000100","TraesCAD_scaffold_124078_01G000100","protein","C2+",2,"positive"
"prot__TraesCAD_scaffold_124078_01G000200","TraesCAD_scaffold_124078_01G000200","protein","C2-",2,"negative"
"prot__TraesCAD_scaffold_021586_01G000200","TraesCAD_scaffold_021586_01G000200","protein","C1+",1,"positive"
"prot__TraesCAD_scaffold_103663_01G000100","TraesCAD_scaffold_103663_01G000100","protein","C1+",1,"positive"
"prot__TraesCAD_scaffold_121478_01G000100","TraesCAD_scaffold_121478_01G000100","protein","C1+",1,"positive"
"prot__TraesCAD_scaffold_021668_01G000100","TraesCAD_scaffold_021668_01G000100","protein","C1-",1,"negative"
"prot__TraesCAD_scaffold_021691_01G000200","TraesCAD_scaffold_021691_01G000200","protein","C1+",1,"positive"
"prot__TraesCAD_scaffold_021710_01G000100","TraesCAD_scaffold_021710_01G000100","protein","C1+",1,"positive"
"prot__TraesCAD_scaffold_084176_01G000100","TraesCAD_scaffold_084176_01G000100","protein","C2-",2,"negative"
"prot__TraesCAD_scaffold_021735_01G000300","TraesCAD_scaffold_021735_01G000300","protein","C2-",2,"negative"
"prot__TraesCAD_scaffold_021743_01G000200","TraesCAD_scaffold_021743_01G000200","protein","C1+",1,"positive"
"prot__TraesCAD_scaffold_021755_01G000500","TraesCAD_scaffold_021755_01G000500","protein","C1+",1,"positive"
"prot__TraesCAD_scaffold_077717_01G000700","TraesCAD_scaffold_077717_01G000700","protein","C1+",1,"positive"
"prot__TraesCAD_scaffold_021759_01G000200","TraesCAD_scaffold_021759_01G000200","protein","C2-",2,"negative"
"prot__TraesCAD_scaffold_021765_01G000100","TraesCAD_scaffold_021765_01G000100","protein","C1+",1,"positive"
"prot__TraesCAD_scaffold_021781_01G000100","TraesCAD_scaffold_021781_01G000100","protein","C1-",1,"negative"
"prot__TraesCAD_scaffold_021801_01G000100","TraesCAD_scaffold_021801_01G000100","protein","C1+",1,"positive"
"prot__TraesCAD_scaffold_021805_01G000400","TraesCAD_scaffold_021805_01G000400","protein","C1+",1,"positive"
"prot__TraesCAD_scaffold_021826_01G000100","TraesCAD_scaffold_021826_01G000100","protein","C1+",1,"positive"
"prot__TraesCAD_scaffold_021840_01G000400","TraesCAD_scaffold_021840_01G000400","protein","C1+",1,"positive"
"prot__TraesCAD_scaffold_021862_01G000100","TraesCAD_scaffold_021862_01G000100","protein","C2-",2,"negative"
"prot__TraesCAD_scaffold_049499_01G000400","TraesCAD_scaffold_049499_01G000400","protein","C2-",2,"negative"
"prot__TraesCAD_scaffold_049052_01G000100","TraesCAD_scaffold_049052_01G000100","protein","C2-",2,"negative"
"prot__TraesCAD_scaffold_021884_01G000200","TraesCAD_scaffold_021884_01G000200","protein","C1+",1,"positive"
"prot__TraesCAD_scaffold_021917_01G000100","TraesCAD_scaffold_021917_01G000100","protein","C2-",2,"negative"
"prot__TraesCAD_scaffold_021918_01G000100","TraesCAD_scaffold_021918_01G000100","protein","C1-",1,"negative"
"prot__TraesCAD_scaffold_021930_01G000200","TraesCAD_scaffold_021930_01G000200","protein","C2-",2,"negative"
"prot__TraesCAD_scaffold_021933_01G000100","TraesCAD_scaffold_021933_01G000100","protein","C1+",1,"positive"
"prot__TraesCAD_scaffold_021940_01G000300","TraesCAD_scaffold_021940_01G000300","protein","C1-",1,"negative"
"prot__TraesCAD_scaffold_021955_01G000100","TraesCAD_scaffold_021955_01G000100","protein","C2-",2,"negative"
"prot__TraesCAD_scaffold_029884_01G000100","TraesCAD_scaffold_029884_01G000100","protein","C2-",2,"negative"
"prot__TraesCAD_scaffold_021989_01G000400","TraesCAD_scaffold_021989_01G000400","protein","C1+",1,"positive"
"prot__TraesCAD_scaffold_022005_01G000100","TraesCAD_scaffold_022005_01G000100","protein","C2+",2,"positive"
"prot__TraesCAD_scaffold_022044_01G000100","TraesCAD_scaffold_022044_01G000100","protein","C2-",2,"negative"
"prot__TraesCAD_scaffold_022057_01G000100","TraesCAD_scaffold_022057_01G000100","protein","C1+",1,"positive"
"prot__TraesCAD_scaffold_022064_01G000400","TraesCAD_scaffold_022064_01G000400","protein","C1-",1,"negative"
"prot__TraesCAD_scaffold_022091_01G000300","TraesCAD_scaffold_022091_01G000300","protein","C1-",1,"negative"
"prot__TraesCAD_scaffold_022099_01G000200","TraesCAD_scaffold_022099_01G000200","protein","C1-",1,"negative"
"prot__TraesCAD_scaffold_022118_01G000100","TraesCAD_scaffold_022118_01G000100","protein","C1+",1,"positive"
"prot__TraesCAD_scaffold_022122_01G000100","TraesCAD_scaffold_022122_01G000100","protein","C1-",1,"negative"
"prot__TraesCAD_scaffold_072880_01G000200","TraesCAD_scaffold_072880_01G000200","protein","C2-",2,"negative"
"prot__TraesCAD_scaffold_022164_01G000100","TraesCAD_scaffold_022164_01G000100","protein","C1+",1,"positive"
"prot__TraesCAD_scaffold_022164_01G000300","TraesCAD_scaffold_022164_01G000300","protein","C2+",2,"positive"
"prot__TraesCAD_scaffold_022190_01G000400","TraesCAD_scaffold_022190_01G000400","protein","C1+",1,"positive"
"prot__TraesCAD_scaffold_091698_01G000300","TraesCAD_scaffold_091698_01G000300","protein","C1-",1,"negative"
"prot__TraesCAD_scaffold_022238_01G000200","TraesCAD_scaffold_022238_01G000200","protein","C1+",1,"positive"
"prot__TraesCAD_scaffold_022239_01G000100","TraesCAD_scaffold_022239_01G000100","protein","C2+",2,"positive"
"prot__TraesCAD_scaffold_022313_01G000100","TraesCAD_scaffold_022313_01G000100","protein","C1+",1,"positive"
"prot__TraesCAD_scaffold_022367_01G000200","TraesCAD_scaffold_022367_01G000200","protein","C2+",2,"positive"
"prot__TraesCAD_scaffold_022419_01G000200","TraesCAD_scaffold_022419_01G000200","protein","C1+",1,"positive"
"prot__TraesCAD_scaffold_022426_01G000100","TraesCAD_scaffold_022426_01G000100","protein","C2-",2,"negative"
"prot__TraesCAD_scaffold_022464_01G000300","TraesCAD_scaffold_022464_01G000300","protein","C1+",1,"positive"
"prot__TraesCAD_scaffold_022476_01G000300","TraesCAD_scaffold_022476_01G000300","protein","C2-",2,"negative"
"prot__TraesCAD_scaffold_064500_01G000300","TraesCAD_scaffold_064500_01G000300","protein","C1+",1,"positive"
"prot__TraesCAD_scaffold_022538_01G000100","TraesCAD_scaffold_022538_01G000100","protein","C2-",2,"negative"
"prot__TraesCAD_scaffold_022571_01G000200","TraesCAD_scaffold_022571_01G000200","protein","C1+",1,"positive"
"prot__TraesCAD_scaffold_022575_01G000200","TraesCAD_scaffold_022575_01G000200","protein","C1+",1,"positive"
"prot__TraesCAD_scaffold_022587_01G000200","TraesCAD_scaffold_022587_01G000200","protein","C2-",2,"negative"
"prot__TraesCAD_scaffold_022602_01G000200","TraesCAD_scaffold_022602_01G000200","protein","C1+",1,"positive"
"prot__TraesCAD_scaffold_022613_01G000100","TraesCAD_scaffold_022613_01G000100","protein","C1+",1,"positive"
"prot__TraesCAD_scaffold_022623_01G000100","TraesCAD_scaffold_022623_01G000100","protein","C1+",1,"positive"
"prot__TraesCAD_scaffold_022636_01G000200","TraesCAD_scaffold_022636_01G000200","protein","C1+",1,"positive"
"prot__TraesCAD_scaffold_048900_01G000100","TraesCAD_scaffold_048900_01G000100","protein","C1-",1,"negative"
"prot__TraesCAD_scaffold_022656_01G000100","TraesCAD_scaffold_022656_01G000100","protein","C2-",2,"negative"
"prot__TraesCAD_scaffold_041713_01G000400","TraesCAD_scaffold_041713_01G000400","protein","C2-",2,"negative"
"prot__TraesCAD_scaffold_049639_01G000100","TraesCAD_scaffold_049639_01G000100","protein","C1+",1,"positive"
"prot__TraesCAD_scaffold_043377_01G000100","TraesCAD_scaffold_043377_01G000100","protein","C2-",2,"negative"
"prot__TraesCAD_scaffold_022716_01G000500","TraesCAD_scaffold_022716_01G000500","protein","C2-",2,"negative"
"prot__TraesCAD_scaffold_022744_01G000100","TraesCAD_scaffold_022744_01G000100","protein","C2-",2,"negative"
"prot__TraesCAD_scaffold_054912_01G000200","TraesCAD_scaffold_054912_01G000200","protein","C2-",2,"negative"
"prot__TraesCAD_scaffold_125814_01G000100","TraesCAD_scaffold_125814_01G000100","protein","C2-",2,"negative"
"prot__TraesCAD_scaffold_022788_01G000100","TraesCAD_scaffold_022788_01G000100","protein","C1+",1,"positive"
"prot__TraesCAD_scaffold_022789_01G000300","TraesCAD_scaffold_022789_01G000300","protein","C2-",2,"negative"
"prot__TraesCAD_scaffold_077507_01G000300","TraesCAD_scaffold_077507_01G000300","protein","C1-",1,"negative"
"prot__TraesCAD_scaffold_022804_01G000300","TraesCAD_scaffold_022804_01G000300","protein","C1+",1,"positive"
"prot__TraesCAD_scaffold_077991_01G000100","TraesCAD_scaffold_077991_01G000100","protein","C1-",1,"negative"
"prot__TraesCAD_scaffold_022813_01G000200","TraesCAD_scaffold_022813_01G000200","protein","C2-",2,"negative"
"prot__TraesCAD_scaffold_097507_01G000100","TraesCAD_scaffold_097507_01G000100","protein","C1+",1,"positive"
"prot__TraesCAD_scaffold_022872_01G000200","TraesCAD_scaffold_022872_01G000200","protein","C1+",1,"positive"
"prot__TraesCAD_scaffold_022878_01G000200","TraesCAD_scaffold_022878_01G000200","protein","C1-",1,"negative"
"prot__TraesCAD_scaffold_056412_01G000100","TraesCAD_scaffold_056412_01G000100","protein","C1-",1,"negative"
"prot__TraesCAD_scaffold_022887_01G000100","TraesCAD_scaffold_022887_01G000100","protein","C1+",1,"positive"
"prot__TraesCAD_scaffold_022910_01G000100","TraesCAD_scaffold_022910_01G000100","protein","C2-",2,"negative"
"prot__TraesCAD_scaffold_056591_01G000400","TraesCAD_scaffold_056591_01G000400","protein","C1-",1,"negative"
"prot__TraesCAD_scaffold_068629_01G000200","TraesCAD_scaffold_068629_01G000200","protein","C1-",1,"negative"
"prot__TraesCAD_scaffold_022947_01G000100","TraesCAD_scaffold_022947_01G000100","protein","C2-",2,"negative"
"prot__TraesCAD_scaffold_080568_01G000200","TraesCAD_scaffold_080568_01G000200","protein","C1+",1,"positive"
"prot__TraesCAD_scaffold_022983_01G000100","TraesCAD_scaffold_022983_01G000100","protein","C1+",1,"positive"
"prot__TraesCAD_scaffold_023006_01G000100","TraesCAD_scaffold_023006_01G000100","protein","C1-",1,"negative"
"prot__TraesCAD_scaffold_111991_01G000100","TraesCAD_scaffold_111991_01G000100","protein","C1+",1,"positive"
"prot__TraesCAD_scaffold_023074_01G000200","TraesCAD_scaffold_023074_01G000200","protein","C2-",2,"negative"
"prot__TraesCAD_scaffold_035989_01G000800","TraesCAD_scaffold_035989_01G000800","protein","C1+",1,"positive"
"prot__TraesCAD_scaffold_023080_01G000400","TraesCAD_scaffold_023080_01G000400","protein","C2-",2,"negative"
"prot__TraesCAD_scaffold_023111_01G000200","TraesCAD_scaffold_023111_01G000200","protein","C1-",1,"negative"
"prot__TraesCAD_scaffold_023171_01G000100","TraesCAD_scaffold_023171_01G000100","protein","C1+",1,"positive"
"prot__TraesCAD_scaffold_028309_01G000400","TraesCAD_scaffold_028309_01G000400","protein","C1+",1,"positive"
"prot__TraesCAD_scaffold_023201_01G000600","TraesCAD_scaffold_023201_01G000600","protein","C1-",1,"negative"
"prot__TraesCAD_scaffold_023223_01G000100","TraesCAD_scaffold_023223_01G000100","protein","C1+",1,"positive"
"prot__TraesCAD_scaffold_023230_01G000400","TraesCAD_scaffold_023230_01G000400","protein","C1+",1,"positive"
"prot__TraesCAD_scaffold_082553_01G000200","TraesCAD_scaffold_082553_01G000200","protein","C2-",2,"negative"
"prot__TraesCAD_scaffold_041470_01G000100","TraesCAD_scaffold_041470_01G000100","protein","C2-",2,"negative"
"prot__TraesCAD_scaffold_074681_01G000200","TraesCAD_scaffold_074681_01G000200","protein","C2-",2,"negative"
"prot__TraesCAD_scaffold_093310_01G000500","TraesCAD_scaffold_093310_01G000500","protein","C2-",2,"negative"
"prot__TraesCAD_scaffold_062650_01G000200","TraesCAD_scaffold_062650_01G000200","protein","C1+",1,"positive"
"prot__TraesCAD_scaffold_023333_01G000100","TraesCAD_scaffold_023333_01G000100","protein","C1+",1,"positive"
"prot__TraesCAD_scaffold_076838_01G000300","TraesCAD_scaffold_076838_01G000300","protein","C1-",1,"negative"
"prot__TraesCAD_scaffold_023388_01G000300","TraesCAD_scaffold_023388_01G000300","protein","C2-",2,"negative"
"prot__TraesCAD_scaffold_023400_01G000200","TraesCAD_scaffold_023400_01G000200","protein","C1-",1,"negative"
"prot__TraesCAD_scaffold_023436_01G000400","TraesCAD_scaffold_023436_01G000400","protein","C1+",1,"positive"
"prot__TraesCAD_scaffold_123359_01G000200","TraesCAD_scaffold_123359_01G000200","protein","C2+",2,"positive"
"prot__TraesCAD_scaffold_076562_01G000200","TraesCAD_scaffold_076562_01G000200","protein","C1-",1,"negative"
"prot__TraesCAD_scaffold_023494_01G000200","TraesCAD_scaffold_023494_01G000200","protein","C1+",1,"positive"
"prot__TraesCAD_scaffold_023539_01G000100","TraesCAD_scaffold_023539_01G000100","protein","C2+",2,"positive"
"prot__TraesCAD_scaffold_023544_01G000100","TraesCAD_scaffold_023544_01G000100","protein","C2-",2,"negative"
"prot__TraesCAD_scaffold_023565_01G000100","TraesCAD_scaffold_023565_01G000100","protein","C2-",2,"negative"
"prot__TraesCAD_scaffold_023570_01G000300","TraesCAD_scaffold_023570_01G000300","protein","C2-",2,"negative"
"prot__TraesCAD_scaffold_023592_01G000500","TraesCAD_scaffold_023592_01G000500","protein","C2-",2,"negative"
"prot__TraesCAD_scaffold_023601_01G000100","TraesCAD_scaffold_023601_01G000100","protein","C2-",2,"negative"
"prot__TraesCAD_scaffold_072978_01G000200","TraesCAD_scaffold_072978_01G000200","protein","C2-",2,"negative"
"prot__TraesCAD_scaffold_023619_01G000100","TraesCAD_scaffold_023619_01G000100","protein","C2-",2,"negative"
"prot__TraesCAD_scaffold_091993_01G000100","TraesCAD_scaffold_091993_01G000100","protein","C1-",1,"negative"
"prot__TraesCAD_scaffold_032284_01G000400","TraesCAD_scaffold_032284_01G000400","protein","C2-",2,"negative"
"prot__TraesCAD_scaffold_023647_01G000200","TraesCAD_scaffold_023647_01G000200","protein","C1+",1,"positive"
"prot__TraesCAD_scaffold_023652_01G000100","TraesCAD_scaffold_023652_01G000100","protein","C2+",2,"positive"
"prot__TraesCAD_scaffold_023661_01G000100","TraesCAD_scaffold_023661_01G000100","protein","C1+",1,"positive"
"prot__TraesCAD_scaffold_023669_01G000400","TraesCAD_scaffold_023669_01G000400","protein","C1+",1,"positive"
"prot__TraesCAD_scaffold_023692_01G000100","TraesCAD_scaffold_023692_01G000100","protein","C1-",1,"negative"
"prot__TraesCAD_scaffold_023766_01G000300","TraesCAD_scaffold_023766_01G000300","protein","C1+",1,"positive"
"prot__TraesCAD_scaffold_023779_01G000200","TraesCAD_scaffold_023779_01G000200","protein","C2-",2,"negative"
"prot__TraesCAD_scaffold_023791_01G000200","TraesCAD_scaffold_023791_01G000200","protein","C1-",1,"negative"
"prot__TraesCAD_scaffold_124065_01G000100","TraesCAD_scaffold_124065_01G000100","protein","C2-",2,"negative"
"prot__TraesCAD_scaffold_023837_01G000100","TraesCAD_scaffold_023837_01G000100","protein","C2-",2,"negative"
"prot__TraesCAD_scaffold_023838_01G000200","TraesCAD_scaffold_023838_01G000200","protein","C1+",1,"positive"
"prot__TraesCAD_scaffold_023866_01G000100","TraesCAD_scaffold_023866_01G000100","protein","C2-",2,"negative"
"prot__TraesCAD_scaffold_023889_01G000200","TraesCAD_scaffold_023889_01G000200","protein","C2-",2,"negative"
"prot__TraesCAD_scaffold_100876_01G000100","TraesCAD_scaffold_100876_01G000100","protein","C1-",1,"negative"
"prot__TraesCAD_scaffold_023915_01G000200","TraesCAD_scaffold_023915_01G000200","protein","C2-",2,"negative"
"prot__TraesCAD_scaffold_023933_01G000100","TraesCAD_scaffold_023933_01G000100","protein","C2-",2,"negative"
"prot__TraesCAD_scaffold_092346_01G000100","TraesCAD_scaffold_092346_01G000100","protein","C2-",2,"negative"
"prot__TraesCAD_scaffold_062072_01G000200","TraesCAD_scaffold_062072_01G000200","protein","C2-",2,"negative"
"prot__TraesCAD_scaffold_023961_01G000400","TraesCAD_scaffold_023961_01G000400","protein","C2-",2,"negative"
"prot__TraesCAD_scaffold_023973_01G000100","TraesCAD_scaffold_023973_01G000100","protein","C2-",2,"negative"
"prot__TraesCAD_scaffold_113921_01G000100","TraesCAD_scaffold_113921_01G000100","protein","C1+",1,"positive"
"prot__TraesCAD_scaffold_082235_01G000300","TraesCAD_scaffold_082235_01G000300","protein","C1+",1,"positive"
"prot__TraesCAD_scaffold_024038_01G000100","TraesCAD_scaffold_024038_01G000100","protein","C2-",2,"negative"
"prot__TraesCAD_scaffold_114225_01G000100","TraesCAD_scaffold_114225_01G000100","protein","C2-",2,"negative"
"prot__TraesCAD_scaffold_103170_01G000100","TraesCAD_scaffold_103170_01G000100","protein","C2-",2,"negative"
"prot__TraesCAD_scaffold_048761_01G000400","TraesCAD_scaffold_048761_01G000400","protein","C2+",2,"positive"
"prot__TraesCAD_scaffold_024179_01G000100","TraesCAD_scaffold_024179_01G000100","protein","C1+",1,"positive"
"prot__TraesCAD_scaffold_861569_01G000100","TraesCAD_scaffold_861569_01G000100","protein","C2-",2,"negative"
"prot__TraesCAD_scaffold_024216_01G000600","TraesCAD_scaffold_024216_01G000600","protein","C1+",1,"positive"
"prot__TraesCAD_scaffold_024220_01G000100","TraesCAD_scaffold_024220_01G000100","protein","C2-",2,"negative"
"prot__TraesCAD_scaffold_024267_01G000200","TraesCAD_scaffold_024267_01G000200","protein","C1+",1,"positive"
"prot__TraesCAD_scaffold_038040_01G000200","TraesCAD_scaffold_038040_01G000200","protein","C1-",1,"negative"
"prot__TraesCAD_scaffold_024323_01G000300","TraesCAD_scaffold_024323_01G000300","protein","C1-",1,"negative"
"prot__TraesCAD_scaffold_024356_01G000300","TraesCAD_scaffold_024356_01G000300","protein","C2+",2,"positive"
"prot__TraesCAD_scaffold_024406_01G000200","TraesCAD_scaffold_024406_01G000200","protein","C2-",2,"negative"
"prot__TraesCAD_scaffold_024416_01G000100","TraesCAD_scaffold_024416_01G000100","protein","C1+",1,"positive"
"prot__TraesCAD_scaffold_032741_01G000300","TraesCAD_scaffold_032741_01G000300","protein","C1+",1,"positive"
"prot__TraesCAD_scaffold_024445_01G000100","TraesCAD_scaffold_024445_01G000100","protein","C2-",2,"negative"
"prot__TraesCAD_scaffold_083570_01G000200","TraesCAD_scaffold_083570_01G000200","protein","C1-",1,"negative"
"prot__TraesCAD_scaffold_024466_01G000300","TraesCAD_scaffold_024466_01G000300","protein","C2-",2,"negative"
"prot__TraesCAD_scaffold_024483_01G000500","TraesCAD_scaffold_024483_01G000500","protein","C1-",1,"negative"
"prot__TraesCAD_scaffold_024516_01G000100","TraesCAD_scaffold_024516_01G000100","protein","C1+",1,"positive"
"prot__TraesCAD_scaffold_024524_01G000300","TraesCAD_scaffold_024524_01G000300","protein","C2-",2,"negative"
"prot__TraesCAD_scaffold_024558_01G000200","TraesCAD_scaffold_024558_01G000200","protein","C1+",1,"positive"
"prot__TraesCAD_scaffold_024572_01G000500","TraesCAD_scaffold_024572_01G000500","protein","C1+",1,"positive"
"prot__TraesCAD_scaffold_024591_01G000100","TraesCAD_scaffold_024591_01G000100","protein","C1+",1,"positive"
"prot__TraesCAD_scaffold_066098_01G000100","TraesCAD_scaffold_066098_01G000100","protein","C1-",1,"negative"
"prot__TraesCAD_scaffold_111896_01G000100","TraesCAD_scaffold_111896_01G000100","protein","C2-",2,"negative"
"prot__TraesCAD_scaffold_024667_01G000300","TraesCAD_scaffold_024667_01G000300","protein","C2+",2,"positive"
"prot__TraesCAD_scaffold_024694_01G000100","TraesCAD_scaffold_024694_01G000100","protein","C2-",2,"negative"
"prot__TraesCAD_scaffold_024717_01G000300","TraesCAD_scaffold_024717_01G000300","protein","C2-",2,"negative"
"prot__TraesCAD_scaffold_024719_01G000400","TraesCAD_scaffold_024719_01G000400","protein","C2-",2,"negative"
"prot__TraesCAD_scaffold_034790_01G000100","TraesCAD_scaffold_034790_01G000100","protein","C2-",2,"negative"
"prot__TraesCAD_scaffold_034790_01G000200","TraesCAD_scaffold_034790_01G000200","protein","C1-",1,"negative"
"prot__TraesCAD_scaffold_024804_01G000400","TraesCAD_scaffold_024804_01G000400","protein","C1+",1,"positive"
"prot__TraesCAD_scaffold_093184_01G000100","TraesCAD_scaffold_093184_01G000100","protein","C2+",2,"positive"
"prot__TraesCAD_scaffold_024820_01G000100","TraesCAD_scaffold_024820_01G000100","protein","C1+",1,"positive"
"prot__TraesCAD_scaffold_024829_01G000100","TraesCAD_scaffold_024829_01G000100","protein","C1+",1,"positive"
"prot__TraesCAD_scaffold_024859_01G000200","TraesCAD_scaffold_024859_01G000200","protein","C1+",1,"positive"
"prot__TraesCAD_scaffold_024880_01G000100","TraesCAD_scaffold_024880_01G000100","protein","C2+",2,"positive"
"prot__TraesCAD_scaffold_024905_01G000100","TraesCAD_scaffold_024905_01G000100","protein","C2-",2,"negative"
"prot__TraesCAD_scaffold_087764_01G000100","TraesCAD_scaffold_087764_01G000100","protein","C2-",2,"negative"
"prot__TraesCAD_scaffold_024916_01G000100","TraesCAD_scaffold_024916_01G000100","protein","C1-",1,"negative"
"prot__TraesCAD_scaffold_024916_01G000200","TraesCAD_scaffold_024916_01G000200","protein","C1+",1,"positive"
"prot__TraesCAD_scaffold_100909_01G000100","TraesCAD_scaffold_100909_01G000100","protein","C1+",1,"positive"
"prot__TraesCAD_scaffold_106785_01G000100","TraesCAD_scaffold_106785_01G000100","protein","C2+",2,"positive"
"prot__TraesCAD_scaffold_086703_01G000200","TraesCAD_scaffold_086703_01G000200","protein","C1+",1,"positive"
"prot__TraesCAD_scaffold_082103_01G000200","TraesCAD_scaffold_082103_01G000200","protein","C2-",2,"negative"
"prot__TraesCAD_scaffold_025029_01G000100","TraesCAD_scaffold_025029_01G000100","protein","C2-",2,"negative"
"prot__TraesCAD_scaffold_095182_01G000100","TraesCAD_scaffold_095182_01G000100","protein","C1+",1,"positive"
"prot__TraesCAD_scaffold_025051_01G000100","TraesCAD_scaffold_025051_01G000100","protein","C1+",1,"positive"
"prot__TraesCAD_scaffold_106994_01G000100","TraesCAD_scaffold_106994_01G000100","protein","C1-",1,"negative"
"prot__TraesCAD_scaffold_025068_01G000200","TraesCAD_scaffold_025068_01G000200","protein","C1-",1,"negative"
"prot__TraesCAD_scaffold_025069_01G000500","TraesCAD_scaffold_025069_01G000500","protein","C1-",1,"negative"
"prot__TraesCAD_scaffold_074725_01G000200","TraesCAD_scaffold_074725_01G000200","protein","C2-",2,"negative"
"prot__TraesCAD_scaffold_048271_01G000200","TraesCAD_scaffold_048271_01G000200","protein","C1+",1,"positive"
"prot__TraesCAD_scaffold_025149_01G000100","TraesCAD_scaffold_025149_01G000100","protein","C2-",2,"negative"
"prot__TraesCAD_scaffold_025166_01G000100","TraesCAD_scaffold_025166_01G000100","protein","C2-",2,"negative"
"prot__TraesCAD_scaffold_025170_01G000400","TraesCAD_scaffold_025170_01G000400","protein","C2-",2,"negative"
"prot__TraesCAD_scaffold_079313_01G000100","TraesCAD_scaffold_079313_01G000100","protein","C1+",1,"positive"
"prot__TraesCAD_scaffold_079313_01G000400","TraesCAD_scaffold_079313_01G000400","protein","C2-",2,"negative"
"prot__TraesCAD_scaffold_086160_01G000100","TraesCAD_scaffold_086160_01G000100","protein","C2-",2,"negative"
"prot__TraesCAD_scaffold_079852_01G000100","TraesCAD_scaffold_079852_01G000100","protein","C1+",1,"positive"
"prot__TraesCAD_scaffold_025206_01G000300","TraesCAD_scaffold_025206_01G000300","protein","C2-",2,"negative"
"prot__TraesCAD_scaffold_025209_01G000500","TraesCAD_scaffold_025209_01G000500","protein","C2+",2,"positive"
"prot__TraesCAD_scaffold_060734_01G000100","TraesCAD_scaffold_060734_01G000100","protein","C1+",1,"positive"
"prot__TraesCAD_scaffold_103257_01G000100","TraesCAD_scaffold_103257_01G000100","protein","C2-",2,"negative"
"prot__TraesCAD_scaffold_025281_01G000100","TraesCAD_scaffold_025281_01G000100","protein","C1+",1,"positive"
"prot__TraesCAD_scaffold_025312_01G000100","TraesCAD_scaffold_025312_01G000100","protein","C2-",2,"negative"
"prot__TraesCAD_scaffold_027167_01G000700","TraesCAD_scaffold_027167_01G000700","protein","C1-",1,"negative"
"prot__TraesCAD_scaffold_025339_01G000200","TraesCAD_scaffold_025339_01G000200","protein","C2-",2,"negative"
"prot__TraesCAD_scaffold_104681_01G000200","TraesCAD_scaffold_104681_01G000200","protein","C1+",1,"positive"
"prot__TraesCAD_scaffold_088547_01G000100","TraesCAD_scaffold_088547_01G000100","protein","C2-",2,"negative"
"prot__TraesCAD_scaffold_058228_01G000100","TraesCAD_scaffold_058228_01G000100","protein","C2+",2,"positive"
"prot__TraesCAD_scaffold_046558_01G000100","TraesCAD_scaffold_046558_01G000100","protein","C2-",2,"negative"
"prot__TraesCAD_scaffold_100238_01G000100","TraesCAD_scaffold_100238_01G000100","protein","C1-",1,"negative"
"prot__TraesCAD_scaffold_025381_01G000700","TraesCAD_scaffold_025381_01G000700","protein","C1+",1,"positive"
"prot__TraesCAD_scaffold_025404_01G000100","TraesCAD_scaffold_025404_01G000100","protein","C1+",1,"positive"
"prot__TraesCAD_scaffold_025493_01G000200","TraesCAD_scaffold_025493_01G000200","protein","C2-",2,"negative"
"prot__TraesCAD_scaffold_025509_01G000400","TraesCAD_scaffold_025509_01G000400","protein","C1+",1,"positive"
"prot__TraesCAD_scaffold_025578_01G000200","TraesCAD_scaffold_025578_01G000200","protein","C2+",2,"positive"
"prot__TraesCAD_scaffold_025578_01G000700","TraesCAD_scaffold_025578_01G000700","protein","C1+",1,"positive"
"prot__TraesCAD_scaffold_051678_01G000100","TraesCAD_scaffold_051678_01G000100","protein","C1+",1,"positive"
"prot__TraesCAD_scaffold_025598_01G000300","TraesCAD_scaffold_025598_01G000300","protein","C1-",1,"negative"
"prot__TraesCAD_scaffold_025604_01G000300","TraesCAD_scaffold_025604_01G000300","protein","C2-",2,"negative"
"prot__TraesCAD_scaffold_025623_01G000100","TraesCAD_scaffold_025623_01G000100","protein","C1-",1,"negative"
"prot__TraesCAD_scaffold_025692_01G000200","TraesCAD_scaffold_025692_01G000200","protein","C1-",1,"negative"
"prot__TraesCAD_scaffold_025726_01G000300","TraesCAD_scaffold_025726_01G000300","protein","C1+",1,"positive"
"prot__TraesCAD_scaffold_025728_01G000200","TraesCAD_scaffold_025728_01G000200","protein","C2-",2,"negative"
"prot__TraesCAD_scaffold_025745_01G000300","TraesCAD_scaffold_025745_01G000300","protein","C1+",1,"positive"
"prot__TraesCAD_scaffold_089950_01G000100","TraesCAD_scaffold_089950_01G000100","protein","C2-",2,"negative"
"prot__TraesCAD_scaffold_025760_01G000400","TraesCAD_scaffold_025760_01G000400","protein","C2-",2,"negative"
"prot__TraesCAD_scaffold_125428_01G000100","TraesCAD_scaffold_125428_01G000100","protein","C2+",2,"positive"
"prot__TraesCAD_scaffold_025846_01G000100","TraesCAD_scaffold_025846_01G000100","protein","C2-",2,"negative"
"prot__TraesCAD_scaffold_065563_01G000200","TraesCAD_scaffold_065563_01G000200","protein","C1-",1,"negative"
"prot__TraesCAD_scaffold_025893_01G000200","TraesCAD_scaffold_025893_01G000200","protein","C2-",2,"negative"
"prot__TraesCAD_scaffold_025903_01G000200","TraesCAD_scaffold_025903_01G000200","protein","C2-",2,"negative"
"prot__TraesCAD_scaffold_025912_01G000200","TraesCAD_scaffold_025912_01G000200","protein","C2+",2,"positive"
"prot__TraesCAD_scaffold_178278_01G000100","TraesCAD_scaffold_178278_01G000100","protein","C1-",1,"negative"
"prot__TraesCAD_scaffold_025920_01G000200","TraesCAD_scaffold_025920_01G000200","protein","C2-",2,"negative"
"prot__TraesCAD_scaffold_025965_01G000200","TraesCAD_scaffold_025965_01G000200","protein","C1-",1,"negative"
"prot__TraesCAD_scaffold_025966_01G000100","TraesCAD_scaffold_025966_01G000100","protein","C1-",1,"negative"
"prot__TraesCAD_scaffold_025968_01G000200","TraesCAD_scaffold_025968_01G000200","protein","C1-",1,"negative"
"prot__TraesCAD_scaffold_111677_01G000200","TraesCAD_scaffold_111677_01G000200","protein","C1-",1,"negative"
"prot__TraesCAD_scaffold_026026_01G000100","TraesCAD_scaffold_026026_01G000100","protein","C2-",2,"negative"
"prot__TraesCAD_scaffold_026055_01G000200","TraesCAD_scaffold_026055_01G000200","protein","C1-",1,"negative"
"prot__TraesCAD_scaffold_026067_01G000200","TraesCAD_scaffold_026067_01G000200","protein","C1-",1,"negative"
"prot__TraesCAD_scaffold_026073_01G000100","TraesCAD_scaffold_026073_01G000100","protein","C2+",2,"positive"
"prot__TraesCAD_scaffold_026086_01G000100","TraesCAD_scaffold_026086_01G000100","protein","C1-",1,"negative"
"prot__TraesCAD_scaffold_026150_01G000100","TraesCAD_scaffold_026150_01G000100","protein","C1+",1,"positive"
"prot__TraesCAD_scaffold_026175_01G000300","TraesCAD_scaffold_026175_01G000300","protein","C2-",2,"negative"
"prot__TraesCAD_scaffold_026177_01G000200","TraesCAD_scaffold_026177_01G000200","protein","C1+",1,"positive"
"prot__TraesCAD_scaffold_026199_01G000300","TraesCAD_scaffold_026199_01G000300","protein","C2-",2,"negative"
"prot__TraesCAD_scaffold_026226_01G000100","TraesCAD_scaffold_026226_01G000100","protein","C2-",2,"negative"
"prot__TraesCAD_scaffold_026229_01G000100","TraesCAD_scaffold_026229_01G000100","protein","C2+",2,"positive"
"prot__TraesCAD_scaffold_026267_01G000100","TraesCAD_scaffold_026267_01G000100","protein","C2+",2,"positive"
"prot__TraesCAD_scaffold_026285_01G000300","TraesCAD_scaffold_026285_01G000300","protein","C1+",1,"positive"
"prot__TraesCAD_scaffold_026285_01G000400","TraesCAD_scaffold_026285_01G000400","protein","C2+",2,"positive"
"prot__TraesCAD_scaffold_335434_01G000100","TraesCAD_scaffold_335434_01G000100","protein","C1-",1,"negative"
"prot__TraesCAD_scaffold_026314_01G000100","TraesCAD_scaffold_026314_01G000100","protein","C2-",2,"negative"
"prot__TraesCAD_scaffold_026423_01G000100","TraesCAD_scaffold_026423_01G000100","protein","C2-",2,"negative"
"prot__TraesCAD_scaffold_026429_01G000500","TraesCAD_scaffold_026429_01G000500","protein","C1+",1,"positive"
"prot__TraesCAD_scaffold_026512_01G000700","TraesCAD_scaffold_026512_01G000700","protein","C1-",1,"negative"
"prot__TraesCAD_scaffold_114470_01G000100","TraesCAD_scaffold_114470_01G000100","protein","C1+",1,"positive"
"prot__TraesCAD_scaffold_127101_01G000100","TraesCAD_scaffold_127101_01G000100","protein","C2-",2,"negative"
"prot__TraesCAD_scaffold_033204_01G000300","TraesCAD_scaffold_033204_01G000300","protein","C1+",1,"positive"
"prot__TraesCAD_scaffold_026600_01G000200","TraesCAD_scaffold_026600_01G000200","protein","C1-",1,"negative"
"prot__TraesCAD_scaffold_026604_01G000500","TraesCAD_scaffold_026604_01G000500","protein","C1-",1,"negative"
"prot__TraesCAD_scaffold_026627_01G000600","TraesCAD_scaffold_026627_01G000600","protein","C1+",1,"positive"
"prot__TraesCAD_scaffold_036722_01G000300","TraesCAD_scaffold_036722_01G000300","protein","C2+",2,"positive"
"prot__TraesCAD_scaffold_026674_01G000100","TraesCAD_scaffold_026674_01G000100","protein","C2-",2,"negative"
"prot__TraesCAD_scaffold_026684_01G000100","TraesCAD_scaffold_026684_01G000100","protein","C2-",2,"negative"
"prot__TraesCAD_scaffold_026685_01G000400","TraesCAD_scaffold_026685_01G000400","protein","C2-",2,"negative"
"prot__TraesCAD_scaffold_026756_01G000300","TraesCAD_scaffold_026756_01G000300","protein","C2-",2,"negative"
"prot__TraesCAD_scaffold_058839_01G000100","TraesCAD_scaffold_058839_01G000100","protein","C1+",1,"positive"
"prot__TraesCAD_scaffold_026792_01G000100","TraesCAD_scaffold_026792_01G000100","protein","C1+",1,"positive"
"prot__TraesCAD_scaffold_092839_01G000200","TraesCAD_scaffold_092839_01G000200","protein","C2-",2,"negative"
"prot__TraesCAD_scaffold_026844_01G000400","TraesCAD_scaffold_026844_01G000400","protein","C2-",2,"negative"
"prot__TraesCAD_scaffold_026906_01G000100","TraesCAD_scaffold_026906_01G000100","protein","C2-",2,"negative"
"prot__TraesCAD_scaffold_026936_01G000500","TraesCAD_scaffold_026936_01G000500","protein","C1+",1,"positive"
"prot__TraesCAD_scaffold_068500_01G000300","TraesCAD_scaffold_068500_01G000300","protein","C1-",1,"negative"
"prot__TraesCAD_scaffold_027061_01G000200","TraesCAD_scaffold_027061_01G000200","protein","C1+",1,"positive"
"prot__TraesCAD_scaffold_076646_01G000300","TraesCAD_scaffold_076646_01G000300","protein","C1-",1,"negative"
"prot__TraesCAD_scaffold_027082_01G000100","TraesCAD_scaffold_027082_01G000100","protein","C2-",2,"negative"
"prot__TraesCAD_scaffold_027131_01G000200","TraesCAD_scaffold_027131_01G000200","protein","C1-",1,"negative"
"prot__TraesCAD_scaffold_027134_01G000200","TraesCAD_scaffold_027134_01G000200","protein","C1+",1,"positive"
"prot__TraesCAD_scaffold_027162_01G000100","TraesCAD_scaffold_027162_01G000100","protein","C1+",1,"positive"
"prot__TraesCAD_scaffold_027191_01G000200","TraesCAD_scaffold_027191_01G000200","protein","C2-",2,"negative"
"prot__TraesCAD_scaffold_027200_01G000100","TraesCAD_scaffold_027200_01G000100","protein","C2-",2,"negative"
"prot__TraesCAD_scaffold_027214_01G000400","TraesCAD_scaffold_027214_01G000400","protein","C1+",1,"positive"
"prot__TraesCAD_scaffold_027222_01G000300","TraesCAD_scaffold_027222_01G000300","protein","C2-",2,"negative"
"prot__TraesCAD_scaffold_027225_01G000500","TraesCAD_scaffold_027225_01G000500","protein","C1+",1,"positive"
"prot__TraesCAD_scaffold_115999_01G000100","TraesCAD_scaffold_115999_01G000100","protein","C1+",1,"positive"
"prot__TraesCAD_scaffold_027363_01G000200","TraesCAD_scaffold_027363_01G000200","protein","C1+",1,"positive"
"prot__TraesCAD_scaffold_028048_01G000400","TraesCAD_scaffold_028048_01G000400","protein","C1+",1,"positive"
"prot__TraesCAD_scaffold_027371_01G000100","TraesCAD_scaffold_027371_01G000100","protein","C1+",1,"positive"
"prot__TraesCAD_scaffold_027421_01G000200","TraesCAD_scaffold_027421_01G000200","protein","C2+",2,"positive"
"prot__TraesCAD_scaffold_027432_01G000200","TraesCAD_scaffold_027432_01G000200","protein","C1+",1,"positive"
"prot__TraesCAD_scaffold_066000_01G000100","TraesCAD_scaffold_066000_01G000100","protein","C2-",2,"negative"
"prot__TraesCAD_scaffold_027436_01G000700","TraesCAD_scaffold_027436_01G000700","protein","C1+",1,"positive"
"prot__TraesCAD_scaffold_040565_01G000200","TraesCAD_scaffold_040565_01G000200","protein","C1+",1,"positive"
"prot__TraesCAD_scaffold_100665_01G000300","TraesCAD_scaffold_100665_01G000300","protein","C1-",1,"negative"
"prot__TraesCAD_scaffold_083808_01G000100","TraesCAD_scaffold_083808_01G000100","protein","C1+",1,"positive"
"prot__TraesCAD_scaffold_128283_01G000200","TraesCAD_scaffold_128283_01G000200","protein","C1+",1,"positive"
"prot__TraesCAD_scaffold_027491_01G000300","TraesCAD_scaffold_027491_01G000300","protein","C2-",2,"negative"
"prot__TraesCAD_scaffold_027507_01G000400","TraesCAD_scaffold_027507_01G000400","protein","C2-",2,"negative"
"prot__TraesCAD_scaffold_046424_01G000300","TraesCAD_scaffold_046424_01G000300","protein","C2-",2,"negative"
"prot__TraesCAD_scaffold_027528_01G000100","TraesCAD_scaffold_027528_01G000100","protein","C2-",2,"negative"
"prot__TraesCAD_scaffold_189224_01G000100","TraesCAD_scaffold_189224_01G000100","protein","C1-",1,"negative"
"prot__TraesCAD_scaffold_027568_01G000300","TraesCAD_scaffold_027568_01G000300","protein","C1-",1,"negative"
"prot__TraesCAD_scaffold_027568_01G000400","TraesCAD_scaffold_027568_01G000400","protein","C1+",1,"positive"
"prot__TraesCAD_scaffold_027569_01G000100","TraesCAD_scaffold_027569_01G000100","protein","C1+",1,"positive"
"prot__TraesCAD_scaffold_078997_01G000100","TraesCAD_scaffold_078997_01G000100","protein","C2-",2,"negative"
"prot__TraesCAD_scaffold_055510_01G000300","TraesCAD_scaffold_055510_01G000300","protein","C2-",2,"negative"
"prot__TraesCAD_scaffold_027614_01G000100","TraesCAD_scaffold_027614_01G000100","protein","C1-",1,"negative"
"prot__TraesCAD_scaffold_027728_01G000300","TraesCAD_scaffold_027728_01G000300","protein","C2-",2,"negative"
"prot__TraesCAD_scaffold_027753_01G000200","TraesCAD_scaffold_027753_01G000200","protein","C2+",2,"positive"
"prot__TraesCAD_scaffold_042618_01G000300","TraesCAD_scaffold_042618_01G000300","protein","C2+",2,"positive"
"prot__TraesCAD_scaffold_027876_01G000100","TraesCAD_scaffold_027876_01G000100","protein","C1+",1,"positive"
"prot__TraesCAD_scaffold_027934_01G000100","TraesCAD_scaffold_027934_01G000100","protein","C1-",1,"negative"
"prot__TraesCAD_scaffold_027941_01G000500","TraesCAD_scaffold_027941_01G000500","protein","C2-",2,"negative"
"prot__TraesCAD_scaffold_040977_01G000400","TraesCAD_scaffold_040977_01G000400","protein","C1+",1,"positive"
"prot__TraesCAD_scaffold_027957_01G000300","TraesCAD_scaffold_027957_01G000300","protein","C1-",1,"negative"
"prot__TraesCAD_scaffold_027984_01G000200","TraesCAD_scaffold_027984_01G000200","protein","C1+",1,"positive"
"prot__TraesCAD_scaffold_027986_01G000400","TraesCAD_scaffold_027986_01G000400","protein","C1+",1,"positive"
"prot__TraesCAD_scaffold_061774_01G000300","TraesCAD_scaffold_061774_01G000300","protein","C1-",1,"negative"
"prot__TraesCAD_scaffold_072443_01G000200","TraesCAD_scaffold_072443_01G000200","protein","C1-",1,"negative"
"prot__TraesCAD_scaffold_103695_01G000100","TraesCAD_scaffold_103695_01G000100","protein","C2+",2,"positive"
"prot__TraesCAD_scaffold_086231_01G000100","TraesCAD_scaffold_086231_01G000100","protein","C1+",1,"positive"
"prot__TraesCAD_scaffold_051697_01G000100","TraesCAD_scaffold_051697_01G000100","protein","C1+",1,"positive"
"prot__TraesCAD_scaffold_028132_01G000500","TraesCAD_scaffold_028132_01G000500","protein","C1+",1,"positive"
"prot__TraesCAD_scaffold_028149_01G000100","TraesCAD_scaffold_028149_01G000100","protein","C2-",2,"negative"
"prot__TraesCAD_scaffold_028165_01G000400","TraesCAD_scaffold_028165_01G000400","protein","C1+",1,"positive"
"prot__TraesCAD_scaffold_028174_01G000100","TraesCAD_scaffold_028174_01G000100","protein","C2-",2,"negative"
"prot__TraesCAD_scaffold_087873_01G000200","TraesCAD_scaffold_087873_01G000200","protein","C1+",1,"positive"
"prot__TraesCAD_scaffold_061055_01G000100","TraesCAD_scaffold_061055_01G000100","protein","C2-",2,"negative"
"prot__TraesCAD_scaffold_067137_01G000500","TraesCAD_scaffold_067137_01G000500","protein","C1+",1,"positive"
"prot__TraesCAD_scaffold_028261_01G000200","TraesCAD_scaffold_028261_01G000200","protein","C1+",1,"positive"
"prot__TraesCAD_scaffold_131235_01G000100","TraesCAD_scaffold_131235_01G000100","protein","C1-",1,"negative"
"prot__TraesCAD_scaffold_110288_01G000100","TraesCAD_scaffold_110288_01G000100","protein","C1-",1,"negative"
"prot__TraesCAD_scaffold_028329_01G000200","TraesCAD_scaffold_028329_01G000200","protein","C1+",1,"positive"
"prot__TraesCAD_scaffold_028329_01G000700","TraesCAD_scaffold_028329_01G000700","protein","C1-",1,"negative"
"prot__TraesCAD_scaffold_028372_01G000100","TraesCAD_scaffold_028372_01G000100","protein","C2-",2,"negative"
"prot__TraesCAD_scaffold_028385_01G000300","TraesCAD_scaffold_028385_01G000300","protein","C2-",2,"negative"
"prot__TraesCAD_scaffold_149414_01G000100","TraesCAD_scaffold_149414_01G000100","protein","C2-",2,"negative"
"prot__TraesCAD_scaffold_035674_01G000100","TraesCAD_scaffold_035674_01G000100","protein","C1-",1,"negative"
"prot__TraesCAD_scaffold_028395_01G000100","TraesCAD_scaffold_028395_01G000100","protein","C2-",2,"negative"
"prot__TraesCAD_scaffold_028420_01G000500","TraesCAD_scaffold_028420_01G000500","protein","C2+",2,"positive"
"prot__TraesCAD_scaffold_028426_01G000300","TraesCAD_scaffold_028426_01G000300","protein","C1+",1,"positive"
"prot__TraesCAD_scaffold_028441_01G000100","TraesCAD_scaffold_028441_01G000100","protein","C2+",2,"positive"
"prot__TraesCAD_scaffold_079527_01G000100","TraesCAD_scaffold_079527_01G000100","protein","C2-",2,"negative"
"prot__TraesCAD_scaffold_028447_01G000300","TraesCAD_scaffold_028447_01G000300","protein","C1+",1,"positive"
"prot__TraesCAD_scaffold_028464_01G000100","TraesCAD_scaffold_028464_01G000100","protein","C1+",1,"positive"
"prot__TraesCAD_scaffold_054367_01G000100","TraesCAD_scaffold_054367_01G000100","protein","C2-",2,"negative"
"prot__TraesCAD_scaffold_028514_01G000200","TraesCAD_scaffold_028514_01G000200","protein","C2-",2,"negative"
"prot__TraesCAD_scaffold_055739_01G000200","TraesCAD_scaffold_055739_01G000200","protein","C2+",2,"positive"
"prot__TraesCAD_scaffold_028587_01G000200","TraesCAD_scaffold_028587_01G000200","protein","C1+",1,"positive"
"prot__TraesCAD_scaffold_028599_01G000700","TraesCAD_scaffold_028599_01G000700","protein","C1-",1,"negative"
"prot__TraesCAD_scaffold_126930_01G000300","TraesCAD_scaffold_126930_01G000300","protein","C2-",2,"negative"
"prot__TraesCAD_scaffold_028665_01G000100","TraesCAD_scaffold_028665_01G000100","protein","C1+",1,"positive"
"prot__TraesCAD_scaffold_028669_01G000100","TraesCAD_scaffold_028669_01G000100","protein","C1-",1,"negative"
"prot__TraesCAD_scaffold_028699_01G000300","TraesCAD_scaffold_028699_01G000300","protein","C1+",1,"positive"
"prot__TraesCAD_scaffold_077589_01G000200","TraesCAD_scaffold_077589_01G000200","protein","C1-",1,"negative"
"prot__TraesCAD_scaffold_028756_01G000100","TraesCAD_scaffold_028756_01G000100","protein","C2-",2,"negative"
"prot__TraesCAD_scaffold_055447_01G000300","TraesCAD_scaffold_055447_01G000300","protein","C2-",2,"negative"
"prot__TraesCAD_scaffold_028770_01G000200","TraesCAD_scaffold_028770_01G000200","protein","C1+",1,"positive"
"prot__TraesCAD_scaffold_028774_01G000200","TraesCAD_scaffold_028774_01G000200","protein","C1+",1,"positive"
"prot__TraesCAD_scaffold_087965_01G000100","TraesCAD_scaffold_087965_01G000100","protein","C1-",1,"negative"
"prot__TraesCAD_scaffold_028845_01G000100","TraesCAD_scaffold_028845_01G000100","protein","C2-",2,"negative"
"prot__TraesCAD_scaffold_028861_01G000100","TraesCAD_scaffold_028861_01G000100","protein","C1+",1,"positive"
"prot__TraesCAD_scaffold_028869_01G000100","TraesCAD_scaffold_028869_01G000100","protein","C2-",2,"negative"
"prot__TraesCAD_scaffold_028899_01G000100","TraesCAD_scaffold_028899_01G000100","protein","C2-",2,"negative"
"prot__TraesCAD_scaffold_033640_01G000200","TraesCAD_scaffold_033640_01G000200","protein","C2+",2,"positive"
"prot__TraesCAD_scaffold_069238_01G000100","TraesCAD_scaffold_069238_01G000100","protein","C1+",1,"positive"
"prot__TraesCAD_scaffold_130889_01G000100","TraesCAD_scaffold_130889_01G000100","protein","C2-",2,"negative"
"prot__TraesCAD_scaffold_029020_01G000100","TraesCAD_scaffold_029020_01G000100","protein","C2+",2,"positive"
"prot__TraesCAD_scaffold_070159_01G000200","TraesCAD_scaffold_070159_01G000200","protein","C2-",2,"negative"
"prot__TraesCAD_scaffold_029028_01G000200","TraesCAD_scaffold_029028_01G000200","protein","C1+",1,"positive"
"prot__TraesCAD_scaffold_029059_01G000100","TraesCAD_scaffold_029059_01G000100","protein","C1+",1,"positive"
"prot__TraesCAD_scaffold_029082_01G000500","TraesCAD_scaffold_029082_01G000500","protein","C1+",1,"positive"
"prot__TraesCAD_scaffold_039571_01G000400","TraesCAD_scaffold_039571_01G000400","protein","C2-",2,"negative"
"prot__TraesCAD_scaffold_029086_01G000200","TraesCAD_scaffold_029086_01G000200","protein","C2-",2,"negative"
"prot__TraesCAD_scaffold_029118_01G000100","TraesCAD_scaffold_029118_01G000100","protein","C2+",2,"positive"
"prot__TraesCAD_scaffold_029119_01G000100","TraesCAD_scaffold_029119_01G000100","protein","C1+",1,"positive"
"prot__TraesCAD_scaffold_029127_01G000100","TraesCAD_scaffold_029127_01G000100","protein","C2-",2,"negative"
"prot__TraesCAD_scaffold_029148_01G000100","TraesCAD_scaffold_029148_01G000100","protein","C2+",2,"positive"
"prot__TraesCAD_scaffold_029179_01G000300","TraesCAD_scaffold_029179_01G000300","protein","C1-",1,"negative"
"prot__TraesCAD_scaffold_078557_01G000300","TraesCAD_scaffold_078557_01G000300","protein","C2+",2,"positive"
"prot__TraesCAD_scaffold_029187_01G000200","TraesCAD_scaffold_029187_01G000200","protein","C1+",1,"positive"
"prot__TraesCAD_scaffold_029201_01G000200","TraesCAD_scaffold_029201_01G000200","protein","C1+",1,"positive"
"prot__TraesCAD_scaffold_103796_01G000100","TraesCAD_scaffold_103796_01G000100","protein","C1-",1,"negative"
"prot__TraesCAD_scaffold_029218_01G000200","TraesCAD_scaffold_029218_01G000200","protein","C1+",1,"positive"
"prot__TraesCAD_scaffold_086116_01G000300","TraesCAD_scaffold_086116_01G000300","protein","C1+",1,"positive"
"prot__TraesCAD_scaffold_132847_01G000100","TraesCAD_scaffold_132847_01G000100","protein","C2-",2,"negative"
"prot__TraesCAD_scaffold_059507_01G000200","TraesCAD_scaffold_059507_01G000200","protein","C2+",2,"positive"
"prot__TraesCAD_scaffold_059507_01G000700","TraesCAD_scaffold_059507_01G000700","protein","C2-",2,"negative"
"prot__TraesCAD_scaffold_042452_01G000400","TraesCAD_scaffold_042452_01G000400","protein","C2-",2,"negative"
"prot__TraesCAD_scaffold_029312_01G000600","TraesCAD_scaffold_029312_01G000600","protein","C2+",2,"positive"
"prot__TraesCAD_scaffold_067595_01G000200","TraesCAD_scaffold_067595_01G000200","protein","C2-",2,"negative"
"prot__TraesCAD_scaffold_029335_01G000200","TraesCAD_scaffold_029335_01G000200","protein","C1+",1,"positive"
"prot__TraesCAD_scaffold_029359_01G000100","TraesCAD_scaffold_029359_01G000100","protein","C2+",2,"positive"
"prot__TraesCAD_scaffold_029385_01G000700","TraesCAD_scaffold_029385_01G000700","protein","C1+",1,"positive"
"prot__TraesCAD_scaffold_029400_01G000200","TraesCAD_scaffold_029400_01G000200","protein","C1-",1,"negative"
"prot__TraesCAD_scaffold_029403_01G000100","TraesCAD_scaffold_029403_01G000100","protein","C2+",2,"positive"
"prot__TraesCAD_scaffold_046072_01G000100","TraesCAD_scaffold_046072_01G000100","protein","C1-",1,"negative"
"prot__TraesCAD_scaffold_029418_01G000200","TraesCAD_scaffold_029418_01G000200","protein","C1-",1,"negative"
"prot__TraesCAD_scaffold_029472_01G000100","TraesCAD_scaffold_029472_01G000100","protein","C2-",2,"negative"
"prot__TraesCAD_scaffold_074880_01G000100","TraesCAD_scaffold_074880_01G000100","protein","C2-",2,"negative"
"prot__TraesCAD_scaffold_029475_01G000500","TraesCAD_scaffold_029475_01G000500","protein","C1+",1,"positive"
"prot__TraesCAD_scaffold_029491_01G000300","TraesCAD_scaffold_029491_01G000300","protein","C1-",1,"negative"
"prot__TraesCAD_scaffold_029491_01G000400","TraesCAD_scaffold_029491_01G000400","protein","C1-",1,"negative"
"prot__TraesCAD_scaffold_077944_01G000300","TraesCAD_scaffold_077944_01G000300","protein","C1-",1,"negative"
"prot__TraesCAD_scaffold_077944_01G000200","TraesCAD_scaffold_077944_01G000200","protein","C2-",2,"negative"
"prot__TraesCAD_scaffold_029586_01G000100","TraesCAD_scaffold_029586_01G000100","protein","C2-",2,"negative"
"prot__TraesCAD_scaffold_029597_01G000100","TraesCAD_scaffold_029597_01G000100","protein","C2-",2,"negative"
"prot__TraesCAD_scaffold_100068_01G000100","TraesCAD_scaffold_100068_01G000100","protein","C1-",1,"negative"
"prot__TraesCAD_scaffold_070666_01G000200","TraesCAD_scaffold_070666_01G000200","protein","C1+",1,"positive"
"prot__TraesCAD_scaffold_029620_01G000200","TraesCAD_scaffold_029620_01G000200","protein","C2-",2,"negative"
"prot__TraesCAD_scaffold_029627_01G000300","TraesCAD_scaffold_029627_01G000300","protein","C2+",2,"positive"
"prot__TraesCAD_scaffold_029641_01G000200","TraesCAD_scaffold_029641_01G000200","protein","C2-",2,"negative"
"prot__TraesCAD_scaffold_064259_01G000200","TraesCAD_scaffold_064259_01G000200","protein","C2-",2,"negative"
"prot__TraesCAD_scaffold_029661_01G000100","TraesCAD_scaffold_029661_01G000100","protein","C1-",1,"negative"
"prot__TraesCAD_scaffold_029720_01G000500","TraesCAD_scaffold_029720_01G000500","protein","C1+",1,"positive"
"prot__TraesCAD_scaffold_029735_01G000100","TraesCAD_scaffold_029735_01G000100","protein","C2-",2,"negative"
"prot__TraesCAD_scaffold_070471_01G000200","TraesCAD_scaffold_070471_01G000200","protein","C1+",1,"positive"
"prot__TraesCAD_scaffold_029735_01G000400","TraesCAD_scaffold_029735_01G000400","protein","C2-",2,"negative"
"prot__TraesCAD_scaffold_029736_01G000200","TraesCAD_scaffold_029736_01G000200","protein","C1+",1,"positive"
"prot__TraesCAD_scaffold_029775_01G000100","TraesCAD_scaffold_029775_01G000100","protein","C1-",1,"negative"
"prot__TraesCAD_scaffold_029791_01G000100","TraesCAD_scaffold_029791_01G000100","protein","C1+",1,"positive"
"prot__TraesCAD_scaffold_029800_01G000200","TraesCAD_scaffold_029800_01G000200","protein","C2-",2,"negative"
"prot__TraesCAD_scaffold_029820_01G000300","TraesCAD_scaffold_029820_01G000300","protein","C2-",2,"negative"
"prot__TraesCAD_scaffold_029833_01G000700","TraesCAD_scaffold_029833_01G000700","protein","C1+",1,"positive"
"prot__TraesCAD_scaffold_129107_01G000100","TraesCAD_scaffold_129107_01G000100","protein","C1+",1,"positive"
"prot__TraesCAD_scaffold_029843_01G000400","TraesCAD_scaffold_029843_01G000400","protein","C1+",1,"positive"
"prot__TraesCAD_scaffold_121025_01G000100","TraesCAD_scaffold_121025_01G000100","protein","C2+",2,"positive"
"prot__TraesCAD_scaffold_029900_01G000200","TraesCAD_scaffold_029900_01G000200","protein","C2-",2,"negative"
"prot__TraesCAD_scaffold_037158_01G000100","TraesCAD_scaffold_037158_01G000100","protein","C2-",2,"negative"
"prot__TraesCAD_scaffold_029949_01G000100","TraesCAD_scaffold_029949_01G000100","protein","C1+",1,"positive"
"prot__TraesCAD_scaffold_029952_01G000100","TraesCAD_scaffold_029952_01G000100","protein","C2+",2,"positive"
"prot__TraesCAD_scaffold_029972_01G000100","TraesCAD_scaffold_029972_01G000100","protein","C1-",1,"negative"
"prot__TraesCAD_scaffold_029973_01G000100","TraesCAD_scaffold_029973_01G000100","protein","C1+",1,"positive"
"prot__TraesCAD_scaffold_029982_01G000100","TraesCAD_scaffold_029982_01G000100","protein","C1+",1,"positive"
"prot__TraesCAD_scaffold_029999_01G000100","TraesCAD_scaffold_029999_01G000100","protein","C2-",2,"negative"
"prot__TraesCAD_scaffold_030085_01G000200","TraesCAD_scaffold_030085_01G000200","protein","C1+",1,"positive"
"prot__TraesCAD_scaffold_030100_01G000500","TraesCAD_scaffold_030100_01G000500","protein","C1+",1,"positive"
"prot__TraesCAD_scaffold_030107_01G000100","TraesCAD_scaffold_030107_01G000100","protein","C1+",1,"positive"
"prot__TraesCAD_scaffold_030190_01G000300","TraesCAD_scaffold_030190_01G000300","protein","C2-",2,"negative"
"prot__TraesCAD_scaffold_030195_01G000100","TraesCAD_scaffold_030195_01G000100","protein","C1-",1,"negative"
"prot__TraesCAD_scaffold_030221_01G000100","TraesCAD_scaffold_030221_01G000100","protein","C1+",1,"positive"
"prot__TraesCAD_scaffold_030228_01G000300","TraesCAD_scaffold_030228_01G000300","protein","C1+",1,"positive"
"prot__TraesCAD_scaffold_112291_01G000400","TraesCAD_scaffold_112291_01G000400","protein","C1+",1,"positive"
"prot__TraesCAD_scaffold_030295_01G000100","TraesCAD_scaffold_030295_01G000100","protein","C2-",2,"negative"
"prot__TraesCAD_scaffold_030308_01G000600","TraesCAD_scaffold_030308_01G000600","protein","C1+",1,"positive"
"prot__TraesCAD_scaffold_048614_01G000300","TraesCAD_scaffold_048614_01G000300","protein","C1-",1,"negative"
"prot__TraesCAD_scaffold_030360_01G000100","TraesCAD_scaffold_030360_01G000100","protein","C1-",1,"negative"
"prot__TraesCAD_scaffold_032735_01G000100","TraesCAD_scaffold_032735_01G000100","protein","C1-",1,"negative"
"prot__TraesCAD_scaffold_030431_01G000200","TraesCAD_scaffold_030431_01G000200","protein","C2-",2,"negative"
"prot__TraesCAD_scaffold_070064_01G000200","TraesCAD_scaffold_070064_01G000200","protein","C1+",1,"positive"
"prot__TraesCAD_scaffold_124355_01G000200","TraesCAD_scaffold_124355_01G000200","protein","C1+",1,"positive"
"prot__TraesCAD_scaffold_030529_01G000400","TraesCAD_scaffold_030529_01G000400","protein","C2-",2,"negative"
"prot__TraesCAD_scaffold_030558_01G000100","TraesCAD_scaffold_030558_01G000100","protein","C1+",1,"positive"
"prot__TraesCAD_scaffold_030575_01G000500","TraesCAD_scaffold_030575_01G000500","protein","C2-",2,"negative"
"prot__TraesCAD_scaffold_030585_01G000100","TraesCAD_scaffold_030585_01G000100","protein","C2-",2,"negative"
"prot__TraesCAD_scaffold_030600_01G000300","TraesCAD_scaffold_030600_01G000300","protein","C1-",1,"negative"
"prot__TraesCAD_scaffold_030677_01G000100","TraesCAD_scaffold_030677_01G000100","protein","C1-",1,"negative"
"prot__TraesCAD_scaffold_030685_01G000100","TraesCAD_scaffold_030685_01G000100","protein","C1+",1,"positive"
"prot__TraesCAD_scaffold_085872_01G000100","TraesCAD_scaffold_085872_01G000100","protein","C1+",1,"positive"
"prot__TraesCAD_scaffold_058984_01G000200","TraesCAD_scaffold_058984_01G000200","protein","C2-",2,"negative"
"prot__TraesCAD_scaffold_031821_01G000500","TraesCAD_scaffold_031821_01G000500","protein","C1+",1,"positive"
"prot__TraesCAD_scaffold_030737_01G000100","TraesCAD_scaffold_030737_01G000100","protein","C1-",1,"negative"
"prot__TraesCAD_scaffold_049250_01G000200","TraesCAD_scaffold_049250_01G000200","protein","C1-",1,"negative"
"prot__TraesCAD_scaffold_030771_01G000100","TraesCAD_scaffold_030771_01G000100","protein","C2-",2,"negative"
"prot__TraesCAD_scaffold_030801_01G000200","TraesCAD_scaffold_030801_01G000200","protein","C2-",2,"negative"
"prot__TraesCAD_scaffold_030844_01G000100","TraesCAD_scaffold_030844_01G000100","protein","C1+",1,"positive"
"prot__TraesCAD_scaffold_030935_01G000600","TraesCAD_scaffold_030935_01G000600","protein","C1-",1,"negative"
"prot__TraesCAD_scaffold_030961_01G000200","TraesCAD_scaffold_030961_01G000200","protein","C1+",1,"positive"
"prot__TraesCAD_scaffold_076572_01G000100","TraesCAD_scaffold_076572_01G000100","protein","C1+",1,"positive"
"prot__TraesCAD_scaffold_030989_01G000100","TraesCAD_scaffold_030989_01G000100","protein","C1-",1,"negative"
"prot__TraesCAD_scaffold_031035_01G000100","TraesCAD_scaffold_031035_01G000100","protein","C1+",1,"positive"
"prot__TraesCAD_scaffold_031072_01G000200","TraesCAD_scaffold_031072_01G000200","protein","C1+",1,"positive"
"prot__TraesCAD_scaffold_036284_01G000200","TraesCAD_scaffold_036284_01G000200","protein","C2-",2,"negative"
"prot__TraesCAD_scaffold_031174_01G000200","TraesCAD_scaffold_031174_01G000200","protein","C1+",1,"positive"
"prot__TraesCAD_scaffold_031201_01G000100","TraesCAD_scaffold_031201_01G000100","protein","C1+",1,"positive"
"prot__TraesCAD_scaffold_031210_01G000100","TraesCAD_scaffold_031210_01G000100","protein","C1-",1,"negative"
"prot__TraesCAD_scaffold_031216_01G000100","TraesCAD_scaffold_031216_01G000100","protein","C2-",2,"negative"
"prot__TraesCAD_scaffold_064514_01G000300","TraesCAD_scaffold_064514_01G000300","protein","C1-",1,"negative"
"prot__TraesCAD_scaffold_031225_01G000300","TraesCAD_scaffold_031225_01G000300","protein","C2-",2,"negative"
"prot__TraesCAD_scaffold_031325_01G000100","TraesCAD_scaffold_031325_01G000100","protein","C1-",1,"negative"
"prot__TraesCAD_scaffold_031338_01G000200","TraesCAD_scaffold_031338_01G000200","protein","C2-",2,"negative"
"prot__TraesCAD_scaffold_031340_01G000400","TraesCAD_scaffold_031340_01G000400","protein","C1+",1,"positive"
"prot__TraesCAD_scaffold_031369_01G000200","TraesCAD_scaffold_031369_01G000200","protein","C1-",1,"negative"
"prot__TraesCAD_scaffold_137192_01G000200","TraesCAD_scaffold_137192_01G000200","protein","C2-",2,"negative"
"prot__TraesCAD_scaffold_031395_01G000200","TraesCAD_scaffold_031395_01G000200","protein","C1+",1,"positive"
"prot__TraesCAD_scaffold_090175_01G000100","TraesCAD_scaffold_090175_01G000100","protein","C2-",2,"negative"
"prot__TraesCAD_scaffold_031410_01G000500","TraesCAD_scaffold_031410_01G000500","protein","C1-",1,"negative"
"prot__TraesCAD_scaffold_031415_01G000300","TraesCAD_scaffold_031415_01G000300","protein","C1-",1,"negative"
"prot__TraesCAD_scaffold_031455_01G000100","TraesCAD_scaffold_031455_01G000100","protein","C2-",2,"negative"
"prot__TraesCAD_scaffold_137899_01G000200","TraesCAD_scaffold_137899_01G000200","protein","C2-",2,"negative"
"prot__TraesCAD_scaffold_031495_01G000100","TraesCAD_scaffold_031495_01G000100","protein","C1-",1,"negative"
"prot__TraesCAD_scaffold_031505_01G000500","TraesCAD_scaffold_031505_01G000500","protein","C2-",2,"negative"
"prot__TraesCAD_scaffold_031506_01G000300","TraesCAD_scaffold_031506_01G000300","protein","C1+",1,"positive"
"prot__TraesCAD_scaffold_031546_01G000200","TraesCAD_scaffold_031546_01G000200","protein","C1+",1,"positive"
"prot__TraesCAD_scaffold_031582_01G000100","TraesCAD_scaffold_031582_01G000100","protein","C1-",1,"negative"
"prot__TraesCAD_scaffold_031632_01G000100","TraesCAD_scaffold_031632_01G000100","protein","C2-",2,"negative"
"prot__TraesCAD_scaffold_046277_01G000400","TraesCAD_scaffold_046277_01G000400","protein","C2-",2,"negative"
"prot__TraesCAD_scaffold_031633_01G000100","TraesCAD_scaffold_031633_01G000100","protein","C1+",1,"positive"
"prot__TraesCAD_scaffold_031664_01G000600","TraesCAD_scaffold_031664_01G000600","protein","C1-",1,"negative"
"prot__TraesCAD_scaffold_031689_01G000200","TraesCAD_scaffold_031689_01G000200","protein","C1+",1,"positive"
"prot__TraesCAD_scaffold_053436_01G000300","TraesCAD_scaffold_053436_01G000300","protein","C2-",2,"negative"
"prot__TraesCAD_scaffold_031702_01G000200","TraesCAD_scaffold_031702_01G000200","protein","C1+",1,"positive"
"prot__TraesCAD_scaffold_031704_01G000100","TraesCAD_scaffold_031704_01G000100","protein","C1+",1,"positive"
"prot__TraesCAD_scaffold_031705_01G000100","TraesCAD_scaffold_031705_01G000100","protein","C2-",2,"negative"
"prot__TraesCAD_scaffold_031718_01G000200","TraesCAD_scaffold_031718_01G000200","protein","C1+",1,"positive"
"prot__TraesCAD_scaffold_100994_01G000100","TraesCAD_scaffold_100994_01G000100","protein","C2-",2,"negative"
"prot__TraesCAD_scaffold_031745_01G000500","TraesCAD_scaffold_031745_01G000500","protein","C2-",2,"negative"
"prot__TraesCAD_scaffold_070165_01G000100","TraesCAD_scaffold_070165_01G000100","protein","C1+",1,"positive"
"prot__TraesCAD_scaffold_031794_01G000100","TraesCAD_scaffold_031794_01G000100","protein","C1-",1,"negative"
"prot__TraesCAD_scaffold_031796_01G000100","TraesCAD_scaffold_031796_01G000100","protein","C2-",2,"negative"
"prot__TraesCAD_scaffold_031806_01G000100","TraesCAD_scaffold_031806_01G000100","protein","C2-",2,"negative"
"prot__TraesCAD_scaffold_031815_01G000200","TraesCAD_scaffold_031815_01G000200","protein","C2-",2,"negative"
"prot__TraesCAD_scaffold_093301_01G000100","TraesCAD_scaffold_093301_01G000100","protein","C1-",1,"negative"
"prot__TraesCAD_scaffold_039371_01G000100","TraesCAD_scaffold_039371_01G000100","protein","C1+",1,"positive"
"prot__TraesCAD_scaffold_031873_01G000200","TraesCAD_scaffold_031873_01G000200","protein","C1-",1,"negative"
"prot__TraesCAD_scaffold_064900_01G000100","TraesCAD_scaffold_064900_01G000100","protein","C1-",1,"negative"
"prot__TraesCAD_scaffold_031896_01G000500","TraesCAD_scaffold_031896_01G000500","protein","C1-",1,"negative"
"prot__TraesCAD_scaffold_031937_01G000100","TraesCAD_scaffold_031937_01G000100","protein","C1+",1,"positive"
"prot__TraesCAD_scaffold_031950_01G000200","TraesCAD_scaffold_031950_01G000200","protein","C1+",1,"positive"
"prot__TraesCAD_scaffold_046890_01G000100","TraesCAD_scaffold_046890_01G000100","protein","C1-",1,"negative"
"prot__TraesCAD_scaffold_032003_01G000100","TraesCAD_scaffold_032003_01G000100","protein","C2+",2,"positive"
"prot__TraesCAD_scaffold_032020_01G000400","TraesCAD_scaffold_032020_01G000400","protein","C1-",1,"negative"
"prot__TraesCAD_scaffold_032100_01G000200","TraesCAD_scaffold_032100_01G000200","protein","C1+",1,"positive"
"prot__TraesCAD_scaffold_032116_01G000200","TraesCAD_scaffold_032116_01G000200","protein","C1-",1,"negative"
"prot__TraesCAD_scaffold_032119_01G000200","TraesCAD_scaffold_032119_01G000200","protein","C2-",2,"negative"
"prot__TraesCAD_scaffold_032158_01G000100","TraesCAD_scaffold_032158_01G000100","protein","C1-",1,"negative"
"prot__TraesCAD_scaffold_032189_01G000100","TraesCAD_scaffold_032189_01G000100","protein","C2+",2,"positive"
"prot__TraesCAD_scaffold_032192_01G000600","TraesCAD_scaffold_032192_01G000600","protein","C2-",2,"negative"
"prot__TraesCAD_scaffold_032221_01G000200","TraesCAD_scaffold_032221_01G000200","protein","C2+",2,"positive"
"prot__TraesCAD_scaffold_033262_01G000100","TraesCAD_scaffold_033262_01G000100","protein","C1-",1,"negative"
"prot__TraesCAD_scaffold_116313_01G000100","TraesCAD_scaffold_116313_01G000100","protein","C1-",1,"negative"
"prot__TraesCAD_scaffold_032367_01G000300","TraesCAD_scaffold_032367_01G000300","protein","C2-",2,"negative"
"prot__TraesCAD_scaffold_032370_01G000100","TraesCAD_scaffold_032370_01G000100","protein","C2-",2,"negative"
"prot__TraesCAD_scaffold_032394_01G000200","TraesCAD_scaffold_032394_01G000200","protein","C2+",2,"positive"
"prot__TraesCAD_scaffold_069871_01G000100","TraesCAD_scaffold_069871_01G000100","protein","C2-",2,"negative"
"prot__TraesCAD_scaffold_032489_01G000100","TraesCAD_scaffold_032489_01G000100","protein","C1+",1,"positive"
"prot__TraesCAD_scaffold_069359_01G000400","TraesCAD_scaffold_069359_01G000400","protein","C1-",1,"negative"
"prot__TraesCAD_scaffold_032571_01G000100","TraesCAD_scaffold_032571_01G000100","protein","C1-",1,"negative"
"prot__TraesCAD_scaffold_032633_01G000100","TraesCAD_scaffold_032633_01G000100","protein","C1-",1,"negative"
"prot__TraesCAD_scaffold_032648_01G000100","TraesCAD_scaffold_032648_01G000100","protein","C1-",1,"negative"
"prot__TraesCAD_scaffold_032699_01G000400","TraesCAD_scaffold_032699_01G000400","protein","C1+",1,"positive"
"prot__TraesCAD_scaffold_098926_01G000200","TraesCAD_scaffold_098926_01G000200","protein","C2-",2,"negative"
"prot__TraesCAD_scaffold_105617_01G000100","TraesCAD_scaffold_105617_01G000100","protein","C2-",2,"negative"
"prot__TraesCAD_scaffold_032723_01G000100","TraesCAD_scaffold_032723_01G000100","protein","C2-",2,"negative"
"prot__TraesCAD_scaffold_032726_01G000200","TraesCAD_scaffold_032726_01G000200","protein","C2+",2,"positive"
"prot__TraesCAD_scaffold_032854_01G000200","TraesCAD_scaffold_032854_01G000200","protein","C1+",1,"positive"
"prot__TraesCAD_scaffold_067424_01G000100","TraesCAD_scaffold_067424_01G000100","protein","C1+",1,"positive"
"prot__TraesCAD_scaffold_032980_01G000100","TraesCAD_scaffold_032980_01G000100","protein","C1+",1,"positive"
"prot__TraesCAD_scaffold_032994_01G000200","TraesCAD_scaffold_032994_01G000200","protein","C2-",2,"negative"
"prot__TraesCAD_scaffold_032995_01G000300","TraesCAD_scaffold_032995_01G000300","protein","C2-",2,"negative"
"prot__TraesCAD_scaffold_033051_01G000100","TraesCAD_scaffold_033051_01G000100","protein","C1+",1,"positive"
"prot__TraesCAD_scaffold_033065_01G000200","TraesCAD_scaffold_033065_01G000200","protein","C2-",2,"negative"
"prot__TraesCAD_scaffold_126048_01G000100","TraesCAD_scaffold_126048_01G000100","protein","C2-",2,"negative"
"prot__TraesCAD_scaffold_033134_01G000100","TraesCAD_scaffold_033134_01G000100","protein","C2-",2,"negative"
"prot__TraesCAD_scaffold_033148_01G000200","TraesCAD_scaffold_033148_01G000200","protein","C1+",1,"positive"
"prot__TraesCAD_scaffold_033188_01G000500","TraesCAD_scaffold_033188_01G000500","protein","C1+",1,"positive"
"prot__TraesCAD_scaffold_033193_01G000100","TraesCAD_scaffold_033193_01G000100","protein","C2-",2,"negative"
"prot__TraesCAD_scaffold_033200_01G000100","TraesCAD_scaffold_033200_01G000100","protein","C1-",1,"negative"
"prot__TraesCAD_scaffold_033218_01G000200","TraesCAD_scaffold_033218_01G000200","protein","C1-",1,"negative"
"prot__TraesCAD_scaffold_067637_01G000100","TraesCAD_scaffold_067637_01G000100","protein","C1-",1,"negative"
"prot__TraesCAD_scaffold_033253_01G000100","TraesCAD_scaffold_033253_01G000100","protein","C1-",1,"negative"
"prot__TraesCAD_scaffold_033276_01G000300","TraesCAD_scaffold_033276_01G000300","protein","C2-",2,"negative"
"prot__TraesCAD_scaffold_101131_01G000100","TraesCAD_scaffold_101131_01G000100","protein","C2-",2,"negative"
"prot__TraesCAD_scaffold_033323_01G000100","TraesCAD_scaffold_033323_01G000100","protein","C2-",2,"negative"
"prot__TraesCAD_scaffold_033334_01G000100","TraesCAD_scaffold_033334_01G000100","protein","C2-",2,"negative"
"prot__TraesCAD_scaffold_033344_01G000300","TraesCAD_scaffold_033344_01G000300","protein","C2-",2,"negative"
"prot__TraesCAD_scaffold_033344_01G000400","TraesCAD_scaffold_033344_01G000400","protein","C1+",1,"positive"
"prot__TraesCAD_scaffold_033362_01G000300","TraesCAD_scaffold_033362_01G000300","protein","C1+",1,"positive"
"prot__TraesCAD_scaffold_033383_01G000200","TraesCAD_scaffold_033383_01G000200","protein","C1+",1,"positive"
"prot__TraesCAD_scaffold_129143_01G000200","TraesCAD_scaffold_129143_01G000200","protein","C1-",1,"negative"
"prot__TraesCAD_scaffold_033392_01G000100","TraesCAD_scaffold_033392_01G000100","protein","C2-",2,"negative"
"prot__TraesCAD_scaffold_134067_01G000200","TraesCAD_scaffold_134067_01G000200","protein","C2+",2,"positive"
"prot__TraesCAD_scaffold_053182_01G000100","TraesCAD_scaffold_053182_01G000100","protein","C1-",1,"negative"
"prot__TraesCAD_scaffold_033426_01G000100","TraesCAD_scaffold_033426_01G000100","protein","C2+",2,"positive"
"prot__TraesCAD_scaffold_162785_01G000100","TraesCAD_scaffold_162785_01G000100","protein","C2-",2,"negative"
"prot__TraesCAD_scaffold_033440_01G000300","TraesCAD_scaffold_033440_01G000300","protein","C1-",1,"negative"
"prot__TraesCAD_scaffold_033458_01G000200","TraesCAD_scaffold_033458_01G000200","protein","C1+",1,"positive"
"prot__TraesCAD_scaffold_033501_01G000300","TraesCAD_scaffold_033501_01G000300","protein","C1-",1,"negative"
"prot__TraesCAD_scaffold_074820_01G000500","TraesCAD_scaffold_074820_01G000500","protein","C2+",2,"positive"
"prot__TraesCAD_scaffold_033556_01G000200","TraesCAD_scaffold_033556_01G000200","protein","C2-",2,"negative"
"prot__TraesCAD_scaffold_033571_01G000300","TraesCAD_scaffold_033571_01G000300","protein","C1+",1,"positive"
"prot__TraesCAD_scaffold_104134_01G000100","TraesCAD_scaffold_104134_01G000100","protein","C2-",2,"negative"
"prot__TraesCAD_scaffold_033586_01G000300","TraesCAD_scaffold_033586_01G000300","protein","C2+",2,"positive"
"prot__TraesCAD_scaffold_033610_01G000600","TraesCAD_scaffold_033610_01G000600","protein","C1+",1,"positive"
"prot__TraesCAD_scaffold_033614_01G000500","TraesCAD_scaffold_033614_01G000500","protein","C2+",2,"positive"
"prot__TraesCAD_scaffold_033630_01G000300","TraesCAD_scaffold_033630_01G000300","protein","C1+",1,"positive"
"prot__TraesCAD_scaffold_033655_01G000100","TraesCAD_scaffold_033655_01G000100","protein","C1+",1,"positive"
"prot__TraesCAD_scaffold_052908_01G000200","TraesCAD_scaffold_052908_01G000200","protein","C2-",2,"negative"
"prot__TraesCAD_scaffold_033689_01G000100","TraesCAD_scaffold_033689_01G000100","protein","C1+",1,"positive"
"prot__TraesCAD_scaffold_093538_01G000100","TraesCAD_scaffold_093538_01G000100","protein","C1-",1,"negative"
"prot__TraesCAD_scaffold_033787_01G000200","TraesCAD_scaffold_033787_01G000200","protein","C2-",2,"negative"
"prot__TraesCAD_scaffold_068490_01G000100","TraesCAD_scaffold_068490_01G000100","protein","C1+",1,"positive"
"prot__TraesCAD_scaffold_114233_01G000100","TraesCAD_scaffold_114233_01G000100","protein","C1+",1,"positive"
"prot__TraesCAD_scaffold_033882_01G000300","TraesCAD_scaffold_033882_01G000300","protein","C2-",2,"negative"
"prot__TraesCAD_scaffold_033939_01G000100","TraesCAD_scaffold_033939_01G000100","protein","C2-",2,"negative"
"prot__TraesCAD_scaffold_033945_01G000200","TraesCAD_scaffold_033945_01G000200","protein","C2-",2,"negative"
"prot__TraesCAD_scaffold_048129_01G000200","TraesCAD_scaffold_048129_01G000200","protein","C1-",1,"negative"
"prot__TraesCAD_scaffold_033989_01G000100","TraesCAD_scaffold_033989_01G000100","protein","C1+",1,"positive"
"prot__TraesCAD_scaffold_106729_01G000200","TraesCAD_scaffold_106729_01G000200","protein","C2-",2,"negative"
"prot__TraesCAD_scaffold_034009_01G000100","TraesCAD_scaffold_034009_01G000100","protein","C1+",1,"positive"
"prot__TraesCAD_scaffold_034038_01G000400","TraesCAD_scaffold_034038_01G000400","protein","C1+",1,"positive"
"prot__TraesCAD_scaffold_034054_01G000100","TraesCAD_scaffold_034054_01G000100","protein","C2+",2,"positive"
"prot__TraesCAD_scaffold_034065_01G000100","TraesCAD_scaffold_034065_01G000100","protein","C1+",1,"positive"
"prot__TraesCAD_scaffold_034084_01G000300","TraesCAD_scaffold_034084_01G000300","protein","C1+",1,"positive"
"prot__TraesCAD_scaffold_034107_01G000200","TraesCAD_scaffold_034107_01G000200","protein","C1+",1,"positive"
"prot__TraesCAD_scaffold_034132_01G000300","TraesCAD_scaffold_034132_01G000300","protein","C2-",2,"negative"
"prot__TraesCAD_scaffold_034136_01G000100","TraesCAD_scaffold_034136_01G000100","protein","C2-",2,"negative"
"prot__TraesCAD_scaffold_063667_01G000100","TraesCAD_scaffold_063667_01G000100","protein","C2-",2,"negative"
"prot__TraesCAD_scaffold_034146_01G000600","TraesCAD_scaffold_034146_01G000600","protein","C1+",1,"positive"
"prot__TraesCAD_scaffold_034151_01G000100","TraesCAD_scaffold_034151_01G000100","protein","C2-",2,"negative"
"prot__TraesCAD_scaffold_049099_01G000200","TraesCAD_scaffold_049099_01G000200","protein","C1-",1,"negative"
"prot__TraesCAD_scaffold_034152_01G000400","TraesCAD_scaffold_034152_01G000400","protein","C2-",2,"negative"
"prot__TraesCAD_scaffold_034203_01G000100","TraesCAD_scaffold_034203_01G000100","protein","C1-",1,"negative"
"prot__TraesCAD_scaffold_034223_01G000200","TraesCAD_scaffold_034223_01G000200","protein","C2-",2,"negative"
"prot__TraesCAD_scaffold_034247_01G000400","TraesCAD_scaffold_034247_01G000400","protein","C1-",1,"negative"
"prot__TraesCAD_scaffold_034248_01G000300","TraesCAD_scaffold_034248_01G000300","protein","C1-",1,"negative"
"prot__TraesCAD_scaffold_034275_01G000100","TraesCAD_scaffold_034275_01G000100","protein","C1+",1,"positive"
"prot__TraesCAD_scaffold_034316_01G000800","TraesCAD_scaffold_034316_01G000800","protein","C1-",1,"negative"
"prot__TraesCAD_scaffold_034316_01G000900","TraesCAD_scaffold_034316_01G000900","protein","C2-",2,"negative"
"prot__TraesCAD_scaffold_034326_01G000600","TraesCAD_scaffold_034326_01G000600","protein","C1-",1,"negative"
"prot__TraesCAD_scaffold_065351_01G000100","TraesCAD_scaffold_065351_01G000100","protein","C2-",2,"negative"
"prot__TraesCAD_scaffold_034347_01G000100","TraesCAD_scaffold_034347_01G000100","protein","C2-",2,"negative"
"prot__TraesCAD_scaffold_034368_01G000100","TraesCAD_scaffold_034368_01G000100","protein","C1-",1,"negative"
"prot__TraesCAD_scaffold_034368_01G000400","TraesCAD_scaffold_034368_01G000400","protein","C1-",1,"negative"
"prot__TraesCAD_scaffold_034388_01G000100","TraesCAD_scaffold_034388_01G000100","protein","C1-",1,"negative"
"prot__TraesCAD_scaffold_034393_01G000200","TraesCAD_scaffold_034393_01G000200","protein","C1-",1,"negative"
"prot__TraesCAD_scaffold_034403_01G000100","TraesCAD_scaffold_034403_01G000100","protein","C1+",1,"positive"
"prot__TraesCAD_scaffold_045511_01G000100","TraesCAD_scaffold_045511_01G000100","protein","C1+",1,"positive"
"prot__TraesCAD_scaffold_034433_01G000300","TraesCAD_scaffold_034433_01G000300","protein","C2-",2,"negative"
"prot__TraesCAD_scaffold_034472_01G000100","TraesCAD_scaffold_034472_01G000100","protein","C1-",1,"negative"
"prot__TraesCAD_scaffold_046863_01G000100","TraesCAD_scaffold_046863_01G000100","protein","C2-",2,"negative"
"prot__TraesCAD_scaffold_034481_01G000200","TraesCAD_scaffold_034481_01G000200","protein","C2-",2,"negative"
"prot__TraesCAD_scaffold_034505_01G000100","TraesCAD_scaffold_034505_01G000100","protein","C2-",2,"negative"
"prot__TraesCAD_scaffold_097234_01G000100","TraesCAD_scaffold_097234_01G000100","protein","C1-",1,"negative"
"prot__TraesCAD_scaffold_036612_01G000200","TraesCAD_scaffold_036612_01G000200","protein","C2-",2,"negative"
"prot__TraesCAD_scaffold_057673_01G000200","TraesCAD_scaffold_057673_01G000200","protein","C1+",1,"positive"
"prot__TraesCAD_scaffold_034592_01G000100","TraesCAD_scaffold_034592_01G000100","protein","C1-",1,"negative"
"prot__TraesCAD_scaffold_034625_01G000900","TraesCAD_scaffold_034625_01G000900","protein","C1+",1,"positive"
"prot__TraesCAD_scaffold_048088_01G000100","TraesCAD_scaffold_048088_01G000100","protein","C1-",1,"negative"
"prot__TraesCAD_scaffold_034662_01G000100","TraesCAD_scaffold_034662_01G000100","protein","C1-",1,"negative"
"prot__TraesCAD_scaffold_057036_01G000100","TraesCAD_scaffold_057036_01G000100","protein","C2-",2,"negative"
"prot__TraesCAD_scaffold_034723_01G000200","TraesCAD_scaffold_034723_01G000200","protein","C1+",1,"positive"
"prot__TraesCAD_scaffold_057213_01G000100","TraesCAD_scaffold_057213_01G000100","protein","C1+",1,"positive"
"prot__TraesCAD_scaffold_034757_01G000100","TraesCAD_scaffold_034757_01G000100","protein","C1+",1,"positive"
"prot__TraesCAD_scaffold_038817_01G000100","TraesCAD_scaffold_038817_01G000100","protein","C2-",2,"negative"
"prot__TraesCAD_scaffold_034801_01G000100","TraesCAD_scaffold_034801_01G000100","protein","C2-",2,"negative"
"prot__TraesCAD_scaffold_034809_01G000400","TraesCAD_scaffold_034809_01G000400","protein","C2-",2,"negative"
"prot__TraesCAD_scaffold_034865_01G000200","TraesCAD_scaffold_034865_01G000200","protein","C2+",2,"positive"
"prot__TraesCAD_scaffold_034880_01G000200","TraesCAD_scaffold_034880_01G000200","protein","C1-",1,"negative"
"prot__TraesCAD_scaffold_034926_01G000300","TraesCAD_scaffold_034926_01G000300","protein","C2-",2,"negative"
"prot__TraesCAD_scaffold_034938_01G000300","TraesCAD_scaffold_034938_01G000300","protein","C2-",2,"negative"
"prot__TraesCAD_scaffold_034952_01G000100","TraesCAD_scaffold_034952_01G000100","protein","C2+",2,"positive"
"prot__TraesCAD_scaffold_034971_01G000200","TraesCAD_scaffold_034971_01G000200","protein","C1-",1,"negative"
"prot__TraesCAD_scaffold_034978_01G000200","TraesCAD_scaffold_034978_01G000200","protein","C2-",2,"negative"
"prot__TraesCAD_scaffold_034993_01G000100","TraesCAD_scaffold_034993_01G000100","protein","C2-",2,"negative"
"prot__TraesCAD_scaffold_035013_01G000100","TraesCAD_scaffold_035013_01G000100","protein","C1+",1,"positive"
"prot__TraesCAD_scaffold_063754_01G000200","TraesCAD_scaffold_063754_01G000200","protein","C1-",1,"negative"
"prot__TraesCAD_scaffold_035028_01G000300","TraesCAD_scaffold_035028_01G000300","protein","C1+",1,"positive"
"prot__TraesCAD_scaffold_035099_01G000200","TraesCAD_scaffold_035099_01G000200","protein","C2-",2,"negative"
"prot__TraesCAD_scaffold_035101_01G000600","TraesCAD_scaffold_035101_01G000600","protein","C2-",2,"negative"
"prot__TraesCAD_scaffold_066746_01G000100","TraesCAD_scaffold_066746_01G000100","protein","C2+",2,"positive"
"prot__TraesCAD_scaffold_035120_01G000200","TraesCAD_scaffold_035120_01G000200","protein","C1+",1,"positive"
"prot__TraesCAD_scaffold_035153_01G000200","TraesCAD_scaffold_035153_01G000200","protein","C2-",2,"negative"
"prot__TraesCAD_scaffold_035165_01G000100","TraesCAD_scaffold_035165_01G000100","protein","C1+",1,"positive"
"prot__TraesCAD_scaffold_091510_01G000200","TraesCAD_scaffold_091510_01G000200","protein","C1+",1,"positive"
"prot__TraesCAD_scaffold_035222_01G000200","TraesCAD_scaffold_035222_01G000200","protein","C1-",1,"negative"
"prot__TraesCAD_scaffold_035226_01G000300","TraesCAD_scaffold_035226_01G000300","protein","C1+",1,"positive"
"prot__TraesCAD_scaffold_169145_01G000100","TraesCAD_scaffold_169145_01G000100","protein","C2+",2,"positive"
"prot__TraesCAD_scaffold_113574_01G000200","TraesCAD_scaffold_113574_01G000200","protein","C2-",2,"negative"
"prot__TraesCAD_scaffold_133347_01G000200","TraesCAD_scaffold_133347_01G000200","protein","C1+",1,"positive"
"prot__TraesCAD_scaffold_035252_01G000600","TraesCAD_scaffold_035252_01G000600","protein","C1+",1,"positive"
"prot__TraesCAD_scaffold_035272_01G000100","TraesCAD_scaffold_035272_01G000100","protein","C1+",1,"positive"
"prot__TraesCAD_scaffold_061920_01G000300","TraesCAD_scaffold_061920_01G000300","protein","C2+",2,"positive"
"prot__TraesCAD_scaffold_037998_01G000100","TraesCAD_scaffold_037998_01G000100","protein","C1+",1,"positive"
"prot__TraesCAD_scaffold_035337_01G000100","TraesCAD_scaffold_035337_01G000100","protein","C1+",1,"positive"
"prot__TraesCAD_scaffold_035357_01G000500","TraesCAD_scaffold_035357_01G000500","protein","C2-",2,"negative"
"prot__TraesCAD_scaffold_035369_01G000100","TraesCAD_scaffold_035369_01G000100","protein","C2-",2,"negative"
"prot__TraesCAD_scaffold_035427_01G000200","TraesCAD_scaffold_035427_01G000200","protein","C2-",2,"negative"
"prot__TraesCAD_scaffold_035450_01G000100","TraesCAD_scaffold_035450_01G000100","protein","C2-",2,"negative"
"prot__TraesCAD_scaffold_035460_01G000100","TraesCAD_scaffold_035460_01G000100","protein","C2-",2,"negative"
"prot__TraesCAD_scaffold_035476_01G000100","TraesCAD_scaffold_035476_01G000100","protein","C1+",1,"positive"
"prot__TraesCAD_scaffold_035515_01G000100","TraesCAD_scaffold_035515_01G000100","protein","C2-",2,"negative"
"prot__TraesCAD_scaffold_035537_01G000300","TraesCAD_scaffold_035537_01G000300","protein","C1+",1,"positive"
"prot__TraesCAD_scaffold_083620_01G000100","TraesCAD_scaffold_083620_01G000100","protein","C2-",2,"negative"
"prot__TraesCAD_scaffold_035643_01G000300","TraesCAD_scaffold_035643_01G000300","protein","C2+",2,"positive"
"prot__TraesCAD_scaffold_035774_01G000200","TraesCAD_scaffold_035774_01G000200","protein","C1+",1,"positive"
"prot__TraesCAD_scaffold_085606_01G000100","TraesCAD_scaffold_085606_01G000100","protein","C1+",1,"positive"
"prot__TraesCAD_scaffold_035851_01G000100","TraesCAD_scaffold_035851_01G000100","protein","C1+",1,"positive"
"prot__TraesCAD_scaffold_084586_01G000100","TraesCAD_scaffold_084586_01G000100","protein","C1-",1,"negative"
"prot__TraesCAD_scaffold_035954_01G000200","TraesCAD_scaffold_035954_01G000200","protein","C1+",1,"positive"
"prot__TraesCAD_scaffold_035955_01G000100","TraesCAD_scaffold_035955_01G000100","protein","C2+",2,"positive"
"prot__TraesCAD_scaffold_035971_01G000200","TraesCAD_scaffold_035971_01G000200","protein","C2+",2,"positive"
"prot__TraesCAD_scaffold_036056_01G000200","TraesCAD_scaffold_036056_01G000200","protein","C2-",2,"negative"
"prot__TraesCAD_scaffold_036121_01G000100","TraesCAD_scaffold_036121_01G000100","protein","C2-",2,"negative"
"prot__TraesCAD_scaffold_036125_01G000300","TraesCAD_scaffold_036125_01G000300","protein","C2-",2,"negative"
"prot__TraesCAD_scaffold_036134_01G000100","TraesCAD_scaffold_036134_01G000100","protein","C1-",1,"negative"
"prot__TraesCAD_scaffold_036151_01G000300","TraesCAD_scaffold_036151_01G000300","protein","C1+",1,"positive"
"prot__TraesCAD_scaffold_036179_01G000100","TraesCAD_scaffold_036179_01G000100","protein","C1+",1,"positive"
"prot__TraesCAD_scaffold_036186_01G000100","TraesCAD_scaffold_036186_01G000100","protein","C1+",1,"positive"
"prot__TraesCAD_scaffold_036205_01G000300","TraesCAD_scaffold_036205_01G000300","protein","C1+",1,"positive"
"prot__TraesCAD_scaffold_178813_01G000100","TraesCAD_scaffold_178813_01G000100","protein","C2-",2,"negative"
"prot__TraesCAD_scaffold_036303_01G000100","TraesCAD_scaffold_036303_01G000100","protein","C1-",1,"negative"
"prot__TraesCAD_scaffold_036310_01G000300","TraesCAD_scaffold_036310_01G000300","protein","C1-",1,"negative"
"prot__TraesCAD_scaffold_036316_01G000100","TraesCAD_scaffold_036316_01G000100","protein","C2-",2,"negative"
"prot__TraesCAD_scaffold_175867_01G000100","TraesCAD_scaffold_175867_01G000100","protein","C2-",2,"negative"
"prot__TraesCAD_scaffold_036352_01G000200","TraesCAD_scaffold_036352_01G000200","protein","C1+",1,"positive"
"prot__TraesCAD_scaffold_036353_01G000100","TraesCAD_scaffold_036353_01G000100","protein","C1-",1,"negative"
"prot__TraesCAD_scaffold_036374_01G000400","TraesCAD_scaffold_036374_01G000400","protein","C2-",2,"negative"
"prot__TraesCAD_scaffold_036377_01G000100","TraesCAD_scaffold_036377_01G000100","protein","C1+",1,"positive"
"prot__TraesCAD_scaffold_036378_01G000100","TraesCAD_scaffold_036378_01G000100","protein","C1+",1,"positive"
"prot__TraesCAD_scaffold_056906_01G000300","TraesCAD_scaffold_056906_01G000300","protein","C1-",1,"negative"
"prot__TraesCAD_scaffold_036420_01G000200","TraesCAD_scaffold_036420_01G000200","protein","C1+",1,"positive"
"prot__TraesCAD_scaffold_036431_01G000300","TraesCAD_scaffold_036431_01G000300","protein","C2-",2,"negative"
"prot__TraesCAD_scaffold_036436_01G000500","TraesCAD_scaffold_036436_01G000500","protein","C1-",1,"negative"
"prot__TraesCAD_scaffold_046676_01G000200","TraesCAD_scaffold_046676_01G000200","protein","C2-",2,"negative"
"prot__TraesCAD_scaffold_036473_01G000100","TraesCAD_scaffold_036473_01G000100","protein","C1+",1,"positive"
"prot__TraesCAD_scaffold_047583_01G000100","TraesCAD_scaffold_047583_01G000100","protein","C1+",1,"positive"
"prot__TraesCAD_scaffold_036491_01G000300","TraesCAD_scaffold_036491_01G000300","protein","C1+",1,"positive"
"prot__TraesCAD_scaffold_036510_01G000400","TraesCAD_scaffold_036510_01G000400","protein","C1+",1,"positive"
"prot__TraesCAD_scaffold_036517_01G000100","TraesCAD_scaffold_036517_01G000100","protein","C1+",1,"positive"
"prot__TraesCAD_scaffold_036532_01G000400","TraesCAD_scaffold_036532_01G000400","protein","C2-",2,"negative"
"prot__TraesCAD_scaffold_036536_01G000100","TraesCAD_scaffold_036536_01G000100","protein","C2-",2,"negative"
"prot__TraesCAD_scaffold_036541_01G000100","TraesCAD_scaffold_036541_01G000100","protein","C2+",2,"positive"
"prot__TraesCAD_scaffold_080188_01G000100","TraesCAD_scaffold_080188_01G000100","protein","C1+",1,"positive"
"prot__TraesCAD_scaffold_036569_01G000400","TraesCAD_scaffold_036569_01G000400","protein","C2-",2,"negative"
"prot__TraesCAD_scaffold_036582_01G000100","TraesCAD_scaffold_036582_01G000100","protein","C1+",1,"positive"
"prot__TraesCAD_scaffold_036608_01G000200","TraesCAD_scaffold_036608_01G000200","protein","C1-",1,"negative"
"prot__TraesCAD_scaffold_036658_01G000400","TraesCAD_scaffold_036658_01G000400","protein","C1+",1,"positive"
"prot__TraesCAD_scaffold_036682_01G000100","TraesCAD_scaffold_036682_01G000100","protein","C1+",1,"positive"
"prot__TraesCAD_scaffold_086565_01G000100","TraesCAD_scaffold_086565_01G000100","protein","C1-",1,"negative"
"prot__TraesCAD_scaffold_036706_01G000100","TraesCAD_scaffold_036706_01G000100","protein","C2-",2,"negative"
"prot__TraesCAD_scaffold_036766_01G000200","TraesCAD_scaffold_036766_01G000200","protein","C2-",2,"negative"
"prot__TraesCAD_scaffold_036767_01G000400","TraesCAD_scaffold_036767_01G000400","protein","C2+",2,"positive"
"prot__TraesCAD_scaffold_036774_01G000100","TraesCAD_scaffold_036774_01G000100","protein","C2-",2,"negative"
"prot__TraesCAD_scaffold_036815_01G000400","TraesCAD_scaffold_036815_01G000400","protein","C1+",1,"positive"
"prot__TraesCAD_scaffold_036815_01G000500","TraesCAD_scaffold_036815_01G000500","protein","C2-",2,"negative"
"prot__TraesCAD_scaffold_090468_01G000100","TraesCAD_scaffold_090468_01G000100","protein","C2-",2,"negative"
"prot__TraesCAD_scaffold_036894_01G000100","TraesCAD_scaffold_036894_01G000100","protein","C1+",1,"positive"
"prot__TraesCAD_scaffold_130396_01G000100","TraesCAD_scaffold_130396_01G000100","protein","C2+",2,"positive"
"prot__TraesCAD_scaffold_036909_01G000200","TraesCAD_scaffold_036909_01G000200","protein","C2-",2,"negative"
"prot__TraesCAD_scaffold_036919_01G000300","TraesCAD_scaffold_036919_01G000300","protein","C1+",1,"positive"
"prot__TraesCAD_scaffold_036944_01G000200","TraesCAD_scaffold_036944_01G000200","protein","C2-",2,"negative"
"prot__TraesCAD_scaffold_037010_01G000500","TraesCAD_scaffold_037010_01G000500","protein","C2-",2,"negative"
"prot__TraesCAD_scaffold_037013_01G000100","TraesCAD_scaffold_037013_01G000100","protein","C1-",1,"negative"
"prot__TraesCAD_scaffold_037017_01G000100","TraesCAD_scaffold_037017_01G000100","protein","C1+",1,"positive"
"prot__TraesCAD_scaffold_037032_01G000100","TraesCAD_scaffold_037032_01G000100","protein","C2-",2,"negative"
"prot__TraesCAD_scaffold_037032_01G000200","TraesCAD_scaffold_037032_01G000200","protein","C2-",2,"negative"
"prot__TraesCAD_scaffold_041317_01G000100","TraesCAD_scaffold_041317_01G000100","protein","C1-",1,"negative"
"prot__TraesCAD_scaffold_037059_01G000100","TraesCAD_scaffold_037059_01G000100","protein","C1+",1,"positive"
"prot__TraesCAD_scaffold_037061_01G000200","TraesCAD_scaffold_037061_01G000200","protein","C1-",1,"negative"
"prot__TraesCAD_scaffold_047083_01G000200","TraesCAD_scaffold_047083_01G000200","protein","C2-",2,"negative"
"prot__TraesCAD_scaffold_037104_01G000300","TraesCAD_scaffold_037104_01G000300","protein","C1+",1,"positive"
"prot__TraesCAD_scaffold_051814_01G000200","TraesCAD_scaffold_051814_01G000200","protein","C1+",1,"positive"
"prot__TraesCAD_scaffold_037122_01G000100","TraesCAD_scaffold_037122_01G000100","protein","C1-",1,"negative"
"prot__TraesCAD_scaffold_037123_01G000900","TraesCAD_scaffold_037123_01G000900","protein","C2-",2,"negative"
"prot__TraesCAD_scaffold_166709_01G000100","TraesCAD_scaffold_166709_01G000100","protein","C2-",2,"negative"
"prot__TraesCAD_scaffold_037195_01G000100","TraesCAD_scaffold_037195_01G000100","protein","C2+",2,"positive"
"prot__TraesCAD_scaffold_079014_01G000200","TraesCAD_scaffold_079014_01G000200","protein","C2-",2,"negative"
"prot__TraesCAD_scaffold_119076_01G000200","TraesCAD_scaffold_119076_01G000200","protein","C2-",2,"negative"
"prot__TraesCAD_scaffold_037263_01G000300","TraesCAD_scaffold_037263_01G000300","protein","C1+",1,"positive"
"prot__TraesCAD_scaffold_037375_01G000100","TraesCAD_scaffold_037375_01G000100","protein","C1+",1,"positive"
"prot__TraesCAD_scaffold_037375_01G000300","TraesCAD_scaffold_037375_01G000300","protein","C1-",1,"negative"
"prot__TraesCAD_scaffold_139473_01G000100","TraesCAD_scaffold_139473_01G000100","protein","C2-",2,"negative"
"prot__TraesCAD_scaffold_091472_01G000100","TraesCAD_scaffold_091472_01G000100","protein","C1+",1,"positive"
"prot__TraesCAD_scaffold_037411_01G000200","TraesCAD_scaffold_037411_01G000200","protein","C2+",2,"positive"
"prot__TraesCAD_scaffold_037441_01G000200","TraesCAD_scaffold_037441_01G000200","protein","C2-",2,"negative"
"prot__TraesCAD_scaffold_037456_01G000200","TraesCAD_scaffold_037456_01G000200","protein","C1-",1,"negative"
"prot__TraesCAD_scaffold_042570_01G000200","TraesCAD_scaffold_042570_01G000200","protein","C2-",2,"negative"
"prot__TraesCAD_scaffold_037491_01G000200","TraesCAD_scaffold_037491_01G000200","protein","C1-",1,"negative"
"prot__TraesCAD_scaffold_037494_01G000200","TraesCAD_scaffold_037494_01G000200","protein","C1+",1,"positive"
"prot__TraesCAD_scaffold_075297_01G000100","TraesCAD_scaffold_075297_01G000100","protein","C1-",1,"negative"
"prot__TraesCAD_scaffold_037590_01G000100","TraesCAD_scaffold_037590_01G000100","protein","C1-",1,"negative"
"prot__TraesCAD_scaffold_068600_01G000100","TraesCAD_scaffold_068600_01G000100","protein","C2-",2,"negative"
"prot__TraesCAD_scaffold_083517_01G000100","TraesCAD_scaffold_083517_01G000100","protein","C1+",1,"positive"
"prot__TraesCAD_scaffold_037673_01G000300","TraesCAD_scaffold_037673_01G000300","protein","C1-",1,"negative"
"prot__TraesCAD_scaffold_037676_01G000500","TraesCAD_scaffold_037676_01G000500","protein","C2-",2,"negative"
"prot__TraesCAD_scaffold_037699_01G000200","TraesCAD_scaffold_037699_01G000200","protein","C1+",1,"positive"
"prot__TraesCAD_scaffold_069080_01G000100","TraesCAD_scaffold_069080_01G000100","protein","C2-",2,"negative"
"prot__TraesCAD_scaffold_066027_01G000100","TraesCAD_scaffold_066027_01G000100","protein","C1-",1,"negative"
"prot__TraesCAD_scaffold_037722_01G000100","TraesCAD_scaffold_037722_01G000100","protein","C1+",1,"positive"
"prot__TraesCAD_scaffold_104511_01G000300","TraesCAD_scaffold_104511_01G000300","protein","C2+",2,"positive"
"prot__TraesCAD_scaffold_104511_01G000100","TraesCAD_scaffold_104511_01G000100","protein","C1+",1,"positive"
"prot__TraesCAD_scaffold_093015_01G000100","TraesCAD_scaffold_093015_01G000100","protein","C2+",2,"positive"
"prot__TraesCAD_scaffold_037752_01G000100","TraesCAD_scaffold_037752_01G000100","protein","C2-",2,"negative"
"prot__TraesCAD_scaffold_055095_01G000100","TraesCAD_scaffold_055095_01G000100","protein","C1-",1,"negative"
"prot__TraesCAD_scaffold_037807_01G000100","TraesCAD_scaffold_037807_01G000100","protein","C2-",2,"negative"
"prot__TraesCAD_scaffold_037839_01G000200","TraesCAD_scaffold_037839_01G000200","protein","C1-",1,"negative"
"prot__TraesCAD_scaffold_037896_01G000100","TraesCAD_scaffold_037896_01G000100","protein","C1+",1,"positive"
"prot__TraesCAD_scaffold_149926_01G000100","TraesCAD_scaffold_149926_01G000100","protein","C2-",2,"negative"
"prot__TraesCAD_scaffold_049055_01G000100","TraesCAD_scaffold_049055_01G000100","protein","C1-",1,"negative"
"prot__TraesCAD_scaffold_037943_01G000200","TraesCAD_scaffold_037943_01G000200","protein","C1+",1,"positive"
"prot__TraesCAD_scaffold_037951_01G000200","TraesCAD_scaffold_037951_01G000200","protein","C2+",2,"positive"
"prot__TraesCAD_scaffold_037977_01G000200","TraesCAD_scaffold_037977_01G000200","protein","C2+",2,"positive"
"prot__TraesCAD_scaffold_089603_01G000400","TraesCAD_scaffold_089603_01G000400","protein","C2+",2,"positive"
"prot__TraesCAD_scaffold_038035_01G000100","TraesCAD_scaffold_038035_01G000100","protein","C1+",1,"positive"
"prot__TraesCAD_scaffold_038070_01G000100","TraesCAD_scaffold_038070_01G000100","protein","C1+",1,"positive"
"prot__TraesCAD_scaffold_038072_01G000100","TraesCAD_scaffold_038072_01G000100","protein","C2-",2,"negative"
"prot__TraesCAD_scaffold_038101_01G000200","TraesCAD_scaffold_038101_01G000200","protein","C1-",1,"negative"
"prot__TraesCAD_scaffold_038101_01G000300","TraesCAD_scaffold_038101_01G000300","protein","C1-",1,"negative"
"prot__TraesCAD_scaffold_038120_01G000100","TraesCAD_scaffold_038120_01G000100","protein","C2-",2,"negative"
"prot__TraesCAD_scaffold_064969_01G000400","TraesCAD_scaffold_064969_01G000400","protein","C2+",2,"positive"
"prot__TraesCAD_scaffold_038145_01G000100","TraesCAD_scaffold_038145_01G000100","protein","C2-",2,"negative"
"prot__TraesCAD_scaffold_099581_01G000100","TraesCAD_scaffold_099581_01G000100","protein","C1-",1,"negative"
"prot__TraesCAD_scaffold_038181_01G000200","TraesCAD_scaffold_038181_01G000200","protein","C1-",1,"negative"
"prot__TraesCAD_scaffold_089600_01G000200","TraesCAD_scaffold_089600_01G000200","protein","C2-",2,"negative"
"prot__TraesCAD_scaffold_038208_01G000200","TraesCAD_scaffold_038208_01G000200","protein","C1-",1,"negative"
"prot__TraesCAD_scaffold_038236_01G000100","TraesCAD_scaffold_038236_01G000100","protein","C2-",2,"negative"
"prot__TraesCAD_scaffold_038267_01G000100","TraesCAD_scaffold_038267_01G000100","protein","C2-",2,"negative"
"prot__TraesCAD_scaffold_060579_01G000100","TraesCAD_scaffold_060579_01G000100","protein","C1+",1,"positive"
"prot__TraesCAD_scaffold_038307_01G000100","TraesCAD_scaffold_038307_01G000100","protein","C1+",1,"positive"
"prot__TraesCAD_scaffold_038314_01G000200","TraesCAD_scaffold_038314_01G000200","protein","C1-",1,"negative"
"prot__TraesCAD_scaffold_038337_01G000100","TraesCAD_scaffold_038337_01G000100","protein","C2-",2,"negative"
"prot__TraesCAD_scaffold_038367_01G000100","TraesCAD_scaffold_038367_01G000100","protein","C1+",1,"positive"
"prot__TraesCAD_scaffold_038367_01G000300","TraesCAD_scaffold_038367_01G000300","protein","C1+",1,"positive"
"prot__TraesCAD_scaffold_038374_01G000300","TraesCAD_scaffold_038374_01G000300","protein","C1+",1,"positive"
"prot__TraesCAD_scaffold_043430_01G000100","TraesCAD_scaffold_043430_01G000100","protein","C2-",2,"negative"
"prot__TraesCAD_scaffold_052325_01G000100","TraesCAD_scaffold_052325_01G000100","protein","C1+",1,"positive"
"prot__TraesCAD_scaffold_038477_01G000200","TraesCAD_scaffold_038477_01G000200","protein","C2-",2,"negative"
"prot__TraesCAD_scaffold_038532_01G000100","TraesCAD_scaffold_038532_01G000100","protein","C2-",2,"negative"
"prot__TraesCAD_scaffold_038562_01G000200","TraesCAD_scaffold_038562_01G000200","protein","C2-",2,"negative"
"prot__TraesCAD_scaffold_038565_01G000400","TraesCAD_scaffold_038565_01G000400","protein","C1+",1,"positive"
"prot__TraesCAD_scaffold_038576_01G000100","TraesCAD_scaffold_038576_01G000100","protein","C1-",1,"negative"
"prot__TraesCAD_scaffold_038577_01G000100","TraesCAD_scaffold_038577_01G000100","protein","C1-",1,"negative"
"prot__TraesCAD_scaffold_038629_01G000100","TraesCAD_scaffold_038629_01G000100","protein","C1+",1,"positive"
"prot__TraesCAD_scaffold_038632_01G000300","TraesCAD_scaffold_038632_01G000300","protein","C2-",2,"negative"
"prot__TraesCAD_scaffold_038662_01G000400","TraesCAD_scaffold_038662_01G000400","protein","C2-",2,"negative"
"prot__TraesCAD_scaffold_038665_01G000400","TraesCAD_scaffold_038665_01G000400","protein","C2+",2,"positive"
"prot__TraesCAD_scaffold_038680_01G000100","TraesCAD_scaffold_038680_01G000100","protein","C1-",1,"negative"
"prot__TraesCAD_scaffold_136661_01G000100","TraesCAD_scaffold_136661_01G000100","protein","C1-",1,"negative"
"prot__TraesCAD_scaffold_038700_01G000100","TraesCAD_scaffold_038700_01G000100","protein","C1-",1,"negative"
"prot__TraesCAD_scaffold_038721_01G000200","TraesCAD_scaffold_038721_01G000200","protein","C1+",1,"positive"
"prot__TraesCAD_scaffold_084624_01G000300","TraesCAD_scaffold_084624_01G000300","protein","C1-",1,"negative"
"prot__TraesCAD_scaffold_038773_01G000200","TraesCAD_scaffold_038773_01G000200","protein","C2-",2,"negative"
"prot__TraesCAD_scaffold_038854_01G000100","TraesCAD_scaffold_038854_01G000100","protein","C1-",1,"negative"
"prot__TraesCAD_scaffold_038872_01G000700","TraesCAD_scaffold_038872_01G000700","protein","C2-",2,"negative"
"prot__TraesCAD_scaffold_040874_01G000200","TraesCAD_scaffold_040874_01G000200","protein","C2-",2,"negative"
"prot__TraesCAD_scaffold_038885_01G000400","TraesCAD_scaffold_038885_01G000400","protein","C2-",2,"negative"
"prot__TraesCAD_scaffold_038886_01G000100","TraesCAD_scaffold_038886_01G000100","protein","C2-",2,"negative"
"prot__TraesCAD_scaffold_038911_01G000100","TraesCAD_scaffold_038911_01G000100","protein","C2+",2,"positive"
"prot__TraesCAD_scaffold_038942_01G000200","TraesCAD_scaffold_038942_01G000200","protein","C1-",1,"negative"
"prot__TraesCAD_scaffold_039007_01G000200","TraesCAD_scaffold_039007_01G000200","protein","C1-",1,"negative"
"prot__TraesCAD_scaffold_039029_01G000100","TraesCAD_scaffold_039029_01G000100","protein","C2-",2,"negative"
"prot__TraesCAD_scaffold_039053_01G000200","TraesCAD_scaffold_039053_01G000200","protein","C1-",1,"negative"
"prot__TraesCAD_scaffold_039234_01G000100","TraesCAD_scaffold_039234_01G000100","protein","C2-",2,"negative"
"prot__TraesCAD_scaffold_039251_01G000300","TraesCAD_scaffold_039251_01G000300","protein","C1-",1,"negative"
"prot__TraesCAD_scaffold_039300_01G000100","TraesCAD_scaffold_039300_01G000100","protein","C1+",1,"positive"
"prot__TraesCAD_scaffold_039300_01G000200","TraesCAD_scaffold_039300_01G000200","protein","C1+",1,"positive"
"prot__TraesCAD_scaffold_069247_01G000200","TraesCAD_scaffold_069247_01G000200","protein","C2-",2,"negative"
"prot__TraesCAD_scaffold_091427_01G000100","TraesCAD_scaffold_091427_01G000100","protein","C2+",2,"positive"
"prot__TraesCAD_scaffold_039330_01G000300","TraesCAD_scaffold_039330_01G000300","protein","C2-",2,"negative"
"prot__TraesCAD_scaffold_039331_01G000300","TraesCAD_scaffold_039331_01G000300","protein","C2-",2,"negative"
"prot__TraesCAD_scaffold_049708_01G000100","TraesCAD_scaffold_049708_01G000100","protein","C1-",1,"negative"
"prot__TraesCAD_scaffold_039356_01G000100","TraesCAD_scaffold_039356_01G000100","protein","C1-",1,"negative"
"prot__TraesCAD_scaffold_039356_01G000200","TraesCAD_scaffold_039356_01G000200","protein","C2+",2,"positive"
"prot__TraesCAD_scaffold_039356_01G000700","TraesCAD_scaffold_039356_01G000700","protein","C2-",2,"negative"
"prot__TraesCAD_scaffold_039382_01G000100","TraesCAD_scaffold_039382_01G000100","protein","C1-",1,"negative"
"prot__TraesCAD_scaffold_039382_01G000300","TraesCAD_scaffold_039382_01G000300","protein","C1-",1,"negative"
"prot__TraesCAD_scaffold_039466_01G000100","TraesCAD_scaffold_039466_01G000100","protein","C2-",2,"negative"
"prot__TraesCAD_scaffold_039479_01G000200","TraesCAD_scaffold_039479_01G000200","protein","C1-",1,"negative"
"prot__TraesCAD_scaffold_039535_01G000100","TraesCAD_scaffold_039535_01G000100","protein","C2-",2,"negative"
"prot__TraesCAD_scaffold_039546_01G000300","TraesCAD_scaffold_039546_01G000300","protein","C1+",1,"positive"
"prot__TraesCAD_scaffold_039598_01G000100","TraesCAD_scaffold_039598_01G000100","protein","C2-",2,"negative"
"prot__TraesCAD_scaffold_039608_01G000400","TraesCAD_scaffold_039608_01G000400","protein","C2-",2,"negative"
"prot__TraesCAD_scaffold_039611_01G000200","TraesCAD_scaffold_039611_01G000200","protein","C2-",2,"negative"
"prot__TraesCAD_scaffold_039616_01G000300","TraesCAD_scaffold_039616_01G000300","protein","C1+",1,"positive"
"prot__TraesCAD_scaffold_065575_01G000200","TraesCAD_scaffold_065575_01G000200","protein","C1-",1,"negative"
"prot__TraesCAD_scaffold_139308_01G000100","TraesCAD_scaffold_139308_01G000100","protein","C2-",2,"negative"
"prot__TraesCAD_scaffold_039707_01G000300","TraesCAD_scaffold_039707_01G000300","protein","C1+",1,"positive"
"prot__TraesCAD_scaffold_039719_01G000100","TraesCAD_scaffold_039719_01G000100","protein","C2-",2,"negative"
"prot__TraesCAD_scaffold_039755_01G000100","TraesCAD_scaffold_039755_01G000100","protein","C1+",1,"positive"
"prot__TraesCAD_scaffold_039756_01G000100","TraesCAD_scaffold_039756_01G000100","protein","C2-",2,"negative"
"prot__TraesCAD_scaffold_039762_01G000100","TraesCAD_scaffold_039762_01G000100","protein","C1+",1,"positive"
"prot__TraesCAD_scaffold_039817_01G000400","TraesCAD_scaffold_039817_01G000400","protein","C1-",1,"negative"
"prot__TraesCAD_scaffold_053064_01G000200","TraesCAD_scaffold_053064_01G000200","protein","C1-",1,"negative"
"prot__TraesCAD_scaffold_073280_01G000200","TraesCAD_scaffold_073280_01G000200","protein","C1-",1,"negative"
"prot__TraesCAD_scaffold_039878_01G000100","TraesCAD_scaffold_039878_01G000100","protein","C2-",2,"negative"
"prot__TraesCAD_scaffold_110139_01G000100","TraesCAD_scaffold_110139_01G000100","protein","C2-",2,"negative"
"prot__TraesCAD_scaffold_039899_01G000400","TraesCAD_scaffold_039899_01G000400","protein","C1-",1,"negative"
"prot__TraesCAD_scaffold_039903_01G000100","TraesCAD_scaffold_039903_01G000100","protein","C1+",1,"positive"
"prot__TraesCAD_scaffold_039994_01G000100","TraesCAD_scaffold_039994_01G000100","protein","C1+",1,"positive"
"prot__TraesCAD_scaffold_040027_01G000100","TraesCAD_scaffold_040027_01G000100","protein","C1+",1,"positive"
"prot__TraesCAD_scaffold_040029_01G000500","TraesCAD_scaffold_040029_01G000500","protein","C1+",1,"positive"
"prot__TraesCAD_scaffold_040036_01G000100","TraesCAD_scaffold_040036_01G000100","protein","C2-",2,"negative"
"prot__TraesCAD_scaffold_040066_01G000300","TraesCAD_scaffold_040066_01G000300","protein","C1+",1,"positive"
"prot__TraesCAD_scaffold_040129_01G000400","TraesCAD_scaffold_040129_01G000400","protein","C1+",1,"positive"
"prot__TraesCAD_scaffold_040129_01G000500","TraesCAD_scaffold_040129_01G000500","protein","C1+",1,"positive"
"prot__TraesCAD_scaffold_084935_01G000200","TraesCAD_scaffold_084935_01G000200","protein","C1+",1,"positive"
"prot__TraesCAD_scaffold_040161_01G000800","TraesCAD_scaffold_040161_01G000800","protein","C2-",2,"negative"
"prot__TraesCAD_scaffold_040200_01G000200","TraesCAD_scaffold_040200_01G000200","protein","C1+",1,"positive"
"prot__TraesCAD_scaffold_089650_01G000100","TraesCAD_scaffold_089650_01G000100","protein","C1+",1,"positive"
"prot__TraesCAD_scaffold_040251_01G000200","TraesCAD_scaffold_040251_01G000200","protein","C2-",2,"negative"
"prot__TraesCAD_scaffold_066304_01G000400","TraesCAD_scaffold_066304_01G000400","protein","C1+",1,"positive"
"prot__TraesCAD_scaffold_040314_01G000200","TraesCAD_scaffold_040314_01G000200","protein","C1-",1,"negative"
"prot__TraesCAD_scaffold_067439_01G000100","TraesCAD_scaffold_067439_01G000100","protein","C1+",1,"positive"
"prot__TraesCAD_scaffold_076198_01G000200","TraesCAD_scaffold_076198_01G000200","protein","C2-",2,"negative"
"prot__TraesCAD_scaffold_040408_01G000100","TraesCAD_scaffold_040408_01G000100","protein","C1+",1,"positive"
"prot__TraesCAD_scaffold_040440_01G000200","TraesCAD_scaffold_040440_01G000200","protein","C2-",2,"negative"
"prot__TraesCAD_scaffold_040461_01G000400","TraesCAD_scaffold_040461_01G000400","protein","C2-",2,"negative"
"prot__TraesCAD_scaffold_040513_01G000200","TraesCAD_scaffold_040513_01G000200","protein","C2+",2,"positive"
"prot__TraesCAD_scaffold_040522_01G000200","TraesCAD_scaffold_040522_01G000200","protein","C1+",1,"positive"
"prot__TraesCAD_scaffold_040557_01G000100","TraesCAD_scaffold_040557_01G000100","protein","C1+",1,"positive"
"prot__TraesCAD_scaffold_040585_01G000100","TraesCAD_scaffold_040585_01G000100","protein","C2-",2,"negative"
"prot__TraesCAD_scaffold_133825_01G000100","TraesCAD_scaffold_133825_01G000100","protein","C2-",2,"negative"
"prot__TraesCAD_scaffold_040659_01G000100","TraesCAD_scaffold_040659_01G000100","protein","C2-",2,"negative"
"prot__TraesCAD_scaffold_040660_01G000300","TraesCAD_scaffold_040660_01G000300","protein","C1-",1,"negative"
"prot__TraesCAD_scaffold_040662_01G000300","TraesCAD_scaffold_040662_01G000300","protein","C1+",1,"positive"
"prot__TraesCAD_scaffold_118402_01G000100","TraesCAD_scaffold_118402_01G000100","protein","C1+",1,"positive"
"prot__TraesCAD_scaffold_040708_01G000100","TraesCAD_scaffold_040708_01G000100","protein","C2-",2,"negative"
"prot__TraesCAD_scaffold_040729_01G000100","TraesCAD_scaffold_040729_01G000100","protein","C2-",2,"negative"
"prot__TraesCAD_scaffold_040772_01G000100","TraesCAD_scaffold_040772_01G000100","protein","C1+",1,"positive"
"prot__TraesCAD_scaffold_040802_01G000300","TraesCAD_scaffold_040802_01G000300","protein","C2+",2,"positive"
"prot__TraesCAD_scaffold_040824_01G000200","TraesCAD_scaffold_040824_01G000200","protein","C1-",1,"negative"
"prot__TraesCAD_scaffold_050019_01G000300","TraesCAD_scaffold_050019_01G000300","protein","C1-",1,"negative"
"prot__TraesCAD_scaffold_040853_01G000400","TraesCAD_scaffold_040853_01G000400","protein","C1+",1,"positive"
"prot__TraesCAD_scaffold_040909_01G000100","TraesCAD_scaffold_040909_01G000100","protein","C2+",2,"positive"
"prot__TraesCAD_scaffold_060420_01G000200","TraesCAD_scaffold_060420_01G000200","protein","C1-",1,"negative"
"prot__TraesCAD_scaffold_040950_01G000100","TraesCAD_scaffold_040950_01G000100","protein","C2+",2,"positive"
"prot__TraesCAD_scaffold_040954_01G000200","TraesCAD_scaffold_040954_01G000200","protein","C1-",1,"negative"
"prot__TraesCAD_scaffold_040961_01G000300","TraesCAD_scaffold_040961_01G000300","protein","C2+",2,"positive"
"prot__TraesCAD_scaffold_040961_01G000400","TraesCAD_scaffold_040961_01G000400","protein","C2+",2,"positive"
"prot__TraesCAD_scaffold_040962_01G000300","TraesCAD_scaffold_040962_01G000300","protein","C1-",1,"negative"
"prot__TraesCAD_scaffold_089659_01G000100","TraesCAD_scaffold_089659_01G000100","protein","C1+",1,"positive"
"prot__TraesCAD_scaffold_041047_01G000600","TraesCAD_scaffold_041047_01G000600","protein","C2-",2,"negative"
"prot__TraesCAD_scaffold_041097_01G000200","TraesCAD_scaffold_041097_01G000200","protein","C2-",2,"negative"
"prot__TraesCAD_scaffold_041145_01G000300","TraesCAD_scaffold_041145_01G000300","protein","C1+",1,"positive"
"prot__TraesCAD_scaffold_072688_01G000200","TraesCAD_scaffold_072688_01G000200","protein","C1-",1,"negative"
"prot__TraesCAD_scaffold_041172_01G000200","TraesCAD_scaffold_041172_01G000200","protein","C1-",1,"negative"
"prot__TraesCAD_scaffold_041244_01G000100","TraesCAD_scaffold_041244_01G000100","protein","C1-",1,"negative"
"prot__TraesCAD_scaffold_041261_01G000100","TraesCAD_scaffold_041261_01G000100","protein","C1+",1,"positive"
"prot__TraesCAD_scaffold_041314_01G000100","TraesCAD_scaffold_041314_01G000100","protein","C2-",2,"negative"
"prot__TraesCAD_scaffold_041340_01G000100","TraesCAD_scaffold_041340_01G000100","protein","C2-",2,"negative"
"prot__TraesCAD_scaffold_041343_01G000300","TraesCAD_scaffold_041343_01G000300","protein","C1+",1,"positive"
"prot__TraesCAD_scaffold_041426_01G000200","TraesCAD_scaffold_041426_01G000200","protein","C1+",1,"positive"
"prot__TraesCAD_scaffold_041439_01G000200","TraesCAD_scaffold_041439_01G000200","protein","C2+",2,"positive"
"prot__TraesCAD_scaffold_041441_01G000400","TraesCAD_scaffold_041441_01G000400","protein","C1-",1,"negative"
"prot__TraesCAD_scaffold_041454_01G000200","TraesCAD_scaffold_041454_01G000200","protein","C1-",1,"negative"
"prot__TraesCAD_scaffold_070969_01G000100","TraesCAD_scaffold_070969_01G000100","protein","C1-",1,"negative"
"prot__TraesCAD_scaffold_123723_01G000100","TraesCAD_scaffold_123723_01G000100","protein","C1-",1,"negative"
"prot__TraesCAD_scaffold_058443_01G000100","TraesCAD_scaffold_058443_01G000100","protein","C2-",2,"negative"
"prot__TraesCAD_scaffold_051257_01G000500","TraesCAD_scaffold_051257_01G000500","protein","C2-",2,"negative"
"prot__TraesCAD_scaffold_054899_01G000100","TraesCAD_scaffold_054899_01G000100","protein","C1+",1,"positive"
"prot__TraesCAD_scaffold_041597_01G000300","TraesCAD_scaffold_041597_01G000300","protein","C2+",2,"positive"
"prot__TraesCAD_scaffold_041610_01G000300","TraesCAD_scaffold_041610_01G000300","protein","C1+",1,"positive"
"prot__TraesCAD_scaffold_041617_01G000100","TraesCAD_scaffold_041617_01G000100","protein","C1-",1,"negative"
"prot__TraesCAD_scaffold_120019_01G000100","TraesCAD_scaffold_120019_01G000100","protein","C2-",2,"negative"
"prot__TraesCAD_scaffold_041680_01G000100","TraesCAD_scaffold_041680_01G000100","protein","C1-",1,"negative"
"prot__TraesCAD_scaffold_041746_01G000100","TraesCAD_scaffold_041746_01G000100","protein","C1-",1,"negative"
"prot__TraesCAD_scaffold_089576_01G000200","TraesCAD_scaffold_089576_01G000200","protein","C1-",1,"negative"
"prot__TraesCAD_scaffold_061776_01G000300","TraesCAD_scaffold_061776_01G000300","protein","C1-",1,"negative"
"prot__TraesCAD_scaffold_045560_01G000200","TraesCAD_scaffold_045560_01G000200","protein","C1+",1,"positive"
"prot__TraesCAD_scaffold_041799_01G000200","TraesCAD_scaffold_041799_01G000200","protein","C1+",1,"positive"
"prot__TraesCAD_scaffold_041822_01G000100","TraesCAD_scaffold_041822_01G000100","protein","C1+",1,"positive"
"prot__TraesCAD_scaffold_041900_01G000100","TraesCAD_scaffold_041900_01G000100","protein","C2-",2,"negative"
"prot__TraesCAD_scaffold_066929_01G000100","TraesCAD_scaffold_066929_01G000100","protein","C2-",2,"negative"
"prot__TraesCAD_scaffold_064357_01G000100","TraesCAD_scaffold_064357_01G000100","protein","C1+",1,"positive"
"prot__TraesCAD_scaffold_042001_01G000100","TraesCAD_scaffold_042001_01G000100","protein","C1+",1,"positive"
"prot__TraesCAD_scaffold_042006_01G000100","TraesCAD_scaffold_042006_01G000100","protein","C1+",1,"positive"
"prot__TraesCAD_scaffold_042014_01G000200","TraesCAD_scaffold_042014_01G000200","protein","C1+",1,"positive"
"prot__TraesCAD_scaffold_047240_01G000200","TraesCAD_scaffold_047240_01G000200","protein","C2-",2,"negative"
"prot__TraesCAD_scaffold_058762_01G000100","TraesCAD_scaffold_058762_01G000100","protein","C1-",1,"negative"
"prot__TraesCAD_scaffold_090672_01G000200","TraesCAD_scaffold_090672_01G000200","protein","C1-",1,"negative"
"prot__TraesCAD_scaffold_042094_01G000200","TraesCAD_scaffold_042094_01G000200","protein","C2-",2,"negative"
"prot__TraesCAD_scaffold_042142_01G000200","TraesCAD_scaffold_042142_01G000200","protein","C2-",2,"negative"
"prot__TraesCAD_scaffold_144910_01G000200","TraesCAD_scaffold_144910_01G000200","protein","C1-",1,"negative"
"prot__TraesCAD_scaffold_065789_01G000200","TraesCAD_scaffold_065789_01G000200","protein","C2-",2,"negative"
"prot__TraesCAD_scaffold_042227_01G000100","TraesCAD_scaffold_042227_01G000100","protein","C2-",2,"negative"
"prot__TraesCAD_scaffold_042243_01G000100","TraesCAD_scaffold_042243_01G000100","protein","C1+",1,"positive"
"prot__TraesCAD_scaffold_042280_01G000500","TraesCAD_scaffold_042280_01G000500","protein","C1+",1,"positive"
"prot__TraesCAD_scaffold_058611_01G000200","TraesCAD_scaffold_058611_01G000200","protein","C1+",1,"positive"
"prot__TraesCAD_scaffold_042306_01G000300","TraesCAD_scaffold_042306_01G000300","protein","C2-",2,"negative"
"prot__TraesCAD_scaffold_042310_01G000100","TraesCAD_scaffold_042310_01G000100","protein","C1-",1,"negative"
"prot__TraesCAD_scaffold_068682_01G000300","TraesCAD_scaffold_068682_01G000300","protein","C2-",2,"negative"
"prot__TraesCAD_scaffold_042395_01G000200","TraesCAD_scaffold_042395_01G000200","protein","C1+",1,"positive"
"prot__TraesCAD_scaffold_042402_01G000200","TraesCAD_scaffold_042402_01G000200","protein","C2-",2,"negative"
"prot__TraesCAD_scaffold_042440_01G000100","TraesCAD_scaffold_042440_01G000100","protein","C2-",2,"negative"
"prot__TraesCAD_scaffold_042449_01G000200","TraesCAD_scaffold_042449_01G000200","protein","C2-",2,"negative"
"prot__TraesCAD_scaffold_117623_01G000100","TraesCAD_scaffold_117623_01G000100","protein","C1+",1,"positive"
"prot__TraesCAD_scaffold_042461_01G000300","TraesCAD_scaffold_042461_01G000300","protein","C1+",1,"positive"
"prot__TraesCAD_scaffold_042511_01G000300","TraesCAD_scaffold_042511_01G000300","protein","C2-",2,"negative"
"prot__TraesCAD_scaffold_042521_01G000200","TraesCAD_scaffold_042521_01G000200","protein","C1+",1,"positive"
"prot__TraesCAD_scaffold_042531_01G000400","TraesCAD_scaffold_042531_01G000400","protein","C1-",1,"negative"
"prot__TraesCAD_scaffold_042569_01G000200","TraesCAD_scaffold_042569_01G000200","protein","C1-",1,"negative"
"prot__TraesCAD_scaffold_042639_01G000300","TraesCAD_scaffold_042639_01G000300","protein","C2-",2,"negative"
"prot__TraesCAD_scaffold_042648_01G000200","TraesCAD_scaffold_042648_01G000200","protein","C1-",1,"negative"
"prot__TraesCAD_scaffold_042661_01G000300","TraesCAD_scaffold_042661_01G000300","protein","C1+",1,"positive"
"prot__TraesCAD_scaffold_042661_01G000500","TraesCAD_scaffold_042661_01G000500","protein","C2-",2,"negative"
"prot__TraesCAD_scaffold_042728_01G000100","TraesCAD_scaffold_042728_01G000100","protein","C1-",1,"negative"
"prot__TraesCAD_scaffold_042773_01G000100","TraesCAD_scaffold_042773_01G000100","protein","C1-",1,"negative"
"prot__TraesCAD_scaffold_042776_01G000100","TraesCAD_scaffold_042776_01G000100","protein","C2-",2,"negative"
"prot__TraesCAD_scaffold_042782_01G000600","TraesCAD_scaffold_042782_01G000600","protein","C2-",2,"negative"
"prot__TraesCAD_scaffold_042783_01G000400","TraesCAD_scaffold_042783_01G000400","protein","C1+",1,"positive"
"prot__TraesCAD_scaffold_042798_01G000300","TraesCAD_scaffold_042798_01G000300","protein","C1+",1,"positive"
"prot__TraesCAD_scaffold_042808_01G000200","TraesCAD_scaffold_042808_01G000200","protein","C1-",1,"negative"
"prot__TraesCAD_scaffold_042821_01G000200","TraesCAD_scaffold_042821_01G000200","protein","C2-",2,"negative"
"prot__TraesCAD_scaffold_042866_01G000600","TraesCAD_scaffold_042866_01G000600","protein","C2-",2,"negative"
"prot__TraesCAD_scaffold_042879_01G000200","TraesCAD_scaffold_042879_01G000200","protein","C1+",1,"positive"
"prot__TraesCAD_scaffold_052639_01G000100","TraesCAD_scaffold_052639_01G000100","protein","C1-",1,"negative"
"prot__TraesCAD_scaffold_072718_01G000300","TraesCAD_scaffold_072718_01G000300","protein","C1+",1,"positive"
"prot__TraesCAD_scaffold_042939_01G000300","TraesCAD_scaffold_042939_01G000300","protein","C1-",1,"negative"
"prot__TraesCAD_scaffold_042941_01G000100","TraesCAD_scaffold_042941_01G000100","protein","C1+",1,"positive"
"prot__TraesCAD_scaffold_043004_01G000200","TraesCAD_scaffold_043004_01G000200","protein","C1-",1,"negative"
"prot__TraesCAD_scaffold_043024_01G000500","TraesCAD_scaffold_043024_01G000500","protein","C2-",2,"negative"
"prot__TraesCAD_scaffold_043096_01G000300","TraesCAD_scaffold_043096_01G000300","protein","C1-",1,"negative"
"prot__TraesCAD_scaffold_087462_01G000100","TraesCAD_scaffold_087462_01G000100","protein","C2-",2,"negative"
"prot__TraesCAD_scaffold_043166_01G000200","TraesCAD_scaffold_043166_01G000200","protein","C2+",2,"positive"
"prot__TraesCAD_scaffold_074902_01G000100","TraesCAD_scaffold_074902_01G000100","protein","C2+",2,"positive"
"prot__TraesCAD_scaffold_043248_01G000200","TraesCAD_scaffold_043248_01G000200","protein","C1+",1,"positive"
"prot__TraesCAD_scaffold_043315_01G000200","TraesCAD_scaffold_043315_01G000200","protein","C1+",1,"positive"
"prot__TraesCAD_scaffold_060522_01G000200","TraesCAD_scaffold_060522_01G000200","protein","C1+",1,"positive"
"prot__TraesCAD_scaffold_043376_01G000300","TraesCAD_scaffold_043376_01G000300","protein","C1+",1,"positive"
"prot__TraesCAD_scaffold_043396_01G000100","TraesCAD_scaffold_043396_01G000100","protein","C1+",1,"positive"
"prot__TraesCAD_scaffold_043427_01G000100","TraesCAD_scaffold_043427_01G000100","protein","C1+",1,"positive"
"prot__TraesCAD_scaffold_101212_01G000200","TraesCAD_scaffold_101212_01G000200","protein","C1+",1,"positive"
"prot__TraesCAD_scaffold_043490_01G000200","TraesCAD_scaffold_043490_01G000200","protein","C1+",1,"positive"
"prot__TraesCAD_scaffold_043508_01G000100","TraesCAD_scaffold_043508_01G000100","protein","C2+",2,"positive"
"prot__TraesCAD_scaffold_043513_01G000200","TraesCAD_scaffold_043513_01G000200","protein","C1+",1,"positive"
"prot__TraesCAD_scaffold_043513_01G000400","TraesCAD_scaffold_043513_01G000400","protein","C1+",1,"positive"
"prot__TraesCAD_scaffold_043531_01G000100","TraesCAD_scaffold_043531_01G000100","protein","C1-",1,"negative"
"prot__TraesCAD_scaffold_043541_01G000100","TraesCAD_scaffold_043541_01G000100","protein","C1+",1,"positive"
"prot__TraesCAD_scaffold_043544_01G000200","TraesCAD_scaffold_043544_01G000200","protein","C2-",2,"negative"
"prot__TraesCAD_scaffold_043570_01G000300","TraesCAD_scaffold_043570_01G000300","protein","C1-",1,"negative"
"prot__TraesCAD_scaffold_063110_01G000400","TraesCAD_scaffold_063110_01G000400","protein","C2-",2,"negative"
"prot__TraesCAD_scaffold_043591_01G000300","TraesCAD_scaffold_043591_01G000300","protein","C2+",2,"positive"
"prot__TraesCAD_scaffold_043631_01G000600","TraesCAD_scaffold_043631_01G000600","protein","C1-",1,"negative"
"prot__TraesCAD_scaffold_043652_01G000100","TraesCAD_scaffold_043652_01G000100","protein","C1+",1,"positive"
"prot__TraesCAD_scaffold_043692_01G000100","TraesCAD_scaffold_043692_01G000100","protein","C2-",2,"negative"
"prot__TraesCAD_scaffold_066197_01G000100","TraesCAD_scaffold_066197_01G000100","protein","C1+",1,"positive"
"prot__TraesCAD_scaffold_043711_01G000200","TraesCAD_scaffold_043711_01G000200","protein","C2+",2,"positive"
"prot__TraesCAD_scaffold_043720_01G000300","TraesCAD_scaffold_043720_01G000300","protein","C1+",1,"positive"
"prot__TraesCAD_scaffold_043732_01G000600","TraesCAD_scaffold_043732_01G000600","protein","C1+",1,"positive"
"prot__TraesCAD_scaffold_094864_01G000200","TraesCAD_scaffold_094864_01G000200","protein","C1+",1,"positive"
"prot__TraesCAD_scaffold_043759_01G000200","TraesCAD_scaffold_043759_01G000200","protein","C1+",1,"positive"
"prot__TraesCAD_scaffold_043761_01G000200","TraesCAD_scaffold_043761_01G000200","protein","C2-",2,"negative"
"prot__TraesCAD_scaffold_043779_01G000200","TraesCAD_scaffold_043779_01G000200","protein","C1+",1,"positive"
"prot__TraesCAD_scaffold_043785_01G000300","TraesCAD_scaffold_043785_01G000300","protein","C2-",2,"negative"
"prot__TraesCAD_scaffold_043799_01G000200","TraesCAD_scaffold_043799_01G000200","protein","C2-",2,"negative"
"prot__TraesCAD_scaffold_043815_01G000100","TraesCAD_scaffold_043815_01G000100","protein","C1+",1,"positive"
"prot__TraesCAD_scaffold_043934_01G000100","TraesCAD_scaffold_043934_01G000100","protein","C2-",2,"negative"
"prot__TraesCAD_scaffold_043947_01G000200","TraesCAD_scaffold_043947_01G000200","protein","C1+",1,"positive"
"prot__TraesCAD_scaffold_043990_01G000100","TraesCAD_scaffold_043990_01G000100","protein","C2-",2,"negative"
"prot__TraesCAD_scaffold_081304_01G000100","TraesCAD_scaffold_081304_01G000100","protein","C2-",2,"negative"
"prot__TraesCAD_scaffold_044033_01G000300","TraesCAD_scaffold_044033_01G000300","protein","C1+",1,"positive"
"prot__TraesCAD_scaffold_080165_01G000100","TraesCAD_scaffold_080165_01G000100","protein","C2-",2,"negative"
"prot__TraesCAD_scaffold_044052_01G000100","TraesCAD_scaffold_044052_01G000100","protein","C1-",1,"negative"
"prot__TraesCAD_scaffold_044065_01G000300","TraesCAD_scaffold_044065_01G000300","protein","C2-",2,"negative"
"prot__TraesCAD_scaffold_044142_01G000100","TraesCAD_scaffold_044142_01G000100","protein","C1+",1,"positive"
"prot__TraesCAD_scaffold_044142_01G000500","TraesCAD_scaffold_044142_01G000500","protein","C2-",2,"negative"
"prot__TraesCAD_scaffold_044142_01G000800","TraesCAD_scaffold_044142_01G000800","protein","C1+",1,"positive"
"prot__TraesCAD_scaffold_044144_01G000400","TraesCAD_scaffold_044144_01G000400","protein","C1+",1,"positive"
"prot__TraesCAD_scaffold_044150_01G000200","TraesCAD_scaffold_044150_01G000200","protein","C2-",2,"negative"
"prot__TraesCAD_scaffold_082462_01G000400","TraesCAD_scaffold_082462_01G000400","protein","C1-",1,"negative"
"prot__TraesCAD_scaffold_044280_01G000200","TraesCAD_scaffold_044280_01G000200","protein","C2-",2,"negative"
"prot__TraesCAD_scaffold_044306_01G000200","TraesCAD_scaffold_044306_01G000200","protein","C2-",2,"negative"
"prot__TraesCAD_scaffold_071033_01G000100","TraesCAD_scaffold_071033_01G000100","protein","C1+",1,"positive"
"prot__TraesCAD_scaffold_044330_01G000100","TraesCAD_scaffold_044330_01G000100","protein","C2-",2,"negative"
"prot__TraesCAD_scaffold_044330_01G000200","TraesCAD_scaffold_044330_01G000200","protein","C2-",2,"negative"
"prot__TraesCAD_scaffold_044332_01G000100","TraesCAD_scaffold_044332_01G000100","protein","C1+",1,"positive"
"prot__TraesCAD_scaffold_044358_01G000500","TraesCAD_scaffold_044358_01G000500","protein","C2-",2,"negative"
"prot__TraesCAD_scaffold_044426_01G000100","TraesCAD_scaffold_044426_01G000100","protein","C1+",1,"positive"
"prot__TraesCAD_scaffold_044461_01G000200","TraesCAD_scaffold_044461_01G000200","protein","C1+",1,"positive"
"prot__TraesCAD_scaffold_044499_01G000100","TraesCAD_scaffold_044499_01G000100","protein","C2-",2,"negative"
"prot__TraesCAD_scaffold_044525_01G000400","TraesCAD_scaffold_044525_01G000400","protein","C1-",1,"negative"
"prot__TraesCAD_scaffold_107026_01G000100","TraesCAD_scaffold_107026_01G000100","protein","C2-",2,"negative"
"prot__TraesCAD_scaffold_044673_01G000100","TraesCAD_scaffold_044673_01G000100","protein","C2-",2,"negative"
"prot__TraesCAD_scaffold_044673_01G000300","TraesCAD_scaffold_044673_01G000300","protein","C1-",1,"negative"
"prot__TraesCAD_scaffold_052715_01G000200","TraesCAD_scaffold_052715_01G000200","protein","C1-",1,"negative"
"prot__TraesCAD_scaffold_044770_01G000400","TraesCAD_scaffold_044770_01G000400","protein","C1+",1,"positive"
"prot__TraesCAD_scaffold_044779_01G000100","TraesCAD_scaffold_044779_01G000100","protein","C2-",2,"negative"
"prot__TraesCAD_scaffold_044799_01G000100","TraesCAD_scaffold_044799_01G000100","protein","C1-",1,"negative"
"prot__TraesCAD_scaffold_044802_01G000100","TraesCAD_scaffold_044802_01G000100","protein","C2-",2,"negative"
"prot__TraesCAD_scaffold_044822_01G000400","TraesCAD_scaffold_044822_01G000400","protein","C1+",1,"positive"
"prot__TraesCAD_scaffold_082461_01G000100","TraesCAD_scaffold_082461_01G000100","protein","C1+",1,"positive"
"prot__TraesCAD_scaffold_044875_01G000100","TraesCAD_scaffold_044875_01G000100","protein","C1+",1,"positive"
"prot__TraesCAD_scaffold_044888_01G000200","TraesCAD_scaffold_044888_01G000200","protein","C1-",1,"negative"
"prot__TraesCAD_scaffold_044940_01G000100","TraesCAD_scaffold_044940_01G000100","protein","C1+",1,"positive"
"prot__TraesCAD_scaffold_093408_01G000100","TraesCAD_scaffold_093408_01G000100","protein","C2-",2,"negative"
"prot__TraesCAD_scaffold_045105_01G000200","TraesCAD_scaffold_045105_01G000200","protein","C1+",1,"positive"
"prot__TraesCAD_scaffold_045162_01G000100","TraesCAD_scaffold_045162_01G000100","protein","C2-",2,"negative"
"prot__TraesCAD_scaffold_045186_01G000100","TraesCAD_scaffold_045186_01G000100","protein","C1+",1,"positive"
"prot__TraesCAD_scaffold_045214_01G000100","TraesCAD_scaffold_045214_01G000100","protein","C1+",1,"positive"
"prot__TraesCAD_scaffold_045266_01G000100","TraesCAD_scaffold_045266_01G000100","protein","C2-",2,"negative"
"prot__TraesCAD_scaffold_045294_01G000200","TraesCAD_scaffold_045294_01G000200","protein","C1+",1,"positive"
"prot__TraesCAD_scaffold_103051_01G000200","TraesCAD_scaffold_103051_01G000200","protein","C1+",1,"positive"
"prot__TraesCAD_scaffold_045302_01G000200","TraesCAD_scaffold_045302_01G000200","protein","C1-",1,"negative"
"prot__TraesCAD_scaffold_045307_01G000100","TraesCAD_scaffold_045307_01G000100","protein","C1+",1,"positive"
"prot__TraesCAD_scaffold_045308_01G000100","TraesCAD_scaffold_045308_01G000100","protein","C2-",2,"negative"
"prot__TraesCAD_scaffold_045330_01G000100","TraesCAD_scaffold_045330_01G000100","protein","C1+",1,"positive"
"prot__TraesCAD_scaffold_045339_01G000500","TraesCAD_scaffold_045339_01G000500","protein","C1-",1,"negative"
"prot__TraesCAD_scaffold_045341_01G000200","TraesCAD_scaffold_045341_01G000200","protein","C1+",1,"positive"
"prot__TraesCAD_scaffold_045383_01G000200","TraesCAD_scaffold_045383_01G000200","protein","C1+",1,"positive"
"prot__TraesCAD_scaffold_045393_01G000300","TraesCAD_scaffold_045393_01G000300","protein","C2-",2,"negative"
"prot__TraesCAD_scaffold_045411_01G000200","TraesCAD_scaffold_045411_01G000200","protein","C1+",1,"positive"
"prot__TraesCAD_scaffold_045412_01G000100","TraesCAD_scaffold_045412_01G000100","protein","C1+",1,"positive"
"prot__TraesCAD_scaffold_045464_01G000100","TraesCAD_scaffold_045464_01G000100","protein","C1+",1,"positive"
"prot__TraesCAD_scaffold_064993_01G000100","TraesCAD_scaffold_064993_01G000100","protein","C2-",2,"negative"
"prot__TraesCAD_scaffold_045491_01G000300","TraesCAD_scaffold_045491_01G000300","protein","C1-",1,"negative"
"prot__TraesCAD_scaffold_045520_01G000100","TraesCAD_scaffold_045520_01G000100","protein","C1+",1,"positive"
"prot__TraesCAD_scaffold_099972_01G000200","TraesCAD_scaffold_099972_01G000200","protein","C2-",2,"negative"
"prot__TraesCAD_scaffold_045563_01G000100","TraesCAD_scaffold_045563_01G000100","protein","C1+",1,"positive"
"prot__TraesCAD_scaffold_045587_01G000100","TraesCAD_scaffold_045587_01G000100","protein","C1+",1,"positive"
"prot__TraesCAD_scaffold_045598_01G000200","TraesCAD_scaffold_045598_01G000200","protein","C1+",1,"positive"
"prot__TraesCAD_scaffold_045604_01G000400","TraesCAD_scaffold_045604_01G000400","protein","C2-",2,"negative"
"prot__TraesCAD_scaffold_045607_01G000300","TraesCAD_scaffold_045607_01G000300","protein","C1-",1,"negative"
"prot__TraesCAD_scaffold_045612_01G000100","TraesCAD_scaffold_045612_01G000100","protein","C2-",2,"negative"
"prot__TraesCAD_scaffold_045667_01G000200","TraesCAD_scaffold_045667_01G000200","protein","C2-",2,"negative"
"prot__TraesCAD_scaffold_045718_01G000200","TraesCAD_scaffold_045718_01G000200","protein","C1-",1,"negative"
"prot__TraesCAD_scaffold_045751_01G000200","TraesCAD_scaffold_045751_01G000200","protein","C2-",2,"negative"
"prot__TraesCAD_scaffold_045752_01G000300","TraesCAD_scaffold_045752_01G000300","protein","C1-",1,"negative"
"prot__TraesCAD_scaffold_045758_01G000600","TraesCAD_scaffold_045758_01G000600","protein","C1+",1,"positive"
"prot__TraesCAD_scaffold_045766_01G000200","TraesCAD_scaffold_045766_01G000200","protein","C1-",1,"negative"
"prot__TraesCAD_scaffold_045822_01G000100","TraesCAD_scaffold_045822_01G000100","protein","C2-",2,"negative"
"prot__TraesCAD_scaffold_045831_01G000100","TraesCAD_scaffold_045831_01G000100","protein","C2-",2,"negative"
"prot__TraesCAD_scaffold_087906_01G000100","TraesCAD_scaffold_087906_01G000100","protein","C1-",1,"negative"
"prot__TraesCAD_scaffold_045856_01G000200","TraesCAD_scaffold_045856_01G000200","protein","C1+",1,"positive"
"prot__TraesCAD_scaffold_081184_01G000200","TraesCAD_scaffold_081184_01G000200","protein","C2+",2,"positive"
"prot__TraesCAD_scaffold_045927_01G000400","TraesCAD_scaffold_045927_01G000400","protein","C2-",2,"negative"
"prot__TraesCAD_scaffold_045940_01G000100","TraesCAD_scaffold_045940_01G000100","protein","C1-",1,"negative"
"prot__TraesCAD_scaffold_045958_01G000200","TraesCAD_scaffold_045958_01G000200","protein","C2-",2,"negative"
"prot__TraesCAD_scaffold_046026_01G000300","TraesCAD_scaffold_046026_01G000300","protein","C2-",2,"negative"
"prot__TraesCAD_scaffold_065563_01G000100","TraesCAD_scaffold_065563_01G000100","protein","C1+",1,"positive"
"prot__TraesCAD_scaffold_046053_01G000100","TraesCAD_scaffold_046053_01G000100","protein","C2-",2,"negative"
"prot__TraesCAD_scaffold_046069_01G000800","TraesCAD_scaffold_046069_01G000800","protein","C2-",2,"negative"
"prot__TraesCAD_scaffold_046105_01G000200","TraesCAD_scaffold_046105_01G000200","protein","C2-",2,"negative"
"prot__TraesCAD_scaffold_046124_01G000300","TraesCAD_scaffold_046124_01G000300","protein","C1-",1,"negative"
"prot__TraesCAD_scaffold_069361_01G000300","TraesCAD_scaffold_069361_01G000300","protein","C1-",1,"negative"
"prot__TraesCAD_scaffold_046155_01G000200","TraesCAD_scaffold_046155_01G000200","protein","C2-",2,"negative"
"prot__TraesCAD_scaffold_046223_01G000100","TraesCAD_scaffold_046223_01G000100","protein","C1-",1,"negative"
"prot__TraesCAD_scaffold_046224_01G000100","TraesCAD_scaffold_046224_01G000100","protein","C1+",1,"positive"
"prot__TraesCAD_scaffold_074095_01G000200","TraesCAD_scaffold_074095_01G000200","protein","C2-",2,"negative"
"prot__TraesCAD_scaffold_046286_01G000100","TraesCAD_scaffold_046286_01G000100","protein","C1+",1,"positive"
"prot__TraesCAD_scaffold_046300_01G000300","TraesCAD_scaffold_046300_01G000300","protein","C1+",1,"positive"
"prot__TraesCAD_scaffold_046330_01G000100","TraesCAD_scaffold_046330_01G000100","protein","C1-",1,"negative"
"prot__TraesCAD_scaffold_046336_01G000200","TraesCAD_scaffold_046336_01G000200","protein","C1+",1,"positive"
"prot__TraesCAD_scaffold_046359_01G000500","TraesCAD_scaffold_046359_01G000500","protein","C2-",2,"negative"
"prot__TraesCAD_scaffold_113580_01G000400","TraesCAD_scaffold_113580_01G000400","protein","C2+",2,"positive"
"prot__TraesCAD_scaffold_046440_01G000200","TraesCAD_scaffold_046440_01G000200","protein","C2+",2,"positive"
"prot__TraesCAD_scaffold_091368_01G000300","TraesCAD_scaffold_091368_01G000300","protein","C1+",1,"positive"
"prot__TraesCAD_scaffold_046476_01G000300","TraesCAD_scaffold_046476_01G000300","protein","C1+",1,"positive"
"prot__TraesCAD_scaffold_046504_01G000200","TraesCAD_scaffold_046504_01G000200","protein","C1-",1,"negative"
"prot__TraesCAD_scaffold_046543_01G000100","TraesCAD_scaffold_046543_01G000100","protein","C2-",2,"negative"
"prot__TraesCAD_scaffold_069923_01G000100","TraesCAD_scaffold_069923_01G000100","protein","C2-",2,"negative"
"prot__TraesCAD_scaffold_046599_01G000200","TraesCAD_scaffold_046599_01G000200","protein","C1-",1,"negative"
"prot__TraesCAD_scaffold_046712_01G000200","TraesCAD_scaffold_046712_01G000200","protein","C1+",1,"positive"
"prot__TraesCAD_scaffold_046813_01G000200","TraesCAD_scaffold_046813_01G000200","protein","C1-",1,"negative"
"prot__TraesCAD_scaffold_046815_01G000100","TraesCAD_scaffold_046815_01G000100","protein","C1+",1,"positive"
"prot__TraesCAD_scaffold_046841_01G000100","TraesCAD_scaffold_046841_01G000100","protein","C1+",1,"positive"
"prot__TraesCAD_scaffold_097117_01G000100","TraesCAD_scaffold_097117_01G000100","protein","C1+",1,"positive"
"prot__TraesCAD_scaffold_046887_01G000100","TraesCAD_scaffold_046887_01G000100","protein","C2-",2,"negative"
"prot__TraesCAD_scaffold_112619_01G000100","TraesCAD_scaffold_112619_01G000100","protein","C1+",1,"positive"
"prot__TraesCAD_scaffold_046923_01G000100","TraesCAD_scaffold_046923_01G000100","protein","C2-",2,"negative"
"prot__TraesCAD_scaffold_046985_01G000200","TraesCAD_scaffold_046985_01G000200","protein","C1-",1,"negative"
"prot__TraesCAD_scaffold_047010_01G000200","TraesCAD_scaffold_047010_01G000200","protein","C1-",1,"negative"
"prot__TraesCAD_scaffold_047163_01G000100","TraesCAD_scaffold_047163_01G000100","protein","C2-",2,"negative"
"prot__TraesCAD_scaffold_047192_01G000100","TraesCAD_scaffold_047192_01G000100","protein","C1+",1,"positive"
"prot__TraesCAD_scaffold_047235_01G000100","TraesCAD_scaffold_047235_01G000100","protein","C1-",1,"negative"
"prot__TraesCAD_scaffold_047240_01G000300","TraesCAD_scaffold_047240_01G000300","protein","C1+",1,"positive"
"prot__TraesCAD_scaffold_047281_01G000100","TraesCAD_scaffold_047281_01G000100","protein","C1-",1,"negative"
"prot__TraesCAD_scaffold_047283_01G000100","TraesCAD_scaffold_047283_01G000100","protein","C1+",1,"positive"
"prot__TraesCAD_scaffold_047404_01G000200","TraesCAD_scaffold_047404_01G000200","protein","C1-",1,"negative"
"prot__TraesCAD_scaffold_047447_01G000200","TraesCAD_scaffold_047447_01G000200","protein","C1-",1,"negative"
"prot__TraesCAD_scaffold_047483_01G000100","TraesCAD_scaffold_047483_01G000100","protein","C1+",1,"positive"
"prot__TraesCAD_scaffold_047487_01G000100","TraesCAD_scaffold_047487_01G000100","protein","C2+",2,"positive"
"prot__TraesCAD_scaffold_097718_01G000200","TraesCAD_scaffold_097718_01G000200","protein","C2-",2,"negative"
"prot__TraesCAD_scaffold_047503_01G000400","TraesCAD_scaffold_047503_01G000400","protein","C1+",1,"positive"
"prot__TraesCAD_scaffold_047530_01G000100","TraesCAD_scaffold_047530_01G000100","protein","C1+",1,"positive"
"prot__TraesCAD_scaffold_047533_01G000200","TraesCAD_scaffold_047533_01G000200","protein","C2-",2,"negative"
"prot__TraesCAD_scaffold_047595_01G000200","TraesCAD_scaffold_047595_01G000200","protein","C1-",1,"negative"
"prot__TraesCAD_scaffold_047603_01G000200","TraesCAD_scaffold_047603_01G000200","protein","C1+",1,"positive"
"prot__TraesCAD_scaffold_047632_01G000200","TraesCAD_scaffold_047632_01G000200","protein","C1+",1,"positive"
"prot__TraesCAD_scaffold_047659_01G000100","TraesCAD_scaffold_047659_01G000100","protein","C2-",2,"negative"
"prot__TraesCAD_scaffold_047688_01G000200","TraesCAD_scaffold_047688_01G000200","protein","C1+",1,"positive"
"prot__TraesCAD_scaffold_047694_01G000100","TraesCAD_scaffold_047694_01G000100","protein","C2-",2,"negative"
"prot__TraesCAD_scaffold_047713_01G000100","TraesCAD_scaffold_047713_01G000100","protein","C2-",2,"negative"
"prot__TraesCAD_scaffold_047752_01G000100","TraesCAD_scaffold_047752_01G000100","protein","C1+",1,"positive"
"prot__TraesCAD_scaffold_070057_01G000100","TraesCAD_scaffold_070057_01G000100","protein","C2-",2,"negative"
"prot__TraesCAD_scaffold_077948_01G000200","TraesCAD_scaffold_077948_01G000200","protein","C2-",2,"negative"
"prot__TraesCAD_scaffold_047828_01G000700","TraesCAD_scaffold_047828_01G000700","protein","C1+",1,"positive"
"prot__TraesCAD_scaffold_047857_01G000100","TraesCAD_scaffold_047857_01G000100","protein","C1-",1,"negative"
"prot__TraesCAD_scaffold_047896_01G000400","TraesCAD_scaffold_047896_01G000400","protein","C2+",2,"positive"
"prot__TraesCAD_scaffold_064774_01G000200","TraesCAD_scaffold_064774_01G000200","protein","C2-",2,"negative"
"prot__TraesCAD_scaffold_047900_01G000100","TraesCAD_scaffold_047900_01G000100","protein","C2-",2,"negative"
"prot__TraesCAD_scaffold_148396_01G000300","TraesCAD_scaffold_148396_01G000300","protein","C2-",2,"negative"
"prot__TraesCAD_scaffold_047916_01G000200","TraesCAD_scaffold_047916_01G000200","protein","C1-",1,"negative"
"prot__TraesCAD_scaffold_047927_01G000200","TraesCAD_scaffold_047927_01G000200","protein","C2-",2,"negative"
"prot__TraesCAD_scaffold_047938_01G000100","TraesCAD_scaffold_047938_01G000100","protein","C2-",2,"negative"
"prot__TraesCAD_scaffold_047945_01G000200","TraesCAD_scaffold_047945_01G000200","protein","C1+",1,"positive"
"prot__TraesCAD_scaffold_058784_01G000100","TraesCAD_scaffold_058784_01G000100","protein","C1-",1,"negative"
"prot__TraesCAD_scaffold_047963_01G000300","TraesCAD_scaffold_047963_01G000300","protein","C1-",1,"negative"
"prot__TraesCAD_scaffold_090322_01G000100","TraesCAD_scaffold_090322_01G000100","protein","C2-",2,"negative"
"prot__TraesCAD_scaffold_055015_01G000200","TraesCAD_scaffold_055015_01G000200","protein","C1+",1,"positive"
"prot__TraesCAD_scaffold_048039_01G000400","TraesCAD_scaffold_048039_01G000400","protein","C2+",2,"positive"
"prot__TraesCAD_scaffold_048057_01G000200","TraesCAD_scaffold_048057_01G000200","protein","C2-",2,"negative"
"prot__TraesCAD_scaffold_090234_01G000100","TraesCAD_scaffold_090234_01G000100","protein","C2-",2,"negative"
"prot__TraesCAD_scaffold_048098_01G000300","TraesCAD_scaffold_048098_01G000300","protein","C1+",1,"positive"
"prot__TraesCAD_scaffold_063621_01G000200","TraesCAD_scaffold_063621_01G000200","protein","C1+",1,"positive"
"prot__TraesCAD_scaffold_048120_01G000100","TraesCAD_scaffold_048120_01G000100","protein","C1+",1,"positive"
"prot__TraesCAD_scaffold_048147_01G000100","TraesCAD_scaffold_048147_01G000100","protein","C2-",2,"negative"
"prot__TraesCAD_scaffold_048158_01G000500","TraesCAD_scaffold_048158_01G000500","protein","C2-",2,"negative"
"prot__TraesCAD_scaffold_048167_01G000500","TraesCAD_scaffold_048167_01G000500","protein","C1+",1,"positive"
"prot__TraesCAD_scaffold_048195_01G000100","TraesCAD_scaffold_048195_01G000100","protein","C1-",1,"negative"
"prot__TraesCAD_scaffold_048240_01G000300","TraesCAD_scaffold_048240_01G000300","protein","C1+",1,"positive"
"prot__TraesCAD_scaffold_048246_01G000100","TraesCAD_scaffold_048246_01G000100","protein","C1-",1,"negative"
"prot__TraesCAD_scaffold_048251_01G000200","TraesCAD_scaffold_048251_01G000200","protein","C2+",2,"positive"
"prot__TraesCAD_scaffold_048333_01G000100","TraesCAD_scaffold_048333_01G000100","protein","C1+",1,"positive"
"prot__TraesCAD_scaffold_048449_01G000100","TraesCAD_scaffold_048449_01G000100","protein","C2+",2,"positive"
"prot__TraesCAD_scaffold_048500_01G000100","TraesCAD_scaffold_048500_01G000100","protein","C2-",2,"negative"
"prot__TraesCAD_scaffold_048500_01G000500","TraesCAD_scaffold_048500_01G000500","protein","C2-",2,"negative"
"prot__TraesCAD_scaffold_048508_01G000400","TraesCAD_scaffold_048508_01G000400","protein","C1-",1,"negative"
"prot__TraesCAD_scaffold_048508_01G000600","TraesCAD_scaffold_048508_01G000600","protein","C1+",1,"positive"
"prot__TraesCAD_scaffold_061287_01G000200","TraesCAD_scaffold_061287_01G000200","protein","C2-",2,"negative"
"prot__TraesCAD_scaffold_048534_01G000100","TraesCAD_scaffold_048534_01G000100","protein","C1-",1,"negative"
"prot__TraesCAD_scaffold_048537_01G000200","TraesCAD_scaffold_048537_01G000200","protein","C1+",1,"positive"
"prot__TraesCAD_scaffold_048561_01G000100","TraesCAD_scaffold_048561_01G000100","protein","C2-",2,"negative"
"prot__TraesCAD_scaffold_048607_01G000100","TraesCAD_scaffold_048607_01G000100","protein","C2-",2,"negative"
"prot__TraesCAD_scaffold_048681_01G000100","TraesCAD_scaffold_048681_01G000100","protein","C1-",1,"negative"
"prot__TraesCAD_scaffold_048686_01G000100","TraesCAD_scaffold_048686_01G000100","protein","C1+",1,"positive"
"prot__TraesCAD_scaffold_048729_01G000100","TraesCAD_scaffold_048729_01G000100","protein","C2-",2,"negative"
"prot__TraesCAD_scaffold_048829_01G000100","TraesCAD_scaffold_048829_01G000100","protein","C2-",2,"negative"
"prot__TraesCAD_scaffold_048835_01G000400","TraesCAD_scaffold_048835_01G000400","protein","C1+",1,"positive"
"prot__TraesCAD_scaffold_048929_01G000100","TraesCAD_scaffold_048929_01G000100","protein","C1+",1,"positive"
"prot__TraesCAD_scaffold_048932_01G000300","TraesCAD_scaffold_048932_01G000300","protein","C2-",2,"negative"
"prot__TraesCAD_scaffold_048965_01G000300","TraesCAD_scaffold_048965_01G000300","protein","C1+",1,"positive"
"prot__TraesCAD_scaffold_048965_01G000500","TraesCAD_scaffold_048965_01G000500","protein","C1+",1,"positive"
"prot__TraesCAD_scaffold_049039_01G000100","TraesCAD_scaffold_049039_01G000100","protein","C2-",2,"negative"
"prot__TraesCAD_scaffold_049048_01G000300","TraesCAD_scaffold_049048_01G000300","protein","C1+",1,"positive"
"prot__TraesCAD_scaffold_084093_01G000100","TraesCAD_scaffold_084093_01G000100","protein","C1-",1,"negative"
"prot__TraesCAD_scaffold_049074_01G000600","TraesCAD_scaffold_049074_01G000600","protein","C2-",2,"negative"
"prot__TraesCAD_scaffold_049083_01G000100","TraesCAD_scaffold_049083_01G000100","protein","C1+",1,"positive"
"prot__TraesCAD_scaffold_049090_01G000200","TraesCAD_scaffold_049090_01G000200","protein","C1-",1,"negative"
"prot__TraesCAD_scaffold_049101_01G000200","TraesCAD_scaffold_049101_01G000200","protein","C2-",2,"negative"
"prot__TraesCAD_scaffold_049116_01G000100","TraesCAD_scaffold_049116_01G000100","protein","C1+",1,"positive"
"prot__TraesCAD_scaffold_049130_01G000200","TraesCAD_scaffold_049130_01G000200","protein","C1-",1,"negative"
"prot__TraesCAD_scaffold_071469_01G000100","TraesCAD_scaffold_071469_01G000100","protein","C2-",2,"negative"
"prot__TraesCAD_scaffold_063623_01G000200","TraesCAD_scaffold_063623_01G000200","protein","C2+",2,"positive"
"prot__TraesCAD_scaffold_049207_01G000200","TraesCAD_scaffold_049207_01G000200","protein","C1+",1,"positive"
"prot__TraesCAD_scaffold_049235_01G000100","TraesCAD_scaffold_049235_01G000100","protein","C2-",2,"negative"
"prot__TraesCAD_scaffold_049250_01G000100","TraesCAD_scaffold_049250_01G000100","protein","C2-",2,"negative"
"prot__TraesCAD_scaffold_049256_01G000100","TraesCAD_scaffold_049256_01G000100","protein","C2+",2,"positive"
"prot__TraesCAD_scaffold_049279_01G000200","TraesCAD_scaffold_049279_01G000200","protein","C1-",1,"negative"
"prot__TraesCAD_scaffold_049286_01G000100","TraesCAD_scaffold_049286_01G000100","protein","C2+",2,"positive"
"prot__TraesCAD_scaffold_049290_01G000100","TraesCAD_scaffold_049290_01G000100","protein","C2-",2,"negative"
"prot__TraesCAD_scaffold_049352_01G000100","TraesCAD_scaffold_049352_01G000100","protein","C1-",1,"negative"
"prot__TraesCAD_scaffold_049380_01G000200","TraesCAD_scaffold_049380_01G000200","protein","C2+",2,"positive"
"prot__TraesCAD_scaffold_093581_01G000100","TraesCAD_scaffold_093581_01G000100","protein","C2-",2,"negative"
"prot__TraesCAD_scaffold_049469_01G000100","TraesCAD_scaffold_049469_01G000100","protein","C2-",2,"negative"
"prot__TraesCAD_scaffold_049499_01G000100","TraesCAD_scaffold_049499_01G000100","protein","C2-",2,"negative"
"prot__TraesCAD_scaffold_049503_01G000100","TraesCAD_scaffold_049503_01G000100","protein","C1+",1,"positive"
"prot__TraesCAD_scaffold_049521_01G000100","TraesCAD_scaffold_049521_01G000100","protein","C2-",2,"negative"
"prot__TraesCAD_scaffold_049540_01G000100","TraesCAD_scaffold_049540_01G000100","protein","C1-",1,"negative"
"prot__TraesCAD_scaffold_101915_01G000100","TraesCAD_scaffold_101915_01G000100","protein","C1-",1,"negative"
"prot__TraesCAD_scaffold_049593_01G000200","TraesCAD_scaffold_049593_01G000200","protein","C2-",2,"negative"
"prot__TraesCAD_scaffold_049633_01G000300","TraesCAD_scaffold_049633_01G000300","protein","C2-",2,"negative"
"prot__TraesCAD_scaffold_049637_01G000100","TraesCAD_scaffold_049637_01G000100","protein","C2-",2,"negative"
"prot__TraesCAD_scaffold_119178_01G000100","TraesCAD_scaffold_119178_01G000100","protein","C1+",1,"positive"
"prot__TraesCAD_scaffold_049658_01G000300","TraesCAD_scaffold_049658_01G000300","protein","C1+",1,"positive"
"prot__TraesCAD_scaffold_049679_01G000100","TraesCAD_scaffold_049679_01G000100","protein","C1-",1,"negative"
"prot__TraesCAD_scaffold_049685_01G000300","TraesCAD_scaffold_049685_01G000300","protein","C2-",2,"negative"
"prot__TraesCAD_scaffold_101448_01G000500","TraesCAD_scaffold_101448_01G000500","protein","C1+",1,"positive"
"prot__TraesCAD_scaffold_049807_01G000200","TraesCAD_scaffold_049807_01G000200","protein","C1-",1,"negative"
"prot__TraesCAD_scaffold_049831_01G000200","TraesCAD_scaffold_049831_01G000200","protein","C2-",2,"negative"
"prot__TraesCAD_scaffold_105987_01G000200","TraesCAD_scaffold_105987_01G000200","protein","C1+",1,"positive"
"prot__TraesCAD_scaffold_081369_01G000100","TraesCAD_scaffold_081369_01G000100","protein","C1-",1,"negative"
"prot__TraesCAD_scaffold_049879_01G000300","TraesCAD_scaffold_049879_01G000300","protein","C1+",1,"positive"
"prot__TraesCAD_scaffold_049880_01G000100","TraesCAD_scaffold_049880_01G000100","protein","C1-",1,"negative"
"prot__TraesCAD_scaffold_049897_01G000100","TraesCAD_scaffold_049897_01G000100","protein","C2-",2,"negative"
"prot__TraesCAD_scaffold_049942_01G000200","TraesCAD_scaffold_049942_01G000200","protein","C2-",2,"negative"
"prot__TraesCAD_scaffold_049974_01G000100","TraesCAD_scaffold_049974_01G000100","protein","C1+",1,"positive"
"prot__TraesCAD_scaffold_080309_01G000100","TraesCAD_scaffold_080309_01G000100","protein","C1-",1,"negative"
"prot__TraesCAD_scaffold_050042_01G000100","TraesCAD_scaffold_050042_01G000100","protein","C1+",1,"positive"
"prot__TraesCAD_scaffold_050078_01G000100","TraesCAD_scaffold_050078_01G000100","protein","C1-",1,"negative"
"prot__TraesCAD_scaffold_050078_01G000200","TraesCAD_scaffold_050078_01G000200","protein","C1+",1,"positive"
"prot__TraesCAD_scaffold_050081_01G000200","TraesCAD_scaffold_050081_01G000200","protein","C2-",2,"negative"
"prot__TraesCAD_scaffold_050114_01G000100","TraesCAD_scaffold_050114_01G000100","protein","C2+",2,"positive"
"prot__TraesCAD_scaffold_050137_01G000500","TraesCAD_scaffold_050137_01G000500","protein","C1+",1,"positive"
"prot__TraesCAD_scaffold_050152_01G000200","TraesCAD_scaffold_050152_01G000200","protein","C2-",2,"negative"
"prot__TraesCAD_scaffold_050215_01G000100","TraesCAD_scaffold_050215_01G000100","protein","C1+",1,"positive"
"prot__TraesCAD_scaffold_050217_01G000200","TraesCAD_scaffold_050217_01G000200","protein","C1-",1,"negative"
"prot__TraesCAD_scaffold_112076_01G000200","TraesCAD_scaffold_112076_01G000200","protein","C1+",1,"positive"
"prot__TraesCAD_scaffold_050230_01G000400","TraesCAD_scaffold_050230_01G000400","protein","C2-",2,"negative"
"prot__TraesCAD_scaffold_095635_01G000200","TraesCAD_scaffold_095635_01G000200","protein","C1-",1,"negative"
"prot__TraesCAD_scaffold_050266_01G000100","TraesCAD_scaffold_050266_01G000100","protein","C1+",1,"positive"
"prot__TraesCAD_scaffold_050281_01G000200","TraesCAD_scaffold_050281_01G000200","protein","C1+",1,"positive"
"prot__TraesCAD_scaffold_050333_01G000100","TraesCAD_scaffold_050333_01G000100","protein","C2-",2,"negative"
"prot__TraesCAD_scaffold_050358_01G000100","TraesCAD_scaffold_050358_01G000100","protein","C2-",2,"negative"
"prot__TraesCAD_scaffold_055640_01G000100","TraesCAD_scaffold_055640_01G000100","protein","C1+",1,"positive"
"prot__TraesCAD_scaffold_050363_01G000100","TraesCAD_scaffold_050363_01G000100","protein","C1+",1,"positive"
"prot__TraesCAD_scaffold_050386_01G000100","TraesCAD_scaffold_050386_01G000100","protein","C1-",1,"negative"
"prot__TraesCAD_scaffold_050398_01G000200","TraesCAD_scaffold_050398_01G000200","protein","C1-",1,"negative"
"prot__TraesCAD_scaffold_050432_01G000100","TraesCAD_scaffold_050432_01G000100","protein","C1-",1,"negative"
"prot__TraesCAD_scaffold_050454_01G000100","TraesCAD_scaffold_050454_01G000100","protein","C1-",1,"negative"
"prot__TraesCAD_scaffold_050586_01G000200","TraesCAD_scaffold_050586_01G000200","protein","C2-",2,"negative"
"prot__TraesCAD_scaffold_050592_01G000200","TraesCAD_scaffold_050592_01G000200","protein","C2-",2,"negative"
"prot__TraesCAD_scaffold_050609_01G000100","TraesCAD_scaffold_050609_01G000100","protein","C1+",1,"positive"
"prot__TraesCAD_scaffold_050623_01G000100","TraesCAD_scaffold_050623_01G000100","protein","C1+",1,"positive"
"prot__TraesCAD_scaffold_050641_01G000100","TraesCAD_scaffold_050641_01G000100","protein","C1+",1,"positive"
"prot__TraesCAD_scaffold_050673_01G000100","TraesCAD_scaffold_050673_01G000100","protein","C1+",1,"positive"
"prot__TraesCAD_scaffold_050682_01G000100","TraesCAD_scaffold_050682_01G000100","protein","C2-",2,"negative"
"prot__TraesCAD_scaffold_111050_01G000100","TraesCAD_scaffold_111050_01G000100","protein","C2-",2,"negative"
"prot__TraesCAD_scaffold_050707_01G000300","TraesCAD_scaffold_050707_01G000300","protein","C1+",1,"positive"
"prot__TraesCAD_scaffold_050737_01G000100","TraesCAD_scaffold_050737_01G000100","protein","C2-",2,"negative"
"prot__TraesCAD_scaffold_136359_01G000100","TraesCAD_scaffold_136359_01G000100","protein","C2+",2,"positive"
"prot__TraesCAD_scaffold_050804_01G000100","TraesCAD_scaffold_050804_01G000100","protein","C1+",1,"positive"
"prot__TraesCAD_scaffold_050822_01G000200","TraesCAD_scaffold_050822_01G000200","protein","C1-",1,"negative"
"prot__TraesCAD_scaffold_064435_01G000300","TraesCAD_scaffold_064435_01G000300","protein","C2-",2,"negative"
"prot__TraesCAD_scaffold_050860_01G000400","TraesCAD_scaffold_050860_01G000400","protein","C1-",1,"negative"
"prot__TraesCAD_scaffold_050864_01G000200","TraesCAD_scaffold_050864_01G000200","protein","C2-",2,"negative"
"prot__TraesCAD_scaffold_050913_01G000300","TraesCAD_scaffold_050913_01G000300","protein","C1+",1,"positive"
"prot__TraesCAD_scaffold_050922_01G000100","TraesCAD_scaffold_050922_01G000100","protein","C2-",2,"negative"
"prot__TraesCAD_scaffold_050976_01G000700","TraesCAD_scaffold_050976_01G000700","protein","C2+",2,"positive"
"prot__TraesCAD_scaffold_050994_01G000400","TraesCAD_scaffold_050994_01G000400","protein","C1+",1,"positive"
"prot__TraesCAD_scaffold_051000_01G000300","TraesCAD_scaffold_051000_01G000300","protein","C2-",2,"negative"
"prot__TraesCAD_scaffold_051018_01G000200","TraesCAD_scaffold_051018_01G000200","protein","C1-",1,"negative"
"prot__TraesCAD_scaffold_171529_01G000100","TraesCAD_scaffold_171529_01G000100","protein","C2-",2,"negative"
"prot__TraesCAD_scaffold_051155_01G000100","TraesCAD_scaffold_051155_01G000100","protein","C2+",2,"positive"
"prot__TraesCAD_scaffold_058840_01G000100","TraesCAD_scaffold_058840_01G000100","protein","C2+",2,"positive"
"prot__TraesCAD_scaffold_051251_01G000200","TraesCAD_scaffold_051251_01G000200","protein","C1-",1,"negative"
"prot__TraesCAD_scaffold_051263_01G000300","TraesCAD_scaffold_051263_01G000300","protein","C2-",2,"negative"
"prot__TraesCAD_scaffold_051276_01G000200","TraesCAD_scaffold_051276_01G000200","protein","C2-",2,"negative"
"prot__TraesCAD_scaffold_051316_01G000100","TraesCAD_scaffold_051316_01G000100","protein","C1+",1,"positive"
"prot__TraesCAD_scaffold_051318_01G000100","TraesCAD_scaffold_051318_01G000100","protein","C2-",2,"negative"
"prot__TraesCAD_scaffold_051339_01G000100","TraesCAD_scaffold_051339_01G000100","protein","C1+",1,"positive"
"prot__TraesCAD_scaffold_051392_01G000300","TraesCAD_scaffold_051392_01G000300","protein","C1+",1,"positive"
"prot__TraesCAD_scaffold_051397_01G000100","TraesCAD_scaffold_051397_01G000100","protein","C2-",2,"negative"
"prot__TraesCAD_scaffold_051411_01G000100","TraesCAD_scaffold_051411_01G000100","protein","C2-",2,"negative"
"prot__TraesCAD_scaffold_051464_01G000200","TraesCAD_scaffold_051464_01G000200","protein","C1+",1,"positive"
"prot__TraesCAD_scaffold_051473_01G000500","TraesCAD_scaffold_051473_01G000500","protein","C2-",2,"negative"
"prot__TraesCAD_scaffold_074499_01G000100","TraesCAD_scaffold_074499_01G000100","protein","C2+",2,"positive"
"prot__TraesCAD_scaffold_051485_01G000100","TraesCAD_scaffold_051485_01G000100","protein","C1+",1,"positive"
"prot__TraesCAD_scaffold_051524_01G000100","TraesCAD_scaffold_051524_01G000100","protein","C1-",1,"negative"
"prot__TraesCAD_scaffold_051534_01G000200","TraesCAD_scaffold_051534_01G000200","protein","C1-",1,"negative"
"prot__TraesCAD_scaffold_051536_01G000100","TraesCAD_scaffold_051536_01G000100","protein","C2+",2,"positive"
"prot__TraesCAD_scaffold_051555_01G000100","TraesCAD_scaffold_051555_01G000100","protein","C1+",1,"positive"
"prot__TraesCAD_scaffold_082260_01G000300","TraesCAD_scaffold_082260_01G000300","protein","C2-",2,"negative"
"prot__TraesCAD_scaffold_051611_01G000100","TraesCAD_scaffold_051611_01G000100","protein","C2+",2,"positive"
"prot__TraesCAD_scaffold_145210_01G000100","TraesCAD_scaffold_145210_01G000100","protein","C2+",2,"positive"
"prot__TraesCAD_scaffold_051687_01G000100","TraesCAD_scaffold_051687_01G000100","protein","C2+",2,"positive"
"prot__TraesCAD_scaffold_051719_01G000300","TraesCAD_scaffold_051719_01G000300","protein","C2-",2,"negative"
"prot__TraesCAD_scaffold_051728_01G000100","TraesCAD_scaffold_051728_01G000100","protein","C1+",1,"positive"
"prot__TraesCAD_scaffold_051782_01G000400","TraesCAD_scaffold_051782_01G000400","protein","C1+",1,"positive"
"prot__TraesCAD_scaffold_051937_01G000200","TraesCAD_scaffold_051937_01G000200","protein","C1-",1,"negative"
"prot__TraesCAD_scaffold_051953_01G000400","TraesCAD_scaffold_051953_01G000400","protein","C2-",2,"negative"
"prot__TraesCAD_scaffold_051960_01G000100","TraesCAD_scaffold_051960_01G000100","protein","C2-",2,"negative"
"prot__TraesCAD_scaffold_052032_01G000200","TraesCAD_scaffold_052032_01G000200","protein","C1+",1,"positive"
"prot__TraesCAD_scaffold_052057_01G000100","TraesCAD_scaffold_052057_01G000100","protein","C1+",1,"positive"
"prot__TraesCAD_scaffold_052090_01G000200","TraesCAD_scaffold_052090_01G000200","protein","C1+",1,"positive"
"prot__TraesCAD_scaffold_052094_01G000100","TraesCAD_scaffold_052094_01G000100","protein","C2-",2,"negative"
"prot__TraesCAD_scaffold_099255_01G000200","TraesCAD_scaffold_099255_01G000200","protein","C2+",2,"positive"
"prot__TraesCAD_scaffold_052131_01G000100","TraesCAD_scaffold_052131_01G000100","protein","C1-",1,"negative"
"prot__TraesCAD_scaffold_052140_01G000100","TraesCAD_scaffold_052140_01G000100","protein","C1+",1,"positive"
"prot__TraesCAD_scaffold_052272_01G000100","TraesCAD_scaffold_052272_01G000100","protein","C2-",2,"negative"
"prot__TraesCAD_scaffold_160902_01G000100","TraesCAD_scaffold_160902_01G000100","protein","C2-",2,"negative"
"prot__TraesCAD_scaffold_094923_01G000100","TraesCAD_scaffold_094923_01G000100","protein","C1+",1,"positive"
"prot__TraesCAD_scaffold_052413_01G000300","TraesCAD_scaffold_052413_01G000300","protein","C1+",1,"positive"
"prot__TraesCAD_scaffold_052548_01G000100","TraesCAD_scaffold_052548_01G000100","protein","C1-",1,"negative"
"prot__TraesCAD_scaffold_079419_01G000100","TraesCAD_scaffold_079419_01G000100","protein","C1+",1,"positive"
"prot__TraesCAD_scaffold_052668_01G000200","TraesCAD_scaffold_052668_01G000200","protein","C2-",2,"negative"
"prot__TraesCAD_scaffold_052722_01G000200","TraesCAD_scaffold_052722_01G000200","protein","C1+",1,"positive"
"prot__TraesCAD_scaffold_052724_01G000300","TraesCAD_scaffold_052724_01G000300","protein","C1+",1,"positive"
"prot__TraesCAD_scaffold_052738_01G000200","TraesCAD_scaffold_052738_01G000200","protein","C2-",2,"negative"
"prot__TraesCAD_scaffold_132894_01G000200","TraesCAD_scaffold_132894_01G000200","protein","C2+",2,"positive"
"prot__TraesCAD_scaffold_052789_01G000100","TraesCAD_scaffold_052789_01G000100","protein","C1-",1,"negative"
"prot__TraesCAD_scaffold_052808_01G000200","TraesCAD_scaffold_052808_01G000200","protein","C1-",1,"negative"
"prot__TraesCAD_scaffold_052842_01G000300","TraesCAD_scaffold_052842_01G000300","protein","C1-",1,"negative"
"prot__TraesCAD_scaffold_052860_01G000100","TraesCAD_scaffold_052860_01G000100","protein","C2-",2,"negative"
"prot__TraesCAD_scaffold_052906_01G000600","TraesCAD_scaffold_052906_01G000600","protein","C1+",1,"positive"
"prot__TraesCAD_scaffold_052908_01G000100","TraesCAD_scaffold_052908_01G000100","protein","C2-",2,"negative"
"prot__TraesCAD_scaffold_052923_01G000100","TraesCAD_scaffold_052923_01G000100","protein","C1+",1,"positive"
"prot__TraesCAD_scaffold_052931_01G000200","TraesCAD_scaffold_052931_01G000200","protein","C1-",1,"negative"
"prot__TraesCAD_scaffold_052946_01G000300","TraesCAD_scaffold_052946_01G000300","protein","C1-",1,"negative"
"prot__TraesCAD_scaffold_052949_01G000200","TraesCAD_scaffold_052949_01G000200","protein","C1+",1,"positive"
"prot__TraesCAD_scaffold_052954_01G000300","TraesCAD_scaffold_052954_01G000300","protein","C2-",2,"negative"
"prot__TraesCAD_scaffold_057377_01G000100","TraesCAD_scaffold_057377_01G000100","protein","C1-",1,"negative"
"prot__TraesCAD_scaffold_053083_01G000100","TraesCAD_scaffold_053083_01G000100","protein","C1+",1,"positive"
"prot__TraesCAD_scaffold_053158_01G000200","TraesCAD_scaffold_053158_01G000200","protein","C1-",1,"negative"
"prot__TraesCAD_scaffold_053228_01G000200","TraesCAD_scaffold_053228_01G000200","protein","C1-",1,"negative"
"prot__TraesCAD_scaffold_053310_01G000100","TraesCAD_scaffold_053310_01G000100","protein","C1+",1,"positive"
"prot__TraesCAD_scaffold_053325_01G000100","TraesCAD_scaffold_053325_01G000100","protein","C1-",1,"negative"
"prot__TraesCAD_scaffold_053392_01G000100","TraesCAD_scaffold_053392_01G000100","protein","C1+",1,"positive"
"prot__TraesCAD_scaffold_053447_01G000200","TraesCAD_scaffold_053447_01G000200","protein","C2-",2,"negative"
"prot__TraesCAD_scaffold_053511_01G000100","TraesCAD_scaffold_053511_01G000100","protein","C2-",2,"negative"
"prot__TraesCAD_scaffold_053519_01G000500","TraesCAD_scaffold_053519_01G000500","protein","C2-",2,"negative"
"prot__TraesCAD_scaffold_053545_01G000400","TraesCAD_scaffold_053545_01G000400","protein","C1+",1,"positive"
"prot__TraesCAD_scaffold_053561_01G000200","TraesCAD_scaffold_053561_01G000200","protein","C1+",1,"positive"
"prot__TraesCAD_scaffold_053565_01G000200","TraesCAD_scaffold_053565_01G000200","protein","C1+",1,"positive"
"prot__TraesCAD_scaffold_053566_01G000100","TraesCAD_scaffold_053566_01G000100","protein","C1+",1,"positive"
"prot__TraesCAD_scaffold_053577_01G000200","TraesCAD_scaffold_053577_01G000200","protein","C2-",2,"negative"
"prot__TraesCAD_scaffold_126241_01G000100","TraesCAD_scaffold_126241_01G000100","protein","C2-",2,"negative"
"prot__TraesCAD_scaffold_053598_01G000300","TraesCAD_scaffold_053598_01G000300","protein","C1-",1,"negative"
"prot__TraesCAD_scaffold_053630_01G000100","TraesCAD_scaffold_053630_01G000100","protein","C2-",2,"negative"
"prot__TraesCAD_scaffold_053645_01G000100","TraesCAD_scaffold_053645_01G000100","protein","C1+",1,"positive"
"prot__TraesCAD_scaffold_192522_01G000100","TraesCAD_scaffold_192522_01G000100","protein","C1+",1,"positive"
"prot__TraesCAD_scaffold_053798_01G000200","TraesCAD_scaffold_053798_01G000200","protein","C2-",2,"negative"
"prot__TraesCAD_scaffold_053822_01G000300","TraesCAD_scaffold_053822_01G000300","protein","C2-",2,"negative"
"prot__TraesCAD_scaffold_053824_01G000800","TraesCAD_scaffold_053824_01G000800","protein","C2+",2,"positive"
"prot__TraesCAD_scaffold_053873_01G000100","TraesCAD_scaffold_053873_01G000100","protein","C1-",1,"negative"
"prot__TraesCAD_scaffold_113450_01G000200","TraesCAD_scaffold_113450_01G000200","protein","C1-",1,"negative"
"prot__TraesCAD_scaffold_053930_01G000200","TraesCAD_scaffold_053930_01G000200","protein","C1+",1,"positive"
"prot__TraesCAD_scaffold_053932_01G000100","TraesCAD_scaffold_053932_01G000100","protein","C1+",1,"positive"
"prot__TraesCAD_scaffold_053965_01G000100","TraesCAD_scaffold_053965_01G000100","protein","C1+",1,"positive"
"prot__TraesCAD_scaffold_054010_01G000100","TraesCAD_scaffold_054010_01G000100","protein","C2-",2,"negative"
"prot__TraesCAD_scaffold_112916_01G000200","TraesCAD_scaffold_112916_01G000200","protein","C1+",1,"positive"
"prot__TraesCAD_scaffold_054084_01G000200","TraesCAD_scaffold_054084_01G000200","protein","C1+",1,"positive"
"prot__TraesCAD_scaffold_054156_01G000100","TraesCAD_scaffold_054156_01G000100","protein","C2-",2,"negative"
"prot__TraesCAD_scaffold_055177_01G000100","TraesCAD_scaffold_055177_01G000100","protein","C1-",1,"negative"
"prot__TraesCAD_scaffold_099042_01G000200","TraesCAD_scaffold_099042_01G000200","protein","C1-",1,"negative"
"prot__TraesCAD_scaffold_054181_01G000400","TraesCAD_scaffold_054181_01G000400","protein","C1-",1,"negative"
"prot__TraesCAD_scaffold_054183_01G000200","TraesCAD_scaffold_054183_01G000200","protein","C1-",1,"negative"
"prot__TraesCAD_scaffold_054200_01G000100","TraesCAD_scaffold_054200_01G000100","protein","C1+",1,"positive"
"prot__TraesCAD_scaffold_054259_01G000200","TraesCAD_scaffold_054259_01G000200","protein","C1-",1,"negative"
"prot__TraesCAD_scaffold_129910_01G000100","TraesCAD_scaffold_129910_01G000100","protein","C1+",1,"positive"
"prot__TraesCAD_scaffold_054512_01G000100","TraesCAD_scaffold_054512_01G000100","protein","C1+",1,"positive"
"prot__TraesCAD_scaffold_054555_01G000100","TraesCAD_scaffold_054555_01G000100","protein","C2-",2,"negative"
"prot__TraesCAD_scaffold_067011_01G000400","TraesCAD_scaffold_067011_01G000400","protein","C2-",2,"negative"
"prot__TraesCAD_scaffold_054587_01G000100","TraesCAD_scaffold_054587_01G000100","protein","C1+",1,"positive"
"prot__TraesCAD_scaffold_054598_01G000200","TraesCAD_scaffold_054598_01G000200","protein","C2-",2,"negative"
"prot__TraesCAD_scaffold_054644_01G000300","TraesCAD_scaffold_054644_01G000300","protein","C1-",1,"negative"
"prot__TraesCAD_scaffold_054645_01G000200","TraesCAD_scaffold_054645_01G000200","protein","C1+",1,"positive"
"prot__TraesCAD_scaffold_054661_01G000400","TraesCAD_scaffold_054661_01G000400","protein","C2-",2,"negative"
"prot__TraesCAD_scaffold_054699_01G000100","TraesCAD_scaffold_054699_01G000100","protein","C2-",2,"negative"
"prot__TraesCAD_scaffold_092016_01G000100","TraesCAD_scaffold_092016_01G000100","protein","C1+",1,"positive"
"prot__TraesCAD_scaffold_054822_01G000100","TraesCAD_scaffold_054822_01G000100","protein","C1-",1,"negative"
"prot__TraesCAD_scaffold_054824_01G000100","TraesCAD_scaffold_054824_01G000100","protein","C2-",2,"negative"
"prot__TraesCAD_scaffold_054828_01G000200","TraesCAD_scaffold_054828_01G000200","protein","C1+",1,"positive"
"prot__TraesCAD_scaffold_054938_01G000200","TraesCAD_scaffold_054938_01G000200","protein","C1+",1,"positive"
"prot__TraesCAD_scaffold_054972_01G000100","TraesCAD_scaffold_054972_01G000100","protein","C1+",1,"positive"
"prot__TraesCAD_scaffold_054974_01G000200","TraesCAD_scaffold_054974_01G000200","protein","C2-",2,"negative"
"prot__TraesCAD_scaffold_054974_01G000300","TraesCAD_scaffold_054974_01G000300","protein","C1-",1,"negative"
"prot__TraesCAD_scaffold_097725_01G000100","TraesCAD_scaffold_097725_01G000100","protein","C2-",2,"negative"
"prot__TraesCAD_scaffold_055129_01G000300","TraesCAD_scaffold_055129_01G000300","protein","C1+",1,"positive"
"prot__TraesCAD_scaffold_082128_01G000100","TraesCAD_scaffold_082128_01G000100","protein","C2-",2,"negative"
"prot__TraesCAD_scaffold_082128_01G000300","TraesCAD_scaffold_082128_01G000300","protein","C1+",1,"positive"
"prot__TraesCAD_scaffold_055157_01G000100","TraesCAD_scaffold_055157_01G000100","protein","C1-",1,"negative"
"prot__TraesCAD_scaffold_107887_01G000300","TraesCAD_scaffold_107887_01G000300","protein","C2-",2,"negative"
"prot__TraesCAD_scaffold_055160_01G000200","TraesCAD_scaffold_055160_01G000200","protein","C2-",2,"negative"
"prot__TraesCAD_scaffold_107887_01G000100","TraesCAD_scaffold_107887_01G000100","protein","C1-",1,"negative"
"prot__TraesCAD_scaffold_055175_01G000100","TraesCAD_scaffold_055175_01G000100","protein","C2-",2,"negative"
"prot__TraesCAD_scaffold_055185_01G000100","TraesCAD_scaffold_055185_01G000100","protein","C1-",1,"negative"
"prot__TraesCAD_scaffold_108641_01G000300","TraesCAD_scaffold_108641_01G000300","protein","C1-",1,"negative"
"prot__TraesCAD_scaffold_055207_01G000100","TraesCAD_scaffold_055207_01G000100","protein","C1-",1,"negative"
"prot__TraesCAD_scaffold_055215_01G000100","TraesCAD_scaffold_055215_01G000100","protein","C1-",1,"negative"
"prot__TraesCAD_scaffold_055295_01G000100","TraesCAD_scaffold_055295_01G000100","protein","C2-",2,"negative"
"prot__TraesCAD_scaffold_055378_01G000400","TraesCAD_scaffold_055378_01G000400","protein","C1+",1,"positive"
"prot__TraesCAD_scaffold_055536_01G000100","TraesCAD_scaffold_055536_01G000100","protein","C2-",2,"negative"
"prot__TraesCAD_scaffold_055540_01G000100","TraesCAD_scaffold_055540_01G000100","protein","C1+",1,"positive"
"prot__TraesCAD_scaffold_055571_01G000300","TraesCAD_scaffold_055571_01G000300","protein","C1-",1,"negative"
"prot__TraesCAD_scaffold_055634_01G000100","TraesCAD_scaffold_055634_01G000100","protein","C1-",1,"negative"
"prot__TraesCAD_scaffold_055726_01G000600","TraesCAD_scaffold_055726_01G000600","protein","C1+",1,"positive"
"prot__TraesCAD_scaffold_063992_01G000100","TraesCAD_scaffold_063992_01G000100","protein","C2-",2,"negative"
"prot__TraesCAD_scaffold_092785_01G000300","TraesCAD_scaffold_092785_01G000300","protein","C1+",1,"positive"
"prot__TraesCAD_scaffold_055786_01G000100","TraesCAD_scaffold_055786_01G000100","protein","C1-",1,"negative"
"prot__TraesCAD_scaffold_055794_01G000100","TraesCAD_scaffold_055794_01G000100","protein","C2-",2,"negative"
"prot__TraesCAD_scaffold_055807_01G000300","TraesCAD_scaffold_055807_01G000300","protein","C1-",1,"negative"
"prot__TraesCAD_scaffold_055851_01G000200","TraesCAD_scaffold_055851_01G000200","protein","C1+",1,"positive"
"prot__TraesCAD_scaffold_055929_01G000400","TraesCAD_scaffold_055929_01G000400","protein","C2+",2,"positive"
"prot__TraesCAD_scaffold_055953_01G000200","TraesCAD_scaffold_055953_01G000200","protein","C1+",1,"positive"
"prot__TraesCAD_scaffold_055975_01G000400","TraesCAD_scaffold_055975_01G000400","protein","C1+",1,"positive"
"prot__TraesCAD_scaffold_056004_01G000100","TraesCAD_scaffold_056004_01G000100","protein","C1-",1,"negative"
"prot__TraesCAD_scaffold_056008_01G000100","TraesCAD_scaffold_056008_01G000100","protein","C2-",2,"negative"
"prot__TraesCAD_scaffold_149985_01G000100","TraesCAD_scaffold_149985_01G000100","protein","C2-",2,"negative"
"prot__TraesCAD_scaffold_056084_01G000100","TraesCAD_scaffold_056084_01G000100","protein","C1-",1,"negative"
"prot__TraesCAD_scaffold_056121_01G000200","TraesCAD_scaffold_056121_01G000200","protein","C1+",1,"positive"
"prot__TraesCAD_scaffold_056133_01G000100","TraesCAD_scaffold_056133_01G000100","protein","C1+",1,"positive"
"prot__TraesCAD_scaffold_056160_01G000100","TraesCAD_scaffold_056160_01G000100","protein","C2-",2,"negative"
"prot__TraesCAD_scaffold_056219_01G000200","TraesCAD_scaffold_056219_01G000200","protein","C1+",1,"positive"
"prot__TraesCAD_scaffold_063976_01G000500","TraesCAD_scaffold_063976_01G000500","protein","C1+",1,"positive"
"prot__TraesCAD_scaffold_056257_01G000800","TraesCAD_scaffold_056257_01G000800","protein","C1+",1,"positive"
"prot__TraesCAD_scaffold_056264_01G000400","TraesCAD_scaffold_056264_01G000400","protein","C1+",1,"positive"
"prot__TraesCAD_scaffold_056316_01G000200","TraesCAD_scaffold_056316_01G000200","protein","C1+",1,"positive"
"prot__TraesCAD_scaffold_056395_01G000200","TraesCAD_scaffold_056395_01G000200","protein","C1+",1,"positive"
"prot__TraesCAD_scaffold_056426_01G000100","TraesCAD_scaffold_056426_01G000100","protein","C1+",1,"positive"
"prot__TraesCAD_scaffold_056496_01G000100","TraesCAD_scaffold_056496_01G000100","protein","C1+",1,"positive"
"prot__TraesCAD_scaffold_056498_01G000100","TraesCAD_scaffold_056498_01G000100","protein","C1+",1,"positive"
"prot__TraesCAD_scaffold_097522_01G000300","TraesCAD_scaffold_097522_01G000300","protein","C1-",1,"negative"
"prot__TraesCAD_scaffold_056525_01G000100","TraesCAD_scaffold_056525_01G000100","protein","C1+",1,"positive"
"prot__TraesCAD_scaffold_056530_01G000200","TraesCAD_scaffold_056530_01G000200","protein","C2-",2,"negative"
"prot__TraesCAD_scaffold_056530_01G000300","TraesCAD_scaffold_056530_01G000300","protein","C2-",2,"negative"
"prot__TraesCAD_scaffold_056593_01G000200","TraesCAD_scaffold_056593_01G000200","protein","C2-",2,"negative"
"prot__TraesCAD_scaffold_056628_01G000100","TraesCAD_scaffold_056628_01G000100","protein","C2-",2,"negative"
"prot__TraesCAD_scaffold_056691_01G000100","TraesCAD_scaffold_056691_01G000100","protein","C2-",2,"negative"
"prot__TraesCAD_scaffold_056810_01G000200","TraesCAD_scaffold_056810_01G000200","protein","C2-",2,"negative"
"prot__TraesCAD_scaffold_056819_01G000300","TraesCAD_scaffold_056819_01G000300","protein","C1+",1,"positive"
"prot__TraesCAD_scaffold_056872_01G000300","TraesCAD_scaffold_056872_01G000300","protein","C2+",2,"positive"
"prot__TraesCAD_scaffold_056887_01G000200","TraesCAD_scaffold_056887_01G000200","protein","C1-",1,"negative"
"prot__TraesCAD_scaffold_056958_01G000400","TraesCAD_scaffold_056958_01G000400","protein","C2+",2,"positive"
"prot__TraesCAD_scaffold_056989_01G000100","TraesCAD_scaffold_056989_01G000100","protein","C2-",2,"negative"
"prot__TraesCAD_scaffold_057016_01G000100","TraesCAD_scaffold_057016_01G000100","protein","C2-",2,"negative"
"prot__TraesCAD_scaffold_057056_01G000200","TraesCAD_scaffold_057056_01G000200","protein","C2-",2,"negative"
"prot__TraesCAD_scaffold_057056_01G000300","TraesCAD_scaffold_057056_01G000300","protein","C1-",1,"negative"
"prot__TraesCAD_scaffold_087293_01G000100","TraesCAD_scaffold_087293_01G000100","protein","C2-",2,"negative"
"prot__TraesCAD_scaffold_057129_01G000100","TraesCAD_scaffold_057129_01G000100","protein","C2-",2,"negative"
"prot__TraesCAD_scaffold_057132_01G000100","TraesCAD_scaffold_057132_01G000100","protein","C1-",1,"negative"
"prot__TraesCAD_scaffold_057132_01G000300","TraesCAD_scaffold_057132_01G000300","protein","C1+",1,"positive"
"prot__TraesCAD_scaffold_057164_01G000100","TraesCAD_scaffold_057164_01G000100","protein","C1+",1,"positive"
"prot__TraesCAD_scaffold_057177_01G000100","TraesCAD_scaffold_057177_01G000100","protein","C1-",1,"negative"
"prot__TraesCAD_scaffold_057181_01G000300","TraesCAD_scaffold_057181_01G000300","protein","C1+",1,"positive"
"prot__TraesCAD_scaffold_057183_01G000200","TraesCAD_scaffold_057183_01G000200","protein","C1-",1,"negative"
"prot__TraesCAD_scaffold_078662_01G000300","TraesCAD_scaffold_078662_01G000300","protein","C1-",1,"negative"
"prot__TraesCAD_scaffold_057249_01G000200","TraesCAD_scaffold_057249_01G000200","protein","C2+",2,"positive"
"prot__TraesCAD_scaffold_057292_01G000100","TraesCAD_scaffold_057292_01G000100","protein","C1+",1,"positive"
"prot__TraesCAD_scaffold_057434_01G000200","TraesCAD_scaffold_057434_01G000200","protein","C1-",1,"negative"
"prot__TraesCAD_scaffold_057435_01G000100","TraesCAD_scaffold_057435_01G000100","protein","C2-",2,"negative"
"prot__TraesCAD_scaffold_124852_01G000100","TraesCAD_scaffold_124852_01G000100","protein","C1-",1,"negative"
"prot__TraesCAD_scaffold_057453_01G000300","TraesCAD_scaffold_057453_01G000300","protein","C1+",1,"positive"
"prot__TraesCAD_scaffold_057564_01G000400","TraesCAD_scaffold_057564_01G000400","protein","C1+",1,"positive"
"prot__TraesCAD_scaffold_057590_01G000100","TraesCAD_scaffold_057590_01G000100","protein","C1-",1,"negative"
"prot__TraesCAD_scaffold_057623_01G000200","TraesCAD_scaffold_057623_01G000200","protein","C1+",1,"positive"
"prot__TraesCAD_scaffold_057623_01G000300","TraesCAD_scaffold_057623_01G000300","protein","C1-",1,"negative"
"prot__TraesCAD_scaffold_057634_01G000100","TraesCAD_scaffold_057634_01G000100","protein","C1+",1,"positive"
"prot__TraesCAD_scaffold_057680_01G000200","TraesCAD_scaffold_057680_01G000200","protein","C1+",1,"positive"
"prot__TraesCAD_scaffold_057685_01G000200","TraesCAD_scaffold_057685_01G000200","protein","C1+",1,"positive"
"prot__TraesCAD_scaffold_057693_01G000100","TraesCAD_scaffold_057693_01G000100","protein","C1+",1,"positive"
"prot__TraesCAD_scaffold_062470_01G000300","TraesCAD_scaffold_062470_01G000300","protein","C1+",1,"positive"
"prot__TraesCAD_scaffold_057773_01G000200","TraesCAD_scaffold_057773_01G000200","protein","C1-",1,"negative"
"prot__TraesCAD_scaffold_140741_01G000100","TraesCAD_scaffold_140741_01G000100","protein","C2-",2,"negative"
"prot__TraesCAD_scaffold_057884_01G000100","TraesCAD_scaffold_057884_01G000100","protein","C2+",2,"positive"
"prot__TraesCAD_scaffold_057948_01G000200","TraesCAD_scaffold_057948_01G000200","protein","C2-",2,"negative"
"prot__TraesCAD_scaffold_151116_01G000200","TraesCAD_scaffold_151116_01G000200","protein","C1-",1,"negative"
"prot__TraesCAD_scaffold_057998_01G000300","TraesCAD_scaffold_057998_01G000300","protein","C2+",2,"positive"
"prot__TraesCAD_scaffold_058025_01G000200","TraesCAD_scaffold_058025_01G000200","protein","C1+",1,"positive"
"prot__TraesCAD_scaffold_058029_01G000200","TraesCAD_scaffold_058029_01G000200","protein","C2-",2,"negative"
"prot__TraesCAD_scaffold_058040_01G000200","TraesCAD_scaffold_058040_01G000200","protein","C1+",1,"positive"
"prot__TraesCAD_scaffold_058063_01G000100","TraesCAD_scaffold_058063_01G000100","protein","C1-",1,"negative"
"prot__TraesCAD_scaffold_058094_01G000100","TraesCAD_scaffold_058094_01G000100","protein","C2+",2,"positive"
"prot__TraesCAD_scaffold_058158_01G000200","TraesCAD_scaffold_058158_01G000200","protein","C2+",2,"positive"
"prot__TraesCAD_scaffold_058169_01G000200","TraesCAD_scaffold_058169_01G000200","protein","C1+",1,"positive"
"prot__TraesCAD_scaffold_058206_01G000100","TraesCAD_scaffold_058206_01G000100","protein","C1+",1,"positive"
"prot__TraesCAD_scaffold_058218_01G000100","TraesCAD_scaffold_058218_01G000100","protein","C2-",2,"negative"
"prot__TraesCAD_scaffold_058271_01G000200","TraesCAD_scaffold_058271_01G000200","protein","C2-",2,"negative"
"prot__TraesCAD_scaffold_058274_01G000200","TraesCAD_scaffold_058274_01G000200","protein","C1-",1,"negative"
"prot__TraesCAD_scaffold_058304_01G000100","TraesCAD_scaffold_058304_01G000100","protein","C1+",1,"positive"
"prot__TraesCAD_scaffold_058352_01G000200","TraesCAD_scaffold_058352_01G000200","protein","C1+",1,"positive"
"prot__TraesCAD_scaffold_155232_01G000100","TraesCAD_scaffold_155232_01G000100","protein","C2-",2,"negative"
"prot__TraesCAD_scaffold_058382_01G000100","TraesCAD_scaffold_058382_01G000100","protein","C2-",2,"negative"
"prot__TraesCAD_scaffold_058389_01G000100","TraesCAD_scaffold_058389_01G000100","protein","C2-",2,"negative"
"prot__TraesCAD_scaffold_068932_01G000100","TraesCAD_scaffold_068932_01G000100","protein","C2-",2,"negative"
"prot__TraesCAD_scaffold_058618_01G000400","TraesCAD_scaffold_058618_01G000400","protein","C1+",1,"positive"
"prot__TraesCAD_scaffold_058647_01G000200","TraesCAD_scaffold_058647_01G000200","protein","C2+",2,"positive"
"prot__TraesCAD_scaffold_133213_01G000100","TraesCAD_scaffold_133213_01G000100","protein","C1-",1,"negative"
"prot__TraesCAD_scaffold_058667_01G000200","TraesCAD_scaffold_058667_01G000200","protein","C1+",1,"positive"
"prot__TraesCAD_scaffold_058732_01G000100","TraesCAD_scaffold_058732_01G000100","protein","C2-",2,"negative"
"prot__TraesCAD_scaffold_058741_01G000100","TraesCAD_scaffold_058741_01G000100","protein","C1+",1,"positive"
"prot__TraesCAD_scaffold_065389_01G000200","TraesCAD_scaffold_065389_01G000200","protein","C1+",1,"positive"
"prot__TraesCAD_scaffold_058939_01G000200","TraesCAD_scaffold_058939_01G000200","protein","C2-",2,"negative"
"prot__TraesCAD_scaffold_058959_01G000100","TraesCAD_scaffold_058959_01G000100","protein","C2-",2,"negative"
"prot__TraesCAD_scaffold_058982_01G000100","TraesCAD_scaffold_058982_01G000100","protein","C2+",2,"positive"
"prot__TraesCAD_scaffold_058994_01G000200","TraesCAD_scaffold_058994_01G000200","protein","C2-",2,"negative"
"prot__TraesCAD_scaffold_059086_01G000400","TraesCAD_scaffold_059086_01G000400","protein","C2-",2,"negative"
"prot__TraesCAD_scaffold_095716_01G000100","TraesCAD_scaffold_095716_01G000100","protein","C2-",2,"negative"
"prot__TraesCAD_scaffold_059186_01G000100","TraesCAD_scaffold_059186_01G000100","protein","C2-",2,"negative"
"prot__TraesCAD_scaffold_059187_01G000100","TraesCAD_scaffold_059187_01G000100","protein","C1+",1,"positive"
"prot__TraesCAD_scaffold_059213_01G000200","TraesCAD_scaffold_059213_01G000200","protein","C1+",1,"positive"
"prot__TraesCAD_scaffold_059262_01G000200","TraesCAD_scaffold_059262_01G000200","protein","C1-",1,"negative"
"prot__TraesCAD_scaffold_059289_01G000200","TraesCAD_scaffold_059289_01G000200","protein","C1-",1,"negative"
"prot__TraesCAD_scaffold_076444_01G000100","TraesCAD_scaffold_076444_01G000100","protein","C2-",2,"negative"
"prot__TraesCAD_scaffold_059375_01G000100","TraesCAD_scaffold_059375_01G000100","protein","C2+",2,"positive"
"prot__TraesCAD_scaffold_059421_01G000200","TraesCAD_scaffold_059421_01G000200","protein","C1+",1,"positive"
"prot__TraesCAD_scaffold_059481_01G000100","TraesCAD_scaffold_059481_01G000100","protein","C2-",2,"negative"
"prot__TraesCAD_scaffold_059485_01G000400","TraesCAD_scaffold_059485_01G000400","protein","C1-",1,"negative"
"prot__TraesCAD_scaffold_135637_01G000100","TraesCAD_scaffold_135637_01G000100","protein","C2-",2,"negative"
"prot__TraesCAD_scaffold_059522_01G000100","TraesCAD_scaffold_059522_01G000100","protein","C1+",1,"positive"
"prot__TraesCAD_scaffold_059529_01G000100","TraesCAD_scaffold_059529_01G000100","protein","C2-",2,"negative"
"prot__TraesCAD_scaffold_059536_01G000100","TraesCAD_scaffold_059536_01G000100","protein","C2-",2,"negative"
"prot__TraesCAD_scaffold_059596_01G000100","TraesCAD_scaffold_059596_01G000100","protein","C1+",1,"positive"
"prot__TraesCAD_scaffold_059664_01G000200","TraesCAD_scaffold_059664_01G000200","protein","C1+",1,"positive"
"prot__TraesCAD_scaffold_059685_01G000400","TraesCAD_scaffold_059685_01G000400","protein","C1+",1,"positive"
"prot__TraesCAD_scaffold_059686_01G000100","TraesCAD_scaffold_059686_01G000100","protein","C2-",2,"negative"
"prot__TraesCAD_scaffold_059777_01G000200","TraesCAD_scaffold_059777_01G000200","protein","C1+",1,"positive"
"prot__TraesCAD_scaffold_059799_01G000100","TraesCAD_scaffold_059799_01G000100","protein","C2-",2,"negative"
"prot__TraesCAD_scaffold_059919_01G000200","TraesCAD_scaffold_059919_01G000200","protein","C2-",2,"negative"
"prot__TraesCAD_scaffold_060060_01G000200","TraesCAD_scaffold_060060_01G000200","protein","C2-",2,"negative"
"prot__TraesCAD_scaffold_060097_01G000100","TraesCAD_scaffold_060097_01G000100","protein","C1+",1,"positive"
"prot__TraesCAD_scaffold_083087_01G000200","TraesCAD_scaffold_083087_01G000200","protein","C1+",1,"positive"
"prot__TraesCAD_scaffold_060265_01G000100","TraesCAD_scaffold_060265_01G000100","protein","C1-",1,"negative"
"prot__TraesCAD_scaffold_071534_01G000100","TraesCAD_scaffold_071534_01G000100","protein","C1+",1,"positive"
"prot__TraesCAD_scaffold_060424_01G000500","TraesCAD_scaffold_060424_01G000500","protein","C1-",1,"negative"
"prot__TraesCAD_scaffold_060493_01G000200","TraesCAD_scaffold_060493_01G000200","protein","C2+",2,"positive"
"prot__TraesCAD_scaffold_060576_01G000100","TraesCAD_scaffold_060576_01G000100","protein","C1+",1,"positive"
"prot__TraesCAD_scaffold_060643_01G000300","TraesCAD_scaffold_060643_01G000300","protein","C1+",1,"positive"
"prot__TraesCAD_scaffold_060683_01G000200","TraesCAD_scaffold_060683_01G000200","protein","C1+",1,"positive"
"prot__TraesCAD_scaffold_075416_01G000300","TraesCAD_scaffold_075416_01G000300","protein","C1+",1,"positive"
"prot__TraesCAD_scaffold_060693_01G000200","TraesCAD_scaffold_060693_01G000200","protein","C1-",1,"negative"
"prot__TraesCAD_scaffold_060710_01G000200","TraesCAD_scaffold_060710_01G000200","protein","C1+",1,"positive"
"prot__TraesCAD_scaffold_060817_01G000400","TraesCAD_scaffold_060817_01G000400","protein","C2-",2,"negative"
"prot__TraesCAD_scaffold_085533_01G000100","TraesCAD_scaffold_085533_01G000100","protein","C1+",1,"positive"
"prot__TraesCAD_scaffold_060918_01G000200","TraesCAD_scaffold_060918_01G000200","protein","C1-",1,"negative"
"prot__TraesCAD_scaffold_060958_01G000300","TraesCAD_scaffold_060958_01G000300","protein","C1-",1,"negative"
"prot__TraesCAD_scaffold_060977_01G000200","TraesCAD_scaffold_060977_01G000200","protein","C1-",1,"negative"
"prot__TraesCAD_scaffold_061018_01G000400","TraesCAD_scaffold_061018_01G000400","protein","C1+",1,"positive"
"prot__TraesCAD_scaffold_061122_01G000200","TraesCAD_scaffold_061122_01G000200","protein","C2-",2,"negative"
"prot__TraesCAD_scaffold_061152_01G000100","TraesCAD_scaffold_061152_01G000100","protein","C2-",2,"negative"
"prot__TraesCAD_scaffold_061154_01G000100","TraesCAD_scaffold_061154_01G000100","protein","C2-",2,"negative"
"prot__TraesCAD_scaffold_130320_01G000400","TraesCAD_scaffold_130320_01G000400","protein","C1+",1,"positive"
"prot__TraesCAD_scaffold_061233_01G000100","TraesCAD_scaffold_061233_01G000100","protein","C1-",1,"negative"
"prot__TraesCAD_scaffold_061318_01G000200","TraesCAD_scaffold_061318_01G000200","protein","C1+",1,"positive"
"prot__TraesCAD_scaffold_062535_01G000200","TraesCAD_scaffold_062535_01G000200","protein","C1+",1,"positive"
"prot__TraesCAD_scaffold_061524_01G000100","TraesCAD_scaffold_061524_01G000100","protein","C1-",1,"negative"
"prot__TraesCAD_scaffold_061524_01G000200","TraesCAD_scaffold_061524_01G000200","protein","C1-",1,"negative"
"prot__TraesCAD_scaffold_061538_01G000100","TraesCAD_scaffold_061538_01G000100","protein","C1-",1,"negative"
"prot__TraesCAD_scaffold_093855_01G000100","TraesCAD_scaffold_093855_01G000100","protein","C1-",1,"negative"
"prot__TraesCAD_scaffold_108891_01G000100","TraesCAD_scaffold_108891_01G000100","protein","C2-",2,"negative"
"prot__TraesCAD_scaffold_061622_01G000400","TraesCAD_scaffold_061622_01G000400","protein","C1+",1,"positive"
"prot__TraesCAD_scaffold_061673_01G000100","TraesCAD_scaffold_061673_01G000100","protein","C2-",2,"negative"
"prot__TraesCAD_scaffold_061673_01G000200","TraesCAD_scaffold_061673_01G000200","protein","C2+",2,"positive"
"prot__TraesCAD_scaffold_100158_01G000300","TraesCAD_scaffold_100158_01G000300","protein","C1+",1,"positive"
"prot__TraesCAD_scaffold_061818_01G000100","TraesCAD_scaffold_061818_01G000100","protein","C2-",2,"negative"
"prot__TraesCAD_scaffold_061872_01G000400","TraesCAD_scaffold_061872_01G000400","protein","C1-",1,"negative"
"prot__TraesCAD_scaffold_061885_01G000200","TraesCAD_scaffold_061885_01G000200","protein","C1+",1,"positive"
"prot__TraesCAD_scaffold_061885_01G000500","TraesCAD_scaffold_061885_01G000500","protein","C1+",1,"positive"
"prot__TraesCAD_scaffold_061970_01G000200","TraesCAD_scaffold_061970_01G000200","protein","C1-",1,"negative"
"prot__TraesCAD_scaffold_061976_01G000100","TraesCAD_scaffold_061976_01G000100","protein","C1+",1,"positive"
"prot__TraesCAD_scaffold_061983_01G000200","TraesCAD_scaffold_061983_01G000200","protein","C1-",1,"negative"
"prot__TraesCAD_scaffold_061996_01G000100","TraesCAD_scaffold_061996_01G000100","protein","C1-",1,"negative"
"prot__TraesCAD_scaffold_062039_01G000200","TraesCAD_scaffold_062039_01G000200","protein","C2-",2,"negative"
"prot__TraesCAD_scaffold_062102_01G000500","TraesCAD_scaffold_062102_01G000500","protein","C1+",1,"positive"
"prot__TraesCAD_scaffold_094565_01G000100","TraesCAD_scaffold_094565_01G000100","protein","C2-",2,"negative"
"prot__TraesCAD_scaffold_062154_01G000100","TraesCAD_scaffold_062154_01G000100","protein","C1+",1,"positive"
"prot__TraesCAD_scaffold_062199_01G000200","TraesCAD_scaffold_062199_01G000200","protein","C2+",2,"positive"
"prot__TraesCAD_scaffold_062211_01G000100","TraesCAD_scaffold_062211_01G000100","protein","C1-",1,"negative"
"prot__TraesCAD_scaffold_062254_01G000200","TraesCAD_scaffold_062254_01G000200","protein","C1-",1,"negative"
"prot__TraesCAD_scaffold_062310_01G000200","TraesCAD_scaffold_062310_01G000200","protein","C2-",2,"negative"
"prot__TraesCAD_scaffold_062404_01G000400","TraesCAD_scaffold_062404_01G000400","protein","C1+",1,"positive"
"prot__TraesCAD_scaffold_062445_01G000100","TraesCAD_scaffold_062445_01G000100","protein","C1-",1,"negative"
"prot__TraesCAD_scaffold_093814_01G000200","TraesCAD_scaffold_093814_01G000200","protein","C2-",2,"negative"
"prot__TraesCAD_scaffold_067742_01G000100","TraesCAD_scaffold_067742_01G000100","protein","C1-",1,"negative"
"prot__TraesCAD_scaffold_095755_01G000400","TraesCAD_scaffold_095755_01G000400","protein","C2-",2,"negative"
"prot__TraesCAD_scaffold_062607_01G000200","TraesCAD_scaffold_062607_01G000200","protein","C1+",1,"positive"
"prot__TraesCAD_scaffold_062733_01G000200","TraesCAD_scaffold_062733_01G000200","protein","C1+",1,"positive"
"prot__TraesCAD_scaffold_062750_01G000100","TraesCAD_scaffold_062750_01G000100","protein","C1-",1,"negative"
"prot__TraesCAD_scaffold_062775_01G000200","TraesCAD_scaffold_062775_01G000200","protein","C1+",1,"positive"
"prot__TraesCAD_scaffold_062839_01G000100","TraesCAD_scaffold_062839_01G000100","protein","C1+",1,"positive"
"prot__TraesCAD_scaffold_062950_01G000100","TraesCAD_scaffold_062950_01G000100","protein","C1-",1,"negative"
"prot__TraesCAD_scaffold_063047_01G000400","TraesCAD_scaffold_063047_01G000400","protein","C1-",1,"negative"
"prot__TraesCAD_scaffold_063084_01G000100","TraesCAD_scaffold_063084_01G000100","protein","C2-",2,"negative"
"prot__TraesCAD_scaffold_063102_01G000100","TraesCAD_scaffold_063102_01G000100","protein","C1-",1,"negative"
"prot__TraesCAD_scaffold_063114_01G000300","TraesCAD_scaffold_063114_01G000300","protein","C1+",1,"positive"
"prot__TraesCAD_scaffold_063153_01G000100","TraesCAD_scaffold_063153_01G000100","protein","C1-",1,"negative"
"prot__TraesCAD_scaffold_063247_01G000300","TraesCAD_scaffold_063247_01G000300","protein","C2-",2,"negative"
"prot__TraesCAD_scaffold_063284_01G000100","TraesCAD_scaffold_063284_01G000100","protein","C2+",2,"positive"
"prot__TraesCAD_scaffold_063285_01G000100","TraesCAD_scaffold_063285_01G000100","protein","C1+",1,"positive"
"prot__TraesCAD_scaffold_063307_01G000200","TraesCAD_scaffold_063307_01G000200","protein","C2-",2,"negative"
"prot__TraesCAD_scaffold_063363_01G000400","TraesCAD_scaffold_063363_01G000400","protein","C2+",2,"positive"
"prot__TraesCAD_scaffold_063366_01G000300","TraesCAD_scaffold_063366_01G000300","protein","C1+",1,"positive"
"prot__TraesCAD_scaffold_063386_01G000200","TraesCAD_scaffold_063386_01G000200","protein","C1+",1,"positive"
"prot__TraesCAD_scaffold_063405_01G000500","TraesCAD_scaffold_063405_01G000500","protein","C1+",1,"positive"
"prot__TraesCAD_scaffold_063455_01G000100","TraesCAD_scaffold_063455_01G000100","protein","C2+",2,"positive"
"prot__TraesCAD_scaffold_063507_01G000200","TraesCAD_scaffold_063507_01G000200","protein","C1+",1,"positive"
"prot__TraesCAD_scaffold_063553_01G000200","TraesCAD_scaffold_063553_01G000200","protein","C2+",2,"positive"
"prot__TraesCAD_scaffold_066943_01G000100","TraesCAD_scaffold_066943_01G000100","protein","C2-",2,"negative"
"prot__TraesCAD_scaffold_063650_01G000200","TraesCAD_scaffold_063650_01G000200","protein","C1-",1,"negative"
"prot__TraesCAD_scaffold_063672_01G000100","TraesCAD_scaffold_063672_01G000100","protein","C1+",1,"positive"
"prot__TraesCAD_scaffold_063814_01G000100","TraesCAD_scaffold_063814_01G000100","protein","C2-",2,"negative"
"prot__TraesCAD_scaffold_063835_01G000200","TraesCAD_scaffold_063835_01G000200","protein","C2-",2,"negative"
"prot__TraesCAD_scaffold_063877_01G000100","TraesCAD_scaffold_063877_01G000100","protein","C1-",1,"negative"
"prot__TraesCAD_scaffold_063890_01G000100","TraesCAD_scaffold_063890_01G000100","protein","C2-",2,"negative"
"prot__TraesCAD_scaffold_063894_01G000100","TraesCAD_scaffold_063894_01G000100","protein","C2+",2,"positive"
"prot__TraesCAD_scaffold_063917_01G000200","TraesCAD_scaffold_063917_01G000200","protein","C2-",2,"negative"
"prot__TraesCAD_scaffold_063965_01G000100","TraesCAD_scaffold_063965_01G000100","protein","C1+",1,"positive"
"prot__TraesCAD_scaffold_064069_01G000200","TraesCAD_scaffold_064069_01G000200","protein","C1-",1,"negative"
"prot__TraesCAD_scaffold_064095_01G000300","TraesCAD_scaffold_064095_01G000300","protein","C2+",2,"positive"
"prot__TraesCAD_scaffold_064130_01G000200","TraesCAD_scaffold_064130_01G000200","protein","C1+",1,"positive"
"prot__TraesCAD_scaffold_064220_01G000100","TraesCAD_scaffold_064220_01G000100","protein","C1-",1,"negative"
"prot__TraesCAD_scaffold_064227_01G000100","TraesCAD_scaffold_064227_01G000100","protein","C2-",2,"negative"
"prot__TraesCAD_scaffold_064232_01G000100","TraesCAD_scaffold_064232_01G000100","protein","C1+",1,"positive"
"prot__TraesCAD_scaffold_078046_01G000300","TraesCAD_scaffold_078046_01G000300","protein","C2-",2,"negative"
"prot__TraesCAD_scaffold_129999_01G000100","TraesCAD_scaffold_129999_01G000100","protein","C2-",2,"negative"
"prot__TraesCAD_scaffold_080896_01G000100","TraesCAD_scaffold_080896_01G000100","protein","C2-",2,"negative"
"prot__TraesCAD_scaffold_064365_01G000100","TraesCAD_scaffold_064365_01G000100","protein","C1+",1,"positive"
"prot__TraesCAD_scaffold_064398_01G000200","TraesCAD_scaffold_064398_01G000200","protein","C2+",2,"positive"
"prot__TraesCAD_scaffold_064456_01G000100","TraesCAD_scaffold_064456_01G000100","protein","C2-",2,"negative"
"prot__TraesCAD_scaffold_139445_01G000100","TraesCAD_scaffold_139445_01G000100","protein","C2-",2,"negative"
"prot__TraesCAD_scaffold_064501_01G000100","TraesCAD_scaffold_064501_01G000100","protein","C2+",2,"positive"
"prot__TraesCAD_scaffold_064514_01G000200","TraesCAD_scaffold_064514_01G000200","protein","C1+",1,"positive"
"prot__TraesCAD_scaffold_064574_01G000200","TraesCAD_scaffold_064574_01G000200","protein","C1+",1,"positive"
"prot__TraesCAD_scaffold_064587_01G000100","TraesCAD_scaffold_064587_01G000100","protein","C2-",2,"negative"
"prot__TraesCAD_scaffold_069519_01G000100","TraesCAD_scaffold_069519_01G000100","protein","C1-",1,"negative"
"prot__TraesCAD_scaffold_064612_01G000200","TraesCAD_scaffold_064612_01G000200","protein","C1-",1,"negative"
"prot__TraesCAD_scaffold_106985_01G000100","TraesCAD_scaffold_106985_01G000100","protein","C2-",2,"negative"
"prot__TraesCAD_scaffold_064670_01G000300","TraesCAD_scaffold_064670_01G000300","protein","C1+",1,"positive"
"prot__TraesCAD_scaffold_064674_01G000200","TraesCAD_scaffold_064674_01G000200","protein","C2-",2,"negative"
"prot__TraesCAD_scaffold_064754_01G000100","TraesCAD_scaffold_064754_01G000100","protein","C1+",1,"positive"
"prot__TraesCAD_scaffold_087710_01G000100","TraesCAD_scaffold_087710_01G000100","protein","C1+",1,"positive"
"prot__TraesCAD_scaffold_064777_01G000300","TraesCAD_scaffold_064777_01G000300","protein","C2-",2,"negative"
"prot__TraesCAD_scaffold_105089_01G000100","TraesCAD_scaffold_105089_01G000100","protein","C1+",1,"positive"
"prot__TraesCAD_scaffold_064822_01G000200","TraesCAD_scaffold_064822_01G000200","protein","C1+",1,"positive"
"prot__TraesCAD_scaffold_064850_01G000100","TraesCAD_scaffold_064850_01G000100","protein","C1+",1,"positive"
"prot__TraesCAD_scaffold_064856_01G000100","TraesCAD_scaffold_064856_01G000100","protein","C2-",2,"negative"
"prot__TraesCAD_scaffold_064859_01G000100","TraesCAD_scaffold_064859_01G000100","protein","C1+",1,"positive"
"prot__TraesCAD_scaffold_064913_01G000200","TraesCAD_scaffold_064913_01G000200","protein","C1+",1,"positive"
"prot__TraesCAD_scaffold_064935_01G000700","TraesCAD_scaffold_064935_01G000700","protein","C1-",1,"negative"
"prot__TraesCAD_scaffold_064974_01G000100","TraesCAD_scaffold_064974_01G000100","protein","C1+",1,"positive"
"prot__TraesCAD_scaffold_065016_01G000100","TraesCAD_scaffold_065016_01G000100","protein","C2-",2,"negative"
"prot__TraesCAD_scaffold_065035_01G000100","TraesCAD_scaffold_065035_01G000100","protein","C2-",2,"negative"
"prot__TraesCAD_scaffold_065050_01G000100","TraesCAD_scaffold_065050_01G000100","protein","C1+",1,"positive"
"prot__TraesCAD_scaffold_092989_01G000200","TraesCAD_scaffold_092989_01G000200","protein","C1+",1,"positive"
"prot__TraesCAD_scaffold_065091_01G000100","TraesCAD_scaffold_065091_01G000100","protein","C2-",2,"negative"
"prot__TraesCAD_scaffold_065134_01G000500","TraesCAD_scaffold_065134_01G000500","protein","C1-",1,"negative"
"prot__TraesCAD_scaffold_065144_01G000100","TraesCAD_scaffold_065144_01G000100","protein","C1+",1,"positive"
"prot__TraesCAD_scaffold_065243_01G000100","TraesCAD_scaffold_065243_01G000100","protein","C1+",1,"positive"
"prot__TraesCAD_scaffold_065300_01G000100","TraesCAD_scaffold_065300_01G000100","protein","C1+",1,"positive"
"prot__TraesCAD_scaffold_065302_01G000100","TraesCAD_scaffold_065302_01G000100","protein","C1-",1,"negative"
"prot__TraesCAD_scaffold_123597_01G000100","TraesCAD_scaffold_123597_01G000100","protein","C2-",2,"negative"
"prot__TraesCAD_scaffold_065345_01G000400","TraesCAD_scaffold_065345_01G000400","protein","C1-",1,"negative"
"prot__TraesCAD_scaffold_065388_01G000100","TraesCAD_scaffold_065388_01G000100","protein","C1+",1,"positive"
"prot__TraesCAD_scaffold_065458_01G000100","TraesCAD_scaffold_065458_01G000100","protein","C1-",1,"negative"
"prot__TraesCAD_scaffold_090250_01G000100","TraesCAD_scaffold_090250_01G000100","protein","C1+",1,"positive"
"prot__TraesCAD_scaffold_065715_01G000100","TraesCAD_scaffold_065715_01G000100","protein","C1+",1,"positive"
"prot__TraesCAD_scaffold_065740_01G000100","TraesCAD_scaffold_065740_01G000100","protein","C2-",2,"negative"
"prot__TraesCAD_scaffold_065793_01G000100","TraesCAD_scaffold_065793_01G000100","protein","C2-",2,"negative"
"prot__TraesCAD_scaffold_065794_01G000400","TraesCAD_scaffold_065794_01G000400","protein","C1+",1,"positive"
"prot__TraesCAD_scaffold_107683_01G000100","TraesCAD_scaffold_107683_01G000100","protein","C1+",1,"positive"
"prot__TraesCAD_scaffold_065800_01G000100","TraesCAD_scaffold_065800_01G000100","protein","C1+",1,"positive"
"prot__TraesCAD_scaffold_065971_01G000300","TraesCAD_scaffold_065971_01G000300","protein","C2-",2,"negative"
"prot__TraesCAD_scaffold_065987_01G000300","TraesCAD_scaffold_065987_01G000300","protein","C1-",1,"negative"
"prot__TraesCAD_scaffold_066008_01G000400","TraesCAD_scaffold_066008_01G000400","protein","C2-",2,"negative"
"prot__TraesCAD_scaffold_071292_01G000300","TraesCAD_scaffold_071292_01G000300","protein","C1+",1,"positive"
"prot__TraesCAD_scaffold_066057_01G000500","TraesCAD_scaffold_066057_01G000500","protein","C1+",1,"positive"
"prot__TraesCAD_scaffold_066075_01G000200","TraesCAD_scaffold_066075_01G000200","protein","C2-",2,"negative"
"prot__TraesCAD_scaffold_066268_01G000200","TraesCAD_scaffold_066268_01G000200","protein","C1+",1,"positive"
"prot__TraesCAD_scaffold_130290_01G000100","TraesCAD_scaffold_130290_01G000100","protein","C2-",2,"negative"
"prot__TraesCAD_scaffold_066278_01G000100","TraesCAD_scaffold_066278_01G000100","protein","C2+",2,"positive"
"prot__TraesCAD_scaffold_077275_01G000300","TraesCAD_scaffold_077275_01G000300","protein","C1+",1,"positive"
"prot__TraesCAD_scaffold_066364_01G000100","TraesCAD_scaffold_066364_01G000100","protein","C2-",2,"negative"
"prot__TraesCAD_scaffold_073647_01G000100","TraesCAD_scaffold_073647_01G000100","protein","C1-",1,"negative"
"prot__TraesCAD_scaffold_066543_01G000200","TraesCAD_scaffold_066543_01G000200","protein","C2-",2,"negative"
"prot__TraesCAD_scaffold_066581_01G000300","TraesCAD_scaffold_066581_01G000300","protein","C2-",2,"negative"
"prot__TraesCAD_scaffold_066660_01G000600","TraesCAD_scaffold_066660_01G000600","protein","C2+",2,"positive"
"prot__TraesCAD_scaffold_080572_01G000100","TraesCAD_scaffold_080572_01G000100","protein","C1+",1,"positive"
"prot__TraesCAD_scaffold_071100_01G000200","TraesCAD_scaffold_071100_01G000200","protein","C2-",2,"negative"
"prot__TraesCAD_scaffold_066705_01G000100","TraesCAD_scaffold_066705_01G000100","protein","C1+",1,"positive"
"prot__TraesCAD_scaffold_066745_01G000100","TraesCAD_scaffold_066745_01G000100","protein","C1+",1,"positive"
"prot__TraesCAD_scaffold_066745_01G000200","TraesCAD_scaffold_066745_01G000200","protein","C1+",1,"positive"
"prot__TraesCAD_scaffold_066779_01G000300","TraesCAD_scaffold_066779_01G000300","protein","C1+",1,"positive"
"prot__TraesCAD_scaffold_122923_01G000100","TraesCAD_scaffold_122923_01G000100","protein","C1+",1,"positive"
"prot__TraesCAD_scaffold_066867_01G000200","TraesCAD_scaffold_066867_01G000200","protein","C2-",2,"negative"
"prot__TraesCAD_scaffold_066905_01G000200","TraesCAD_scaffold_066905_01G000200","protein","C2-",2,"negative"
"prot__TraesCAD_scaffold_066907_01G000200","TraesCAD_scaffold_066907_01G000200","protein","C2-",2,"negative"
"prot__TraesCAD_scaffold_146811_01G000100","TraesCAD_scaffold_146811_01G000100","protein","C1+",1,"positive"
"prot__TraesCAD_scaffold_105722_01G000100","TraesCAD_scaffold_105722_01G000100","protein","C1-",1,"negative"
"prot__TraesCAD_scaffold_067051_01G000200","TraesCAD_scaffold_067051_01G000200","protein","C1+",1,"positive"
"prot__TraesCAD_scaffold_123814_01G000300","TraesCAD_scaffold_123814_01G000300","protein","C2-",2,"negative"
"prot__TraesCAD_scaffold_067091_01G000200","TraesCAD_scaffold_067091_01G000200","protein","C1-",1,"negative"
"prot__TraesCAD_scaffold_067156_01G000200","TraesCAD_scaffold_067156_01G000200","protein","C2-",2,"negative"
"prot__TraesCAD_scaffold_067158_01G000100","TraesCAD_scaffold_067158_01G000100","protein","C2-",2,"negative"
"prot__TraesCAD_scaffold_067222_01G000100","TraesCAD_scaffold_067222_01G000100","protein","C1+",1,"positive"
"prot__TraesCAD_scaffold_067251_01G000200","TraesCAD_scaffold_067251_01G000200","protein","C2-",2,"negative"
"prot__TraesCAD_scaffold_067364_01G000200","TraesCAD_scaffold_067364_01G000200","protein","C1+",1,"positive"
"prot__TraesCAD_scaffold_067416_01G000100","TraesCAD_scaffold_067416_01G000100","protein","C2-",2,"negative"
"prot__TraesCAD_scaffold_067442_01G000200","TraesCAD_scaffold_067442_01G000200","protein","C1-",1,"negative"
"prot__TraesCAD_scaffold_067632_01G000100","TraesCAD_scaffold_067632_01G000100","protein","C2-",2,"negative"
"prot__TraesCAD_scaffold_067639_01G000100","TraesCAD_scaffold_067639_01G000100","protein","C1-",1,"negative"
"prot__TraesCAD_scaffold_067689_01G000100","TraesCAD_scaffold_067689_01G000100","protein","C2-",2,"negative"
"prot__TraesCAD_scaffold_067693_01G000100","TraesCAD_scaffold_067693_01G000100","protein","C2-",2,"negative"
"prot__TraesCAD_scaffold_067723_01G000200","TraesCAD_scaffold_067723_01G000200","protein","C1+",1,"positive"
"prot__TraesCAD_scaffold_067744_01G000400","TraesCAD_scaffold_067744_01G000400","protein","C1+",1,"positive"
"prot__TraesCAD_scaffold_067744_01G000500","TraesCAD_scaffold_067744_01G000500","protein","C1+",1,"positive"
"prot__TraesCAD_scaffold_067785_01G000200","TraesCAD_scaffold_067785_01G000200","protein","C2-",2,"negative"
"prot__TraesCAD_scaffold_067839_01G000100","TraesCAD_scaffold_067839_01G000100","protein","C2-",2,"negative"
"prot__TraesCAD_scaffold_067841_01G000200","TraesCAD_scaffold_067841_01G000200","protein","C1+",1,"positive"
"prot__TraesCAD_scaffold_067886_01G000100","TraesCAD_scaffold_067886_01G000100","protein","C2-",2,"negative"
"prot__TraesCAD_scaffold_067971_01G000100","TraesCAD_scaffold_067971_01G000100","protein","C1+",1,"positive"
"prot__TraesCAD_scaffold_067979_01G000200","TraesCAD_scaffold_067979_01G000200","protein","C2+",2,"positive"
"prot__TraesCAD_scaffold_068052_01G000300","TraesCAD_scaffold_068052_01G000300","protein","C1+",1,"positive"
"prot__TraesCAD_scaffold_068092_01G000100","TraesCAD_scaffold_068092_01G000100","protein","C1+",1,"positive"
"prot__TraesCAD_scaffold_120469_01G000200","TraesCAD_scaffold_120469_01G000200","protein","C1-",1,"negative"
"prot__TraesCAD_scaffold_068184_01G000100","TraesCAD_scaffold_068184_01G000100","protein","C1+",1,"positive"
"prot__TraesCAD_scaffold_068235_01G000200","TraesCAD_scaffold_068235_01G000200","protein","C1+",1,"positive"
"prot__TraesCAD_scaffold_068300_01G000100","TraesCAD_scaffold_068300_01G000100","protein","C1-",1,"negative"
"prot__TraesCAD_scaffold_103647_01G000100","TraesCAD_scaffold_103647_01G000100","protein","C2+",2,"positive"
"prot__TraesCAD_scaffold_068367_01G000100","TraesCAD_scaffold_068367_01G000100","protein","C1+",1,"positive"
"prot__TraesCAD_scaffold_068409_01G000100","TraesCAD_scaffold_068409_01G000100","protein","C1+",1,"positive"
"prot__TraesCAD_scaffold_068453_01G000200","TraesCAD_scaffold_068453_01G000200","protein","C1+",1,"positive"
"prot__TraesCAD_scaffold_068592_01G000100","TraesCAD_scaffold_068592_01G000100","protein","C1+",1,"positive"
"prot__TraesCAD_scaffold_068602_01G000200","TraesCAD_scaffold_068602_01G000200","protein","C1+",1,"positive"
"prot__TraesCAD_scaffold_068638_01G000100","TraesCAD_scaffold_068638_01G000100","protein","C1+",1,"positive"
"prot__TraesCAD_scaffold_068732_01G000100","TraesCAD_scaffold_068732_01G000100","protein","C2+",2,"positive"
"prot__TraesCAD_scaffold_076549_01G000100","TraesCAD_scaffold_076549_01G000100","protein","C1+",1,"positive"
"prot__TraesCAD_scaffold_068773_01G000100","TraesCAD_scaffold_068773_01G000100","protein","C2-",2,"negative"
"prot__TraesCAD_scaffold_068826_01G000100","TraesCAD_scaffold_068826_01G000100","protein","C1-",1,"negative"
"prot__TraesCAD_scaffold_068862_01G000100","TraesCAD_scaffold_068862_01G000100","protein","C2+",2,"positive"
"prot__TraesCAD_scaffold_068863_01G000400","TraesCAD_scaffold_068863_01G000400","protein","C1-",1,"negative"
"prot__TraesCAD_scaffold_068889_01G000300","TraesCAD_scaffold_068889_01G000300","protein","C1+",1,"positive"
"prot__TraesCAD_scaffold_068958_01G000300","TraesCAD_scaffold_068958_01G000300","protein","C2-",2,"negative"
"prot__TraesCAD_scaffold_069074_01G000300","TraesCAD_scaffold_069074_01G000300","protein","C1+",1,"positive"
"prot__TraesCAD_scaffold_069169_01G000100","TraesCAD_scaffold_069169_01G000100","protein","C1-",1,"negative"
"prot__TraesCAD_scaffold_069169_01G000200","TraesCAD_scaffold_069169_01G000200","protein","C1-",1,"negative"
"prot__TraesCAD_scaffold_069171_01G000100","TraesCAD_scaffold_069171_01G000100","protein","C2-",2,"negative"
"prot__TraesCAD_scaffold_069231_01G000100","TraesCAD_scaffold_069231_01G000100","protein","C1+",1,"positive"
"prot__TraesCAD_scaffold_069338_01G000200","TraesCAD_scaffold_069338_01G000200","protein","C2-",2,"negative"
"prot__TraesCAD_scaffold_069365_01G000300","TraesCAD_scaffold_069365_01G000300","protein","C2-",2,"negative"
"prot__TraesCAD_scaffold_069460_01G000100","TraesCAD_scaffold_069460_01G000100","protein","C2+",2,"positive"
"prot__TraesCAD_scaffold_069524_01G000300","TraesCAD_scaffold_069524_01G000300","protein","C1+",1,"positive"
"prot__TraesCAD_scaffold_069714_01G000200","TraesCAD_scaffold_069714_01G000200","protein","C2-",2,"negative"
"prot__TraesCAD_scaffold_069741_01G000100","TraesCAD_scaffold_069741_01G000100","protein","C1+",1,"positive"
"prot__TraesCAD_scaffold_069763_01G000200","TraesCAD_scaffold_069763_01G000200","protein","C1-",1,"negative"
"prot__TraesCAD_scaffold_069828_01G000100","TraesCAD_scaffold_069828_01G000100","protein","C1+",1,"positive"
"prot__TraesCAD_scaffold_069832_01G000300","TraesCAD_scaffold_069832_01G000300","protein","C1+",1,"positive"
"prot__TraesCAD_scaffold_069842_01G000200","TraesCAD_scaffold_069842_01G000200","protein","C1-",1,"negative"
"prot__TraesCAD_scaffold_069972_01G000200","TraesCAD_scaffold_069972_01G000200","protein","C1-",1,"negative"
"prot__TraesCAD_scaffold_070023_01G000200","TraesCAD_scaffold_070023_01G000200","protein","C1+",1,"positive"
"prot__TraesCAD_scaffold_070045_01G000100","TraesCAD_scaffold_070045_01G000100","protein","C2-",2,"negative"
"prot__TraesCAD_scaffold_070053_01G000200","TraesCAD_scaffold_070053_01G000200","protein","C1-",1,"negative"
"prot__TraesCAD_scaffold_070076_01G000100","TraesCAD_scaffold_070076_01G000100","protein","C1-",1,"negative"
"prot__TraesCAD_scaffold_070133_01G000100","TraesCAD_scaffold_070133_01G000100","protein","C2-",2,"negative"
"prot__TraesCAD_scaffold_070188_01G000300","TraesCAD_scaffold_070188_01G000300","protein","C1+",1,"positive"
"prot__TraesCAD_scaffold_070268_01G000200","TraesCAD_scaffold_070268_01G000200","protein","C2+",2,"positive"
"prot__TraesCAD_scaffold_070282_01G000100","TraesCAD_scaffold_070282_01G000100","protein","C1-",1,"negative"
"prot__TraesCAD_scaffold_070354_01G000100","TraesCAD_scaffold_070354_01G000100","protein","C1+",1,"positive"
"prot__TraesCAD_scaffold_070364_01G000100","TraesCAD_scaffold_070364_01G000100","protein","C2+",2,"positive"
"prot__TraesCAD_scaffold_070409_01G000300","TraesCAD_scaffold_070409_01G000300","protein","C1+",1,"positive"
"prot__TraesCAD_scaffold_070442_01G000200","TraesCAD_scaffold_070442_01G000200","protein","C1-",1,"negative"
"prot__TraesCAD_scaffold_070594_01G000200","TraesCAD_scaffold_070594_01G000200","protein","C2+",2,"positive"
"prot__TraesCAD_scaffold_070666_01G000100","TraesCAD_scaffold_070666_01G000100","protein","C2-",2,"negative"
"prot__TraesCAD_scaffold_070726_01G000200","TraesCAD_scaffold_070726_01G000200","protein","C2-",2,"negative"
"prot__TraesCAD_scaffold_070746_01G000300","TraesCAD_scaffold_070746_01G000300","protein","C1-",1,"negative"
"prot__TraesCAD_scaffold_106246_01G000200","TraesCAD_scaffold_106246_01G000200","protein","C2-",2,"negative"
"prot__TraesCAD_scaffold_070793_01G000100","TraesCAD_scaffold_070793_01G000100","protein","C2-",2,"negative"
"prot__TraesCAD_scaffold_070869_01G000100","TraesCAD_scaffold_070869_01G000100","protein","C2-",2,"negative"
"prot__TraesCAD_scaffold_113445_01G000100","TraesCAD_scaffold_113445_01G000100","protein","C2-",2,"negative"
"prot__TraesCAD_scaffold_070883_01G000200","TraesCAD_scaffold_070883_01G000200","protein","C2-",2,"negative"
"prot__TraesCAD_scaffold_094300_01G000100","TraesCAD_scaffold_094300_01G000100","protein","C1-",1,"negative"
"prot__TraesCAD_scaffold_070993_01G000300","TraesCAD_scaffold_070993_01G000300","protein","C2+",2,"positive"
"prot__TraesCAD_scaffold_071025_01G000200","TraesCAD_scaffold_071025_01G000200","protein","C1-",1,"negative"
"prot__TraesCAD_scaffold_071125_01G000100","TraesCAD_scaffold_071125_01G000100","protein","C1+",1,"positive"
"prot__TraesCAD_scaffold_071173_01G000100","TraesCAD_scaffold_071173_01G000100","protein","C2-",2,"negative"
"prot__TraesCAD_scaffold_071175_01G000100","TraesCAD_scaffold_071175_01G000100","protein","C1+",1,"positive"
"prot__TraesCAD_scaffold_071204_01G000100","TraesCAD_scaffold_071204_01G000100","protein","C1-",1,"negative"
"prot__TraesCAD_scaffold_093129_01G000100","TraesCAD_scaffold_093129_01G000100","protein","C1+",1,"positive"
"prot__TraesCAD_scaffold_071314_01G000100","TraesCAD_scaffold_071314_01G000100","protein","C1-",1,"negative"
"prot__TraesCAD_scaffold_071354_01G000100","TraesCAD_scaffold_071354_01G000100","protein","C1+",1,"positive"
"prot__TraesCAD_scaffold_071382_01G000100","TraesCAD_scaffold_071382_01G000100","protein","C2-",2,"negative"
"prot__TraesCAD_scaffold_071389_01G000100","TraesCAD_scaffold_071389_01G000100","protein","C2-",2,"negative"
"prot__TraesCAD_scaffold_071521_01G000100","TraesCAD_scaffold_071521_01G000100","protein","C1-",1,"negative"
"prot__TraesCAD_scaffold_071547_01G000100","TraesCAD_scaffold_071547_01G000100","protein","C1-",1,"negative"
"prot__TraesCAD_scaffold_071560_01G000300","TraesCAD_scaffold_071560_01G000300","protein","C1+",1,"positive"
"prot__TraesCAD_scaffold_071569_01G000300","TraesCAD_scaffold_071569_01G000300","protein","C2-",2,"negative"
"prot__TraesCAD_scaffold_071601_01G000100","TraesCAD_scaffold_071601_01G000100","protein","C2+",2,"positive"
"prot__TraesCAD_scaffold_071648_01G000400","TraesCAD_scaffold_071648_01G000400","protein","C2-",2,"negative"
"prot__TraesCAD_scaffold_071669_01G000200","TraesCAD_scaffold_071669_01G000200","protein","C1+",1,"positive"
"prot__TraesCAD_scaffold_071725_01G000200","TraesCAD_scaffold_071725_01G000200","protein","C2+",2,"positive"
"prot__TraesCAD_scaffold_071742_01G000200","TraesCAD_scaffold_071742_01G000200","protein","C2-",2,"negative"
"prot__TraesCAD_scaffold_103730_01G000200","TraesCAD_scaffold_103730_01G000200","protein","C1+",1,"positive"
"prot__TraesCAD_scaffold_071801_01G000200","TraesCAD_scaffold_071801_01G000200","protein","C1+",1,"positive"
"prot__TraesCAD_scaffold_071857_01G000100","TraesCAD_scaffold_071857_01G000100","protein","C1-",1,"negative"
"prot__TraesCAD_scaffold_071907_01G000300","TraesCAD_scaffold_071907_01G000300","protein","C2-",2,"negative"
"prot__TraesCAD_scaffold_071925_01G000100","TraesCAD_scaffold_071925_01G000100","protein","C1+",1,"positive"
"prot__TraesCAD_scaffold_071942_01G000200","TraesCAD_scaffold_071942_01G000200","protein","C1+",1,"positive"
"prot__TraesCAD_scaffold_072111_01G000200","TraesCAD_scaffold_072111_01G000200","protein","C2-",2,"negative"
"prot__TraesCAD_scaffold_072217_01G000300","TraesCAD_scaffold_072217_01G000300","protein","C1+",1,"positive"
"prot__TraesCAD_scaffold_072286_01G000100","TraesCAD_scaffold_072286_01G000100","protein","C1+",1,"positive"
"prot__TraesCAD_scaffold_072302_01G000100","TraesCAD_scaffold_072302_01G000100","protein","C1-",1,"negative"
"prot__TraesCAD_scaffold_072342_01G000100","TraesCAD_scaffold_072342_01G000100","protein","C1+",1,"positive"
"prot__TraesCAD_scaffold_072347_01G000100","TraesCAD_scaffold_072347_01G000100","protein","C1+",1,"positive"
"prot__TraesCAD_scaffold_072376_01G000300","TraesCAD_scaffold_072376_01G000300","protein","C2-",2,"negative"
"prot__TraesCAD_scaffold_072450_01G000100","TraesCAD_scaffold_072450_01G000100","protein","C1+",1,"positive"
"prot__TraesCAD_scaffold_072456_01G000100","TraesCAD_scaffold_072456_01G000100","protein","C1+",1,"positive"
"prot__TraesCAD_scaffold_072463_01G000300","TraesCAD_scaffold_072463_01G000300","protein","C2-",2,"negative"
"prot__TraesCAD_scaffold_072501_01G000100","TraesCAD_scaffold_072501_01G000100","protein","C1-",1,"negative"
"prot__TraesCAD_scaffold_072512_01G000100","TraesCAD_scaffold_072512_01G000100","protein","C1-",1,"negative"
"prot__TraesCAD_scaffold_072583_01G000200","TraesCAD_scaffold_072583_01G000200","protein","C1-",1,"negative"
"prot__TraesCAD_scaffold_072619_01G000300","TraesCAD_scaffold_072619_01G000300","protein","C1+",1,"positive"
"prot__TraesCAD_scaffold_072632_01G000200","TraesCAD_scaffold_072632_01G000200","protein","C1+",1,"positive"
"prot__TraesCAD_scaffold_072677_01G000300","TraesCAD_scaffold_072677_01G000300","protein","C1-",1,"negative"
"prot__TraesCAD_scaffold_111072_01G000100","TraesCAD_scaffold_111072_01G000100","protein","C2-",2,"negative"
"prot__TraesCAD_scaffold_085175_01G000200","TraesCAD_scaffold_085175_01G000200","protein","C1+",1,"positive"
"prot__TraesCAD_scaffold_072929_01G000100","TraesCAD_scaffold_072929_01G000100","protein","C2-",2,"negative"
"prot__TraesCAD_scaffold_072952_01G000100","TraesCAD_scaffold_072952_01G000100","protein","C1+",1,"positive"
"prot__TraesCAD_scaffold_073077_01G000100","TraesCAD_scaffold_073077_01G000100","protein","C2-",2,"negative"
"prot__TraesCAD_scaffold_142807_01G000200","TraesCAD_scaffold_142807_01G000200","protein","C1-",1,"negative"
"prot__TraesCAD_scaffold_073138_01G000100","TraesCAD_scaffold_073138_01G000100","protein","C2+",2,"positive"
"prot__TraesCAD_scaffold_073283_01G000200","TraesCAD_scaffold_073283_01G000200","protein","C2-",2,"negative"
"prot__TraesCAD_scaffold_073325_01G000100","TraesCAD_scaffold_073325_01G000100","protein","C1+",1,"positive"
"prot__TraesCAD_scaffold_073518_01G000200","TraesCAD_scaffold_073518_01G000200","protein","C1+",1,"positive"
"prot__TraesCAD_scaffold_073541_01G000200","TraesCAD_scaffold_073541_01G000200","protein","C1+",1,"positive"
"prot__TraesCAD_scaffold_073628_01G000200","TraesCAD_scaffold_073628_01G000200","protein","C2-",2,"negative"
"prot__TraesCAD_scaffold_073703_01G000100","TraesCAD_scaffold_073703_01G000100","protein","C2-",2,"negative"
"prot__TraesCAD_scaffold_073750_01G000200","TraesCAD_scaffold_073750_01G000200","protein","C1-",1,"negative"
"prot__TraesCAD_scaffold_076598_01G000300","TraesCAD_scaffold_076598_01G000300","protein","C2-",2,"negative"
"prot__TraesCAD_scaffold_073784_01G000200","TraesCAD_scaffold_073784_01G000200","protein","C1+",1,"positive"
"prot__TraesCAD_scaffold_073813_01G000100","TraesCAD_scaffold_073813_01G000100","protein","C1-",1,"negative"
"prot__TraesCAD_scaffold_073823_01G000100","TraesCAD_scaffold_073823_01G000100","protein","C2-",2,"negative"
"prot__TraesCAD_scaffold_073893_01G000100","TraesCAD_scaffold_073893_01G000100","protein","C2+",2,"positive"
"prot__TraesCAD_scaffold_073993_01G000100","TraesCAD_scaffold_073993_01G000100","protein","C2-",2,"negative"
"prot__TraesCAD_scaffold_074237_01G000100","TraesCAD_scaffold_074237_01G000100","protein","C1+",1,"positive"
"prot__TraesCAD_scaffold_074246_01G000100","TraesCAD_scaffold_074246_01G000100","protein","C1-",1,"negative"
"prot__TraesCAD_scaffold_074386_01G000100","TraesCAD_scaffold_074386_01G000100","protein","C2-",2,"negative"
"prot__TraesCAD_scaffold_106324_01G000100","TraesCAD_scaffold_106324_01G000100","protein","C2+",2,"positive"
"prot__TraesCAD_scaffold_074546_01G000200","TraesCAD_scaffold_074546_01G000200","protein","C1+",1,"positive"
"prot__TraesCAD_scaffold_074603_01G000200","TraesCAD_scaffold_074603_01G000200","protein","C2+",2,"positive"
"prot__TraesCAD_scaffold_074677_01G000100","TraesCAD_scaffold_074677_01G000100","protein","C2-",2,"negative"
"prot__TraesCAD_scaffold_074684_01G000100","TraesCAD_scaffold_074684_01G000100","protein","C1+",1,"positive"
"prot__TraesCAD_scaffold_093701_01G000100","TraesCAD_scaffold_093701_01G000100","protein","C1-",1,"negative"
"prot__TraesCAD_scaffold_099011_01G000100","TraesCAD_scaffold_099011_01G000100","protein","C2-",2,"negative"
"prot__TraesCAD_scaffold_134875_01G000300","TraesCAD_scaffold_134875_01G000300","protein","C1+",1,"positive"
"prot__TraesCAD_scaffold_074986_01G000100","TraesCAD_scaffold_074986_01G000100","protein","C2-",2,"negative"
"prot__TraesCAD_scaffold_075270_01G000200","TraesCAD_scaffold_075270_01G000200","protein","C2-",2,"negative"
"prot__TraesCAD_scaffold_075321_01G000100","TraesCAD_scaffold_075321_01G000100","protein","C1+",1,"positive"
"prot__TraesCAD_scaffold_075350_01G000100","TraesCAD_scaffold_075350_01G000100","protein","C1+",1,"positive"
"prot__TraesCAD_scaffold_075358_01G000100","TraesCAD_scaffold_075358_01G000100","protein","C1+",1,"positive"
"prot__TraesCAD_scaffold_075364_01G000300","TraesCAD_scaffold_075364_01G000300","protein","C1+",1,"positive"
"prot__TraesCAD_scaffold_075409_01G000100","TraesCAD_scaffold_075409_01G000100","protein","C2-",2,"negative"
"prot__TraesCAD_scaffold_075511_01G000100","TraesCAD_scaffold_075511_01G000100","protein","C1-",1,"negative"
"prot__TraesCAD_scaffold_075589_01G000200","TraesCAD_scaffold_075589_01G000200","protein","C1-",1,"negative"
"prot__TraesCAD_scaffold_075592_01G000100","TraesCAD_scaffold_075592_01G000100","protein","C1-",1,"negative"
"prot__TraesCAD_scaffold_075654_01G000400","TraesCAD_scaffold_075654_01G000400","protein","C1+",1,"positive"
"prot__TraesCAD_scaffold_075659_01G000200","TraesCAD_scaffold_075659_01G000200","protein","C2-",2,"negative"
"prot__TraesCAD_scaffold_091892_01G000100","TraesCAD_scaffold_091892_01G000100","protein","C2+",2,"positive"
"prot__TraesCAD_scaffold_075684_01G000100","TraesCAD_scaffold_075684_01G000100","protein","C2-",2,"negative"
"prot__TraesCAD_scaffold_075753_01G000100","TraesCAD_scaffold_075753_01G000100","protein","C2-",2,"negative"
"prot__TraesCAD_scaffold_117369_01G000300","TraesCAD_scaffold_117369_01G000300","protein","C2-",2,"negative"
"prot__TraesCAD_scaffold_075769_01G000100","TraesCAD_scaffold_075769_01G000100","protein","C2-",2,"negative"
"prot__TraesCAD_scaffold_075828_01G000100","TraesCAD_scaffold_075828_01G000100","protein","C2-",2,"negative"
"prot__TraesCAD_scaffold_075896_01G000200","TraesCAD_scaffold_075896_01G000200","protein","C1-",1,"negative"
"prot__TraesCAD_scaffold_101631_01G000100","TraesCAD_scaffold_101631_01G000100","protein","C1-",1,"negative"
"prot__TraesCAD_scaffold_075961_01G000400","TraesCAD_scaffold_075961_01G000400","protein","C1-",1,"negative"
"prot__TraesCAD_scaffold_075997_01G000100","TraesCAD_scaffold_075997_01G000100","protein","C1-",1,"negative"
"prot__TraesCAD_scaffold_076040_01G000200","TraesCAD_scaffold_076040_01G000200","protein","C1+",1,"positive"
"prot__TraesCAD_scaffold_076086_01G000200","TraesCAD_scaffold_076086_01G000200","protein","C2+",2,"positive"
"prot__TraesCAD_scaffold_076228_01G000200","TraesCAD_scaffold_076228_01G000200","protein","C1-",1,"negative"
"prot__TraesCAD_scaffold_076246_01G000200","TraesCAD_scaffold_076246_01G000200","protein","C1+",1,"positive"
"prot__TraesCAD_scaffold_076285_01G000200","TraesCAD_scaffold_076285_01G000200","protein","C1+",1,"positive"
"prot__TraesCAD_scaffold_140409_01G000100","TraesCAD_scaffold_140409_01G000100","protein","C2-",2,"negative"
"prot__TraesCAD_scaffold_076457_01G000100","TraesCAD_scaffold_076457_01G000100","protein","C1+",1,"positive"
"prot__TraesCAD_scaffold_076466_01G000100","TraesCAD_scaffold_076466_01G000100","protein","C2+",2,"positive"
"prot__TraesCAD_scaffold_076466_01G000500","TraesCAD_scaffold_076466_01G000500","protein","C1+",1,"positive"
"prot__TraesCAD_scaffold_076522_01G000300","TraesCAD_scaffold_076522_01G000300","protein","C2-",2,"negative"
"prot__TraesCAD_scaffold_076533_01G000200","TraesCAD_scaffold_076533_01G000200","protein","C2-",2,"negative"
"prot__TraesCAD_scaffold_102837_01G000100","TraesCAD_scaffold_102837_01G000100","protein","C1-",1,"negative"
"prot__TraesCAD_scaffold_076583_01G000100","TraesCAD_scaffold_076583_01G000100","protein","C2-",2,"negative"
"prot__TraesCAD_scaffold_076583_01G000300","TraesCAD_scaffold_076583_01G000300","protein","C1+",1,"positive"
"prot__TraesCAD_scaffold_076622_01G000400","TraesCAD_scaffold_076622_01G000400","protein","C2-",2,"negative"
"prot__TraesCAD_scaffold_140978_01G000100","TraesCAD_scaffold_140978_01G000100","protein","C1+",1,"positive"
"prot__TraesCAD_scaffold_076753_01G000200","TraesCAD_scaffold_076753_01G000200","protein","C1-",1,"negative"
"prot__TraesCAD_scaffold_076842_01G000200","TraesCAD_scaffold_076842_01G000200","protein","C2-",2,"negative"
"prot__TraesCAD_scaffold_076857_01G000200","TraesCAD_scaffold_076857_01G000200","protein","C2-",2,"negative"
"prot__TraesCAD_scaffold_077025_01G000100","TraesCAD_scaffold_077025_01G000100","protein","C1+",1,"positive"
"prot__TraesCAD_scaffold_090639_01G000300","TraesCAD_scaffold_090639_01G000300","protein","C2-",2,"negative"
"prot__TraesCAD_scaffold_097937_01G000200","TraesCAD_scaffold_097937_01G000200","protein","C1+",1,"positive"
"prot__TraesCAD_scaffold_119837_01G000100","TraesCAD_scaffold_119837_01G000100","protein","C1-",1,"negative"
"prot__TraesCAD_scaffold_077055_01G000100","TraesCAD_scaffold_077055_01G000100","protein","C2-",2,"negative"
"prot__TraesCAD_scaffold_077228_01G000100","TraesCAD_scaffold_077228_01G000100","protein","C1+",1,"positive"
"prot__TraesCAD_scaffold_077272_01G000400","TraesCAD_scaffold_077272_01G000400","protein","C1-",1,"negative"
"prot__TraesCAD_scaffold_077308_01G000400","TraesCAD_scaffold_077308_01G000400","protein","C1-",1,"negative"
"prot__TraesCAD_scaffold_077311_01G000400","TraesCAD_scaffold_077311_01G000400","protein","C2+",2,"positive"
"prot__TraesCAD_scaffold_077355_01G000200","TraesCAD_scaffold_077355_01G000200","protein","C1+",1,"positive"
"prot__TraesCAD_scaffold_077426_01G000400","TraesCAD_scaffold_077426_01G000400","protein","C1-",1,"negative"
"prot__TraesCAD_scaffold_077510_01G000100","TraesCAD_scaffold_077510_01G000100","protein","C2-",2,"negative"
"prot__TraesCAD_scaffold_077582_01G000100","TraesCAD_scaffold_077582_01G000100","protein","C1+",1,"positive"
"prot__TraesCAD_scaffold_077664_01G000200","TraesCAD_scaffold_077664_01G000200","protein","C2-",2,"negative"
"prot__TraesCAD_scaffold_077688_01G000200","TraesCAD_scaffold_077688_01G000200","protein","C1+",1,"positive"
"prot__TraesCAD_scaffold_077714_01G000300","TraesCAD_scaffold_077714_01G000300","protein","C2-",2,"negative"
"prot__TraesCAD_scaffold_077717_01G000300","TraesCAD_scaffold_077717_01G000300","protein","C1+",1,"positive"
"prot__TraesCAD_scaffold_077845_01G000200","TraesCAD_scaffold_077845_01G000200","protein","C2+",2,"positive"
"prot__TraesCAD_scaffold_077985_01G000300","TraesCAD_scaffold_077985_01G000300","protein","C1-",1,"negative"
"prot__TraesCAD_scaffold_077990_01G000100","TraesCAD_scaffold_077990_01G000100","protein","C1-",1,"negative"
"prot__TraesCAD_scaffold_078013_01G000100","TraesCAD_scaffold_078013_01G000100","protein","C1+",1,"positive"
"prot__TraesCAD_scaffold_078060_01G000100","TraesCAD_scaffold_078060_01G000100","protein","C1-",1,"negative"
"prot__TraesCAD_scaffold_078070_01G000200","TraesCAD_scaffold_078070_01G000200","protein","C1+",1,"positive"
"prot__TraesCAD_scaffold_078204_01G000300","TraesCAD_scaffold_078204_01G000300","protein","C2-",2,"negative"
"prot__TraesCAD_scaffold_078205_01G000500","TraesCAD_scaffold_078205_01G000500","protein","C2+",2,"positive"
"prot__TraesCAD_scaffold_078281_01G000100","TraesCAD_scaffold_078281_01G000100","protein","C2-",2,"negative"
"prot__TraesCAD_scaffold_078305_01G000200","TraesCAD_scaffold_078305_01G000200","protein","C2-",2,"negative"
"prot__TraesCAD_scaffold_078396_01G000400","TraesCAD_scaffold_078396_01G000400","protein","C1+",1,"positive"
"prot__TraesCAD_scaffold_078414_01G000200","TraesCAD_scaffold_078414_01G000200","protein","C1-",1,"negative"
"prot__TraesCAD_scaffold_078421_01G000400","TraesCAD_scaffold_078421_01G000400","protein","C2+",2,"positive"
"prot__TraesCAD_scaffold_103756_01G000100","TraesCAD_scaffold_103756_01G000100","protein","C1+",1,"positive"
"prot__TraesCAD_scaffold_078468_01G000200","TraesCAD_scaffold_078468_01G000200","protein","C1-",1,"negative"
"prot__TraesCAD_scaffold_078671_01G000200","TraesCAD_scaffold_078671_01G000200","protein","C2-",2,"negative"
"prot__TraesCAD_scaffold_078673_01G000200","TraesCAD_scaffold_078673_01G000200","protein","C2+",2,"positive"
"prot__TraesCAD_scaffold_078720_01G000100","TraesCAD_scaffold_078720_01G000100","protein","C1+",1,"positive"
"prot__TraesCAD_scaffold_078794_01G000100","TraesCAD_scaffold_078794_01G000100","protein","C2-",2,"negative"
"prot__TraesCAD_scaffold_078796_01G000100","TraesCAD_scaffold_078796_01G000100","protein","C2-",2,"negative"
"prot__TraesCAD_scaffold_078796_01G000200","TraesCAD_scaffold_078796_01G000200","protein","C2-",2,"negative"
"prot__TraesCAD_scaffold_078809_01G000300","TraesCAD_scaffold_078809_01G000300","protein","C2-",2,"negative"
"prot__TraesCAD_scaffold_078812_01G000100","TraesCAD_scaffold_078812_01G000100","protein","C1+",1,"positive"
"prot__TraesCAD_scaffold_078813_01G000100","TraesCAD_scaffold_078813_01G000100","protein","C2-",2,"negative"
"prot__TraesCAD_scaffold_078842_01G000100","TraesCAD_scaffold_078842_01G000100","protein","C1+",1,"positive"
"prot__TraesCAD_scaffold_078874_01G000100","TraesCAD_scaffold_078874_01G000100","protein","C2+",2,"positive"
"prot__TraesCAD_scaffold_078880_01G000100","TraesCAD_scaffold_078880_01G000100","protein","C2-",2,"negative"
"prot__TraesCAD_scaffold_078928_01G000500","TraesCAD_scaffold_078928_01G000500","protein","C1+",1,"positive"
"prot__TraesCAD_scaffold_079074_01G000100","TraesCAD_scaffold_079074_01G000100","protein","C1-",1,"negative"
"prot__TraesCAD_scaffold_079100_01G000100","TraesCAD_scaffold_079100_01G000100","protein","C2-",2,"negative"
"prot__TraesCAD_scaffold_079103_01G000100","TraesCAD_scaffold_079103_01G000100","protein","C2-",2,"negative"
"prot__TraesCAD_scaffold_079196_01G000300","TraesCAD_scaffold_079196_01G000300","protein","C1-",1,"negative"
"prot__TraesCAD_scaffold_079282_01G000300","TraesCAD_scaffold_079282_01G000300","protein","C2-",2,"negative"
"prot__TraesCAD_scaffold_079338_01G000100","TraesCAD_scaffold_079338_01G000100","protein","C2-",2,"negative"
"prot__TraesCAD_scaffold_079338_01G000200","TraesCAD_scaffold_079338_01G000200","protein","C2+",2,"positive"
"prot__TraesCAD_scaffold_079376_01G000100","TraesCAD_scaffold_079376_01G000100","protein","C1+",1,"positive"
"prot__TraesCAD_scaffold_079416_01G000200","TraesCAD_scaffold_079416_01G000200","protein","C1-",1,"negative"
"prot__TraesCAD_scaffold_079475_01G000200","TraesCAD_scaffold_079475_01G000200","protein","C2-",2,"negative"
"prot__TraesCAD_scaffold_079522_01G000100","TraesCAD_scaffold_079522_01G000100","protein","C2-",2,"negative"
"prot__TraesCAD_scaffold_079563_01G000100","TraesCAD_scaffold_079563_01G000100","protein","C2-",2,"negative"
"prot__TraesCAD_scaffold_079581_01G000200","TraesCAD_scaffold_079581_01G000200","protein","C1+",1,"positive"
"prot__TraesCAD_scaffold_079647_01G000200","TraesCAD_scaffold_079647_01G000200","protein","C2-",2,"negative"
"prot__TraesCAD_scaffold_079696_01G000100","TraesCAD_scaffold_079696_01G000100","protein","C1-",1,"negative"
"prot__TraesCAD_scaffold_079699_01G000100","TraesCAD_scaffold_079699_01G000100","protein","C2+",2,"positive"
"prot__TraesCAD_scaffold_079750_01G000300","TraesCAD_scaffold_079750_01G000300","protein","C2-",2,"negative"
"prot__TraesCAD_scaffold_079915_01G000200","TraesCAD_scaffold_079915_01G000200","protein","C2-",2,"negative"
"prot__TraesCAD_scaffold_079928_01G000200","TraesCAD_scaffold_079928_01G000200","protein","C1+",1,"positive"
"prot__TraesCAD_scaffold_079960_01G000300","TraesCAD_scaffold_079960_01G000300","protein","C1+",1,"positive"
"prot__TraesCAD_scaffold_079969_01G000100","TraesCAD_scaffold_079969_01G000100","protein","C2-",2,"negative"
"prot__TraesCAD_scaffold_095755_01G000300","TraesCAD_scaffold_095755_01G000300","protein","C2-",2,"negative"
"prot__TraesCAD_scaffold_080117_01G000100","TraesCAD_scaffold_080117_01G000100","protein","C2-",2,"negative"
"prot__TraesCAD_scaffold_080146_01G000100","TraesCAD_scaffold_080146_01G000100","protein","C1+",1,"positive"
"prot__TraesCAD_scaffold_080164_01G000400","TraesCAD_scaffold_080164_01G000400","protein","C1+",1,"positive"
"prot__TraesCAD_scaffold_080165_01G000200","TraesCAD_scaffold_080165_01G000200","protein","C2-",2,"negative"
"prot__TraesCAD_scaffold_080239_01G000400","TraesCAD_scaffold_080239_01G000400","protein","C1-",1,"negative"
"prot__TraesCAD_scaffold_080248_01G000100","TraesCAD_scaffold_080248_01G000100","protein","C1-",1,"negative"
"prot__TraesCAD_scaffold_080269_01G000200","TraesCAD_scaffold_080269_01G000200","protein","C1+",1,"positive"
"prot__TraesCAD_scaffold_080462_01G000100","TraesCAD_scaffold_080462_01G000100","protein","C2-",2,"negative"
"prot__TraesCAD_scaffold_080475_01G000200","TraesCAD_scaffold_080475_01G000200","protein","C2-",2,"negative"
"prot__TraesCAD_scaffold_080494_01G000100","TraesCAD_scaffold_080494_01G000100","protein","C2-",2,"negative"
"prot__TraesCAD_scaffold_080683_01G000200","TraesCAD_scaffold_080683_01G000200","protein","C2-",2,"negative"
"prot__TraesCAD_scaffold_080759_01G000200","TraesCAD_scaffold_080759_01G000200","protein","C2-",2,"negative"
"prot__TraesCAD_scaffold_080796_01G000100","TraesCAD_scaffold_080796_01G000100","protein","C2+",2,"positive"
"prot__TraesCAD_scaffold_080905_01G000400","TraesCAD_scaffold_080905_01G000400","protein","C2-",2,"negative"
"prot__TraesCAD_scaffold_081002_01G000100","TraesCAD_scaffold_081002_01G000100","protein","C2-",2,"negative"
"prot__TraesCAD_scaffold_081172_01G000100","TraesCAD_scaffold_081172_01G000100","protein","C1+",1,"positive"
"prot__TraesCAD_scaffold_081250_01G000200","TraesCAD_scaffold_081250_01G000200","protein","C1-",1,"negative"
"prot__TraesCAD_scaffold_081516_01G000100","TraesCAD_scaffold_081516_01G000100","protein","C1+",1,"positive"
"prot__TraesCAD_scaffold_081541_01G000100","TraesCAD_scaffold_081541_01G000100","protein","C1+",1,"positive"
"prot__TraesCAD_scaffold_081567_01G000100","TraesCAD_scaffold_081567_01G000100","protein","C1+",1,"positive"
"prot__TraesCAD_scaffold_081579_01G000100","TraesCAD_scaffold_081579_01G000100","protein","C2-",2,"negative"
"prot__TraesCAD_scaffold_081662_01G000300","TraesCAD_scaffold_081662_01G000300","protein","C1+",1,"positive"
"prot__TraesCAD_scaffold_089798_01G000200","TraesCAD_scaffold_089798_01G000200","protein","C1+",1,"positive"
"prot__TraesCAD_scaffold_081756_01G000100","TraesCAD_scaffold_081756_01G000100","protein","C2-",2,"negative"
"prot__TraesCAD_scaffold_081810_01G000400","TraesCAD_scaffold_081810_01G000400","protein","C2-",2,"negative"
"prot__TraesCAD_scaffold_081897_01G000100","TraesCAD_scaffold_081897_01G000100","protein","C1+",1,"positive"
"prot__TraesCAD_scaffold_081919_01G000200","TraesCAD_scaffold_081919_01G000200","protein","C2-",2,"negative"
"prot__TraesCAD_scaffold_081950_01G000200","TraesCAD_scaffold_081950_01G000200","protein","C1+",1,"positive"
"prot__TraesCAD_scaffold_081959_01G000200","TraesCAD_scaffold_081959_01G000200","protein","C2-",2,"negative"
"prot__TraesCAD_scaffold_082018_01G000100","TraesCAD_scaffold_082018_01G000100","protein","C1+",1,"positive"
"prot__TraesCAD_scaffold_082195_01G000100","TraesCAD_scaffold_082195_01G000100","protein","C2-",2,"negative"
"prot__TraesCAD_scaffold_082284_01G000200","TraesCAD_scaffold_082284_01G000200","protein","C2+",2,"positive"
"prot__TraesCAD_scaffold_082285_01G000100","TraesCAD_scaffold_082285_01G000100","protein","C1-",1,"negative"
"prot__TraesCAD_scaffold_082397_01G000100","TraesCAD_scaffold_082397_01G000100","protein","C2-",2,"negative"
"prot__TraesCAD_scaffold_082443_01G000300","TraesCAD_scaffold_082443_01G000300","protein","C2-",2,"negative"
"prot__TraesCAD_scaffold_100336_01G000100","TraesCAD_scaffold_100336_01G000100","protein","C1-",1,"negative"
"prot__TraesCAD_scaffold_082537_01G000100","TraesCAD_scaffold_082537_01G000100","protein","C1-",1,"negative"
"prot__TraesCAD_scaffold_082685_01G000100","TraesCAD_scaffold_082685_01G000100","protein","C1-",1,"negative"
"prot__TraesCAD_scaffold_082692_01G000100","TraesCAD_scaffold_082692_01G000100","protein","C1-",1,"negative"
"prot__TraesCAD_scaffold_090828_01G000100","TraesCAD_scaffold_090828_01G000100","protein","C2+",2,"positive"
"prot__TraesCAD_scaffold_082769_01G000100","TraesCAD_scaffold_082769_01G000100","protein","C2+",2,"positive"
"prot__TraesCAD_scaffold_085820_01G000300","TraesCAD_scaffold_085820_01G000300","protein","C1+",1,"positive"
"prot__TraesCAD_scaffold_082992_01G000200","TraesCAD_scaffold_082992_01G000200","protein","C2-",2,"negative"
"prot__TraesCAD_scaffold_083163_01G000100","TraesCAD_scaffold_083163_01G000100","protein","C2-",2,"negative"
"prot__TraesCAD_scaffold_083170_01G000100","TraesCAD_scaffold_083170_01G000100","protein","C1+",1,"positive"
"prot__TraesCAD_scaffold_091741_01G000100","TraesCAD_scaffold_091741_01G000100","protein","C1+",1,"positive"
"prot__TraesCAD_scaffold_083245_01G000300","TraesCAD_scaffold_083245_01G000300","protein","C1+",1,"positive"
"prot__TraesCAD_scaffold_083311_01G000200","TraesCAD_scaffold_083311_01G000200","protein","C1-",1,"negative"
"prot__TraesCAD_scaffold_083317_01G000300","TraesCAD_scaffold_083317_01G000300","protein","C2-",2,"negative"
"prot__TraesCAD_scaffold_083344_01G000200","TraesCAD_scaffold_083344_01G000200","protein","C1+",1,"positive"
"prot__TraesCAD_scaffold_083384_01G000200","TraesCAD_scaffold_083384_01G000200","protein","C1+",1,"positive"
"prot__TraesCAD_scaffold_083648_01G000200","TraesCAD_scaffold_083648_01G000200","protein","C2-",2,"negative"
"prot__TraesCAD_scaffold_114051_01G000300","TraesCAD_scaffold_114051_01G000300","protein","C2-",2,"negative"
"prot__TraesCAD_scaffold_083772_01G000500","TraesCAD_scaffold_083772_01G000500","protein","C1+",1,"positive"
"prot__TraesCAD_scaffold_083796_01G000100","TraesCAD_scaffold_083796_01G000100","protein","C2+",2,"positive"
"prot__TraesCAD_scaffold_084049_01G000500","TraesCAD_scaffold_084049_01G000500","protein","C2+",2,"positive"
"prot__TraesCAD_scaffold_084103_01G000100","TraesCAD_scaffold_084103_01G000100","protein","C1+",1,"positive"
"prot__TraesCAD_scaffold_084146_01G000100","TraesCAD_scaffold_084146_01G000100","protein","C1-",1,"negative"
"prot__TraesCAD_scaffold_084164_01G000200","TraesCAD_scaffold_084164_01G000200","protein","C1-",1,"negative"
"prot__TraesCAD_scaffold_084262_01G000300","TraesCAD_scaffold_084262_01G000300","protein","C2-",2,"negative"
"prot__TraesCAD_scaffold_084315_01G000100","TraesCAD_scaffold_084315_01G000100","protein","C1-",1,"negative"
"prot__TraesCAD_scaffold_084436_01G000100","TraesCAD_scaffold_084436_01G000100","protein","C2-",2,"negative"
"prot__TraesCAD_scaffold_084459_01G000100","TraesCAD_scaffold_084459_01G000100","protein","C2-",2,"negative"
"prot__TraesCAD_scaffold_084482_01G000100","TraesCAD_scaffold_084482_01G000100","protein","C2-",2,"negative"
"prot__TraesCAD_scaffold_084497_01G000200","TraesCAD_scaffold_084497_01G000200","protein","C2-",2,"negative"
"prot__TraesCAD_scaffold_084516_01G000100","TraesCAD_scaffold_084516_01G000100","protein","C1+",1,"positive"
"prot__TraesCAD_scaffold_084526_01G000100","TraesCAD_scaffold_084526_01G000100","protein","C1-",1,"negative"
"prot__TraesCAD_scaffold_084608_01G000100","TraesCAD_scaffold_084608_01G000100","protein","C1+",1,"positive"
"prot__TraesCAD_scaffold_084785_01G000200","TraesCAD_scaffold_084785_01G000200","protein","C1+",1,"positive"
"prot__TraesCAD_scaffold_084874_01G000100","TraesCAD_scaffold_084874_01G000100","protein","C1+",1,"positive"
"prot__TraesCAD_scaffold_084889_01G000200","TraesCAD_scaffold_084889_01G000200","protein","C1+",1,"positive"
"prot__TraesCAD_scaffold_085115_01G000100","TraesCAD_scaffold_085115_01G000100","protein","C2+",2,"positive"
"prot__TraesCAD_scaffold_085133_01G000100","TraesCAD_scaffold_085133_01G000100","protein","C1+",1,"positive"
"prot__TraesCAD_scaffold_085142_01G000200","TraesCAD_scaffold_085142_01G000200","protein","C2-",2,"negative"
"prot__TraesCAD_scaffold_085142_01G000300","TraesCAD_scaffold_085142_01G000300","protein","C2-",2,"negative"
"prot__TraesCAD_scaffold_085289_01G000200","TraesCAD_scaffold_085289_01G000200","protein","C1-",1,"negative"
"prot__TraesCAD_scaffold_085290_01G000300","TraesCAD_scaffold_085290_01G000300","protein","C2+",2,"positive"
"prot__TraesCAD_scaffold_085386_01G000100","TraesCAD_scaffold_085386_01G000100","protein","C2-",2,"negative"
"prot__TraesCAD_scaffold_085471_01G000100","TraesCAD_scaffold_085471_01G000100","protein","C1+",1,"positive"
"prot__TraesCAD_scaffold_088436_01G000100","TraesCAD_scaffold_088436_01G000100","protein","C2-",2,"negative"
"prot__TraesCAD_scaffold_085614_01G000300","TraesCAD_scaffold_085614_01G000300","protein","C1+",1,"positive"
"prot__TraesCAD_scaffold_085671_01G000100","TraesCAD_scaffold_085671_01G000100","protein","C2-",2,"negative"
"prot__TraesCAD_scaffold_085800_01G000100","TraesCAD_scaffold_085800_01G000100","protein","C2-",2,"negative"
"prot__TraesCAD_scaffold_085818_01G000200","TraesCAD_scaffold_085818_01G000200","protein","C2-",2,"negative"
"prot__TraesCAD_scaffold_085889_01G000100","TraesCAD_scaffold_085889_01G000100","protein","C1-",1,"negative"
"prot__TraesCAD_scaffold_085910_01G000200","TraesCAD_scaffold_085910_01G000200","protein","C1+",1,"positive"
"prot__TraesCAD_scaffold_170785_01G000100","TraesCAD_scaffold_170785_01G000100","protein","C1-",1,"negative"
"prot__TraesCAD_scaffold_085942_01G000200","TraesCAD_scaffold_085942_01G000200","protein","C1-",1,"negative"
"prot__TraesCAD_scaffold_085952_01G000200","TraesCAD_scaffold_085952_01G000200","protein","C1-",1,"negative"
"prot__TraesCAD_scaffold_086112_01G000200","TraesCAD_scaffold_086112_01G000200","protein","C1+",1,"positive"
"prot__TraesCAD_scaffold_086121_01G000100","TraesCAD_scaffold_086121_01G000100","protein","C1+",1,"positive"
"prot__TraesCAD_scaffold_086159_01G000100","TraesCAD_scaffold_086159_01G000100","protein","C2-",2,"negative"
"prot__TraesCAD_scaffold_086311_01G000100","TraesCAD_scaffold_086311_01G000100","protein","C2-",2,"negative"
"prot__TraesCAD_scaffold_086440_01G000400","TraesCAD_scaffold_086440_01G000400","protein","C2-",2,"negative"
"prot__TraesCAD_scaffold_086525_01G000200","TraesCAD_scaffold_086525_01G000200","protein","C1+",1,"positive"
"prot__TraesCAD_scaffold_086583_01G000200","TraesCAD_scaffold_086583_01G000200","protein","C1+",1,"positive"
"prot__TraesCAD_scaffold_086613_01G000100","TraesCAD_scaffold_086613_01G000100","protein","C2-",2,"negative"
"prot__TraesCAD_scaffold_086804_01G000100","TraesCAD_scaffold_086804_01G000100","protein","C1-",1,"negative"
"prot__TraesCAD_scaffold_086809_01G000300","TraesCAD_scaffold_086809_01G000300","protein","C2+",2,"positive"
"prot__TraesCAD_scaffold_086846_01G000100","TraesCAD_scaffold_086846_01G000100","protein","C2-",2,"negative"
"prot__TraesCAD_scaffold_086907_01G000100","TraesCAD_scaffold_086907_01G000100","protein","C1+",1,"positive"
"prot__TraesCAD_scaffold_136510_01G000100","TraesCAD_scaffold_136510_01G000100","protein","C2-",2,"negative"
"prot__TraesCAD_scaffold_087068_01G000100","TraesCAD_scaffold_087068_01G000100","protein","C2+",2,"positive"
"prot__TraesCAD_scaffold_087076_01G000400","TraesCAD_scaffold_087076_01G000400","protein","C1-",1,"negative"
"prot__TraesCAD_scaffold_087327_01G000100","TraesCAD_scaffold_087327_01G000100","protein","C1-",1,"negative"
"prot__TraesCAD_scaffold_087452_01G000100","TraesCAD_scaffold_087452_01G000100","protein","C1-",1,"negative"
"prot__TraesCAD_scaffold_087460_01G000100","TraesCAD_scaffold_087460_01G000100","protein","C1+",1,"positive"
"prot__TraesCAD_scaffold_087594_01G000200","TraesCAD_scaffold_087594_01G000200","protein","C1+",1,"positive"
"prot__TraesCAD_scaffold_087633_01G000100","TraesCAD_scaffold_087633_01G000100","protein","C2+",2,"positive"
"prot__TraesCAD_scaffold_087654_01G000400","TraesCAD_scaffold_087654_01G000400","protein","C2-",2,"negative"
"prot__TraesCAD_scaffold_087703_01G000100","TraesCAD_scaffold_087703_01G000100","protein","C1+",1,"positive"
"prot__TraesCAD_scaffold_087788_01G000100","TraesCAD_scaffold_087788_01G000100","protein","C2-",2,"negative"
"prot__TraesCAD_scaffold_087790_01G000100","TraesCAD_scaffold_087790_01G000100","protein","C1+",1,"positive"
"prot__TraesCAD_scaffold_087841_01G000200","TraesCAD_scaffold_087841_01G000200","protein","C2-",2,"negative"
"prot__TraesCAD_scaffold_087863_01G000100","TraesCAD_scaffold_087863_01G000100","protein","C2+",2,"positive"
"prot__TraesCAD_scaffold_139294_01G000100","TraesCAD_scaffold_139294_01G000100","protein","C2-",2,"negative"
"prot__TraesCAD_scaffold_087937_01G000100","TraesCAD_scaffold_087937_01G000100","protein","C1+",1,"positive"
"prot__TraesCAD_scaffold_087974_01G000200","TraesCAD_scaffold_087974_01G000200","protein","C2+",2,"positive"
"prot__TraesCAD_scaffold_088125_01G000100","TraesCAD_scaffold_088125_01G000100","protein","C1-",1,"negative"
"prot__TraesCAD_scaffold_088300_01G000100","TraesCAD_scaffold_088300_01G000100","protein","C2-",2,"negative"
"prot__TraesCAD_scaffold_088327_01G000200","TraesCAD_scaffold_088327_01G000200","protein","C1-",1,"negative"
"prot__TraesCAD_scaffold_088406_01G000100","TraesCAD_scaffold_088406_01G000100","protein","C1+",1,"positive"
"prot__TraesCAD_scaffold_088421_01G000200","TraesCAD_scaffold_088421_01G000200","protein","C1+",1,"positive"
"prot__TraesCAD_scaffold_088448_01G000300","TraesCAD_scaffold_088448_01G000300","protein","C1+",1,"positive"
"prot__TraesCAD_scaffold_088463_01G000200","TraesCAD_scaffold_088463_01G000200","protein","C1+",1,"positive"
"prot__TraesCAD_scaffold_131774_01G000100","TraesCAD_scaffold_131774_01G000100","protein","C1+",1,"positive"
"prot__TraesCAD_scaffold_088519_01G000100","TraesCAD_scaffold_088519_01G000100","protein","C2-",2,"negative"
"prot__TraesCAD_scaffold_088532_01G000400","TraesCAD_scaffold_088532_01G000400","protein","C1-",1,"negative"
"prot__TraesCAD_scaffold_106536_01G000100","TraesCAD_scaffold_106536_01G000100","protein","C2-",2,"negative"
"prot__TraesCAD_scaffold_088547_01G000200","TraesCAD_scaffold_088547_01G000200","protein","C2-",2,"negative"
"prot__TraesCAD_scaffold_088551_01G000300","TraesCAD_scaffold_088551_01G000300","protein","C1+",1,"positive"
"prot__TraesCAD_scaffold_088818_01G000200","TraesCAD_scaffold_088818_01G000200","protein","C1+",1,"positive"
"prot__TraesCAD_scaffold_088914_01G000100","TraesCAD_scaffold_088914_01G000100","protein","C1+",1,"positive"
"prot__TraesCAD_scaffold_088922_01G000100","TraesCAD_scaffold_088922_01G000100","protein","C1-",1,"negative"
"prot__TraesCAD_scaffold_088955_01G000100","TraesCAD_scaffold_088955_01G000100","protein","C1+",1,"positive"
"prot__TraesCAD_scaffold_089002_01G000200","TraesCAD_scaffold_089002_01G000200","protein","C2-",2,"negative"
"prot__TraesCAD_scaffold_089143_01G000100","TraesCAD_scaffold_089143_01G000100","protein","C2-",2,"negative"
"prot__TraesCAD_scaffold_089236_01G000100","TraesCAD_scaffold_089236_01G000100","protein","C2+",2,"positive"
"prot__TraesCAD_scaffold_089276_01G000300","TraesCAD_scaffold_089276_01G000300","protein","C1-",1,"negative"
"prot__TraesCAD_scaffold_089284_01G000200","TraesCAD_scaffold_089284_01G000200","protein","C2-",2,"negative"
"prot__TraesCAD_scaffold_089317_01G000100","TraesCAD_scaffold_089317_01G000100","protein","C2-",2,"negative"
"prot__TraesCAD_scaffold_089360_01G000100","TraesCAD_scaffold_089360_01G000100","protein","C1+",1,"positive"
"prot__TraesCAD_scaffold_089422_01G000100","TraesCAD_scaffold_089422_01G000100","protein","C2-",2,"negative"
"prot__TraesCAD_scaffold_089436_01G000100","TraesCAD_scaffold_089436_01G000100","protein","C1+",1,"positive"
"prot__TraesCAD_scaffold_131654_01G000100","TraesCAD_scaffold_131654_01G000100","protein","C2-",2,"negative"
"prot__TraesCAD_scaffold_089470_01G000100","TraesCAD_scaffold_089470_01G000100","protein","C2-",2,"negative"
"prot__TraesCAD_scaffold_089500_01G000500","TraesCAD_scaffold_089500_01G000500","protein","C2+",2,"positive"
"prot__TraesCAD_scaffold_089659_01G000500","TraesCAD_scaffold_089659_01G000500","protein","C1-",1,"negative"
"prot__TraesCAD_scaffold_089686_01G000400","TraesCAD_scaffold_089686_01G000400","protein","C1-",1,"negative"
"prot__TraesCAD_scaffold_089721_01G000300","TraesCAD_scaffold_089721_01G000300","protein","C2+",2,"positive"
"prot__TraesCAD_scaffold_089800_01G000100","TraesCAD_scaffold_089800_01G000100","protein","C2-",2,"negative"
"prot__TraesCAD_scaffold_089817_01G000100","TraesCAD_scaffold_089817_01G000100","protein","C2+",2,"positive"
"prot__TraesCAD_scaffold_089821_01G000200","TraesCAD_scaffold_089821_01G000200","protein","C1-",1,"negative"
"prot__TraesCAD_scaffold_089886_01G000300","TraesCAD_scaffold_089886_01G000300","protein","C1-",1,"negative"
"prot__TraesCAD_scaffold_089903_01G000100","TraesCAD_scaffold_089903_01G000100","protein","C1-",1,"negative"
"prot__TraesCAD_scaffold_089915_01G000100","TraesCAD_scaffold_089915_01G000100","protein","C1+",1,"positive"
"prot__TraesCAD_scaffold_089927_01G000100","TraesCAD_scaffold_089927_01G000100","protein","C2-",2,"negative"
"prot__TraesCAD_scaffold_089953_01G000200","TraesCAD_scaffold_089953_01G000200","protein","C2-",2,"negative"
"prot__TraesCAD_scaffold_089991_01G000400","TraesCAD_scaffold_089991_01G000400","protein","C2-",2,"negative"
"prot__TraesCAD_scaffold_090041_01G000100","TraesCAD_scaffold_090041_01G000100","protein","C1+",1,"positive"
"prot__TraesCAD_scaffold_090074_01G000100","TraesCAD_scaffold_090074_01G000100","protein","C2-",2,"negative"
"prot__TraesCAD_scaffold_090143_01G000100","TraesCAD_scaffold_090143_01G000100","protein","C1-",1,"negative"
"prot__TraesCAD_scaffold_090228_01G000200","TraesCAD_scaffold_090228_01G000200","protein","C2+",2,"positive"
"prot__TraesCAD_scaffold_090258_01G000100","TraesCAD_scaffold_090258_01G000100","protein","C1+",1,"positive"
"prot__TraesCAD_scaffold_090339_01G000100","TraesCAD_scaffold_090339_01G000100","protein","C2-",2,"negative"
"prot__TraesCAD_scaffold_090375_01G000100","TraesCAD_scaffold_090375_01G000100","protein","C2-",2,"negative"
"prot__TraesCAD_scaffold_091516_01G000400","TraesCAD_scaffold_091516_01G000400","protein","C2-",2,"negative"
"prot__TraesCAD_scaffold_090496_01G000100","TraesCAD_scaffold_090496_01G000100","protein","C2-",2,"negative"
"prot__TraesCAD_scaffold_090524_01G000100","TraesCAD_scaffold_090524_01G000100","protein","C1-",1,"negative"
"prot__TraesCAD_scaffold_090602_01G000300","TraesCAD_scaffold_090602_01G000300","protein","C1+",1,"positive"
"prot__TraesCAD_scaffold_090691_01G000200","TraesCAD_scaffold_090691_01G000200","protein","C2-",2,"negative"
"prot__TraesCAD_scaffold_090691_01G000300","TraesCAD_scaffold_090691_01G000300","protein","C1+",1,"positive"
"prot__TraesCAD_scaffold_091081_01G000100","TraesCAD_scaffold_091081_01G000100","protein","C1+",1,"positive"
"prot__TraesCAD_scaffold_091117_01G000100","TraesCAD_scaffold_091117_01G000100","protein","C1+",1,"positive"
"prot__TraesCAD_scaffold_091167_01G000300","TraesCAD_scaffold_091167_01G000300","protein","C2-",2,"negative"
"prot__TraesCAD_scaffold_091238_01G000300","TraesCAD_scaffold_091238_01G000300","protein","C2+",2,"positive"
"prot__TraesCAD_scaffold_091504_01G000200","TraesCAD_scaffold_091504_01G000200","protein","C1+",1,"positive"
"prot__TraesCAD_scaffold_091516_01G000200","TraesCAD_scaffold_091516_01G000200","protein","C1+",1,"positive"
"prot__TraesCAD_scaffold_091535_01G000100","TraesCAD_scaffold_091535_01G000100","protein","C2-",2,"negative"
"prot__TraesCAD_scaffold_091641_01G000100","TraesCAD_scaffold_091641_01G000100","protein","C1+",1,"positive"
"prot__TraesCAD_scaffold_091643_01G000100","TraesCAD_scaffold_091643_01G000100","protein","C1+",1,"positive"
"prot__TraesCAD_scaffold_091692_01G000100","TraesCAD_scaffold_091692_01G000100","protein","C1+",1,"positive"
"prot__TraesCAD_scaffold_091726_01G000100","TraesCAD_scaffold_091726_01G000100","protein","C1+",1,"positive"
"prot__TraesCAD_scaffold_091826_01G000100","TraesCAD_scaffold_091826_01G000100","protein","C2-",2,"negative"
"prot__TraesCAD_scaffold_125864_01G000100","TraesCAD_scaffold_125864_01G000100","protein","C1+",1,"positive"
"prot__TraesCAD_scaffold_091855_01G000100","TraesCAD_scaffold_091855_01G000100","protein","C1+",1,"positive"
"prot__TraesCAD_scaffold_091868_01G000300","TraesCAD_scaffold_091868_01G000300","protein","C1-",1,"negative"
"prot__TraesCAD_scaffold_091889_01G000100","TraesCAD_scaffold_091889_01G000100","protein","C1+",1,"positive"
"prot__TraesCAD_scaffold_091989_01G000100","TraesCAD_scaffold_091989_01G000100","protein","C2-",2,"negative"
"prot__TraesCAD_scaffold_092010_01G000100","TraesCAD_scaffold_092010_01G000100","protein","C1+",1,"positive"
"prot__TraesCAD_scaffold_092017_01G000100","TraesCAD_scaffold_092017_01G000100","protein","C2-",2,"negative"
"prot__TraesCAD_scaffold_092048_01G000200","TraesCAD_scaffold_092048_01G000200","protein","C2-",2,"negative"
"prot__TraesCAD_scaffold_092072_01G000100","TraesCAD_scaffold_092072_01G000100","protein","C1+",1,"positive"
"prot__TraesCAD_scaffold_092074_01G000100","TraesCAD_scaffold_092074_01G000100","protein","C2-",2,"negative"
"prot__TraesCAD_scaffold_092323_01G000100","TraesCAD_scaffold_092323_01G000100","protein","C2-",2,"negative"
"prot__TraesCAD_scaffold_092477_01G000100","TraesCAD_scaffold_092477_01G000100","protein","C1-",1,"negative"
"prot__TraesCAD_scaffold_095534_01G000100","TraesCAD_scaffold_095534_01G000100","protein","C1-",1,"negative"
"prot__TraesCAD_scaffold_092558_01G000100","TraesCAD_scaffold_092558_01G000100","protein","C2-",2,"negative"
"prot__TraesCAD_scaffold_092634_01G000300","TraesCAD_scaffold_092634_01G000300","protein","C2+",2,"positive"
"prot__TraesCAD_scaffold_092641_01G000100","TraesCAD_scaffold_092641_01G000100","protein","C1-",1,"negative"
"prot__TraesCAD_scaffold_092687_01G000100","TraesCAD_scaffold_092687_01G000100","protein","C2-",2,"negative"
"prot__TraesCAD_scaffold_092753_01G000200","TraesCAD_scaffold_092753_01G000200","protein","C1+",1,"positive"
"prot__TraesCAD_scaffold_092754_01G000100","TraesCAD_scaffold_092754_01G000100","protein","C1+",1,"positive"
"prot__TraesCAD_scaffold_092866_01G000200","TraesCAD_scaffold_092866_01G000200","protein","C2-",2,"negative"
"prot__TraesCAD_scaffold_092884_01G000100","TraesCAD_scaffold_092884_01G000100","protein","C2-",2,"negative"
"prot__TraesCAD_scaffold_092919_01G000400","TraesCAD_scaffold_092919_01G000400","protein","C2-",2,"negative"
"prot__TraesCAD_scaffold_092952_01G000200","TraesCAD_scaffold_092952_01G000200","protein","C1-",1,"negative"
"prot__TraesCAD_scaffold_093035_01G000200","TraesCAD_scaffold_093035_01G000200","protein","C2+",2,"positive"
"prot__TraesCAD_scaffold_093044_01G000100","TraesCAD_scaffold_093044_01G000100","protein","C2+",2,"positive"
"prot__TraesCAD_scaffold_093089_01G000300","TraesCAD_scaffold_093089_01G000300","protein","C2-",2,"negative"
"prot__TraesCAD_scaffold_105500_01G000100","TraesCAD_scaffold_105500_01G000100","protein","C1+",1,"positive"
"prot__TraesCAD_scaffold_093239_01G000200","TraesCAD_scaffold_093239_01G000200","protein","C2+",2,"positive"
"prot__TraesCAD_scaffold_093243_01G000200","TraesCAD_scaffold_093243_01G000200","protein","C1+",1,"positive"
"prot__TraesCAD_scaffold_093393_01G000100","TraesCAD_scaffold_093393_01G000100","protein","C1+",1,"positive"
"prot__TraesCAD_scaffold_093500_01G000400","TraesCAD_scaffold_093500_01G000400","protein","C1+",1,"positive"
"prot__TraesCAD_scaffold_093599_01G000300","TraesCAD_scaffold_093599_01G000300","protein","C1+",1,"positive"
"prot__TraesCAD_scaffold_093826_01G000100","TraesCAD_scaffold_093826_01G000100","protein","C1-",1,"negative"
"prot__TraesCAD_scaffold_117255_01G000100","TraesCAD_scaffold_117255_01G000100","protein","C1+",1,"positive"
"prot__TraesCAD_scaffold_093852_01G000100","TraesCAD_scaffold_093852_01G000100","protein","C1+",1,"positive"
"prot__TraesCAD_scaffold_093926_01G000400","TraesCAD_scaffold_093926_01G000400","protein","C2-",2,"negative"
"prot__TraesCAD_scaffold_093933_01G000300","TraesCAD_scaffold_093933_01G000300","protein","C1-",1,"negative"
"prot__TraesCAD_scaffold_094004_01G000200","TraesCAD_scaffold_094004_01G000200","protein","C2-",2,"negative"
"prot__TraesCAD_scaffold_094174_01G000200","TraesCAD_scaffold_094174_01G000200","protein","C2-",2,"negative"
"prot__TraesCAD_scaffold_094202_01G000100","TraesCAD_scaffold_094202_01G000100","protein","C2-",2,"negative"
"prot__TraesCAD_scaffold_094245_01G000200","TraesCAD_scaffold_094245_01G000200","protein","C2+",2,"positive"
"prot__TraesCAD_scaffold_094485_01G000100","TraesCAD_scaffold_094485_01G000100","protein","C1-",1,"negative"
"prot__TraesCAD_scaffold_094579_01G000100","TraesCAD_scaffold_094579_01G000100","protein","C2+",2,"positive"
"prot__TraesCAD_scaffold_094610_01G000100","TraesCAD_scaffold_094610_01G000100","protein","C1+",1,"positive"
"prot__TraesCAD_scaffold_094773_01G000100","TraesCAD_scaffold_094773_01G000100","protein","C2-",2,"negative"
"prot__TraesCAD_scaffold_094833_01G000400","TraesCAD_scaffold_094833_01G000400","protein","C2-",2,"negative"
"prot__TraesCAD_scaffold_094857_01G000200","TraesCAD_scaffold_094857_01G000200","protein","C2-",2,"negative"
"prot__TraesCAD_scaffold_094861_01G000100","TraesCAD_scaffold_094861_01G000100","protein","C1+",1,"positive"
"prot__TraesCAD_scaffold_094913_01G000200","TraesCAD_scaffold_094913_01G000200","protein","C2-",2,"negative"
"prot__TraesCAD_scaffold_094989_01G000200","TraesCAD_scaffold_094989_01G000200","protein","C2-",2,"negative"
"prot__TraesCAD_scaffold_094995_01G000100","TraesCAD_scaffold_094995_01G000100","protein","C1+",1,"positive"
"prot__TraesCAD_scaffold_095002_01G000100","TraesCAD_scaffold_095002_01G000100","protein","C1+",1,"positive"
"prot__TraesCAD_scaffold_095007_01G000100","TraesCAD_scaffold_095007_01G000100","protein","C1-",1,"negative"
"prot__TraesCAD_scaffold_095022_01G000100","TraesCAD_scaffold_095022_01G000100","protein","C2-",2,"negative"
"prot__TraesCAD_scaffold_095302_01G000200","TraesCAD_scaffold_095302_01G000200","protein","C2-",2,"negative"
"prot__TraesCAD_scaffold_095442_01G000100","TraesCAD_scaffold_095442_01G000100","protein","C2-",2,"negative"
"prot__TraesCAD_scaffold_095472_01G000100","TraesCAD_scaffold_095472_01G000100","protein","C2-",2,"negative"
"prot__TraesCAD_scaffold_095481_01G000100","TraesCAD_scaffold_095481_01G000100","protein","C2-",2,"negative"
"prot__TraesCAD_scaffold_095499_01G000100","TraesCAD_scaffold_095499_01G000100","protein","C2-",2,"negative"
"prot__TraesCAD_scaffold_095525_01G000100","TraesCAD_scaffold_095525_01G000100","protein","C2-",2,"negative"
"prot__TraesCAD_scaffold_095535_01G000100","TraesCAD_scaffold_095535_01G000100","protein","C2-",2,"negative"
"prot__TraesCAD_scaffold_095601_01G000200","TraesCAD_scaffold_095601_01G000200","protein","C1+",1,"positive"
"prot__TraesCAD_scaffold_095602_01G000100","TraesCAD_scaffold_095602_01G000100","protein","C1+",1,"positive"
"prot__TraesCAD_scaffold_095627_01G000100","TraesCAD_scaffold_095627_01G000100","protein","C2-",2,"negative"
"prot__TraesCAD_scaffold_095850_01G000100","TraesCAD_scaffold_095850_01G000100","protein","C1+",1,"positive"
"prot__TraesCAD_scaffold_123668_01G000200","TraesCAD_scaffold_123668_01G000200","protein","C2-",2,"negative"
"prot__TraesCAD_scaffold_095992_01G000200","TraesCAD_scaffold_095992_01G000200","protein","C2-",2,"negative"
"prot__TraesCAD_scaffold_096013_01G000200","TraesCAD_scaffold_096013_01G000200","protein","C1+",1,"positive"
"prot__TraesCAD_scaffold_096026_01G000200","TraesCAD_scaffold_096026_01G000200","protein","C1+",1,"positive"
"prot__TraesCAD_scaffold_096193_01G000200","TraesCAD_scaffold_096193_01G000200","protein","C2-",2,"negative"
"prot__TraesCAD_scaffold_096243_01G000200","TraesCAD_scaffold_096243_01G000200","protein","C2-",2,"negative"
"prot__TraesCAD_scaffold_096412_01G000400","TraesCAD_scaffold_096412_01G000400","protein","C1-",1,"negative"
"prot__TraesCAD_scaffold_096426_01G000200","TraesCAD_scaffold_096426_01G000200","protein","C2+",2,"positive"
"prot__TraesCAD_scaffold_096483_01G000100","TraesCAD_scaffold_096483_01G000100","protein","C1-",1,"negative"
"prot__TraesCAD_scaffold_096592_01G000200","TraesCAD_scaffold_096592_01G000200","protein","C1-",1,"negative"
"prot__TraesCAD_scaffold_096690_01G000100","TraesCAD_scaffold_096690_01G000100","protein","C1-",1,"negative"
"prot__TraesCAD_scaffold_096822_01G000300","TraesCAD_scaffold_096822_01G000300","protein","C1+",1,"positive"
"prot__TraesCAD_scaffold_096950_01G000200","TraesCAD_scaffold_096950_01G000200","protein","C1+",1,"positive"
"prot__TraesCAD_scaffold_097019_01G000200","TraesCAD_scaffold_097019_01G000200","protein","C1+",1,"positive"
"prot__TraesCAD_scaffold_097108_01G000100","TraesCAD_scaffold_097108_01G000100","protein","C1+",1,"positive"
"prot__TraesCAD_scaffold_097324_01G000100","TraesCAD_scaffold_097324_01G000100","protein","C1-",1,"negative"
"prot__TraesCAD_scaffold_097418_01G000100","TraesCAD_scaffold_097418_01G000100","protein","C1+",1,"positive"
"prot__TraesCAD_scaffold_097536_01G000300","TraesCAD_scaffold_097536_01G000300","protein","C2-",2,"negative"
"prot__TraesCAD_scaffold_097566_01G000100","TraesCAD_scaffold_097566_01G000100","protein","C1-",1,"negative"
"prot__TraesCAD_scaffold_097650_01G000200","TraesCAD_scaffold_097650_01G000200","protein","C1+",1,"positive"
"prot__TraesCAD_scaffold_097689_01G000100","TraesCAD_scaffold_097689_01G000100","protein","C2-",2,"negative"
"prot__TraesCAD_scaffold_097718_01G000300","TraesCAD_scaffold_097718_01G000300","protein","C2+",2,"positive"
"prot__TraesCAD_scaffold_097788_01G000300","TraesCAD_scaffold_097788_01G000300","protein","C1+",1,"positive"
"prot__TraesCAD_scaffold_097881_01G000100","TraesCAD_scaffold_097881_01G000100","protein","C1+",1,"positive"
"prot__TraesCAD_scaffold_097937_01G000300","TraesCAD_scaffold_097937_01G000300","protein","C1-",1,"negative"
"prot__TraesCAD_scaffold_097989_01G000200","TraesCAD_scaffold_097989_01G000200","protein","C2-",2,"negative"
"prot__TraesCAD_scaffold_098002_01G000400","TraesCAD_scaffold_098002_01G000400","protein","C2-",2,"negative"
"prot__TraesCAD_scaffold_098010_01G000100","TraesCAD_scaffold_098010_01G000100","protein","C1+",1,"positive"
"prot__TraesCAD_scaffold_098265_01G000200","TraesCAD_scaffold_098265_01G000200","protein","C2-",2,"negative"
"prot__TraesCAD_scaffold_098363_01G000100","TraesCAD_scaffold_098363_01G000100","protein","C2-",2,"negative"
"prot__TraesCAD_scaffold_098392_01G000200","TraesCAD_scaffold_098392_01G000200","protein","C1-",1,"negative"
"prot__TraesCAD_scaffold_098437_01G000200","TraesCAD_scaffold_098437_01G000200","protein","C1-",1,"negative"
"prot__TraesCAD_scaffold_098457_01G000100","TraesCAD_scaffold_098457_01G000100","protein","C2+",2,"positive"
"prot__TraesCAD_scaffold_098535_01G000100","TraesCAD_scaffold_098535_01G000100","protein","C2+",2,"positive"
"prot__TraesCAD_scaffold_098540_01G000200","TraesCAD_scaffold_098540_01G000200","protein","C2+",2,"positive"
"prot__TraesCAD_scaffold_098705_01G000100","TraesCAD_scaffold_098705_01G000100","protein","C2+",2,"positive"
"prot__TraesCAD_scaffold_098712_01G000100","TraesCAD_scaffold_098712_01G000100","protein","C2-",2,"negative"
"prot__TraesCAD_scaffold_098736_01G000100","TraesCAD_scaffold_098736_01G000100","protein","C2-",2,"negative"
"prot__TraesCAD_scaffold_098822_01G000100","TraesCAD_scaffold_098822_01G000100","protein","C1-",1,"negative"
"prot__TraesCAD_scaffold_098823_01G000100","TraesCAD_scaffold_098823_01G000100","protein","C1+",1,"positive"
"prot__TraesCAD_scaffold_098853_01G000100","TraesCAD_scaffold_098853_01G000100","protein","C1+",1,"positive"
"prot__TraesCAD_scaffold_098864_01G000300","TraesCAD_scaffold_098864_01G000300","protein","C1-",1,"negative"
"prot__TraesCAD_scaffold_098919_01G000100","TraesCAD_scaffold_098919_01G000100","protein","C2+",2,"positive"
"prot__TraesCAD_scaffold_098969_01G000200","TraesCAD_scaffold_098969_01G000200","protein","C2-",2,"negative"
"prot__TraesCAD_scaffold_098987_01G000300","TraesCAD_scaffold_098987_01G000300","protein","C2+",2,"positive"
"prot__TraesCAD_scaffold_099207_01G000100","TraesCAD_scaffold_099207_01G000100","protein","C2-",2,"negative"
"prot__TraesCAD_scaffold_099210_01G000100","TraesCAD_scaffold_099210_01G000100","protein","C1+",1,"positive"
"prot__TraesCAD_scaffold_128911_01G000200","TraesCAD_scaffold_128911_01G000200","protein","C1+",1,"positive"
"prot__TraesCAD_scaffold_099255_01G000100","TraesCAD_scaffold_099255_01G000100","protein","C1-",1,"negative"
"prot__TraesCAD_scaffold_099317_01G000200","TraesCAD_scaffold_099317_01G000200","protein","C1+",1,"positive"
"prot__TraesCAD_scaffold_099474_01G000100","TraesCAD_scaffold_099474_01G000100","protein","C2-",2,"negative"
"prot__TraesCAD_scaffold_099566_01G000100","TraesCAD_scaffold_099566_01G000100","protein","C1+",1,"positive"
"prot__TraesCAD_scaffold_099570_01G000100","TraesCAD_scaffold_099570_01G000100","protein","C1+",1,"positive"
"prot__TraesCAD_scaffold_099617_01G000100","TraesCAD_scaffold_099617_01G000100","protein","C2+",2,"positive"
"prot__TraesCAD_scaffold_099632_01G000100","TraesCAD_scaffold_099632_01G000100","protein","C2-",2,"negative"
"prot__TraesCAD_scaffold_099636_01G000100","TraesCAD_scaffold_099636_01G000100","protein","C1+",1,"positive"
"prot__TraesCAD_scaffold_099736_01G000100","TraesCAD_scaffold_099736_01G000100","protein","C2-",2,"negative"
"prot__TraesCAD_scaffold_099759_01G000100","TraesCAD_scaffold_099759_01G000100","protein","C1+",1,"positive"
"prot__TraesCAD_scaffold_099826_01G000100","TraesCAD_scaffold_099826_01G000100","protein","C2-",2,"negative"
"prot__TraesCAD_scaffold_099870_01G000100","TraesCAD_scaffold_099870_01G000100","protein","C2-",2,"negative"
"prot__TraesCAD_scaffold_100017_01G000200","TraesCAD_scaffold_100017_01G000200","protein","C2+",2,"positive"
"prot__TraesCAD_scaffold_100017_01G000300","TraesCAD_scaffold_100017_01G000300","protein","C1-",1,"negative"
"prot__TraesCAD_scaffold_100040_01G000300","TraesCAD_scaffold_100040_01G000300","protein","C1+",1,"positive"
"prot__TraesCAD_scaffold_100081_01G000100","TraesCAD_scaffold_100081_01G000100","protein","C2+",2,"positive"
"prot__TraesCAD_scaffold_100151_01G000200","TraesCAD_scaffold_100151_01G000200","protein","C2-",2,"negative"
"prot__TraesCAD_scaffold_100511_01G000100","TraesCAD_scaffold_100511_01G000100","protein","C2-",2,"negative"
"prot__TraesCAD_scaffold_100697_01G000100","TraesCAD_scaffold_100697_01G000100","protein","C2-",2,"negative"
"prot__TraesCAD_scaffold_100708_01G000300","TraesCAD_scaffold_100708_01G000300","protein","C2-",2,"negative"
"prot__TraesCAD_scaffold_100751_01G000100","TraesCAD_scaffold_100751_01G000100","protein","C1+",1,"positive"
"prot__TraesCAD_scaffold_100752_01G000100","TraesCAD_scaffold_100752_01G000100","protein","C1+",1,"positive"
"prot__TraesCAD_scaffold_113031_01G000100","TraesCAD_scaffold_113031_01G000100","protein","C2-",2,"negative"
"prot__TraesCAD_scaffold_164871_01G000100","TraesCAD_scaffold_164871_01G000100","protein","C1+",1,"positive"
"prot__TraesCAD_scaffold_101306_01G000200","TraesCAD_scaffold_101306_01G000200","protein","C2-",2,"negative"
"prot__TraesCAD_scaffold_101325_01G000100","TraesCAD_scaffold_101325_01G000100","protein","C1-",1,"negative"
"prot__TraesCAD_scaffold_101518_01G000100","TraesCAD_scaffold_101518_01G000100","protein","C2-",2,"negative"
"prot__TraesCAD_scaffold_101586_01G000100","TraesCAD_scaffold_101586_01G000100","protein","C1-",1,"negative"
"prot__TraesCAD_scaffold_111261_01G000100","TraesCAD_scaffold_111261_01G000100","protein","C2-",2,"negative"
"prot__TraesCAD_scaffold_101841_01G000200","TraesCAD_scaffold_101841_01G000200","protein","C2-",2,"negative"
"prot__TraesCAD_scaffold_101847_01G000100","TraesCAD_scaffold_101847_01G000100","protein","C1-",1,"negative"
"prot__TraesCAD_scaffold_102171_01G000100","TraesCAD_scaffold_102171_01G000100","protein","C2-",2,"negative"
"prot__TraesCAD_scaffold_102212_01G000100","TraesCAD_scaffold_102212_01G000100","protein","C2-",2,"negative"
"prot__TraesCAD_scaffold_102359_01G000100","TraesCAD_scaffold_102359_01G000100","protein","C2-",2,"negative"
"prot__TraesCAD_scaffold_102375_01G000100","TraesCAD_scaffold_102375_01G000100","protein","C2-",2,"negative"
"prot__TraesCAD_scaffold_102443_01G000100","TraesCAD_scaffold_102443_01G000100","protein","C1-",1,"negative"
"prot__TraesCAD_scaffold_107271_01G000100","TraesCAD_scaffold_107271_01G000100","protein","C2+",2,"positive"
"prot__TraesCAD_scaffold_102742_01G000100","TraesCAD_scaffold_102742_01G000100","protein","C1+",1,"positive"
"prot__TraesCAD_scaffold_1029698_01G000100","TraesCAD_scaffold_1029698_01G000100","protein","C1+",1,"positive"
"prot__TraesCAD_scaffold_102999_01G000100","TraesCAD_scaffold_102999_01G000100","protein","C1-",1,"negative"
"prot__TraesCAD_scaffold_103051_01G000100","TraesCAD_scaffold_103051_01G000100","protein","C2-",2,"negative"
"prot__TraesCAD_scaffold_103162_01G000100","TraesCAD_scaffold_103162_01G000100","protein","C2+",2,"positive"
"prot__TraesCAD_scaffold_103298_01G000100","TraesCAD_scaffold_103298_01G000100","protein","C2-",2,"negative"
"prot__TraesCAD_scaffold_103406_01G000100","TraesCAD_scaffold_103406_01G000100","protein","C2+",2,"positive"
"prot__TraesCAD_scaffold_103540_01G000100","TraesCAD_scaffold_103540_01G000100","protein","C1-",1,"negative"
"prot__TraesCAD_scaffold_103608_01G000100","TraesCAD_scaffold_103608_01G000100","protein","C2-",2,"negative"
"prot__TraesCAD_scaffold_103657_01G000100","TraesCAD_scaffold_103657_01G000100","protein","C2-",2,"negative"
"prot__TraesCAD_scaffold_103750_01G000200","TraesCAD_scaffold_103750_01G000200","protein","C2-",2,"negative"
"prot__TraesCAD_scaffold_103804_01G000100","TraesCAD_scaffold_103804_01G000100","protein","C2-",2,"negative"
"prot__TraesCAD_scaffold_103917_01G000200","TraesCAD_scaffold_103917_01G000200","protein","C1-",1,"negative"
"prot__TraesCAD_scaffold_103982_01G000100","TraesCAD_scaffold_103982_01G000100","protein","C2-",2,"negative"
"prot__TraesCAD_scaffold_104030_01G000100","TraesCAD_scaffold_104030_01G000100","protein","C1+",1,"positive"
"prot__TraesCAD_scaffold_104099_01G000100","TraesCAD_scaffold_104099_01G000100","protein","C1+",1,"positive"
"prot__TraesCAD_scaffold_104149_01G000100","TraesCAD_scaffold_104149_01G000100","protein","C1+",1,"positive"
"prot__TraesCAD_scaffold_104171_01G000100","TraesCAD_scaffold_104171_01G000100","protein","C2+",2,"positive"
"prot__TraesCAD_scaffold_104173_01G000200","TraesCAD_scaffold_104173_01G000200","protein","C1+",1,"positive"
"prot__TraesCAD_scaffold_104265_01G000100","TraesCAD_scaffold_104265_01G000100","protein","C2-",2,"negative"
"prot__TraesCAD_scaffold_104426_01G000100","TraesCAD_scaffold_104426_01G000100","protein","C1-",1,"negative"
"prot__TraesCAD_scaffold_104535_01G000100","TraesCAD_scaffold_104535_01G000100","protein","C2-",2,"negative"
"prot__TraesCAD_scaffold_104672_01G000100","TraesCAD_scaffold_104672_01G000100","protein","C2-",2,"negative"
"prot__TraesCAD_scaffold_104682_01G000100","TraesCAD_scaffold_104682_01G000100","protein","C2-",2,"negative"
"prot__TraesCAD_scaffold_104761_01G000300","TraesCAD_scaffold_104761_01G000300","protein","C1-",1,"negative"
"prot__TraesCAD_scaffold_104832_01G000100","TraesCAD_scaffold_104832_01G000100","protein","C2-",2,"negative"
"prot__TraesCAD_scaffold_104949_01G000100","TraesCAD_scaffold_104949_01G000100","protein","C2-",2,"negative"
"prot__TraesCAD_scaffold_105018_01G000100","TraesCAD_scaffold_105018_01G000100","protein","C2-",2,"negative"
"prot__TraesCAD_scaffold_105033_01G000200","TraesCAD_scaffold_105033_01G000200","protein","C1+",1,"positive"
"prot__TraesCAD_scaffold_105035_01G000100","TraesCAD_scaffold_105035_01G000100","protein","C1-",1,"negative"
"prot__TraesCAD_scaffold_105177_01G000100","TraesCAD_scaffold_105177_01G000100","protein","C1+",1,"positive"
"prot__TraesCAD_scaffold_105354_01G000200","TraesCAD_scaffold_105354_01G000200","protein","C2+",2,"positive"
"prot__TraesCAD_scaffold_105456_01G000100","TraesCAD_scaffold_105456_01G000100","protein","C1+",1,"positive"
"prot__TraesCAD_scaffold_105559_01G000100","TraesCAD_scaffold_105559_01G000100","protein","C2-",2,"negative"
"prot__TraesCAD_scaffold_105559_01G000200","TraesCAD_scaffold_105559_01G000200","protein","C1-",1,"negative"
"prot__TraesCAD_scaffold_105566_01G000100","TraesCAD_scaffold_105566_01G000100","protein","C2-",2,"negative"
"prot__TraesCAD_scaffold_105690_01G000100","TraesCAD_scaffold_105690_01G000100","protein","C1+",1,"positive"
"prot__TraesCAD_scaffold_105771_01G000200","TraesCAD_scaffold_105771_01G000200","protein","C2-",2,"negative"
"prot__TraesCAD_scaffold_106046_01G000100","TraesCAD_scaffold_106046_01G000100","protein","C1-",1,"negative"
"prot__TraesCAD_scaffold_106188_01G000200","TraesCAD_scaffold_106188_01G000200","protein","C2-",2,"negative"
"prot__TraesCAD_scaffold_106315_01G000100","TraesCAD_scaffold_106315_01G000100","protein","C1+",1,"positive"
"prot__TraesCAD_scaffold_106535_01G000100","TraesCAD_scaffold_106535_01G000100","protein","C1-",1,"negative"
"prot__TraesCAD_scaffold_106618_01G000100","TraesCAD_scaffold_106618_01G000100","protein","C1+",1,"positive"
"prot__TraesCAD_scaffold_106660_01G000100","TraesCAD_scaffold_106660_01G000100","protein","C2-",2,"negative"
"prot__TraesCAD_scaffold_106729_01G000100","TraesCAD_scaffold_106729_01G000100","protein","C2-",2,"negative"
"prot__TraesCAD_scaffold_106751_01G000100","TraesCAD_scaffold_106751_01G000100","protein","C1-",1,"negative"
"prot__TraesCAD_scaffold_106873_01G000100","TraesCAD_scaffold_106873_01G000100","protein","C1-",1,"negative"
"prot__TraesCAD_scaffold_107047_01G000100","TraesCAD_scaffold_107047_01G000100","protein","C1-",1,"negative"
"prot__TraesCAD_scaffold_107053_01G000200","TraesCAD_scaffold_107053_01G000200","protein","C1-",1,"negative"
"prot__TraesCAD_scaffold_107073_01G000400","TraesCAD_scaffold_107073_01G000400","protein","C1+",1,"positive"
"prot__TraesCAD_scaffold_107132_01G000200","TraesCAD_scaffold_107132_01G000200","protein","C1-",1,"negative"
"prot__TraesCAD_scaffold_107152_01G000100","TraesCAD_scaffold_107152_01G000100","protein","C2+",2,"positive"
"prot__TraesCAD_scaffold_107286_01G000200","TraesCAD_scaffold_107286_01G000200","protein","C1+",1,"positive"
"prot__TraesCAD_scaffold_107336_01G000200","TraesCAD_scaffold_107336_01G000200","protein","C1-",1,"negative"
"prot__TraesCAD_scaffold_107437_01G000100","TraesCAD_scaffold_107437_01G000100","protein","C1+",1,"positive"
"prot__TraesCAD_scaffold_107470_01G000100","TraesCAD_scaffold_107470_01G000100","protein","C1-",1,"negative"
"prot__TraesCAD_scaffold_107638_01G000100","TraesCAD_scaffold_107638_01G000100","protein","C2-",2,"negative"
"prot__TraesCAD_scaffold_107691_01G000100","TraesCAD_scaffold_107691_01G000100","protein","C1+",1,"positive"
"prot__TraesCAD_scaffold_107860_01G000100","TraesCAD_scaffold_107860_01G000100","protein","C2+",2,"positive"
"prot__TraesCAD_scaffold_107895_01G000300","TraesCAD_scaffold_107895_01G000300","protein","C1+",1,"positive"
"prot__TraesCAD_scaffold_108370_01G000500","TraesCAD_scaffold_108370_01G000500","protein","C1-",1,"negative"
"prot__TraesCAD_scaffold_108469_01G000100","TraesCAD_scaffold_108469_01G000100","protein","C2-",2,"negative"
"prot__TraesCAD_scaffold_108616_01G000200","TraesCAD_scaffold_108616_01G000200","protein","C2-",2,"negative"
"prot__TraesCAD_scaffold_108648_01G000100","TraesCAD_scaffold_108648_01G000100","protein","C1-",1,"negative"
"prot__TraesCAD_scaffold_108753_01G000100","TraesCAD_scaffold_108753_01G000100","protein","C2+",2,"positive"
"prot__TraesCAD_scaffold_108848_01G000100","TraesCAD_scaffold_108848_01G000100","protein","C2-",2,"negative"
"prot__TraesCAD_scaffold_109056_01G000200","TraesCAD_scaffold_109056_01G000200","protein","C2-",2,"negative"
"prot__TraesCAD_scaffold_109122_01G000100","TraesCAD_scaffold_109122_01G000100","protein","C2-",2,"negative"
"prot__TraesCAD_scaffold_109141_01G000100","TraesCAD_scaffold_109141_01G000100","protein","C2-",2,"negative"
"prot__TraesCAD_scaffold_109202_01G000100","TraesCAD_scaffold_109202_01G000100","protein","C1+",1,"positive"
"prot__TraesCAD_scaffold_109362_01G000200","TraesCAD_scaffold_109362_01G000200","protein","C1+",1,"positive"
"prot__TraesCAD_scaffold_109386_01G000200","TraesCAD_scaffold_109386_01G000200","protein","C2-",2,"negative"
"prot__TraesCAD_scaffold_109408_01G000100","TraesCAD_scaffold_109408_01G000100","protein","C1-",1,"negative"
"prot__TraesCAD_scaffold_109431_01G000100","TraesCAD_scaffold_109431_01G000100","protein","C2-",2,"negative"
"prot__TraesCAD_scaffold_109499_01G000200","TraesCAD_scaffold_109499_01G000200","protein","C1+",1,"positive"
"prot__TraesCAD_scaffold_109578_01G000200","TraesCAD_scaffold_109578_01G000200","protein","C2-",2,"negative"
"prot__TraesCAD_scaffold_109620_01G000400","TraesCAD_scaffold_109620_01G000400","protein","C1-",1,"negative"
"prot__TraesCAD_scaffold_109701_01G000100","TraesCAD_scaffold_109701_01G000100","protein","C1+",1,"positive"
"prot__TraesCAD_scaffold_109838_01G000200","TraesCAD_scaffold_109838_01G000200","protein","C2-",2,"negative"
"prot__TraesCAD_scaffold_110001_01G000100","TraesCAD_scaffold_110001_01G000100","protein","C1-",1,"negative"
"prot__TraesCAD_scaffold_110001_01G000200","TraesCAD_scaffold_110001_01G000200","protein","C1-",1,"negative"
"prot__TraesCAD_scaffold_110371_01G000100","TraesCAD_scaffold_110371_01G000100","protein","C2-",2,"negative"
"prot__TraesCAD_scaffold_110413_01G000100","TraesCAD_scaffold_110413_01G000100","protein","C1-",1,"negative"
"prot__TraesCAD_scaffold_110645_01G000200","TraesCAD_scaffold_110645_01G000200","protein","C1+",1,"positive"
"prot__TraesCAD_scaffold_110739_01G000100","TraesCAD_scaffold_110739_01G000100","protein","C2-",2,"negative"
"prot__TraesCAD_scaffold_110979_01G000100","TraesCAD_scaffold_110979_01G000100","protein","C1-",1,"negative"
"prot__TraesCAD_scaffold_111102_01G000100","TraesCAD_scaffold_111102_01G000100","protein","C2+",2,"positive"
"prot__TraesCAD_scaffold_111205_01G000200","TraesCAD_scaffold_111205_01G000200","protein","C2-",2,"negative"
"prot__TraesCAD_scaffold_111298_01G000200","TraesCAD_scaffold_111298_01G000200","protein","C2+",2,"positive"
"prot__TraesCAD_scaffold_111353_01G000100","TraesCAD_scaffold_111353_01G000100","protein","C1+",1,"positive"
"prot__TraesCAD_scaffold_111535_01G000100","TraesCAD_scaffold_111535_01G000100","protein","C2-",2,"negative"
"prot__TraesCAD_scaffold_111547_01G000200","TraesCAD_scaffold_111547_01G000200","protein","C1-",1,"negative"
"prot__TraesCAD_scaffold_111573_01G000200","TraesCAD_scaffold_111573_01G000200","protein","C1+",1,"positive"
"prot__TraesCAD_scaffold_111715_01G000100","TraesCAD_scaffold_111715_01G000100","protein","C2-",2,"negative"
"prot__TraesCAD_scaffold_111719_01G000200","TraesCAD_scaffold_111719_01G000200","protein","C1+",1,"positive"
"prot__TraesCAD_scaffold_111847_01G000100","TraesCAD_scaffold_111847_01G000100","protein","C2-",2,"negative"
"prot__TraesCAD_scaffold_111874_01G000300","TraesCAD_scaffold_111874_01G000300","protein","C1+",1,"positive"
"prot__TraesCAD_scaffold_111923_01G000100","TraesCAD_scaffold_111923_01G000100","protein","C2-",2,"negative"
"prot__TraesCAD_scaffold_111979_01G000100","TraesCAD_scaffold_111979_01G000100","protein","C1-",1,"negative"
"prot__TraesCAD_scaffold_174092_01G000200","TraesCAD_scaffold_174092_01G000200","protein","C1+",1,"positive"
"prot__TraesCAD_scaffold_112302_01G000100","TraesCAD_scaffold_112302_01G000100","protein","C1+",1,"positive"
"prot__TraesCAD_scaffold_112374_01G000100","TraesCAD_scaffold_112374_01G000100","protein","C2-",2,"negative"
"prot__TraesCAD_scaffold_112391_01G000100","TraesCAD_scaffold_112391_01G000100","protein","C2-",2,"negative"
"prot__TraesCAD_scaffold_112434_01G000200","TraesCAD_scaffold_112434_01G000200","protein","C2+",2,"positive"
"prot__TraesCAD_scaffold_112622_01G000100","TraesCAD_scaffold_112622_01G000100","protein","C1+",1,"positive"
"prot__TraesCAD_scaffold_112741_01G000100","TraesCAD_scaffold_112741_01G000100","protein","C2-",2,"negative"
"prot__TraesCAD_scaffold_123728_01G000100","TraesCAD_scaffold_123728_01G000100","protein","C1+",1,"positive"
"prot__TraesCAD_scaffold_112848_01G000200","TraesCAD_scaffold_112848_01G000200","protein","C1-",1,"negative"
"prot__TraesCAD_scaffold_113217_01G000100","TraesCAD_scaffold_113217_01G000100","protein","C1+",1,"positive"
"prot__TraesCAD_scaffold_113450_01G000100","TraesCAD_scaffold_113450_01G000100","protein","C2+",2,"positive"
"prot__TraesCAD_scaffold_113516_01G000100","TraesCAD_scaffold_113516_01G000100","protein","C1-",1,"negative"
"prot__TraesCAD_scaffold_113811_01G000100","TraesCAD_scaffold_113811_01G000100","protein","C1+",1,"positive"
"prot__TraesCAD_scaffold_127676_01G000100","TraesCAD_scaffold_127676_01G000100","protein","C1-",1,"negative"
"prot__TraesCAD_scaffold_113972_01G000300","TraesCAD_scaffold_113972_01G000300","protein","C1+",1,"positive"
"prot__TraesCAD_scaffold_114094_01G000200","TraesCAD_scaffold_114094_01G000200","protein","C2-",2,"negative"
"prot__TraesCAD_scaffold_114167_01G000200","TraesCAD_scaffold_114167_01G000200","protein","C1+",1,"positive"
"prot__TraesCAD_scaffold_114208_01G000100","TraesCAD_scaffold_114208_01G000100","protein","C1-",1,"negative"
"prot__TraesCAD_scaffold_114293_01G000100","TraesCAD_scaffold_114293_01G000100","protein","C2-",2,"negative"
"prot__TraesCAD_scaffold_114771_01G000100","TraesCAD_scaffold_114771_01G000100","protein","C1-",1,"negative"
"prot__TraesCAD_scaffold_115239_01G000100","TraesCAD_scaffold_115239_01G000100","protein","C1-",1,"negative"
"prot__TraesCAD_scaffold_115257_01G000100","TraesCAD_scaffold_115257_01G000100","protein","C2+",2,"positive"
"prot__TraesCAD_scaffold_115325_01G000100","TraesCAD_scaffold_115325_01G000100","protein","C1+",1,"positive"
"prot__TraesCAD_scaffold_115385_01G000100","TraesCAD_scaffold_115385_01G000100","protein","C1-",1,"negative"
"prot__TraesCAD_scaffold_115499_01G000300","TraesCAD_scaffold_115499_01G000300","protein","C1+",1,"positive"
"prot__TraesCAD_scaffold_115515_01G000100","TraesCAD_scaffold_115515_01G000100","protein","C1+",1,"positive"
"prot__TraesCAD_scaffold_115938_01G000400","TraesCAD_scaffold_115938_01G000400","protein","C2+",2,"positive"
"prot__TraesCAD_scaffold_115981_01G000100","TraesCAD_scaffold_115981_01G000100","protein","C1+",1,"positive"
"prot__TraesCAD_scaffold_116314_01G000200","TraesCAD_scaffold_116314_01G000200","protein","C1-",1,"negative"
"prot__TraesCAD_scaffold_116497_01G000100","TraesCAD_scaffold_116497_01G000100","protein","C1-",1,"negative"
"prot__TraesCAD_scaffold_116541_01G000100","TraesCAD_scaffold_116541_01G000100","protein","C1-",1,"negative"
"prot__TraesCAD_scaffold_116904_01G000100","TraesCAD_scaffold_116904_01G000100","protein","C1-",1,"negative"
"prot__TraesCAD_scaffold_117255_01G000200","TraesCAD_scaffold_117255_01G000200","protein","C1-",1,"negative"
"prot__TraesCAD_scaffold_117476_01G000100","TraesCAD_scaffold_117476_01G000100","protein","C2-",2,"negative"
"prot__TraesCAD_scaffold_117649_01G000100","TraesCAD_scaffold_117649_01G000100","protein","C1-",1,"negative"
"prot__TraesCAD_scaffold_117670_01G000100","TraesCAD_scaffold_117670_01G000100","protein","C2-",2,"negative"
"prot__TraesCAD_scaffold_117904_01G000300","TraesCAD_scaffold_117904_01G000300","protein","C2-",2,"negative"
"prot__TraesCAD_scaffold_118142_01G000100","TraesCAD_scaffold_118142_01G000100","protein","C1+",1,"positive"
"prot__TraesCAD_scaffold_118495_01G000100","TraesCAD_scaffold_118495_01G000100","protein","C2-",2,"negative"
"prot__TraesCAD_scaffold_118580_01G000100","TraesCAD_scaffold_118580_01G000100","protein","C2-",2,"negative"
"prot__TraesCAD_scaffold_118629_01G000100","TraesCAD_scaffold_118629_01G000100","protein","C2+",2,"positive"
"prot__TraesCAD_scaffold_118765_01G000100","TraesCAD_scaffold_118765_01G000100","protein","C2-",2,"negative"
"prot__TraesCAD_scaffold_118798_01G000100","TraesCAD_scaffold_118798_01G000100","protein","C1+",1,"positive"
"prot__TraesCAD_scaffold_118956_01G000300","TraesCAD_scaffold_118956_01G000300","protein","C2-",2,"negative"
"prot__TraesCAD_scaffold_119003_01G000200","TraesCAD_scaffold_119003_01G000200","protein","C2-",2,"negative"
"prot__TraesCAD_scaffold_119123_01G000300","TraesCAD_scaffold_119123_01G000300","protein","C1+",1,"positive"
"prot__TraesCAD_scaffold_119360_01G000100","TraesCAD_scaffold_119360_01G000100","protein","C2-",2,"negative"
"prot__TraesCAD_scaffold_119634_01G000200","TraesCAD_scaffold_119634_01G000200","protein","C2-",2,"negative"
"prot__TraesCAD_scaffold_119774_01G000100","TraesCAD_scaffold_119774_01G000100","protein","C2+",2,"positive"
"prot__TraesCAD_scaffold_119873_01G000100","TraesCAD_scaffold_119873_01G000100","protein","C1-",1,"negative"
"prot__TraesCAD_scaffold_120142_01G000100","TraesCAD_scaffold_120142_01G000100","protein","C1+",1,"positive"
"prot__TraesCAD_scaffold_120211_01G000100","TraesCAD_scaffold_120211_01G000100","protein","C1-",1,"negative"
"prot__TraesCAD_scaffold_120554_01G000100","TraesCAD_scaffold_120554_01G000100","protein","C1+",1,"positive"
"prot__TraesCAD_scaffold_120717_01G000200","TraesCAD_scaffold_120717_01G000200","protein","C1-",1,"negative"
"prot__TraesCAD_scaffold_120765_01G000300","TraesCAD_scaffold_120765_01G000300","protein","C2-",2,"negative"
"prot__TraesCAD_scaffold_120864_01G000100","TraesCAD_scaffold_120864_01G000100","protein","C1+",1,"positive"
"prot__TraesCAD_scaffold_121067_01G000100","TraesCAD_scaffold_121067_01G000100","protein","C1+",1,"positive"
"prot__TraesCAD_scaffold_121178_01G000100","TraesCAD_scaffold_121178_01G000100","protein","C1-",1,"negative"
"prot__TraesCAD_scaffold_121542_01G000100","TraesCAD_scaffold_121542_01G000100","protein","C2-",2,"negative"
"prot__TraesCAD_scaffold_121737_01G000200","TraesCAD_scaffold_121737_01G000200","protein","C1+",1,"positive"
"prot__TraesCAD_scaffold_121998_01G000100","TraesCAD_scaffold_121998_01G000100","protein","C1+",1,"positive"
"prot__TraesCAD_scaffold_122044_01G000100","TraesCAD_scaffold_122044_01G000100","protein","C2-",2,"negative"
"prot__TraesCAD_scaffold_122069_01G000100","TraesCAD_scaffold_122069_01G000100","protein","C2-",2,"negative"
"prot__TraesCAD_scaffold_122318_01G000300","TraesCAD_scaffold_122318_01G000300","protein","C1+",1,"positive"
"prot__TraesCAD_scaffold_122424_01G000300","TraesCAD_scaffold_122424_01G000300","protein","C1+",1,"positive"
"prot__TraesCAD_scaffold_130703_01G000200","TraesCAD_scaffold_130703_01G000200","protein","C1+",1,"positive"
"prot__TraesCAD_scaffold_122742_01G000100","TraesCAD_scaffold_122742_01G000100","protein","C2-",2,"negative"
"prot__TraesCAD_scaffold_123656_01G000200","TraesCAD_scaffold_123656_01G000200","protein","C2-",2,"negative"
"prot__TraesCAD_scaffold_124083_01G000100","TraesCAD_scaffold_124083_01G000100","protein","C1+",1,"positive"
"prot__TraesCAD_scaffold_124268_01G000300","TraesCAD_scaffold_124268_01G000300","protein","C1+",1,"positive"
"prot__TraesCAD_scaffold_150187_01G000100","TraesCAD_scaffold_150187_01G000100","protein","C2+",2,"positive"
"prot__TraesCAD_scaffold_124355_01G000100","TraesCAD_scaffold_124355_01G000100","protein","C1+",1,"positive"
"prot__TraesCAD_scaffold_124450_01G000200","TraesCAD_scaffold_124450_01G000200","protein","C2-",2,"negative"
"prot__TraesCAD_scaffold_124464_01G000100","TraesCAD_scaffold_124464_01G000100","protein","C2-",2,"negative"
"prot__TraesCAD_scaffold_124806_01G000100","TraesCAD_scaffold_124806_01G000100","protein","C2-",2,"negative"
"prot__TraesCAD_scaffold_125126_01G000200","TraesCAD_scaffold_125126_01G000200","protein","C2+",2,"positive"
"prot__TraesCAD_scaffold_125145_01G000100","TraesCAD_scaffold_125145_01G000100","protein","C2+",2,"positive"
"prot__TraesCAD_scaffold_125290_01G000100","TraesCAD_scaffold_125290_01G000100","protein","C1+",1,"positive"
"prot__TraesCAD_scaffold_125310_01G000200","TraesCAD_scaffold_125310_01G000200","protein","C2-",2,"negative"
"prot__TraesCAD_scaffold_125319_01G000100","TraesCAD_scaffold_125319_01G000100","protein","C2-",2,"negative"
"prot__TraesCAD_scaffold_125360_01G000200","TraesCAD_scaffold_125360_01G000200","protein","C2-",2,"negative"
"prot__TraesCAD_scaffold_125499_01G000300","TraesCAD_scaffold_125499_01G000300","protein","C1+",1,"positive"
"prot__TraesCAD_scaffold_125714_01G000100","TraesCAD_scaffold_125714_01G000100","protein","C2-",2,"negative"
"prot__TraesCAD_scaffold_125847_01G000100","TraesCAD_scaffold_125847_01G000100","protein","C2-",2,"negative"
"prot__TraesCAD_scaffold_126221_01G000100","TraesCAD_scaffold_126221_01G000100","protein","C1-",1,"negative"
"prot__TraesCAD_scaffold_126281_01G000100","TraesCAD_scaffold_126281_01G000100","protein","C2-",2,"negative"
"prot__TraesCAD_scaffold_126510_01G000200","TraesCAD_scaffold_126510_01G000200","protein","C1+",1,"positive"
"prot__TraesCAD_scaffold_126638_01G000100","TraesCAD_scaffold_126638_01G000100","protein","C2-",2,"negative"
"prot__TraesCAD_scaffold_127056_01G000100","TraesCAD_scaffold_127056_01G000100","protein","C1-",1,"negative"
"prot__TraesCAD_scaffold_127211_01G000100","TraesCAD_scaffold_127211_01G000100","protein","C1+",1,"positive"
"prot__TraesCAD_scaffold_127262_01G000200","TraesCAD_scaffold_127262_01G000200","protein","C1+",1,"positive"
"prot__TraesCAD_scaffold_127279_01G000300","TraesCAD_scaffold_127279_01G000300","protein","C2-",2,"negative"
"prot__TraesCAD_scaffold_127354_01G000100","TraesCAD_scaffold_127354_01G000100","protein","C1-",1,"negative"
"prot__TraesCAD_scaffold_127354_01G000200","TraesCAD_scaffold_127354_01G000200","protein","C2-",2,"negative"
"prot__TraesCAD_scaffold_127411_01G000100","TraesCAD_scaffold_127411_01G000100","protein","C2-",2,"negative"
"prot__TraesCAD_scaffold_127436_01G000100","TraesCAD_scaffold_127436_01G000100","protein","C1-",1,"negative"
"prot__TraesCAD_scaffold_127436_01G000200","TraesCAD_scaffold_127436_01G000200","protein","C2-",2,"negative"
"prot__TraesCAD_scaffold_127556_01G000100","TraesCAD_scaffold_127556_01G000100","protein","C2-",2,"negative"
"prot__TraesCAD_scaffold_127836_01G000200","TraesCAD_scaffold_127836_01G000200","protein","C1-",1,"negative"
"prot__TraesCAD_scaffold_128014_01G000200","TraesCAD_scaffold_128014_01G000200","protein","C1+",1,"positive"
"prot__TraesCAD_scaffold_128142_01G000100","TraesCAD_scaffold_128142_01G000100","protein","C2-",2,"negative"
"prot__TraesCAD_scaffold_128290_01G000100","TraesCAD_scaffold_128290_01G000100","protein","C1+",1,"positive"
"prot__TraesCAD_scaffold_128860_01G000100","TraesCAD_scaffold_128860_01G000100","protein","C1-",1,"negative"
"prot__TraesCAD_scaffold_128963_01G000200","TraesCAD_scaffold_128963_01G000200","protein","C1-",1,"negative"
"prot__TraesCAD_scaffold_128978_01G000200","TraesCAD_scaffold_128978_01G000200","protein","C1-",1,"negative"
"prot__TraesCAD_scaffold_128985_01G000100","TraesCAD_scaffold_128985_01G000100","protein","C2-",2,"negative"
"prot__TraesCAD_scaffold_129059_01G000100","TraesCAD_scaffold_129059_01G000100","protein","C1+",1,"positive"
"prot__TraesCAD_scaffold_129097_01G000200","TraesCAD_scaffold_129097_01G000200","protein","C1+",1,"positive"
"prot__TraesCAD_scaffold_129452_01G000100","TraesCAD_scaffold_129452_01G000100","protein","C2-",2,"negative"
"prot__TraesCAD_scaffold_129472_01G000100","TraesCAD_scaffold_129472_01G000100","protein","C1-",1,"negative"
"prot__TraesCAD_scaffold_129695_01G000100","TraesCAD_scaffold_129695_01G000100","protein","C2-",2,"negative"
"prot__TraesCAD_scaffold_130131_01G000300","TraesCAD_scaffold_130131_01G000300","protein","C2-",2,"negative"
"prot__TraesCAD_scaffold_130214_01G000200","TraesCAD_scaffold_130214_01G000200","protein","C1+",1,"positive"
"prot__TraesCAD_scaffold_130273_01G000100","TraesCAD_scaffold_130273_01G000100","protein","C2-",2,"negative"
"prot__TraesCAD_scaffold_130435_01G000100","TraesCAD_scaffold_130435_01G000100","protein","C1+",1,"positive"
"prot__TraesCAD_scaffold_130803_01G000100","TraesCAD_scaffold_130803_01G000100","protein","C2-",2,"negative"
"prot__TraesCAD_scaffold_130816_01G000200","TraesCAD_scaffold_130816_01G000200","protein","C2-",2,"negative"
"prot__TraesCAD_scaffold_130895_01G000100","TraesCAD_scaffold_130895_01G000100","protein","C2-",2,"negative"
"prot__TraesCAD_scaffold_131130_01G000100","TraesCAD_scaffold_131130_01G000100","protein","C2+",2,"positive"
"prot__TraesCAD_scaffold_533954_01G000100","TraesCAD_scaffold_533954_01G000100","protein","C2-",2,"negative"
"prot__TraesCAD_scaffold_131328_01G000100","TraesCAD_scaffold_131328_01G000100","protein","C1-",1,"negative"
"prot__TraesCAD_scaffold_131359_01G000100","TraesCAD_scaffold_131359_01G000100","protein","C1-",1,"negative"
"prot__TraesCAD_scaffold_131416_01G000100","TraesCAD_scaffold_131416_01G000100","protein","C2-",2,"negative"
"prot__TraesCAD_scaffold_131599_01G000200","TraesCAD_scaffold_131599_01G000200","protein","C1+",1,"positive"
"prot__TraesCAD_scaffold_131794_01G000100","TraesCAD_scaffold_131794_01G000100","protein","C1+",1,"positive"
"prot__TraesCAD_scaffold_131817_01G000100","TraesCAD_scaffold_131817_01G000100","protein","C1+",1,"positive"
"prot__TraesCAD_scaffold_131910_01G000200","TraesCAD_scaffold_131910_01G000200","protein","C2-",2,"negative"
"prot__TraesCAD_scaffold_132112_01G000100","TraesCAD_scaffold_132112_01G000100","protein","C2-",2,"negative"
"prot__TraesCAD_scaffold_132447_01G000200","TraesCAD_scaffold_132447_01G000200","protein","C2+",2,"positive"
"prot__TraesCAD_scaffold_132497_01G000200","TraesCAD_scaffold_132497_01G000200","protein","C1+",1,"positive"
"prot__TraesCAD_scaffold_132939_01G000100","TraesCAD_scaffold_132939_01G000100","protein","C1-",1,"negative"
"prot__TraesCAD_scaffold_132985_01G000100","TraesCAD_scaffold_132985_01G000100","protein","C1+",1,"positive"
"prot__TraesCAD_scaffold_133082_01G000100","TraesCAD_scaffold_133082_01G000100","protein","C2-",2,"negative"
"prot__TraesCAD_scaffold_133124_01G000100","TraesCAD_scaffold_133124_01G000100","protein","C1-",1,"negative"
"prot__TraesCAD_scaffold_133485_01G000100","TraesCAD_scaffold_133485_01G000100","protein","C1+",1,"positive"
"prot__TraesCAD_scaffold_133839_01G000100","TraesCAD_scaffold_133839_01G000100","protein","C1+",1,"positive"
"prot__TraesCAD_scaffold_133847_01G000100","TraesCAD_scaffold_133847_01G000100","protein","C2-",2,"negative"
"prot__TraesCAD_scaffold_133861_01G000200","TraesCAD_scaffold_133861_01G000200","protein","C1+",1,"positive"
"prot__TraesCAD_scaffold_134020_01G000100","TraesCAD_scaffold_134020_01G000100","protein","C1-",1,"negative"
"prot__TraesCAD_scaffold_134062_01G000100","TraesCAD_scaffold_134062_01G000100","protein","C1-",1,"negative"
"prot__TraesCAD_scaffold_134465_01G000100","TraesCAD_scaffold_134465_01G000100","protein","C1+",1,"positive"
"prot__TraesCAD_scaffold_134477_01G000100","TraesCAD_scaffold_134477_01G000100","protein","C2-",2,"negative"
"prot__TraesCAD_scaffold_134692_01G000100","TraesCAD_scaffold_134692_01G000100","protein","C1-",1,"negative"
"prot__TraesCAD_scaffold_135287_01G000100","TraesCAD_scaffold_135287_01G000100","protein","C2+",2,"positive"
"prot__TraesCAD_scaffold_135599_01G000100","TraesCAD_scaffold_135599_01G000100","protein","C1-",1,"negative"
"prot__TraesCAD_scaffold_135843_01G000100","TraesCAD_scaffold_135843_01G000100","protein","C1+",1,"positive"
"prot__TraesCAD_scaffold_136017_01G000100","TraesCAD_scaffold_136017_01G000100","protein","C1-",1,"negative"
"prot__TraesCAD_scaffold_136679_01G000100","TraesCAD_scaffold_136679_01G000100","protein","C1+",1,"positive"
"prot__TraesCAD_scaffold_136887_01G000400","TraesCAD_scaffold_136887_01G000400","protein","C2+",2,"positive"
"prot__TraesCAD_scaffold_137509_01G000100","TraesCAD_scaffold_137509_01G000100","protein","C2+",2,"positive"
"prot__TraesCAD_scaffold_137601_01G000100","TraesCAD_scaffold_137601_01G000100","protein","C1-",1,"negative"
"prot__TraesCAD_scaffold_138071_01G000100","TraesCAD_scaffold_138071_01G000100","protein","C1-",1,"negative"
"prot__TraesCAD_scaffold_138902_01G000100","TraesCAD_scaffold_138902_01G000100","protein","C2-",2,"negative"
"prot__TraesCAD_scaffold_139161_01G000100","TraesCAD_scaffold_139161_01G000100","protein","C2-",2,"negative"
"prot__TraesCAD_scaffold_139319_01G000200","TraesCAD_scaffold_139319_01G000200","protein","C2-",2,"negative"
"prot__TraesCAD_scaffold_139534_01G000100","TraesCAD_scaffold_139534_01G000100","protein","C1-",1,"negative"
"prot__TraesCAD_scaffold_139831_01G000200","TraesCAD_scaffold_139831_01G000200","protein","C2-",2,"negative"
"prot__TraesCAD_scaffold_140224_01G000100","TraesCAD_scaffold_140224_01G000100","protein","C1+",1,"positive"
"prot__TraesCAD_scaffold_140331_01G000100","TraesCAD_scaffold_140331_01G000100","protein","C2+",2,"positive"
"prot__TraesCAD_scaffold_835474_01G000100","TraesCAD_scaffold_835474_01G000100","protein","C1+",1,"positive"
"prot__TraesCAD_scaffold_142223_01G000100","TraesCAD_scaffold_142223_01G000100","protein","C1-",1,"negative"
"prot__TraesCAD_scaffold_142241_01G000100","TraesCAD_scaffold_142241_01G000100","protein","C1-",1,"negative"
"prot__TraesCAD_scaffold_142598_01G000200","TraesCAD_scaffold_142598_01G000200","protein","C2+",2,"positive"
"prot__TraesCAD_scaffold_143028_01G000100","TraesCAD_scaffold_143028_01G000100","protein","C2+",2,"positive"
"prot__TraesCAD_scaffold_143357_01G000100","TraesCAD_scaffold_143357_01G000100","protein","C2-",2,"negative"
"prot__TraesCAD_scaffold_144994_01G000100","TraesCAD_scaffold_144994_01G000100","protein","C2-",2,"negative"
"prot__TraesCAD_scaffold_145107_01G000500","TraesCAD_scaffold_145107_01G000500","protein","C1+",1,"positive"
"prot__TraesCAD_scaffold_145653_01G000100","TraesCAD_scaffold_145653_01G000100","protein","C1+",1,"positive"
"prot__TraesCAD_scaffold_146234_01G000200","TraesCAD_scaffold_146234_01G000200","protein","C2-",2,"negative"
"prot__TraesCAD_scaffold_146252_01G000100","TraesCAD_scaffold_146252_01G000100","protein","C2-",2,"negative"
"prot__TraesCAD_scaffold_147150_01G000200","TraesCAD_scaffold_147150_01G000200","protein","C1+",1,"positive"
"prot__TraesCAD_scaffold_147328_01G000100","TraesCAD_scaffold_147328_01G000100","protein","C2-",2,"negative"
"prot__TraesCAD_scaffold_147372_01G000100","TraesCAD_scaffold_147372_01G000100","protein","C1-",1,"negative"
"prot__TraesCAD_scaffold_148322_01G000100","TraesCAD_scaffold_148322_01G000100","protein","C2-",2,"negative"
"prot__TraesCAD_scaffold_148465_01G000100","TraesCAD_scaffold_148465_01G000100","protein","C2-",2,"negative"
"prot__TraesCAD_scaffold_149393_01G000100","TraesCAD_scaffold_149393_01G000100","protein","C2-",2,"negative"
"prot__TraesCAD_scaffold_149447_01G000200","TraesCAD_scaffold_149447_01G000200","protein","C1-",1,"negative"
"prot__TraesCAD_scaffold_149503_01G000100","TraesCAD_scaffold_149503_01G000100","protein","C2-",2,"negative"
"prot__TraesCAD_scaffold_149528_01G000100","TraesCAD_scaffold_149528_01G000100","protein","C1-",1,"negative"
"prot__TraesCAD_scaffold_149873_01G000200","TraesCAD_scaffold_149873_01G000200","protein","C1-",1,"negative"
"prot__TraesCAD_scaffold_150391_01G000100","TraesCAD_scaffold_150391_01G000100","protein","C1-",1,"negative"
"prot__TraesCAD_scaffold_151009_01G000100","TraesCAD_scaffold_151009_01G000100","protein","C1-",1,"negative"
"prot__TraesCAD_scaffold_152145_01G000100","TraesCAD_scaffold_152145_01G000100","protein","C2-",2,"negative"
"prot__TraesCAD_scaffold_152978_01G000100","TraesCAD_scaffold_152978_01G000100","protein","C2-",2,"negative"
"prot__TraesCAD_scaffold_153079_01G000200","TraesCAD_scaffold_153079_01G000200","protein","C1+",1,"positive"
"prot__TraesCAD_scaffold_153228_01G000200","TraesCAD_scaffold_153228_01G000200","protein","C2-",2,"negative"
"prot__TraesCAD_scaffold_153528_01G000100","TraesCAD_scaffold_153528_01G000100","protein","C2+",2,"positive"
"prot__TraesCAD_scaffold_154458_01G000100","TraesCAD_scaffold_154458_01G000100","protein","C1+",1,"positive"
"prot__TraesCAD_scaffold_155732_01G000100","TraesCAD_scaffold_155732_01G000100","protein","C1+",1,"positive"
"prot__TraesCAD_scaffold_156432_01G000100","TraesCAD_scaffold_156432_01G000100","protein","C1+",1,"positive"
"prot__TraesCAD_scaffold_156871_01G000100","TraesCAD_scaffold_156871_01G000100","protein","C2-",2,"negative"
"prot__TraesCAD_scaffold_156893_01G000100","TraesCAD_scaffold_156893_01G000100","protein","C1-",1,"negative"
"prot__TraesCAD_scaffold_157295_01G000100","TraesCAD_scaffold_157295_01G000100","protein","C1-",1,"negative"
"prot__TraesCAD_scaffold_157333_01G000100","TraesCAD_scaffold_157333_01G000100","protein","C1+",1,"positive"
"prot__TraesCAD_scaffold_158991_01G000100","TraesCAD_scaffold_158991_01G000100","protein","C1-",1,"negative"
"prot__TraesCAD_scaffold_161552_01G000100","TraesCAD_scaffold_161552_01G000100","protein","C2-",2,"negative"
"prot__TraesCAD_scaffold_161577_01G000200","TraesCAD_scaffold_161577_01G000200","protein","C1-",1,"negative"
"prot__TraesCAD_scaffold_161761_01G000100","TraesCAD_scaffold_161761_01G000100","protein","C1+",1,"positive"
"prot__TraesCAD_scaffold_162456_01G000100","TraesCAD_scaffold_162456_01G000100","protein","C1+",1,"positive"
"prot__TraesCAD_scaffold_163297_01G000100","TraesCAD_scaffold_163297_01G000100","protein","C2-",2,"negative"
"prot__TraesCAD_scaffold_163630_01G000300","TraesCAD_scaffold_163630_01G000300","protein","C2+",2,"positive"
"prot__TraesCAD_scaffold_166766_01G000100","TraesCAD_scaffold_166766_01G000100","protein","C1+",1,"positive"
"prot__TraesCAD_scaffold_168301_01G000100","TraesCAD_scaffold_168301_01G000100","protein","C1-",1,"negative"
"prot__TraesCAD_scaffold_170961_01G000100","TraesCAD_scaffold_170961_01G000100","protein","C2-",2,"negative"
"prot__TraesCAD_scaffold_174138_01G000100","TraesCAD_scaffold_174138_01G000100","protein","C1+",1,"positive"
"prot__TraesCAD_scaffold_174811_01G000100","TraesCAD_scaffold_174811_01G000100","protein","C1+",1,"positive"
"prot__TraesCAD_scaffold_176496_01G000100","TraesCAD_scaffold_176496_01G000100","protein","C1+",1,"positive"
"prot__TraesCAD_scaffold_176606_01G000100","TraesCAD_scaffold_176606_01G000100","protein","C1-",1,"negative"
"prot__TraesCAD_scaffold_179444_01G000100","TraesCAD_scaffold_179444_01G000100","protein","C2+",2,"positive"
"prot__TraesCAD_scaffold_180099_01G000100","TraesCAD_scaffold_180099_01G000100","protein","C1+",1,"positive"
"prot__TraesCAD_scaffold_190494_01G000100","TraesCAD_scaffold_190494_01G000100","protein","C1+",1,"positive"
"prot__TraesCAD_scaffold_198080_01G000100","TraesCAD_scaffold_198080_01G000100","protein","C1-",1,"negative"
"prot__TraesCAD_scaffold_198702_01G000100","TraesCAD_scaffold_198702_01G000100","protein","C2-",2,"negative"
"prot__TraesCAD_scaffold_218475_01G000100","TraesCAD_scaffold_218475_01G000100","protein","C1-",1,"negative"
"prot__TraesCAD_scaffold_266898_01G000100","TraesCAD_scaffold_266898_01G000100","protein","C2-",2,"negative"
"prot__TraesCAD_scaffold_278590_01G000100","TraesCAD_scaffold_278590_01G000100","protein","C1+",1,"positive"
"prot__TraesCAD_scaffold_284614_01G000100","TraesCAD_scaffold_284614_01G000100","protein","C2+",2,"positive"
"prot__TraesCAD_scaffold_287625_01G000100","TraesCAD_scaffold_287625_01G000100","protein","C1+",1,"positive"
"prot__TraesCAD_scaffold_287769_01G000100","TraesCAD_scaffold_287769_01G000100","protein","C1+",1,"positive"
"prot__TraesCAD_scaffold_287769_01G000200","TraesCAD_scaffold_287769_01G000200","protein","C1-",1,"negative"
"prot__TraesCAD_scaffold_971809_01G000100","TraesCAD_scaffold_971809_01G000100","protein","C1-",1,"negative"
"prot__TraesCAD_scaffold_326283_01G000100","TraesCAD_scaffold_326283_01G000100","protein","C1+",1,"positive"
"prot__TraesCAD_scaffold_336669_01G000300","TraesCAD_scaffold_336669_01G000300","protein","C1+",1,"positive"
"prot__TraesCAD_scaffold_346237_01G000100","TraesCAD_scaffold_346237_01G000100","protein","C1-",1,"negative"
"prot__TraesCAD_scaffold_374997_01G000100","TraesCAD_scaffold_374997_01G000100","protein","C1-",1,"negative"
"prot__TraesCAD_scaffold_377617_01G000600","TraesCAD_scaffold_377617_01G000600","protein","C1-",1,"negative"
"prot__TraesCAD_scaffold_388384_01G000200","TraesCAD_scaffold_388384_01G000200","protein","C1+",1,"positive"
"prot__TraesCAD_scaffold_421968_01G000100","TraesCAD_scaffold_421968_01G000100","protein","C1-",1,"negative"
"prot__TraesCAD_scaffold_423432_01G000100","TraesCAD_scaffold_423432_01G000100","protein","C1+",1,"positive"
"prot__TraesCAD_scaffold_439132_01G000100","TraesCAD_scaffold_439132_01G000100","protein","C1+",1,"positive"
"prot__TraesCAD_scaffold_443570_01G000100","TraesCAD_scaffold_443570_01G000100","protein","C1+",1,"positive"
"prot__TraesCAD_scaffold_461837_01G000100","TraesCAD_scaffold_461837_01G000100","protein","C2-",2,"negative"
"prot__TraesCAD_scaffold_477251_01G000100","TraesCAD_scaffold_477251_01G000100","protein","C1-",1,"negative"
"prot__TraesCAD_scaffold_484217_01G000100","TraesCAD_scaffold_484217_01G000100","protein","C1-",1,"negative"
"prot__TraesCAD_scaffold_511180_01G000200","TraesCAD_scaffold_511180_01G000200","protein","C1+",1,"positive"
"prot__TraesCAD_scaffold_631170_01G000100","TraesCAD_scaffold_631170_01G000100","protein","C2+",2,"positive"
"prot__TraesCAD_scaffold_643997_01G000200","TraesCAD_scaffold_643997_01G000200","protein","C2-",2,"negative"
"prot__TraesCAD_scaffold_707343_01G000100","TraesCAD_scaffold_707343_01G000100","protein","C2+",2,"positive"
"prot__TraesCAD_scaffold_780247_01G000100","TraesCAD_scaffold_780247_01G000100","protein","C1+",1,"positive"
"prot__TraesCAD_scaffold_781578_01G000100","TraesCAD_scaffold_781578_01G000100","protein","C1-",1,"negative"
"prot__TraesCAD_scaffold_784555_01G000100","TraesCAD_scaffold_784555_01G000100","protein","C2+",2,"positive"
"prot__TraesCAD_scaffold_891501_01G000100","TraesCAD_scaffold_891501_01G000100","protein","C1-",1,"negative"
"prot__TraesCAD_scaffold_974832_01G000100","TraesCAD_scaffold_974832_01G000100","protein","C1+",1,"positive"
