feature	component	loading	boot_mean	boot_sd	stability
TraesCAD_scaffold_014747_01G000100	1	0.0690501666036633	0.069106904376453	0.00138746021226198	1
TraesCAD_scaffold_020687_01G000400	1	0.0534971549655367	0.0535423133505009	0.000739689085279724	1
TraesCAD_scaffold_133124_01G000100	1	0.0562367336895631	0.0561376231733517	0.00121929166611035	1
TraesCAD_scaffold_084182_01G000100	1	0.0513923158327093	0.0513629063164681	0.00119424323285134	1
TraesCAD_scaffold_052789_01G000100	1	0.0487161219247969	0.0488824829173538	0.00171302906312105	1
TraesCAD_scaffold_020687_01G000500	1	0.0467679945197701	0.0467707540443723	0.00130063543963311	1
TraesCAD_scaffold_077573_01G000100	1	0.04531197242926	0.0455012246659555	0.00198259740457156	1
TraesCAD_scaffold_030935_01G000600	1	0.0490295884618436	0.0488751804346199	0.000803070880943029	1
TraesCAD_scaffold_002077_01G000300	1	0.0470123248823986	0.046997684773835	0.00104215404208173	1
TraesCAD_scaffold_033902_01G000200	1	0.0459700402220998	0.0459137416010471	0.00149755764684035	1
TraesCAD_scaffold_092070_01G000200	1	0.0415921914960167	0.0418383083111689	0.00184565546123834	1
TraesCAD_scaffold_011409_01G000200	1	0.0307824325768215	0.0310611117390674	0.00272861185294699	1
TraesCAD_scaffold_011409_01G000100	1	0.0371830470543884	0.0373196283617698	0.00347352283260013	1
TraesCAD_scaffold_149528_01G000200	1	0.0439782533089101	0.0441563940270344	0.00124588206028154	1
TraesCAD_scaffold_084164_01G000200	1	0.0443055340954456	0.0443763730496717	0.00214365404013238	1
TraesCAD_scaffold_111708_01G000100	1	0.0348340279032753	0.0348181952060893	0.00245800102892528	1
TraesCAD_scaffold_149528_01G000100	1	0.0417768300336201	0.0419616013752396	0.00131870379599001	1
TraesCAD_scaffold_055571_01G000300	1	0.0440954505498038	0.0441477620544542	0.00218290111317787	1
TraesCAD_scaffold_008402_01G000100	1	0.0319638669979012	0.0323060355792823	0.00243348567703517	1
TraesCAD_scaffold_038550_01G000200	1	0.0280743199916399	0.0284132877142203	0.00152385298642437	1
TraesCAD_scaffold_000382_01G000700	1	0.0457181506445157	0.0455655336001781	0.00129172219008252	1
TraesCAD_scaffold_011627_01G000100	1	0.0403461547841907	0.0403967099439728	0.00134632738452743	1
TraesCAD_scaffold_045162_01G000100	1	0.043005509335132	0.043101897549677	0.00145452786986096	1
TraesCAD_scaffold_070269_01G000100	1	0.0440719490821482	0.0440068093380146	0.00155991505433797	1
TraesCAD_scaffold_111050_01G000100	1	0.0288359585243786	0.029376724272799	0.00302034125564605	1
TraesCAD_scaffold_031301_01G000200	1	0.0433434782185688	0.0431167085930317	0.00174252024001903	1
TraesCAD_scaffold_022764_01G000100	1	0.0370248902108822	0.0371655890456431	0.00108795197615757	1
TraesCAD_scaffold_110001_01G000100	1	0.0346015666770253	0.0348893777617193	0.00162139738751157	1
TraesCAD_scaffold_068868_01G000200	1	0.045068647180986	0.0447685568457499	0.00111201866734488	1
TraesCAD_scaffold_092074_01G000100	1	0.0409715913715232	0.0410084378669757	0.000991542302717078	1
TraesCAD_scaffold_155550_01G000100	1	0.0439975755978994	0.0437208432086776	0.00111336101378888	1
TraesCAD_scaffold_071769_01G000300	1	0.0368721099219505	0.0369897287386134	0.00219979738880147	1
TraesCAD_scaffold_094995_01G000100	1	0.0363803977412881	0.0364695677835961	0.00116337916761378	1
TraesCAD_scaffold_026046_01G000200	1	0.0359496772411773	0.0361490981134249	0.00207439193523105	1
TraesCAD_scaffold_038936_01G000100	1	0.0424511050858057	0.0418391564569925	0.00256794705214897	1
TraesCAD_scaffold_043611_01G000100	1	0.0383157166907571	0.0385261965834911	0.0014786977180413	1
TraesCAD_scaffold_056791_01G000100	1	0.0408335639488508	0.0402257697008828	0.00260838245956248	1
TraesCAD_scaffold_036949_01G000100	1	0.0418997192880501	0.0417938789915752	0.00136071382470198	1
TraesCAD_scaffold_025968_01G000200	1	0.0423922812284583	0.0424305932182362	0.000887111283007962	1
TraesCAD_scaffold_032077_01G000100	1	0.0355119057714519	0.0356366003895366	0.000958040457106663	1
TraesCAD_scaffold_038125_01G000900	1	0.040343731336121	0.0405182800121537	0.00120855581237655	1
TraesCAD_scaffold_059548_01G000100	1	0.0405051794694715	0.0398107822441619	0.00286247714926112	1
TraesCAD_scaffold_008946_01G000100	1	0.0425907920214005	0.0420387302589653	0.00174208898593871	1
TraesCAD_scaffold_027083_01G000300	1	0.0404522427954327	0.0399915146542022	0.00181938139055491	1
TraesCAD_scaffold_022383_01G000200	1	0.0305611462048097	0.0307737409349102	0.00193730023114353	1
TraesCAD_scaffold_069519_01G000100	1	0.0413799107766432	0.0414576228949819	0.00207438127166866	1
TraesCAD_scaffold_111685_01G000100	1	0.0419024154346335	0.0415604741985259	0.00150524825467374	1
TraesCAD_scaffold_049107_01G000100	1	0.039112391596829	0.0389490537769819	0.00250407960299527	1
TraesCAD_scaffold_131651_01G000100	1	0.0415200719060078	0.0413484879187164	0.00121043569929359	1
TraesCAD_scaffold_020668_01G000100	1	0.0420463830964109	0.0417862799591626	0.00130555275809516	1
TraesCAD_scaffold_056989_01G000100	1	0.0334008463179458	0.0336732002686826	0.00208606560757368	1
TraesCAD_scaffold_044052_01G000100	1	0.0410865610172296	0.0409578132649084	0.00145670906035299	1
TraesCAD_scaffold_018106_01G000100	1	0.0414106032744701	0.0412097765317231	0.00100697361935053	1
TraesCAD_scaffold_041107_01G000400	1	0.0428343743900595	0.0426005244891946	0.00103555002680345	1
TraesCAD_scaffold_011238_01G000100	1	0.0411844418697207	0.0411484146236823	0.000713121480770092	1
TraesCAD_scaffold_031842_01G000400	1	0.0318281044367833	0.0320820489098452	0.0018145514040795	1
TraesCAD_scaffold_063548_01G000100	1	0.038078450348442	0.0381673736060854	0.00239075926577627	1
TraesCAD_scaffold_006929_01G000100	1	0.0394132847800607	0.0392056345495607	0.00105153124476115	1
TraesCAD_scaffold_071769_01G000500	1	0.0335804165496626	0.0337520839255701	0.00199749737371515	1
TraesCAD_scaffold_007351_01G000500	1	0.0392475792674579	0.0393017516975249	0.00094994267613344	1
TraesCAD_scaffold_023128_01G000500	1	0.041804892253472	0.0416151602122451	0.00114963521347223	1
TraesCAD_scaffold_574981_01G000100	1	0.0160700601052611	0.0155556676795525	0.00871771717373872	0.975
TraesCAD_scaffold_037797_01G000300	1	0.0417242685811779	0.0414960421326518	0.000975405910691721	1
TraesCAD_scaffold_054661_01G000400	1	0.0332959573271067	0.0335044118106875	0.00161413484060939	1
TraesCAD_scaffold_011627_01G000400	1	0.0322380417162526	0.032387258024993	0.00128265646157652	1
TraesCAD_scaffold_000382_01G000500	1	0.0405593912070863	0.0401828916648787	0.00137285730198531	1
TraesCAD_scaffold_037375_01G000200	1	0.0395007032837344	0.0392567007905197	0.00148516702714493	1
TraesCAD_scaffold_017919_01G000200	1	0.0409217654795253	0.0407660970896996	0.000816252316872707	1
TraesCAD_scaffold_008436_01G000600	1	0.0348912282223847	0.0351204546075254	0.00191529350069258	1
TraesCAD_scaffold_049155_01G000200	1	0.0371541098878155	0.0369264393481357	0.00248554456914654	1
TraesCAD_scaffold_045554_01G000100	1	0.033345122049581	0.0336741853555806	0.00216363656924204	1
TraesCAD_scaffold_091910_01G000200	1	0.0360416346931208	0.0360869365158105	0.00227158792970363	1
TraesCAD_scaffold_113922_01G000100	1	0.0388068655148207	0.0387519013832641	0.000982444123941696	1
TraesCAD_scaffold_061648_01G000100	1	-0.0379825223873861	-0.0376936782010188	0.00118527055577269	1
TraesCAD_scaffold_015800_01G000500	1	0.032707185989549	0.0327998842397632	0.00188054876348517	1
TraesCAD_scaffold_012147_01G000100	1	0.0338358875628619	0.0338186760375553	0.00212362921331053	1
TraesCAD_scaffold_062254_01G000200	1	0.0313673242468708	0.0316549180311827	0.0015122485591144	1
TraesCAD_scaffold_088676_01G000100	1	0.0403207345461629	0.0401963836115128	0.000918256311534714	1
TraesCAD_scaffold_002773_01G000500	1	0.0387139168293496	0.0389555846305289	0.00205030056810275	1
TraesCAD_scaffold_085748_01G000100	1	0.0379194953744258	0.0378783789325888	0.00105393165127295	1
TraesCAD_scaffold_128978_01G000200	1	0.0383678974566717	0.0382324969810387	0.00186602551805347	1
TraesCAD_scaffold_103917_01G000200	1	0.0397924549374739	0.0397365985571631	0.00109917240779707	1
TraesCAD_scaffold_027607_01G000200	1	0.0374120883070903	0.03737551791668	0.00061832874601687	1
TraesCAD_scaffold_056284_01G000100	1	0.0384806914254446	0.0384698023249535	0.00115522287402657	1
TraesCAD_scaffold_003982_01G000500	1	0.0381231838891134	0.0380515972229949	0.000925294753796001	1
TraesCAD_scaffold_000331_01G000500	1	0.0344725505179841	0.0345084778407988	0.00187244308323572	1
TraesCAD_scaffold_009189_01G000100	1	0.0336146216830833	0.0337640642913356	0.00111068552052249	1
TraesCAD_scaffold_002505_01G000200	1	0.0379454505204348	0.0379061848107957	0.00102714896097758	1
TraesCAD_scaffold_017224_01G000200	1	0.0269633837058684	0.0272572697527358	0.00157475091805995	1
TraesCAD_scaffold_042728_01G000100	1	0.0353793031209816	0.035433600086863	0.00137304303387515	1
TraesCAD_scaffold_063548_01G000200	1	0.0379670951099424	0.0380801072015846	0.00225362932019528	1
TraesCAD_scaffold_002370_01G000300	1	0.0363153458548798	0.0363300405730014	0.00086734966957608	1
TraesCAD_scaffold_031796_01G000100	1	0.0351024695716386	0.0352011579563674	0.002160845306103	1
TraesCAD_scaffold_132919_01G000100	1	0.0374989162473603	0.0374796547740377	0.00106203953301964	1
TraesCAD_scaffold_009498_01G000200	1	0.0377123189642502	0.0376873659210632	0.00174236876605099	1
TraesCAD_scaffold_104941_01G000200	1	0.0373281327481634	0.037259362610468	0.00121780416306217	1
TraesCAD_scaffold_109460_01G000200	1	0.0395777533883454	0.0394475511555278	0.000980918254033537	1
TraesCAD_scaffold_022764_01G000300	1	0.0369987797942524	0.0369650136832508	0.000804573550988749	1
TraesCAD_scaffold_001618_01G000300	1	0.0356724408733453	0.0357213652252571	0.00108182580329271	1
TraesCAD_scaffold_037061_01G000200	1	0.0389066826242584	0.0387791813175922	0.000812387581441059	1
TraesCAD_scaffold_113458_01G000300	1	0.0339630268229871	0.0339556193408879	0.00184174420878065	1
TraesCAD_scaffold_006089_01G000300	1	0.0376680677892317	0.0377754118745102	0.00120468415004868	1
TraesCAD_scaffold_784555_01G000100	1	0.0365518871540036	0.0366770891225791	0.00194712468244618	1
TraesCAD_scaffold_092477_01G000100	1	0.0361786652421484	0.0361908551350161	0.00121063499536996	1
TraesCAD_scaffold_055660_01G000100	1	0.0309161991851318	0.031072455845942	0.00140856728956506	1
TraesCAD_scaffold_027786_01G000400	1	0.0352756246303251	0.0353552578584856	0.00104899660112348	1
TraesCAD_scaffold_142789_01G000100	1	0.0367557581199971	0.036701089633631	0.000798137158318603	1
TraesCAD_scaffold_009498_01G000100	1	0.037534877133989	0.0375096168638232	0.00208376642250133	1
TraesCAD_scaffold_086159_01G000100	1	0.0190696701792292	0.0194635516299928	0.00255205001612093	1
TraesCAD_scaffold_011809_01G000300	1	-0.0196257435133608	-0.0194415270479397	0.00139684301551852	1
TraesCAD_scaffold_024473_01G000200	1	0.0334105143099012	0.0336494526267109	0.00142110011136527	1
TraesCAD_scaffold_080274_01G000300	1	0.0266169548838386	0.0263663552995138	0.00290055185464296	1
TraesCAD_scaffold_066243_01G000300	1	0.0369782017060729	0.0369932824037882	0.000758228959079018	1
TraesCAD_scaffold_029735_01G000400	1	0.030427927574753	0.030650729736824	0.0014530164831444	1
TraesCAD_scaffold_011627_01G000300	1	0.0354499420192354	0.0353683947975587	0.000851807149270006	1
TraesCAD_scaffold_113922_01G000200	1	0.0339128734240757	0.0339084656042801	0.0010143901176013	1
TraesCAD_scaffold_042793_01G000600	1	0.0381900468438282	0.0377696429213391	0.0016738755688273	1
TraesCAD_scaffold_102359_01G000100	1	0.0296181087572616	0.0298220917926439	0.0016584597901148	1
TraesCAD_scaffold_045162_01G000400	1	0.0362981017096168	0.0363800339410821	0.00138209374250565	1
TraesCAD_scaffold_011049_01G000300	1	0.0342083076465423	0.0344361276280968	0.00129664150857265	1
TraesCAD_scaffold_035254_01G000400	1	0.0323141533652028	0.0323707790372994	0.00192522283603325	1
TraesCAD_scaffold_127189_01G000100	1	0.0318277344338927	0.0320791184049799	0.00147279796075493	1
TraesCAD_scaffold_015315_01G000200	1	0.0257780911362273	0.0259382877232568	0.00134595449567815	1
TraesCAD_scaffold_020853_01G000100	1	0.0337573052323445	0.0338525323986179	0.00167975416041799	1
TraesCAD_scaffold_022743_01G000100	1	0.0343475999116104	0.0342904313335674	0.00149136568874568	1
TraesCAD_scaffold_031443_01G000200	1	0.0305768353026362	0.0307029293824407	0.00110764064478042	1
TraesCAD_scaffold_329024_01G000100	1	0.0371695206636681	0.0368364705030009	0.00126862656590075	1
TraesCAD_scaffold_014507_01G000400	1	0.034679226722435	0.0346756076074058	0.00129375048249627	1
TraesCAD_scaffold_022764_01G000200	1	0.0364181963523289	0.036230550304484	0.00112965533593555	1
TraesCAD_scaffold_026005_01G000300	1	0.0327402474116133	0.0328963339092105	0.00102971166329782	1
TraesCAD_scaffold_072102_01G000100	1	0.0296593910938579	0.0300111084710552	0.00169129580748519	1
TraesCAD_scaffold_004302_01G000100	1	0.0375089587699067	0.0374689863388039	0.00124363112619864	1
TraesCAD_scaffold_023465_01G000100	1	0.0376860331362547	0.0375467899765339	0.000987447343230751	1
TraesCAD_scaffold_046009_01G000100	1	0.0366143523534719	0.0365141460645988	0.00113544207726632	1
TraesCAD_scaffold_019321_01G000100	1	0.0336506918402647	0.0337711730174691	0.00181369435287661	1
TraesCAD_scaffold_069203_01G000100	1	0.0328928558480945	0.0329957937886028	0.00120860243649344	1
TraesCAD_scaffold_015250_01G000100	1	0.0268032310454465	0.0268698250595428	0.00234030650280294	1
TraesCAD_scaffold_005570_01G000700	1	0.0329696722168591	0.0328651699588209	0.00202035621311855	1
TraesCAD_scaffold_087019_01G000200	1	0.036081629443869	0.0360868629626411	0.00107771414271896	1
TraesCAD_scaffold_003054_01G000400	1	0.0344536155862443	0.0343750381959203	0.00247760413395752	1
TraesCAD_scaffold_070076_01G000100	1	0.0310157981888145	0.0305391335300822	0.00197877238373539	1
TraesCAD_scaffold_043024_01G000500	1	0.0233954838289034	0.0237612936518874	0.00205852847647566	1
TraesCAD_scaffold_098004_01G000100	1	0.0326795257192606	0.0329330934914138	0.00141076196923397	1
TraesCAD_scaffold_064612_01G000100	1	0.0342598300522735	0.034318815236989	0.0017429888080837	1
TraesCAD_scaffold_012922_01G000500	1	0.0370952729397087	0.0369722814964104	0.00098934222351483	1
TraesCAD_scaffold_103514_01G000100	1	0.0351530894932065	0.0351020534453497	0.0010083128186398	1
TraesCAD_scaffold_053630_01G000100	1	0.0322811807162364	0.0324167602505694	0.00199145585674866	1
TraesCAD_scaffold_043032_01G000200	1	0.0346595644440723	0.0342201309479245	0.00180865103023824	1
TraesCAD_scaffold_050961_01G000400	1	0.0369945982263566	0.0368483350941987	0.001094257702979	1
TraesCAD_scaffold_027786_01G000100	1	0.0329123398793437	0.0330580081666392	0.000634106225440633	1
TraesCAD_scaffold_040954_01G000200	1	0.0346035920858846	0.0346352289778305	0.00145104989332767	1
TraesCAD_scaffold_069982_01G000400	1	0.0371931279809245	0.0369736052174471	0.00067310502177654	1
TraesCAD_scaffold_111573_01G000300	1	0.0302571202510891	0.0303805265913519	0.00194007783586929	1
TraesCAD_scaffold_079761_01G000100	1	0.0311919272484337	0.0313251028512561	0.00139622137750876	1
TraesCAD_scaffold_017567_01G000200	1	0.0328751929394459	0.0329356579340986	0.000690621701018008	1
TraesCAD_scaffold_042006_01G000100	1	0.0340418442886503	0.034217230567696	0.00212849617945647	1
TraesCAD_scaffold_122008_01G000100	1	0.0353004223227497	0.0351174630875403	0.00111013074362033	1
TraesCAD_scaffold_069169_01G000100	1	0.0348582573488431	0.0349017713309338	0.00156486822432342	1
TraesCAD_scaffold_028046_01G000100	1	0.0259798825293999	0.0263447529304775	0.00186799319243192	1
TraesCAD_scaffold_010548_01G000500	1	0.0346991538660222	0.0347504213123036	0.00125786279547409	1
TraesCAD_scaffold_009419_01G000400	1	0.0330853356381521	0.0331634153306089	0.000918338320479507	1
TraesCAD_scaffold_073809_01G000100	1	0.0348244988830953	0.0348293741900832	0.00091772686546362	1
TraesCAD_scaffold_062445_01G000100	1	0.0355459750925165	0.0355694284457571	0.00113355218735673	1
TraesCAD_scaffold_140847_01G000300	1	0.0345267297669891	0.0344073978304359	0.000901969504162415	1
TraesCAD_scaffold_057623_01G000300	1	-0.00132097441944935	-0.0018467517363069	0.00388919156094223	0.68
TraesCAD_scaffold_051479_01G000100	1	0.0242237836846783	0.0242922496834447	0.00275556921057556	1
TraesCAD_scaffold_111477_01G000200	1	0.0365195518216057	0.0362417066943901	0.00127950640254482	1
TraesCAD_scaffold_098437_01G000200	1	0.0321752321277925	0.0322957651419621	0.00167139234742602	1
TraesCAD_scaffold_091708_01G000100	1	0.0277794040981628	0.0278933902482831	0.00202271651961057	1
TraesCAD_scaffold_013787_01G000100	1	0.0333508760003568	0.0334068040903126	0.00153448474579671	1
TraesCAD_scaffold_004067_01G000200	1	0.035386145098643	0.035298605778301	0.00134543500470189	1
TraesCAD_scaffold_053957_01G000200	1	0.0360723053810769	0.0358432123607676	0.00117235649222719	1
TraesCAD_scaffold_030622_01G000100	1	0.0312229282481401	0.0314022405816248	0.00127738125718538	1
TraesCAD_scaffold_005999_01G000100	1	0.0354493070842606	0.0352189323587443	0.0015899477982635	1
TraesCAD_scaffold_075831_01G000300	1	0.0357268261262571	0.0356489600302478	0.000827566652806349	1
TraesCAD_scaffold_012535_01G000100	1	0.0347087681315154	0.0345988104491334	0.00145229341943993	1
TraesCAD_scaffold_065206_01G000200	1	0.0355803598105738	0.0353454415335913	0.0011124683739661	1
TraesCAD_scaffold_072215_01G000100	1	0.0330976310450305	0.0331978411574613	0.000669132096866657	1
TraesCAD_scaffold_124413_01G000100	1	0.0343803211605896	0.034228363556755	0.00118483918719552	1
TraesCAD_scaffold_006479_01G000200	1	0.0356577926856208	0.035541943053155	0.000917437666059226	1
TraesCAD_scaffold_111573_01G000200	1	0.0309729163530673	0.0310078602281472	0.00169995877335172	1
TraesCAD_scaffold_017313_01G000100	1	0.0349745055802106	0.0348571558522548	0.000875317722135555	1
TraesCAD_scaffold_071769_01G000200	1	0.0272180875168617	0.027359456137944	0.00144396817980737	1
TraesCAD_scaffold_013785_01G000100	1	0.0225164473312271	0.0228847242063926	0.0018794582063029	1
TraesCAD_scaffold_062078_01G000200	1	0.0356353688030707	0.0355012093167982	0.000744111834407307	1
TraesCAD_scaffold_088011_01G000400	1	0.0332845264971414	0.0332416531678096	0.00166371087308893	1
TraesCAD_scaffold_055844_01G000400	1	0.0359202721521286	0.0357717896143578	0.000678786414321265	1
TraesCAD_scaffold_041840_01G000200	1	0.0358853768759741	0.0357739897127447	0.000690951214454362	1
TraesCAD_scaffold_147751_01G000100	1	0.0352462453546789	0.0350906308353899	0.000928641721611118	1
TraesCAD_scaffold_021436_01G000200	1	0.0333438666031383	0.0332885343200995	0.000968406669513585	1
TraesCAD_scaffold_069845_01G000200	1	0.0354873020877264	0.0352268332638302	0.000796523022226018	1
TraesCAD_scaffold_051051_01G000100	1	0.0323913124826968	0.032414028052614	0.00118380397783301	1
TraesCAD_scaffold_129934_01G000100	1	0.0317042291850586	0.0317312712429507	0.000786661288205799	1
TraesCAD_scaffold_088595_01G000100	1	0.0353327283241061	0.0350803500555747	0.000967512428928627	1
TraesCAD_scaffold_074133_01G000100	1	0.0351108712410044	0.0348775674561044	0.000870497693895379	1
TraesCAD_scaffold_033782_01G000200	1	0.029466572475247	0.0293337044324512	0.00160489429324324	1
TraesCAD_scaffold_105396_01G000100	1	-0.0259859619855785	-0.0257367767663129	0.00200231535308925	1
TraesCAD_scaffold_071769_01G000600	1	0.0263697656656797	0.0265757217364272	0.00165661776778752	1
TraesCAD_scaffold_014507_01G000700	1	0.0274494180614752	0.0276184862340996	0.00218189649473	1
TraesCAD_scaffold_012476_01G000100	1	0.0337375953691677	0.0337052336993596	0.00147170713940117	1
TraesCAD_scaffold_003487_01G000100	1	0.032094209390391	0.0318923507953368	0.00164923951611651	1
TraesCAD_scaffold_039148_01G000100	1	0.0317009604882243	0.0315818193853878	0.00120074644577036	1
TraesCAD_scaffold_033501_01G000300	1	0.0154839618582614	0.0158875100996778	0.00253641572024177	1
TraesCAD_scaffold_070961_01G000100	1	0.03402722001955	0.0339973517953189	0.00248030290055065	1
TraesCAD_scaffold_031210_01G000100	1	0.0317316312319425	0.0315335153493169	0.00205391703390097	1
TraesCAD_scaffold_008186_01G000300	1	0.0348267267004433	0.0345188437022183	0.00118936628505277	1
TraesCAD_scaffold_002962_01G000300	1	0.0218720177557108	0.0219571543212884	0.00129597270049893	1
TraesCAD_scaffold_067157_01G000100	1	0.0319061821798466	0.0317740209246613	0.00129004908323557	1
TraesCAD_scaffold_014507_01G000600	1	0.0297372152713171	0.029764035814088	0.00153876331277585	1
TraesCAD_scaffold_064612_01G000200	1	0.031832912051245	0.0319527290150488	0.00238429899071938	1
TraesCAD_scaffold_037797_01G000200	1	0.0325121839166278	0.0325663424874929	0.00134021208154508	1
TraesCAD_scaffold_071769_01G000400	1	0.0288374137892221	0.0288779144433306	0.00171415411637996	1
TraesCAD_scaffold_042310_01G000100	1	0.0332225753258284	0.0331088351269395	0.000825639080578539	1
TraesCAD_scaffold_023340_01G000200	1	0.0340382481349033	0.0338678278332777	0.000732835242585951	1
TraesCAD_scaffold_077961_01G000300	1	0.0341057245829805	0.0339205292464021	0.00102813028711492	1
TraesCAD_scaffold_032566_01G000200	1	0.0274647526170227	0.0275775230888591	0.00154745541615847	1
TraesCAD_scaffold_008273_01G000600	1	0.0190688018250066	0.0192029147125948	0.0020334442979426	1
TraesCAD_scaffold_086440_01G000400	1	0.0229330574001576	0.0230134886607478	0.00239412383113979	1
TraesCAD_scaffold_063102_01G000100	1	0.0325726011412076	0.0324557571048383	0.00150531775271676	1
TraesCAD_scaffold_062596_01G000100	1	-0.0253980591314723	-0.0249202812133479	0.0023490495418156	1
TraesCAD_scaffold_015878_01G000100	1	0.0331884791926783	0.0330038991765127	0.00117147431621738	1
TraesCAD_scaffold_015592_01G000200	1	0.0328469911009648	0.032750415147194	0.000878861363595802	1
TraesCAD_scaffold_042143_01G000100	1	0.0314360615639471	0.0313877175407156	0.000966786785535193	1
TraesCAD_scaffold_011934_01G000200	1	0.0349907373639911	0.0348593517009868	0.00105131251031723	1
TraesCAD_scaffold_128037_01G000100	1	0.0347257803027834	0.0344715127023711	0.00132656367369128	1
TraesCAD_scaffold_059186_01G000100	1	0.0325208919534069	0.0325952068974409	0.00122997369416087	1
TraesCAD_scaffold_034454_01G000200	1	0.0331716682003006	0.0331301403782681	0.00113001064044672	1
TraesCAD_scaffold_013846_01G000100	1	0.0309602639343253	0.0310295652968579	0.000787884697294897	1
TraesCAD_scaffold_140315_01G000100	1	0.0305236700702297	0.030539693786809	0.00236862793874356	1
TraesCAD_scaffold_038159_01G000100	1	0.0322563848317761	0.0322337497467493	0.00121052658965324	1
TraesCAD_scaffold_233991_01G000100	1	0.0139274441858329	0.0139042168936133	0.006720390605354	0.99
TraesCAD_scaffold_013984_01G000100	1	-0.0151047392109461	-0.0157009172085896	0.00415452780443912	1
TraesCAD_scaffold_066027_01G000100	1	0.0314066192974539	0.0312485234076776	0.00113326401950622	1
TraesCAD_scaffold_047533_01G000200	1	0.0337541205473977	0.0335668214525559	0.000887122427398203	1
TraesCAD_scaffold_045339_01G000400	1	0.0327868654703563	0.0325075794111588	0.00154447109795107	1
TraesCAD_scaffold_054974_01G000300	1	0.0284102445045285	0.0284922840146854	0.00151660664902352	1
TraesCAD_scaffold_061607_01G000200	1	-0.0332556541173345	-0.0333826236388128	0.00193395250621669	1
TraesCAD_scaffold_038067_01G000100	1	0.0265251423368233	0.0267795572850969	0.00146434615829078	1
TraesCAD_scaffold_002580_01G000100	1	-0.0091313982545369	-0.0087810653076645	0.00221173754532475	1
TraesCAD_scaffold_011435_01G000300	1	0.0017020094613322	0.00181310609290368	0.00193515427245424	0.83
TraesCAD_scaffold_094530_01G000100	1	0.0286749334872487	0.0287041481663962	0.00126823449487117	1
TraesCAD_scaffold_151181_01G000100	1	0.0301313236329701	0.0301369774099936	0.00101459217204997	1
TraesCAD_scaffold_045801_01G000100	1	0.0309911995455054	0.0311725832109348	0.00228979563783162	1
TraesCAD_scaffold_074499_01G000100	1	0.0278422388814708	0.0278209962694778	0.00198673065508788	1
TraesCAD_scaffold_062003_01G000100	1	0.0323355225044932	0.0319580458520068	0.00125765730150068	1
TraesCAD_scaffold_067998_01G000300	1	0.0309615365470066	0.0309134755715808	0.0011588563943908	1
TraesCAD_scaffold_708645_01G000100	1	0.0152080864754186	0.0153856578492274	0.00427365689730393	1
TraesCAD_scaffold_051056_01G000100	1	0.0296233066946495	0.0298307318253856	0.00123587053263209	1
TraesCAD_scaffold_002407_01G000200	1	0.0296031148323508	0.0297188935174891	0.00122865892555595	1
TraesCAD_scaffold_003127_01G000900	1	0.0321395553278893	0.0319963796984667	0.00143752907179781	1
TraesCAD_scaffold_131134_01G000100	1	0.0332677423848669	0.0330462001475256	0.00118132167244471	1
TraesCAD_scaffold_060732_01G000200	1	0.0324517731491496	0.0323198250417277	0.000772408713462032	1
TraesCAD_scaffold_010548_01G000100	1	0.031201953847513	0.0313022893318705	0.00152542008441902	1
TraesCAD_scaffold_000238_01G000400	1	0.0018482644641279	0.00184836400039013	0.00140104510725916	0.91
TraesCAD_scaffold_128037_01G000200	1	0.0295141131053169	0.0295706769256173	0.00102814252509844	1
TraesCAD_scaffold_006544_01G000100	1	0.0315102723715992	0.0313549248952791	0.0010552534984063	1
TraesCAD_scaffold_021828_01G000800	1	0.030898348592309	0.0309440319557395	0.00114431657065852	1
TraesCAD_scaffold_011627_01G000200	1	0.0310520065370796	0.0309780554561745	0.00171295719736299	1
TraesCAD_scaffold_014697_01G000100	1	0.0298672033995847	0.0299368582716228	0.00158922950665953	1
TraesCAD_scaffold_037031_01G000100	1	0.0105122747730925	0.0105128528197069	0.00219296553174526	1
TraesCAD_scaffold_008979_01G000200	1	0.0332194987481961	0.0330868966142853	0.000713907346864412	1
TraesCAD_scaffold_054515_01G000200	1	-0.0114600937496171	-0.0110254444021698	0.00230528563134499	1
TraesCAD_scaffold_018257_01G000200	1	0.0279020258204315	0.0274975185436297	0.00196075650465958	1
TraesCAD_scaffold_066422_01G000200	1	0.0137295360904194	0.0134242792666757	0.00328210064044511	1
TraesCAD_scaffold_011934_01G000300	1	0.0298805091933852	0.0299702237570655	0.000887166829670921	1
TraesCAD_scaffold_069922_01G000100	1	0.0300735982163839	0.029953300366513	0.00123329165880459	1
TraesCAD_scaffold_044171_01G000200	1	-0.0314790409970704	-0.0310658341670032	0.00210861609454791	1
TraesCAD_scaffold_054144_01G000500	1	0.0337928747404667	0.0335599941307536	0.00074814449911298	1
TraesCAD_scaffold_013519_01G000100	1	-0.0122165958849739	-0.0118916555703562	0.00201475842472132	1
TraesCAD_scaffold_114552_01G000100	1	0.00294827341761332	0.0026954351182653	0.00647582771169962	0.655
TraesCAD_scaffold_018513_01G000500	1	0.0289834866565007	0.0291046593763863	0.00125954223688009	1
TraesCAD_scaffold_030619_01G000100	1	0.0308544513569418	0.0304085174569698	0.00204066463189769	1
TraesCAD_scaffold_070326_01G000100	1	0.0296928109353842	0.0296715979409275	0.00111349658126371	1
TraesCAD_scaffold_001332_01G000100	1	0.0299348315627736	0.0298876086450289	0.000694767436758641	1
TraesCAD_scaffold_047163_01G000100	1	0.030741690192261	0.0307663962051357	0.00184045390743108	1
TraesCAD_scaffold_043096_01G000300	1	0.0272953284830328	0.0273792157561667	0.00121980323052429	1
TraesCAD_scaffold_346003_01G000100	1	0.00448474022035833	0.00451220755788754	0.00247233555323543	0.97
TraesCAD_scaffold_055207_01G000100	1	0.0290839618809961	0.0291703119850922	0.00139396055172918	1
TraesCAD_scaffold_081114_01G000100	1	-0.000272167203267906	5.39331764007533e-05	0.00175552039241463	0.46
TraesCAD_scaffold_631170_01G000100	1	0.029805045647341	0.0296660165995608	0.000885074475777991	1
TraesCAD_scaffold_025841_01G000500	1	0.032469991181283	0.0322641105881131	0.00115310193087162	1
TraesCAD_scaffold_029579_01G000200	1	0.0282183588736501	0.0283426229328382	0.000861257729734523	1
TraesCAD_scaffold_025660_01G000300	1	0.0324124441749267	0.0320341661009118	0.00145631289840502	1
TraesCAD_scaffold_109318_01G000400	1	0.0327364719045056	0.032722933590432	0.00106871049768332	1
TraesCAD_scaffold_146252_01G000100	1	0.00503598119957375	0.0045939972345135	0.003445320038418	0.905
TraesCAD_scaffold_017251_01G000300	1	0.027774356866033	0.0278772138748399	0.00099253942888923	1
TraesCAD_scaffold_085829_01G000100	1	0.0285935954541957	0.028723899095627	0.00133345044118492	1
TraesCAD_scaffold_015681_01G000100	1	0.00493029489504772	0.00497192421815786	0.00130756971950725	1
TraesCAD_scaffold_077127_01G000100	1	0.030658290856138	0.0307687313588036	0.000934893892660543	1
TraesCAD_scaffold_109056_01G000200	1	-0.0321210454507356	-0.0320563425787112	0.00165337464577964	1
TraesCAD_scaffold_104221_01G000100	1	0.000678936883087302	0.000746455995922465	0.00151401790220281	0.685
TraesCAD_scaffold_051822_01G000100	1	0.0301961212880418	0.0297576734022642	0.00239805962881792	1
TraesCAD_scaffold_051365_01G000600	1	0.0329405087238605	0.0327356402045	0.00111248971850031	1
TraesCAD_scaffold_014901_01G000700	1	0.0322271708482003	0.0322783227662569	0.00106065689690729	1
TraesCAD_scaffold_153929_01G000100	1	0.0316040296150314	0.0312205950445006	0.0016192429152443	1
TraesCAD_scaffold_012928_01G000200	1	0.0292582187180413	0.0293228076925912	0.000932654275533681	1
TraesCAD_scaffold_038565_01G000200	1	0.0318355464648804	0.0316638185876398	0.00105380317984855	1
TraesCAD_scaffold_107454_01G000200	1	0.0330515486964321	0.0330697647310848	0.00129216032237601	1
TraesCAD_scaffold_010791_01G000400	1	0.0316008628844465	0.0315057392213677	0.00134540524946184	1
TraesCAD_scaffold_007356_01G000300	1	0.0298921031376792	0.0298969906268846	0.000726850342528398	1
TraesCAD_scaffold_005440_01G000100	1	-0.00688665304405117	-0.00693160051791509	0.00378164033080328	0.96
TraesCAD_scaffold_064931_01G000200	1	0.0225311098646474	0.0226260752592343	0.000668621788839041	1
TraesCAD_scaffold_054522_01G000300	1	0.0322042185679677	0.0320086260403135	0.000956853799795797	1
TraesCAD_scaffold_026604_01G000100	1	0.0317541227449934	0.0317343329965538	0.000728854438878775	1
TraesCAD_scaffold_101847_01G000100	1	0.0229700949278092	0.0229745911357229	0.00117894074211971	1
TraesCAD_scaffold_000340_01G000300	1	0.0306305790202998	0.0301913154439525	0.00134038028835203	1
TraesCAD_scaffold_007325_01G000500	1	0.0289884827009361	0.0288308747011569	0.00099713822999187	1
TraesCAD_scaffold_135719_01G000100	1	0.0293207836216325	0.0292397815597748	0.00119128645555834	1
TraesCAD_scaffold_116541_01G000100	1	-0.00709428253451757	-0.0069624239137624	0.003136414946964	0.985
TraesCAD_scaffold_069763_01G000200	1	0.0304263264673743	0.0303752951387401	0.00143216471118194	1
TraesCAD_scaffold_018010_01G000400	1	0.0252885209364839	0.0254680669277814	0.00168397621654649	1
TraesCAD_scaffold_015617_01G000100	1	0.0306043076981532	0.0305668065151916	0.000837572557711575	1
TraesCAD_scaffold_011060_01G000300	1	0.0321194482921669	0.0319540773651989	0.000807007904741153	1
TraesCAD_scaffold_030360_01G000100	1	0.0303504089930484	0.0304048231810112	0.00120489893936073	1
TraesCAD_scaffold_010576_01G000200	1	0.027226930535362	0.0273256990064325	0.000969078793401855	1
TraesCAD_scaffold_088922_01G000100	1	0.0301614639846076	0.030239640342075	0.00128749458200808	1
TraesCAD_scaffold_017081_01G000300	1	0.0316024361505809	0.0314165563554826	0.000860838944412488	1
TraesCAD_scaffold_069952_01G000300	1	0.0193405320428213	0.0196283380377448	0.00134967906171418	1
TraesCAD_scaffold_015146_01G000300	1	0.0204890869987379	0.0206851626490852	0.0012862254143661	1
TraesCAD_scaffold_003557_01G000100	1	0.0309067582016034	0.0307467296761393	0.000945728987294581	1
TraesCAD_scaffold_001004_01G000100	1	0.0245262773617933	0.0243968640609037	0.00149372851046702	1
TraesCAD_scaffold_004549_01G000300	1	0.025851757891403	0.0259272066393956	0.00120211518184657	1
TraesCAD_scaffold_000673_01G000300	1	0.0257086458414541	0.0259090884358991	0.00135228094786743	1
TraesCAD_scaffold_011479_01G000500	1	-0.00240220384862414	-0.00226927343420397	0.00141220036547481	0.945
TraesCAD_scaffold_027813_01G000500	1	0.0316430834952154	0.0314271341272952	0.00115507018613202	1
TraesCAD_scaffold_071669_01G000100	1	0.0314697029479845	0.0315499867855411	0.00115744082936184	1
TraesCAD_scaffold_055223_01G000200	1	0.0298393345801098	0.0295557926953471	0.00113540821074754	1
TraesCAD_scaffold_022399_01G000100	1	0.0262016261779116	0.0264182248536807	0.00187766026327432	1
TraesCAD_scaffold_037646_01G000100	1	0.0318376980377765	0.0316802326353555	0.000939645629682555	1
TraesCAD_scaffold_079585_01G000100	1	0.031397134379968	0.0310279431887939	0.00159189495780966	1
TraesCAD_scaffold_114176_01G000100	1	0.028952840463549	0.0286095107305937	0.00117429602666433	1
TraesCAD_scaffold_082744_01G000300	1	0.0310974146985668	0.0307804551681784	0.00164016014550871	1
TraesCAD_scaffold_008523_01G000200	1	0.0282638397055307	0.0283203574520472	0.00125819930291447	1
TraesCAD_scaffold_046453_01G000200	1	-0.00630817740407749	-0.00611293296796177	0.00111298993503601	1
TraesCAD_scaffold_017142_01G000400	1	0.0311623793008894	0.0310948810542502	0.00108871275921386	1
TraesCAD_scaffold_115739_01G000100	1	0.0274400582136719	0.0273372239949672	0.00106408882466393	1
TraesCAD_scaffold_002876_01G000500	1	0.0258407517859891	0.0259965900207599	0.00149215419608651	1
TraesCAD_scaffold_044613_01G000100	1	0.0221535737444789	0.0220362162472087	0.00209951382372792	1
TraesCAD_scaffold_045108_01G000100	1	0.0246790765752712	0.0248042811555291	0.0008248330259704	1
TraesCAD_scaffold_038664_01G000200	1	0.0261193719833482	0.0262107202443694	0.00101893438268856	1
TraesCAD_scaffold_097486_01G000100	1	0.00132442799998083	0.0017166117336582	0.00253742118440797	0.79
TraesCAD_scaffold_054786_01G000400	1	0.0303499110244876	0.0303020282370047	0.00115025676401855	1
TraesCAD_scaffold_005875_01G000300	1	0.0210485215964506	0.0209780169214375	0.00232204899956695	1
TraesCAD_scaffold_029863_01G000100	1	0.0292394887282809	0.029262942929562	0.000640894179262024	1
TraesCAD_scaffold_115769_01G000100	1	0.0298467809129207	0.0296672344282022	0.00178994502000748	1
TraesCAD_scaffold_016397_01G000100	1	0.0295245262862831	0.0294050117681379	0.00151702440716893	1
TraesCAD_scaffold_029418_01G000200	1	0.0265080001100427	0.026532035358654	0.00238681381458999	1
TraesCAD_scaffold_034519_01G000300	1	0.0316849898593288	0.0315421060986878	0.000856769226264986	1
TraesCAD_scaffold_000803_01G000100	1	0.0264990684872735	0.0265316150921725	0.00128038491322155	1
TraesCAD_scaffold_009295_01G000300	1	0.0240810243548985	0.0239992681915451	0.0017949805871786	1
TraesCAD_scaffold_051166_01G000200	1	-0.0185673740489325	-0.0185619827070672	0.00237611772118298	1
TraesCAD_scaffold_046901_01G000200	1	-0.0187763416689032	-0.0185568836918543	0.00241515217938835	1
TraesCAD_scaffold_030615_01G000200	1	-0.00897677742248515	-0.00905485321489509	0.00253842764873906	1
TraesCAD_scaffold_101648_01G000100	1	0.0275466746055083	0.0277301884437592	0.00182436683100405	1
TraesCAD_scaffold_033391_01G000200	1	0.0287395891588752	0.0287643560153121	0.000725456421505552	1
TraesCAD_scaffold_028732_01G000100	1	0.0275870635795008	0.0276111265763465	0.00078541806640914	1
TraesCAD_scaffold_014740_01G001300	1	0.0306416469825262	0.0303691686627781	0.00118193033686633	1
TraesCAD_scaffold_060977_01G000400	1	-0.0298670453277801	-0.0296517848798448	0.00129796509555574	1
TraesCAD_scaffold_037998_01G000100	1	0.0311314783716562	0.0309700300114265	0.00112944637537052	1
TraesCAD_scaffold_110979_01G000100	1	0.0280719660019286	0.0280416608582007	0.00119782749982921	1
TraesCAD_scaffold_026011_01G000200	1	0.0289600684256492	0.0288724596911315	0.000727331907085829	1
TraesCAD_scaffold_063856_01G000400	1	0.0293477158715115	0.0293242127025813	0.00138418682490305	1
TraesCAD_scaffold_038888_01G000400	1	0.0292101175219473	0.0292846509167255	0.000979644110765136	1
TraesCAD_scaffold_093393_01G000200	1	-0.0312795908801179	-0.0313025319946967	0.00150323485629112	1
TraesCAD_scaffold_000185_01G000300	1	0.0303427147823459	0.0302915304411727	0.000935690881382835	1
TraesCAD_scaffold_017224_01G000100	1	0.0184427724302334	0.0188208854764462	0.00167648332058689	1
TraesCAD_scaffold_068862_01G000100	1	-0.0217506764754526	-0.021403170852105	0.00397029375816956	1
TraesCAD_scaffold_013661_01G000100	1	0.00114158777781331	0.00113914481133632	0.00218561364341286	0.705
TraesCAD_scaffold_008402_01G000200	1	0.024325979894365	0.0244175531725408	0.00173215257653135	1
TraesCAD_scaffold_023766_01G000300	1	0.0293505609344402	0.0294294312304231	0.00196158328186993	1
TraesCAD_scaffold_091993_01G000100	1	0.0295488018695004	0.0293724248005215	0.00126997706000919	1
TraesCAD_scaffold_047806_01G000500	1	0.0295322011351065	0.0294409727444672	0.000796092200385684	1
TraesCAD_scaffold_026941_01G000200	1	-0.0305335820378176	-0.0307745012111269	0.00212603902224827	1
TraesCAD_scaffold_019856_01G000100	1	0.0298873388095966	0.0298604741088138	0.00153036565352362	1
TraesCAD_scaffold_042793_01G000500	1	0.0294832273667236	0.0293173789359147	0.00088502839290461	1
TraesCAD_scaffold_061938_01G000100	1	0.0249135741768404	0.0250981562822316	0.00104681855624968	1
TraesCAD_scaffold_056800_01G000100	1	0.0306916878406629	0.0305950607224792	0.000764339161389457	1
TraesCAD_scaffold_061316_01G000200	1	0.0300132143900441	0.0295705385042596	0.00183846640160536	1
TraesCAD_scaffold_002648_01G000200	1	0.0284190710212122	0.0283710137235472	0.00122996729519442	1
TraesCAD_scaffold_081007_01G000100	1	0.0272290559871327	0.0271534702511558	0.00113002192218515	1
TraesCAD_scaffold_036646_01G000100	1	0.0299290290311622	0.0298791648478563	0.000909763379299622	1
TraesCAD_scaffold_030547_01G000100	1	-0.0159889884219219	-0.0158013613839051	0.00266571353701535	1
TraesCAD_scaffold_061956_01G000400	1	0.0215339977066435	0.021651537267674	0.00119077312227255	1
TraesCAD_scaffold_072677_01G000300	1	0.0310754243124631	0.0309300633803104	0.000633543392229229	1
TraesCAD_scaffold_021745_01G000200	1	0.0292062448777205	0.0290816516340413	0.00207074718768735	1
TraesCAD_scaffold_042602_01G000400	1	0.0286239522120573	0.0283744775291853	0.00122880552474384	1
TraesCAD_scaffold_001979_01G000900	1	0.0299071536294928	0.029719893995071	0.00104977937372278	1
TraesCAD_scaffold_077961_01G000200	1	0.0169717552167648	0.0170155489804971	0.00143130547780947	1
TraesCAD_scaffold_012209_01G000100	1	0.0302661501887687	0.0301563837851286	0.00111587038451339	1
TraesCAD_scaffold_055807_01G000300	1	0.0251386307142859	0.0252331233328453	0.00176653248527662	1
TraesCAD_scaffold_000030_01G000400	1	0.0290685597199027	0.0289793354081345	0.00189305303629884	1
TraesCAD_scaffold_006481_01G000600	1	0.0249295032634385	0.0249610795118651	0.000766122979914551	1
TraesCAD_scaffold_134062_01G000100	1	0.0295073478746095	0.0294488072129445	0.000887049633349096	1
TraesCAD_scaffold_014261_01G000400	1	0.0266038403254175	0.0266481231401799	0.00074405913719002	1
TraesCAD_scaffold_069169_01G000200	1	0.0284165677323149	0.0284941532855839	0.00146699108073523	1
TraesCAD_scaffold_013087_01G000100	1	-0.00747248560872749	-0.00734261923718132	0.00115018458475574	1
TraesCAD_scaffold_017497_01G000100	1	0.0279294631889957	0.0278591170107448	0.00145177859042613	1
TraesCAD_scaffold_024980_01G000200	1	0.0283363548608909	0.0281133061308203	0.00142037875585823	1
TraesCAD_scaffold_021449_01G000100	1	0.020970032619968	0.0211386545556373	0.000865030015105848	1
TraesCAD_scaffold_008386_01G000200	1	-0.029504083762353	-0.0295697687250229	0.00137176799711986	1
TraesCAD_scaffold_001768_01G000100	1	-0.0226441417360738	-0.022565839659384	0.00259768308738103	1
TraesCAD_scaffold_059145_01G000200	1	0.0254986944952028	0.0254675409440361	0.000937742310710186	1
TraesCAD_scaffold_023622_01G000100	1	0.0299909564517434	0.0298460012387957	0.000953733852226232	1
TraesCAD_scaffold_087450_01G000100	1	0.0276372997052555	0.0275693108256792	0.000992235113824651	1
TraesCAD_scaffold_087895_01G000100	1	0.0291825289359823	0.0291045726312585	0.000810698319962126	1
TraesCAD_scaffold_021327_01G000200	1	0.027727488667636	0.027881018986673	0.00127645322090269	1
TraesCAD_scaffold_024132_01G000200	1	0.0299173400441295	0.0297461582199441	0.00079750518973983	1
TraesCAD_scaffold_049174_01G000100	1	0.00899777386786075	0.00905955013107323	0.000992898986618106	1
TraesCAD_scaffold_050561_01G000200	1	0.0305516730654431	0.0303179121688222	0.00134789988001815	1
TraesCAD_scaffold_009344_01G000100	1	0.0300045198544767	0.0298848818815184	0.0010374613959385	1
TraesCAD_scaffold_008547_01G000100	1	-0.0304683371083644	-0.0303479213660444	0.00151649906931849	1
TraesCAD_scaffold_021974_01G000200	1	-0.0275886705467669	-0.0273070403233359	0.00149812290994868	1
TraesCAD_scaffold_009733_01G000200	1	0.0291006141673297	0.0288897940763836	0.00114910186488713	1
TraesCAD_scaffold_071925_01G000100	1	0.0264752661894718	0.0266524481258908	0.00135522740702436	1
TraesCAD_scaffold_042765_01G000100	1	0.0252987777323772	0.0254351057727426	0.0012554044174117	1
TraesCAD_scaffold_000994_01G000700	1	-0.0308701016540268	-0.0306840733383787	0.00146861804093912	1
TraesCAD_scaffold_004459_01G000300	1	0.0283641026718428	0.0280786128141899	0.0017378594157082	1
TraesCAD_scaffold_021750_01G000300	1	-0.0299795489110752	-0.0299547526468406	0.00211447034804101	1
TraesCAD_scaffold_073591_01G000100	1	0.0230832221099023	0.0232706284485196	0.00114427140292652	1
TraesCAD_scaffold_068602_01G000200	1	-0.0136130731085396	-0.0139620932052003	0.00400305785698181	1
TraesCAD_scaffold_124065_01G000100	1	0.0304112415818407	0.0303101403555187	0.000858431132302959	1
TraesCAD_scaffold_142241_01G000100	1	0.0285625209429534	0.0282939739181252	0.00138141931376758	1
TraesCAD_scaffold_129059_01G000100	1	0.0279564170198418	0.0278687687408523	0.00182484800586475	1
TraesCAD_scaffold_064040_01G000200	1	0.0222892454596509	0.0222909067833725	0.000925301942369841	1
TraesCAD_scaffold_001618_01G000400	1	0.0176209119415539	0.0177243789933782	0.00123252739427825	1
TraesCAD_scaffold_007236_01G000100	1	0.0171855437465004	0.0173890698190738	0.00126355821079689	1
TraesCAD_scaffold_087409_01G000200	1	0.0298204910410969	0.0294889785412453	0.0012380558314335	1
TraesCAD_scaffold_096969_01G000100	1	0.0276754331315344	0.0275973893254485	0.00142969362051047	1
TraesCAD_scaffold_058693_01G000100	1	-0.0158792124168084	-0.0157145034514665	0.00263229755871326	1
TraesCAD_scaffold_086846_01G000200	1	0.00286872508683622	0.0024398223141726	0.00321477671739636	0.795
TraesCAD_scaffold_027670_01G000100	1	0.0161079360834919	0.0160756223619184	0.00145879125575984	1
TraesCAD_scaffold_024921_01G000300	1	-0.00531602564330174	-0.00568382204334962	0.0028469984278356	0.975
TraesCAD_scaffold_043450_01G000100	1	0.0224301631866306	0.0226831892519677	0.00125339944080932	1
TraesCAD_scaffold_050789_01G000200	1	0.00413347549574937	0.00425451083894664	0.00190219857417969	1
TraesCAD_scaffold_005286_01G000100	1	0.0293969050413492	0.0292968957945887	0.0011970171574582	1
TraesCAD_scaffold_042094_01G000100	1	0.0294678062530856	0.0292032918768823	0.00123376744988503	1
TraesCAD_scaffold_000912_01G000100	1	-0.0280065807997318	-0.0278325153282498	0.00150579577698317	1
TraesCAD_scaffold_008820_01G000100	1	-0.0296024961500077	-0.0293860427692989	0.00122409646208174	1
TraesCAD_scaffold_072752_01G000300	1	0.0287138562679922	0.0287392948093605	0.000488855577615136	1
TraesCAD_scaffold_043107_01G000100	1	0.0296422708168226	0.0295319615546099	0.000766772403245242	1
TraesCAD_scaffold_028875_01G000100	1	0.0303289957491466	0.0301733873687139	0.00133957771697611	1
TraesCAD_scaffold_076378_01G000100	1	0.0268693687768197	0.026857102438075	0.00149083655230055	1
TraesCAD_scaffold_025935_01G000300	1	0.0270405688954103	0.0268892743805573	0.0009137561546591	1
TraesCAD_scaffold_048046_01G000100	1	-0.0300418077930567	-0.0298540191008299	0.00131035219040433	1
TraesCAD_scaffold_063511_01G000100	1	-0.00170405188616612	-0.00171583123763505	0.00160954289510701	0.86
TraesCAD_scaffold_002262_01G000300	1	0.0201035499781504	0.0201325798447348	0.00162815692607021	1
TraesCAD_scaffold_008632_01G000100	1	0.0298513302686702	0.0298013208533532	0.00092776166162699	1
TraesCAD_scaffold_016263_01G000700	1	0.0300716229615631	0.0298802696893565	0.00107582255731552	1
TraesCAD_scaffold_035395_01G000400	1	0.0293165279128927	0.0289147170292415	0.00204574611568888	1
TraesCAD_scaffold_011449_01G000200	1	0.027185890605934	0.0270608956648938	0.00110668199509908	1
TraesCAD_scaffold_031347_01G000100	1	-0.0243624051581896	-0.0241933875534901	0.00307103101086816	1
TraesCAD_scaffold_211371_01G000100	1	4.9407235277365e-05	-4.66152769582375e-05	0.00161651970227677	0.5
TraesCAD_scaffold_023803_01G000200	1	0.0273458971329342	0.0272817592272345	0.00216722220996606	1
TraesCAD_scaffold_051882_01G000200	1	0.0230206869591611	0.0231011228145102	0.000771454160759183	1
TraesCAD_scaffold_036348_01G000300	1	0.0261703615696786	0.0260705190478437	0.00106294649996807	1
TraesCAD_scaffold_020337_01G000100	1	0.0259221982290103	0.0257889592114991	0.00141452508782844	1
TraesCAD_scaffold_105035_01G000100	1	0.0221449673303393	0.0221039633835701	0.000705486978653487	1
TraesCAD_scaffold_016263_01G000600	1	0.0296178832889723	0.0292893137244598	0.00139022565070219	1
TraesCAD_scaffold_014910_01G000200	1	0.0288038141069394	0.0286288634905343	0.00128401534562431	1
TraesCAD_scaffold_012476_01G000200	1	0.0279805146577345	0.0278685412710576	0.00148266914094183	1
TraesCAD_scaffold_062533_01G000200	1	-0.0275555504546553	-0.0276726646497702	0.00166189288270026	1
TraesCAD_scaffold_116384_01G000400	1	0.0237209949501373	0.0236907990817336	0.0013402985132943	1
TraesCAD_scaffold_034961_01G000200	1	0.00906516184105646	0.00920173752286402	0.0013252741576028	1
TraesCAD_scaffold_026278_01G000100	1	-0.010363479045248	-0.0104548814628555	0.00149230657848993	1
TraesCAD_scaffold_024413_01G000200	1	0.0287742707008666	0.0286891251091342	0.000785430877783264	1
TraesCAD_scaffold_021759_01G000200	1	0.0237506753490676	0.0238840253526582	0.001467110526648	1
TraesCAD_scaffold_042854_01G000100	1	0.0205229738899875	0.0205433716372833	0.00118786865062238	1
TraesCAD_scaffold_064207_01G000100	1	0.0273261516575657	0.0274032794117694	0.00105893174665189	1
TraesCAD_scaffold_001053_01G000400	1	0.0293698624114426	0.0292728187662477	0.000884309394764135	1
TraesCAD_scaffold_090357_01G000100	1	0.0261069294662707	0.0260372668631786	0.000701418520708063	1
TraesCAD_scaffold_122069_01G000100	1	-0.0291004876612549	-0.0288304880162885	0.00189892641475746	1
TraesCAD_scaffold_074470_01G000200	1	0.028328870692684	0.0283302789981545	0.000875929816366673	1
TraesCAD_scaffold_034618_01G000100	1	-0.0230076975758061	-0.0227425707338491	0.00128970359838849	1
TraesCAD_scaffold_062219_01G000100	1	0.0295627887940423	0.0295032858626666	0.000943169585405411	1
TraesCAD_scaffold_068044_01G000100	1	0.0254098890148737	0.0256362464944237	0.00121615637473592	1
TraesCAD_scaffold_056965_01G000100	1	0.0226107044375472	0.0225632351290247	0.00115372251839053	1
TraesCAD_scaffold_015737_01G000200	1	0.0286626267773586	0.0286575564360224	0.00125935840249103	1
TraesCAD_scaffold_059424_01G000200	1	0.0245830933918736	0.024652109681862	0.000807289792004479	1
TraesCAD_scaffold_051180_01G000200	1	0.0299123396930047	0.0297335467744388	0.000656984645134172	1
TraesCAD_scaffold_091805_01G000100	1	0.00414437281045581	0.00422345622101989	0.00132913250051723	1
TraesCAD_scaffold_124817_01G000100	1	0.0258177093124485	0.0257868473125042	0.00181884361176953	1
TraesCAD_scaffold_034672_01G000100	1	0.0160622384548904	0.0163401910741258	0.00139813575443438	1
TraesCAD_scaffold_009207_01G000100	1	0.0247112722001957	0.0248603184200747	0.00145089545101484	1
TraesCAD_scaffold_043601_01G000100	1	0.0274525749071728	0.0274445855222299	0.00122324081534662	1
TraesCAD_scaffold_091637_01G000200	1	0.0284549302368307	0.0282195232392017	0.00141553617334546	1
TraesCAD_scaffold_066243_01G000100	1	0.0241380219201466	0.0241341839402255	0.00137149225633539	1
TraesCAD_scaffold_045108_01G000200	1	0.0207587259117817	0.0208191965189767	0.000907020998569178	1
TraesCAD_scaffold_023031_01G000200	1	0.0289511602793015	0.0285873279965462	0.0012730690971116	1
TraesCAD_scaffold_021594_01G000200	1	0.0240497171096339	0.0242839764577918	0.00117172450028796	1
TraesCAD_scaffold_061605_01G000200	1	0.0292434755532796	0.0288179410899477	0.00151216586446711	1
TraesCAD_scaffold_056043_01G000100	1	0.0120403427931309	0.0122379667539905	0.00353739535578886	1
TraesCAD_scaffold_087165_01G000100	1	0.0283809397243393	0.0281012487808577	0.000695227321847702	1
TraesCAD_scaffold_002608_01G000300	1	0.0283252200064515	0.0282877253966626	0.00140213298514719	1
TraesCAD_scaffold_072506_01G000200	1	-0.0295193633867194	-0.029442819771982	0.00117981689497426	1
TraesCAD_scaffold_078798_01G000200	1	0.0294886090818962	0.0294141211967632	0.000741151816671996	1
TraesCAD_scaffold_033952_01G000200	1	0.0281638800990333	0.028022914497001	0.00064718583560237	1
TraesCAD_scaffold_010654_01G000600	1	0.0264596298100779	0.0263937318046493	0.000856450282509112	1
TraesCAD_scaffold_238558_01G000100	1	0.0265955124818546	0.0266243052545709	0.000723063575134283	1
TraesCAD_scaffold_054974_01G000200	1	0.0237769229345126	0.0239134757118395	0.00128942190798942	1
TraesCAD_scaffold_033288_01G000100	1	0.0271263826407939	0.0270295889593873	0.00164967161404494	1
TraesCAD_scaffold_045339_01G000500	1	0.0257172888535264	0.0257007119924261	0.000951907254650492	1
TraesCAD_scaffold_001971_01G000500	1	0.0178606740718646	0.0178539120477217	0.00126766380851893	1
TraesCAD_scaffold_034247_01G000400	1	0.0287560054643059	0.0286660416749467	0.00124346968277135	1
TraesCAD_scaffold_096469_01G000100	1	0.0248716111525635	0.0247632017106106	0.00125287497731592	1
TraesCAD_scaffold_037343_01G000100	1	0.026317380776701	0.026475098349175	0.00210569400393395	1
TraesCAD_scaffold_035398_01G000100	1	0.0135321230435767	0.0136412615355073	0.00330614025429796	1
TraesCAD_scaffold_030082_01G000400	1	0.012051425461501	0.0123066102015515	0.0034110366932937	1
TraesCAD_scaffold_016263_01G000800	1	0.0286064786997568	0.0282733688381539	0.00140353076581803	1
TraesCAD_scaffold_018185_01G000100	1	0.0298805996325834	0.0296287985512471	0.000532734128528812	1
TraesCAD_scaffold_108530_01G000200	1	0.0290172515795475	0.0287947411956054	0.000968531226989922	1
TraesCAD_scaffold_120113_01G000100	1	0.0196363722221808	0.0198777567330854	0.00134834377973574	1
TraesCAD_scaffold_008910_01G000400	1	0.0251463865213797	0.0252215600055823	0.00107635166215715	1
TraesCAD_scaffold_065961_01G000100	1	-0.020535256449223	-0.0209018522478872	0.00331933529283606	1
TraesCAD_scaffold_012741_01G000100	1	0.0271240542066235	0.0271679689098321	0.00184875667566995	1
TraesCAD_scaffold_000347_01G000200	1	0.0291775789908198	0.028972537859859	0.00103207001739048	1
TraesCAD_scaffold_070471_01G000100	1	0.0212306646073574	0.0215086065677469	0.00171794869257584	1
TraesCAD_scaffold_016263_01G000400	1	0.0274010636224032	0.0272153055698836	0.00084304122567575	1
TraesCAD_scaffold_012707_01G000300	1	-0.0283267183494644	-0.0280977075794135	0.00151856639117267	1
TraesCAD_scaffold_001053_01G000700	1	0.0292761898956209	0.0290938985995881	0.000992400689371775	1
TraesCAD_scaffold_083917_01G000300	1	0.0283184822047885	0.0281792114631185	0.00118216772984741	1
TraesCAD_scaffold_000602_01G000300	1	0.0274142601697998	0.0274239147822805	0.00084357467445252	1
TraesCAD_scaffold_007102_01G000200	1	-0.00203291638084706	-0.00173533652092372	0.00179255519767864	0.85
TraesCAD_scaffold_105403_01G000100	1	0.0134923667009515	0.0137774237897956	0.0012567810322732	1
TraesCAD_scaffold_110173_01G000100	1	0.02682952902417	0.0266412832441472	0.0015040020729425	1
TraesCAD_scaffold_057342_01G000100	1	0.0265474736600541	0.0263911642985688	0.000826298901533849	1
TraesCAD_scaffold_018242_01G000100	1	0.0283557904452032	0.0283400466609441	0.00115412311224541	1
TraesCAD_scaffold_017692_01G000100	1	0.0282824617344566	0.0280062786351479	0.00183159694153692	1
TraesCAD_scaffold_073493_01G000200	1	0.0263775377416212	0.0262769470747269	0.00100594895746754	1
TraesCAD_scaffold_005281_01G000100	1	0.027238826870302	0.0269613036153333	0.00129399416068139	1
TraesCAD_scaffold_016227_01G000100	1	0.0154925059618291	0.0159190945023314	0.00194602355259764	1
TraesCAD_scaffold_035739_01G000100	1	0.0218794360247421	0.0220663279809148	0.000994318381029903	1
TraesCAD_scaffold_032585_01G000100	1	0.0280655273196711	0.0278880048066152	0.000984341788361129	1
TraesCAD_scaffold_028307_01G000500	1	-0.011856933346809	-0.0117814684689067	0.00142333798104086	1
TraesCAD_scaffold_056887_01G000200	1	0.0235193907275837	0.0234596071513185	0.000854384495248655	1
TraesCAD_scaffold_014916_01G000600	1	0.0284378883037093	0.0281460022921032	0.00132062799201769	1
TraesCAD_scaffold_026745_01G000400	1	0.0159882952207127	0.0159047340592538	0.00128094243264064	1
TraesCAD_scaffold_043544_01G000200	1	-0.026987651802124	-0.0269742190843383	0.00212896178032959	1
TraesCAD_scaffold_083548_01G000300	1	0.0268210804688764	0.0267776052175138	0.000988458355674595	1
TraesCAD_scaffold_004953_01G000300	1	0.0269466647115165	0.0265618005771457	0.00165840446750111	1
TraesCAD_scaffold_010529_01G000200	1	0.0275001491838454	0.0275810182450705	0.00107350925702829	1
TraesCAD_scaffold_088336_01G000200	1	0.00146367582035938	0.00115357962148382	0.00281592688849782	0.695
TraesCAD_scaffold_005345_01G000200	1	-0.0116119161136903	-0.0115364556585161	0.00152758568207845	1
TraesCAD_scaffold_004126_01G000100	1	0.028104026774843	0.0280780788457881	0.00076571067817674	1
TraesCAD_scaffold_019858_01G000100	1	0.0245487217426969	0.0244300370027778	0.00179381120595783	1
TraesCAD_scaffold_234010_01G000100	1	0.0123356611606069	0.0121685592471981	0.00249490491742552	1
TraesCAD_scaffold_054819_01G000600	1	0.0285777145456868	0.0283287299564872	0.00111962925377033	1
TraesCAD_scaffold_118013_01G000200	1	0.000958368636269009	0.000957461141858178	0.00201460767489431	0.65
TraesCAD_scaffold_017749_01G000300	1	0.0279543934991942	0.0278404909456291	0.00133886191272661	1
TraesCAD_scaffold_025663_01G000200	1	-0.0288505414069894	-0.0287700032078578	0.00111547144889768	1
TraesCAD_scaffold_010791_01G000600	1	0.0256750150378809	0.0255295710459494	0.000966784294773218	1
TraesCAD_scaffold_087136_01G000200	1	-0.0286547330286214	-0.0284948950246787	0.00115406652893513	1
TraesCAD_scaffold_013785_01G000200	1	0.0202771340675896	0.0205226519335184	0.00140199856772474	1
TraesCAD_scaffold_003224_01G000300	1	0.012312970645328	0.0124497465122977	0.00308421907654485	1
TraesCAD_scaffold_014482_01G000200	1	0.020507180788964	0.0207646887130706	0.00146283464364148	1
TraesCAD_scaffold_090429_01G000100	1	-0.0222420215133738	-0.0223206129295296	0.00375127308269258	1
TraesCAD_scaffold_046923_01G000100	1	0.0252097699364947	0.0253203060507383	0.00206466889626353	1
TraesCAD_scaffold_058389_01G000100	1	0.019270258167043	0.0194880011728193	0.00176440253647512	1
TraesCAD_scaffold_017376_01G000400	1	0.0269484426426937	0.0266310407195569	0.00119819930221979	1
TraesCAD_scaffold_011479_01G000600	1	-0.0122693171652099	-0.0121043898753598	0.0022470314585511	1
TraesCAD_scaffold_090827_01G000100	1	-0.0285152256058267	-0.0282669304456661	0.000805438063675907	1
TraesCAD_scaffold_016627_01G000200	1	0.025028405652931	0.024763403377542	0.00109982225425535	1
TraesCAD_scaffold_012994_01G000500	1	0.0279968458721847	0.0279217299893667	0.000790169498010432	1
TraesCAD_scaffold_102103_01G000300	1	0.0213988336973313	0.0213201750607785	0.00112063864635557	1
TraesCAD_scaffold_104761_01G000300	1	0.0207916619910645	0.0206561482405012	0.00226026032690413	1
TraesCAD_scaffold_001342_01G000500	1	0.00901460362412108	0.00929008310378848	0.00149138689664176	1
TraesCAD_scaffold_080274_01G000200	1	0.0192732070358765	0.0189191719280403	0.00275575994373724	1
TraesCAD_scaffold_131328_01G000100	1	0.0266613613822261	0.0265255044096732	0.0017641811181318	1
TraesCAD_scaffold_024610_01G000300	1	0.0252011071715618	0.024799910325717	0.00290390731813415	1
TraesCAD_scaffold_047537_01G000300	1	0.0262416533677464	0.026348365745326	0.00125822941749879	1
TraesCAD_scaffold_008299_01G000300	1	0.0266213269535623	0.0265821306373024	0.000665856638463891	1
TraesCAD_scaffold_088532_01G000400	1	0.0257291457692846	0.0256843500342243	0.00112965267266119	1
TraesCAD_scaffold_019386_01G000100	1	-0.029054048997588	-0.0287425466985425	0.00124885493566799	1
TraesCAD_scaffold_029485_01G000200	1	0.0246356045341869	0.024715996099682	0.000669052666286125	1
TraesCAD_scaffold_050078_01G000100	1	0.019019869832358	0.0191314622665015	0.0012418788682879	1
TraesCAD_scaffold_003364_01G000100	1	0.0034170238710771	0.00353350512950183	0.00142466661533463	1
TraesCAD_scaffold_070508_01G000200	1	0.0278451643581436	0.0276757968065681	0.000928959962141674	1
TraesCAD_scaffold_010826_01G000700	1	-0.0247645196404634	-0.024779146779782	0.00164342226261935	1
TraesCAD_scaffold_003047_01G000400	1	0.0263059256013776	0.026197539777847	0.00131225735830411	1
TraesCAD_scaffold_019381_01G000100	1	0.0183862403299616	0.0184460306888766	0.000981236576407921	1
TraesCAD_scaffold_058291_01G000100	1	0.0281946876213586	0.0280758423567714	0.00101462344829308	1
TraesCAD_scaffold_032699_01G000300	1	0.0210355668160212	0.0212278481450542	0.00143529854225723	1
TraesCAD_scaffold_024187_01G000100	1	-0.0110865240236274	-0.0112450803897988	0.00241700799393308	1
TraesCAD_scaffold_011216_01G000200	1	0.0252117385879259	0.0251965750652313	0.00129831514376144	1
TraesCAD_scaffold_099581_01G000100	1	0.0261640746067923	0.0260870320788643	0.00087154365382118	1
TraesCAD_scaffold_014905_01G000300	1	0.0202844643233488	0.020085689397651	0.00154495066166072	1
TraesCAD_scaffold_147516_01G000100	1	0.0188136645643554	0.0187932599444404	0.00201105157107589	1
TraesCAD_scaffold_109318_01G000300	1	0.0279603010176362	0.028017317865984	0.00102626199013755	1
TraesCAD_scaffold_086045_01G000100	1	0.0285704739677237	0.028287743173027	0.000988072060714685	1
TraesCAD_scaffold_169965_01G000100	1	0.0254204676448642	0.0252752995148119	0.0013124554434914	1
TraesCAD_scaffold_019432_01G000100	1	-0.0217642456744246	-0.0220506573073515	0.00286376239394468	1
TraesCAD_scaffold_036640_01G000100	1	0.0137016150372452	0.0136787583394345	0.000955946561491379	1
TraesCAD_scaffold_034014_01G000200	1	0.0278500697514702	0.0276364019157726	0.00123504085351568	1
TraesCAD_scaffold_025418_01G000300	1	0.0153255101016527	0.0153591973094859	0.000900251555762277	1
TraesCAD_scaffold_117262_01G000100	1	0.0278746291528233	0.0277137771126324	0.00122398551597995	1
TraesCAD_scaffold_023074_01G000300	1	0.0198119952756055	0.020022840451848	0.000956487876135661	1
TraesCAD_scaffold_008338_01G000300	1	0.0265753636546703	0.0264283143817523	0.00144602307691473	1
TraesCAD_scaffold_057611_01G000100	1	0.0260591382181183	0.0260052562897283	0.00113274552663851	1
TraesCAD_scaffold_141817_01G000100	1	-0.0262437914728901	-0.0261846030730783	0.0013553432052081	1
TraesCAD_scaffold_117584_01G000200	1	0.0251010659147945	0.0249699137914461	0.000847613084160175	1
TraesCAD_scaffold_011034_01G000100	1	0.0234691778232428	0.0235862960245819	0.00218109695908355	1
TraesCAD_scaffold_026017_01G000100	1	-0.0267062230455853	-0.0266015383179671	0.00118537223366504	1
TraesCAD_scaffold_085974_01G000100	1	-0.0284058734805353	-0.0283081759150548	0.00105382879776383	1
TraesCAD_scaffold_063818_01G000300	1	0.0261771426547609	0.0261384718388225	0.00129200792472938	1
TraesCAD_scaffold_421968_01G000100	1	-0.00646610477790843	-0.0065004483128424	0.00184508442009472	1
TraesCAD_scaffold_055929_01G000300	1	-0.00524314687345357	-0.00523400029076158	0.00153912426642382	1
TraesCAD_scaffold_051458_01G000100	1	0.0234520940107658	0.0234007845344653	0.00213324623801417	1
TraesCAD_scaffold_048419_01G000200	1	-0.00541580802584464	-0.00518862057807858	0.00145873685256481	1
TraesCAD_scaffold_059312_01G000100	1	0.00387073599368148	0.00401679562269358	0.00137345198623672	1
TraesCAD_scaffold_091535_01G000100	1	0.0217740044307348	0.022019623484888	0.00109858833643054	1
TraesCAD_scaffold_006243_01G000200	1	-0.00632479902544527	-0.006678845608614	0.0022804346527631	1
TraesCAD_scaffold_042661_01G000500	1	-0.00334343513728188	-0.00364713729148992	0.00246188065800302	0.92
TraesCAD_scaffold_072376_01G000300	1	0.0150493903985661	0.0152469123250949	0.00139003801963202	1
TraesCAD_scaffold_062839_01G000100	1	0.0236061567805669	0.0238295199120172	0.00134848034022988	1
TraesCAD_scaffold_010302_01G000600	1	0.000234884720906156	0.000742252214502654	0.00251353426790635	0.585
TraesCAD_scaffold_031664_01G000100	1	0.028022478567664	0.0279392486651218	0.0009742364743849	1
TraesCAD_scaffold_001357_01G000300	1	0.0232470977715081	0.0233207136858296	0.00106871413585713	1
TraesCAD_scaffold_006961_01G000100	1	0.0248339176243314	0.0246888506665192	0.000938592777728003	1
TraesCAD_scaffold_091753_01G000100	1	0.0232900048320298	0.023265016805711	0.000753472500744406	1
TraesCAD_scaffold_012158_01G000800	1	0.020952189493895	0.0208148722030836	0.00234066905072372	1
TraesCAD_scaffold_037719_01G000100	1	0.0267258836138319	0.0264896950817679	0.00102957010977108	1
TraesCAD_scaffold_006170_01G000200	1	0.0193888955861597	0.0195792563516541	0.00269629753347712	1
TraesCAD_scaffold_009878_01G000500	1	0.0266926666843298	0.0267671761704297	0.00102550681457119	1
TraesCAD_scaffold_168411_01G000100	1	0.0251341133878775	0.0251268088704216	0.00213196129779534	1
TraesCAD_scaffold_120075_01G000100	1	0.0148010092944885	0.014991167580463	0.00330828504115097	1
TraesCAD_scaffold_001447_01G000300	1	-0.0264291342041556	-0.0263648072427807	0.00104896178507679	1
TraesCAD_scaffold_048324_01G000200	1	0.0264247888952673	0.0264827489125324	0.000706737634457074	1
TraesCAD_scaffold_014891_01G000100	1	0.0233098929646063	0.0232682433668124	0.000919915671536866	1
TraesCAD_scaffold_117116_01G000100	1	0.0218914690541439	0.0215539247257972	0.00302557257861036	1
TraesCAD_scaffold_057872_01G000200	1	0.00147045992697716	0.00159987540965569	0.00183884889833214	0.825
TraesCAD_scaffold_011533_01G000300	1	0.0264641001121132	0.0263296595589852	0.00157326087263813	1
TraesCAD_scaffold_030470_01G000100	1	0.0189071856888872	0.0187348241207655	0.00225395138709085	1
TraesCAD_scaffold_032169_01G000300	1	0.0206554919139381	0.020557860702302	0.00123321530572349	1
TraesCAD_scaffold_072854_01G000100	1	-0.0200611216878956	-0.0203636263017177	0.00317267289688294	1
TraesCAD_scaffold_018697_01G000100	1	0.0250454568273438	0.0251276715373787	0.000992331544626785	1
TraesCAD_scaffold_023644_01G000400	1	0.0258650535982315	0.0258925669320574	0.000684391972739707	1
TraesCAD_scaffold_020534_01G000100	1	0.0140622065505398	0.01409237819723	0.000875647630119297	1
TraesCAD_scaffold_064567_01G000100	1	0.0198215755204896	0.0198565039331114	0.00179180104731336	1
TraesCAD_scaffold_002290_01G000200	1	-0.0138972261356893	-0.0138480750897621	0.00146500504611413	1
TraesCAD_scaffold_074505_01G000100	1	0.0279225778625103	0.0276833941709956	0.00102457466021519	1
TraesCAD_scaffold_110231_01G000100	1	0.0264793486105515	0.0265425708379024	0.00120488701898503	1
TraesCAD_scaffold_024920_01G000300	1	0.0270092145752442	0.0268853122757766	0.00096523752974453	1
TraesCAD_scaffold_018658_01G000100	1	0.0166213819172674	0.0166238649243559	0.00101386973054173	1
TraesCAD_scaffold_023400_01G000200	1	0.0272018296609621	0.0270754637312457	0.000752159427270997	1
TraesCAD_scaffold_048391_01G000100	1	0.0217228840397515	0.0215986008342982	0.00102800182348999	1
TraesCAD_scaffold_028032_01G000300	1	0.0251846087099949	0.0248968315911624	0.00222735329369181	1
TraesCAD_scaffold_019272_01G000200	1	-0.0265694349407634	-0.0266903094215974	0.00155566802917934	1
TraesCAD_scaffold_000315_01G000200	1	0.0263156173003923	0.025989609517811	0.00140709655877951	1
TraesCAD_scaffold_045756_01G000300	1	-0.0134022196304952	-0.0132487936530082	0.00139219924983123	1
TraesCAD_scaffold_061675_01G000100	1	-0.000764358268326865	-0.00064638428301743	0.00163915578450185	0.66
TraesCAD_scaffold_061976_01G000100	1	0.027608346195536	0.0275314363048898	0.000989736156684074	1
TraesCAD_scaffold_013414_01G000300	1	0.026308301566686	0.0261188835446969	0.00100448568540365	1
TraesCAD_scaffold_004190_01G001000	1	0.0266831322660014	0.0266257240247739	0.000809897152489166	1
TraesCAD_scaffold_007106_01G000100	1	0.0264196691224982	0.0263137549760582	0.00123960714136517	1
TraesCAD_scaffold_024424_01G000100	1	0.0243822524402417	0.0243256508774734	0.000661967494709359	1
TraesCAD_scaffold_027763_01G000100	1	0.0266454778641371	0.0266442660139265	0.00113723001502098	1
TraesCAD_scaffold_009096_01G000100	1	0.0271668384887978	0.0270338117458407	0.000994307623708666	1
TraesCAD_scaffold_006329_01G000100	1	0.0263806312701575	0.0262785432946754	0.000837664568892816	1
TraesCAD_scaffold_042037_01G000400	1	0.0265277093914854	0.0261847619150272	0.00156210508888083	1
TraesCAD_scaffold_031102_01G000300	1	0.0264462051688719	0.0260778858896818	0.00152909217182757	1
TraesCAD_scaffold_071463_01G000400	1	0.0261079736373045	0.0258771076453129	0.00216905577851616	1
TraesCAD_scaffold_169000_01G000100	1	0.0252603124347959	0.0251495031464476	0.000710092588325169	1
TraesCAD_scaffold_002360_01G000400	1	0.0263012242721106	0.0262478569973732	0.00101836209356112	1
TraesCAD_scaffold_045851_01G000400	1	0.0224600442544505	0.0225613025553252	0.00088712115135859	1
TraesCAD_scaffold_045430_01G000400	1	0.0259684516358019	0.0258089308530872	0.000848681148998327	1
TraesCAD_scaffold_018010_01G000300	1	0.0232063934458698	0.0232725755181724	0.00157310394851478	1
TraesCAD_scaffold_034326_01G000900	1	0.0241105648751165	0.0242446891038152	0.00120662414388748	1
TraesCAD_scaffold_013260_01G000300	1	-0.00759831899662562	-0.00743061869725516	0.00147433468984279	1
TraesCAD_scaffold_024851_01G000500	1	-0.00134139085459848	-0.00139356204253379	0.00225429499442351	0.725
TraesCAD_scaffold_085614_01G000300	1	0.00588423330488006	0.00557223227136944	0.00192166018943865	0.995
TraesCAD_scaffold_013193_01G000100	1	-0.0184712206571739	-0.0184176645544673	0.00149256541346296	1
TraesCAD_scaffold_001004_01G000200	1	0.00673492940224133	0.0067463260379665	0.00218231485299983	1
TraesCAD_scaffold_004493_01G000300	1	0.022112349481833	0.0220139715799826	0.00125594486592269	1
TraesCAD_scaffold_113450_01G000100	1	0.00505829461344318	0.00511782875051037	0.0010550192818847	1
TraesCAD_scaffold_031261_01G000200	1	0.0234054312471178	0.0233741218075976	0.000693497109954566	1
TraesCAD_scaffold_011626_01G000700	1	0.0220759773029459	0.0218668165776222	0.00371980305186126	1
TraesCAD_scaffold_005375_01G001900	1	-0.0192383449858534	-0.0195569781804779	0.00316358459303784	1
TraesCAD_scaffold_028859_01G000200	1	0.0267551752903194	0.02644285982619	0.00205656897800077	1
TraesCAD_scaffold_126661_01G000100	1	0.0253590202795008	0.0253288499447436	0.000791445688817085	1
TraesCAD_scaffold_003705_01G000200	1	0.0260166978119639	0.0259775038201395	0.00157852130982594	1
TraesCAD_scaffold_021300_01G000100	1	0.00964461808891328	0.00963609272332339	0.00114257929794376	1
TraesCAD_scaffold_047858_01G000500	1	0.0197747757171887	0.0200494067408287	0.00156976869186115	1
TraesCAD_scaffold_046923_01G000300	1	-0.0223239580602786	-0.0223982931138132	0.00136062764115828	1
TraesCAD_scaffold_022122_01G000100	1	0.0259575963802592	0.0258567309524266	0.00145184278853829	1
TraesCAD_scaffold_072567_01G000100	1	-0.0186045752708634	-0.018365901073041	0.00165498373363006	1
TraesCAD_scaffold_032592_01G000100	1	0.0266088096732624	0.0264898789241408	0.00113951871226895	1
TraesCAD_scaffold_049572_01G000100	1	0.0259405604530231	0.0255217903680321	0.00221091084156528	1
TraesCAD_scaffold_008004_01G000100	1	-0.0215341684225192	-0.0214447947510846	0.00115293472642433	1
TraesCAD_scaffold_023463_01G000300	1	0.0204851219401473	0.0204306548010576	0.00190981764836469	1
TraesCAD_scaffold_081125_01G000100	1	0.00988166282044267	0.00996756604391007	0.000942860525938584	1
TraesCAD_scaffold_124865_01G000100	1	0.0231082571516592	0.0229817875326245	0.00120205076498746	1
TraesCAD_scaffold_008325_01G000200	1	0.0156303763376782	0.0155415475536967	0.00126826759306968	1
TraesCAD_scaffold_002837_01G000300	1	-0.0211302684022107	-0.021214275056355	0.00212962309462709	1
TraesCAD_scaffold_035092_01G000300	1	0.0169182928089878	0.0170816354301073	0.00122548089664689	1
TraesCAD_scaffold_058795_01G000100	1	-0.021869817667854	-0.0216528972992088	0.00268265589629242	1
TraesCAD_scaffold_066187_01G000300	1	0.0259376484756423	0.0256796061668453	0.00147024130267924	1
TraesCAD_scaffold_001090_01G000100	1	0.0256627470044066	0.0256540728837268	0.000864361153970334	1
TraesCAD_scaffold_055902_01G000200	1	0.019762367599809	0.0200027467779042	0.00137121035228421	1
TraesCAD_scaffold_006929_01G000200	1	0.0254810906456162	0.0252855875406373	0.00149420592879807	1
TraesCAD_scaffold_020534_01G000400	1	0.00997315061432665	0.0100224410238701	0.000986422581472293	1
TraesCAD_scaffold_004549_01G000100	1	0.0222887392421716	0.0223397968152372	0.00110580888020708	1
TraesCAD_scaffold_051565_01G000100	1	0.0250390429899211	0.0246709398132352	0.00192766753492732	1
TraesCAD_scaffold_072550_01G000300	1	0.00987975013966313	0.00999898281680225	0.0013746181195869	1
TraesCAD_scaffold_004937_01G000200	1	0.0251600720284804	0.0251203755056529	0.000656785249393107	1
TraesCAD_scaffold_093717_01G000100	1	0.0238144441382144	0.0236149644024871	0.00151975409375397	1
TraesCAD_scaffold_005066_01G000200	1	-0.0123962428798472	-0.0122333793877806	0.00333611714449867	1
TraesCAD_scaffold_108831_01G000100	1	0.0270994886907487	0.0267666090506294	0.00118244861870303	1
TraesCAD_scaffold_070447_01G000400	1	0.0181118611395353	0.0180744879212036	0.00137658208353573	1
TraesCAD_scaffold_119635_01G000200	1	0.0261936138225271	0.0262238610982126	0.0010555625340894	1
TraesCAD_scaffold_072810_01G000100	1	0.0257087721771237	0.0253220166682761	0.00173728388536877	1
TraesCAD_scaffold_012066_01G000900	1	-0.0192769406097367	-0.0189754588260807	0.00153343275431438	1
TraesCAD_scaffold_047916_01G000200	1	0.0218124942331547	0.0216078798369736	0.00126292284429129	1
TraesCAD_scaffold_017602_01G000100	1	0.0203260086920667	0.0202924356715653	0.000737817651172184	1
TraesCAD_scaffold_114094_01G000200	1	0.0259199644383942	0.0258906376140352	0.000726373748742165	1
TraesCAD_scaffold_148255_01G000100	1	0.022906400467782	0.0230466692929507	0.00120521843588062	1
TraesCAD_scaffold_034368_01G000400	1	0.0194619566797329	0.0195407059157849	0.00105333994844992	1
TraesCAD_scaffold_095865_01G000200	1	0.0258780525051187	0.0258160822221129	0.00080026441421839	1
TraesCAD_scaffold_072605_01G000100	1	0.0247132198888363	0.0247402893082392	0.000649462378382409	1
TraesCAD_scaffold_037839_01G000200	1	0.0244329694281457	0.02449818226273	0.00116220240982398	1
TraesCAD_scaffold_000008_01G000300	1	0.0154161061779959	0.0152906559411638	0.00115119852550403	1
TraesCAD_scaffold_080248_01G000100	1	0.0256345683373554	0.0254479058106239	0.00175009743095067	1
TraesCAD_scaffold_009663_01G000100	1	0.0189597616100632	0.0185602280777273	0.00250419388486564	1
TraesCAD_scaffold_025690_01G000200	1	0.0231275495677052	0.0232729903430365	0.00128651566947223	1
TraesCAD_scaffold_024610_01G000400	1	0.0108253690650692	0.0106855853628393	0.0026813914263066	1
TraesCAD_scaffold_020681_01G000300	1	0.0249519661111169	0.0248218878293308	0.000790178191557018	1
TraesCAD_scaffold_374997_01G000100	1	0.026006583287951	0.0259372401518758	0.00128687550915666	1
TraesCAD_scaffold_022813_01G000100	1	0.0266700942678868	0.0264044621810477	0.00122742450000295	1
TraesCAD_scaffold_060589_01G000100	1	0.0260839077073687	0.026102677781042	0.00109109779940678	1
TraesCAD_scaffold_033134_01G000200	1	-0.0275908835138757	-0.0274062674199191	0.000941909947068351	1
TraesCAD_scaffold_005375_01G001800	1	-0.0135089128902562	-0.0139480165399743	0.00319206426699806	1
TraesCAD_scaffold_041292_01G000100	1	0.0141537089043644	0.0141263441298432	0.00121626988095409	1
TraesCAD_scaffold_027248_01G000700	1	0.0126755094594422	0.0127010704280537	0.00149253701806013	1
TraesCAD_scaffold_027259_01G000100	1	0.025548636852543	0.0255755742487041	0.000738398666361557	1
TraesCAD_scaffold_132664_01G000300	1	-0.0023159813158278	-0.0023550387907481	0.0013174077713293	0.975
TraesCAD_scaffold_048786_01G000400	1	0.0173436923480855	0.0176874958587282	0.00161618535531218	1
TraesCAD_scaffold_433731_01G000100	1	0.0130978367143114	0.0130552441424016	0.00149452634077364	1
TraesCAD_scaffold_009426_01G000200	1	0.0259818222980598	0.0259173092771466	0.0010828617769954	1
TraesCAD_scaffold_018152_01G000200	1	0.0147640594602002	0.0151648560973444	0.00266773289736751	1
TraesCAD_scaffold_120553_01G000100	1	0.0258916850415159	0.0255539608642071	0.000990196360109458	1
TraesCAD_scaffold_016263_01G000500	1	0.0268250933179213	0.0266047801474654	0.000833356236706616	1
TraesCAD_scaffold_080410_01G000100	1	0.0257717440638244	0.0253919346775992	0.00189669561508629	1
TraesCAD_scaffold_111693_01G000100	1	0.0256780427807627	0.0253257921805435	0.0015784364852906	1
TraesCAD_scaffold_073072_01G000200	1	0.00707286787084598	0.00698895258066198	0.00126096088055559	1
TraesCAD_scaffold_065452_01G000200	1	0.023511233183492	0.0234928761856312	0.00115818948538305	1
TraesCAD_scaffold_072884_01G000100	1	0.0177478757031335	0.0175750280813032	0.00113905143388626	1
TraesCAD_scaffold_045143_01G000300	1	0.0256123671585527	0.0252554932876746	0.000981128957840368	1
TraesCAD_scaffold_049256_01G000100	1	0.0241827148367096	0.0240183534624669	0.00161622195824834	1
TraesCAD_scaffold_003123_01G000700	1	0.0231500270360388	0.0228851220198348	0.00137313404947181	1
TraesCAD_scaffold_040643_01G000200	1	0.0259586518766049	0.0257776680545552	0.00109433934714661	1
TraesCAD_scaffold_053566_01G000100	1	0.0247716246594515	0.0243337284946393	0.00238027117317396	1
TraesCAD_scaffold_040474_01G000200	1	0.024879973059489	0.0248138773137255	0.000546752906093612	1
TraesCAD_scaffold_040289_01G000300	1	0.0236652766639546	0.0236571827153663	0.000570324347801305	1
TraesCAD_scaffold_052314_01G000100	1	0.0250223220686839	0.0248861152183971	0.00201026218659568	1
TraesCAD_scaffold_066539_01G000200	1	-0.0158738555810913	-0.0156696800881436	0.00265262670876429	1
TraesCAD_scaffold_034998_01G000200	1	0.02020579151576	0.020195326319198	0.00128741749951363	1
TraesCAD_scaffold_063168_01G000100	1	0.0221846041672504	0.0223156602545861	0.000900114623677211	1
TraesCAD_scaffold_047011_01G000100	1	0.0262546719914506	0.0261333724623405	0.000840705315727353	1
TraesCAD_scaffold_061570_01G000200	1	0.0193542371401623	0.0194167500716758	0.00116677874615342	1
TraesCAD_scaffold_093281_01G000200	1	-0.00372322689386469	-0.00358274235450677	0.0014032631496712	1
TraesCAD_scaffold_022008_01G000100	1	-0.023803890033195	-0.0236145639590917	0.000853136960260767	1
TraesCAD_scaffold_028597_01G000100	1	0.0228550677752427	0.0227411273977172	0.000995934660069837	1
TraesCAD_scaffold_024433_01G000300	1	-0.0232957209678573	-0.0234196356744561	0.00192427484072683	1
TraesCAD_scaffold_087809_01G000100	1	0.0169768286080249	0.0169529673881392	0.00103188291146274	1
TraesCAD_scaffold_012751_01G000200	1	0.0160128951092148	0.0159220837039964	0.00120531014378832	1
TraesCAD_scaffold_021243_01G000100	1	0.00750083045887178	0.00765726968610203	0.000930559226553403	1
TraesCAD_scaffold_002931_01G000400	1	-0.0144216837444074	-0.0142282537384952	0.00105387622327953	1
TraesCAD_scaffold_128025_01G000300	1	0.0160393976921297	0.0157236202925072	0.0052105672370653	1
TraesCAD_scaffold_038101_01G000300	1	0.0236327866333743	0.0235037708384182	0.00118433297388283	1
TraesCAD_scaffold_027436_01G000500	1	0.0248131566071794	0.024608383762345	0.00125935774265926	1
TraesCAD_scaffold_103665_01G000100	1	0.00757182851569264	0.00788662470192239	0.00194324739463796	1
TraesCAD_scaffold_053873_01G000100	1	0.0252009340458122	0.0251159261599138	0.000567005560431957	1
TraesCAD_scaffold_000181_01G000100	1	0.0257294570305484	0.0255049400462273	0.00109220336360696	1
TraesCAD_scaffold_387810_01G000100	1	0.0225092185051947	0.0224909862712687	0.00124368071776786	1
TraesCAD_scaffold_176328_01G000100	1	0.0204337738696602	0.0204022559157556	0.00118835323286064	1
TraesCAD_scaffold_028132_01G000600	1	0.0263020149214763	0.0262504069963493	0.000852004875849009	1
TraesCAD_scaffold_017339_01G000100	1	0.013805370749716	0.0137155016798378	0.00105254650130002	1
TraesCAD_scaffold_059181_01G000100	1	0.024775218415419	0.0247178502606099	0.000559552056403959	1
TraesCAD_scaffold_099894_01G000300	1	-0.0114972517150361	-0.0118323132582693	0.00234608420923486	1
TraesCAD_scaffold_114293_01G000100	1	0.0260599257478102	0.0258464228631514	0.00133614972474468	1
TraesCAD_scaffold_021186_01G000100	1	0.0198331799437155	0.0199494010493587	0.000831772523938494	1
TraesCAD_scaffold_107302_01G000100	1	0.0255995993411872	0.025462222082508	0.00103173125079023	1
TraesCAD_scaffold_050846_01G000100	1	0.0111257955081953	0.0110618016128216	0.00121868619908796	1
TraesCAD_scaffold_017129_01G000100	1	-0.0251965619517405	-0.0251829997624022	0.00179025531721525	1
TraesCAD_scaffold_075409_01G000100	1	0.00942894182395978	0.00946483943429562	0.00119865066554152	1
TraesCAD_scaffold_007943_01G000500	1	0.0245197368874521	0.0246219535683144	0.00185677813386296	1
TraesCAD_scaffold_143858_01G000100	1	0.0244594661755696	0.0245397458553925	0.00087793086236552	1
TraesCAD_scaffold_018210_01G000300	1	0.0194275513468344	0.0196422797979818	0.00158849684588254	1
TraesCAD_scaffold_053958_01G000400	1	0.0238283484113104	0.0238845268028296	0.000666401807868303	1
TraesCAD_scaffold_023701_01G000200	1	0.0110706119320214	0.0110867416491155	0.000889440301705803	1
TraesCAD_scaffold_090243_01G000200	1	0.0143409406384977	0.0144475079312241	0.00127720643522439	1
TraesCAD_scaffold_117280_01G000100	1	0.0230539735946983	0.0230306407813248	0.000965744383095862	1
TraesCAD_scaffold_127479_01G000100	1	0.0256902580916904	0.0255160665811978	0.00200021329998267	1
TraesCAD_scaffold_154344_01G000100	1	0.0223797477300569	0.0222389902664858	0.000952419412497625	1
TraesCAD_scaffold_061967_01G000400	1	0.0266838568098077	0.0264556361605818	0.00110598232254354	1
TraesCAD_scaffold_077961_01G000100	1	0.0165762993298635	0.0166096550858092	0.00133930859121255	1
TraesCAD_scaffold_077127_01G000300	1	0.02615848212442	0.0261863750728497	0.000844163742352491	1
TraesCAD_scaffold_023333_01G000100	1	-0.0214166396945222	-0.0215205431455834	0.00307373419175234	1
TraesCAD_scaffold_035894_01G000100	1	0.0257720715798831	0.0257840408480334	0.000716087572040567	1
TraesCAD_scaffold_075977_01G000100	1	-0.0170978893669435	-0.01692692709866	0.00210165799158088	1
TraesCAD_scaffold_025169_01G000100	1	0.0246143048722122	0.0244258241677116	0.000998737308007029	1
TraesCAD_scaffold_005159_01G000200	1	0.0200881313855008	0.020141849249161	0.000996263937330604	1
TraesCAD_scaffold_000433_01G000100	1	0.0255276487210182	0.0253948936110275	0.00101324832972513	1
TraesCAD_scaffold_085976_01G000100	1	0.000433800422820387	0.00048122715323321	0.00154629828831407	0.635
TraesCAD_scaffold_026117_01G000300	1	0.0254321463647209	0.0250682547423424	0.00196714595465624	1
TraesCAD_scaffold_015490_01G000200	1	0.026123005673838	0.025996768407579	0.000610801358535167	1
TraesCAD_scaffold_048764_01G000200	1	0.00222148063255964	0.00226334306602512	0.00206783973866784	0.865
TraesCAD_scaffold_083895_01G000100	1	0.0112222397944569	0.0111661302809493	0.00134481171297402	1
TraesCAD_scaffold_046504_01G000200	1	0.0146979853206247	0.0146618598166509	0.000848039363034129	1
TraesCAD_scaffold_005419_01G000500	1	0.024326231371345	0.0241616764449457	0.00124953795415225	1
TraesCAD_scaffold_007973_01G000100	1	-0.0224410373299926	-0.0223842492211481	0.00170673994594686	1
TraesCAD_scaffold_051953_01G000400	1	0.0194688316193115	0.0193749421342055	0.00157896198191777	1
TraesCAD_scaffold_042897_01G000200	1	0.0251668286228191	0.0251004194713979	0.00154083689140451	1
TraesCAD_scaffold_032877_01G000400	1	0.0177469376729176	0.0180252991168148	0.00175666828773583	1
TraesCAD_scaffold_031509_01G000100	1	-0.0247164210205472	-0.0245118454474485	0.000751425213082737	1
TraesCAD_scaffold_001620_01G000100	1	-0.00731420545826288	-0.00747285729068112	0.00226268618456705	1
TraesCAD_scaffold_121520_01G000100	1	-0.00482801884205484	-0.00467585732749135	0.00130481505112537	1
TraesCAD_scaffold_023308_01G000800	1	0.0234545470186743	0.0232797947466801	0.00116480475182805	1
TraesCAD_scaffold_067690_01G000100	1	0.0224490574424937	0.0224966700221393	0.00083834800143818	1
TraesCAD_scaffold_029963_01G000100	1	0.00200361059823837	0.00209255211804514	0.00150068458324907	0.9
TraesCAD_scaffold_098987_01G000100	1	0.0240533115324003	0.024076000312239	0.000548569396465413	1
TraesCAD_scaffold_002808_01G001000	1	0.0173923999143179	0.0171855093798146	0.00164452552503748	1
TraesCAD_scaffold_125310_01G000200	1	0.0242772770280587	0.0243305281674959	0.00116209138824324	1
TraesCAD_scaffold_035622_01G000600	1	0.0206485853154038	0.0206366203217201	0.000922480060511538	1
TraesCAD_scaffold_006911_01G000100	1	0.0246376028177366	0.0244874578698139	0.00118447454405426	1
TraesCAD_scaffold_011611_01G000100	1	0.0175378732547507	0.0175687013070912	0.000877983326829342	1
TraesCAD_scaffold_009838_01G000100	1	0.0252252317640286	0.0251820072315577	0.0010732203445716	1
TraesCAD_scaffold_001357_01G000700	1	0.01897279198824	0.0194175771573957	0.00257260032766325	1
TraesCAD_scaffold_157347_01G000100	1	-0.00463393904496111	-0.00444181529382992	0.00197128740286659	0.985
TraesCAD_scaffold_021837_01G000100	1	0.0218078495817023	0.0217300620926629	0.000767736069057898	1
TraesCAD_scaffold_125310_01G000100	1	0.0242245188125201	0.0242867062017853	0.00113317050432645	1
TraesCAD_scaffold_051953_01G000200	1	0.0260120793066325	0.0258195850835896	0.000935262929540652	1
TraesCAD_scaffold_021826_01G000100	1	-0.0216396249801303	-0.0218452097803525	0.00224457118902344	1
TraesCAD_scaffold_023419_01G000100	1	0.00684623017762897	0.00685450957078486	0.0010602653279925	1
TraesCAD_scaffold_104596_01G000100	1	-0.0149764632612338	-0.01483663206065	0.00213763657114868	1
TraesCAD_scaffold_060458_01G000100	1	0.0232295690143029	0.0229655384038198	0.00145866879552672	1
TraesCAD_scaffold_000431_01G000500	1	-0.0128205439528609	-0.0128938915288726	0.00164390043572753	1
TraesCAD_scaffold_050796_01G000100	1	-0.00631389088961366	-0.00659715165095121	0.00262874664911578	0.995
TraesCAD_scaffold_017217_01G000700	1	0.0221392295455496	0.0219281089936257	0.00185148357457187	1
TraesCAD_scaffold_089817_01G000100	1	-0.0225842907101911	-0.0227101641618931	0.00195281854645323	1
TraesCAD_scaffold_034727_01G000200	1	0.020370562932478	0.0204867871033884	0.000711900780956917	1
TraesCAD_scaffold_001691_01G000600	1	0.0232767918046736	0.0232647113808275	0.000408363572299419	1
TraesCAD_scaffold_057488_01G000100	1	0.00027635567472173	-1.99736711105607e-05	0.0018112664962791	0.53
TraesCAD_scaffold_024023_01G000100	1	0.0229327382902014	0.0227676941297377	0.000986925459806772	1
TraesCAD_scaffold_062025_01G000100	1	0.0233928965824634	0.0232852407664805	0.00100500623556746	1
TraesCAD_scaffold_015559_01G000900	1	0.013010207538019	0.0127587689248265	0.00246252916782178	1
TraesCAD_scaffold_070447_01G000300	1	0.0191261522949014	0.0191699696777417	0.000792818055488905	1
TraesCAD_scaffold_138071_01G000100	1	0.025668271480989	0.0255203102666475	0.00121262190869768	1
TraesCAD_scaffold_050232_01G000100	1	0.0206256349495261	0.020600316754792	0.000795931655251694	1
TraesCAD_scaffold_032077_01G000200	1	0.024304607042084	0.024131508470214	0.00154855328130577	1
TraesCAD_scaffold_059919_01G000100	1	0.0196405666860654	0.019772798063182	0.00152842778330464	1
TraesCAD_scaffold_001245_01G000500	1	0.0179032610189056	0.0177540407472528	0.00123489163897724	1
TraesCAD_scaffold_061996_01G000100	1	0.0237983649737452	0.023803221869905	0.00167520842829617	1
TraesCAD_scaffold_012741_01G000200	1	0.0249794873128506	0.0247536234370648	0.00157076093074447	1
TraesCAD_scaffold_013957_01G000400	1	0.0251064348728135	0.0248111344829827	0.000811160273492542	1
TraesCAD_scaffold_050785_01G000100	1	0.0256647545876393	0.0256187784257219	0.000772159550299921	1
TraesCAD_scaffold_047540_01G000200	1	0.00963313635147779	0.00966597157838917	0.000940811197403513	1
TraesCAD_scaffold_029195_01G000300	1	0.0247365845937017	0.024520482159454	0.000947122762181748	1
TraesCAD_scaffold_069763_01G000300	1	0.0253775340897554	0.0252226488905961	0.000756484038615123	1
TraesCAD_scaffold_033937_01G000100	1	0.0229888796205615	0.0230047728619863	0.000968890370838396	1
TraesCAD_scaffold_385066_01G000100	1	0.021787569384935	0.0218034176882426	0.00132800066274379	1
TraesCAD_scaffold_226771_01G000100	1	0.0247875293481286	0.0247035598096962	0.000895402469909986	1
TraesCAD_scaffold_001103_01G000800	1	0.0252111306078636	0.0251220317636351	0.000625681648587857	1
TraesCAD_scaffold_037215_01G000700	1	0.0254661057159419	0.0254079439657593	0.000753073712964007	1
TraesCAD_scaffold_002945_01G000700	1	0.0233611326663498	0.0233789834745754	0.00105549741763431	1
TraesCAD_scaffold_115015_01G000100	1	0.0225144571629968	0.0226191713616553	0.000734104396932167	1
TraesCAD_scaffold_038433_01G000100	1	0.0222296636726941	0.022242942575574	0.00190528632261013	1
TraesCAD_scaffold_086188_01G000100	1	0.0157378380601181	0.0161506669614885	0.00238973289240868	1
TraesCAD_scaffold_023422_01G000300	1	0.0211981487556079	0.0212508901434458	0.000543523478314217	1
TraesCAD_scaffold_100081_01G000100	1	-0.00938715442412436	-0.00923125556301791	0.00244264552195014	1
TraesCAD_scaffold_013337_01G000100	1	0.0236077240013645	0.0235694007439765	0.00122163135592631	1
TraesCAD_scaffold_029620_01G000200	1	0.0210133757505628	0.0209174393651148	0.000935959577593778	1
TraesCAD_scaffold_087791_01G000100	1	0.0161747192096318	0.0161415176004671	0.00110836759147185	1
TraesCAD_scaffold_106482_01G000100	1	0.0181076904820715	0.0182322104264622	0.00126103828750378	1
TraesCAD_scaffold_092550_01G000100	1	0.00892889472163453	0.00889361585994682	0.00111722482602666	1
TraesCAD_scaffold_113004_01G000100	1	0.0235019015776492	0.0235204855966531	0.000715453441882815	1
TraesCAD_scaffold_003660_01G000400	1	0.0194824859116923	0.0196582005805253	0.0014861510542097	1
TraesCAD_scaffold_009637_01G000200	1	0.0261357266032972	0.0258536095049115	0.00128317373326775	1
TraesCAD_scaffold_080669_01G000100	1	0.0239523394617204	0.0239184522040547	0.000888852940801899	1
TraesCAD_scaffold_070447_01G000100	1	0.0183354745555918	0.0183222260854711	0.000970834480170735	1
TraesCAD_scaffold_021765_01G000100	1	0.00895273954914892	0.00895844677342866	0.00124122672598058	1
TraesCAD_scaffold_057424_01G000100	1	0.01520032039324	0.0152535146417715	0.00162885322745684	1
TraesCAD_scaffold_029537_01G000200	1	0.0211798954399923	0.0211957012487822	0.000710585694129958	1
TraesCAD_scaffold_026194_01G000300	1	0.000445667687233143	0.000544263145010717	0.00131333474112969	0.66
TraesCAD_scaffold_074546_01G000200	1	0.0258557917423072	0.0258159704892998	0.00100603039342343	1
TraesCAD_scaffold_037900_01G000100	1	-0.00925309033278688	-0.00913416935105162	0.00204250643678394	1
TraesCAD_scaffold_012803_01G000400	1	0.0239099821273678	0.0238793869043181	0.000697009548363969	1
TraesCAD_scaffold_034090_01G000200	1	-0.0236335800138029	-0.0234579028966953	0.000793835944996452	1
TraesCAD_scaffold_081764_01G000200	1	0.0215071868820975	0.021658605979286	0.00101612796183357	1
TraesCAD_scaffold_124074_01G000100	1	0.0215011550682598	0.0216378889316523	0.0012844692010015	1
TraesCAD_scaffold_009145_01G000200	1	-0.0253605940228848	-0.0253311663879904	0.000882378266547361	1
TraesCAD_scaffold_025339_01G000100	1	0.0139241468051958	0.0137530539933136	0.00137334436155409	1
TraesCAD_scaffold_020929_01G000100	1	0.0227187400838334	0.0226012811813811	0.000927380205211679	1
TraesCAD_scaffold_045801_01G000200	1	0.0193480806952433	0.0194601457923063	0.00310138345253012	1
TraesCAD_scaffold_127014_01G000100	1	0.0224362672990853	0.02222599286681	0.000755286823839907	1
TraesCAD_scaffold_059450_01G000200	1	-0.0246819191085453	-0.0246214176439722	0.00117119537607987	1
TraesCAD_scaffold_005433_01G000300	1	0.0251142819295838	0.0248477341209832	0.00112928241366535	1
TraesCAD_scaffold_144982_01G000100	1	0.0211393996906801	0.0206602448078456	0.00278763589757459	1
TraesCAD_scaffold_024568_01G000400	1	0.00495872539355387	0.00491730347454371	0.0014541664909599	1
TraesCAD_scaffold_001342_01G000100	1	0.0204696141650201	0.020492387543205	0.000895584792860904	1
TraesCAD_scaffold_005145_01G000400	1	0.0207793015404226	0.0207724490220069	0.00106969163164554	1
TraesCAD_scaffold_018126_01G000200	1	0.0184635671002367	0.018389601543154	0.00110681576659997	1
TraesCAD_scaffold_002148_01G000300	1	0.023976820042069	0.0239436732448278	0.000614592815384512	1
TraesCAD_scaffold_011536_01G000400	1	0.0127360215922393	0.012759806873184	0.00160548156394572	1
TraesCAD_scaffold_088406_01G000300	1	-0.0262378908019677	-0.0261581925800397	0.000826894250608522	1
TraesCAD_scaffold_078624_01G000200	1	0.0242994888360748	0.0241773935152745	0.00103386852107463	1
TraesCAD_scaffold_057289_01G000400	1	0.0225436864253862	0.0222003109410849	0.00197981500241658	1
TraesCAD_scaffold_037375_01G000400	1	0.00975556802285675	0.00996899470021458	0.0011905565388191	1
TraesCAD_scaffold_088643_01G000100	1	0.0118259274969313	0.0118657242066072	0.00112039814643161	1
TraesCAD_scaffold_010827_01G000300	1	0.008967139955114	0.00901859313191723	0.000856141374838783	1
TraesCAD_scaffold_036864_01G000100	1	0.0193524033750718	0.0193117099932187	0.00213922402763812	1
TraesCAD_scaffold_064079_01G000200	1	0.020953538613194	0.0211244601385947	0.000975701337603802	1
TraesCAD_scaffold_016393_01G000300	1	-0.0244780558519896	-0.0243482942205363	0.00102826414133282	1
TraesCAD_scaffold_056700_01G000300	1	0.0162651202555062	0.016287513878089	0.00114813765063733	1
TraesCAD_scaffold_089384_01G000200	1	0.0227516431757847	0.022472279381123	0.00267014006942755	1
TraesCAD_scaffold_011196_01G000400	1	0.0218761764538632	0.0215069639826388	0.00135278273775116	1
TraesCAD_scaffold_055148_01G000100	1	0.0213228892440106	0.0213986696504387	0.00120710330684149	1
TraesCAD_scaffold_018966_01G000600	1	0.0244117119012406	0.0243443929158015	0.00130158401490055	1
TraesCAD_scaffold_095890_01G000100	1	0.0179029609521265	0.0179818889001485	0.00105381130825068	1
TraesCAD_scaffold_041597_01G000300	1	0.00585525365172338	0.00595209837587247	0.00109656944235751	1
TraesCAD_scaffold_059262_01G000400	1	-0.023458327724104	-0.0233709583949882	0.000714923444794227	1
TraesCAD_scaffold_009054_01G000100	1	0.0232956924209555	0.0233141187475848	0.000620589441837488	1
TraesCAD_scaffold_043145_01G000200	1	-0.00794369388699045	-0.00837400192831026	0.00243440459738448	1
TraesCAD_scaffold_047628_01G000200	1	0.0215449051143445	0.0213717107660477	0.00104351258626025	1
TraesCAD_scaffold_023034_01G000300	1	0.0242587826245825	0.0242610372346456	0.00172836106011408	1
TraesCAD_scaffold_062827_01G000100	1	-0.0211487682792615	-0.0210192276672303	0.00081054320559705	1
TraesCAD_scaffold_012416_01G000100	1	0.0125641233887707	0.0129206026245793	0.00161912214571638	1
TraesCAD_scaffold_094565_01G000300	1	-0.0234157328111185	-0.0231989767039707	0.00119015300188348	1
TraesCAD_scaffold_005603_01G000200	1	0.0226157924805104	0.0222597261459487	0.00143758843390696	1
TraesCAD_scaffold_076706_01G000200	1	0.0207372192126394	0.0208957868067067	0.0010696969688369	1
TraesCAD_scaffold_044575_01G000100	1	0.0202180773418001	0.0204571110707859	0.00148312885039391	1
TraesCAD_scaffold_004085_01G000200	1	0.022578334732797	0.0227358945547439	0.00147362205413409	1
TraesCAD_scaffold_028954_01G000400	1	0.0257250178394339	0.0254927081584102	0.000814985648079186	1
TraesCAD_scaffold_022968_01G000200	1	0.00678859935597779	0.00653271230415976	0.00241355972022128	1
TraesCAD_scaffold_014320_01G000100	1	0.00171076002140584	0.00171964507552225	0.00130310115552228	0.905
TraesCAD_scaffold_017217_01G000600	1	0.0227158059753618	0.022506125556794	0.00133377116347043	1
TraesCAD_scaffold_084028_01G000200	1	-0.0246935521692547	-0.0245434638477462	0.000865650812216802	1
TraesCAD_scaffold_098631_01G000100	1	-0.0174461192353994	-0.0173437982374469	0.0011628360468723	1
TraesCAD_scaffold_007143_01G001300	1	0.0233438016613169	0.0229119725080839	0.00191639198145968	1
TraesCAD_scaffold_009126_01G000100	1	0.0253725375128438	0.0250878683494462	0.000828531886416196	1
TraesCAD_scaffold_001794_01G000500	1	0.0238802574748069	0.0234768113304635	0.00173455544406001	1
TraesCAD_scaffold_034227_01G000600	1	0.0247905407474372	0.0245806493517799	0.0012780404148469	1
TraesCAD_scaffold_015559_01G000800	1	0.0172081609744559	0.0170445661459911	0.00230626035958088	1
TraesCAD_scaffold_071711_01G000300	1	-0.0224317094147429	-0.0221578062997805	0.00155645588368837	1
TraesCAD_scaffold_006910_01G000500	1	-0.0232847046670613	-0.0232488617305417	0.00131332381304722	1
TraesCAD_scaffold_029958_01G000300	1	-0.00998623618708251	-0.00983479289958932	0.00126382401714177	1
TraesCAD_scaffold_604372_01G000100	1	0.015828904571193	0.0159044862661903	0.00595804999182407	1
TraesCAD_scaffold_034899_01G000100	1	0.00306337939843451	0.00304074219691174	0.00190265066003317	0.95
TraesCAD_scaffold_046916_01G000300	1	0.0245595486456887	0.0241865151543424	0.00131150343302378	1
TraesCAD_scaffold_077371_01G000100	1	0.0217931302906648	0.0217983792639197	0.00119291045474761	1
TraesCAD_scaffold_002471_01G000400	1	0.000615536468820546	0.00024814951736087	0.00286017287513215	0.57
TraesCAD_scaffold_027054_01G000100	1	0.0211957252957358	0.0210194664941499	0.00168855982728446	1
TraesCAD_scaffold_022723_01G000600	1	0.0238472314664156	0.0237564587810935	0.000638282828642608	1
TraesCAD_scaffold_065035_01G000100	1	-0.00440109905180842	-0.00441503143883244	0.00296553403551035	0.94
TraesCAD_scaffold_044181_01G000100	1	0.0249276693493593	0.0247397926471964	0.0013403124746991	1
TraesCAD_scaffold_052546_01G000200	1	-0.0110408903347261	-0.0108412362569498	0.00109102417063016	1
TraesCAD_scaffold_112867_01G000100	1	0.0221986677564568	0.0218479887667654	0.00190749335591115	1
TraesCAD_scaffold_058789_01G000100	1	0.022391997331728	0.0220789214711423	0.00166207912684303	1
TraesCAD_scaffold_003161_01G000400	1	0.0226372361184213	0.0226348505995738	0.000987949974766822	1
TraesCAD_scaffold_019026_01G000100	1	0.00923444342748668	0.00924725283079355	0.00121463069798553	1
TraesCAD_scaffold_037489_01G000500	1	0.0231789721166268	0.023138814070353	0.00164683990353859	1
TraesCAD_scaffold_011900_01G000100	1	0.0217784345483998	0.0218839901507427	0.00118423790795563	1
TraesCAD_scaffold_029715_01G000100	1	-0.00320444655261771	-0.00292926620110602	0.00174936183485764	0.945
TraesCAD_scaffold_202924_01G000100	1	0.015545993050968	0.0152993474405757	0.00244356888911549	1
TraesCAD_scaffold_009277_01G000400	1	0.0240446198542443	0.0239072294767677	0.000771801384277487	1
TraesCAD_scaffold_047894_01G000200	1	0.0226294737101847	0.0226211018428733	0.00116643656405851	1
TraesCAD_scaffold_021743_01G000900	1	0.00588229554023387	0.00593425018296953	0.00104573028590264	1
TraesCAD_scaffold_085008_01G000100	1	-0.0248985813192121	-0.0248660714320711	0.00122878719979795	1
TraesCAD_scaffold_003889_01G000400	1	0.0217076278129381	0.0216538064550101	0.000787786233505934	1
TraesCAD_scaffold_042516_01G000100	1	0.0231444307785193	0.0229959476642443	0.000784514556947033	1
TraesCAD_scaffold_042661_01G000300	1	-0.00426007759290177	-0.00445661562674429	0.00224361738789167	0.995
TraesCAD_scaffold_000008_01G000200	1	0.0127018883666765	0.0126371625258592	0.000906724103130243	1
TraesCAD_scaffold_081807_01G000200	1	0.0242875140002505	0.0244256777938752	0.00245625921256195	1
TraesCAD_scaffold_062490_01G000200	1	0.0230000820635832	0.0231463662947192	0.000965249007657556	1
TraesCAD_scaffold_596545_01G000100	1	-0.00607929666149862	-0.0064294317197095	0.00244201486180519	1
TraesCAD_scaffold_041133_01G000100	1	0.0136120701497963	0.013709847255991	0.000766376800074122	1
TraesCAD_scaffold_010018_01G000100	1	-0.00906753755861662	-0.00886002351561775	0.0011988846288847	1
TraesCAD_scaffold_048148_01G000300	1	0.0231683191218253	0.0232258951487964	0.0010012829433432	1
TraesCAD_scaffold_079577_01G000100	1	0.0256017394017692	0.025533891242196	0.000894925634705565	1
TraesCAD_scaffold_009506_01G000400	1	0.0166841887977301	0.0166290556720852	0.00106562452980697	1
TraesCAD_scaffold_037767_01G000200	1	0.0243454677324245	0.0241242351763215	0.00099291579535515	1
TraesCAD_scaffold_039032_01G000100	1	0.00361871044531379	0.00373068842996033	0.00120929954343771	1
TraesCAD_scaffold_057872_01G000300	1	0.00396171781823677	0.00419639240867659	0.00208051047893385	0.99
TraesCAD_scaffold_035820_01G000100	1	0.0247469003767336	0.0246898379963418	0.000530752135786836	1
TraesCAD_scaffold_087960_01G000100	1	0.00627637117011104	0.0063101992765241	0.00100089637996406	1
TraesCAD_scaffold_078671_01G000200	1	0.00629573708560173	0.00632213799416814	0.000986793226266196	1
TraesCAD_scaffold_059529_01G000100	1	0.021260340691168	0.0210214917249795	0.00131477874939722	1
TraesCAD_scaffold_020717_01G000200	1	-0.000754798034505157	-0.000857595252581152	0.00189548237012935	0.68
TraesCAD_scaffold_039535_01G000100	1	-0.00482866499614742	-0.00476395166838435	0.00296704189206069	0.955
TraesCAD_scaffold_057906_01G000200	1	0.0217991653159388	0.0218161160798291	0.00142050858053897	1
TraesCAD_scaffold_056421_01G000200	1	0.0219170188242961	0.0217358755189888	0.00151981158019397	1
TraesCAD_scaffold_051265_01G000100	1	0.0235156858534752	0.0233861763965813	0.000750489186586614	1
TraesCAD_scaffold_030585_01G000100	1	0.0226335274974848	0.0225363749173284	0.000645627368407725	1
TraesCAD_scaffold_014872_01G000900	1	0.0243902226384212	0.0240014734385685	0.00159720610777223	1
TraesCAD_scaffold_034223_01G000200	1	-0.0137851037305042	-0.013574261850274	0.00240956641874578	1
TraesCAD_scaffold_017407_01G000100	1	0.0223652243038522	0.0222920186931599	0.000886673570652313	1
TraesCAD_scaffold_059507_01G000200	1	-0.0240450946374025	-0.0240178585575009	0.000733368404714872	1
TraesCAD_scaffold_012096_01G000700	1	0.0205764779231358	0.0206659268824795	0.00121862551331	1
TraesCAD_scaffold_015136_01G001000	1	0.0200688664312602	0.0201933489938813	0.000833038689582803	1
TraesCAD_scaffold_067331_01G000200	1	0.023354732366155	0.0230070963542687	0.00161012170579083	1
TraesCAD_scaffold_051531_01G000200	1	0.00982329416591613	0.00973548889432592	0.00120218902646807	1
TraesCAD_scaffold_028032_01G000100	1	0.023802060212443	0.0234082184778415	0.0019964719904799	1
TraesCAD_scaffold_014474_01G000200	1	0.0235732720917027	0.0233933288625764	0.00104268017319765	1
TraesCAD_scaffold_071131_01G000100	1	0.0220048820236416	0.0219038694922837	0.0014230232157183	1
TraesCAD_scaffold_068678_01G000100	1	0.020170618831294	0.0201880989838944	0.0012424419167733	1
TraesCAD_scaffold_137967_01G000100	1	0.0193994402311167	0.0192614187485902	0.00253752239762284	1
TraesCAD_scaffold_000670_01G000500	1	0.0050634728907602	0.00482363669811473	0.00145515431066498	1
TraesCAD_scaffold_065235_01G000100	1	0.0238098626291071	0.0235333570376695	0.00107465270047906	1
TraesCAD_scaffold_023034_01G000400	1	0.0185840563509507	0.0186947297938549	0.00178705418026651	1
TraesCAD_scaffold_007363_01G000200	1	0.0158991210422098	0.0157854705473637	0.00132681729189792	1
TraesCAD_scaffold_037215_01G000600	1	0.0252078594745512	0.0250710416100224	0.000914433738926369	1
TraesCAD_scaffold_026600_01G000100	1	0.0127899743809749	0.0128428325286021	0.000815656083216735	1
TraesCAD_scaffold_034723_01G000300	1	-0.0243648167147963	-0.0240374705842732	0.000812115472384794	1
TraesCAD_scaffold_043447_01G000100	1	-0.0187697813163266	-0.0189786439151908	0.00178523035755917	1
TraesCAD_scaffold_108505_01G000100	1	-0.023420752441642	-0.0233755507734222	0.0011070227072239	1
TraesCAD_scaffold_000524_01G000700	1	0.0234389970136092	0.0234772799340255	0.000589115935364283	1
TraesCAD_scaffold_054389_01G000100	1	0.0231170985756379	0.0228120525668258	0.0012257614645906	1
TraesCAD_scaffold_013556_01G000400	1	0.0218229330214922	0.0218734590107766	0.00140709279856794	1
TraesCAD_scaffold_030350_01G000300	1	0.0230690861656752	0.0230249515285044	0.00126624198086077	1
TraesCAD_scaffold_053879_01G000200	1	0.010196844040795	0.0102074258221062	0.000838799174304683	1
TraesCAD_scaffold_000620_01G000200	1	0.00751244294892949	0.00764792195521787	0.00106502328203799	1
TraesCAD_scaffold_004039_01G000200	1	0.0237633779406698	0.0235877855414608	0.00100476625070509	1
TraesCAD_scaffold_045887_01G000100	1	0.0218709240149133	0.0218944654806533	0.000905525672662107	1
TraesCAD_scaffold_086990_01G000100	1	0.0240484858658673	0.0238623678371363	0.00113873692249739	1
TraesCAD_scaffold_008459_01G000500	1	0.00467595346823255	0.00471731853566968	0.00116534827791795	1
TraesCAD_scaffold_045162_01G000200	1	0.0222654538397005	0.022357687717447	0.00128451794137224	1
TraesCAD_scaffold_000427_01G000300	1	0.0233713346760917	0.0233234816319816	0.000722480595652476	1
TraesCAD_scaffold_101126_01G000100	1	0.0235525820779601	0.0234485364586967	0.000855683518563193	1
TraesCAD_scaffold_009663_01G000300	1	0.0243617128213203	0.0243132885895992	0.000510863025124494	1
TraesCAD_scaffold_098712_01G000100	1	0.0228686611512146	0.0227595284384243	0.000743709730169731	1
TraesCAD_scaffold_030058_01G000400	1	0.0186689989438214	0.0188471197051352	0.00119646202696427	1
TraesCAD_scaffold_033213_01G000300	1	0.0242460765638152	0.0240511454218763	0.00112133016031979	1
TraesCAD_scaffold_058073_01G000100	1	0.01517652545343	0.0151156621070569	0.000867775814507604	1
TraesCAD_scaffold_037767_01G000300	1	0.0241071014034581	0.0239205494529476	0.000712137116419318	1
TraesCAD_scaffold_110932_01G000100	1	-0.0235215779163029	-0.0235927604758235	0.00144815975843625	1
TraesCAD_scaffold_041294_01G000200	1	-0.0140662783780575	-0.0139262074370948	0.00122770935678397	1
TraesCAD_scaffold_007210_01G000100	1	0.0239333515160009	0.0237933196908018	0.00139068444519282	1
TraesCAD_scaffold_055070_01G000100	1	0.0064343392620538	0.00643989073367937	0.00171212568337884	1
TraesCAD_scaffold_000238_01G000600	1	-0.0192697530247002	-0.0195035341159523	0.00219696679042156	1
TraesCAD_scaffold_000048_01G000500	1	0.0184067480177889	0.0185004190231621	0.00121236378794568	1
TraesCAD_scaffold_065649_01G000200	1	0.0139629218839955	0.0138987374079323	0.000942255524408607	1
TraesCAD_scaffold_056445_01G000100	1	0.0223897349067827	0.0223000260245191	0.00145840496301729	1
TraesCAD_scaffold_035254_01G000500	1	0.0145572522204125	0.014591430936274	0.00170971383557405	1
TraesCAD_scaffold_073420_01G000200	1	0.0205326188102211	0.0205905991590369	0.00135447111666645	1
TraesCAD_scaffold_006870_01G000200	1	0.0228784785026084	0.0227492357963159	0.000993002897294516	1
TraesCAD_scaffold_083027_01G000200	1	0.0223050218907415	0.0220467160355555	0.00177154452758325	1
TraesCAD_scaffold_011635_01G000500	1	0.0175939540891781	0.0174647152724098	0.00109986487921354	1
TraesCAD_scaffold_006942_01G000700	1	0.0237180657759205	0.0235919824326641	0.000793592908899601	1
TraesCAD_scaffold_044958_01G000200	1	0.016562590021222	0.0166353231616876	0.000903132644178438	1
TraesCAD_scaffold_101273_01G000100	1	0.0205438646951378	0.0206180586104857	0.00187259133198706	1
TraesCAD_scaffold_024829_01G000200	1	0.0231429888232418	0.0229441226711986	0.00170552761139011	1
TraesCAD_scaffold_004866_01G000400	1	0.000207104853567052	5.7862879736635e-05	0.00282623953774686	0.525
TraesCAD_scaffold_049754_01G000200	1	-0.0016918254340018	-0.00168253150269798	0.0018022817847014	0.835
TraesCAD_scaffold_075795_01G000200	1	0.0146284724236816	0.0146270911251265	0.000993845785960355	1
TraesCAD_scaffold_062135_01G000700	1	-0.0239744093586386	-0.0237622969914838	0.000801397713751871	1
TraesCAD_scaffold_110622_01G000100	1	0.0198785058143502	0.0196243354089338	0.00173119351986752	1
TraesCAD_scaffold_006946_01G000200	1	0.00878690660581638	0.00887933069506738	0.00157638028510337	1
TraesCAD_scaffold_127890_01G000100	1	0.0178187296307796	0.0178300203103876	0.000874164145089141	1
TraesCAD_scaffold_094661_01G000100	1	0.0219232696368537	0.0219741830304802	0.000806090910931047	1
TraesCAD_scaffold_076667_01G000200	1	0.022158655760444	0.0216822664861639	0.00226929514669166	1
TraesCAD_scaffold_036608_01G000500	1	-0.0240896132889164	-0.0238866258209063	0.00121593683751629	1
TraesCAD_scaffold_087266_01G000100	1	0.0225793640170039	0.0223505611368532	0.00120276304025271	1
TraesCAD_scaffold_001357_01G000400	1	0.0205456274045028	0.0205783227601859	0.00071099684614964	1
TraesCAD_scaffold_055025_01G000300	1	-0.0246695443243705	-0.0246306409728038	0.000834535344240902	1
TraesCAD_scaffold_026117_01G000500	1	0.022597484019562	0.0223459903723312	0.00111156778817138	1
TraesCAD_scaffold_020803_01G000200	1	0.0101924616162491	0.0103522042218129	0.00137212335365612	1
TraesCAD_scaffold_031385_01G000100	1	-0.0231908760926376	-0.0231396615298756	0.000772562490598225	1
TraesCAD_scaffold_027210_01G000100	1	-0.023339318898186	-0.023186227945297	0.00237545343206004	1
TraesCAD_scaffold_064130_01G000200	1	-0.00826301585504343	-0.00864489085811981	0.00234485339645686	1
TraesCAD_scaffold_006324_01G000500	1	0.0173631776095589	0.017213610979378	0.00175683696571792	1
TraesCAD_scaffold_050692_01G000100	1	0.0233329099034911	0.0233305420636723	0.00118582639144349	1
TraesCAD_scaffold_090189_01G000100	1	0.00185210066675197	0.0017661463232388	0.00211697140573632	0.775
TraesCAD_scaffold_025038_01G000100	1	0.0235729680494527	0.0234536065928744	0.00149291479470842	1
TraesCAD_scaffold_017003_01G000300	1	0.018770221370126	0.0189303873669278	0.00147021017868478	1
TraesCAD_scaffold_117041_01G000100	1	-0.00829433225159604	-0.00848383252066412	0.0013835902980964	1
TraesCAD_scaffold_020020_01G000200	1	0.0235387829442231	0.0233520040004659	0.00107818715069247	1
TraesCAD_scaffold_042994_01G000100	1	0.0230112791925251	0.0230213131218211	0.000665138163064968	1
TraesCAD_scaffold_032741_01G000300	1	-0.0223052666456238	-0.0223648361234447	0.0016308657345512	1
TraesCAD_scaffold_075889_01G000100	1	0.0125888311596498	0.0124504293955689	0.00148703814476072	1
TraesCAD_scaffold_050164_01G000400	1	0.0226589851111115	0.0226441783834369	0.00144485827394267	1
TraesCAD_scaffold_016263_01G000900	1	0.0237180929795974	0.0235052253890979	0.00131075943965939	1
TraesCAD_scaffold_004364_01G000100	1	0.012336325945664	0.0124458565424354	0.000952761347248622	1
TraesCAD_scaffold_007206_01G001000	1	0.0219633457709113	0.0219247936560238	0.00070451732858198	1
TraesCAD_scaffold_024417_01G000100	1	0.0214049084880057	0.0212424595740319	0.00191399979020946	1
TraesCAD_scaffold_024920_01G000200	1	0.0240818147893731	0.0237376491106	0.00146664206652837	1
TraesCAD_scaffold_109100_01G000200	1	0.0237956538320941	0.0235544515682333	0.00127979730661016	1
TraesCAD_scaffold_115347_01G000200	1	0.0230820746662466	0.0231865435616302	0.000970189448064049	1
TraesCAD_scaffold_460363_01G000100	1	0.0231396493735125	0.023307219427727	0.00141043383967277	1
TraesCAD_scaffold_119220_01G000200	1	0.0204333789257842	0.020495677130538	0.00128432493788626	1
TraesCAD_scaffold_039906_01G000300	1	0.0242125371625534	0.024128922050109	0.000771908232262697	1
TraesCAD_scaffold_092929_01G000100	1	-0.00371672027650855	-0.00365240177176084	0.0014815420643214	0.99
TraesCAD_scaffold_605394_01G000100	1	0.0201920322906282	0.0202247095664259	0.00104929598440528	1
TraesCAD_scaffold_024610_01G000200	1	0.0101422720969092	0.0100597692155673	0.00283804211367547	1
TraesCAD_scaffold_043674_01G000300	1	0.0148706493265689	0.014863157723709	0.000788428505101624	1
TraesCAD_scaffold_065415_01G000200	1	0.0235825604427985	0.0233188348308569	0.00119664573908868	1
TraesCAD_scaffold_034368_01G000200	1	0.0100278270050034	0.0101009610607159	0.00119287091699977	1
TraesCAD_scaffold_021753_01G000500	1	0.0237556791714086	0.0234830863267632	0.00150010151623873	1
TraesCAD_scaffold_010558_01G000300	1	0.0232623444070066	0.0231185715244718	0.00102871398221737	1
TraesCAD_scaffold_014697_01G000400	1	0.0165523161326141	0.0163312855713229	0.00108040458717839	1
TraesCAD_scaffold_782459_01G000100	1	0.0193732338681013	0.0193691570451008	0.00108470037095257	1
TraesCAD_scaffold_015369_01G000100	1	0.00880810932228051	0.00883462733096619	0.00171875130473683	1
TraesCAD_scaffold_155689_01G000200	1	-0.0142234802053245	-0.0140642075570949	0.00132768264980945	1
TraesCAD_scaffold_043470_01G000100	1	-0.0206299577969912	-0.0206562297835427	0.00152791303692174	1
TraesCAD_scaffold_029335_01G000100	1	0.0151016774253526	0.0148760727189541	0.00175326026384862	1
TraesCAD_scaffold_061687_01G000500	1	-0.00830285333021644	-0.00821026522061437	0.0016976584920623	1
TraesCAD_scaffold_027762_01G000300	1	-0.0224837655825774	-0.0223130603528267	0.00190538397595819	1
TraesCAD_scaffold_054171_01G000300	1	0.0115196999159238	0.0114571201980113	0.000861074651488499	1
TraesCAD_scaffold_021426_01G000500	1	0.0196636175436274	0.0193216160031071	0.00240673510209461	1
TraesCAD_scaffold_016263_01G000300	1	0.0127166742883168	0.0126525638282988	0.00147478490024167	1
TraesCAD_scaffold_047480_01G000300	1	0.0224272992777803	0.0222913238577656	0.00100510583647419	1
TraesCAD_scaffold_007352_01G000400	1	0.0226287972334878	0.0227777397978159	0.000910049687819528	1
TraesCAD_scaffold_030860_01G000200	1	0.0214084907693213	0.0211529578210305	0.00126668557329771	1
TraesCAD_scaffold_018831_01G000100	1	0.0208471912120578	0.0207514017710127	0.000739646249127987	1
TraesCAD_scaffold_006737_01G000100	1	-0.0171215837078191	-0.0172230380929791	0.00111941387513934	1
TraesCAD_scaffold_041729_01G000300	1	0.0225063761017011	0.0222893572336488	0.00163335124790874	1
TraesCAD_scaffold_054181_01G000400	1	0.0232582508104036	0.0232545895200059	0.00114024921750216	1
TraesCAD_scaffold_081697_01G000200	1	0.0234794376200062	0.0233859478187431	0.0010457834399398	1
TraesCAD_scaffold_009346_01G000300	1	0.00174189662691774	0.00168083206848557	0.00112771388834379	0.92
TraesCAD_scaffold_001539_01G000200	1	0.0105677467509119	0.0104783243136016	0.00267516519762191	1
TraesCAD_scaffold_041963_01G000100	1	0.023549968116014	0.023330429045107	0.00112031526664037	1
TraesCAD_scaffold_071897_01G000100	1	0.0241134259240144	0.0239187630624409	0.000941084334474523	1
TraesCAD_scaffold_035413_01G000400	1	0.020959629914599	0.0208378806067316	0.00157064747043377	1
TraesCAD_scaffold_059790_01G000200	1	0.0228473363029631	0.0227545245407164	0.000690187721361111	1
TraesCAD_scaffold_041454_01G000200	1	0.0158496132704011	0.0156771091650261	0.00110541150894039	1
TraesCAD_scaffold_095002_01G000100	1	-0.0237303886759964	-0.0237048096290723	0.00104499521267599	1
TraesCAD_scaffold_032394_01G000300	1	0.0174130427928999	0.0173570829784067	0.000790523110452319	1
TraesCAD_scaffold_059790_01G000300	1	0.0231786035314708	0.0231166188099763	0.00101342843765652	1
TraesCAD_scaffold_000478_01G000100	1	0.00557646903695967	0.00546067153178157	0.00170815423375883	1
TraesCAD_scaffold_037917_01G000200	1	0.0116964443887263	0.0115920207359465	0.00123374048027287	1
TraesCAD_scaffold_018210_01G000400	1	0.0161047939635802	0.0163465609145622	0.00164851706881646	1
TraesCAD_scaffold_002795_01G001600	1	0.019876317454483	0.0196424778833191	0.00267803352244712	1
TraesCAD_scaffold_006324_01G000400	1	0.015465805541501	0.0154533449467484	0.000660170757106066	1
TraesCAD_scaffold_013984_01G000200	1	-0.0174483203515048	-0.0177123140168515	0.00250899485402687	1
TraesCAD_scaffold_036169_01G000100	1	0.0236265934048921	0.0235298188220816	0.000892659761050691	1
TraesCAD_scaffold_011496_01G000700	1	-0.00574432733186694	-0.00559488212717093	0.00104537452631085	1
TraesCAD_scaffold_025493_01G000200	1	0.0210468305952727	0.0210191750946454	0.00138487035394818	1
TraesCAD_scaffold_088237_01G000300	1	0.022420794507144	0.0223215994209948	0.00108944601590857	1
TraesCAD_scaffold_002945_01G000600	1	0.0218710131132164	0.0218933870554809	0.000933929196594164	1
TraesCAD_scaffold_137034_01G000100	1	0.023259815338348	0.0232981670407478	0.000694621127124669	1
TraesCAD_scaffold_018066_01G000100	1	0.0189510795998287	0.0189728377096002	0.00114216144979285	1
TraesCAD_scaffold_059018_01G000300	1	0.020203491563445	0.0201551049278904	0.00103147080358694	1
TraesCAD_scaffold_040452_01G000200	1	0.00181365805781548	0.00164250290395661	0.00149364297727171	0.86
TraesCAD_scaffold_139458_01G000100	1	-0.00860648453787182	-0.0084744021454373	0.001578552641939	1
TraesCAD_scaffold_025912_01G000100	1	0.0186422247984	0.0186967452001575	0.00130023393020245	1
TraesCAD_scaffold_037369_01G000100	1	-0.0241568342047605	-0.024102012893073	0.00108518187704976	1
TraesCAD_scaffold_001155_01G000300	1	0.0215112076355601	0.0212571290187748	0.00145098162765801	1
TraesCAD_scaffold_052200_01G000200	1	0.0191790355154184	0.019284521786323	0.000973315155270815	1
TraesCAD_scaffold_083548_01G000200	1	0.0219366643416036	0.0216378327695913	0.0017430864258825	1
TraesCAD_scaffold_000102_01G000600	1	0.0238493936300719	0.0236911832664101	0.000556645786065599	1
TraesCAD_scaffold_048508_01G000200	1	0.0207095791317141	0.0207056339176748	0.00128140540840585	1
TraesCAD_scaffold_050789_01G000100	1	0.00327999006303944	0.00332575645510252	0.00196058858288484	0.965
TraesCAD_scaffold_096637_01G000200	1	0.0187602763437434	0.0187297765748813	0.000604597838882277	1
TraesCAD_scaffold_026736_01G000100	1	-0.0198445930570822	-0.0201306101507974	0.00243672664078943	1
TraesCAD_scaffold_021327_01G000100	1	0.00960921436627389	0.00967673581714452	0.00212451622393544	1
TraesCAD_scaffold_016154_01G000100	1	0.00723122035488414	0.00692867194097339	0.00172228995091953	1
TraesCAD_scaffold_008177_01G000300	1	-0.00222758105793051	-0.00187023942911263	0.00167557956203174	0.86
TraesCAD_scaffold_066075_01G000200	1	0.0208815695191315	0.0209685251534823	0.00104610366975677	1
TraesCAD_scaffold_030341_01G000100	1	0.0187538113133546	0.0187068065576168	0.000960975563338616	1
TraesCAD_scaffold_030383_01G000300	1	0.0225925391367256	0.0224244351623378	0.000898394922346091	1
TraesCAD_scaffold_074894_01G000100	1	0.0239134996742464	0.0238191267606976	0.000599049073290824	1
TraesCAD_scaffold_030600_01G000400	1	0.0166185931511196	0.0166166111811022	0.00107437580994941	1
TraesCAD_scaffold_051155_01G000100	1	0.00624839597797529	0.00637782422017377	0.000993897138467458	1
TraesCAD_scaffold_056178_01G000300	1	-0.0187836055695029	-0.0187879164957046	0.00231606844630011	1
TraesCAD_scaffold_011527_01G000500	1	0.0202988907010654	0.0204167415166905	0.00082473585198229	1
TraesCAD_scaffold_133861_01G000100	1	0.0236386576783818	0.0234822965999813	0.00083121782378851	1
TraesCAD_scaffold_042649_01G000100	1	0.0185009345314843	0.0184081611915386	0.00114189397353355	1
TraesCAD_scaffold_019415_01G000300	1	0.0225135574053401	0.0225464040844919	0.000738119273900119	1
TraesCAD_scaffold_012382_01G000200	1	0.0218234303112326	0.0216486862027961	0.00105180689100712	1
TraesCAD_scaffold_034026_01G000100	1	0.0194186207499467	0.0192106212059208	0.00129211935090569	1
TraesCAD_scaffold_076631_01G000100	1	0.0215078143004481	0.0213819558012333	0.000837589188487827	1
TraesCAD_scaffold_090816_01G000100	1	0.0235234674362141	0.0232053828566499	0.00108130388278654	1
TraesCAD_scaffold_015965_01G000100	1	-0.00676727311590916	-0.00644606304633175	0.00218465613555902	1
TraesCAD_scaffold_006789_01G000200	1	0.00377133944780179	0.00382739242059992	0.00128186502230754	1
TraesCAD_scaffold_104571_01G000100	1	-0.0035521558817594	-0.00330293914525499	0.00139643873836691	0.99
TraesCAD_scaffold_036510_01G000400	1	-0.0130572512600458	-0.0133334740520896	0.0027536977515156	1
TraesCAD_scaffold_103792_01G000100	1	0.0122507764649719	0.0122471619355391	0.00105657430100906	1
TraesCAD_scaffold_014649_01G000200	1	-0.0225993539542396	-0.0226252308854963	0.00159822102349003	1
TraesCAD_scaffold_028125_01G000600	1	0.0235649090008832	0.0233885788731525	0.00152040904307857	1
TraesCAD_scaffold_028135_01G000200	1	0.0174079858223849	0.0174904079723905	0.00119758109217601	1
TraesCAD_scaffold_013815_01G000300	1	0.0135738630018778	0.0135722555146192	0.000787035735924596	1
TraesCAD_scaffold_116732_01G000300	1	0.0201908448650653	0.0202403847531441	0.000909944088764128	1
TraesCAD_scaffold_010548_01G000300	1	0.0197704967775115	0.0198570298792547	0.00111825659076656	1
TraesCAD_scaffold_090827_01G000200	1	-0.0191731128261188	-0.0189752285307732	0.00223074964163958	1
TraesCAD_scaffold_173189_01G000100	1	0.0124082640551579	0.0123068380115309	0.00129621243330824	1
TraesCAD_scaffold_046120_01G000300	1	8.61854520278119e-05	0.000227792139429271	0.000989191132781652	0.585
TraesCAD_scaffold_016920_01G000100	1	0.021642965360281	0.0216242632097262	0.00149828648475397	1
TraesCAD_scaffold_031710_01G000400	1	0.0172085427828374	0.0172740607691342	0.000637219042539333	1
TraesCAD_scaffold_139319_01G000200	1	-0.0242793350344231	-0.024172409910842	0.00117980094867791	1
TraesCAD_scaffold_080248_01G000200	1	0.0226301239600418	0.0224808699538037	0.00144357601333278	1
TraesCAD_scaffold_022658_01G000200	1	0.0187365096926689	0.0188043696827176	0.000940816160166114	1
TraesCAD_scaffold_033416_01G000100	1	-0.0147313549105281	-0.0145887703983919	0.00117744842035905	1
TraesCAD_scaffold_065574_01G000200	1	0.0210162258423118	0.0208149289875538	0.00102960763629723	1
TraesCAD_scaffold_035467_01G000300	1	0.0232040611542791	0.0229894148434857	0.00107421026916106	1
TraesCAD_scaffold_056022_01G000100	1	0.0146278385058506	0.0149571829290763	0.00185214118702385	1
TraesCAD_scaffold_024157_01G000200	1	0.0228056198519578	0.0225536566949394	0.00166726492891027	1
TraesCAD_scaffold_022077_01G000100	1	0.00883488946848947	0.00882719660392689	0.001227150425218	1
TraesCAD_scaffold_096476_01G000100	1	0.0135562519027039	0.0134783614331592	0.00109514475037735	1
TraesCAD_scaffold_017081_01G000100	1	0.0173787190428688	0.0170979875917472	0.00252272082910322	1
TraesCAD_scaffold_038422_01G000200	1	0.0190105611426933	0.0188682103032741	0.00160265338584852	1
TraesCAD_scaffold_018765_01G000200	1	0.00617885998771365	0.00606435372739053	0.00243750450854007	0.99
TraesCAD_scaffold_317304_01G000100	1	-0.00019391428045973	-0.000264911256215152	0.00189703970127016	0.56
TraesCAD_scaffold_045789_01G000400	1	0.0236975434151288	0.0235286510847809	0.000993290556776645	1
TraesCAD_scaffold_005375_01G001700	1	-0.018522446170202	-0.0187886571905086	0.00249431540890529	1
TraesCAD_scaffold_002732_01G000200	1	0.0227499233519589	0.0227564456083747	0.000942498214635748	1
TraesCAD_scaffold_008102_01G000200	1	-0.0225162896955612	-0.0226420541712554	0.00179578264711522	1
TraesCAD_scaffold_071611_01G000100	1	0.0213413480546454	0.0210602352361481	0.00140501070391434	1
TraesCAD_scaffold_118797_01G000100	1	0.0200468423676239	0.020130649287756	0.0017688602091798	1
TraesCAD_scaffold_346237_01G000100	1	0.0158827338228343	0.0158588409953407	0.00144820160491618	1
TraesCAD_scaffold_008246_01G000500	1	0.0203705197141223	0.0203261847439525	0.000970366142724451	1
TraesCAD_scaffold_003565_01G000100	1	0.0176355528703126	0.0175944944787951	0.00142740870398231	1
TraesCAD_scaffold_051283_01G000300	1	0.018454539355279	0.0184825319797976	0.00061575814013281	1
TraesCAD_scaffold_077857_01G000100	1	-0.00975564522509103	-0.00976386538270907	0.00183383429108673	1
TraesCAD_scaffold_064765_01G000100	1	0.0225991078394377	0.0225857323579784	0.000769282847538924	1
TraesCAD_scaffold_037800_01G000100	1	0.01390977232022	0.0137392926418346	0.00103062295757544	1
TraesCAD_scaffold_094044_01G000100	1	0.0195949863161566	0.0191357000026296	0.00288912900629178	1
TraesCAD_scaffold_000524_01G001100	1	0.0037222213465589	0.00375641429661491	0.0011395392713309	1
TraesCAD_scaffold_027296_01G000600	1	0.0226236235572885	0.0226036846846163	0.000694709998018917	1
TraesCAD_scaffold_008221_01G000300	1	-0.0207527018884143	-0.0206831320498692	0.00110463621721639	1
TraesCAD_scaffold_031460_01G000100	1	0.0208162796175174	0.0209487286460591	0.00112100778227238	1
TraesCAD_scaffold_065970_01G000100	1	-0.0226132289884699	-0.0225988051238321	0.000800812181477723	1
TraesCAD_scaffold_069509_01G000100	1	-0.00159708987828057	-0.00177351037701029	0.00181699450819385	0.84
TraesCAD_scaffold_143333_01G000100	1	-0.000682296565300983	-0.000690811549846105	0.00281476710628461	0.555
TraesCAD_scaffold_158169_01G000100	1	0.0238695821847133	0.0237133540975772	0.000759453243472179	1
TraesCAD_scaffold_025455_01G000100	1	-0.00745162349310099	-0.00755491036434276	0.00192866962871573	1
TraesCAD_scaffold_023838_01G000200	1	-0.00595746246040604	-0.00629417297995482	0.00184605681668004	1
TraesCAD_scaffold_041979_01G000100	1	0.021088958951058	0.0211666520886465	0.000537370403845982	1
TraesCAD_scaffold_001245_01G000400	1	0.0151929291522212	0.0149945318165662	0.00133579761445505	1
TraesCAD_scaffold_001011_01G000200	1	-0.0234887097104574	-0.0233064194862079	0.000882844271164797	1
TraesCAD_scaffold_023592_01G000500	1	0.0104297936453985	0.0104718390373378	0.000915458065009182	1
TraesCAD_scaffold_042393_01G000100	1	0.0226755375905449	0.022560377996427	0.00116996429281011	1
TraesCAD_scaffold_006023_01G000300	1	0.0216528054965896	0.0213182961760687	0.00127047474265662	1
TraesCAD_scaffold_108449_01G000100	1	0.0217456019089817	0.021658614029444	0.000849498964539247	1
TraesCAD_scaffold_088803_01G000100	1	-0.0222011152016345	-0.0221907837345416	0.00114755735910551	1
TraesCAD_scaffold_025023_01G000100	1	0.0202879077125643	0.0203546031832317	0.00090887962940026	1
TraesCAD_scaffold_026578_01G000200	1	0.00124547498849486	0.00138217074647568	0.00113439627296543	0.895
TraesCAD_scaffold_061232_01G000100	1	0.0131515031953208	0.0131361368659568	0.000887219135379	1
TraesCAD_scaffold_127211_01G000100	1	-0.021849761844362	-0.0217971387978292	0.000677054007420148	1
TraesCAD_scaffold_024267_01G000200	1	0.0178206488698941	0.0180431640880693	0.000998441829095168	1
TraesCAD_scaffold_014419_01G000100	1	0.0177811076688632	0.0174581563735571	0.00134400163475301	1
TraesCAD_scaffold_134257_01G000100	1	0.00856026477160943	0.00860110558279115	0.00109677334416022	1
TraesCAD_scaffold_064470_01G000100	1	0.0227263067845248	0.0226567577250142	0.00110883182368525	1
TraesCAD_scaffold_041826_01G000100	1	0.0100364028589167	0.0100715865573352	0.00110685334716071	1
TraesCAD_scaffold_119973_01G000100	1	0.0160769130944677	0.0163194192951835	0.0016440478359081	1
TraesCAD_scaffold_100544_01G000300	1	0.00648379551886531	0.00642778053194124	0.000947274873894692	1
TraesCAD_scaffold_091156_01G000100	1	0.0129594417299988	0.012917133801732	0.00126541942265279	1
TraesCAD_scaffold_042592_01G000100	1	0.0211672394842894	0.0209361856117855	0.00105179794517735	1
TraesCAD_scaffold_062964_01G000100	1	-0.0200339996767149	-0.0201082669988055	0.00136779754733889	1
TraesCAD_scaffold_120839_01G000100	1	-0.0215795544874038	-0.0215375906202265	0.000584053560926685	1
TraesCAD_scaffold_103070_01G000300	1	0.0151511009354979	0.0150498847884944	0.00133805819196591	1
TraesCAD_scaffold_040687_01G000100	1	0.0220831448180789	0.0219797726261824	0.00156784752992903	1
TraesCAD_scaffold_006702_01G000100	1	0.01554733433703	0.0155887265561245	0.00131871732117039	1
TraesCAD_scaffold_093037_01G000100	1	0.0119632473283697	0.0119002029538707	0.00119390597954215	1
TraesCAD_scaffold_032132_01G000200	1	0.00522422480463004	0.00533862564449204	0.00122378613112081	1
TraesCAD_scaffold_005789_01G000300	1	-0.0132803264660344	-0.0136150316660062	0.00296716032287759	1
TraesCAD_scaffold_024703_01G000100	1	0.0148941161933093	0.014898603932205	0.00103944122015979	1
TraesCAD_scaffold_154799_01G000300	1	0.0113516998098808	0.0112459267203712	0.00524157919556639	0.995
TraesCAD_scaffold_041791_01G000200	1	0.00749235434580313	0.00748301804617326	0.00357115406961337	0.985
TraesCAD_scaffold_024037_01G000200	1	0.0182876815988005	0.0184039618403661	0.00109261081072998	1
TraesCAD_scaffold_108490_01G000100	1	0.0192675414345569	0.0191460142242056	0.00111012783696343	1
TraesCAD_scaffold_021123_01G000200	1	0.0207208202877408	0.0206807742808547	0.000757422845148376	1
TraesCAD_scaffold_122044_01G000100	1	0.0211685378314026	0.0212355916294415	0.00054903568133002	1
TraesCAD_scaffold_019138_01G000100	1	-0.0230513974137149	-0.0228296222369631	0.000875996206488621	1
TraesCAD_scaffold_092716_01G000100	1	0.0234505933021482	0.0232792419002717	0.00124211312228885	1
TraesCAD_scaffold_029289_01G000200	1	-0.021690633743156	-0.0216257393707766	0.00107234093619175	1
TraesCAD_scaffold_016612_01G000100	1	0.0202049130396272	0.0201052208772625	0.00105754973713862	1
TraesCAD_scaffold_088681_01G000100	1	0.0169796331394458	0.017005564931705	0.000749394538164662	1
TraesCAD_scaffold_025376_01G000200	1	0.0214494566898178	0.0212338498360448	0.00135901292458441	1
TraesCAD_scaffold_000030_01G000100	1	0.0142980574393978	0.0145350578145306	0.00105215815482132	1
TraesCAD_scaffold_016993_01G000200	1	-0.0112508847860223	-0.0112853089934215	0.00240509992613206	1
TraesCAD_scaffold_007417_01G000200	1	0.00110243679181945	0.00119160278256352	0.00137541493282042	0.815
TraesCAD_scaffold_119264_01G000300	1	0.0208571110177054	0.0209491945702652	0.00124536829618876	1
TraesCAD_scaffold_076399_01G000100	1	0.0146991611166436	0.0148505416440713	0.000978310595312241	1
TraesCAD_scaffold_005736_01G000200	1	-0.000260139979297919	-0.000294758765055652	0.00240718661579174	0.585
TraesCAD_scaffold_081858_01G000100	1	0.0188931803843489	0.0188537157212986	0.00113545710071902	1
TraesCAD_scaffold_004065_01G000100	1	0.0207067147401126	0.0207779004392208	0.000482060569123314	1
TraesCAD_scaffold_047177_01G000200	1	0.0209758919157969	0.0206934182366591	0.00142313136647441	1
TraesCAD_scaffold_020479_01G000200	1	0.0182853915026937	0.0183025458326016	0.00104331160555358	1
TraesCAD_scaffold_010839_01G000400	1	-0.0216627978113397	-0.0215213213338351	0.0006531393582259	1
TraesCAD_scaffold_019167_01G000100	1	-0.000378934389299167	-6.012305634589e-05	0.00185992807292275	0.545
TraesCAD_scaffold_117670_01G000100	1	-0.0162252769754601	-0.0162251144221759	0.00239962367454666	1
TraesCAD_scaffold_015968_01G000800	1	-0.0224286642440037	-0.0223623482944172	0.00148426261151015	1
TraesCAD_scaffold_108461_01G000200	1	0.0232142828775267	0.0230019257317618	0.00102208727497568	1
TraesCAD_scaffold_013860_01G000100	1	0.0218192915684675	0.021769875257519	0.000993398210277511	1
TraesCAD_scaffold_077349_01G000100	1	-0.0232583495767383	-0.0232292321306482	0.00129536177886091	1
TraesCAD_scaffold_034313_01G000600	1	0.0223225768450748	0.0221259569348002	0.00126437377075195	1
TraesCAD_scaffold_000397_01G000100	1	0.0138146661706093	0.0137085793856047	0.00125393460239434	1
TraesCAD_scaffold_048747_01G000200	1	0.0173234247992201	0.0172835669644189	0.00185464700622846	1
TraesCAD_scaffold_058646_01G000100	1	-0.00198480948935353	-0.00199466757647086	0.00131918289624851	0.92
TraesCAD_scaffold_005267_01G000300	1	0.015641720234147	0.0157893526882626	0.0010224294889195	1
TraesCAD_scaffold_021300_01G000200	1	0.003169250244123	0.00313746960945117	0.00107710290092262	1
TraesCAD_scaffold_010839_01G000300	1	-0.0143323142723067	-0.0142141728062927	0.00115558103319722	1
TraesCAD_scaffold_041314_01G000100	1	0.016519737222536	0.0166053909238265	0.000997577517561368	1
TraesCAD_scaffold_019250_01G000100	1	0.00473316257217533	0.00482557538923035	0.00311465841863981	0.93
TraesCAD_scaffold_150223_01G000100	1	-0.022908494909517	-0.02292713052206	0.001107808514324	1
TraesCAD_scaffold_074925_01G000100	1	-0.0236742379265432	-0.0237741747781681	0.00173264793636733	1
TraesCAD_scaffold_061091_01G000100	1	0.0090031352286186	0.00895766651534656	0.00249091247606651	1
TraesCAD_scaffold_032566_01G000100	1	0.0124171753804515	0.0126249096148592	0.00129651052121249	1
TraesCAD_scaffold_023584_01G000400	1	0.00102855300721981	0.00119000512501646	0.00168515464066683	0.75
TraesCAD_scaffold_161145_01G000100	1	-0.000470161519426546	-0.000258963422602788	0.00200278182684609	0.575
TraesCAD_scaffold_104099_01G000100	1	-0.0129514347481851	-0.0127706880959685	0.00219022966047747	1
TraesCAD_scaffold_096243_01G000200	1	0.0130209246978838	0.0131598602034601	0.0010259439149951	1
TraesCAD_scaffold_009391_01G000300	1	0.000155024340905896	0.000156574207345814	0.00101127372467125	0.54
TraesCAD_scaffold_027987_01G000100	1	-0.0159891195831862	-0.0159848979426597	0.00144823155327171	1
TraesCAD_scaffold_021721_01G000300	1	0.0144700683127809	0.0145436261969923	0.00100845436509348	1
TraesCAD_scaffold_008974_01G000100	1	0.000613136605720772	0.000570703835822768	0.00139705297152421	0.66
TraesCAD_scaffold_089147_01G000200	1	0.0184743585922623	0.0185592044235825	0.00101394353883907	1
TraesCAD_scaffold_044280_01G000200	1	-0.00797775653888572	-0.00840039588410784	0.00228717346766641	1
TraesCAD_scaffold_000299_01G000400	1	0.0212374603172621	0.0212396000407576	0.000630699124008959	1
TraesCAD_scaffold_010548_01G000400	1	0.0191647183181287	0.0192558030363828	0.00114351223988571	1
TraesCAD_scaffold_087893_01G000200	1	-0.0214999593158151	-0.0214425486134012	0.000744745173208614	1
TraesCAD_scaffold_042854_01G000300	1	0.0149107291190941	0.0148907769383392	0.00141236357826577	1
TraesCAD_scaffold_093532_01G000100	1	0.0204783272731943	0.0200655719753099	0.00253734706622503	1
TraesCAD_scaffold_014294_01G000400	1	0.0210498029025802	0.0210703246717636	0.00138246323186112	1
TraesCAD_scaffold_072111_01G000100	1	0.00380004693590837	0.00387872267086984	0.000859328879511912	1
TraesCAD_scaffold_064095_01G000200	1	0.0226234699812976	0.0223505118462422	0.00129137459448772	1
TraesCAD_scaffold_027092_01G000100	1	0.021903836652964	0.0217138464059644	0.000865204528880619	1
TraesCAD_scaffold_041353_01G000100	1	-0.001408804584895	-0.00126121451090294	0.00145340608549959	0.825
TraesCAD_scaffold_063835_01G000200	1	-0.0134718061176875	-0.0132909896818383	0.0021021030966367	1
TraesCAD_scaffold_031056_01G000300	1	0.0221855737144699	0.0220566136632806	0.000648302924036424	1
TraesCAD_scaffold_025497_01G000100	1	0.0119429524187358	0.0120279421524028	0.000780357073022029	1
TraesCAD_scaffold_008954_01G000200	1	0.0228875985575565	0.0227929843409431	0.000393577618993197	1
TraesCAD_scaffold_005235_01G000100	1	0.0215147764480098	0.0214762117842346	0.00118519252708419	1
TraesCAD_scaffold_009380_01G000100	1	0.0192630046344512	0.0192256076335444	0.00112154134440071	1
TraesCAD_scaffold_013127_01G000100	1	0.0224654397887236	0.0222568621973917	0.00110325016760751	1
TraesCAD_scaffold_014329_01G000100	1	0.00197101380697067	0.00168930084726626	0.00156565782934742	0.845
TraesCAD_scaffold_014288_01G000300	1	0.0128764117214439	0.0128616611987061	0.00113206575425723	1
TraesCAD_scaffold_079608_01G000100	1	0.0136881587452567	0.0136615577252715	0.00194662836896172	1
TraesCAD_scaffold_000190_01G000600	1	0.0171708803051897	0.0171554515210406	0.000665612575469036	1
TraesCAD_scaffold_022987_01G000200	1	-0.0188240618144999	-0.0188105255074994	0.00164634489156253	1
TraesCAD_scaffold_039526_01G000200	1	-0.00368413026853024	-0.00364043829147527	0.002033564911285	0.97
TraesCAD_scaffold_000625_01G000600	1	-0.0232238689224837	-0.0230977584261039	0.000950524792890478	1
TraesCAD_scaffold_059653_01G000100	1	0.00922314775935433	0.00919687197596606	0.00116808887312398	1
TraesCAD_scaffold_021567_01G000100	1	0.0208884213102897	0.0208819265665222	0.00167629677448283	1
TraesCAD_scaffold_103014_01G000200	1	-0.00101024789274203	-0.000981588699298406	0.00105322483037636	0.8
TraesCAD_scaffold_039169_01G000100	1	0.0113092719165116	0.0112505143843251	0.000800433023153645	1
TraesCAD_scaffold_008272_01G000600	1	0.0138492564458128	0.0136643430743668	0.0015609700310551	1
TraesCAD_scaffold_146361_01G000200	1	0.020363709995264	0.0204593748728973	0.000852177566709547	1
TraesCAD_scaffold_003874_01G000400	1	0.00878771203980807	0.00891840015109119	0.00101251072241001	1
TraesCAD_scaffold_012634_01G000100	1	0.0211026967320601	0.0208730930699654	0.00188499710735218	1
TraesCAD_scaffold_057056_01G000300	1	-0.0215699995323147	-0.0216914842302049	0.00160653051028599	1
TraesCAD_scaffold_006170_01G000400	1	0.020107241383924	0.020124076896776	0.00102796690479253	1
TraesCAD_scaffold_054786_01G000200	1	0.0228861750958483	0.0227798118384224	0.000900027089863665	1
TraesCAD_scaffold_024632_01G000200	1	0.00848153071987356	0.00837931281972044	0.00159480034057832	1
TraesCAD_scaffold_075257_01G000100	1	0.00403044455736319	0.0040086786910585	0.00121381280099645	1
TraesCAD_scaffold_033859_01G000100	1	0.0143544498748755	0.0142969350065752	0.00178134059116233	1
TraesCAD_scaffold_097265_01G000100	1	0.021511908863658	0.021491407632322	0.00105319531906485	1
TraesCAD_scaffold_099036_01G000100	1	0.0208950038018523	0.0203853077127478	0.0015926705818356	1
TraesCAD_scaffold_042157_01G000600	1	0.0111101039240826	0.0110786130842989	0.000952968857252778	1
TraesCAD_scaffold_053368_01G000200	1	0.0136577202470756	0.0137114950027936	0.00124882258784405	1
TraesCAD_scaffold_069842_01G000500	1	0.0230943926557923	0.0230284866578904	0.000632801004384974	1
TraesCAD_scaffold_088096_01G000100	1	0.0206690436455267	0.0203537156628576	0.000888630538900354	1
TraesCAD_scaffold_009200_01G000400	1	0.0112707385683098	0.0113805693135715	0.00115729064091937	1
TraesCAD_scaffold_016558_01G000200	1	0.0231040165968609	0.0230208290847678	0.000770400623364792	1
TraesCAD_scaffold_048274_01G000200	1	0.0197388597497921	0.0194977102801233	0.00199835251414858	1
TraesCAD_scaffold_065987_01G000200	1	-0.0199200270298022	-0.0201091259218345	0.00164801207926714	1
TraesCAD_scaffold_001489_01G000400	1	0.0226784308192017	0.0225516476559615	0.00089841895171541	1
TraesCAD_scaffold_054084_01G000300	1	0.019368030158496	0.0191291681332132	0.00108236713007918	1
TraesCAD_scaffold_073646_01G000500	1	0.00176705321657879	0.00189456202123616	0.00239722926863993	0.76
TraesCAD_scaffold_005071_01G000600	1	-0.0103490756465924	-0.0103743354929128	0.000908834909071531	1
TraesCAD_scaffold_027607_01G000100	1	0.0190700704200024	0.0188742556372662	0.00264789618899575	1
TraesCAD_scaffold_010775_01G000100	1	0.00835196901484676	0.00832675873312951	0.00164278009352045	1
TraesCAD_scaffold_005956_01G000500	1	0.0222127483261213	0.0219500514087345	0.000948761805944286	1
TraesCAD_scaffold_110806_01G000100	1	0.0212234752567873	0.0210779104634161	0.00154370510215701	1
TraesCAD_scaffold_005209_01G000300	1	-0.00966836653125228	-0.00961958167586602	0.00140385531754084	1
TraesCAD_scaffold_047295_01G000100	1	0.021172954280438	0.0211142353351238	0.000988001781027769	1
TraesCAD_scaffold_020207_01G000100	1	-0.0147827325044083	-0.0146963510577534	0.00143556779332202	1
TraesCAD_scaffold_011496_01G000800	1	-0.00819081762162856	-0.00806068012240193	0.00126497325163131	1
TraesCAD_scaffold_014140_01G000300	1	-0.00953497791718157	-0.00983369608708214	0.00217116253983663	1
TraesCAD_scaffold_002555_01G000400	1	-0.00636376062318545	-0.00631270706669817	0.00213633247955267	1
TraesCAD_scaffold_083256_01G000100	1	0.02156755891141	0.0213493989638082	0.000646086656858753	1
TraesCAD_scaffold_121178_01G000100	1	0.0222282283820085	0.0221151483170216	0.000486364439231731	1
TraesCAD_scaffold_076226_01G000100	1	0.0226463145660002	0.0224019730355279	0.00165572635066217	1
TraesCAD_scaffold_001152_01G000600	1	0.0182332284427001	0.0185233645236729	0.00122067613579142	1
TraesCAD_scaffold_054782_01G000100	1	0.00280347597701948	0.00285335527101672	0.00107225904232384	0.995
TraesCAD_scaffold_070778_01G000100	1	-0.00864071553308436	-0.00863775492834599	0.000854803510393188	1
TraesCAD_scaffold_070778_01G000200	1	-0.00822583408652251	-0.00825776511881004	0.000923864646935443	1
TraesCAD_scaffold_073047_01G000100	1	0.0205808110520916	0.0206202883499732	0.000912786157095667	1
TraesCAD_scaffold_024145_01G000600	1	0.0181846708034805	0.0181124152321424	0.000924232213891406	1
TraesCAD_scaffold_021625_01G000300	1	0.022945857795299	0.0228250041265343	0.000568833240154592	1
TraesCAD_scaffold_028782_01G000100	1	0.0227026541380287	0.022499634089213	0.00104562022452124	1
TraesCAD_scaffold_025646_01G000500	1	0.0225516804331587	0.0224143355252255	0.000703051782041739	1
TraesCAD_scaffold_034625_01G000900	1	0.0209548270079742	0.0205449340631497	0.00264760730889295	1
TraesCAD_scaffold_039935_01G000100	1	0.0153282598110483	0.0154293961230122	0.00082943781488781	1
TraesCAD_scaffold_118930_01G000100	1	0.0133800746853487	0.013389704075578	0.000724847849345258	1
TraesCAD_scaffold_009733_01G000100	1	0.0209015130386483	0.0207256820138247	0.00171285974134173	1
TraesCAD_scaffold_119791_01G000100	1	0.0219147103720787	0.0217328395772108	0.00136815253362412	1
TraesCAD_scaffold_036212_01G000200	1	-0.0103173724508257	-0.0107192360918807	0.00247835349281567	1
TraesCAD_scaffold_057590_01G000100	1	0.0117793735447312	0.0118077712492537	0.00101604312057126	1
TraesCAD_scaffold_074392_01G000100	1	0.0195874166736251	0.019721212885667	0.00107756650099055	1
TraesCAD_scaffold_022383_01G000100	1	-0.0138445188655967	-0.0136467948430531	0.00198553921926415	1
TraesCAD_scaffold_097986_01G000200	1	0.0120186893549074	0.0119186967363655	0.00125969278580468	1
TraesCAD_scaffold_059310_01G000200	1	0.0118401511575169	0.0121673913142504	0.00191137854222627	1
TraesCAD_scaffold_017876_01G000100	1	0.0176908270810744	0.0177580050444662	0.00120879121381559	1
TraesCAD_scaffold_043153_01G000100	1	0.0201908759121679	0.0202768398882842	0.000625744310772102	1
TraesCAD_scaffold_050429_01G000100	1	0.00695410014359348	0.00701983107725711	0.00100243542328897	1
TraesCAD_scaffold_000524_01G000900	1	-0.0202014872923861	-0.020415238831079	0.00208190624719532	1
TraesCAD_scaffold_008246_01G000600	1	0.0104452379557677	0.0104787539373231	0.000880907259561777	1
TraesCAD_scaffold_150957_01G000100	1	0.00130438556172937	0.00151987396072537	0.00174271860652105	0.8
TraesCAD_scaffold_021750_01G000100	1	-0.0218396075950694	-0.0217780632357425	0.00160121951300394	1
TraesCAD_scaffold_114487_01G000100	1	0.0172349795882109	0.0172006812376571	0.0010451371906989	1
TraesCAD_scaffold_028125_01G000500	1	0.02270639431089	0.0225996706320236	0.00110608339839347	1
TraesCAD_scaffold_026736_01G000300	1	0.00148158943080987	0.00150309139243087	0.000981624834462688	0.915
TraesCAD_scaffold_050805_01G000200	1	0.0203945359931742	0.0200812134319539	0.00151246706432656	1
TraesCAD_scaffold_052341_01G000200	1	0.017538681287681	0.0174954883578869	0.00145516724600353	1
TraesCAD_scaffold_103844_01G000100	1	0.00568946656959838	0.00555577101888263	0.00146641444488129	1
TraesCAD_scaffold_002471_01G000300	1	0.00426008925269664	0.00393680824375841	0.00212165465411634	0.955
TraesCAD_scaffold_134724_01G000100	1	0.00675538009306255	0.00675113142628747	0.0009610253896168	1
TraesCAD_scaffold_037469_01G000300	1	0.0207576698136926	0.0207546011485728	0.000765491558979015	1
TraesCAD_scaffold_008431_01G000300	1	0.00569737724371379	0.00564040336262354	0.00128454241207379	1
TraesCAD_scaffold_038904_01G000100	1	0.0211562346287605	0.0210030192358801	0.000816128383164213	1
TraesCAD_scaffold_019062_01G000200	1	-0.0221905373629558	-0.0220274523058974	0.000813558304497553	1
TraesCAD_scaffold_136681_01G000100	1	0.023002209361317	0.0228540931527973	0.000669062490435207	1
TraesCAD_scaffold_995995_01G000100	1	0.014592031352116	0.014669373791944	0.00126972042723794	1
TraesCAD_scaffold_015849_01G000100	1	0.0147944735331753	0.0148848558264926	0.00231888583270566	1
TraesCAD_scaffold_012370_01G000100	1	0.0223525529813147	0.0221667697506073	0.000920085945342271	1
TraesCAD_scaffold_060566_01G000100	1	0.0195716566943641	0.019482907679517	0.00102831769235228	1
TraesCAD_scaffold_064284_01G000500	1	-0.0187792103725995	-0.0189030138745218	0.00149950260524066	1
TraesCAD_scaffold_020983_01G000100	1	0.0196377555642333	0.019499953485686	0.000976091355870511	1
TraesCAD_scaffold_062650_01G000200	1	-0.0209842529238725	-0.0211614138585928	0.0017427639104856	1
TraesCAD_scaffold_003611_01G000500	1	0.0104690284172211	0.0106296332047574	0.000758331106989675	1
TraesCAD_scaffold_001011_01G000100	1	-0.0229667445998198	-0.0228176662119686	0.000944983107637111	1
TraesCAD_scaffold_047128_01G000100	1	0.0181745066105745	0.0182817797799307	0.000776906166905198	1
TraesCAD_scaffold_016229_01G000100	1	-0.0160974251559965	-0.0164594068963936	0.00248402431114785	1
TraesCAD_scaffold_099099_01G000200	1	0.0217756606353023	0.0216848244338681	0.000853357462165625	1
TraesCAD_scaffold_009023_01G000100	1	-0.0223749631904555	-0.0224060621611554	0.00171599800327749	1
TraesCAD_scaffold_042001_01G000100	1	0.0219301787360616	0.0217410705343561	0.000767862642828555	1
TraesCAD_scaffold_057476_01G000100	1	0.0201139673257162	0.0201309122731796	0.000579063626764738	1
TraesCAD_scaffold_019286_01G000300	1	0.0179980769086424	0.0180215098166564	0.00122634938748438	1
TraesCAD_scaffold_012000_01G000300	1	0.0181860240541634	0.0181311202823357	0.00103883823341286	1
TraesCAD_scaffold_040950_01G000100	1	0.0207217256716514	0.0208931944214034	0.0011474749702276	1
TraesCAD_scaffold_033783_01G000200	1	-0.0196853319496404	-0.019683167051744	0.00165416352842126	1
TraesCAD_scaffold_097564_01G000100	1	0.0173023579283158	0.0172675607790289	0.000908313927525187	1
TraesCAD_scaffold_000274_01G000400	1	0.0210585263042507	0.021140928776442	0.000983141597909168	1
TraesCAD_scaffold_008331_01G000400	1	-0.0169001953582226	-0.0168439872701194	0.00142482241268394	1
TraesCAD_scaffold_095525_01G000100	1	-0.0161486733668852	-0.0158728263397578	0.00170197872837346	1
TraesCAD_scaffold_023514_01G000100	1	-0.00149223102992082	-0.00153409904559865	0.00107165591241159	0.925
TraesCAD_scaffold_027908_01G000200	1	-0.0067785725117245	-0.0066350140915756	0.00106059395429887	1
TraesCAD_scaffold_110001_01G000200	1	0.0162624910934091	0.0163181769879678	0.00109588858838579	1
TraesCAD_scaffold_031325_01G000200	1	0.0215434159781498	0.0214770451253813	0.000780322654301051	1
TraesCAD_scaffold_020926_01G000200	1	-0.0107707118656672	-0.0111724502968312	0.00201901947063538	1
TraesCAD_scaffold_068592_01G000100	1	-0.0225573454327054	-0.0224591065520633	0.00128166671308037	1
TraesCAD_scaffold_045162_01G000300	1	0.0197634663382689	0.0197830157254333	0.000790408668986285	1
TraesCAD_scaffold_025694_01G000100	1	0.0212306498222464	0.0210928235904303	0.00114722303284834	1
TraesCAD_scaffold_041047_01G000600	1	-0.0163631015885491	-0.0164637171008949	0.0018614776392188	1
TraesCAD_scaffold_079989_01G000300	1	0.0173821768428769	0.0172677477048866	0.0012565554395127	1
TraesCAD_scaffold_096017_01G000300	1	0.0220893743945691	0.0220910365326632	0.00161352821197135	1
TraesCAD_scaffold_065832_01G000500	1	0.0215332236047399	0.0212328461142892	0.00126389287948936	1
TraesCAD_scaffold_006946_01G000100	1	0.0131856449021351	0.0132567969653833	0.00111922636688434	1
TraesCAD_scaffold_078761_01G000100	1	0.0228685528549103	0.0227084040535224	0.000531408847034081	1
TraesCAD_scaffold_101609_01G000100	1	0.00372675509530084	0.0037927694486745	0.00124562441565518	1
TraesCAD_scaffold_026143_01G000100	1	0.00857726076118601	0.00845990757116208	0.00112342932417122	1
TraesCAD_scaffold_023811_01G000100	1	0.0221393640917828	0.0219723702057194	0.00087728798423468	1
TraesCAD_scaffold_115871_01G000100	1	0.0221435117297285	0.0221142255584468	0.000674707326217347	1
TraesCAD_scaffold_085533_01G000200	1	-0.0202062526003008	-0.0202279118490882	0.00140484863570007	1
TraesCAD_scaffold_143593_01G000200	1	-0.0226865317128995	-0.0226046846618699	0.00164333376469913	1
TraesCAD_scaffold_093239_01G000200	1	0.0193242838928235	0.0193614854562777	0.000673555892840733	1
TraesCAD_scaffold_054819_01G000500	1	0.0215605107410451	0.021439055217301	0.00115455753376059	1
TraesCAD_scaffold_016227_01G000200	1	0.0223944107831492	0.0222358819093794	0.000815913639070348	1
TraesCAD_scaffold_014442_01G000300	1	0.0176200998189408	0.0175779888902569	0.000795958112670292	1
TraesCAD_scaffold_012100_01G000300	1	-0.0119350266981679	-0.0119593438676548	0.00128063014913503	1
TraesCAD_scaffold_091437_01G000100	1	-0.0113942791842017	-0.0114969143300866	0.00158222284337026	1
TraesCAD_scaffold_057564_01G000400	1	-0.00822429746817399	-0.00844415648126127	0.00168067461834649	1
TraesCAD_scaffold_051660_01G000300	1	-0.0106565182091365	-0.0104424917673039	0.0013499729711303	1
TraesCAD_scaffold_105106_01G000500	1	0.0178005185456081	0.017734077796444	0.00141821887562372	1
TraesCAD_scaffold_831538_01G000100	1	0.0189466617719364	0.0188509470870207	0.00217237372200023	1
TraesCAD_scaffold_042096_01G000400	1	0.00345539013403475	0.00341149390790215	0.00180364964410407	0.965
TraesCAD_scaffold_015111_01G000100	1	0.0192051985010535	0.0191843396087652	0.00138291575880078	1
TraesCAD_scaffold_044363_01G000100	1	-0.0221504080445493	-0.0220527923676181	0.00178005230128101	1
TraesCAD_scaffold_005014_01G000300	1	-0.00687420922079165	-0.00663010910211525	0.00133781268116518	1
TraesCAD_scaffold_094996_01G000100	1	0.0218826114488301	0.0217580161562235	0.000987469442786301	1
TraesCAD_scaffold_033344_01G000100	1	0.0219066799338622	0.0218740669135355	0.00181418318011399	1
TraesCAD_scaffold_162456_01G000100	1	-0.000722966475688575	-0.000854318288779247	0.00238175395239107	0.62
TraesCAD_scaffold_021723_01G000100	1	-0.00559230569027396	-0.00597426115911658	0.00207388634234861	1
TraesCAD_scaffold_060493_01G000200	1	-0.0141506509393231	-0.0143956860609043	0.00248745224698856	1
TraesCAD_scaffold_040474_01G000500	1	0.0150267880437179	0.015142140787398	0.000876511125779683	1
TraesCAD_scaffold_047803_01G000200	1	-0.00238328431761368	-0.00241285177668869	0.000931383977868133	1
TraesCAD_scaffold_047010_01G000200	1	0.0203242849259771	0.0202551589639995	0.00156117201062119	1
TraesCAD_scaffold_006600_01G000200	1	0.0201624401095789	0.0200651246970769	0.00122620306047998	1
TraesCAD_scaffold_013496_01G000100	1	0.000687418452357037	0.000528512659201045	0.0016223431542199	0.625
TraesCAD_scaffold_047858_01G000400	1	0.0203079380300728	0.0203214421794543	0.000860784013861728	1
TraesCAD_scaffold_047951_01G000100	1	0.00923383763219726	0.00936244364187412	0.00152524163692851	1
TraesCAD_scaffold_105604_01G000100	1	-0.0060337011583267	-0.00589873464818094	0.001318608672769	1
TraesCAD_scaffold_065961_01G000500	1	-0.0155053505325513	-0.0157898239304272	0.00229127803105007	1
TraesCAD_scaffold_005419_01G000600	1	0.0166723816988799	0.0165260198293922	0.00175572319657352	1
TraesCAD_scaffold_000190_01G000700	1	0.0160495846119387	0.0159659495849569	0.000609568434466269	1
TraesCAD_scaffold_072111_01G000200	1	0.0136652529851256	0.0136543379304435	0.000767444765168789	1
TraesCAD_scaffold_025730_01G000500	1	0.0141331800413596	0.0142275386272513	0.00121099593506709	1
TraesCAD_scaffold_116732_01G000400	1	0.0205689547012849	0.0206982907463284	0.000893805408654409	1
TraesCAD_scaffold_094180_01G000100	1	0.0170767259417571	0.0171658719568582	0.000815042755534348	1
TraesCAD_scaffold_458666_01G000100	1	-0.00284161230657924	-0.00266173165591962	0.00125323093284867	0.99
TraesCAD_scaffold_025497_01G000200	1	0.0075151657632882	0.00755154173533937	0.000923529773595341	1
TraesCAD_scaffold_049090_01G000200	1	0.0183518439536009	0.0179693554191624	0.00132537790025542	1
TraesCAD_scaffold_037176_01G000200	1	-0.0208273768469164	-0.0207993924581109	0.000971529461689	1
TraesCAD_scaffold_044946_01G000100	1	0.00350452315367874	0.00359626703573587	0.00124291334202402	1
TraesCAD_scaffold_063877_01G000100	1	0.015710446433031	0.0157402306963073	0.0007168944457949	1
TraesCAD_scaffold_127513_01G000100	1	0.0186117428113724	0.0186494032265979	0.000847364016968435	1
TraesCAD_scaffold_050214_01G000100	1	-0.00846146541230335	-0.00835944813260762	0.00105294740734978	1
TraesCAD_scaffold_129476_01G000400	1	0.0100668699757116	0.0103655740537065	0.00142079636303973	1
TraesCAD_scaffold_010505_01G000100	1	0.0190861666611278	0.0190903550663512	0.000657558980046431	1
TraesCAD_scaffold_082647_01G000100	1	0.0209899213477856	0.0211673020080752	0.0020307634273118	1
TraesCAD_scaffold_023938_01G000200	1	0.00589411300528705	0.0058523987381536	0.00112539073678579	1
TraesCAD_scaffold_064500_01G000100	1	0.0147402026220239	0.0146527844320854	0.00178853624464333	1
TraesCAD_scaffold_012485_01G000400	1	0.0086758622575928	0.008671882894784	0.00109557788645686	1
TraesCAD_scaffold_045097_01G000100	1	-0.0122828215977366	-0.0125482043656133	0.00235304708075666	1
TraesCAD_scaffold_050339_01G000100	1	0.0216339140369221	0.0215660747368872	0.000731923343646022	1
TraesCAD_scaffold_076658_01G000200	1	0.014507617571327	0.0144225739783605	0.000957474635342038	1
TraesCAD_scaffold_100737_01G000100	1	0.0216694792024836	0.0215186304556257	0.00117091085466047	1
TraesCAD_scaffold_104331_01G000100	1	0.0207105616754751	0.02062194251334	0.000815259733563219	1
TraesCAD_scaffold_049097_01G000500	1	0.0216441726536503	0.0214893972867005	0.00103154086676602	1
TraesCAD_scaffold_035240_01G000100	1	0.0202197350717794	0.0201804908122059	0.000703229464249453	1
TraesCAD_scaffold_007390_01G000200	1	0.0149547605885307	0.015046299663591	0.00151752967862254	1
TraesCAD_scaffold_096637_01G000100	1	0.0167223026081308	0.0167199363664622	0.000785288390406636	1
TraesCAD_scaffold_010296_01G000300	1	0.0119326161627184	0.0117513796335243	0.000993668845239365	1
TraesCAD_scaffold_029933_01G000300	1	0.00693875334852405	0.00700297224733431	0.00128243022680931	1
TraesCAD_scaffold_075297_01G000100	1	0.0203372659723997	0.0204218015351108	0.000833489357683485	1
TraesCAD_scaffold_075624_01G000400	1	0.0161422812889892	0.0161397366365098	0.000938797454867645	1
TraesCAD_scaffold_120886_01G000100	1	0.0161679871881248	0.0162465006140222	0.00127003118341314	1
TraesCAD_scaffold_009874_01G000100	1	-0.00877270566255217	-0.00858888468352855	0.00130389078928467	1
TraesCAD_scaffold_025843_01G000300	1	-0.0181500621060773	-0.0181638142200504	0.00177492393689706	1
TraesCAD_scaffold_089194_01G000100	1	0.0146466590096881	0.014679381506906	0.000809954211780075	1
TraesCAD_scaffold_109634_01G000100	1	0.0214958851733555	0.021235419481153	0.00142689997812564	1
TraesCAD_scaffold_003047_01G000200	1	0.0216781659777299	0.0215118446180969	0.00162070674799631	1
TraesCAD_scaffold_070885_01G000200	1	0.0182806944904001	0.0183022009467204	0.000666282258978733	1
TraesCAD_scaffold_045720_01G000600	1	-0.0175500795816263	-0.0175030517676834	0.00172488035014909	1
TraesCAD_scaffold_005862_01G000100	1	0.0222306840070824	0.0221674199592254	0.000494561012018153	1
TraesCAD_scaffold_010548_01G000200	1	0.0192991216814828	0.0193271997119288	0.000865355773739576	1
TraesCAD_scaffold_100297_01G000100	1	0.0196177583849313	0.0193638187793052	0.000992130257146338	1
TraesCAD_scaffold_116351_01G000100	1	0.0158497563125659	0.0157351155568535	0.00117695934611208	1
TraesCAD_scaffold_000451_01G000700	1	0.014317167569289	0.0143464250279096	0.000868542255111232	1
TraesCAD_scaffold_047595_01G000200	1	0.0194935949228726	0.019589642798444	0.000875182024984109	1
TraesCAD_scaffold_040522_01G000200	1	-0.021069684808122	-0.0211455780750434	0.000967992457674037	1
TraesCAD_scaffold_026459_01G000100	1	0.0181369392235908	0.018085317901998	0.00120654739834387	1
TraesCAD_scaffold_076291_01G000100	1	0.00318100646912577	0.00327546300584131	0.00110072506386924	1
TraesCAD_scaffold_861569_01G000100	1	0.0209979438930199	0.0208097717745841	0.00081180845568517	1
TraesCAD_scaffold_086871_01G000100	1	0.0214670254452079	0.0212627009514029	0.00108723910825043	1
TraesCAD_scaffold_032598_01G000400	1	-0.0217642926967285	-0.0217429134828199	0.00096773341557241	1
TraesCAD_scaffold_018485_01G000300	1	0.0209458621866064	0.0208836705274865	0.000832738975808196	1
TraesCAD_scaffold_074915_01G000300	1	0.0114538920324476	0.0113118839754507	0.00157055388142066	1
TraesCAD_scaffold_028420_01G000500	1	-0.00337299161248549	-0.00358448230931516	0.00194607805888799	0.98
TraesCAD_scaffold_016495_01G000100	1	-0.0202818918885657	-0.0200615095899799	0.000800673059738548	1
TraesCAD_scaffold_004871_01G000500	1	-0.0219580039434209	-0.0218039973081161	0.000854401571693831	1
TraesCAD_scaffold_182736_01G000100	1	0.0161881709704936	0.0162019155169553	0.00106206586900448	1
TraesCAD_scaffold_065313_01G000100	1	-0.0144902513374785	-0.0143394574362262	0.00099157321059403	1
TraesCAD_scaffold_018667_01G000600	1	0.0222449774751313	0.022008899663931	0.000948370427525659	1
TraesCAD_scaffold_094384_01G000100	1	0.0138563416540601	0.0137127852806273	0.000912261687303984	1
TraesCAD_scaffold_003889_01G000200	1	-0.0161897339630354	-0.016210934465979	0.00113255756246184	1
TraesCAD_scaffold_021930_01G000100	1	-0.00422063229944712	-0.00427880103185484	0.00136622781084127	1
TraesCAD_scaffold_051000_01G000300	1	0.0210737430661128	0.0209689252046043	0.000789012378055011	1
TraesCAD_scaffold_146183_01G000100	1	0.0154749710370238	0.0153209009844773	0.00156852339254432	1
TraesCAD_scaffold_049958_01G000100	1	0.0212362553290671	0.0210605807364262	0.001441977044346	1
TraesCAD_scaffold_058996_01G000200	1	0.019260961530776	0.0193774165728581	0.00100037444033258	1
TraesCAD_scaffold_041188_01G000100	1	0.0223306223485277	0.0222026323041913	0.000622435830420816	1
TraesCAD_scaffold_000165_01G000100	1	-0.019135242366291	-0.0193402485848932	0.00178430599159994	1
TraesCAD_scaffold_068028_01G000200	1	-0.0160227160091282	-0.0162058766608132	0.00217809488056023	1
TraesCAD_scaffold_021844_01G000200	1	0.0159620522696064	0.0158420622269629	0.000816760075115621	1
TraesCAD_scaffold_001647_01G000100	1	-0.0115815906070672	-0.0114544386203372	0.000974081686616726	1
TraesCAD_scaffold_055915_01G000200	1	-0.0115181478129425	-0.0114172309880641	0.0012072307400922	1
TraesCAD_scaffold_093390_01G000100	1	0.0222656440021913	0.0221292766569542	0.00087015135724234	1
TraesCAD_scaffold_023661_01G000100	1	-0.000872360518156586	-0.000741327247874678	0.00374758953569428	0.555
TraesCAD_scaffold_007210_01G000200	1	0.021018287903043	0.0208604244071066	0.00132631012943817	1
TraesCAD_scaffold_037102_01G000100	1	-0.00997942303721028	-0.0103237375068166	0.00229699086235717	1
TraesCAD_scaffold_086562_01G000300	1	-0.00755629316732015	-0.00791780695843776	0.00215296024586672	1
TraesCAD_scaffold_009980_01G000200	1	0.0205267490427511	0.0202301719667611	0.00132550678728225	1
TraesCAD_scaffold_041930_01G000200	1	0.0056946900948717	0.00563929587337707	0.00130166633111172	1
TraesCAD_scaffold_063797_01G000200	1	0.0184605484023733	0.0184632096650138	0.00108176876360456	1
TraesCAD_scaffold_089172_01G000100	1	-0.00858229827481915	-0.00854952258832625	0.00119715316170407	1
TraesCAD_scaffold_004864_01G000100	1	0.0202056665065238	0.0201431885782591	0.00112321501381417	1
TraesCAD_scaffold_057872_01G000100	1	-0.00109125339610037	-0.000944279732469356	0.00181639317366847	0.68
TraesCAD_scaffold_005346_01G000100	1	-0.0153387530284899	-0.015450789298356	0.00143649900832295	1
TraesCAD_scaffold_007516_01G000200	1	0.0157003290467016	0.0156467152236403	0.00148635492769255	1
TraesCAD_scaffold_004725_01G000100	1	0.0209755772232792	0.0211219123987897	0.00133425285235077	1
TraesCAD_scaffold_024827_01G000200	1	0.0181463411837808	0.018051049169388	0.00150760308653982	1
TraesCAD_scaffold_073277_01G000100	1	0.0213587546273079	0.0213155251203143	0.000339116584328233	1
TraesCAD_scaffold_059799_01G000100	1	0.019129632531096	0.0191904677457117	0.000627104014459287	1
TraesCAD_scaffold_006299_01G000100	1	0.0216919749667377	0.021496803596683	0.00133805789416575	1
TraesCAD_scaffold_037719_01G000200	1	0.021018766603042	0.0209569128460575	0.000808964757974918	1
TraesCAD_scaffold_007455_01G000300	1	-0.0074105206866302	-0.0072491424136206	0.00217029224002284	1
TraesCAD_scaffold_003054_01G000700	1	0.020896794000428	0.0208036939199438	0.00110422805072141	1
TraesCAD_scaffold_006969_01G000300	1	0.0213810936824274	0.0212644556628356	0.000528030493979432	1
TraesCAD_scaffold_008267_01G000800	1	0.015977470327671	0.0161779479556926	0.000827932230494511	1
TraesCAD_scaffold_049662_01G000200	1	0.0149290433368183	0.0149980149965427	0.000698823090700763	1
TraesCAD_scaffold_009612_01G000100	1	-0.0179352857316841	-0.0178714248715602	0.000781945764479829	1
TraesCAD_scaffold_002412_01G001400	1	0.0166646991734684	0.0168919090156251	0.0017173400487084	1
TraesCAD_scaffold_030532_01G000100	1	0.0213732677235029	0.0213954572289325	0.000711687831377571	1
TraesCAD_scaffold_053973_01G000300	1	0.0215206148114242	0.0214631932471968	0.00127835866012872	1
TraesCAD_scaffold_023664_01G000100	1	0.0179496061078645	0.0176953728389978	0.00215204081955341	1
TraesCAD_scaffold_008114_01G000100	1	0.0180123573133304	0.0181254874689658	0.00126782705301481	1
TraesCAD_scaffold_016223_01G000200	1	-0.0159307859935888	-0.0160549880014103	0.00190978550524168	1
TraesCAD_scaffold_012363_01G000500	1	0.021448841095471	0.0213296012443281	0.00125472793505407	1
TraesCAD_scaffold_015943_01G000300	1	-0.0186591059091406	-0.0187523612192436	0.00251936914336628	1
TraesCAD_scaffold_011927_01G000200	1	0.0148514168595873	0.0144964583401946	0.00349477787532339	1
TraesCAD_scaffold_014660_01G000200	1	-0.0116323228479238	-0.0115384548556274	0.00127243042354767	1
TraesCAD_scaffold_007102_01G000100	1	0.000679760969870479	0.000934648527770356	0.00185264933543713	0.69
TraesCAD_scaffold_096955_01G000100	1	0.00330150919407134	0.00312307887477873	0.00126928293653686	0.995
TraesCAD_scaffold_074427_01G000100	1	0.0192348662905015	0.0189674394882277	0.00176656621303641	1
TraesCAD_scaffold_040215_01G000200	1	0.0170641471239795	0.0170154070751494	0.00109819411415737	1
TraesCAD_scaffold_011007_01G000100	1	0.0201361317907862	0.0198705288727893	0.00127729289223282	1
TraesCAD_scaffold_086846_01G000100	1	0.00372801449126269	0.00340375496120841	0.00188697518082237	0.955
TraesCAD_scaffold_024820_01G000100	1	0.0208657463791483	0.0206959831297135	0.00102620517494858	1
TraesCAD_scaffold_111062_01G000300	1	0.0130888023283415	0.0127823293958313	0.00481802366136555	1
TraesCAD_scaffold_030272_01G000600	1	0.00781282850492632	0.00778537177026942	0.00113996898685761	1
TraesCAD_scaffold_018382_01G000600	1	-0.0220114080336026	-0.0218635924197128	0.00163066295024376	1
TraesCAD_scaffold_116378_01G000100	1	0.010103261015945	0.00979743547911324	0.0028987055653593	1
TraesCAD_scaffold_017351_01G000100	1	0.0124994811146088	0.0124587319208179	0.000957346978296799	1
TraesCAD_scaffold_037613_01G000300	1	0.0206459101652412	0.0206878397267228	0.000952355674258554	1
TraesCAD_scaffold_054387_01G000200	1	-0.00131832645824561	-0.00143841347938411	0.00117763239203993	0.9
TraesCAD_scaffold_059239_01G000100	1	0.00428321960178181	0.00445444473695682	0.002257557888973	0.995
TraesCAD_scaffold_079228_01G000100	1	0.0211729870069006	0.0210944664386331	0.00107991877851167	1
TraesCAD_scaffold_063724_01G000100	1	0.021804027563619	0.0217482219961252	0.00099721873732601	1
TraesCAD_scaffold_089659_01G000500	1	0.00818346730315404	0.0085433287674292	0.00176110144491131	1
TraesCAD_scaffold_074154_01G000100	1	0.0134158254755203	0.0130377045466286	0.00319963309481261	1
TraesCAD_scaffold_031151_01G000100	1	-0.00150595956421361	-0.00136149491505883	0.00171298484963465	0.8
TraesCAD_scaffold_014261_01G000300	1	0.0203138246052785	0.0202969323401543	0.000921838437520478	1
TraesCAD_scaffold_012138_01G000500	1	-0.00141860507380411	-0.00123892967357735	0.00189025473141643	0.73
TraesCAD_scaffold_064180_01G000300	1	0.0216461739566203	0.0215013092938633	0.00102678913348404	1
TraesCAD_scaffold_025051_01G000100	1	-0.0199590138979194	-0.019980816253474	0.00108784648782131	1
TraesCAD_scaffold_010654_01G000300	1	0.0205591930327667	0.020357007134154	0.00189111467271669	1
TraesCAD_scaffold_054768_01G000100	1	0.0211389112800429	0.0209672015310889	0.000957594197365131	1
TraesCAD_scaffold_014118_01G000200	1	0.00947295428480524	0.00948003452320399	0.00101985999319279	1
TraesCAD_scaffold_017578_01G001200	1	-0.0201139264390766	-0.0201333741542231	0.00134019039404632	1
TraesCAD_scaffold_015744_01G000300	1	0.0209422545281906	0.02087316720006	0.00072381303747704	1
TraesCAD_scaffold_054819_01G000700	1	0.021419680456295	0.0212391723649166	0.00100446757626247	1
TraesCAD_scaffold_056958_01G000400	1	0.018165293943656	0.0181863392325953	0.00223008455412367	1
TraesCAD_scaffold_063987_01G000200	1	0.0197742337710941	0.019578497143819	0.000777110031143234	1
TraesCAD_scaffold_018503_01G000200	1	-0.0204311531795938	-0.0205329865551413	0.00110695807855674	1
TraesCAD_scaffold_054407_01G000100	1	-0.0213922569382812	-0.0212518749652423	0.000823672868543587	1
TraesCAD_scaffold_050889_01G000200	1	0.0218103273572065	0.0217851182122533	0.00123802867653235	1
TraesCAD_scaffold_006954_01G000500	1	-0.0220163973857396	-0.0220492568722893	0.00103834493452946	1
TraesCAD_scaffold_027651_01G000200	1	0.0211742178485596	0.0211673225605581	0.00079642513510446	1
TraesCAD_scaffold_092866_01G000200	1	-0.0165240616049743	-0.0167817524039463	0.0019312489268014	1
TraesCAD_scaffold_037561_01G000200	1	-0.00137781035674593	-0.00132029774107427	0.00133120479090132	0.83
TraesCAD_scaffold_024023_01G000200	1	0.016758169140611	0.0166791319994573	0.000732262163635783	1
TraesCAD_scaffold_056005_01G000400	1	-0.0210827196469443	-0.0210866670253351	0.00172497961861146	1
TraesCAD_scaffold_121615_01G000100	1	0.0153697295561945	0.0151478024210005	0.00265234716532276	1
TraesCAD_scaffold_042118_01G000100	1	0.0171594300415609	0.0169300643002882	0.00167332585167903	1
TraesCAD_scaffold_034322_01G000100	1	-0.0166078700773614	-0.0164530086919006	0.00116182415696679	1
TraesCAD_scaffold_019708_01G000300	1	0.0174557229199786	0.0173793497271028	0.000932585107736593	1
TraesCAD_scaffold_038732_01G000500	1	-0.004187981893278	-0.00429284937312165	0.00125569144700802	1
TraesCAD_scaffold_077308_01G000400	1	0.0176804280526575	0.0176317906150413	0.000980738754224041	1
TraesCAD_scaffold_101053_01G000100	1	0.0190362897835232	0.0188378222452938	0.00120089488891705	1
TraesCAD_scaffold_000536_01G000100	1	-0.00989132838042863	-0.00996543594460494	0.0011045663318911	1
TraesCAD_scaffold_053555_01G000100	1	0.0205440396149217	0.0203404297780524	0.000802293824337855	1
TraesCAD_scaffold_003611_01G000100	1	-0.0136913645724399	-0.013583696780884	0.00135611738406346	1
TraesCAD_scaffold_064931_01G000100	1	0.00996774045997503	0.0100992972194804	0.000841263875660532	1
TraesCAD_scaffold_145333_01G000200	1	-0.00164382305165786	-0.00149882242738709	0.00169351737284016	0.82
TraesCAD_scaffold_122424_01G000300	1	0.0166403193068979	0.0167052757531402	0.000852543520219092	1
TraesCAD_scaffold_035318_01G000200	1	-0.0207135873399679	-0.0205775485741855	0.00105096357555605	1
TraesCAD_scaffold_048131_01G000300	1	-0.0137032729561968	-0.0137819821437301	0.00122706532763344	1
TraesCAD_scaffold_003799_01G000100	1	0.0168623108023598	0.0170062388638597	0.000884003446147182	1
TraesCAD_scaffold_010092_01G000100	1	0.0132623044286666	0.0133279199770058	0.000912377388051226	1
TraesCAD_scaffold_048588_01G000100	1	-0.0215702249290982	-0.0216639232772103	0.00120394789995869	1
TraesCAD_scaffold_014693_01G000300	1	0.0215035972995082	0.0213402696878338	0.000787009105417403	1
TraesCAD_scaffold_021721_01G000200	1	0.00899933250612906	0.00907053802388809	0.00136819369588279	1
TraesCAD_scaffold_037541_01G000200	1	-0.0213788334618626	-0.0210894900444868	0.00146871497323977	1
TraesCAD_scaffold_055230_01G000100	1	-0.0116688125617106	-0.0115005651098746	0.00200653705906736	1
TraesCAD_scaffold_011660_01G000300	1	0.0163129617432326	0.016204747146098	0.00111557719393528	1
TraesCAD_scaffold_088743_01G000100	1	0.0111503608171133	0.0110487482446409	0.00157857017910383	1
TraesCAD_scaffold_005999_01G000200	1	0.0207755420387043	0.0207685567950419	0.00119818396001784	1
TraesCAD_scaffold_104506_01G000300	1	0.0212065025719802	0.0209778090592071	0.00108641577901577	1
TraesCAD_scaffold_079014_01G000100	1	0.0205004192523582	0.020432180006001	0.000680771022539966	1
TraesCAD_scaffold_005698_01G000100	1	0.0206936291938247	0.0206609518167699	0.00120492043652521	1
TraesCAD_scaffold_031825_01G000500	1	0.0166577241505495	0.0166685738609722	0.000821829152326221	1
TraesCAD_scaffold_016155_01G000100	1	-0.017483805379562	-0.0173335174679572	0.00118361472798294	1
TraesCAD_scaffold_063667_01G000100	1	-0.0211266236812864	-0.0211057512185576	0.000884989640746123	1
TraesCAD_scaffold_002147_01G000200	1	0.0185253272064322	0.0182944727738464	0.00127851025183087	1
TraesCAD_scaffold_013550_01G000400	1	0.0163380540612989	0.0163621487210257	0.00111466658834977	1
TraesCAD_scaffold_023321_01G000200	1	-0.0208384717237889	-0.0208935275352134	0.00127631178995727	1
TraesCAD_scaffold_012138_01G000700	1	0.00368660150832879	0.0039204033541043	0.00174263999885565	0.99
TraesCAD_scaffold_012372_01G000300	1	0.0178464529046346	0.0177773486652283	0.001044872321256	1
TraesCAD_scaffold_133472_01G000100	1	0.0209184790440257	0.0208765311828237	0.000786555108588635	1
TraesCAD_scaffold_026670_01G000900	1	0.0193773485788966	0.0191948142654532	0.00114575270116741	1
TraesCAD_scaffold_053814_01G000100	1	-0.00223931679031529	-0.0021263616665878	0.00101731730294092	0.985
TraesCAD_scaffold_079786_01G000500	1	-0.0021563597720382	-0.00204409143691239	0.00156914075955035	0.895
TraesCAD_scaffold_008578_01G000300	1	0.0216316730591227	0.0214338816212975	0.000815270622002918	1
TraesCAD_scaffold_107152_01G000200	1	0.0203004850225808	0.020302311575323	0.000517375031875349	1
TraesCAD_scaffold_002043_01G000400	1	0.0197219934469967	0.0196069683447405	0.000848583537884211	1
TraesCAD_scaffold_041267_01G000400	1	0.0186344501335616	0.0185124096084781	0.000916529456066615	1
TraesCAD_scaffold_022122_01G000300	1	0.0150036831595336	0.0147932925125423	0.00169639545213432	1
TraesCAD_scaffold_005612_01G000200	1	0.0191605812669788	0.0191465711930147	0.00194871833000932	1
TraesCAD_scaffold_016439_01G000100	1	0.0063936954843507	0.00644472762120312	0.000720608505981465	1
TraesCAD_scaffold_009264_01G001000	1	-0.012626014001114	-0.0129673840166004	0.00201440487076988	1
TraesCAD_scaffold_007744_01G000200	1	-0.0111243878404832	-0.011039193861361	0.0015012947768079	1
TraesCAD_scaffold_096998_01G000100	1	0.000999290535312277	0.000987520093523037	0.000933966953103584	0.845
TraesCAD_scaffold_031949_01G000600	1	0.0189872944707021	0.0187592048171083	0.00122898529787668	1
TraesCAD_scaffold_001468_01G000300	1	0.0192323221991378	0.0192231969044773	0.000682522521112098	1
TraesCAD_scaffold_033309_01G000200	1	0.0203930995688248	0.020249025881305	0.00107056812328742	1
TraesCAD_scaffold_085386_01G000100	1	0.0193792306905284	0.0192438810883829	0.000771954738632552	1
TraesCAD_scaffold_049549_01G000100	1	-0.00192984272693879	-0.00189665788618264	0.00119679296108584	0.94
TraesCAD_scaffold_000274_01G000100	1	0.0144435162080217	0.0143739245962687	0.00160910362711553	1
TraesCAD_scaffold_141175_01G000100	1	0.0039642822027489	0.00390140914585338	0.00171587071262431	1
TraesCAD_scaffold_041066_01G000400	1	0.00591094924477694	0.0058447375577787	0.000913786989128049	1
TraesCAD_scaffold_065832_01G000600	1	-0.000515709280803931	-0.000581503160759217	0.000740828989444938	0.775
TraesCAD_scaffold_086143_01G000100	1	-0.0160122641941419	-0.0159237213700824	0.00156680782436966	1
TraesCAD_scaffold_013363_01G000200	1	0.018875109394134	0.018917918779354	0.000496651424602105	1
TraesCAD_scaffold_006849_01G000500	1	-0.0100353300343927	-0.00990871099268909	0.0010648916608457	1
TraesCAD_scaffold_036909_01G000100	1	0.0172307368047445	0.0172692985963668	0.000783621800792675	1
TraesCAD_scaffold_043340_01G000100	1	0.0154743018369238	0.0153968985675246	0.00115382954448256	1
TraesCAD_scaffold_027548_01G000100	1	0.0129806790153672	0.0128346846217689	0.00202049143103067	1
TraesCAD_scaffold_061534_01G000100	1	-0.0071164504026666	-0.00694645027830766	0.00121107992135352	1
TraesCAD_scaffold_040446_01G000200	1	-0.0105795171610584	-0.0108587167953412	0.00165313364112652	1
TraesCAD_scaffold_158169_01G000200	1	0.0211834747763106	0.0210028976841274	0.00141451121999897	1
TraesCAD_scaffold_082748_01G000100	1	0.00507426001563972	0.00505763949212862	0.000711478014856946	1
TraesCAD_scaffold_075769_01G000300	1	-0.0100485447810661	-0.00984981632566257	0.00135333277623956	1
TraesCAD_scaffold_004402_01G000200	1	0.00838852473743054	0.00833442018830646	0.000956576177852124	1
TraesCAD_scaffold_076587_01G000200	1	0.0144755678020399	0.0144215274441155	0.00079919498567929	1
TraesCAD_scaffold_014592_01G000100	1	0.0154987405484952	0.015495626948041	0.00137185642622498	1
TraesCAD_scaffold_093931_01G000100	1	-0.0103550101618938	-0.0102618355418841	0.000905867770658719	1
TraesCAD_scaffold_001871_01G000100	1	0.00821306158595737	0.0081147797272974	0.00134577016999164	1
TraesCAD_scaffold_035955_01G000100	1	0.0102462249061828	0.0102263224850312	0.00107682513996723	1
TraesCAD_scaffold_030295_01G000100	1	0.0160063429231757	0.0160405774825106	0.00120775854330207	1
TraesCAD_scaffold_056530_01G000200	1	0.0197701205974759	0.0196592721207787	0.00100568318489336	1
TraesCAD_scaffold_008623_01G000200	1	0.0190939127239438	0.0191203202587878	0.00130594679891685	1
TraesCAD_scaffold_090352_01G000300	1	0.0203037968618325	0.020278255644912	0.000466399631750007	1
TraesCAD_scaffold_013271_01G000100	1	0.0200546061013778	0.0200721273021217	0.00111986757637409	1
TraesCAD_scaffold_055929_01G000400	1	-0.00554064087357312	-0.00553695587057666	0.00179783501205067	1
TraesCAD_scaffold_077247_01G000100	1	0.0173791960552584	0.0172723506991674	0.0017436363761809	1
TraesCAD_scaffold_029485_01G000700	1	0.0215109796267242	0.0213339794177068	0.000843873372687021	1
TraesCAD_scaffold_036443_01G000100	1	0.0196938538622527	0.0196682096733441	0.000743812525455951	1
TraesCAD_scaffold_050190_01G000200	1	-0.0201193112761974	-0.0199981798102997	0.00132172613193828	1
TraesCAD_scaffold_021392_01G000100	1	-0.00990751631905783	-0.00980973406783631	0.000821994512210307	1
TraesCAD_scaffold_020932_01G000300	1	0.0127296796117502	0.0129185320501922	0.00131584496155026	1
TraesCAD_scaffold_011269_01G000400	1	0.000161204181877895	2.58814643434333e-05	0.000942492866275046	0.52
TraesCAD_scaffold_014414_01G000100	1	0.0197702587270334	0.0197073578606665	0.00122951829757168	1
TraesCAD_scaffold_035254_01G000600	1	0.0164853099189146	0.016550908499759	0.00136756855627039	1
TraesCAD_scaffold_002482_01G000300	1	0.0215450484620436	0.021509408505517	0.000821606422870241	1
TraesCAD_scaffold_021317_01G000200	1	-0.00169154929731246	-0.00169379853333472	0.00105010627263109	0.95
TraesCAD_scaffold_007360_01G000200	1	-0.0166444512960441	-0.0163758835407371	0.00138922850005597	1
TraesCAD_scaffold_067612_01G000100	1	-0.0152858144260925	-0.0153522295248556	0.00138940802651626	1
TraesCAD_scaffold_036370_01G000100	1	0.0154504795875122	0.0153095957348789	0.001202347971524	1
TraesCAD_scaffold_012745_01G000300	1	-0.00645644641946012	-0.00634121546755938	0.00173961192941863	1
TraesCAD_scaffold_010099_01G000300	1	0.0193006175286804	0.0189181503775379	0.00154572548697959	1
TraesCAD_scaffold_037068_01G000300	1	0.017901370656293	0.0175908937222634	0.00206038290254051	1
TraesCAD_scaffold_001703_01G000900	1	0.0211361247283337	0.0209907662852788	0.000511363477674039	1
TraesCAD_scaffold_066012_01G000100	1	0.0200506939626499	0.0200153570493429	0.000772363419288447	1
TraesCAD_scaffold_071905_01G000100	1	0.0150358736542354	0.0151353709900174	0.00200859510710068	1
TraesCAD_scaffold_007608_01G000200	1	0.00937588293873149	0.00933821068409916	0.00139260396649388	1
TraesCAD_scaffold_086831_01G000100	1	0.0203328336099139	0.0202952484857313	0.00104464059331731	1
TraesCAD_scaffold_035797_01G000200	1	0.0197453153835258	0.0196363051025697	0.000964682116699139	1
TraesCAD_scaffold_000271_01G000300	1	-0.0132703345828686	-0.0134378515371889	0.00225004771754548	1
TraesCAD_scaffold_019309_01G000100	1	0.000583324328973111	0.000673616978056017	0.00125479553122177	0.74
TraesCAD_scaffold_015804_01G000100	1	0.00890594637599422	0.00894494022115892	0.00091379880045722	1
TraesCAD_scaffold_051759_01G000500	1	0.0187241274056405	0.0188403820632389	0.00107305385656777	1
TraesCAD_scaffold_062653_01G000100	1	0.0202383507730593	0.0200237423686355	0.00176998866684223	1
TraesCAD_scaffold_070805_01G000100	1	0.0194526246679344	0.0191971061634099	0.00134032406024228	1
TraesCAD_scaffold_026053_01G000100	1	-0.0202671579689292	-0.0200780635010154	0.000760773796876073	1
TraesCAD_scaffold_065961_01G000400	1	-0.014193343333178	-0.0144004348345764	0.00224763478317729	1
TraesCAD_scaffold_031615_01G000100	1	0.0209272576056529	0.0208935946109449	0.000885578056683269	1
TraesCAD_scaffold_107354_01G000100	1	0.0188955638235298	0.0188165155344626	0.000640906021456207	1
TraesCAD_scaffold_028599_01G000700	1	0.00144279726520204	0.00148472413308615	0.00118838131949834	0.91
TraesCAD_scaffold_050454_01G000200	1	0.0193947897850786	0.0194829705590909	0.000789140055642635	1
TraesCAD_scaffold_039834_01G000200	1	-0.00753394110909054	-0.00750978873702023	0.00102348234052509	1
TraesCAD_scaffold_013173_01G000800	1	0.0135369751847343	0.013286020780767	0.00228051952181204	1
TraesCAD_scaffold_036205_01G000300	1	-0.0165474149231079	-0.0166511757224638	0.000961335058167344	1
TraesCAD_scaffold_052668_01G000200	1	0.020393957865321	0.0202901123749803	0.00113206837553595	1
TraesCAD_scaffold_030801_01G000200	1	0.00456017794972648	0.00452552609422444	0.000856475287279727	1
TraesCAD_scaffold_020436_01G000100	1	-0.0104043008375451	-0.0102700804881973	0.0011288574880397	1
TraesCAD_scaffold_062168_01G000500	1	-0.0152977092097913	-0.0153920607085502	0.0011735531697223	1
TraesCAD_scaffold_051594_01G000300	1	0.0141503393926425	0.0140400549875719	0.00106233633231237	1
TraesCAD_scaffold_026949_01G000300	1	-0.0139097441310052	-0.0140528806742434	0.00174577171795362	1
TraesCAD_scaffold_085948_01G000200	1	0.0179069673587347	0.0180407843244079	0.000927402909058203	1
TraesCAD_scaffold_016381_01G000100	1	-0.0133856287147014	-0.0136590155669699	0.00199385585600617	1
TraesCAD_scaffold_070902_01G000200	1	0.0210277800665338	0.0209213616806964	0.000801208138031915	1
TraesCAD_scaffold_089429_01G000200	1	-0.0190514595679556	-0.019138118123582	0.00106161329614528	1
TraesCAD_scaffold_121311_01G000100	1	0.0196178473683985	0.0194482993737764	0.00131650122811243	1
TraesCAD_scaffold_026328_01G000100	1	-0.0158515814749796	-0.0157481859115628	0.00167974224612559	1
TraesCAD_scaffold_012825_01G000100	1	-0.0100226960608073	-0.00984454851219778	0.000728603045280192	1
TraesCAD_scaffold_200460_01G000100	1	0.0191845268126927	0.0191081246703338	0.00078498319588393	1
TraesCAD_scaffold_132662_01G000100	1	0.0179559558025361	0.0178709409026314	0.000989527096269116	1
TraesCAD_scaffold_029901_01G000100	1	-0.0118468350117228	-0.0118388847266555	0.00159305305620795	1
TraesCAD_scaffold_042572_01G000100	1	0.0107669391762655	0.0106953466728472	0.000734095026482946	1
TraesCAD_scaffold_005375_01G001600	1	-0.0126508119593799	-0.0129364101201772	0.00245241981384739	1
TraesCAD_scaffold_042793_01G000400	1	0.0197807337091006	0.0197920612853297	0.000670950939161942	1
TraesCAD_scaffold_029931_01G000100	1	-0.0204147821706553	-0.0203944946439439	0.000837541446160809	1
TraesCAD_scaffold_121921_01G000100	1	-0.0012085367804338	-0.00114441409177896	0.00090099207539515	0.885
TraesCAD_scaffold_143437_01G000100	1	0.0149606405911467	0.0150037104667152	0.00147028117142111	1
TraesCAD_scaffold_158617_01G000100	1	-0.011897230608131	-0.0119331238956769	0.00118225454729429	1
TraesCAD_scaffold_056452_01G000100	1	0.0174062782521198	0.0174755810141381	0.00199635407562777	1
TraesCAD_scaffold_072075_01G000200	1	0.00603799033879278	0.0059604468553682	0.00125028064174925	1
TraesCAD_scaffold_045607_01G000400	1	-0.0153672096794819	-0.0156376288851684	0.00245196996118548	1
TraesCAD_scaffold_053538_01G000200	1	0.0210675744813632	0.0208836791038963	0.000866649425089375	1
TraesCAD_scaffold_048428_01G000200	1	0.018328464709638	0.0179984771130211	0.0020883626609085	1
TraesCAD_scaffold_005821_01G000100	1	0.0190364003461099	0.0187377641761518	0.00157150459636625	1
TraesCAD_scaffold_121164_01G000100	1	0.0133270593022703	0.0131787597831819	0.000967310317360033	1
TraesCAD_scaffold_019437_01G000100	1	0.016816342457146	0.016835347158008	0.000691940607432778	1
TraesCAD_scaffold_157556_01G000100	1	0.0201138813213261	0.0198233935710519	0.0012226194744878	1
TraesCAD_scaffold_000310_01G000200	1	0.0205926563768227	0.0204414151188993	0.000824725956653016	1
TraesCAD_scaffold_000139_01G000500	1	0.0183713049179761	0.0184026405648971	0.00104280042530813	1
TraesCAD_scaffold_084966_01G000100	1	-0.00562297931787373	-0.00555004909486347	0.00109880708081745	1
TraesCAD_scaffold_048500_01G000500	1	0.0166989708757017	0.016671270051653	0.0015318631636923	1
TraesCAD_scaffold_042081_01G000200	1	0.0143851074798045	0.0143516873547661	0.000984955138552849	1
TraesCAD_scaffold_116630_01G000200	1	-0.00968332952792324	-0.00991997972728865	0.00171788125194784	1
TraesCAD_scaffold_003123_01G000800	1	0.01607244229994	0.0158036198972829	0.0012818098140008	1
TraesCAD_scaffold_042449_01G000200	1	0.0169613730955068	0.0167292503760439	0.00144253676124719	1
TraesCAD_scaffold_137590_01G000100	1	0.0191379997345699	0.0188716373792781	0.00155447005065764	1
TraesCAD_scaffold_013709_01G000200	1	0.017517018197519	0.0175078416520819	0.00123210403953187	1
TraesCAD_scaffold_098738_01G000100	1	0.0100908515581535	0.0101704211151794	0.00101130093380999	1
TraesCAD_scaffold_097802_01G000100	1	0.0147711139535791	0.0144041416276471	0.00224078271052619	1
TraesCAD_scaffold_037558_01G000400	1	0.0187464666027364	0.0188033219451245	0.000895368484858641	1
TraesCAD_scaffold_129421_01G000100	1	0.0208104730461407	0.0205152593716342	0.00154690777341381	1
TraesCAD_scaffold_001234_01G000200	1	0.0108683836589027	0.0108930955151678	0.000680896329358391	1
TraesCAD_scaffold_035836_01G000200	1	0.0170414531814201	0.0168565019981015	0.000956044575787096	1
TraesCAD_scaffold_119264_01G000100	1	0.0206855507297791	0.0206258236704743	0.000735502894280129	1
TraesCAD_scaffold_004068_01G000300	1	0.0159631121635921	0.0158778526605535	0.00102206421856513	1
TraesCAD_scaffold_002127_01G000300	1	0.00755676226285718	0.0076877439824211	0.00121696453123786	1
TraesCAD_scaffold_180541_01G000100	1	0.0130038610567084	0.0130880089385313	0.00102508340614766	1
TraesCAD_scaffold_041959_01G000100	1	0.00981842770948147	0.00970694265089328	0.00140542584848121	1
TraesCAD_scaffold_012115_01G000600	1	0.0112595744679245	0.0110594521006902	0.00131251281496469	1
TraesCAD_scaffold_035411_01G000100	1	0.0188881276110514	0.0188795209369272	0.000759345310967683	1
TraesCAD_scaffold_061112_01G000100	1	0.0203852555933911	0.0201652818718832	0.0011396313405324	1
TraesCAD_scaffold_030766_01G000200	1	-0.0209836506380441	-0.0208071846488279	0.000796830383201867	1
TraesCAD_scaffold_013603_01G000800	1	0.0165775656206108	0.0166999438752806	0.00104715870435555	1
TraesCAD_scaffold_082992_01G000200	1	0.0180181603714064	0.0179145102191999	0.000912894449290979	1
TraesCAD_scaffold_066013_01G000100	1	-0.00345599076521284	-0.00348284263518413	0.00122294291593804	0.995
TraesCAD_scaffold_055177_01G000100	1	0.00166917859714773	0.0016924581234455	0.000887204961650436	0.965
TraesCAD_scaffold_098850_01G000100	1	0.00803730480768001	0.00804456727152379	0.00144564977858864	1
TraesCAD_scaffold_022173_01G000100	1	0.0141106615939417	0.0141885760000207	0.00220440180573065	1
TraesCAD_scaffold_009923_01G000100	1	-0.0162994797777807	-0.0165094578653997	0.00132465361117352	1
TraesCAD_scaffold_029111_01G000500	1	0.00709029222886119	0.00752295000413925	0.00278710469692527	1
TraesCAD_scaffold_043283_01G000200	1	0.0180405800356043	0.018038171189941	0.00046649540286605	1
TraesCAD_scaffold_053816_01G000100	1	0.0129808176257333	0.0129376547051886	0.001386860525373	1
TraesCAD_scaffold_095354_01G000200	1	0.00575079839366556	0.00581258139261694	0.00103181214891467	1
TraesCAD_scaffold_071688_01G000200	1	-0.0058893071683092	-0.005858881795477	0.00110096513544999	1
TraesCAD_scaffold_063878_01G000100	1	0.00615293794857541	0.00637093981823727	0.00144008704542645	1
TraesCAD_scaffold_080568_01G000100	1	0.000554985076786882	0.000333963994120059	0.00205028243523246	0.565
TraesCAD_scaffold_013353_01G000200	1	-0.0177448948173034	-0.0174202545217658	0.00136966233382113	1
TraesCAD_scaffold_060677_01G000400	1	0.0196046229365423	0.0193654974861657	0.00114888548222365	1
TraesCAD_scaffold_078357_01G000300	1	-0.0153276154851543	-0.0154152006201237	0.00291886893118792	1
TraesCAD_scaffold_073149_01G000100	1	0.013942074362769	0.0139306177124833	0.00113523167480869	1
TraesCAD_scaffold_008471_01G000100	1	-0.0174245980962419	-0.0174906069748772	0.00149401522103306	1
TraesCAD_scaffold_005268_01G000300	1	0.0174714404567632	0.017499334570394	0.00135208820404522	1
TraesCAD_scaffold_000224_01G001300	1	-0.0156037540209906	-0.0157052439201678	0.00138407403597235	1
TraesCAD_scaffold_009979_01G000400	1	0.014743328526452	0.0144191157121457	0.00222760823434578	1
TraesCAD_scaffold_021550_01G000300	1	0.00264529620916437	0.00294153510055775	0.00185935717862762	0.945
TraesCAD_scaffold_036117_01G000100	1	0.0168915799657737	0.0167104855751608	0.00161248147843716	1
TraesCAD_scaffold_158507_01G000100	1	0.0189517942207977	0.018897076591128	0.000774114803059774	1
TraesCAD_scaffold_055899_01G000100	1	0.01811531641321	0.0181703167646262	0.00106869528655568	1
TraesCAD_scaffold_098240_01G000100	1	0.0201455800972546	0.0200816699972221	0.000870705684741078	1
TraesCAD_scaffold_063938_01G000100	1	0.0180268773035965	0.0178987907581379	0.00123988290157054	1
TraesCAD_scaffold_053598_01G000300	1	0.0206419304637111	0.0206594037559752	0.000738765752390178	1
TraesCAD_scaffold_108356_01G000100	1	0.0182325675377521	0.018177424928031	0.00147434386006086	1
TraesCAD_scaffold_025322_01G000100	1	0.0139296857692787	0.0137536345296107	0.00109623840593566	1
TraesCAD_scaffold_012914_01G000200	1	0.00837287434923501	0.00843723961097084	0.00096353434569494	1
TraesCAD_scaffold_052597_01G000300	1	0.0196910619092689	0.0196753158815455	0.000641002431008116	1
TraesCAD_scaffold_001691_01G002000	1	0.019733572769221	0.0197184903143922	0.000926018224099185	1
TraesCAD_scaffold_002034_01G000400	1	0.0151821045638926	0.0148410201715326	0.00197647577604155	1
TraesCAD_scaffold_057707_01G000200	1	0.0205179055118191	0.020371404649456	0.000962673265553534	1
TraesCAD_scaffold_043752_01G000100	1	0.00686731517867841	0.00675272839854696	0.00130332773361043	1
TraesCAD_scaffold_099989_01G000100	1	0.0129106614899234	0.0129380492243347	0.000956709056025886	1
TraesCAD_scaffold_017277_01G000300	1	0.0206798663107748	0.0206330102194698	0.00079551592033616	1
TraesCAD_scaffold_060529_01G000200	1	0.0210094833800266	0.0208099061041322	0.00130845669854101	1
TraesCAD_scaffold_078798_01G000300	1	0.016826355735682	0.0167932246082193	0.00121554649590063	1
TraesCAD_scaffold_037774_01G000500	1	-0.00745170349141675	-0.00733421139423883	0.00175124023426289	1
TraesCAD_scaffold_015651_01G000300	1	0.0153415120996722	0.0153149232416059	0.00106116279681496	1
TraesCAD_scaffold_014319_01G000300	1	0.0186317569283268	0.0185623541791578	0.00148329886693716	1
TraesCAD_scaffold_083584_01G000100	1	-0.0174653203803204	-0.0175366524693133	0.00133831276434329	1
TraesCAD_scaffold_039457_01G000200	1	0.0182959719609667	0.018237686822834	0.00115559700668956	1
TraesCAD_scaffold_082441_01G000200	1	-0.00912747954199407	-0.00903254728116989	0.00142435578823165	1
TraesCAD_scaffold_006321_01G000200	1	-0.000296020066638219	-0.000107115467620669	0.000932941056096711	0.565
TraesCAD_scaffold_175714_01G000100	1	-0.0147626244945559	-0.0149519146836784	0.00136011738159553	1
TraesCAD_scaffold_081846_01G000100	1	-0.0179511747662196	-0.0176777373168381	0.00167067443274527	1
TraesCAD_scaffold_089806_01G000200	1	0.0167531154535075	0.0166562256697283	0.00141163787478518	1
TraesCAD_scaffold_145874_01G000100	1	-0.0191859692912398	-0.0191152570357727	0.000510149812873037	1
TraesCAD_scaffold_059462_01G000100	1	0.0207501712949441	0.0205830727771847	0.000405485393711947	1
TraesCAD_scaffold_064456_01G000100	1	-0.017887235241889	-0.0179554853260981	0.000977959095748133	1
TraesCAD_scaffold_049048_01G000300	1	-0.0203253932763309	-0.0201479143845347	0.00115867062353597	1
TraesCAD_scaffold_033531_01G000300	1	-0.0119895253723388	-0.0123012979741208	0.00198159264632157	1
TraesCAD_scaffold_029550_01G000100	1	-0.0191251009058253	-0.019029974705484	0.000838847354283659	1
TraesCAD_scaffold_041288_01G000100	1	0.010493018509433	0.010513696926718	0.00103683747219068	1
TraesCAD_scaffold_095029_01G000200	1	0.00201009459348044	0.00211629955715443	0.00174468301025193	0.895
TraesCAD_scaffold_128957_01G000100	1	0.0146321734532304	0.0144578608429573	0.00213591253275393	1
TraesCAD_scaffold_042854_01G000200	1	0.0181930690515316	0.0181963754178384	0.00101633546634003	1
TraesCAD_scaffold_008372_01G000100	1	0.00902400318479601	0.00907724602774006	0.000882610705508955	1
TraesCAD_scaffold_018542_01G000100	1	0.0155951889721043	0.0154492930284192	0.00166865852024444	1
TraesCAD_scaffold_142223_01G000200	1	0.0125824395725311	0.012766507657454	0.00123766078544185	1
TraesCAD_scaffold_079786_01G000300	1	-0.00341216240126439	-0.00330506991698185	0.00107067356672756	1
TraesCAD_scaffold_044522_01G000200	1	0.0207452354961165	0.0205799788335939	0.000491173230193135	1
TraesCAD_scaffold_116497_01G000100	1	0.00992394222931284	0.0100937613588277	0.00119202827893986	1
TraesCAD_scaffold_018065_01G000100	1	0.0203494283892386	0.0201949439967148	0.000763806452118654	1
TraesCAD_scaffold_004054_01G000300	1	0.0178868379900652	0.0177995043862317	0.000751230118457709	1
TraesCAD_scaffold_028368_01G000100	1	0.0196151155280303	0.0195764527592604	0.00110502611473311	1
TraesCAD_scaffold_003269_01G000400	1	0.0185639481091823	0.018468104362565	0.000681349993537385	1
TraesCAD_scaffold_010826_01G000600	1	-0.0195151365829278	-0.0195380418491784	0.00103254708083292	1
TraesCAD_scaffold_131419_01G000100	1	0.0107589297871549	0.0106709668183431	0.00068524985518992	1
TraesCAD_scaffold_015737_01G000100	1	0.0208066569942949	0.0207533347890614	0.000778803235249754	1
TraesCAD_scaffold_022442_01G000400	1	0.00375921962736492	0.00383539254946994	0.000870436498183722	1
TraesCAD_scaffold_028926_01G000100	1	-0.0171583708649866	-0.0172581941210818	0.0015720452228541	1
TraesCAD_scaffold_111322_01G000300	1	0.0207313049389185	0.0205779925364766	0.000626297594931147	1
TraesCAD_scaffold_098017_01G000100	1	0.0159272987712124	0.0159400040100398	0.00109776941080928	1
TraesCAD_scaffold_005926_01G000500	1	-0.0135268855281234	-0.0135759676788262	0.0021884415189493	1
TraesCAD_scaffold_007022_01G000400	1	0.0207039616400411	0.0205542138371893	0.00109820880692181	1
TraesCAD_scaffold_005458_01G000500	1	0.0194929671871402	0.0194938425226692	0.00058739381602447	1
TraesCAD_scaffold_005760_01G000200	1	0.0211186391229016	0.020995646591908	0.000855833710780248	1
TraesCAD_scaffold_000240_01G000300	1	0.00567017807579496	0.00577578275708132	0.00130993218687451	1
TraesCAD_scaffold_017197_01G000100	1	0.0169834659314894	0.0166189128651316	0.00240208724422984	1
TraesCAD_scaffold_136028_01G000100	1	0.0056956151148702	0.00559395085038809	0.00159547583601577	1
TraesCAD_scaffold_030341_01G000200	1	0.0145519140088276	0.0145313535579492	0.00108423757785166	1
TraesCAD_scaffold_029054_01G000100	1	-0.0180249663193149	-0.0180634137748665	0.00122515009207429	1
TraesCAD_scaffold_100039_01G000100	1	0.012915296771109	0.0128527856606409	0.00140221328661878	1
TraesCAD_scaffold_085331_01G000100	1	0.0212130519197423	0.0211411285880159	0.000605409590604699	1
TraesCAD_scaffold_010347_01G000100	1	0.0171364317083331	0.0171703616816873	0.000857388840541563	1
TraesCAD_scaffold_056913_01G000500	1	0.0185551955649375	0.0184757582691309	0.000781966451877239	1
TraesCAD_scaffold_006942_01G000100	1	0.011843047163777	0.0117015008441039	0.00140344976252613	1
TraesCAD_scaffold_044412_01G000200	1	0.00882749026399669	0.0088596197925044	0.000900109394490774	1
TraesCAD_scaffold_104919_01G000100	1	-0.00671239736641655	-0.0069306503016303	0.00179183563530098	1
TraesCAD_scaffold_051158_01G000200	1	0.0183347999742686	0.0184370677666399	0.000719328240216773	1
TraesCAD_scaffold_034368_01G000100	1	0.00918695782086734	0.00911033585178491	0.00139763024828929	1
TraesCAD_scaffold_043922_01G000100	1	-0.0208512758749471	-0.020734230826447	0.00143062606706561	1
TraesCAD_scaffold_276866_01G000100	1	0.020606062847906	0.0202979072919271	0.000866080385651202	1
TraesCAD_scaffold_111784_01G000300	1	0.0196774991413385	0.0195520259113022	0.000890218697223905	1
TraesCAD_scaffold_023298_01G000300	1	-0.0158968745927549	-0.0157464600869485	0.000797156669930748	1
TraesCAD_scaffold_066883_01G000300	1	-0.00278723666840984	-0.00288020326017782	0.00173253722742894	0.95
TraesCAD_scaffold_013809_01G000400	1	-0.0140983639142374	-0.0139508789813305	0.00147769041644164	1
TraesCAD_scaffold_024489_01G000100	1	0.00165181356802829	0.00161064993380152	0.00185617346573989	0.815
TraesCAD_scaffold_087937_01G000100	1	-0.011845915460051	-0.0121878257719031	0.00230079705420817	1
TraesCAD_scaffold_070722_01G000100	1	0.0051100559407955	0.00507968142648585	0.00100864136942633	1
TraesCAD_scaffold_098339_01G000100	1	0.0161954031427803	0.0162495385248833	0.000614412895499752	1
TraesCAD_scaffold_072583_01G000200	1	0.017844937480467	0.0177645199695937	0.00162338034424025	1
TraesCAD_scaffold_063011_01G000100	1	0.00362889211625721	0.00359824523733347	0.00110819323664441	1
TraesCAD_scaffold_017284_01G000400	1	-0.0152747778962043	-0.0150848690438456	0.00125950946882742	1
TraesCAD_scaffold_061578_01G000300	1	0.00757509167291046	0.00764819178512177	0.00171987667714626	1
TraesCAD_scaffold_111573_01G000100	1	0.0138936449719274	0.0139896011048546	0.00109371111539776	1
TraesCAD_scaffold_008947_01G000100	1	0.02003820227428	0.019999491191696	0.000746315212175206	1
TraesCAD_scaffold_096851_01G000200	1	0.00190692632240752	0.00171828564940941	0.0024713439174164	0.76
TraesCAD_scaffold_011496_01G000300	1	-0.00804766062518834	-0.00789201432325845	0.00138679683759283	1
TraesCAD_scaffold_027480_01G000100	1	0.0134912355151502	0.0132672924795311	0.00129888055702115	1
TraesCAD_scaffold_121399_01G000100	1	-0.0199145524933436	-0.0199328353357839	0.00144419880296252	1
TraesCAD_scaffold_036436_01G000500	1	-0.000391655121842501	-0.000406891981585306	0.00122891151960932	0.635
TraesCAD_scaffold_036271_01G000100	1	0.000819006133942196	0.00083219367023372	0.000919142009348223	0.815
TraesCAD_scaffold_034368_01G000300	1	0.0134838964218288	0.0136271757708193	0.000733381940309593	1
TraesCAD_scaffold_015135_01G000200	1	0.00652634883480026	0.00652660588184571	0.00170662973764967	1
TraesCAD_scaffold_065522_01G000100	1	-0.00228534597387615	-0.00299022890621776	0.00471346687658044	0.715
TraesCAD_scaffold_054584_01G000100	1	-0.0173525340218176	-0.0173516902523989	0.00136418403430674	1
TraesCAD_scaffold_011660_01G000400	1	0.0132089366771765	0.0129745078705061	0.00163499944038969	1
TraesCAD_scaffold_028061_01G000100	1	0.0173839065193415	0.0173280465312948	0.000758525029537716	1
TraesCAD_scaffold_012639_01G000100	1	0.0119385157003269	0.0120033061879837	0.00121193607498745	1
TraesCAD_scaffold_089795_01G000100	1	-0.00840870026757044	-0.00840448638608884	0.00113752702195342	1
TraesCAD_scaffold_006771_01G000300	1	0.0110085855548455	0.0110186845428835	0.000563572115672435	1
TraesCAD_scaffold_014397_01G000700	1	0.0202186044815641	0.0200489181772959	0.000949641041638435	1
TraesCAD_scaffold_023736_01G000100	1	0.0141518952940761	0.0137954514783398	0.00301966329967824	1
TraesCAD_scaffold_124457_01G000100	1	0.0202334372614995	0.020007697639148	0.000822101698813968	1
TraesCAD_scaffold_013868_01G000500	1	-0.0166430816976071	-0.0165953051532986	0.000990818592069914	1
TraesCAD_scaffold_000214_01G000200	1	0.0199503796859961	0.0199377476971167	0.000506494437345149	1
TraesCAD_scaffold_040474_01G000400	1	0.0142346697862571	0.0142234998219979	0.000812175945916318	1
TraesCAD_scaffold_105793_01G000300	1	-0.00851181385797308	-0.0083353041039005	0.00113399470849528	1
TraesCAD_scaffold_013913_01G000400	1	0.00836414076800298	0.00839525161441545	0.00109835406411548	1
TraesCAD_scaffold_108648_01G000200	1	0.0178537390865683	0.0177854909374301	0.00134620038910605	1
TraesCAD_scaffold_009682_01G000100	1	0.0153909145637108	0.0153295512235645	0.000505246234263194	1
TraesCAD_scaffold_023930_01G000200	1	-0.017410442777504	-0.0173337537853625	0.00106176841975026	1
TraesCAD_scaffold_037744_01G000100	1	0.018514258178266	0.0185203039538744	0.000876247677226838	1
TraesCAD_scaffold_144531_01G000100	1	-0.0210476077197523	-0.0210336651207014	0.0010112776238516	1
TraesCAD_scaffold_021207_01G000200	1	-0.014733779096939	-0.0145681635227276	0.00162097391612927	1
TraesCAD_scaffold_096609_01G000100	1	-0.0208211617380249	-0.0207576477880859	0.000599239118808927	1
TraesCAD_scaffold_047453_01G000200	1	0.014918094329948	0.0150273352607658	0.00116327444816468	1
TraesCAD_scaffold_068887_01G000200	1	0.0203683140386262	0.0200920640707252	0.00104155201373248	1
TraesCAD_scaffold_041979_01G000300	1	0.0202077260417508	0.0202216174632407	0.0011823345599804	1
TraesCAD_scaffold_056442_01G000200	1	0.0184904034689324	0.0181839693364126	0.000960860124759962	1
TraesCAD_scaffold_028907_01G000100	1	-0.00709496528591318	-0.00707049012728386	0.00110611875003667	1
TraesCAD_scaffold_011366_01G000100	1	0.005819231839276	0.0060422298102818	0.00120794078457658	1
TraesCAD_scaffold_085545_01G000200	1	0.00990805377332033	0.00989194759508668	0.00179789859410441	1
TraesCAD_scaffold_060233_01G000100	1	0.0160550170046017	0.0158790984193431	0.00105248643675364	1
TraesCAD_scaffold_006981_01G000100	1	-0.0124945617365609	-0.0127515066923536	0.00222822648828944	1
TraesCAD_scaffold_029820_01G000100	1	0.00860224084350519	0.00843420473417821	0.00228482745800354	1
TraesCAD_scaffold_000684_01G000300	1	-0.0149829731567955	-0.0146360990690757	0.00137181551241674	1
TraesCAD_scaffold_032020_01G000200	1	0.0136004695943808	0.0136000059165237	0.000784118628679945	1
TraesCAD_scaffold_082468_01G000100	1	0.0136552894217625	0.0138301719924082	0.00116106188881448	1
TraesCAD_scaffold_038565_01G000100	1	0.0169377447721769	0.0164564192635908	0.00240794342237855	1
TraesCAD_scaffold_026903_01G000200	1	0.0111074511374887	0.0111401529981104	0.000691690294815848	1
TraesCAD_scaffold_092820_01G000100	1	-0.00561097462797865	-0.00565594633687946	0.00119028366597679	1
TraesCAD_scaffold_050635_01G000300	1	0.0207196701864843	0.0204279356567729	0.00111182156865623	1
TraesCAD_scaffold_015883_01G000200	1	-0.0201489110862342	-0.0199696277844653	0.000792875109651983	1
TraesCAD_scaffold_019912_01G000100	1	-0.000431107228175925	-0.000564947671291215	0.00189137420294618	0.585
TraesCAD_scaffold_092010_01G000100	1	-0.016200042367005	-0.0161398777619677	0.000736082671538458	1
TraesCAD_scaffold_045756_01G000400	1	-0.0105013433286136	-0.0103710742083444	0.00113395044996807	1
TraesCAD_scaffold_011963_01G000100	1	0.00635091932394932	0.00629029525094799	0.000889226168726374	1
TraesCAD_scaffold_003217_01G000200	1	0.0183641669335347	0.0184275203020348	0.000530710109020618	1
TraesCAD_scaffold_074123_01G000100	1	0.0138106538405621	0.0138874712392205	0.00212953177245187	1
TraesCAD_scaffold_002148_01G000100	1	0.0177346629259577	0.0177677738017031	0.000852598066888589	1
TraesCAD_scaffold_086797_01G000200	1	-0.0143090847668637	-0.0140580833978007	0.00195409543839747	1
TraesCAD_scaffold_058212_01G000100	1	-0.00287459560012671	-0.00287292644202201	0.00103890520924198	1
TraesCAD_scaffold_034355_01G000200	1	0.0197105819715985	0.0196676032617298	0.000750626029113513	1
TraesCAD_scaffold_069493_01G000100	1	0.0195264841967297	0.0194281468641626	0.000877787587523116	1
TraesCAD_scaffold_067989_01G000200	1	0.0167317605816527	0.0168223460167606	0.000977156647171298	1
TraesCAD_scaffold_070678_01G000100	1	-0.0173504657047266	-0.0173030066019818	0.0011849758037578	1
TraesCAD_scaffold_041047_01G000700	1	0.0188462546808457	0.0185285180363637	0.00158663918801395	1
TraesCAD_scaffold_042513_01G000100	1	0.0102434880026914	0.0102150631810003	0.000746048859045166	1
TraesCAD_scaffold_032362_01G000200	1	0.013299273625678	0.0129848785296283	0.00293106620413279	1
TraesCAD_scaffold_026736_01G000500	1	0.00176763003247357	0.00165304425867715	0.00166133057764009	0.83
TraesCAD_scaffold_003973_01G000400	1	0.0184532912480427	0.0185199581117428	0.00100398031480166	1
TraesCAD_scaffold_037804_01G000200	1	0.013843316245521	0.0138457986135865	0.000836482985474809	1
TraesCAD_scaffold_052934_01G000400	1	0.0118936446263844	0.0121241769608125	0.00109236638727608	1
TraesCAD_scaffold_019656_01G000200	1	0.0171268264421644	0.017240808490653	0.000777423387509072	1
TraesCAD_scaffold_014161_01G001100	1	-0.0117339073422005	-0.0116001246647796	0.00242814559831265	1
TraesCAD_scaffold_050690_01G000200	1	-0.00427707564688515	-0.00434897129497295	0.000787806015697965	1
TraesCAD_scaffold_079521_01G000200	1	0.0174864920033886	0.0175265743547467	0.00058305747513902	1
TraesCAD_scaffold_027432_01G000400	1	0.0201768361073486	0.0200541272758537	0.000901922616535617	1
TraesCAD_scaffold_057347_01G000100	1	-0.00868951863509997	-0.00866499976774831	0.00159506939932578	1
TraesCAD_scaffold_007273_01G000400	1	0.0180120035970609	0.0178453009587275	0.00157823365584212	1
TraesCAD_scaffold_009586_01G000100	1	-0.0177039446929842	-0.0177123158166328	0.00143196741464882	1
TraesCAD_scaffold_049646_01G000400	1	0.0188758376723401	0.0187743287455779	0.000755205055374087	1
TraesCAD_scaffold_010459_01G000100	1	0.00571976911932177	0.00580328696641497	0.00103039780409675	1
TraesCAD_scaffold_003324_01G000100	1	0.0178952442471942	0.0176519683227273	0.00139342099629511	1
TraesCAD_scaffold_009506_01G000200	1	0.0144252523125173	0.014482253861948	0.000688838029813358	1
