group_id	C1	C2	C3	C4	C5
PG01383	0.0743169651259697	-0.00405281728773378	-0.00602816049240384	0.211700136653215	-0.259231464630765
PG01066b	0.0443676591103346	-0.0232622018052458	0.0675832700061017	-0.0089181931908537	-0.0527525844153584
PGSHARED0009	-0.0401521007258876	0.00783121923765157	0.189030337692455	0.023243322311106	0.00412916184046304
PG01422	-0.000206177514209055	-0.00559122652279193	0.0724793915835	0.180310710249826	0.12342401887505
PG00706	-0.0639708113484443	-0.0269087280973365	-0.121672295889165	-0.0118625762378281	0.0268263655571195
PG01430	0.0521851612638271	0.156841806859302	-0.00289242468022373	-0.101565415019563	0.0866791355765634
PG00479	-0.000278863902974036	0.00358248902210631	-0.0202267472693821	-0.0728491790496835	0.094716920269182
PG01286b	-0.0345290221767319	-0.0170300725070414	-0.105335056714469	-0.178577170909531	-0.129296732671761
PG01784	0.0390683995116609	0.0363945266357374	0.0533168127154909	0.00251653659830397	-0.107506991709916
PG01433	-0.0242224730885959	-0.0358243819912231	0.129651313982327	0.00966574137540876	-0.0383884513615146
PG01428	-0.0806307703672337	0.0667539806798985	-0.0728892810157859	0.0754969584574586	0.0997666318534236
PG01349	0.0372476539668124	0.00929670729591507	0.0277683891729611	-0.0845927463328931	0.0846983929808548
PG00033	-0.0352389334636388	-0.00295269682058884	-0.0490971318242906	0.078555179249812	-0.0518621988839244
PG00103	-0.0335014542756037	-0.00706928949293483	-0.146496224963864	-0.0150466128591167	-0.0177805086776506
PG00759b	0.0052737579639194	0.0218432203589218	0.0543514680958296	0.0322560789895482	0.0591332067147678
PG01192	-0.00411445676371434	-0.0301847946948997	0.0441711676620142	0.0145200610349187	-0.123070560488577
PG00474	-0.0292867504305342	0.0664465799992485	0.056168262766967	0.03553348289024	-0.0452112941366423
PG00496	-0.0401524058588291	-0.00942665057726457	-0.122608614148035	-0.00658880163209819	0.0124350055706686
PG00452	0.0829724124235521	0.0559666321652163	0.00756555044020274	-0.0570840321614869	0.0731994903438016
PG00843	-0.0860860465979123	0.0785385809126127	-5.36532017987489e-05	-0.0115916665554661	-0.0134057918288283
PG00264	-0.0351830581972846	-0.0613550561506742	-0.0578156446038915	-0.0253293317904299	0.0264529453303184
PG00951	-0.0845826473580045	-0.045432180771824	0.0334964711885272	-0.00249799045914707	-0.00315840530953118
PG00666	-0.0906842319010088	0.0500843188020642	-0.0380506076847741	0.0101633995914651	0.0062731218462006
PG00835	0.0945781819658592	0.00384437822164076	0.0097987475156769	-0.0145277806827356	0.0407736637799587
PG01675	-0.0885950295775739	0.0601939283395701	0.0184861603428876	-0.0152491557691636	-0.00235332597062615
PG01523	0.0173739408621421	0.0320182398868808	-0.0598941018182797	-0.0131966647485029	0.0595141408312889
PG00070	-0.088571362802889	0.037376528314098	0.00211896538128503	-0.00849084539507975	-0.000396367915781317
PG00833	0.0740255091496953	-0.0841821947986663	0.00765432942101276	-0.0400610491291727	0.0195433849789512
PG01795	-0.0764582294608433	0.0762184494134596	-0.0205916025407883	0.0180641724561529	-0.0263377314395998
PG00980	0.0880229177416183	-0.0150523507282815	0.00293055753507777	0.0183631121509055	0.00944757745367209
PG00964	0.0636390512799524	-0.0928204360532228	-0.0535329738102521	-0.047850889866587	-0.022925877603644
PG00494	0.0853166469215065	-0.0388132276647071	-0.00450436240274442	-0.0330308507840151	0.0367504629512155
PG00703	-0.0816462589523309	0.0644926773486835	0.0031099081770362	0.000967014449002064	0.00497132277403482
PG01016	0.0819865117697763	-0.0443138609510112	-0.0191211279561232	0.0288324104764831	-0.0371068138890266
PG00618	0.083623272416775	-0.0314970208550193	0.010725187138408	-0.0111727460188339	-0.0124899122978208
PG01076	0.0824875117565044	-0.0433494820172521	0.0222660938628903	0.00742626532450179	-0.00454215688011883
PG00238	-0.00463499061715072	-0.0595288819946766	0.0124733746107163	0.0655957290440171	-0.035090839302855
PG01541	-0.0758099655094607	0.0700315641224614	0.000847491153029412	-0.0323366224055855	-0.0106677629116845
PG00518	0.00773036846060637	-0.0306706559544611	-0.0533767571905282	0.0362639413939642	0.0113337516005153
PG00366	0.0113572452283863	0.0499823323629937	-0.0564016940825724	-0.0428354646523116	-0.00381579944537548
PG01459	0.0872781660455748	-0.00647248599973479	0.00925521412048025	-0.00209994730947425	0.0106530515571318
PG00072	-0.0397407290843111	0.0233569482619254	0.00171295417520654	-0.0508056013124004	0.0157438148174942
PG01052	-0.0812135940809166	0.034671608890048	-0.0101038387551993	-0.0522870697819624	0.0392223957186292
PG01420	0.0770186375886683	-0.0633759489888795	-0.0224627162044952	0.029327794918239	-0.0271828038609278
PG00100	-0.0813675996589915	0.0513880426151062	-0.0111788211624491	0.00192790707436012	-0.0139330002639127
PG01387	0.0832915426226876	-0.0363445816191918	-0.00835011796034781	0.0262309191724684	0.00881508432120769
PG01094	0.00211340513314489	-0.0138077865105776	0.0469589656517049	-0.0108304809291077	0.0159126551132605
PG00230	0.0707002586674981	-0.0775074001647224	-0.00323157732251487	0.0110317625964393	-0.0151510342443732
PG00393b	0.0807078784762224	-0.024891403498051	-0.0187804884863719	0.0154412529439359	-0.00922251565749229
PG00330	-0.0760797875303281	0.0598045964606181	-0.0144247529294763	-0.0165898571214938	0.00178918515259103
PG01702	-0.0495971037339548	0.0138939683773253	-0.0429848451630567	0.0795139358242173	0.111528583333878
PG01500	0.0112878529611109	-0.0471793238181065	-0.0338929074008332	-0.00984665799672121	-0.135417182396538
PG00349	-0.00195082336887555	0.0112802398281274	0.0173614943280365	-0.045555556805815	0.106050998333349
PG01641	-0.0747335522255357	0.0554194949338492	-0.0122258751453379	-0.0300552289111399	0.0152627053373931
PG00792	0.0662045112830521	-0.0810038169982395	-0.0180706329419687	-0.0139033058550125	-0.000356515657116767
PG00393	0.0786837410330427	-0.0182888775599848	0.00565296920001437	-0.01983811585997	0.0101565178113953
PG01728	0.00792292514045273	0.00453653495070605	0.00809489743379729	-0.0064866026929166	-0.0214517615534228
PG01011b	0.0115712395821399	0.0152687973277374	0.0277708555446796	-0.0663918801078431	-0.0750454277542172
PG00710	0.0699418550988117	-0.0723344238179043	0.0100545940250978	-0.0198359545846758	0.0235687330065613
PG00673	0.070394873077981	0.00384899548475974	0.0113879534683482	0.070178089944769	-0.0682952324460385
PG01685	-0.0019278943692527	0.000514399723641106	0.0496159238718595	-0.0040678992058356	-0.0285091983598599
PG00857	-0.0701935574956023	0.0558570127959164	-0.0166128663715812	-0.0269323064607632	0.00141059673138326
PG01765	0.063316184196849	-0.0488795268265639	-0.0284654881292586	-0.00626521313903684	-0.0254638496466279
PG00378	-0.0460956379435193	0.0434767316937082	-0.0770271337058103	-0.0761258648917294	-0.103009140801507
PGSHARED0006	0.0663282696164106	0.0418419912714766	0.0804565813368801	0.0353118978248445	0.000554544669064265
PG01089	-0.0315086129777019	-0.0113836620443976	-0.0128223797178861	-0.0636197134887607	0.046050747768289
PG00893	0.0740780228694953	-0.0333930448673698	-0.00287528312382752	-0.039789147691354	0.060112616624622
PG00237	-0.0197120389128879	0.0144219754054692	0.0234534147844704	-0.0698782158090872	0.032635691581285
PG01075	-0.0642206142592318	0.0777496896538234	-0.0171868946447368	-0.00835850485148571	0.0126521993620948
PG00441	0.0739330008069099	-0.0354506885446689	0.0362584687693088	-0.0297454493362932	0.0146717785765183
PG01272	-0.0268197657068552	0.0595177085844122	-0.0467608435755823	0.00716775483964539	-0.0260957623654678
PG00484	-0.0596026911048013	0.0837523028118195	-0.00795806540891942	-0.0131164453172158	-0.0378258328196016
PG01108b	-0.0391397960476783	0.0425307603564232	-0.0583817806135683	0.0100397096099566	-0.0384696493956084
PG00504	-0.0210900882735075	0.0428197052115619	-0.0276848565595815	0.0354842298008569	-0.033754218404872
PG00088	-0.0491146170544478	0.0921840163369951	0.0180470699291518	0.048436422649034	0.00482553256399565
PG01504	-0.0674014109490177	0.0709794133316332	-0.00192614932403753	-0.013432457431983	0.00806508117769997
PG00081	-0.0718729856813156	0.0540681314848279	0.00497422524176513	-0.0188760951309856	0.00366685118335743
PG00619	0.0429360353394622	-0.0103483354747623	-0.102098535909999	0.0237733049918173	-0.0756593370244315
PG01650	-0.0737128433268815	0.0460753750974954	0.0101918491415167	0.00214003939167286	-0.0160533580058545
PG00701	0.0635063442631232	0.06101620474217	-0.00977710467369013	-0.0304317979002588	0.0690690979787756
PG00490	-0.0191584705978822	-0.00830544101765039	-0.0807490985606541	0.0220736645336303	0.00839152394564834
PG00106	-0.0729887564263802	-0.0299465758551335	0.0153118499501627	-0.0476104963431502	0.0138128344515986
PG00331b	0.0701532783926402	-0.0597990318762152	0.0283052006377848	0.0241981814372237	-0.00796998649049541
PG00865	0.0590021906707114	-0.0162808450754124	-0.034058893399391	0.0608980670333299	-0.0787235445823306
PG00789	0.0754461515535458	-0.0181776660891608	0.0239971988318972	0.029936871225505	-0.0159431407521926
PG01040	0.0504230075801473	0.00178975437524503	-0.0312405659181605	-0.0569786410683643	-0.0261727667381384
PG00210	-0.0720015206865964	0.0380815784100799	0.0239570926273645	-0.0235511619873848	0.0172856420392349
PG00704	0.0753736584075662	-0.0280324668593103	-0.00580987013854011	-0.00233446706827836	-0.00674399442112487
PG00669	0.0686536200576179	-0.0314719529327169	-0.00889892642184099	-0.0153669017574126	0.0648708953537333
PG01132	-0.029098436212147	0.0262102894708015	-0.112866862177958	0.0632260690964959	-0.0631432519060926
PG00466	0.0710027436291783	0.00834524605015162	0.021198437506976	-0.0270219699341124	0.05706101302393
PG00044	-0.00585678432088588	-0.0512285583899707	0.0177821543988806	-0.0487145955802746	0.0398903774417337
PG00936	0.0730459251211661	0.0125173921695805	0.0119002085546844	-0.0117437507908789	0.0138304627866478
PG01032	0.0737755139207297	-0.0184069192186982	-0.0330383929999025	0.00254118771268783	0.000320876547305714
PG00048	-0.0275410519210011	0.0292620608548575	0.000344274890228337	0.0132639782241998	-0.0700278550695998
PG01358b	-0.0296872250129589	-0.0618085210709629	0.0726015302031559	0.0719328062662772	0.0733666550154656
PG00730	0.0240234962441995	0.0011592538574632	0.0157129261082426	0.0440185327192261	0.0268915053849634
PG00211	-0.0205552552512561	0.0131633763748212	-0.0563549289733354	0.119330957230735	0.0799648689729262
PG01767	-0.073005199821755	-0.0071535891594827	-0.00854080704960023	-0.0501999956961387	0.0323901960991259
PG00240	-0.0125364804061329	-0.0737248683178832	0.0460543080931778	0.000919092259576366	-0.0199728040044309
PG01006b	0.0625683940128032	0.0298859454084497	-0.0197473307375362	0.024065672016245	-0.0384624945014178
PG00579	0.0691407831500087	-0.0203895303079624	-0.0267728049292871	0.00741903944747393	-0.0224247890531462
PG00324	-0.0283982154860124	0.00756522212367757	-0.0901340635136205	0.0173933976962438	0.0044420234584056
PG00666b	-0.0655300210241776	0.0611265524792653	-0.000742987765832355	-0.0113124582092197	-0.00743926380263603
PG00362	-0.055516175073136	0.0756968402343913	-0.0139716553982233	0.0179648353807438	-0.00753128449198682
PG00281	0.0684509645565183	-0.0385540424547442	-0.0185960372476607	-0.0322448794125157	0.0266205730370402
PG01193	-0.0165412212915638	-0.0625196078966672	-0.00438626530744829	0.0420678244206418	-0.0129691372238955
PG00148	-0.0697332735237512	0.0386261988607612	0.00971016062712769	0.00624127168669768	0.0163318876908117
PG00709	0.0668634163433921	-0.03907187591612	-0.0023089661555607	-0.0185358377870203	0.0481001184410808
PG01384	-0.0459871390891362	0.0552239960371889	-0.0334274909767948	0.017571305991871	-0.0407254471460559
PG00269	-0.00873611217099965	-0.0181998512869204	0.0921140495000711	0.0181121335668853	0.0048287120724669
PG00915	0.0346005577159495	-0.0800267032177849	-0.0502531767953973	-0.0771998025179889	0.064469116006697
PG01013	-0.0612795686940914	-0.0144427886333085	-0.0551151983412861	-0.00900657515799261	0.0367494732099079
PG00853	-0.04102381187374	0.0457437625445044	-0.0238979910320443	-0.0137424601058401	-0.0266140335984518
PG00740	-0.0486186286234323	0.022839611607529	-0.121176630425206	-0.0303793409093987	-0.0141397225592838
PG01235	0.0625906736281295	-0.0563292196849916	0.00110308144470479	0.0260755909787581	-0.0205198404152333
PG01828	-0.0253991643870112	0.0543133845074985	0.113895249819104	0.0688914151665502	0.0547719545623959
PG01397	-0.0471129047499115	-0.000791459170739314	0.086577806151402	-0.00221130394559946	-0.00472053804484341
PG00907	0.0691386392942576	-0.0251121853856536	0.0148202805645585	-0.00251972522562088	0.0230652401756362
PG00976	0.0361985055196599	-0.0862523043213503	-0.0643507595333772	-0.0342692279039071	-0.00816577611547117
PG00486	-0.0706373511110339	0.0250870421394962	-0.0125693767354667	0.0109769932704991	-0.00204042834686142
PGSHARED0059	0.0670587650591453	-0.0212575772615581	0.00395451991508556	-0.040822168913209	0.00172628047337104
PG00798	0.062122021711394	-0.0292502032929138	-0.0199685460978134	-0.00240732674424412	0.0124231913671574
PG01522	0.0125708333990228	-0.0821902518165485	-0.0120832345645818	0.014209972350625	-0.0366890823733177
PG01112	0.0461666287902945	-0.0472125786805343	-0.00613309488163903	0.0167589819699861	-0.0529239967884307
PG01651	-0.063987793212821	0.0325955357031752	0.00750456220106338	-0.000202149161196291	0.0307420476126958
PG00115	0.0579487857876494	-0.0649414807026605	0.00493060476929679	0.0103421252455625	0.00769874970501083
PG00694	0.0669432738768988	-0.0109780396140318	0.0182660081873906	-0.00480633706394818	0.00175606433860386
PG01602	0.0667423030703111	-0.0293395306717673	-0.00284674458571134	-0.0345834735802495	0.0135092973495551
PG00724	0.0667442411346318	-0.0314074447902998	0.0185673623317979	0.00404437731185754	0.00550244792032184
PG01466	0.0101579561560925	-0.007786932500671	0.0148773652778532	0.069018650522344	-0.0065144646132522
PG01799	0.0646762155959443	-0.0442416365338403	0.00989568415862482	-0.0326327054021989	0.02251288959324
PG00581	0.0641620728689421	-0.0288968228917753	-0.0092784486598495	-0.0204926639550844	0.00709979473618851
PG01324	0.0623500666795888	-0.0536177753601685	-0.0214603743630308	-7.50284969691559e-05	0.0231942273293605
PG01794	-0.0367332145177257	-0.00321253092207772	0.0122889849648331	-0.00863170567782107	-0.0756121009312773
PG00022	-0.0540799169017432	0.063678060037777	-0.0266227973557697	-0.0253074028842777	0.0147485226359735
PG00331	0.0624371590147529	-0.0457819189179063	0.00456536921848281	0.0124919918457281	-0.0494039966807443
PG00466b	0.0665080447312174	-0.000877919708312347	0.00869598219542694	-0.0337376778719041	0.0292270579741755
PG01581	0.0591810567252256	0.00168504373840896	-0.00713900944988778	0.00567141630668421	5.52438891419368e-05
PG00236	-0.0571990148170937	0.0434749205437883	-0.0108991614673203	-0.00309275337736504	0.0391868146166058
PG01496	0.0612604773715433	-0.0573539081446934	0.00506179445535146	-0.0179794887782769	0.0103383290777477
PG00726	-0.0509269610355492	0.0696900017198098	0.00356891807236903	0.0143239756977164	0.0239714187734046
PG00821	0.0295883786140579	0.0905043988539304	-0.0146623298439185	-0.054928793209023	0.0403864778845479
PG01457	-0.0659013413469119	0.0158441748005863	-0.00190845218000177	-0.017018521011758	0.0270962230993033
PG01366	0.058795751081425	0.0420533061377989	0.0308429618315721	-0.0442483052953865	0.0322735709009655
PG01605	-0.0277555683549215	0.105365151325417	0.00659903619427221	-0.0324838649000545	0.00827297405790969
PG00812	-0.0270253483571219	0.0880025189446892	0.0218582571447598	-0.0225061511341881	0.0160529992435397
PG00766	-0.0202123542169083	0.00297349054410645	-0.087334540118665	0.0241308673118047	0.0229923780697615
PG01244	-0.0575976872229944	0.0466817158417411	0.0126281287907714	0.00364374697903458	0.00455465492190979
PG01071	0.0600222229652117	0.000382731762711758	0.0151524582183824	-0.0469361655904607	0.0171044176615107
PG01823	0.0644586741400737	-0.0119838815906328	-0.00942519114217801	-0.00567154622585303	0.0243016144805093
PG00602	-0.0599366207767861	0.0532511299203456	-0.00721073716076522	-0.014815757753737	0.00348366852524616
PG01526	0.0649012210632027	-0.0150284788869046	0.0110143242500169	-0.00997893088337903	0.00726200685933085
PG00690	0.0638312188656582	0.00455649608553208	-0.000384515592135395	-0.0212466995990505	0.0526862573403877
PG01629	-0.0624402532313342	0.0418085541460264	0.0200200883342472	-0.0296544693702951	0.00576084504095433
PG01249	-0.0594612312548509	0.0422305770132667	0.00841599896361411	-0.0148081356779947	-0.0118444514305703
PG00957	-0.0473161387859276	0.0773885540466446	0.0198253706921654	0.0141722653430681	0.00227447264240973
PG00849	-0.0305381920176456	0.027111205869149	-0.0781748149178617	-0.00349312149785862	-0.0150524401956369
PG00687	-0.00945128937013284	0.0812719332696197	0.0238699604732693	-0.028227732402361	0.0138579562122924
PG00384	-0.0614072636742095	0.0229862667517884	-0.0158577438894722	-0.00166810310621125	-0.0181369066617368
PG01573	0.0464447657935503	-0.0706228168114572	-0.0295892180614821	-0.043074053876649	0.0186941928745053
PG01188	0.0629788744467571	-0.0178451404463999	-0.0229081871467869	-0.0224600718572284	0.00106268200306977
PG01547	-0.0300388578585157	0.0181415923927329	-0.0626860966698978	0.0867426793135026	0.0572228550770962
PG00035	0.0521711980471156	-0.0416229847062163	-0.0313263498163863	-0.0238793612885296	0.0143449262350213
PG00251	0.0646427161293487	-0.00187097574512456	-0.0146382540349783	0.0183308236183255	-0.0115058664456294
PG00222	-0.0628563663069542	-0.0226041982758368	0.0048622043631487	-0.00339521928002847	0.0427622133116209
PG01462	0.045488656613106	-0.0421786041075903	-0.00463831678019157	-0.0154747056417205	0.0339578467430934
PG00173	0.0315317188113429	-0.0317747037557689	-0.00113903725959804	-0.0112568472995931	0.0418774672069541
PG01291	0.00430720438677828	-0.0211517868809652	0.0229887745508644	-0.0340869859396577	0.0679623738444406
PG01120	-0.060354347200767	0.0295192632937748	0.00619936438365337	-0.0365322411847585	0.0224221373417188
PG00554	-0.032308884560922	0.0385229837425718	-0.0676499227879174	0.0717311856305317	0.00551087561010586
PG00660	-0.0543056846771023	0.0484343315786311	-0.00309787143095429	0.0271650477035492	-0.0131079105545684
PG01300	0.0511782923433521	-0.0496320050141125	0.0249986040194265	-0.0120229081085381	-7.51164470537326e-07
PG00545	0.0485128382269023	-0.0511029409008721	0.0481411772884673	0.00809215879088285	-0.0301057495599628
PG00181	0.0173675388601118	0.0387157305044714	0.0660294107628573	0.0291848270055368	0.00544507527050727
PG00539	-0.0483861506579589	0.055846796507042	-0.00604220259095081	-0.0172689019813078	0.0122059583777212
PG00059	-0.046934943571055	0.0571126114137174	-0.00395207124724669	0.00975070205057644	0.0446294681781721
PG00443	0.0581598521243251	-0.0324302407785155	0.0230033413140513	-0.00720450112810752	0.00233199616658925
PG00961	0.0481727797855638	-0.0437686986583749	0.0157106882145771	0.0268905305156088	0.000704562910519989
PG00463	0.0366622793386855	-0.0636170498860899	0.0188062069288427	-0.038459451296849	0.0495602036261811
PG01004	0.0459709754580659	-0.0175527243448739	-0.0317178454964618	0.0044731589848636	-0.00935008362228695
PGSHARED0069	0.0615121127272088	0.00302588443948137	0.016189335866512	-0.0143508844886537	0.00871784184926075
PG00836	0.0445277070359416	-0.0567508372743772	-0.00132037470741663	-0.00879722365699723	0.00308945637356383
PGSHARED0068	-0.0557341203394279	0.0311823402345043	-0.022306209833732	0.00979742455550841	-0.0269266112884379
PG00117	-0.0253112424337151	-0.0226745873648735	0.0526994817682647	-0.0866635734392779	0.00368446035957841
PG01411	0.0095802254126707	-0.0372434303292369	-0.0215523101482281	-0.074419021609442	0.0117611084811192
PG00209	0.0578990730174829	0.0128427424959184	0.0113746938360024	-0.0188939640758101	0.0372706033874163
PG01156	-0.0586553664306534	-0.0139506652535995	0.00386215192907074	-0.0318002196481575	0.0203470753988149
PG00948	0.0463113978499702	0.0438797629487875	0.0231109971144486	-0.0101104058324073	0.0289845530541347
PG00751	0.0430227112917184	0.0564525266690068	0.0293822395971584	-0.0284122932307446	0.0355593399988134
PG00285	0.016612628947691	-0.022777573616714	0.0139378038879549	0.00885778963112123	-0.0751483606422078
PG00308	0.0509131274728693	-0.0500337921446737	-0.0195844726647081	-0.00247639327990652	-0.000389657548720467
PG00670	0.010750616656154	-0.0329104841529703	0.0521599042849327	-0.00567041632753987	-0.0257583754705548
PG01008	0.0244992330217894	0.0474507976480675	0.0291598197041708	0.00396721666961103	0.00778282204183496
PG00475	0.0241728803959995	-0.0590275781990361	0.0042723078039882	-0.0958938358831466	-0.000404313630746774
PG00402	0.0572888051186385	-0.0051613783726394	-0.0214726860004644	-0.00964090781926476	-0.00888720851914986
PG00198	-0.0540552738595591	0.0342035897259686	-0.0184457285498497	-0.0407165888414802	0.0119278596061232
PG01653	-0.0480643883258021	0.0557134771526671	0.0102094839978481	-0.0123263308659123	-0.0126698669343419
PG00235	0.0307507370851836	-0.0608198225812314	-0.0120656414352581	-0.0539920659904054	0.0733212667882818
PG01053	-0.0232295144594675	0.0180260495478046	-0.0499133165446828	-0.00990797139821051	0.0240774961567407
PG01697	-0.0197264592497371	0.0562170338457531	0.0489811122612797	-0.0764528329527079	-0.0293829451553854
PG00908	0.053535766268259	-0.00312366657827222	0.00225156092557497	0.0311506193948805	-0.0449058612374556
PG01191	-0.0493937182539715	0.0449784453056875	-0.0138165621809054	-0.00815370718170965	-0.00890086763975461
PG01701	-0.0518514253629877	0.0420013839289074	-0.0120679807797452	-0.0406263664862897	0.0239296867485744
PG01385b	-0.0108862755122879	-0.0277453514009529	0.0833278081263078	-0.0617813620670787	-0.0415628864914529
PG01654	0.0548182311911024	-0.00688209911022326	0.0199276930388669	-0.033470662615492	0.0310423863685771
PG01143	0.0580678906750745	-0.00845043286641336	0.0153487330611179	-0.0049551278945959	-0.00946043687604785
PG01750	-0.0484086544884964	0.057484054143959	-0.0302929315622782	0.0114368128679658	-0.0102307010606303
PG00749b	0.00565403444798829	0.0210398011792127	-0.0524567681921355	-0.0775606400765189	-0.0529144331182398
PG01442	-0.00852433620322473	0.041173731309095	-0.00348322661268313	-0.0433942580474161	-0.063425035453029
PG00054	0.011255373242049	0.0846185748256385	0.0056442038481407	-0.0421084104196757	0.0507234776494574
PG00414	0.0547296780268195	-0.017126302475086	0.0188288646537569	0.0205537323663563	-0.0117704624989205
PG00922	-0.0139396533084169	0.00302364156451804	-0.0399692376086005	0.0933703780682193	0.0882310298542578
PG00702	-0.0537321783743273	0.0356308713763147	0.0101436478397584	0.0152802042456636	-0.00315118816890246
PG00986	0.0552847781693266	0.0114068814565662	-0.000896074998090335	-0.0368754459900356	0.0204981661012671
PG00377	0.0507131895108864	-0.0460078081993794	-0.0152919073023063	0.00909630026814688	-0.0235557144518019
PG01046b	-0.0422809850085352	-0.0216851752389177	-0.0115976011843055	0.0309565550013423	0.0820360870435918
PG00129	-0.00981211322871456	0.0415752388998721	0.0494373634352932	-0.00172751644562396	0.0355748075387808
PG00975	0.0443292475385316	0.042884542806716	-0.00253681040845691	-0.0291433644471156	-0.020030892038245
PG00124	0.0311051921236908	0.0814476360289771	0.00097684167792824	-0.0392831469837058	0.027383963647089
PG00391	0.0504305713333486	-0.0275508037113176	-0.0249418894027275	0.0247676106651024	-0.0319777303777208
PG01270	0.0517759083002719	-0.0296535695754637	0.00883509019860034	0.0131817136142515	-0.00888874251261126
PG00166	-0.044900102746596	0.0562233080414633	0.00700441607133755	-0.0102449754493795	-0.045985681095828
PG00273	-0.0587862028956232	-0.000551655147787733	-0.0170107219329072	-0.00651737112353258	-0.00293315383583313
PG00126	-0.0359527323804985	0.0581217243847311	-0.0484103067220551	-0.0365170406597579	0.00511027575393526
PG01580	0.0524596474013768	0.0407528285153712	0.0141167038335594	-0.0258166198030972	0.0187602781602063
PG00605	0.0381643152687695	-0.0444321119067613	-0.00219749539831398	-0.0506523825512348	0.0500809378614625
PG00772	-0.0510378974393075	0.0161712571137576	-0.0152758636525108	-0.0477168222313327	0.0271634719942181
PG00535	-0.0454422806366694	0.0154605568743184	0.0459196853738074	-0.0110605947800782	0.0524869126386526
PG00629	0.041870276540356	-0.0636735723546921	0.011444845411895	0.000930756634943599	0.0121007528678107
PG01421	-0.0505617717995102	-0.0216880771987822	0.00563230536632329	-0.0341362021786521	-0.00276811928840435
PG00873	-0.0537060435506791	0.0384980664681479	-0.0100999202104889	-0.0167730217473699	0.0100765913640348
PG01596	0.0469770184116362	-0.0354635642230876	-0.0175178058486908	-0.00290862019765237	-0.0189480020797291
PG00720	-0.00832172173208368	-0.00751501609744879	0.0858106017608194	-0.0123637491854652	-0.000497198383271095
PG01294	0.050862755573413	-0.0455563239824665	-0.0052158760889817	-0.00504779686554757	0.00794000627437594
PG00674	-0.020873449510129	0.0206170311529598	-0.057035094829358	-0.00515627255906532	-0.00041880960147209
PG00813	0.00112520804975743	-0.0309991292347007	0.0738893821816027	-0.00993921781712944	0.0254623371514338
PG01199	-0.0528209071727021	0.0375615745119011	-0.0050735365367666	-0.00352106411575724	-0.00551126672779937
PG01391	-0.0527068618721657	0.0344259144058826	-0.0125786294328372	-0.0172035194390274	0.0099501474736121
PG01084	0.0074556793265127	-0.04879613782668	-0.0241762373703865	0.0256393251910729	-0.00658592189728332
PG00764	0.0459917416560578	-0.047305125125731	-0.0133725066689628	-0.0178399489641029	-0.00193378786555635
PG01281	-0.0474305521572389	0.040567317448343	-0.00348611441173852	-0.0276733408420527	-0.00599312824492762
PG01006	0.00689617024828938	-0.0121267855313651	0.0823535712851095	0.0196237819433884	-0.00894627838875717
PG00327	-0.0180502304256642	0.00805902508628011	0.0453641689021974	-0.0163326572472395	-0.0422631020725132
PG00156	0.0254592566166879	0.00342056319757332	0.0389458195439058	-0.0408466460796504	0.00609835410807267
PG01551	-0.00539633758834728	0.0429013215623576	0.0603472857066653	-0.00633377606394302	-0.0867343754962379
PG01818	-0.0020900310992399	-0.0208923338438178	0.0642416261517236	0.0268896179304426	-0.0610238700528567
PG01247	-0.0432393973786069	0.0565428386586777	-0.00461973493887002	0.0156703031071957	-0.00738025244426395
PG00091	-0.00138749360878273	-0.0275246226710111	0.0601185016256692	0.0299158443141113	-0.0297799807849747
PG01514	0.0452338919151038	0.0492966919381701	-0.0145241153939167	-0.0334185334123296	0.0110939575943019
PG00593	-0.00815081681920687	0.0531727941247068	0.0488613899586692	0.0160190306031709	0.0443344742172684
PG00440	-0.0194827616926261	-0.00282444368491452	0.00579146138521309	-0.0206880774788535	0.0093284235954005
PG01186	0.0481563731435197	-0.0222006936686684	-0.0068023338161937	0.0029243940813166	0.00213920073657702
PG00267	-0.0425714722329081	0.0515845378747075	0.0107548372696153	-0.0154938698525452	0.0082620044866823
PG01330	-0.0117304295641685	-0.00712336413405223	-0.0621000986907736	0.00519259706133499	-0.00845613117286103
PG00931	-0.00971381036567901	0.00490794334182012	-0.0592260171873558	-0.0768627080220794	-0.0638905363838915
PG01694	-0.0457927357107111	0.0404207525290259	-0.00527755304741957	-0.0228202605161763	-0.00106175657543675
PG01024	0.0150658543124159	-0.0367814718686981	0.0345930590674821	-0.0246376005694986	-0.017782934427024
PG00653	0.0182467853030819	-0.00186325727746646	0.0251481773001497	-0.0716378578371314	0.0056603618131037
PG01578	0.0244756905132996	-0.0486902382198022	-0.0718188602177468	-0.0396266396723348	-0.0474897047457466
PG00436	-0.0507595645981719	0.00583758272587993	-0.00338500229170525	-0.0227612788576037	0.0405361787405209
PGSHARED0073	-0.0268194737846167	0.0656582430403757	0.0497236228280692	0.00537656336796903	0.0385110198069779
PG00342	0.0469461885118425	-0.00733954064956392	0.00749660278584334	-0.00308837510801402	0.0162447977405224
PG00202	0.0219950068312735	-0.064825882961017	0.00697615726071911	-0.0594623875122136	0.0628606882374909
PG00385	-0.0137357314867193	0.0143653593548828	-0.0347810111935193	0.0236976744298484	-0.0161116266364924
PG00937	-0.0508451714718946	0.00541310977057399	-0.0311029855641568	-0.00933791220084754	0.0284144541160481
PG01646	-0.0263067975892153	0.0721848621964916	0.003196684402131	-0.0138202156570289	0.0250921722286853
PG01730	0.0383033235664737	0.0162919802858832	0.0488061323152855	0.019827343174653	0.0574773189493327
PG01691	0.0486021332045266	0.0174874183447869	0.00741283040319695	-0.00319677324635017	0.0198100578666243
PG00906	0.044975868740674	0.0186296465585471	0.0159196223518213	0.0281522291754458	-0.032259822342434
PGSHARED0014	0.0473710848383993	-0.0382173645338966	-0.0110883631763855	-0.0169718290480744	-0.0257577574713388
PG00234	0.0385041686978444	-0.0317906488869688	0.000234810851925872	0.0160225536203241	-0.00228875647760401
PG00495	0.0455900049571208	-0.0408394463991789	0.0199723956564993	0.00698173718224231	0.0331622199886315
PG01117	0.00963828721696495	-0.0135241456147251	-0.0596275658636154	0.0479607048130133	0.0303027737353743
PG00112	-0.0262175319302168	-0.00525575858346031	-0.0590118604866395	-0.0535441889104282	-0.0113666982906526
PG00410b	-0.0363243199270454	0.0309293895356929	0.0518846802952185	0.0164046412321039	-0.0276766010837084
PG01031	-0.0444807494012818	0.0432407903868278	-0.0139694128749508	-0.0318717371453041	0.00220122279680708
PG00066	-0.00291687007631083	0.011585937744639	0.0735429301442058	-0.014547424839832	0.0769451820712428
PG01291b	0.0251646954152757	0.0626613432925287	0.0290224485306105	-0.0258914936432175	0.0260002120334384
PG01222	0.0201031882870027	0.0719892738488964	0.0169778191342844	-0.0514441703456508	0.0182654648722552
PGSHARED0015	0.043176609811381	0.0473307018348434	-0.00467516326907653	-0.00286229350814737	0.0298481860697011
PG00905	0.0451256865734911	-0.0109798866227746	0.0078852033040838	0.0165316625391311	0.0269539929918407
PG01353	-0.00325037011348571	0.0102461539713554	-0.0243563635175882	-0.0421336360033676	0.0854236255526322
PG00502	0.0364985504883658	-0.0455733006665699	-0.0217000716515587	0.0312861938666712	0.00839284965422963
PG00461	0.0276848660640229	0.0660287254013908	-0.0134899056390419	-0.0499505126759746	0.0370114157962465
PG01827	-0.0432124189641411	0.0394116468750959	-0.00823834270118042	-0.00121788647323719	0.00876590181453607
PG01773	0.0407869922560143	-0.0357356968185761	-0.0133238826678846	0.0123379390073556	-0.0517260738589874
PG00641b	-0.00198651908257578	-0.0312198155311105	-0.0735351554112019	0.061869160581915	0.0381730097831395
PG01608	0.0346597507421845	0.00195883945822919	-0.00528396055060554	0.0292442166261239	-0.0156592934654242
PG01126	0.0446898255976982	0.0132809513846359	0.0197347557981383	-0.0157369934462187	0.0109753722562114
PG01515	-0.0207347168375629	-0.0291751050488763	-0.00860594380209918	0.101755475412948	-0.0380358190386687
PG01144	-0.00874526671221571	0.0472060587942169	0.00934245608656239	-0.0519848260457099	-0.0272943455385148
PG00206	0.0207175972302427	-0.0342256106595034	-0.0876701929454917	-0.0471556949760021	-0.00635365053439855
PG00935	-0.013133687329464	-0.00838568591418317	-0.0383659942531913	-0.0796747112092776	-0.0640907940379123
PG01173	-0.0141620965215745	0.0147537046559894	-0.0154032928512444	0.0847062263510779	0.051434645847274
PG00741	-0.0134259454416454	0.00737330869737675	-0.0505030872861052	-0.0755031534305486	-0.0663824090205407
PG00082	-0.0128926888836384	-0.0507531532592179	-0.0121938318908088	0.0298250196811563	0.0136139515794022
PG00258	0.0466072194496502	-0.0334704054762334	0.00403368481744597	5.11323591346675e-05	0.00458921253821017
PG00718	-0.0184787146093315	0.0257309084406537	-0.00609910952147467	0.00876979829269136	-0.057401993861614
PG00241	-0.0426001851993853	0.0436055804163547	-0.0188168921592748	0.023875761346373	-0.0105704576678952
PG00321	0.0460078001134397	-0.0280654922223199	-0.00691605636666651	0.0129339050536461	0.014416599848493
PG00574b	-0.00905039468624624	0.00506119825521924	-0.0357228593786606	0.0781722040242816	0.0520347829487523
PG00869	0.0378104523223802	-0.0342626361433772	-0.0401792620663289	0.032376266398826	-0.0462388815061111
PG00367	0.0109145752906986	-0.0369147625203714	-0.00227551067629015	-0.0516940650572989	0.0738031189947771
PG01088	-0.00915219860729015	-0.0135161992047092	-0.0384189463290345	-0.0749569268133041	-0.059592813020747
PG00763	-0.0116218163689238	0.0168190364100479	0.00377653463472417	-0.0458451682419147	0.0578242875835096
PG00774	0.0482163021819312	-0.0164689437906708	-0.0422624373402866	0.0194914044792974	-0.0128922228613356
PG01829	-0.0292921318371032	0.0655722162360971	-0.0148121642374201	-0.0183501621643822	0.0115674128782559
PG00679	0.0432446049109819	-0.0391080136186327	-0.00230345029338171	0.0180067173408084	0.0150990817917422
PG00309	-0.0282740212232956	0.0525399641207241	0.00882765096555373	-0.0170892937524508	-0.0022007801983293
PG01385	0.0439169275509835	-0.0150152148865776	-0.0071873662628533	-0.00090911934242424	-0.0448347063070991
PG00391b	0.0452303011776709	-0.00724164450053059	0.0100699821455124	-0.0162417817874819	-0.0209118940861583
PG01263	0.0298169438192858	-0.0074894758573228	0.00796051987060939	0.00209549210254752	-0.0027681181869146
PG00080	0.00533808758401245	0.00568128214436595	-0.0376797215177212	0.0824055788044699	0.0339468132702504
PG00262	-0.0361674419458273	0.0506180857339245	-0.00741476415780371	-0.00607302638927414	-0.0353941909046893
PG01209	0.0432082239923558	-0.0282275498205029	-0.0227986303896544	-0.0171747051948201	0.0143252862950783
PG00346	-0.0438364101982325	0.0149637998448876	0.00825808940538394	-0.0199622451410656	0.0475805955780224
PG01266	-0.00943084048794971	-0.0100942864322395	-0.0578839161174377	-0.0265704323995746	-0.0423841421161126
PG00307	-0.0184694076262198	0.0124975286857917	-0.0617094608093829	0.00552974751791967	0.0256238509443051
PG00164	-0.0290053779111825	0.00246155171736791	-0.0549807955452575	-0.0319564108401978	-0.0487622386213517
PG00002	-0.0179610684697694	-0.00320975945403956	-0.00796196094199919	0.0492599874497093	0.0346810014664856
PG00757	0.0471554329239525	0.0125647310915541	0.0113328440479872	-0.0121611187968037	0.0205431834093617
PG01657b	-0.0369986471585324	0.0515330444228243	-0.00349599490590811	0.00830272160543267	0.00419635800061177
PG01451	0.0307550548217124	-0.00913609456580647	0.0133644666028183	-0.0156937165178879	0.0785569599246927
PGSHARED0047	-0.0358289374595539	-0.0352072762632404	0.0329128893970552	-0.0154864128632128	0.0010601392961956
PG01165b	-0.0387362524848772	0.0501192199620459	-0.0334747895364498	-0.0209412179165997	0.000834013432892999
PG01389	-0.0458944072116506	0.0233279878185129	0.0108508343606566	7.25166448825932e-06	-0.00123683936524977
PGSHARED0058	0.0416110744338924	-0.0405264258861873	-0.0228341350362256	0.0151408108204673	-0.040175575869188
PG01049	-0.0373505095068594	-0.00680446228843716	0.015510101228811	-0.00694086678351493	0.0654338368940748
PG01113	0.0421961305696615	-0.00526561462721466	0.0101143566453604	-0.00656910802601976	0.0287882457778712
PG00966	-0.0182094645067102	-0.000335497059864486	-0.0417812019004932	0.0136841987341085	0.00745390694818114
PG01317	-0.0204823249824572	0.0713662096466686	0.0105417131041525	-0.00318864734573319	0.00541504110386003
PG01570	0.0450043839672663	-0.0255887037107001	-0.020177404500087	0.0131739471098046	-0.0201028421534307
PG00218	-0.00622195129188177	0.0273742420847927	0.103387317951571	0.0320787070641125	0.036286494253351
PG01635	-0.0382654454228105	0.0496777524818868	0.00126947330750007	0.00989289838502501	0.0015089724297616
PG00170	0.0216993568480372	-0.00764245253251335	-0.00752638647158954	0.048098541296075	0.00707551825633063
PG00900	0.0328329549005061	-0.0390275712532901	0.00974749694102587	0.00538229076951077	0.00110152214207542
PG01759	0.00720132843648188	-0.0158219285321841	-0.0366429067292094	0.00517711828557752	-0.0114742391749594
PG01094b	0.0169705970806359	-0.0253611979419353	-0.0205181873965251	-0.0213030738940363	0.0474088430251487
PG01333	0.0122869972789015	-0.0510732461461088	-0.054497400244269	-0.0603867394461907	0.0107340160516105
PG01552	-0.0149913684652547	0.00486453289213717	0.00468136702907057	-0.00604228668977804	0.0313822205523833
PG01536	-0.0327180792881737	0.00670434112155793	-0.0277336989821835	0.0116655600777735	-0.0190047911562935
PG00677	-0.0305714417131293	0.0326140346457098	-0.0166933824497295	0.00238799368356101	-0.0239689966158069
PG00144	0.0362874604255141	-0.0371076368587574	0.000421185641510296	0.0102349957402401	0.0178689738662617
PG00697	-0.00252927642543531	-0.0124722827713007	0.0201808269031271	0.0290809497146234	-0.0657874948332903
PG00150	0.00146094935133845	-0.0397250432900982	0.0222825905561693	0.0126885567725493	0.00672688949338868
PG00013	0.0411283750295382	-0.032949014192934	-0.00552149456683896	0.0158218614243181	0.00383143196992853
PG00195	0.0370522337750131	-0.00571411040990494	-0.0115463557935306	0.0224631248181703	0.0320594506101819
PG00113	0.0280248596349964	0.00367425347397911	-0.0116340052240601	0.0629478802094485	-0.0867312742713559
PG00079	-0.0143658056496293	0.0345005618227599	0.0729389249186374	0.0498172238305998	0.0285337980226782
PG00974	-0.0387752460466144	0.0254162203614594	-0.0136783288778883	0.0234682215512735	-0.00196434028067867
PG00840	-0.0381862953780271	0.0369274433260987	-0.00986754975490118	0.01745302412392	-0.0194632513268896
PG01248	-0.0422272750079461	0.0299508769539447	0.000955004410124989	-0.0211205714062508	-0.0033053211042368
PG00158	-0.0114137742551618	-0.0011745376375029	-0.0124570977278619	-0.0169479470054711	0.015297074112323
PG00955	0.00394636604505099	-0.043350887092218	-0.0179723729968823	-0.00934789451415508	-0.00841212725721743
PG01056	0.00448080614197594	0.0770929932282262	-0.00874756869605003	-0.0385250552070157	0.0142122308987296
PG00089	0.0340306271312419	-0.0456607038074015	-0.015967979709941	0.0132805989148099	-0.0158128869510727
PG00793	0.0239731727277201	-0.0522728787784164	-0.00659351737982097	0.00605158122712753	0.0135773679945759
PG00626	-0.0368357847928155	0.0414388856039345	0.00522436751113796	-0.00958756661117748	-0.00534266621743897
PG00524	-0.0342381875192273	0.0390486393400744	0.0355454487726834	0.00577061389743041	-0.011970506141778
PG00174	0.0338027086402654	-0.00535795398396015	0.039225975948973	-0.0224410944579238	-0.028392025273624
PG00271	0.0208045123974173	-0.0157863192753608	0.00195135993565302	-0.0182604183130758	0.0239264169137149
PG00405	0.0416692319578174	-0.019511521001947	-0.00648401086142905	0.00472550135990523	0.000967259692131342
PG01439	-0.0158199743777951	-0.00507691347656097	0.0496273872660349	0.00426230083548846	-0.0192215977048636
PG01376	-0.0358528020836493	0.0396995660024212	-0.00942958685715979	0.0033234429870131	0.0227178737335712
PG01319	-0.00518785149537017	0.00256537254972343	-0.0141465177070748	-0.0238106211378668	0.0545446137204692
PG00555	0.0330578043191288	-0.0231353024420256	-0.00183951072401749	0.0355050545226864	-7.75974080737212e-05
PG00376b	-0.0422056115181834	0.0275694029199486	-0.0260168600066745	-0.0281425512572678	0.00729923899991533
PG01067	0.0362425828983702	-0.0488482915755714	0.0160023729915982	0.00741423442218849	-0.0120841187848152
PG01315	-0.0179033584195841	0.0644879437626746	-0.00530510200765521	-0.0301522490750705	0.00326504213556614
PG00376	-0.0361707727660088	0.0258883308333649	0.0061703810871581	-0.0212484153883806	0.0020189493981305
PG00794	-0.00500075631093502	0.00543108667788174	-0.0346542686676195	0.0121513691146081	-0.0300688691803148
PG01410	0.0131337894501568	-0.0196105695741874	-0.0432979730363372	0.0455945073814663	0.0286461231722575
PG01634	-0.025317581093394	0.0494365913347071	-0.00545639984743441	0.000778201657448559	-0.0162913449796684
PG01077	0.0297481542359745	-0.0180931783185749	0.0344511297742462	0.0420274183450952	0.0209959999830011
PG00357	-0.0426924937919139	0.0277224402018088	0.0047072055271362	-0.0272346694990904	0.00224765334098724
PG01831	-0.0354796791403733	0.0313723734184738	-0.0166751993504323	0.024007990724447	0.00590613708363393
PG00918	-0.0327569724109487	0.0288252090488567	0.0268617630895961	-0.0191743595270571	0.00208711757451577
PG00790	0.0340154067397918	-0.028094240686142	0.017945363064955	-0.00436461118651452	-0.0475701233009236
PG01182	-0.0033145951975258	-0.0235790923877111	-0.0679595383042272	-0.0523457561808647	-0.0241781602071213
PG00971	-0.0386411980211832	0.0313954803355452	-0.0231530949567267	-0.0124423808671238	0.00397509844126356
PG00682	0.0411684215499626	-0.0164660051109342	-0.0117731362669011	0.00279062836609724	-0.0136298260091783
PG00005	0.0272000433433048	-0.0390928925019248	0.0228258693968553	0.0136751264888305	-0.0305866867044624
PG00485	0.0374039267328087	-0.0441381598321602	-0.000311167812785475	-0.00267326216881243	0.00356941928221944
PG00097	-0.0367816045920568	0.0352347738670518	0.00870236980620535	0.0238615856621067	-0.0167600101360929
PG00737	0.0238652690512253	0.000852256088041572	-0.00874338279352606	-0.0609241618709288	0.0638265713815376
PG01303	0.0221438979676565	-0.0242515587206623	-0.0751496875645313	-0.0227774980304883	-0.0319509785245567
PG00036	-0.00817371955644909	0.0288754346619668	0.0798312913461887	0.046820429206133	0.0198562724111867
PG00410	-0.00885608525050442	0.041168500320906	-0.027020429406554	-0.0333050275779848	0.0121040503446769
PG01182b	0.0257838541773099	-0.0361879234402587	-0.0677547032015182	0.00670210986396747	-0.0283838000278099
PG00759	-0.0226956239733686	-0.00582384378412622	0.0399864535242635	-0.01251128406227	0.0446203095012867
PG00686	-0.00763480202073329	0.0333783283670889	0.0480646750335668	0.0116422482178697	0.0385461513104545
PG01817	-0.00741273113416092	0.0387976682328307	0.0445981545606442	0.0473714341127762	-0.0244782300292937
PG00802	-0.0317987081678366	0.0317143623915253	-0.0169976132526682	0.0285752870846573	0.0149351141450467
PG00302	0.0311206259977124	-0.0455159427715007	-0.00407337413174506	0.0365549374843312	-0.00277547024293796
PG01176	-0.0190749873605078	-0.0340075693905749	-0.0171785356722411	-0.00273829943458424	-0.015213648715864
PG00506	0.0374901375646425	-0.0211927151728602	0.0321558403567436	0.0305411705775379	0.00977763471086673
PG00418	0.0279324762495733	-0.0413203832802418	0.0010364238402999	0.0245737495026768	0.0075264790410259
PG01786	-0.00633704941582202	0.055920326230383	0.0276313156959915	0.0516078827035708	0.0377903207562542
PG01688	0.0348356964424081	-0.0241677372425088	-0.00429611821577988	-0.0252162719459107	-0.00231890681359743
PGSHARED0005	-0.0343388873593642	0.028941733113777	-0.0273730252817496	-0.0138374009496441	0.0334593961746445
PG01356b	-0.030880993077809	0.0495061405779586	-0.0138514991174187	0.00578161592111122	0.0141355565862773
PG01027	0.014457650801629	0.0166575483334178	0.0372686014585745	0.0411713289748972	0.0305743595761609
PG01714	-0.0392563321284942	0.0169134945760041	-0.00416495031868643	-0.0201557851139326	0.0057629234558209
PG01061	-0.00774111340836786	0.0247368254898399	-0.0168174944171823	-0.0328109677202402	-0.00929003962823126
PG00408	0.0150494388210655	-0.0367964286957975	-0.0486153948224073	-0.0430089818424666	-0.00749440470102044
PG01572	-0.0361412487180681	0.0162499952561041	-0.0107662151392918	-0.0218884313141608	0.0240348007026644
PG00866	-0.0402052696121357	0.0314558952492475	-0.00581379700334194	-0.0112874616595261	-0.0166034705371814
PG00888	-0.020592757310337	0.0452774887895014	-0.0392734035264808	-0.00953298804018036	-0.0357702483487371
PG01507	0.0181573644984552	-0.038048682669889	0.0191985906720877	-0.0323800453504643	0.0407154036414141
PG01593	-0.0013823367412412	0.00801016378794136	-0.0487684409560659	0.00335367460589749	0.020576683391903
PG01002	-0.0218270057700839	-0.00075587200055319	0.0099283587660697	-0.00838099391716637	0.0294990802016815
PG00886	0.00657491203559097	0.0246019952614714	-0.0458361735227161	-0.0217341188356882	-0.00395771011107576
PG01409	0.0147045287023032	-0.0376359755908634	-0.017529617296157	0.00504440267983471	-0.0244661268801586
PG00087	-0.0111508492435424	-0.00410834557252074	-0.0200447108338865	0.0118799758834048	-0.00962503200007469
PG01668	-0.00735059449417373	-0.0113090612853643	-0.0443731669180333	-0.0328429815549398	-0.0440883244610149
PG01149	-0.00259863404335002	0.00600758007181372	-0.00257602917478643	-0.00423326528775741	-0.0521070162908029
PG00379	-0.00186743380534858	0.0135664753459458	-0.00422568768353172	-0.0486787101068769	0.0721599575146739
PG00123	-0.0253022183949399	0.0354811663991379	-0.0226909772409415	0.0240186943013787	0.00249732654547417
PG00481	-0.0371572534815942	0.0258532678819772	-0.00818353841586146	-0.0173834312554945	0.0197024599625743
PG00156b	-0.0255466181487337	0.0135830954535505	0.033879138554546	0.0490899624563598	-0.0158613489850885
PG00643	-0.0369296360323016	0.0297621366960154	-0.0100043571833343	-0.00443559572449627	-0.000410262787181015
PG01358	0.00143693323454168	0.000496340959868602	-0.00469478356297583	0.0281627118761517	-0.0741086039403163
PG00169	0.0199882302806074	-0.049961036608143	0.00651004449728852	-0.0192637222725739	0.00205027336601907
PG01327	-0.0383213642281751	0.0381327251929702	-0.0182091551784517	0.00683471032652696	-0.00229850806708027
PG00078	-0.0177725295364329	0.0180779124108559	0.014866502487619	-0.0328378728983938	0.0350751585137507
PG00287	-0.0311198624154046	-0.000434737408638585	-0.00345054647096447	-0.040758567410735	0.0617751767788038
PG00503	0.00302865591700985	-0.0066845016467985	-0.0542240355987719	0.0615761608205414	-0.0564685932712546
PG01044	0.0234520892495709	-0.00142091529605439	-0.0198053455775686	-0.00692455520897549	0.0334480168979447
PG00564	0.0219878356763293	0.0196732879867736	-0.0367178221425204	-0.00189127603887257	-0.0209998512005017
PG00146	0.0186042699504081	-0.0173143503046896	-0.0196815165259018	0.0608451503104424	-0.0342884001915144
PG01479	-0.0217887073089388	0.0438215004772396	0.00195507368169242	-0.0632003780558128	-0.00879769976138692
PG00903	-0.0074393253835586	0.0145061358378434	0.0120986307197587	-0.0410324864331705	0.0159863822067185
PG01518	-0.0306732405140732	0.0291514940691329	0.00464617409611748	-0.0502589830499189	0.0339042469760553
PG00822	0.0160896809063317	-0.0199190272777897	-0.0454693285007859	-0.00436064626971703	-0.0284702874064128
PG00456	0.0118743902813807	-0.0184476624606936	-0.00503667362137533	-0.0285048170227414	0.0257925421301559
PG00500	-0.0345787483343076	0.037826317151707	-0.00122843522187319	0.00761065065730216	-0.00933211065225707
PG00783	0.0316317443876481	0.00486917104307782	-0.0123599369770949	-0.00105650254426008	-0.035265467119
PG01482	-0.0264762252187568	0.0461956199957391	-0.0161496775487694	0.00572577094214753	-0.000312950864527991
PG01667	-0.0151810778757361	-0.0359143942071439	-0.0232353766094306	-0.0427186077937087	0.0491944866193464
PG00305	-0.0261101961306365	0.0516146204571008	0.0235204816487487	0.00773102416053861	-0.0134398920357691
PG01807b	-0.000751095776005389	0.00422859026009704	-0.0464779533531159	0.00215424737233066	-0.00106375373805228
PG01705	-0.0338072747260868	0.0262645989459704	-0.00411944049310773	-0.0196096925605625	-0.0116046423297516
PG01262	-0.00980427616975817	0.0415832025265379	0.0127746527321169	-0.00111281177199419	-0.00755691434964475
PG00184	-0.00209966709516862	0.0363413844846646	0.00769059734235718	0.0257970746688611	0.001032874301158
PGSHARED0044	0.0329800859976444	-0.0355736910263025	0.0361981703317402	-0.000299816976979746	-0.0150680120838388
PG01134	0.0247818993878526	-0.0401272519535628	-0.0293192781222284	-0.00577569588463219	-0.00716829808161306
PG00827	-0.0334229192516307	0.044846043679282	-0.00221035998729564	0.00935966564776349	0.0052510811917359
PG00462	0.00875679711759889	-0.0242543137564899	-0.00728603096916931	0.0663814315507308	0.00889164712274399
PG00533	0.0258626665617789	-0.044909643952047	0.00516290818385997	-0.0213131783252358	-0.0217979492466551
PG01041	-0.0363213114390667	0.027095030892279	-0.00337548988886529	-0.0224701310333278	-0.0134420992053026
PG00635	-0.0333747027830977	0.0228720334281742	-0.00668578777358406	-0.0075611732670006	-0.0263036367436361
PG00435	-0.00984784407459373	-0.0105922555403242	0.0406450586857591	0.00258607214061734	-0.0113469060371306
PG01338	-0.0293571857762006	0.00653137085598986	-0.018424133935465	-0.0421307860809127	-0.00874039824897508
PG00086	-0.0321713335740185	0.029686299711257	-0.0229702751482796	-0.0139044318898174	-0.0131206053521449
PG00121	0.0270679705925629	-0.033668359763685	0.00527970190494334	0.01497723676419	-0.0236518812661063
PG01724	0.0194910309162317	-0.00331033428691919	-0.0114101443011173	0.0213920262875972	-0.0336252427224453
PG01639	-0.00158561348171803	-0.0221135919803576	-0.0510186520127491	0.0219926586096433	-0.00882062731724116
PG00506b	0.0291429927555223	0.00272307319198165	0.0349600656201163	0.00695321345058025	0.0256781945487632
PG01178	-0.035035104405399	0.0198404849334396	-0.00197881199226198	-0.0193680253049129	-0.0356543073539316
PG00725	0.0271075065852771	-0.03794967179347	-0.0478387890933975	-0.0114702934615605	0.0122424219378527
PG00513	0.00321328205210887	0.0592537798301188	-0.0197764429168405	0.00528163602253845	-0.0230240325023221
PG01495	0.0138195124671118	0.0039778113655306	0.0535422763335766	-0.0216833813798642	-0.0123484163504441
PG01627	0.0243300103303896	-0.0332706942039474	-0.0108305073848792	0.0135873872462019	0.0171385922729318
PG00744	-0.0294756362173747	0.031087039416634	-0.00272728905616761	-0.012900073332446	0.0225265781503942
PG00151	0.0117151006148701	-0.0359281871987786	-0.0284761283965372	-0.041520584697336	-0.0407026631341913
PG01664	-0.0188085619474676	-0.0350570141503456	0.0147018997623637	-0.0350243446774732	-0.0134190888352262
PG00058b	0.00797342611722812	0.0487350301914558	-0.00167888882024678	-0.0350710932326541	1.36642326159523e-06
PG01021	-0.0219718690173962	0.0437419964022826	0.0171032468019178	0.0187484507670927	-0.00197073892607453
PG00841	-0.0339470648658463	0.0365609402859485	-0.0115452307798052	-0.00441551406769382	-0.00931037651917509
PG00691	-0.00872466248463912	0.0163933268587277	0.0689595401288476	0.0201535670646767	0.00755971429684298
PG01657	-0.0312314129770346	0.0334948409492278	-0.000421620500534493	-0.0235937334236373	-0.023423800412845
PG01401	-0.0327838460173609	0.0261432032026074	0.0196848433783891	-0.0221967112964429	0.0114308679420168
PG01321	-0.020447799834525	0.0279133260933994	-0.0164136476696755	0.00174502043659009	-0.0165830774774212
PG01538	-0.00606763687994171	0.000302701958211979	-0.0595688182803877	-0.0050088564922354	-0.00102918125190785
PG01708	0.00565044861745932	-0.00818386942904738	-0.054090210432104	-0.00182503092386014	-0.014345338096562
PG00607	-0.012372053705029	0.0107707310263177	-0.0389155812461674	0.0124056584704697	-0.0250518451518872
PG00871	-0.0269394844087214	0.0185736603367687	-0.0371296220256963	-0.0299260704367387	-0.00481614380096141
PG01009	0.00528196445410158	-0.0171222260156438	-0.0624804831149038	-0.038507869294838	-0.0489896439290554
PG00861	-0.0246573474511453	0.0392574512911067	-0.00517310838874187	0.0141285252221152	0.0222083870551329
PG01612b	-0.0228454485434186	0.00680746438465245	0.0330678262347024	-0.0303539412996273	-0.0105940234389404
PG01744	0.0160252797019086	-0.0151275842770542	-0.0350794676889445	-0.0168372326761658	0.029752147880143
PG01560	-0.0280735247294757	0.000386821742900353	0.00331002530600059	-0.0395707144506611	0.00163847953634447
PG00700b	0.00865583570896362	-0.00420100229694386	-0.0520210495849739	-0.00552840052668439	0.0263023136721999
PG00191	0.012968701937406	0.0162723933166977	-0.0240758134554809	-0.0162896281294789	0.0404741626577762
PG00898	-0.0162254156214126	0.0455218313586149	0.0341499773801233	-0.00933073852490721	0.0145195712936646
PG00610	-0.0261130008628249	0.0208005949463544	-0.0128158480652006	0.00862362645617225	0.00768039794251322
PG01081	-0.0176909968826677	0.0442800087563967	-0.0356867853029661	0.0279710330517033	0.0276558761650755
PG00678	-0.0238680522243747	0.0387434960772202	-0.027124266457667	-0.0125686270601095	-0.0211492747335277
PG00242	-0.0136609110032875	0.0298888005983138	0.0121038581126694	0.0391679500526907	-0.0239876512760932
PG00137	-0.0258096806441044	0.0230881729123333	-0.00265322983613948	0.0362628839448507	-0.0195939588454298
PG00956	-0.0162366506715936	0.0264972835331576	0.0114543167370213	-0.0105783980785695	0.00913002232207303
PG00352	0.0207713466755627	-0.0296963456623775	-0.0331540774456107	-0.024372656806854	-0.0160141316700725
PG00046	-0.0164379392499018	0.0386537031946395	-0.0202829181131842	-0.0340033824290646	-0.0101346080364782
PG00879	0.00344251353844047	0.0214547713721188	-0.00557620707529863	-0.0104792655618852	0.00387773505883734
PG00647	-0.0201982525666308	0.0302858271185614	-0.0157799865175105	0.0124127880088252	-0.00912930673850372
PG00199	-0.0186017237007557	0.0508072901305636	0.0147996832903247	-0.0064962227660605	0.00404715053365164
PG01164	-0.0153102332294029	0.0389656851679228	-0.0166256584916535	-0.00165001949932908	0.0150864152902229
PG00015	-0.00505081596400006	0.00332717782848671	-0.036812634206848	-0.00102659073339242	-0.0163124763533137
PG00296	-0.0113914747307813	0.00197797896976555	0.0278091239855132	-0.00734078181391394	-0.0202960120243378
PG00929	0.0291646117299325	-0.0225085233536585	-0.0108792925657009	0.00102467343685461	-0.0298375660220133
PG01157b	0.0292571629103529	-0.0178824184112487	0.00104918530914877	0.0278352354730141	-0.016623695435063
PG00444	-0.0060066469668482	0.0324266359798622	0.051010414879907	0.0510454140695106	0.0147791329934027
PG01177	-0.0329919162775508	0.0211078876655054	-0.011097387722334	0.00592092585377332	-0.00982626558584278
PG00559	0.0301053553575951	-0.00774271305767321	0.00716630180444536	0.0250334064227689	-0.0169751642527874
PG01091	-0.029725209456942	0.0269960018961263	0.0121320365044626	0.0238046438282864	-0.00654748958105942
PG00460	-0.0333334051792528	0.0174383422935941	-0.0129636265203484	0.00182129878437892	0.0169726043083691
PG00965b	0.0153109485744235	0.00753383422339365	-0.0257783118581453	-0.0528740281569029	0.0169931299109309
PG01582	0.0092133743407638	-0.0119167952038	-0.00134600300172887	0.0332045394783932	-0.0594845880965199
PG00620	-0.00965110827501839	0.0367595859703427	0.0227935679485036	0.0338474725361867	0.0179833558657361
PG00514	-0.00247011244580598	-0.00143897703197194	-0.0223218794046816	-0.0485438352656397	-0.0123603853427659
PG01481	0.00701681018793016	-0.00816834269797678	0.00727563290427016	-0.015411237513689	-0.0535093951374853
PG00852	-0.0188150987152364	0.0103666244506949	-0.00270385394441487	0.0163103882202485	-0.0239248743106294
PG00123b	-0.0292325151997742	0.0349845132483159	-0.0033024866048496	0.0244192357518791	-0.00299566549611759
PG00557	-0.0255429922822829	0.0330338862426589	-0.00789047379290297	0.00815306348464401	-0.0141660078252533
PG00902	-0.0126682391976426	0.0250470540171262	-0.0191498312295774	0.028926979178911	0.0444347385685557
PG01790	0.00518566356321446	-0.0221746345358784	0.000228046072304913	-0.000176821624908162	-0.0239250689450225
PG00769	-0.0132688579106413	0.0438025442751397	0.0314256800888269	0.0128535203136247	0.0194855080751508
PG01007	-0.0111136058723218	0.0349626405870399	-0.0130084914782083	0.0393630511974301	0.0163048462812554
PG00904	-0.0203207887544249	-0.00439162830248707	-0.0200040580120694	-0.00610518916601414	0.0314514649281478
PG00189	0.0193877001882259	-0.0389175055610302	0.00600457569663564	-0.0114162418563055	-0.0471776961701611
PG01183	0.0172784041695229	-0.0183176712425767	0.015858141889162	-0.0252341614317249	-0.00695132279210872
PG01525	-0.0293564502220574	0.0256757719144752	-0.00579315301680906	-0.00298179255129985	-0.00601723457633982
PG01816	-0.0297779606849905	0.0257707324807384	-0.0142116734747841	-0.0131675663248037	0.00867164604539018
PG00534	-0.00650113471277792	0.0298909957897082	0.030730815460773	-0.0414542595714389	0.0180656184810513
PG00515	-0.0301518630158024	0.0236453514358089	-0.0181127190283247	-0.00835804572139452	0.00126712066495071
PG01801	0.0172812440740421	-0.0201114092661379	-0.0650507250689189	-0.00242141906024503	-0.0351049927228185
PG00196	-0.00170608052750548	-0.0051145094422592	0.0302508856657842	0.0118730461692959	0.00880034377146116
PG00641	0.00739424647816391	-0.0381185497811484	-0.042340155707416	-0.0316804786995573	-0.0265137509681297
PG01133	-0.0312061692520137	0.00997130345985956	-0.0158663456459583	-0.0170938022310746	0.00621290002669596
PG00537	0.0112258181301758	-0.00967830253185065	0.00785449648499025	0.00932110200645354	4.25266213305953e-05
PG00587	0.00879896528621777	-0.0140396493504386	0.00314961450319376	-0.0011461608623025	0.0425923764747515
PG01427	0.0105769658472341	-0.0218957795643256	-0.0383174571041697	0.0290840655752066	-0.032772157824078
PG01633	-0.0192566445943492	0.0420321034568325	0.00178862843537787	-0.0366267175546812	0.0209978103437942
PG01157	0.00366211532372042	0.0164052366761222	-0.0346369185875332	-0.0262851778916353	-0.0109234144475617
PG00571	-0.0118023341362543	0.0278438720921917	0.0550879668088352	0.0307212757320686	0.045292156490838
PG01121	-0.0102923241866294	0.0521671286872131	-0.0088006245502775	-0.00260417269395346	-0.00845124571012845
PG00298	-0.0153787614677299	0.00503160848343233	0.0642020976595944	-0.0384201349548606	0.0114088720355635
PG00179	-0.0229483087776901	0.0282154076535041	-0.0153626686467624	-0.0151433494044637	-0.031894297646302
PG00617	0.0125656003698723	0.000278219374423794	-0.0464119772356948	-0.0123840037322577	-0.0314382093836802
PG01370	0.00361428672919806	0.00475776599259796	-0.00314623610443128	-0.00485408855332132	-0.0123455279963086
PG01001	-0.0250137071192812	0.0330359378606897	-0.00829317162361723	-0.00765322605767194	-0.0329757591597349
PG00067	-0.0129437603782173	-0.0110843232623727	-0.00137948555200512	-0.0139541001430987	-0.0299483190863018
PG00756	0.0221715814982012	-0.0130817865557561	-0.0596388746719533	-0.0262177594845139	-0.0323280148756979
PG00448b	-0.0098522788213225	-0.000997580816415786	-0.022334103231658	0.00833737945654506	-0.003070749064195
PG00917	0.012823135611744	0.00195094531009623	0.00770635873704431	-0.0334628388179801	-0.0279938480993021
PG01047	0.0310835242849061	0.00216806345715202	0.0098869952082603	0.0228590348434003	0.0134095140989612
PG00381	-0.0187900202479637	0.0227604805177479	-0.0117156848499654	0.058271574045299	0.0164087975864179
PG00830	-0.00496996867257569	0.00482167191097429	0.0660754357429923	-0.0345041408934411	-0.00122240134082048
PG00570	0.025447029052706	0.00540040875830443	-8.96929323896422e-05	-0.0339678572943053	-0.00529800136656336
PG01190	-0.0206147270012693	0.0349822838281548	-0.0211030587469519	-0.0316674698700121	0.0167894083581797
PG00568	0.011012329037868	-0.00861281364471616	-0.0235191116201017	0.00338714160574096	0.00715261024295282
PG01072	0.00469927645387288	-0.0121112207493464	-0.0382343844644897	0.0605674566595829	0.0264721453164277
PG01371	-0.0284994778540845	0.0191894129293716	-0.00282890921415603	-0.0191970467353643	-0.0255307422377529
PG00375	0.00495140370812549	0.0478852038432037	-0.00788381826020522	-0.0267145143448389	-0.0020748411402733
PGSHARED0056	-0.000817675475812121	0.0187570958696414	0.0262727551678254	-0.00375634808647233	0.012380087057421
PG00978	0.00228278460547959	0.0139396155871025	0.010547594955185	0.0186003178062058	-0.0223420319672593
PG01584	-0.00982232295353346	0.0205630616512167	-0.0206722374027113	-0.00601178839710448	0.00316257801069437
PG01125	0.0191893650848755	0.00698467255485614	0.0361431064719509	0.00630060785193373	-0.0172521576114093
PG00454	-0.0183047154380655	0.0372476149552757	-0.0221260294389022	-0.0115003340767211	-0.0225816443571485
PG00450	0.00383010733034269	-0.0233823496807757	0.0146255301917608	-0.0192183158252021	0.0357620537139292
PG01789	0.0303057094034603	-0.010414458470808	0.00439949703622369	0.000205097036012348	0.00754419937649039
PG01705b	-0.0261335667939707	0.035968999560501	-0.00273975074599344	-0.0122289326694044	-0.00482178316934826
PG01683	0.00755111462587786	0.027810931918328	0.00375202437742924	-0.0086750358418018	0.00189507060935858
PG00256	-0.0136023170949073	0.0461922510512377	0.0252372210048592	-0.00212330126459927	0.00398564061517501
PG01074	-0.0292420456655173	0.031591401326012	-0.00699894516140953	0.00307689272160171	-0.00758953782917565
PG01646b	-0.0293323895434753	0.0146153509265198	0.00143058544520354	-0.00784162071225383	0.0233264708128175
PG00071	-0.0180081557785259	0.0329658721340862	0.00698162722043105	-0.0248964010867832	-0.0218367200223768
PG00042	-0.0297395196765152	0.0102489213747002	-0.0121347239308593	-0.020720129166722	0.0318552087973036
PG00094	0.0059308135800685	-0.0102435101517752	-0.00575916672453441	-0.0320071382315877	-0.0287690933309825
PG00804	0.00212400711379355	0.00930291916151992	-0.00541857634175884	-0.0210865951246082	0.0119952543487354
PG01127	-0.0142580921528384	0.0172326008225938	0.0220927443747739	-0.0617678638124063	0.00671914042669268
PG00577	-0.00677669415853057	0.013334701139326	0.00892257359878293	-0.00842986676870964	-0.0367740314675689
PG01282	0.00435084891904996	-0.0312599948239833	-0.00910444093883159	-0.0447309408781293	-0.00703855961112433
PG00037	0.0188249133158883	-0.0165555285087166	0.0179163451614066	0.0284039927118871	-0.0094092477205585
PG00752	-0.00306302707498327	-0.0160926455719937	-0.040575253169316	0.00754775438238771	-0.0172253215812357
PG01431	0.000510760406373668	-0.0478049726823304	0.0128073596554487	-0.0155384377491995	0.0257208464086818
PG00914	-0.00643422648545848	0.0155597047773716	0.0351732913504837	-0.0282635207399961	-0.0186493419121659
PG01265	0.00110360258876578	-0.0302058867579916	0.0417802208813622	-0.00721961118976626	0.0253387901366784
PGSHARED0066	0.0192700598899438	0.00212371405536104	0.0102794069298256	0.0405900098785478	0.0255060374211409
PG00423	-0.0197404411404065	0.0347301017776555	-0.0135291233089713	0.00324714458125243	0.010258964464808
PG00320	0.0264119013201084	-0.0132588306636442	0.000170867220639229	0.0097709141519242	0.00250900062045719
PG00052	0.0207106458568691	0.0355598995902727	0.00121321855016334	-0.0128064949036754	0.00852004122815697
PG01494	-0.00446559209407535	0.00494010938207103	-0.0353876521533213	0.00135475905046208	-0.0007449110409425
PG01092	-0.00807872053565816	0.0168184497572081	-0.059025624433293	-0.0405705285082723	-0.00914893862918028
PG00829	0.00664678495184546	-0.0163671298775768	0.0493250834171795	-0.0184748899874944	0.0269368334802609
PG01821	-0.010465703148468	0.0436789928998509	-0.0113284384222398	0.00191283971411909	-0.00457059359002303
PG00374	-0.00506200349128596	0.0139534482001359	-0.000882923552947324	-0.0204240254043845	-0.0427408593923126
PG00522	-0.00621105629192607	0.0175860606916378	0.0144211138942788	0.0405983014973339	0.0316857541122188
PG00795	0.0125222845790116	-0.0102596725286913	0.0157193633246238	0.011444698624496	0.0149208693439494
PG01029	0.0182351704505777	-0.0339669157298832	-0.0138686950234581	-0.0333193957179963	-0.000857468401890898
PG01682	-0.000317917321132957	0.00524065960879029	0.0558957808294925	0.0099718469544331	-0.00697834522870766
PG01498	-0.0252624275845284	0.0320053559027643	-0.00980794498320444	-0.000978303696525736	-0.0171621688186005
PG01632	0.0176010643800457	0.0066271225383549	0.013195603765549	0.00328708506526943	-0.0381191409169572
PG00622	-0.0212251818285851	0.026985203191163	0.00295278362492395	0.00580282059019189	-0.0178583103701955
PG00299	-0.0128850514761508	0.0124599353372709	0.0268869576062675	-0.0523696202830915	-0.00219791857659051
PG01337	0.0058619494360092	0.000600578606077801	0.00279503456009745	-0.0327245899542319	-0.0107205915779524
PG00779	-0.0230545592319054	0.00440024377472267	0.0170386106704461	-0.0311616430427917	0.03785531447372
PG01715	-0.00474135047813895	-0.00515004213545107	-0.0665113925328049	-0.00568003910844535	-0.0105429242522975
PG01131	-0.0180195814597997	-0.00068337127322239	0.00785412454385292	-0.0278118986274439	0.00822220355615477
PGSHARED0025	-0.0112035811293029	0.0228806399231485	-0.0163322419863416	0.0284483981587329	-0.0105974799380453
PG01196	-0.0155586415277854	0.0319792157690487	-0.00395097319363396	-0.00251642048171131	0.00269556258692316
PG00556	-0.00170349817929409	0.0133785718981866	-0.0262495581631457	-0.025971700504766	-0.0169209137037798
PGSHARED0061	-0.0133896787187326	0.00771716172588797	0.0458583284995544	-0.00284388214719862	-0.0089394251413196
PG01398	0.0160360385755311	-0.0309791942373627	0.0155747254960129	-0.0224882247232357	0.0111784266892339
PG01302	0.00271180443402378	0.00225739418048422	-0.00360975346933275	-0.0411401601839553	-0.0409456723659863
PG00538	0.0199127712887062	-0.00829519761217425	-0.0121954272405062	-0.0279261351422573	-0.0261645159173703
PG00311	0.00352904145061861	-0.00693835205951896	-0.0285479621075078	-0.0569388359142388	-0.0249482040060407
PG01365	0.0228578456765779	-0.0127276061690411	0.00338444614283803	0.0126175172713052	-0.014944175157707
PG01130	0.00397886299873569	-0.00786243837147676	-0.0107954387419687	0.00523395425356256	-0.0278415106575726
PG00337	0.0201003374238324	-0.00037019788704732	-0.0324041009974843	0.0040909156731595	-0.0234218309568546
PG00432	-0.0136856360955707	0.032065556439096	0.00332574207831499	-0.0110087526859438	0.0354099482799182
PG00229	-0.0194634719207518	0.0165679823161411	-0.00512059706214328	0.0098421378075941	0.0477381889438064
PG00806	-0.0054202680810169	-0.0470090728024694	-0.00301635530375142	-0.00466701034505169	0.000509263768878143
PG00401	-0.00408795986033705	0.0229429310693796	-0.0101826294655351	-0.0296209365933338	-0.0282924240279229
PG01734	-0.00393661762875335	-0.0187130180002794	0.0235620397697367	0.0182150900830008	-0.0235843462423444
PG00911	-0.00407874410818414	-0.0171745924697778	-0.00656576962804661	-0.0226117909912115	0.0177323613403939
PG00700	-0.00052513834054448	-0.00872225225075809	0.012882437770909	0.00340035292298036	0.0471044906156153
PG01162	0.0200394447170205	-0.047009318358919	0.00811957791358102	-0.00758556933458872	-0.00954610567809419
PG00662	0.00988567012676575	0.0104014404447502	0.0139417128528609	-0.0461061530039829	-0.0354677916370123
PG01717	0.0182897197650463	0.00557837753998374	0.0089048675217036	0.028592986411067	-0.0121434173577389
PG00987	-0.0261463924862557	0.0287227731989473	0.00949430104756599	0.0347233349418502	-0.00201447867362484
PG01010	0.0166635069180571	-0.00690006125936511	-0.00216998469470517	-0.000299251637423392	0.00840908671477251
PGSHARED0012	0.0233940375947281	-0.00772586440296407	0.0236065555969998	-0.000944638879049036	0.00961436775594861
PG00110	-0.0274700382584354	0.0237799118612351	0.00837062058075213	0.000304254881042956	0.0174121102288898
PG01577	-0.020907112579376	0.00895029272183613	-0.00643377582213418	-0.0172696592876034	0.0052931652077476
PG01761	-0.000555312014933193	-0.00428557680742764	-0.0283011680365641	0.0435722777041396	0.0306843280775284
PG01090	0.0144777773106047	0.0343477115781168	0.00042129097372094	-0.0128470360539135	0.0183817139738951
PG00008	0.00554455585335432	-0.00183418041107985	-0.040803045272121	-0.022377274767111	-0.0199152411974844
PG00528	-0.0255557544970155	0.0194951190311715	0.0232304836259317	0.00956723460370765	-0.0106914527066807
PG01819	0.00170036199204131	-0.0289999189118969	0.00437544740201099	0.0128504434343477	-0.0198822387978936
PG01492	0.006328748590766	0.00309574382982425	-0.0222474003176766	-0.00166726396809806	-0.00103662716705996
PG01341	-0.00878658027445143	-0.0124588951812828	-0.00303461335281259	0.000692188711193462	-0.0039026252544465
PG01305	-0.0112885752375979	0.0323713772198184	-0.0314936406621149	0.0177148977719814	-0.0243560445671059
PG00728	0.00168337203426452	-0.00772083450922971	0.00999246196405396	0.0286454742555623	0.0352225259009627
PG00558	-0.0229015775435061	0.0210586761816936	0.0179052146848564	0.0292605804307274	-0.00467097895155413
PG01234	0.00777796124018881	-0.0422907665019323	-0.0203753373483803	-0.0167596232121894	-0.000219444971633802
PG00295	0.021323925838288	0.0214768175221443	0.0173816166608492	0.0254980637779707	-0.00279561028322161
PG01666	-0.0187756378409593	0.0201902592334257	-0.00216412838692547	0.0309626242333388	-0.0166843579611455
PG01245	0.0130172526251933	0.00768861054602157	0.00116750093070907	0.0057290253566518	0.00392551969803236
PG00411	-0.0234969295320957	0.0164697689840571	-0.00451929217394089	-0.0158202811890718	0.00128417275786565
PG00782	0.0267433495237087	0.0030234675299462	0.00965108224558629	0.00458411696860833	0.0116683601074465
PG00897b	0.0167603079801328	-0.0186804165723718	-0.0323110630919717	-0.0283429158553438	-0.0369658501019666
PG01712	-0.000746881099403191	0.0188547731996545	0.0438674316155086	-0.0080741902500041	0.0165637627613482
PG00361	-0.000740958361291236	-0.0020847925130214	-0.0282735090989979	0.0154738560765254	-0.0118461025688009
PG00304	0.00513834549198687	0.00786734311206395	-0.0189992787959945	0.00242205444946177	0.00141192007395259
PG00189b	0.0111816058712539	-0.0340468326510437	0.0122500846272173	0.00991971964626306	-0.0143699167811292
PG00259	0.00969575194624687	-0.0099524026444821	-0.0138201114328352	0.00672691936964649	-0.0104919331533723
PG00990	-0.00820847936419105	0.0498302538007613	-0.0118289104347646	0.000300367610702804	-0.001969337191094
PG00926	0.0134262126273402	-0.0176400648408451	-0.00879796805006933	0.00354292149273628	-0.00999856095664296
PG00573	-0.0165916164324978	0.0243186272724999	-0.0133413042648295	0.0273946006123907	-0.00050364401425213
PG01480	-0.0139136556901921	0.032693741983275	-0.00733071718479384	-0.0166773051193151	0.0112391237856654
PG00167	-0.00423020738033658	0.00567933489812366	0.0351017679656608	-0.0123158028755789	0.0417635903048381
PG01454	-0.00114589440645999	-0.0088930713260699	-0.00962833505369295	-0.031369721878288	-0.00215384323645602
PG01311	0.00863750120572167	-0.0143356778424653	-0.0323084777458349	0.00563697925321522	-0.000224991497511683
PG01440	-0.0137967594186908	0.0202499151270763	-0.00967374212324216	0.0141630476225641	-0.00604264395460101
PG00646	0.00531887447153981	-0.00249232301182599	0.00429260767346554	-0.00130192924358291	-0.0192720524657077
PGSHARED0040	0.0252914195334693	-0.00437504949648702	-0.0138678446231511	0.00720501731021044	-0.0195529146207404
PG00875	0.00221061714308946	-0.000517050452096259	-0.0455143543737019	-0.0263187969982915	-0.0356710352545318
PG01742	0.014149171113615	-0.0202353045822678	-0.00779562376348645	0.0284971718400987	-0.0333871768970815
PG00074	-0.0165472994211914	0.029423557427736	0.0104222275218209	-0.0279259305701559	0.0200947029337025
PG00544	-0.0091464292833533	0.0148251664608197	0.0481951539760818	0.0351871995668128	-0.00367225403197543
PG00612	-0.00269141916550938	0.00344302601265545	-0.0385265711527921	0.0126228697229164	0.00374170630391432
PG00897	-0.00198816995037192	-0.0294564627816682	-0.053018339013249	-0.0237085835439876	-0.00966709793483705
PG00370	-0.00461275364493467	-0.00116724593054862	0.00415010934296651	0.00759901964628581	-0.0239279749500731
PG00780	-0.002361185628676	-0.000841243130522199	-0.0313442898736457	-0.00262440769266864	-0.0530635190493261
PG00058	-0.00170767519263106	0.0132950944221631	-0.00581518066585664	0.0064933741081902	-0.0168585921769396
PG00621	-0.000316126038364251	0.025438620057782	0.00389295083169734	0.000642828371942958	-0.0215423594299993
PG01615	0.0132937494216582	0.0199228810356307	-0.0213095129491364	0.0289862303345463	-0.0345338952233358
PG01624	0.00918589691887261	-0.0280725564997768	0.0107855442441471	0.028556174678218	0.000833602815406443
PG01200	-0.0218074438507187	-0.0166070089347568	0.00613866196001382	0.00380080591836915	0.0254241521931785
PG00954	0.00834495358339052	0.0069810907235353	-0.0596605541555477	0.00954759387000009	0.000410422734128353
PG00406	-0.0214844505520834	-0.00443211320063175	0.0121422705272293	-0.0112606444683237	0.0220824063586824
PGSHARED0062	-0.00823296334260498	-0.00110618048456345	-0.0183550723843998	-0.0167056704701017	0.0156132236119334
PG00136	0.0046702971344295	-0.0214779608256693	0.00290772889974229	0.0164866576663323	0.0361894444673602
PG01136	-0.0100243686685783	0.0218566663674343	-0.00289382785276378	0.0130294448115771	-0.0273194785889531
PG00464	0.00570053763936243	-0.00194272197008599	-0.0298545432382953	-0.0196578286013582	-0.0235094106458037
PG00567	-0.0117697281155736	0.0213937931604486	-0.00333045229675691	0.00514502885568499	-0.0368123232576986
PG00990b	0.00316524181001597	0.0468551379113425	0.00575055940501365	-0.00967750758299592	0.00576517516343777
PG01679	-0.00629840880749772	0.0295650964382347	-0.045793386479141	-0.022122849207912	-0.00130260914689555
PG00881	-0.00501005894274027	0.0293245940875646	0.00344697378895705	0.0484478432379207	0.0136530246084454
PG00314	0.00519472249166179	0.0003859275076866	-0.0124853486473806	0.0105757588545776	0.0164553980257409
PG01400	-0.00233320675593937	0.0218630142058522	0.0105762687509991	0.00756317978091717	0.0132781929537434
PG00634	-0.00200549684611935	0.0188042860634422	-0.0376358526287729	-0.0169095727378959	-0.0291164860544332
PG01746	0.00835213611255441	-0.00822298857010356	0.00863062254836446	0.040772547129628	0.011632971989854
PG01142	0.0149243695465605	-0.0364600871431841	-0.000562952957150216	-0.0188227620577701	0.0202067326615986
PG01553	0.0171099684803587	-0.0154713311315279	-0.0389634523286296	-0.00718898795071413	0.0107855757057384
PG01264	0.0179714466559174	-0.0170714895051638	0.00535978776443348	0.036097993055502	-0.0113377002159881
PG00144b	0.013654681949304	-0.0323055164870301	-0.0192092062328279	0.0138423292170536	-0.0310546677648067
PG01082	-0.00412022533704762	0.000698147496477307	0.00496247737079503	0.029974320881703	0.0212152920654928
PG01269	0.0134292270364754	-0.0355223567140241	-0.0194420950843274	0.00229320258555881	0.0156354991272335
PG01037	0.0149382853320986	-0.0265815744574598	0.0180460981579707	-0.0192060674511423	-0.0211127416735041
PG01396	-0.0129764310243269	0.0330993051463889	0.0143307145840501	-0.0208424028212	0.0127658652415465
PG01658	-0.0205295459071389	0.0274320064784656	0.004884391341417	0.0124899389269803	0.0135480899640678
PG01797	0.00883827761247902	-0.0467113300202816	-0.0172928045764362	0.00264380623403738	-0.0119924629129743
PG01470b	0.0151541795933878	-0.00879705290529065	-0.0441414040643261	-0.000460644568710241	-0.0251034226037694
PG01470	0.00784050362674986	-0.0148959997150668	-0.0489633943234852	0.0254321181433596	-0.0274327086886169
PG00065	0.0106976107614146	0.0088199758533212	0.0132213713804712	-0.00628571197870436	-0.00930309758922794
PG01505	0.00544602205964409	-0.0107341389990384	-0.00132275426967127	-0.0140393678465343	-0.0269643980938332
PG01374	0.0135528498738547	-0.0263324706539558	-0.00314982552876443	0.0194835445570071	-0.00382105991380554
PG00712	-0.00298769278070946	-0.037928726768161	-0.00760246608790967	0.0171153715419691	0.0225099684506479
PG00536	0.00817164794506998	-0.00956466387193545	-0.0223941754563901	0.0367305465032418	-0.0350070963055204
PG01381	0.00694128685551789	-0.0285173853177687	-0.033149998269758	0.0409923691727727	0.00930254944646557
PG00585	-0.011965703526536	0.0218744449397106	-0.0063634433961858	-0.00515397879760228	0.00546863761849466
PG00867	0.0218019029278636	0.00291494204543428	0.00983435018042782	0.02327337002347	0.0183672235166183
PG01751	-0.00219037497180052	0.0137583178215578	-0.00517456660207557	-0.0166843833461159	-0.0101066703843487
PG01038	-0.0129118491214966	-0.00848972940646341	-0.0108093069489821	-0.0326344580620965	-0.0133829930604865
PG00894	-0.0116334554570955	0.0318439084853196	-0.0232733852039393	0.0225987813031953	-0.00315782275315273
PG01655	-0.00191806131321538	0.00647758770783786	0.00597227198710507	-0.00173621708439569	-0.0129220074788116
PG01060	-0.00623111846865235	0.00963035961714671	-0.01927679127288	0.0129546498757138	0.0131997811713226
PG01529	-0.00969183412893158	0.00442222660363244	0.0380937944020654	0.0023339264712569	0.0134488978644705
PG01404	0.00238516235470275	-0.0154819416587757	-0.0450476644689784	-0.0173267553189161	0.0102317113637745
PG00326	0.00170406343362148	-0.0174497685274798	-0.00604366104654896	0.0291884523207082	-0.028716017885414
PG01002b	-0.00495164733888283	-0.0200936999541494	-0.0036299022036842	0.0240413041027687	-0.00996477626710759
PG00165	0.010298552878799	0.0243096471701318	-0.0103334906406239	0.0453107156920804	0.0014829528243275
PG01123	-0.00288753324526056	0.00647872107899589	-0.0367864678936533	0.0136498343485269	-0.018663073371534
PG01122	-0.0077925648102956	-0.00044092959649874	0.0222430199532541	0.00919219917884379	-0.00955124872392229
PGSHARED0046	0.00809625961338576	0.00795070235610269	-0.0168008983660598	-0.0351307044633482	-0.0157265751811597
PG01085	-0.00433143543523345	0.00260279405487539	0.0158548475954225	-0.00544376452728703	-0.00748667224753648
PG00478	-0.00793657533805437	0.0210382133116554	-0.0119341743118694	0.00019812280890016	-0.0416020467551613
PG01174	-0.0234408682654072	0.00995070120141848	-0.0189057252294115	-0.0118863971025378	0.0310661086128127
PG01564b	0.0114407400928716	-0.0168429048739611	-0.0362552132447815	0.000638610125853295	-0.024706941078474
PG00838	0.000134092673400925	-0.00574497523047529	-0.0131083228332193	-0.0158482471098626	-0.0338776553309722
PG00111	0.0105374242906352	0.0093970643011523	0.00767428994128564	0.0361818059314456	0.0133798603704448
PG00738	-0.00923461007479389	-0.025162918175923	-0.013726447869582	-0.0262901758934252	-0.00159321131376806
PG01260	0.0184310393824337	-0.0198866945588297	-0.0202547817935591	-0.00337483849685147	-0.0231498679937052
PG01830	0.00336881354450187	-0.0313570887115146	-0.00534884170937186	0.0186374750923054	-0.00699182663971559
PG00109	0.0132379878039367	0.0169282971906024	0.00222766999932547	-0.0454866123587154	0.0346026002602867
PG00358	0.0127817920899411	-0.029992920662787	-0.00228569878319966	-0.0249374451726782	0.00917406216167803
PG00860	-0.00120804484643543	-0.000999015818631972	-0.0240627899079223	-0.0316473676644081	-0.0321516663982723
PGSHARED0067	0.00147476658689531	-0.0128092359173063	-0.0223405460960391	0.020021197836156	-0.0342201318975213
PG00409	0.00286742637313506	-0.00420183775306582	-0.0155298977355196	-0.00198636798927028	-0.0218801545668386
PG00543	-0.00104151413459444	0.0117978333897432	-0.0209893053559433	0.0150544983240507	-0.00630350431860135
PG00352b	0.0203640892346893	-0.0279510039608757	0.00520167643142415	0.00717578741973627	0.014877978696397
PG01460	0.00152072192008823	0.0257517333640749	0.0302836859002319	0.0373063492268792	4.08175579119153e-06
PG01426	0.00394930092597438	-0.0114412789981846	-0.0140719362822418	0.0232776980823785	-0.0318725231160291
PG01299	0.0046353675856767	-0.00655316734810713	0.0150324292273448	-0.0286138839217997	-0.0140702365109161
PG00727	0.000667568351157032	0.038651642707046	-0.000560762147743367	0.0251905666346286	0.000887340839283078
PG01232	-0.011547237220725	-0.0107696243953796	-0.00299784566712286	-0.0253590398412991	0.0120997024416315
PG01079	0.0135707552818244	-0.0232547312795212	-0.00102885095634108	-0.00484074896883308	-0.00389944680626081
PG01273	0.0096008080565281	0.0244401092563485	0.0219085104326533	-0.00620848898068956	0.0105975154236621
PG00856	-0.0172887634369179	0.0132516773227752	-0.00356019423391637	-0.0183768549573081	-0.011588497667331
PG00855	0.00239864869087759	0.00452052928440119	-0.026134483280474	-0.00982112563525289	0.00256376343123554
PG01745	0.00583582002067641	-0.0163171837426444	-0.000135995173569851	-0.00549742984934083	-0.0131801216447412
PG01170	0.0025865328543444	0.0175566569562125	-0.0121305419548992	-0.00634131468369557	-0.0170628261541764
PG01378	-0.0195375309844257	0.0134291811967461	-0.0014036409806253	-0.0459652934825155	0.0225083712798227
PG01388	0.01549242492707	-0.0162412839730872	0.0114691492011394	0.0349582799101856	-0.0276253132403926
PG01760	-0.00427938371302255	-0.0233285950201604	0.0120661899341574	-0.00525736359421377	-0.019074664913212
PG01630	-0.0121987809329029	0.0154037356725145	-0.0096615617821363	-0.00564863034037255	0.0182748138988017
PG01732	-0.00890956257315326	0.00625756211766263	-0.0129793753303134	-0.00515449960624748	-0.00635090625550764
PG01461	0.00272515374305492	0.00742141926766665	-0.0151922772725761	0.024422550235289	0.00570332319874553
PG01772	0.00320948863619159	0.00835059864746718	-0.0103742074063399	-0.00419881835739002	-0.00823365289789224
PG00207	0.0144368337975496	-0.00193661543628859	-0.011540540266997	0.0106123713442875	-0.0279935349790741
PG00624	0.00370961973991406	0.0405310505492633	-0.0178381433972781	0.00219161964372128	-0.0130926803634961
PG01394	0.00692776567737997	-0.00154983734359778	-0.00973560591654825	0.0268499919985897	-0.0336408495829566
PG01468	-0.0151053105028074	0.0311583326074379	-0.00678083254138413	-0.027204543893056	-0.00974006248229723
PG01567	0.000818048786947539	-0.0169160582179618	-0.0167035299240874	0.0172333884867555	0.006068675647012
PG00208	0.00697477406015189	0.00921982316931485	-0.0202361260133468	-0.000495044562989088	-0.00530344259338435
PG01542	0.0155370012189507	0.00295133665205957	-0.0275621013224913	0.00139180408579954	-0.0179739173558351
PG00090	-0.0201959269885686	0.0107973255973805	0.0311428904678599	0.00281959317375898	-0.0108301134896297
PG00467	-0.00953211321590599	0.0393120368340323	0.00560491029547972	-0.00411843026141213	-0.015462722394066
PG00332	0.00943483490221493	-0.00164523364842829	0.0212688328514636	0.00149809228189284	0.00332795865511703
PGSHARED0010	0.0202294724397248	-0.00767144188832131	-0.00449784786923495	-0.017916126128437	-0.0205312147321599
PG01539	0.00481620080059782	0.00273540796844452	-0.00654035365482522	-0.0270209357520706	-0.023076281355095
PGSHARED0052	-0.0144314719815206	0.0309280658499278	-0.00790461767964519	0.000396880253380582	-0.0146083254530911
PG00182	0.00363871628925819	0.00119209998288367	-0.0196899333712295	-0.010252533817796	0.00260153698168188
PG00176	0.00239088500810908	-0.0117466282600112	-0.0236036011173885	-0.000852645004944746	-0.0120179890947412
PG01740	0.00575999257496685	0.015605425103658	-0.0336626736574393	-0.011615368214748	-0.0188460611775861
PG01211	-0.00311564369283942	-0.00113519657159221	0.0354737094562097	-0.0202618767225948	-0.00865044649266431
PGSHARED0032	0.0172591584876324	-0.0225855260342096	-0.0163773641676492	-0.0258489930144865	-0.0094430745052512
PG00596	0.00440686803050801	0.0144138733705456	-0.010967218424696	-0.0325245886906256	0.00839952490733745
PG01568	-0.0154139583234289	0.0188437149660834	0.00358779303862882	0.024239280442136	-0.0223557512853357
PG01285	0.00273382498049535	0.0112259077085501	-0.00317578778854993	-0.0269626794384475	-0.00807279036663701
PG01520	0.00249248791251056	0.0116254786416444	-0.00296461742156479	0.0256633529029882	0.026381415764901
PG00051	-0.00642878517776984	0.0166568788558025	-0.0309856625971179	0.0136679274427065	-6.96457568134817e-05
PG00689	0.00969995970456253	-0.00564262490145585	-0.018233338144535	0.0161295359228937	-0.0038856015391422
PG01101	-0.0117254804181093	-0.0085061424022054	0.0296566361371787	-0.0232702792011657	-0.0111540189976021
PG00550	0.0106808374244284	-0.0389234145329104	-0.0188975816242227	0.0179888002763241	0.0187989271822345
PG00785	0.00510468516549174	-0.000504023997361456	-0.0247782043616758	0.00196530831536876	-0.0153888506224619
PG01259	-0.00219770028345627	-0.0013018965795145	-0.000942713031663379	-0.0199603788839235	0.00283250566821201
PG01530	0.00985563040467292	-0.0112615223668469	-0.0380373993457999	-0.0366435177083105	0.0381001094304772
PG00883	0.00384146696421574	-0.00205605525050964	-0.022184142285538	0.00875049910588114	0.00751430839919247
PG00254	0.0151552464316165	-0.0161892371446713	-0.0323155392005045	-0.0019261933775583	0.000378340695203311
PG01087	-0.00938309836544334	-0.0232341678252552	-0.019046243063817	-0.022523867328594	0.0266424929942291
PG01785	0.0129057605265381	0.00813232658519203	0.019606728157462	0.00572580467319903	0.0376724392441833
PG00606	-1.38798331473598e-05	0.0346018657386929	0.0063697714744871	-0.0148831879077989	0.00206025372176756
PG00157	-0.00924656645230475	0.0118115472418047	-0.00286691125297849	0.0116674174092341	-0.0159417390543255
PG00019	0.00763672621021939	-0.0043418810602696	-0.00927634931515912	0.0106830348639966	-0.00737765831422597
PG00108	-0.00233290994204344	0.00300321706392723	-0.00295862213927803	0.0384467487337962	0.00916450069416857
PG01737	-0.00983022015641927	0.0296383766426048	-0.00618047947496748	-0.0249369156061705	0.0187049628544401
PG01000	0.00253353881768891	-0.0016347155901953	-0.0295990448458181	-0.00416508860104825	-0.00665503138177818
PG00526	0.00671789871103881	-0.00641757077802563	-0.0315217469980722	-0.00686940063487158	-0.0336458041380388
PG01469	0.013065967737863	0.0291542542034138	0.012525083761416	-0.0102062027146559	0.0368647482488119
PG01386	-0.010166890573133	-0.000166359023486086	0.021555453212564	-0.0251007478146999	-0.00652096060986844
PG00491	-0.0163898165915054	0.0309512253357204	-0.0118353235071605	-0.00767630850328905	-0.0222222012645681
PG01350	-0.00667877287399536	0.02747620686149	0.0147799940215221	0.0284293203699636	-0.00422079343035883
PGSHARED0016	0.00727673649497555	-0.0236259309856032	-0.00440269594536732	-0.00425227986912818	-0.018282468569815
PG01610	0.00579062569624186	-0.00727560521893942	-0.0134765991193784	0.0138472575579179	-0.0246052911536978
PG01805	-0.00573991093846729	-0.0205672563525611	0.0172162937477511	0.0247597026074224	-0.00373854357183114
PG00093	0.00420248523593848	0.0266047578748262	0.00429653529251345	-0.0417623723412193	0.00512289965831921
PG00714	-0.015445165950917	-0.0186986366300854	-0.0261442749758415	-0.0181618649155586	0.00956962281468213
PG01463	-0.0158858226067318	0.0169018412081357	-0.0186576292439974	-0.0173888531978973	-0.0180548550539272
PG01213	-0.0213689672065526	0.00655133234313321	0.0118472687493471	0.0216448135514833	-0.00445588110753999
PG00143	0.0116285355129693	-0.0161702617743506	0.00674928870642001	0.0374655031822505	-0.0189262497926848
PG01073	-0.0177998461708889	-0.0018887113065195	-0.0296513891813212	-0.0122553409791732	0.0228016316908312
PGSHARED0002	-0.0140876798554266	0.0313332023742698	0.0385829055646136	0.0200729249787189	-0.000703564160366895
PG00076	-0.00609301251972623	0.0361829868929164	0.0250993095922003	0.0375423658460408	0.00552957739473265
PG01035	-0.0106200583205729	0.0266756263362195	0.000359523165024646	-0.0134214342083347	-0.00283037396809039
PG00799	0.000727739420900488	0.000445090472294918	0.0418330754619277	0.0311659291909848	0.0209417599351469
PG01050	0.00797999702742211	-0.023332393732291	0.000636498825132807	0.012676045808844	-0.00327153671988208
PG01342	-0.00882329875805323	-0.00746740931012037	0.017659209895825	-0.0115230046642199	0.0320997812979869
PG01579	-0.0018535895452797	-0.0139345992310437	0.0186291439892772	0.0135137500735659	0.0201529650056425
PG00658	0.0147966743476179	0.0171973969912289	-0.00724912427392155	0.0106271369670645	0.0385644135497912
PG01554	0.00876635901619894	-0.00980556984117891	-0.0306099485161577	-0.010250561568239	-0.0283142209829657
PGSHARED0019	-0.000829581538879129	0.0199907716171887	-0.0167751167864856	-0.0281819300110607	-0.0227825663595647
PGSHARED0018	0.00603925378587178	0.0197804522521962	0.0168438849869955	0.00417601684577006	-0.0213988335568563
PG01447	0.00778028582057318	-0.00520290087570693	0.021083361120134	0.026737029034406	-0.0245472633347611
PG00045	-0.00592677912591208	-0.0169006404266799	-0.0212205778851467	-0.03209935439573	0.0131729191396905
PG00043	0.000514897484537707	0.0109831327538013	-0.0351543603848368	0.0045751914280325	-0.00969030155437846
PG00769b	-0.0186878611744272	0.0172212612445535	0.0107272320540789	-0.0192410434202676	0.00439683453215423
PG00153	0.000698192403751128	-0.000474771076982395	0.0122367508204489	-0.0162011995656462	0.0329878543873417
PGSHARED0029	-0.0132936817420713	-0.000810347808083916	0.00553684605154418	-0.00705510161507051	-0.0150688350092384
PG01236	-0.00874018246412942	0.0126139408120229	0.0379490201713446	-0.020099793514034	0.00113613432181501
PG01103	-0.0197943458693997	0.00512781172622299	-0.00375351876144687	-0.021025643087659	-0.013355249379946
PG00449	-0.000544209425890738	0.00655091907039875	-0.00497569485816643	0.00780347295502322	-0.0125948374652806
PG01132b	-0.0149855009946345	0.0267926526789539	-0.0167136232838151	0.0243406848744611	-0.00627974084422356
PG01288	-0.00786293553457825	-0.0240261406787447	-0.00822252264882254	0.00899335067272368	0.0383748315271231
PG00723	0.00962694523216978	-0.00981229044228423	-0.0219240560370526	-0.0226183946762282	-0.021198572771714
PG01571	0.00915597200316985	-0.00875839282697264	-0.00259742641845254	0.0445959251444324	-0.0206208080561437
PG00981	0.00522439233656732	-0.0101958094215998	-0.0186527051532271	-0.0104999545404758	-0.0429417265314017
PG00837	0.00019447899052123	0.00711208396916168	0.00901592868183489	-0.0253255924832301	0.0106872056794134
PG00644	-0.00565418290409173	0.0154120194580906	-0.0188721313572778	-0.0109644138165128	-0.0246504022727677
PG01599	-0.00781241946067065	0.00449393755369854	0.0114261867087887	-0.00304693792276667	-0.015356743603129
PG00695	0.00285772977771205	0.0206476834761642	0.0177607304275449	-0.00742740205108812	0.0337059893945255
PGSHARED0045	-0.0060357161196524	-0.0205669571091026	-0.00119605812732201	0.0138620269669429	-0.0101439539627871
PG00421	-0.00414826864153616	0.0160293737257944	0.0166702665765946	0.0096366199902647	0.00287073317564139
PG00993	-0.0036549586848801	-0.000847052757789559	0.00908808630330678	-0.0120759637290805	-0.0128434640344851
PGSHARED0051	-0.0018173029716844	0.0103362227718216	0.00873188412574346	-0.0303252499023423	-0.0116958308034123
PG01108	-0.00253215438518278	-0.00366413423650088	-0.051024464834736	0.0163530603208855	0.01328513686312
PG00632	0.00341861776159194	-0.00136477442497582	0.0071243854033215	-0.00522835201470729	0.011239357066651
PG00499	-0.00978852361862881	0.0235153058413271	-0.0171249807081509	0.00494693411511227	-0.00321913276610807
PG01357	-0.00675559526822526	-0.00862121966364728	-0.00753724030108371	-0.0186531496374259	-0.00116725111528495
PG01258	-0.00343381468148707	0.0186548129230841	-0.0316196904918156	-0.0231298367144053	0.0177072209705212
PGSHARED0065	0.0200909572193295	-0.0171974283107185	0.00875243472375621	0.0084955494514966	0.00152101504790907
PG00007	0.00193835126112834	0.0181190668948513	0.0116542129870666	-0.00740160703225284	-0.00139501624378477
PG01261	0.00741338726226074	-0.00931306711299996	0.00566327359941019	0.0242064787272046	-0.0182812325714028
PG01305b	-0.0148684558940777	0.0127075392961812	0.0166855775788389	-0.00881907123869138	0.017764374867558
PG01165	-0.0252002617169923	0.00541952811116341	0.00256377148672426	0.0174113885341819	-0.009538196194539
PG01308	-0.00995454775234077	0.0270391944467414	0.0120606133360352	0.0160961853443324	-0.0014654743230281
PG01788b	-0.0012284392104689	0.0109524084173594	-0.00137187077499428	0.0148888365231031	-0.00943755314104544
PG01207	0.010839187079032	-0.00387377488355263	-0.0368724754768286	0.00325004517020662	-0.0256457084123593
PG01241	0.00333557212994943	0.00675739517519367	-0.0148655671722242	-0.0109345866851388	-0.0227565745620083
PG01216	-0.00744403151979335	0.00161053406092861	-0.0279656890230024	-0.0120936242521912	0.00986026053591649
PG01034	-0.00149389532681578	-0.00135761419754834	0.0164281135849706	0.0101590297402959	-0.0141595848892859
PG01807	-0.00324144938883504	0.00589439284528289	-0.0258057673075459	0.0103318730902822	-0.00627664067892684
PGSHARED0023	0.0196871398088174	-0.0156107533658318	-0.00605381129844252	0.0291953753850966	0.0177377096203169
PG01485	0.00952479071832186	0.00189048966574637	0.0179237464484655	0.0324917282775886	-0.00813032017059723
PGSHARED0017	0.00881855453676651	-0.0116045342893178	-0.00845534517848885	0.019987426657226	-0.0128978766622098
PG00323	0.00360377599336277	0.0144572540071714	0.0390991342052037	0.0128159044991269	-0.00815667097263991
PG01615b	0.00937150144539215	0.0118161041223238	-0.0169450611553889	0.00828946567688585	-0.0459153512880894
PG01607	0.00388450255271279	-0.00989881229578915	-0.0216626179417616	-0.0106698744100489	0.00627854330471165
PG00967	-0.00187986272909474	-0.00107373949313517	-0.0354887267708468	0.0249982706026873	-0.00860177225610405
PG01233	-0.012318764790822	0.00214619245055605	0.0359717323718069	-0.0275148504008674	0.0387534129440004
PG00530	-0.00380755886557418	0.0116593875071232	0.00847168315270409	0.00103352463729351	-0.0194822412885192
PG01600	0.00540046388885012	-0.0191709095236128	-0.0261190338122684	-0.00909427964973758	0.00816178959849164
PG00069	-0.00105245125540896	-0.00151441514867034	-0.0211858222589926	0.00220959780525712	0.000381900502930635
PG00313	-0.0146416642116057	0.0201042577452188	0.0262615519279685	-0.0513096010286229	0.00609038232196946
PG01298	0.0100775048668513	0.000538665911374921	0.00541460659846228	0.0187977200367568	-0.0352108513540227
PG01642	-0.0147163407406305	0.00618917278770377	0.0112635550249539	0.0016236935171935	0.0154304311171437
PG00344	0.00713442588511684	-0.00302671799620082	0.0144555741113619	0.0093390082587542	-0.0197269902972544
PG01292	-0.0124904694739125	0.00326377150388478	-0.00520306839345704	-0.00267118996874136	-0.00351076281039447
PG01783	0.000990596873568796	-0.0100582439073555	0.0286460761472671	-0.000522774933124944	-0.00226869904944078
PG01068b	-0.0178388172332429	0.0106448200742565	-0.0150380380048126	-0.0412764050500838	0.0124631014374054
PG00884	-0.00612372019494116	0.0180732217809481	0.000577508030296704	0.00468017576673356	-0.0397861604637108
PG00529	0.004809577112526	-0.0354433564553848	-0.0133533895699135	0.0243017292606817	0.00513139696783595
PG00895	-0.00104177303353738	-0.0271228357359347	-0.000636863006367189	-0.0101235507073984	-0.0200182505469564
PG00470	0.00288242684619824	0.00925352065149898	-0.0236708913149463	-0.0218775992906898	0.00927697562201256
PG00061	0.00433953762993541	0.0158029254849893	0.0250313183802429	0.007738633745668	0.0235414004818982
PG00292	0.00354720592078929	-0.0189803554646507	0.0038038719140836	0.0221770728708488	-0.0176130449381346
PG01095	0.0116292563053543	-0.000333818345140113	0.00606075692124465	-0.0149268696012602	0.0125918468031059
PG01806	0.00347960637439442	-0.00296477109932821	-0.018204256541493	0.00322383194273221	-0.0260939450110884
PG01586	-0.00449253211912516	0.00660890702565947	-0.0012629119750652	-0.0306162104091091	-0.00873553253902242
PG01026	0.017885861142135	0.00369519030715393	0.0042851475190599	0.00300244515148483	0.0217070713918057
PG00997	0.00863623945070347	0.0102470195325839	-0.0100722578261954	-0.00542122695357111	0.00674629789287654
PG01613	-0.00205583043839175	-0.0335333949358766	-0.00988053244278992	-0.00383530539921141	-0.0130493245850483
PG01148	-0.00525238634355069	0.0264279334451143	0.00876177568931327	-0.0220685397383715	0.00744824467847476
PG00055	0.0164049244360456	0.0204560554417371	-0.00456382613747419	0.00114115111594185	0.0249045474280944
PG01316	0.0117228868053523	-0.0109605476490085	0.00834593542749832	-0.0017573574777725	0.00753419682297227
PG01309	0.00581294787201379	0.00518887773134015	-0.00871913144393646	0.00264959980094649	0.0039509391752781
PG01575	0.0112220111533284	0.00520586097468459	-0.00524957253008434	-0.0191363974143699	-0.0349515606012254
PG01517	0.00174034118013087	0.00528945525784123	0.00526785551816937	-0.0178855513906738	0.00262815132583357
PG01754	0.0061524927516169	0.0238018894530271	-0.0190362544435584	-0.0199110133608444	0.0157473352134787
PG01419	0.00226011742849848	0.00694429729316055	-0.0177946890443368	0.0347178522162477	-0.0172161151185029
PG01335	0.00903176517810197	0.0117515688399557	-0.0174591404310024	-0.0201216791973869	-0.0120003853162658
PG01810	0.00381100027671744	-0.0149507047185763	0.00401762455189805	0.0136915106199439	-0.00237085240228953
PG01656	0.00606595076096685	0.025464045531767	0.0153012630509799	0.03444492509793	0.00999861062038886
PG00293	0.00626845850334156	-0.00385227371555224	-0.010308495950898	0.00627492751743709	0.000544660572019533
PG00131	-0.0139554329534977	-0.00769589337712708	0.0162769654234364	0.0218408988863199	0.011604563161448
PG00062	0.0172846445386891	-0.0154427164556802	-0.00771058820252732	0.0163153147480084	-0.0195606482561587
PG00623	-0.011935093459362	0.0115884829494628	0.000471833106090287	0.00834513223811877	-0.0315170980058132
PG00863	0.0092753623816088	-0.012302747244478	0.0141396935094722	0.0122609432774176	-0.00406801439031842
PG01661	-0.010174722819163	-0.00998280688242431	-0.0130559781851935	-0.00772281259042493	0.0283473467075605
PG01367	0.00617222514336046	-0.00747044461404122	-0.0241100032599718	0.0015320904551482	-0.0239564868007735
PG01211b	-0.0109192248764715	0.00231715137055274	0.0121694421887553	-0.0358944420798266	0.029026701275615
PG00716	-0.0022948994691712	0.00364850805321756	-0.00389430273904639	-0.0106918239955938	-0.00163219809641118
PG00247	0.00511286183660002	-0.0175283543453818	0.0141505212307812	-0.00405351412022403	-0.00271685586943793
PG00638	-0.014694069582684	0.0188559366330288	0.00969678584660983	0.0306925818588983	-0.00266684282397021
PG00096	-0.00884384338167306	0.0230757819421087	-0.0265358560006776	-0.017666672372992	-0.0225780496007996
PG01310	-0.0154778338909902	0.0272564420248247	0.0131832310422995	-0.00201298653404276	-0.00817651263236167
PG01725	0.0040646068904975	0.010695922907486	0.000616211007145415	-0.00496515486484826	-0.00757754093225952
PG00387	0.00559394146259062	-0.0143379677521788	-0.00770665547638248	-0.00166076818637396	0.00231454885441235
PG01197	-0.00258981302622021	-0.0212331310776513	-0.00177357019526423	0.019371938875006	0.018500531552163
PG00818	0.00600293382117202	-0.00191697024835942	0.00746238948443532	-0.0166760405597883	0.0206543810127442
PGSHARED0021	-0.0128031069646109	0.0235283824087974	0.0208404021851572	0.0175838824630001	-0.00573435531251887
PG01306	0.00615430823843893	0.00149777811950307	0.0115865089281815	0.0236961785984452	-0.0120404550294319
PG00439	0.0097056961841891	0.00399447174124688	-0.0147525851777254	0.00341591503342479	-0.0366944172905511
PG01820	-0.00200708797455927	-0.00324874772709427	-0.016999560682321	0.00210847260922951	0.00862182044718282
PG01764	-0.00831832448787593	0.022513370289819	0.0218850303569028	0.0205896073543375	0.00154791623586992
PG01356	-0.0141928671699197	0.0188209389049963	-0.000211479076609565	-0.000404202191388741	0.00191857660625824
PG01154	0.00328338558986958	0.0116835430656122	0.03035719502088	0.00422159489831638	-0.00953995567013191
PG00924	0.0116533859206992	-0.00831421526921203	0.0233970614751706	0.00073557623476051	-0.0262819293770463
PG00155	-0.00715295572963551	0.00783156962493562	-0.00586449485188312	0.0101274536286448	-0.0352759761956004
PG00261b	-0.000543572993577254	0.00782804452858292	0.0246461485837066	0.00609648810543533	-0.0113044629299646
PG01729	0.0114932123012818	0.00540395383971608	0.00205645021924711	0.00765710321395894	-0.040651887852892
PG01425	-0.0138748727364391	0.0123855814282645	-0.0253749970064472	0.00853625749664513	0.00194288577337859
PG01444	0.011014666341717	-0.000503950516631554	-0.0142037730359484	-0.0027792783650161	0.0129476223573429
PG00748	0.00135838718615469	-0.000144818260868159	-0.00661307918892058	0.0131949764313242	0.0219678575479808
PG01403	-0.00971995723653261	-0.00326950181032102	-0.0166996261249416	0.0143869810939559	-0.0122247660613153
PG00282	-0.00403217559734795	0.0376918749883397	-0.0185286935385257	-0.00586795633940984	-0.00161570836515812
PGSHARED0038	-0.00343136652215305	0.0133864714187533	0.013790737990831	0.0196137909033117	0.0338368067603326
PG00116	0.00569957414124445	0.0249524068327598	-0.0240401696510947	0.0124200119171977	-0.00892179587504754
PG00743	0.00023995708581108	-0.0365537216846964	-0.0196779578087418	-0.00836765710270019	-0.0135621272404924
PG00400	0.00412369028319486	0.0121241650001697	0.0292511688939509	-0.0101238196963367	-0.00529129821838666
PG01634b	-0.0158386958310562	0.0161274396397373	0.00569966694813248	0.00246290198269511	-0.00865520306238857
PG00398	0.00463694121033813	0.00791158308528739	0.0275140803323808	-0.0298816111622698	-0.0101509212435337
PG00407	0.0106015636887988	-0.008726709712765	0.0133782086281949	-0.0458398033307137	0.00993347201252737
PG01792	-0.00795285079957105	-0.00161370561981162	-0.0329426682925585	-0.0170982334640253	-0.0314521976968949
PG00711	-0.00560305609403169	0.0108001563364058	0.0166849746082233	0.0257992844389061	-0.0155252314484865
PG00392	0.00765144603967061	-0.00362562071344906	-0.0237880931552303	0.0243005132664636	-0.0155643051562962
PGSHARED0007	0.0101909666027422	0.0146785198707285	-0.0297390748942509	0.0123859221543273	-0.00170347373981176
PG01716	0.00187126667456494	-0.0213285153957721	0.0186118424368997	-0.0137727560824049	-0.0071325412502285
PGSHARED0037	0.0154847841377866	0.00895661951891677	-0.0195084546124812	0.0156016404100654	0.0147889542221358
PG01645	0.000428293027770432	-0.0272302263109347	0.00366115398979664	0.0014746567370842	0.0265454052276129
PG00140	0.00507456213079808	0.0113577462135556	-0.0125925166516863	0.0214152047453412	0.0145828710996064
PG01005	0.000985483867234831	-0.00532461458660351	-0.0119102392861152	-0.0176480009485122	0.00929135996078736
PG01159	0.0133270908454367	-0.00318125098184371	-0.00875363293327386	-0.0112844965295539	-0.0127841153921124
PG01753	0.000741294235061231	-0.0141336400562931	-0.0215161713982845	-0.0084565443566029	-0.0259360919135647
PG01677	0.0107457742382577	-0.00231121655433317	-0.0207807052752351	0.00108158607098473	-0.0193138562823758
PG01230	-0.000942790014326678	0.00313638695581298	-0.0112084294645041	0.00494938328829776	0.0159128422858913
PG00315	0.0035660143575009	0.0121620741604587	-0.00845937799002472	-0.0408369405552689	-0.0149798237390044
PG01255	-0.0162148755516362	0.0183631953119401	-0.0170935600693286	0.0131515162870823	0.0251392454038838
PG01771	-0.0130952344131111	0.00970093567536523	0.0428180507932502	-0.0290637463760649	-0.00494319609904518
PG01491	0.00128545674318971	0.0174172449810089	0.00448334068179261	-0.00454958422397656	-0.0165485270951415
PG00707	0.00278361726328066	-0.00130070514210789	0.033654162615507	0.0337281226499729	-0.0106171537983705
PG01202	-0.0072870721257126	-0.00751207108923373	0.0258987651322702	-0.0186772264375973	-0.0183605158764338
PG00941	0.012944865050988	-0.00463405440119363	-0.0251007039822826	-0.0220742252714701	-0.0176891106617932
PG00649	-0.00649047361665075	0.00989251360537291	0.00198294143115979	0.0191203659817395	-0.00685681096232083
PG01660	-0.000144304786233218	-0.0230088104240941	-0.0338631235870696	-0.0298768869146264	-0.00250769180360586
PG01429	0.00732454864947274	-0.0291502862904353	0.0140068444564156	-0.00461432314332188	0.0206375349821546
PG00891	0.0155063250458946	-0.0119030124661002	-0.0189942560654958	-0.0257159363333915	-0.0142100239819313
PG01377	0.0083826505804198	0.00541369507448003	-0.00686020128197191	-0.0116251950859531	-0.000175769455846154
PG01787	0.0117092989962102	-0.0140451479329493	-0.00321748838941325	-0.000488613934793449	0.0124510850129928
PG00317	-0.00300251250461932	0.0280004164855631	0.00402467711094586	0.0206059494168148	-0.0400008639937069
PG00303	0.0185824242298797	-0.0160473022644809	-0.0202778444000416	0.00986367910938906	-0.014565287208215
PG00310	-0.000718444287865055	-0.0121743101200951	0.00854538988925021	0.0247598467402038	-0.00567706684066222
PG01267	0.00613122706250399	0.00355664099021839	-0.007586689250345	0.00364422224213482	0.011360627310002
PG01756	-0.00962455229772133	-0.00393454762550901	-0.0100319944866035	0.00376285401811647	-0.00321391271870314
PG00699	0.0123956840355884	-0.00674269467149263	-0.00924062788108429	-0.00314423970837305	-0.0354789738285253
PG01033	-0.0059343860936315	0.0157646158108371	-0.0209464786350123	-0.00503877415167592	0.00646757069749544
PG01279	0.000941160027750001	-0.013092311048976	-0.0195821794896408	-0.0168380787805711	0.00690619754860107
PG00420	0.0116912273473881	-0.00944718215490726	-0.0134497002715864	-0.0167792393384736	-0.0174859802563246
PG00921	-0.00628499579530442	0.0219602528540821	0.000363184824422807	0.0161538371405393	-0.0114275501597266
PG01140	-0.00214312264963143	-0.00320038098596674	-0.0229199707751882	-0.00665345174339024	0.00926343484832993
PGSHARED0008	-0.00744013821721925	-0.0137254606965397	0.0258009971609924	0.000232152064477095	0.00459591983769929
PG01019	0.0159732259736209	-0.00498622014001793	0.0094079858709414	0.0062890977685856	-0.00865912522997589
PG01721	-0.000595340705213822	0.000619672602618859	-0.0154357467545129	-0.0128710209587699	0.00715053336910323
PG00134	0.00646917196025044	0.00221362649716474	-0.01206458697001	0.0164957570355503	0.0164445398193742
PG00675	-0.0117753133325501	0.0225551790887301	-0.00369267306130582	-0.0144620685603433	-0.00558203426301317
PG01672	-0.0176749203503794	0.0192688333145401	-0.00797069176316296	-0.0037773751503047	0.00453061171724203
PG00553	0.000937654444992494	0.00668424624873253	-0.00445615980852771	-0.00632913736093586	-0.0135794729975062
PG00113b	-0.00570481728434818	0.00399307180853763	-0.0175912324140757	0.0443492907572235	0.020626067534741
PG01743	0.00627449967371809	-0.00345206879526847	-0.0348156221015556	-0.00329333422778524	-0.00649313161144907
PG01253	1.21581093333337e-05	0.0123313643837474	0.014278409020542	0.00158781669828268	-0.00067272999057851
PG00786	0.00284221694964877	0.000793715958724934	0.00515104498513592	0.0101310494760676	-0.00486895282850574
PG01023	-0.00370082987862455	-0.00252903093626	-0.000528496187464848	-0.00649583987760315	0.0128052347910984
PG00274	0.00563517932499315	-0.015898079217743	-0.0224202228206383	-0.031812762771651	-0.0161081804857704
PG00006	0.00498402075592294	0.00924909942644403	-0.00994433733000549	0.0427233929814099	-0.0241978251213171
PG01099	-0.0122064203301444	0.0112254334888395	0.00968658680134628	0.0274267896993353	0.00349278820191902
PG01380	0.00937404471947741	0.00482713634122221	-0.020224725955479	-0.0237447453167492	0.00247444496488839
PG00095	0.00568036707116454	0.00576690608537469	0.00681193452053927	0.0157884457276808	-0.00280492654713762
PG00004	0.0014049279444665	-0.00233656905886426	-0.0306649853572437	0.016720355901358	0.0216284380057866
PG01625	-0.00119468688517054	-0.00311483713301031	0.0210290243861716	0.0038552376281008	0.016778505220645
PG00868	0.0172129483178802	-0.00519582679643341	0.00133167415256767	0.00612801373082924	-0.0197652433481999
PG00132	0.0108182447853282	-0.0224406001026477	-0.00909501844718792	-0.00532061340787324	0.0347795372290315
PG01709	-0.00835131266242169	0.00251351801484099	0.004389495376992	-0.0205140392496265	-0.0323545141346073
PG00925	-0.00601265707510403	0.00952251574430439	-0.0258024407641732	0.0130438314678471	-0.00506691329440325
PG00261	0.00579026587882807	0.00740107028234476	0.00811817363394641	0.00951254479209177	-0.0412456913577
PG01287	-0.00481681097859489	-0.000331516797474236	0.0125478954433473	-0.0261177397357882	-0.000127813625605108
PG01252	0.0173579881410586	-0.000160862820723853	0.000236769472256159	0.00288755139364738	0.0045290539176912
PG00592	0.0158809807173758	-0.00657245154309727	0.0231484746522363	-0.0156374221290347	-0.0256398401013829
PG00517	-0.00137031929341018	0.012785669749137	0.0198896547517085	-0.0261148061953151	-0.0162685415559735
PGSHARED0060	-0.0161326125219751	0.0101770363956307	0.0143343914946255	-0.0223714368076423	-0.00198214365078492
PG01215	-0.00364627060467974	-0.00782309559504314	-0.0262942393589915	-0.0221214166669646	-0.021116993175036
PG00227	0.00430301256227059	-0.000979745349452846	-0.00313112834748213	-0.0111570652574499	-0.0101986129471906
PG00803	0.00604910642457524	-0.00673133715486074	-0.00543785652139632	-0.0029371577991849	-0.00350921857543133
PG01115	0.00547901504167795	0.00945648535101214	-0.0331345074889555	0.00542301670294091	0.00868981594915742
PG00339	0.0118283234653741	-0.00389801047955134	0.00118303424098373	-0.00271783252462516	-0.0152947345347851
PG01713	0.0137624957426219	0.00864531231479953	-0.0202746207739878	-0.018254876129699	0.00557684367310283
PG00604	0.0057465641292059	0.00322393907953216	-0.00452146806486076	0.0101325417437275	-0.00533100902551235
PG01735	0.00931992534412849	0.0210496409391275	0.00590632648828297	-0.00499800755675736	-0.00181540405806214
PG01822	0.0012155557408644	0.00209843892078874	-0.0218364707410684	-0.0123942971622756	-0.0235958282986669
PG00507	-0.00373772149613042	-0.00628469670674302	0.00163568119206071	0.0114481269798814	-0.00609056765817522
PG01417	0.00413463188783672	0.00875432101131026	-0.00101126088947533	0.015585012028318	0.000621515735951503
PG00232	0.000766255917060525	0.00126859429453598	-0.029078382194711	-0.00333742264945179	0.0100904670643558
PG00934	-0.00597360121022516	0.0252956025697131	-0.0092662750040256	0.00527842864462288	-0.00828758102212041
PG00221	0.000269806319644029	0.00933488963220494	-0.0282045643950435	0.00395901002457785	0.034230928255671
PGSHARED0071	0.0160368783710974	0.00509369203259441	0.000156504886540685	-0.017064060904715	-0.0163210423594396
PG01251	-0.0217202775797219	0.0190073069070976	-0.0231991372084871	-0.00157662956034393	0.00210769813060743
PG01093	0.000445488858769698	0.00587721342954298	0.0148493183409365	-0.0178093222889681	0.0191676348537467
PG00345	0.00660958314650866	0.000784487178557723	0.00379527886712426	-0.0269577776466488	-0.00672541893397225
PG00122	0.00293814931706053	0.0102159943243366	-0.0234086127663076	-0.00565623427465773	-0.00650235078863298
PG01036	0.00525714073773867	0.00903278032700277	0.0110182874279962	0.00834029771148599	-0.00111590254033519
PG01549	-0.010939387434497	0.0134724317547212	-0.0324175217317048	-0.0172664367378707	-0.0059884705416745
PG01611	0.00785183324846798	0.0022184228041733	-0.0213716803792985	0.0341856831051363	0.00417552214538381
PG00204	-0.00312154554526169	0.0110185678474656	0.00632533742750122	0.00297944028560649	-0.0225463545125042
PG01824	-0.00552263992511658	0.00956708072074157	-0.00382600490598856	0.0125668842211538	-0.0262891718988571
PG01548	-0.00312857204027089	0.00690294957581229	-0.0220303977293512	-0.00250915642398609	0.000639775029665233
PG01643	0.0100145695258464	-0.00754561212126552	0.011549601400245	0.0179992171741039	0.00628759168456398
PG01231	0.013027734017132	-0.0107151973488484	-0.00165223617782028	-0.00455986977759996	-0.00590801750812234
PG00102	0.0149865750054515	-0.0127626078117478	-0.00724567900242014	-0.000931249100451626	-0.0218320622337716
PG01124	0.00245173607141932	-0.00337913985754132	-0.00216066370088802	-0.00643695140260877	-0.0276728085268865
PG00383	0.00036598420700991	-0.0226283794684641	0.0014175608649787	0.0130336077132089	-0.0137180789350792
PG00105	0.00153161965626642	-0.00832537836328136	-0.0120489569225422	0.0185945838290219	0.0106699237178075
PG00882	0.0106072654810965	-0.0102072119752239	-0.0118024410786616	0.00688652874599262	-0.0199410206257714
PG00977b	0.0118652806169341	-0.00142891884192195	0.0210734367177226	0.00591037385264524	0.00432005832846301
PG00334	0.000574618044765252	0.0154376340655084	0.0172296497101251	-0.0235942108036508	0.011115946531081
PG01139	-0.0159057704310689	0.011765457222385	0.00765163760734172	-0.0148233451121983	-0.0226402705258118
PG00508	-0.00560491375389932	0.00132606219870217	-0.0187336994394726	-0.00314373923725127	0.000223183320045235
PG00713	-0.00035328512544786	0.0110227594422973	0.00264355095726709	-0.0188568123059983	-0.0148524212309611
PG00092	0.00439240601859001	-0.0151998558693442	-0.0016514018381191	-0.0160790584172336	0.00525197977815187
PG00041	0.000103303810634407	-0.0113987840850937	0.0229701574036259	0.000948647355452239	-0.037777139952504
PG00371	0.00907781383435626	-9.43971640909944e-06	-0.0107475105980301	0.009619032536495	0.00185099850629058
PG00969	0.00924331352277522	-0.00513491426936887	-0.00731122715678702	0.0363960076127306	0.00485609190741026
PG00425	-0.00629812116287121	-0.00905388482856654	-0.00906367320676281	0.0212564480544701	-0.00196331396298109
PG01616	0.00596172740076953	-0.00396933867618153	0.00676408745767555	0.00639032891029644	0.0118886143287796
PG00878	0.00693284873615318	-0.0164390291855357	-0.026342812698183	0.0122618127240842	0.00558946356187885
PGSHARED0033	0.0154160409905087	-0.0196831363615074	-0.0183001779234773	-0.0193460424416379	-0.0164354497292062
PG01791	0.0122297895488659	-0.0172848561660715	-0.00856626287806278	0.00932459160721675	0.0114016737226582
PG00453	-0.00481898277506873	-0.00418116098282511	0.00118072640161355	0.00944636733271762	0.015887439582028
PG01812	0.00537687553849336	0.0136414862175643	-0.0270151794869844	0.0119980446200271	-0.00516946348647833
PG00257	0.0116697853919051	0.000907823558600519	-0.000342509447234822	-0.00858156536175624	-0.0138463908904808
PG01652	0.00823392104671721	0.0107681419867344	0.00764717809085647	0.0141407339620789	0.0014637589702218
PG01238	0.0170369859664004	-0.0152599745726666	-0.025631213461469	-0.0122372005954158	-0.00846441178665735
PG00576	-0.000953490176394168	-0.00811879745705457	-0.0202086818603637	-0.0196492099109295	0.00107165743652787
PG00328	0.00706077942211913	-0.0101457303400671	0.0287843937254069	-0.0142880628066165	0.0101525304701818
PG00823	-0.00486776142787367	-0.00177765365715799	0.0385749447985721	0.00749284166854032	0.0222606701941213
PG01565	0.000718084427800011	0.0100207966243643	0.00603752142887037	-0.0176306686616429	-0.0185182050067186
PG01284	0.00484194232265266	0.0153249654688783	0.0174133781362388	-0.00035959757083649	-0.0217485775147062
PG01527	-0.00623330639323517	0.000342151747928432	-0.0265938855404849	-0.00626797013828039	-0.027781903270383
PG00270	-0.0048806018394876	-0.00236718612896342	-0.0140638835025896	-0.0348852840069414	-0.00117676100601096
PG00820	0.00404410076645668	-0.0264057073511901	-0.00993767985820883	-0.0166971498387187	-0.00262002618963901
PGSHARED0004	0.00508709623278556	-0.0218407759869291	-0.00782705092201321	0.0107396405039358	-0.000607878904271846
PG00729	8.21328704336769e-05	0.00859657689449219	0.0284928123055328	0.0120899441036412	0.00334449929774221
PG00291	-0.00391917230803621	-0.00979254340526725	-0.0190686570674989	-0.0264851777531303	0.00628744108983151
PG01669	-0.00752968636631375	0.000856866451148465	-0.00202051791097284	0.00204084116775442	-0.0164236690694251
PG00188	-0.014427364738383	0.00519617333572338	-0.0115729364812948	-0.00104124056185897	5.34552084355559e-05
PG01449	-0.00214521068011786	0.0124841089437046	-0.0127015112747923	-0.000440632907395361	0.00603498336688501
PG00962	0.00145510300268036	0.00821750783118757	0.0183750547616409	-0.00177040626238241	0.00306712710639077
PG01352	-0.00325940825700147	0.00261711279876404	0.00414157732299723	0.00580274687954444	0.0057719783130736
PG01762	-0.0111116312365697	-0.00633710799375513	0.0201699749760654	-0.00395180133990332	-0.012605088913121
PGSHARED0020	0.00618289561470119	-0.00699408604199998	0.0133662542298402	0.0136526238211697	-0.0146218895974769
PG01436	0.0043625586292314	-0.013025135757151	0.0205948065394835	0.00550101740439583	0.0104190219782728
PG01137	0.0124913449730854	-0.0191722958013273	0.014837587087961	-0.00973884413209889	0.00269350628935527
PG01699	0.00281476426626051	0.000570793143218392	0.0221101657735851	0.0195220907978044	-0.0246991051581177
PG01105	0.00381879497271559	-0.0176622962697437	0.00209768076614931	-0.00219419636810621	-0.0212699785275147
PG01373	0.00131705744749482	-0.00209658726030714	-0.00754173967520553	0.000576372026482821	-0.0062000003799035
PG00099	0.00697201553327415	0.00789385018452672	0.00880527013116151	0.00489932816655429	0.00691057985092368
PG00220	-0.000215271388818256	-0.00951555427814301	0.00212110191534565	0.0166322133418424	-0.0101329936138226
PG00671	0.0148293814009187	0.000692255098795528	-0.00910123993555698	0.0131989935886153	0.00275993885942556
PG01826	0.00166300620787993	0.0153400852971016	0.00619841934005019	0.0282970127444363	0.00498725272279313
PG00546	-0.00590852319880382	0.0251744600415686	0.0351730045688951	0.022669890287506	0.0214809885430998
PGSHARED0042	-0.0155335742957073	0.0299022486388129	-0.00834268600647432	0.00634191464575908	-0.00344754476177654
PG01606	-0.0026551476739095	0.0270083229364479	-0.018700570196795	0.0149741823181415	-0.00320439704163995
PG01416	0.00503594789205285	0.00402806596503173	0.00137206692164005	-0.0317057525752204	0.0208310863143042
PG01800	0.0120729733810148	0.00802214582295107	-0.0177222592675506	0.00987518990270136	-0.00838242348826036
PG01301	-0.00703667402439385	0.00648425770792379	0.0264457633009639	0.0172687419974835	0.00479710822460498
PG01718	0.00553961872085864	-0.00963637572258587	0.0100323463635893	0.00145459625553122	-0.0170872873827105
PG01328	0.00149092012446063	-0.00418125018361401	-0.0195618171003603	-0.0460594771318574	-0.00198260557903962
PG00572	0.000478209508718161	0.00916608954145389	0.0191368213969744	-0.0121697706648226	0.0112036367884302
PG01441	-0.00588868649991659	0.00777960735353303	-0.0237261739239701	0.00852848500879269	-0.0188112160914517
PG00591	-0.000598330503832479	0.00860119351781301	0.00675533323939298	0.0114450194994258	0.019937533155416
PG00194	-0.00831161242012547	-0.009324284223403	0.00967327853591743	0.0182979458776555	0.0197481597720616
PG00916	0.00910084394972146	-0.00545413321660671	0.0266057625739452	0.000527238752019633	0.000992369774019966
PG01535	0.00210657485776634	-0.00153498576228875	0.0128099101820597	-0.0174814214937904	0.0121369672543162
PG01028	0.0039052958828363	0.000354230653831297	0.0116353639612135	0.0088890158076568	-0.0224937521304909
PG01676	-0.0112174878805564	-0.0139354239686672	0.000933060406569528	0.00949413016843037	-0.00422016411014413
PG01768	-0.0127216516647371	0.0127930383420078	0.0199089890400712	0.002822294241035	-0.00801336466145839
PG00277	0.00213932784523305	0.0200604601360241	0.0015269424435466	-0.0207636623437852	-0.000939343228799548
PG00938	0.00181888289736739	0.00927352167542272	-0.00492837968675422	0.00842552832460874	-0.00901751172152087
PG01322	0.00593952023888469	-0.00800588208450863	0.00830315620519927	0.000598004589078268	0.000938147734506088
PG00808	0.00297277487078676	0.00146131070802999	-0.00586048934073011	0.00941781861717369	0.015068239751799
PG01689	-0.000462001854985992	0.0106581360701754	0.0027120077780417	0.0166820673039802	-0.0112273446063406
PG00661	0.0128737344184081	-0.00265645002953708	0.0139246346887471	-0.00767396282927615	0.00696724931070982
PG00659	-0.000403959284898084	-0.0206841653647276	-0.0183241796269377	-0.0275079769932357	-0.0301997723847263
PGSHARED0070	0.00143167561038297	0.0114731328631458	0.0117718387624383	0.00818136298327025	-0.0269267912428149
PG01344	-0.00424048441013561	-0.0106524442738968	-0.00661291652289562	-0.00392330854433602	-0.0147049117336105
PG00429	-0.0197141853145604	-0.0169642167188328	0.00945950899580251	-0.00232758552899784	0.00599100045350393
PG01361	0.00295646554738733	0.0159022023089019	-0.015034643841456	0.0131421467523987	-0.00261681122055676
PG00899	-0.00287582350591553	-0.00330349721415384	-0.0158291772980299	0.0201570999725598	0.0145757899450724
PG01271	-0.00421118354279008	0.0165397423984023	0.00510597755139263	0.0181659418706341	-0.00686708136769099
PG00104	-0.00539874558201736	0.0081337651845235	-0.0342788983786458	0.01290662856075	-0.0203658010804068
PG01617	-0.00198594855744406	0.000501716184880117	0.0191835918516379	0.0145108303191908	0.00185565945711878
PG01739	0.00581396297655446	-0.00586132811380133	-0.0179380586384557	-0.0274864431867862	-0.0250114450955887
PG01814	0.00630778674273383	0.00543643096769699	-0.00134868303434872	0.0109800622860123	0.0278824684867161
PG01412	0.00367737046259818	0.00792074286165041	-0.000638134440247621	-0.00224214908078845	0.00808537255940871
PG01194	-0.00115652248243155	0.00213910693523715	0.0102648521744054	-0.0165927773314047	0.00990225030792493
PG01360	0.00987724376865763	0.0212065538688874	0.0135361342382439	-0.0241807067087684	0.0116540239188766
PG00761	0.00138101340089937	0.00240978345297182	0.0247149315208222	0.014695170403092	0.0132500679801078
PG00060	0.00512346723198916	-0.00449364793078365	-0.0131863819945242	0.0184813098759548	0.0225755389501701
PG00127	-0.00779705030914976	-0.0029000079646431	0.00105299556996512	-0.00670033121981094	-0.0148265835917169
PG00825	-0.00362302618325757	0.00389805623071554	0.0337654330302997	-0.000590893703642909	0.0207765458453784
PGSHARED0041	0.00476188751554302	-0.000194146733150682	0.00064228666497659	-0.0182359350584359	0.00469925870195538
PG00226	0.00781249898835782	-0.0150632369421765	-0.00170421489720762	0.00457652931689626	-0.020480397020613
PG01488	0.00316136882564394	-0.00685091534919768	0.00129732090856802	0.00253168994662675	0.0026912290346261
PG01788	-0.00576627970309957	-0.0101375971994908	0.000686631850695313	0.00951500997490528	-0.002331643529673
PG00778	0.00177832501881699	0.0118460221342651	-0.0435362935774175	-0.00584179930479144	0.00770015395531037
PG01741	-0.00056452449048842	0.0075878633018938	0.000488862801434823	0.0155253114310367	-0.00858922116373289
PG01395	-0.0110519889803175	0.0226653466345998	-0.0174326612408625	0.00870780764620526	-0.023903810683161
PG00487	0.00489612846346999	0.0152031496229603	0.00468891705505415	0.0379019899113464	-0.000243976125806845
PG00389	-0.0111712579701285	0.0118134802808892	-0.00051406246771372	0.0188658360433948	-0.021960443140723
PG00834	-0.0152350904645845	0.013885052339384	-0.0177621406787601	-0.0172580115387859	0.00965830041649207
PG00613	-0.0184313728518006	0.0218911832663918	-0.00133236252981051	-0.00741742046982222	0.00409675317308956
PG01815	-0.0097981448400456	0.00855653308557322	0.00344902800501343	0.0352782651911388	-0.00418080205601078
PG00599	0.00883082656144654	-0.00491395143038937	0.015497070994339	-0.00578897220568544	-0.00483819024416534
PG00668	0.00348707934771412	-0.00273470976820199	-0.0123195250957917	-0.0103092740708712	0.0230331378451517
PG00814	0.00117190760873057	0.0145257178384362	-0.0107750575246784	0.00736202181952987	-0.0289766034565709
PG00355	-0.00349025243396213	0.0121148902041647	0.0039985571994794	-0.0332521685533664	0.00692133181907152
PG01054	0.00221687009883299	-0.00783311838310011	0.0161457333651659	0.0368392810431922	0.0199009885554067
PG00225	0.0067976617477637	0.0109627425368632	-0.00764034573118041	-0.02662543691963	0.0112411673558707
PG01295	-0.00807631994771964	0.00487745779885659	0.0260220612962571	0.00640818424221321	-0.0267511736131023
PG01280	-0.00508647402326986	-0.000286795804427591	0.0122369256111162	-0.0200322242766684	-0.0142765972370541
PG00497	-0.00231810718323506	0.00493452625439563	0.00526830658371002	0.01315028772773	0.0217264107289373
PG01770	-0.00239383013872931	0.0178411843047501	-0.0149036808389558	-0.00163088719259284	-0.0123384789454472
PG00847	0.00114949856685907	0.0192197182476969	-0.0216145025949139	0.0204197519124133	0.0107885864660372
PG00979	0.012294927827786	-0.00176845084481199	-0.023249280605647	0.00397913164377861	-0.023663693540763
PG00963	0.00994653414412458	0.000938183061433623	-0.0115302183795204	0.00655395570915904	0.00587248890327962
PG01693	0.012668846452749	-0.0151120830260722	0.0142966547946207	0.00234010110427978	-0.0108335470884812
PG01781	-0.0105268845319802	-0.0041930504017575	-0.0172443356721071	0.0020646244036099	-0.00933159883686187
PG01364	0.0059202797940382	-0.00360649351593441	-0.00195512936163646	0.0247165376159315	0.00113584693333247
PG00200	4.48389690148261e-05	-0.00277453491983296	-0.0111500815403457	0.0242082945887367	-0.0267658702098986
PG00520	0.000460956679114572	-0.0172842994105521	0.00670021156251295	-0.00478860511306197	-0.00483118203718007
PG01382	0.00910588346620994	0.00421095516897723	-0.00641199438002191	0.0347934339854576	-0.0274457681913164
PG00457	0.00664929700730123	-0.0152394205361362	-0.0132089587307634	0.0248306928150354	-0.0241281180117714
PG00972	-0.00107913616689412	0.000769359532356867	0.00815715262561426	-0.026371874885954	0.0105554775717645
PG01168	-0.00990707928316524	-0.00503748206666442	0.0226351332826208	0.00817454788234823	0.0084201541797096
PGSHARED0026	0.00152279397876887	-0.0161424830856597	-0.00186380793542303	0.012881109323989	-0.021472601762885
PG00532	0.00824166306753238	-0.0103104218454479	-0.0133236868740805	0.00337628951332214	-0.00369441515849831
PG01524	0.00508506327932804	0.00398446758268516	0.00232344531987251	-0.00624440994327534	0.00794181950487235
PG01649	7.61423159961713e-05	0.00489173286330862	0.00868117501826839	0.000231626553525815	-0.00506092069898678
PG01545	-0.00255805786464356	-0.00758234867024497	-0.0309690214713771	-0.00550915869703534	-0.0143705573218965
PG00608	0.000706715479134007	0.0049305536889281	-0.0153335010264196	0.0215125360700973	-0.00921187088382113
PG00057	0.00103478883619943	0.0129172973834283	0.0102127371102861	0.0135943604240016	-0.00617517535842479
PG00574	0.0140225188211712	0.00670271169373968	0.0180721830938796	-0.0142186009720168	-0.0142168078413641
PG00380	0.0150678483256664	-0.00589997880641344	-0.000600537821318622	0.0141959216712728	-0.0312308336504183
PG01710	0.0129202478460408	0.00549946170167725	-0.0176925129457336	0.00486078916778605	0.00367170145815724
PG01114	0.00419102723659034	0.000549033367716664	0.00652844414359159	-0.0109846027359258	0.00849501938152999
PG00547	-0.000183100215270165	-0.013884596987837	-0.00602473947968262	-0.0255444472314119	0.0100484741814794
PG00219	-0.0148000442723134	0.0216584466186755	0.00624448014773872	-0.0217728451772619	0.00423432200248506
PG00784	0.00783747272025284	-0.00996918377876537	0.0066942030472573	-0.00678947321706914	-0.0118330963913026
PG01670	-0.0074860515092466	-0.00119431609305541	-0.0198157597546037	0.000220022090716198	0.00209901545741036
PG01532	0.00894348879856972	0.00383636945554796	0.00443553074147876	0.00394715352510084	-0.01778969189319
PG00483	-0.0023921997689667	0.00335848003101281	-0.00755342707245949	0.0251294494620188	0.00709409861130304
PG00034	-0.000335409291303506	-0.00963436918861619	0.00317120837618144	0.0241136175676853	-0.0310231236440847
PG01109	0.00117162372883647	-0.0107075547311988	-0.00527263672717415	0.00238814181722666	0.0163008322716678
PG01665	-0.00297068719127259	-0.00864886089784376	-0.0284568544673033	0.017014475519169	-0.0143421178718332
PG01187	0.00968272066613864	-0.00549817440735552	-0.00182299904764364	-0.0155177158412967	0.0047530433488255
PG00590	-0.00187243989699749	0.00685991280306312	-0.004728897304104	0.0332711671501095	-0.0120276346558311
PG00077	-0.00282571892130302	-0.00991331297771771	0.0089057955541114	-0.00087484631880955	-0.0136173296504807
PG01497	-0.00608299054596107	-0.00688638200712791	-0.0209035706134552	0.0135786661634944	-0.00829500456800196
PG00582	0.0121775379982402	-0.00261308577138759	-0.0111474055517809	-0.00302834053226292	0.0116687931460847
PG00373	0.00317012053064839	0.00804105895888079	-0.0174193386665987	-0.00328993261268276	-0.0200751020637024
PG01169	0.00641540314850119	0.00205850398083176	-0.00651130913792834	-0.0213867497009828	-0.0282615589915238
PG00084	0.002963014102567	0.0020499957535501	0.0119247628153602	-0.0192649570261891	0.019376676019626
PG00426	0.0015429068709151	-0.0139524670216988	0.0143894565124757	-0.0354370275812413	0.00154195902943329
PG00565	0.0127036392011334	-0.0084521023435606	-0.00577211074195194	-0.000470584818152633	0.00822237040275399
PG00056	-0.0059202262755614	0.0110633481077261	-0.00748778844136514	-0.0261519276034806	0.00270630661612679
PG00031b	0.00502843947439746	-0.00627639164845229	-0.0218461736832426	-0.00627469917810339	0.00840396198202155
PG01499	0.00298407362300409	0.00133610170957458	0.00147123149191629	-0.0293422291641299	-0.0123045480532457
PG00719	0.00264325801894015	0.00804957531251547	0.00580150338299759	-0.0176420641821361	-0.0185419189660674
PG01687	0.00669215296613784	-0.0128339246879372	0.0327535035020902	-0.0010352714403878	0.0235613906578573
PG01465	-0.000685219920415912	0.00641724547309293	-0.0233041334175989	0.0150294739262698	-0.0137779252806597
PG01345	-0.00668354347007048	-0.0216370124452227	0.0023655321198812	0.0242366256652337	-0.0188953586378685
PG01225	0.0071212525041358	-0.00187270959626778	-0.0213773209528438	0.0168885647173735	0.00266561414392614
PGSHARED0039	0.00761586053511937	-0.00883637453257495	-0.000172798973758266	0.0116448732041649	-0.0262197378750505
PG00012	-0.00421579094092724	0.00486056423430988	-0.0129837454862206	-0.0112672745083275	-0.00626713800530525
PGSHARED0072	-0.00174699298473633	-0.011224430177352	-0.0103566014250482	0.016769783803188	0.00315904889765716
PG01448	-0.00180978613567471	-0.00644824145134465	-0.0105449378962823	0.000205641259795944	0.00255971419071973
PG01813	-0.00172297149169887	0.0047192696000728	-0.0183768569802903	-0.0260240188231871	-0.0123790399325218
PG00427	0.00838785106343239	-0.0150815982781137	-0.0165557245278746	-0.00213219534411493	0.0292835865063688
PG00139	-0.0029419580373963	-0.00333659021258759	-0.00971474995304724	0.0145782385435347	-0.0292383446176744
PG00025	0.00390227462333445	-0.0165325802062882	-0.0115541943499965	0.00065630161788905	-0.00265290312125692
PG00276	-0.000835264030784543	0.0019362927027391	0.023284881131578	0.0188563473607519	-0.00861341927503812
PG01531	-0.0040610222412134	0.00191063355659646	-0.00484003463986078	0.00718249323368017	-0.0111267331585095
PG00128	-0.00497463716868064	0.0194924397972562	-0.0216283458085586	0.00461279442994057	-0.0100313342194725
PG01620	0.00276882936492629	-0.0202623940330659	-0.0208856594353664	0.0167705185188317	-0.0204719097516348
PG01796b	-0.00220739674008182	-0.00615255855252203	0.0272894171033655	-0.0097750934188018	0.0132881857290701
PG01544	-0.00871405040768953	0.0243436083574872	0.00667973798123293	-0.0219083375151491	0.0107473814565157
PG01590	0.00688991468605193	0.00528830920434137	0.00834711114870955	-0.00528594709490472	-0.0133290009708052
PG00919	0.00696579275504479	-0.00211153635355713	-0.0257534175146539	0.0103825480199723	-0.017705673625023
PG01278	0.00168014001352718	0.0111444343502165	-0.00556306965927178	0.0277443941478791	-0.0380081272964887
PG01361b	-0.0045672994072069	0.00540486731307554	-0.0101116961880571	-0.014787820563333	0.00495198144550698
PG01339	-0.00709654076452798	0.0313281749272304	-0.00222494928312066	-0.0102565958618879	-0.00244646917074277
PG01543	0.00348880810711946	0.00268275382026499	-0.00207984267663019	0.014168307439761	-0.00523507474782501
PG01189	0.0057626462669716	0.0179112642991541	0.0221189543607383	0.00962283620905151	0.0221286762535488
PGSHARED0013	-0.0113177680323325	-2.80772274292426e-05	-0.00020741047368282	0.0021917274888976	-0.0156108840584118
PG00597	0.00283084237082858	0.0103884533152512	-0.00234381223185543	0.00832207274905094	0.00556436728920405
PG01039	0.0184623580433593	0.00208360009885361	-0.0185732799106091	-0.0141737980746931	0.00557367481096277
PG01223	0.00902471828634191	-0.011751255942095	-0.0132101060968654	-0.00805541435537509	-0.0130326546120694
PG00152	0.0112748176361325	-0.013177970400415	-0.028880257530229	0.0115432002851584	0.00836635055381507
PG00887	0.00957565515690985	-0.00513340396875774	-0.00853408991149767	-0.00918144922261376	-0.0220939948023096
PG01110	-0.00259763350761597	0.00689874450505348	0.0231695485861438	-0.0242997291940421	-0.0125409187234453
PG00705	0.00216313043005117	0.00815612653225829	-0.0188162355893136	-0.00206278905587243	-0.0288201112882625
PG00201	0.00585090276765443	-0.00114330222441584	0.0115878828156308	0.00673105299343557	0.0227780911686879
PG00947	0.00120886361804648	0.00166218909274066	-0.0108155926045736	0.0125943234189498	0.0318665918842894
PG00566	0.011980887738879	0.00233938247054824	-0.0168340417952598	0.0173560558782537	0.00264894039430965
PG00688	0.0033105385331427	-0.00111871074429588	-0.0106965509563129	-0.0115668170501284	-0.0174352597843167
PG01752	0.00286344222364888	0.00283145789738635	-0.0210796947224076	0.0196959268439477	0.0114729226551404
PG00306	-0.00371437194033406	-0.0227693726922222	0.00103624837429662	-0.0141944948102002	-0.00206570852637754
PG00492	0.00522062690094987	0.00770116264787727	0.00183199997617509	0.0250266538839687	-0.0161449066033232
PG00347	0.00542913327591806	0.0100574755203646	-0.0168740837263664	0.0316817522087981	-0.00633640625287813
PG01375	7.01868039192431e-05	0.00862786480857194	0.0312243133588517	0.0193034900025795	-0.00768204174233571
PG00580	0.00419105961537983	-0.0160393221685218	-0.00829629221283116	0.0167956183115846	-0.000148488213538311
PG01106	-0.000422161672167532	0.00996268171870631	0.00678309963727598	-0.0298590137008024	-0.0119014081295704
PG01798	0.00352860994390818	0.0227687722099838	-0.00887042653111055	0.0147910223732336	-0.01602535911503
PG00493	0.00960139392820138	-0.0138986954555499	0.0282273777346721	-0.0201721484955232	-0.00378940008316351
PG01711	-0.00697518651471659	0.0026198844550602	-0.0104330563377733	0.0316575747781274	-0.0177155384417959
PG00437	0.00210928700270907	0.0181074555989615	0.0105598388012341	-0.00439909685929391	-0.0116812987415607
PG01700	-0.00765792666156803	-0.00940777731899872	0.00424983359594493	0.0257851314055937	-0.00267829795432683
PG00988	-0.013643807217128	0.00877754720230015	-0.0155999902996272	0.00110907462727168	-0.00447164055326856
PG00927	0.00502786690838705	0.00705599356111487	0.00187898826599901	0.00228769436556078	-0.00951188408609544
PG01588	-0.00144973217316599	0.0108084708314791	0.0133103338710009	0.011027993924661	0.00227473424960847
PG01354	0.00620280150339983	-0.00438377885232089	-0.0158168662550623	-0.0229707276433024	-0.0420867609435119
PG01569	0.00537886322978239	-0.00339096256778263	-0.00867659881250469	-0.0061722297651941	-0.0211269666768134
PGSHARED0064	-0.00666482072442034	0.00744179912770923	0.0233981016116524	0.0201313154391903	-0.00775340901224198
PG01673	0.00844174305973965	0.0122871069565752	0.0162436142152745	-0.010572245946796	-0.0248196641531707
PGSHARED0034	0.0160491988840253	-0.00451510114285556	-0.0165580105288674	-0.010672632241875	-0.0117840474515138
PG01623	-0.00309663370344763	0.00984681389734438	0.00186090278399507	-0.0216927749218589	0.00105817982133792
PG01456	0.0086157763956934	-0.0169724564514457	0.00271205187615172	0.0149719393670656	-0.0188876679658543
PG01475	0.00210443736755144	-0.0107315105186439	0.00260229391244695	-0.00581277145309466	-0.00159495234611581
PG00968	-0.0126062248297452	0.0204751700244968	0.000152064851134839	-0.0157143722065069	-0.014923006169776
PG00445	0.00300508720700542	-0.00353051989098185	-0.0147221870898715	0.016042789342695	-0.0269371457702663
PG00746	0.00132232842628067	-0.00503364762901348	-0.0220708757888515	-0.000727365204417964	-0.0164846731831795
PG00652	0.000403203087332753	-0.0222927480431509	0.0269736709345149	-0.0082785459360158	-0.0019720773489857
PG01723	-0.00835882395483942	0.00440703882563637	0.0087384098487531	0.00338015887607592	0.0105238061771623
PG01017	0.00342878204815869	0.00705118926589461	-0.0247836043548417	-0.00432929076502789	-0.00727344623002373
PG00959	0.00724015856693181	0.00427985256389638	0.00737132863917585	-0.00656780639398348	-0.000328724221931199
PG01445	0.00221053372143487	-0.00182629920870545	0.0367433987556568	0.00846397948815995	-0.00284868349945042
PG00160	-0.00581757993694546	0.0108881577398246	0.0133369844448315	-0.0140446387992662	-0.0167644258286557
PG01690	0.00504987738805836	-0.00550869007335826	-0.0246660624713666	0.002434634585896	-0.0334647714901113
PG00648	-0.0112804377963089	0.0138333210634726	0.0131151185709386	-0.0153693026966192	-0.00384316323393221
PG01392	-0.00413603267137721	0.00810158498367783	0.0205627909924307	-0.00513164643180077	0.00424552469342612
PG01042	-0.00232374588305703	0.000376597093842939	-0.00489474183517502	0.00432608420821391	-0.000390034853579759
PG00930	-0.00827605347104693	0.00355987959290209	0.0058601472024533	-0.00676209747083085	0.0147315537460703
PG00949	0.0182465980541677	0.00900563357284218	-0.00282575983524866	-0.0144977861623692	-0.00270521571496382
PG00541	-0.00182492932258096	-0.0203173450383638	-0.000185057070867837	-0.0219953653034984	-0.00511118712151292
PG01068	-0.00783042110065784	0.000848023364870416	0.00809885678263915	0.0174254566155824	0.00366651436147069
PG00734	0.0037776948833588	-0.0148685721992287	-0.0121109396239377	-0.0168915110091292	-0.0297869302437243
PG01733	0.00550678369620347	-0.0091548212885011	-0.00809939998403582	-0.00221563345145354	0.0165190532136394
PG00212	-0.00192923264209286	-0.0123025059034121	-0.00910609229693222	0.00332765981098809	-0.012717957799998
PG00026	0.00764335552524301	0.00276490653211203	0.0187394555494224	-0.0218407803045232	-0.000789872485455664
PG00172	0.00239189881374564	0.00567575564141743	-0.0141220370620341	0.0119105132260371	-0.0222225029558435
PG00319	0.00391789970144753	-0.00663421884969622	-0.00554316568461585	-0.0135037684968578	-0.0284003257255577
PG00083	-0.000251637487367626	0.0103451490371976	0.0101792469251298	0.0307783157926724	-0.00554276839548811
PG00750	0.0048708781809942	-0.0130704487452757	0.00892820228597321	0.0177962735621041	0.0131750234945857
PG01706	0.00727806627971901	-0.0113880929069753	0.00472101814926779	0.0264271442510845	-0.00796012846416626
PG00880	0.00911286231817268	-0.0103301976794422	0.00232084152457953	-0.00511434477798331	0.00213394367320658
PG00942	0.00615060904372153	-0.00697986035300707	-0.00376814138763198	-0.00407171352894941	0.00166641136180465
PG00255	0.0117805252353092	-0.00937681229697508	-0.00283081336884107	0.00506545718148434	-0.0078813956387436
PG01662	0.00832892176591208	0.00589667646296315	0.0127757095394764	0.00831944841543069	-0.0184167914827476
PG00560	0.0130093493781491	-0.00570326357284933	-0.0113006070814482	0.0237741344499167	-0.0232350664583082
PG00698	-0.0148024666327009	-0.00338339754626823	0.0136364656444023	-0.0262975834036307	-0.00628243777713377
PG00364	-0.00873484289383615	0.0225486660724349	0.00104948162259446	-0.00555066961582554	-0.000205931394486301
PG00014	-0.0085086253757581	0.0105822050489691	-0.00334933031382579	0.0235497098716765	0.00348441479572999
PG00294	0.0126112094202662	-0.00160233086843351	0.00777648205953303	0.00514168944442342	-0.00461764631128377
PG01242b	0.00677548454254929	-0.00411321973893414	0.00826609189386148	0.0236719762911733	-0.000605945181289754
PG00640	0.0106878481478265	-0.00997824691781087	0.00996528142034193	-0.0160539058089752	-0.0123511985771262
PG00765	-0.00481831333202946	0.0107606898775298	0.0223985368992086	0.0207347188712192	0.0109550313629871
PG00340	-0.00400012101657965	0.00856560680591626	-0.00238881507864465	0.0014890384916453	-0.000307265576416614
PG00664	0.010801372631848	0.0088868729137798	-0.00221707617601024	-0.00547910046781382	-0.0280401970002056
PG01289	-0.000759548966061021	0.00757584502851292	-0.00792877838714856	-0.0167709283119187	-0.0161902414544678
PG00708	-0.015429943254961	-0.00741030562723856	0.000153585126290532	-0.00286746934752586	0.0122946500057954
PG00511	-0.00954147740411399	0.0217344974096374	0.00291870522890178	-0.00962222711575376	-0.01302438242414
PG01727	0.00352769966956578	0.00995173867225567	0.0092735079138495	-0.00925290902318755	0.0100559085036774
PG01749	0.0114882319693423	0.00702607825369082	-0.00449225984006819	0.0168080768144633	-0.00655268738182976
PG01777	-0.0127610425360272	0.0150477110677276	-0.00164098072729358	-0.0164398979975059	-0.00190945819001634
PG00521	-0.00608128795946252	-0.00259288564311958	0.0217575600463605	0.0137423925005987	-0.0113048749991455
PG00846	0.0129053528052732	-0.00694017320404023	-0.00903296494356322	0.00411656367197838	0.00228650661404378
PG01626	-0.00733520561051432	0.0119449444493761	0.00611293656128797	-0.00295542470725392	-0.00635840502364503
PG01443	-0.011740666903868	0.0131418920604527	-0.00466012136395955	-0.0189281625571107	0.0016186628341693
PG01161	0.00424195242505705	0.00036274372343534	0.0103222882705417	0.00327664090415727	0.0194622359361259
PG00815	-0.00528535742063059	-0.000366331510633856	-0.0110763594816856	0.0216423598736933	0.030105075294398
PG01809	0.00746037683112394	-0.00708803027503276	-0.000460022701362719	-0.0242193906828144	0.00149663395756334
PGSHARED0063	0.00829050482154359	0.00700023237446379	0.0212630478129059	-0.00406987846250908	-0.0250935369058534
PG00163	0.00306191420344475	0.0189418368718706	-0.00750630088369505	0.011156667382334	0.00306121611907599
PG01648	0.00453295665116158	-0.009599116787185	0.00255521280938346	0.0162854009551474	-0.000411143894320798
PG01467	0.000153209910483053	0.000428467320329919	0.00529205676197638	0.0267288420300543	0.00255445511498854
PG01314	-0.00586632284319974	0.00651344511899653	-0.0238530432520686	-0.0255786035549243	0.0265845147414155
PG00177	0.00846443924747953	0.00645025537013229	0.00868027285620806	-0.00650730232332813	0.00757011091350482
PG00085	0.0157625048360819	-0.0025667070499599	0.00436051286500628	-0.00179857674118603	-0.0189359105515075
PG00430	0.0104539947578723	-0.000543319216225156	-0.00384708348327426	-0.0123571099532368	-0.00983414855660011
PG00455	-0.00809722094971964	0.00136169781301574	-0.0277256788766796	-0.0105144433534609	0.0114224613599072
PG00755	-0.000422994279045123	-0.00227623628668132	0.0130476210138274	0.0233733585971326	-0.00925176563474294
PG00787	0.000900350863638722	0.0179784609649693	-0.0178336593337206	0.00506303274691745	-0.00536713755856878
PG01147	0.00453385264859479	0.00224998970600046	-0.00264708860390508	-0.0295800269429482	-0.0114629657460369
PG01556	0.00343973857952816	-0.0220118189431746	0.0128761951232209	-0.0100297782446091	-0.0154128065705292
PG01184	0.00643199020561671	-0.0104825441712108	-0.0122162590744376	0.0186593738065093	-0.0027611302157123
PGSHARED0048	0.00547474570913715	0.00984993423491279	-0.0275442422386195	-0.0220568969857568	-0.00955983710979611
PG00216	0.00202407479686075	-0.00550197473488492	0.00113143376175083	-0.0159648197145008	-0.00931702541388844
PG00542	0.00695783083437411	0.00221020082023666	-0.0191526804495422	-0.0215790607803322	-0.0167267544709417
PG00872b	0.00175972673153418	-0.00332453978397293	-0.0146888114817336	0.0320065638333074	0.00976475669185937
PG00028	0.000301107432466946	0.0158913083560067	-0.0129071292481864	0.00415875936662974	-0.00542768992859648
PG01240	0.00798764205564414	0.0121668226558703	-0.0122231287654207	0.010899825957349	-0.0316860940517874
PG01355	-0.0107433407761861	-0.000288973435386537	0.00790486658826152	-0.00828718734719662	-0.00170035051518984
PG00862	0.00648708280002611	0.00381804069058948	-0.0132675903403305	-0.008639941393666	-0.0115951609362036
PG00805	-0.00151315648680698	0.00663032177196023	-0.0106466678144409	-0.00409672404375084	-0.0296460928503565
PG00016	0.00421116562403486	-0.00695909996913733	0.00962163061530642	-0.0230638153814574	-0.00993951573117155
PG01764b	-0.000611782590614102	0.0296760722567731	0.000813767094918954	0.0145565625413445	-0.00959701801714721
PG00217	0.0105618339943778	-0.00789877522235576	-0.0151841731349619	0.0231690899797132	-0.0225144894759658
PG00773	0.0106147320611068	-0.00670933699278233	0.0070322215501372	0.00793131530815164	0.0171323778780153
PG01778	-0.00173564981419834	-0.0156799103479121	-0.00243773689161038	-0.000751402734355798	-0.00605136585456263
PG00531	0.00380280760197822	0.0186832129136003	-0.0183786870016152	0.00817388479254132	0.00552678384252
PG01453	0.00188692174524944	-0.00960701226376078	-0.00492748331742148	-0.0179007491386873	-0.0210389000937792
PG01290	-0.000524175634972847	-0.00860676522145784	0.0100446565728461	-0.00184013646585476	-0.00379768022543955
PG00480	0.00248599878064853	-0.0030387429530087	-0.00528754196504944	0.0195671227355307	-0.0119310045871252
PG01210	-0.00187070746110135	0.00281631554825143	-0.00444259077976379	0.00292864578077943	0.018070273968318
PG01179	0.0133190583181997	0.00695335619343679	0.00949141776870917	0.0187932571228205	0.0181696344541347
PG01331	0.000436048327811269	0.0216641600113844	0.014362010459113	0.00015134749313018	-0.0319792238489886
PG00611	0.00834875226635388	0.00913687146509804	-0.00715914304442309	0.00262591335818126	-0.00257021532068662
PG01329	0.00618061556527474	-0.00259015943942594	-0.00565599533698532	-0.0175290327945171	-0.00764102705898547
PG01502b	0.00255903821250206	-0.00383493532853229	0.0192602373582641	-0.0147856969618119	-0.0203483338103249
PG00770	0.00133890001645866	-0.00341480934385428	-0.00719772864573128	0.0165535579536898	0.0142711533055871
PG00290	-0.000311286219616809	0.00107885657250379	-0.00733299944325749	-0.0090160552588398	0.00957755390050621
PG00114	-0.0138078603311883	-0.0136594282422547	0.0190891571322181	-0.0158582980449722	0.0144295965551282
PG00197	-0.00483278421703009	0.00889430350972419	-0.00196319803342809	0.0142577744645216	0.000957158934072458
PG00901	0.00283695461548985	-0.0103925088136305	-0.000195492738615634	-0.00129456524462055	-0.011517673287815
PG00816	0.000960441963994923	-0.00674588083338289	-0.00530483402909173	-0.0249683203630771	0.00545381279991521
PG00471	-0.00134864073566419	0.00825685694911789	-0.0242191650963971	-5.67321365708473e-05	-0.00446249808056792
PG00428	0.00448298801099722	0.00713057690782139	0.0154463479847032	0.0139987389278389	0.0289733051110312
PG00498	-0.00168591894136894	0.00277585682972601	-0.0120230189126401	-0.0150594541495684	0.0177410648134418
PG01069	0.00790574777395417	-0.000341079282332861	-0.0342293536959264	0.00193330779736004	-0.0120267884744877
PG01282b	0.00390682491503679	-0.00585612841539763	0.00865427500102738	-0.0190824680905688	-0.00883771556309668
PG01155	0.00807857928092345	0.00492767882181445	0.000287240609920092	0.0069179197318218	-0.00938706933744727
PG00168	-0.00639256710593677	0.00419438279267993	-0.0188991569620878	-0.0143268742312642	-4.19178092861841e-05
PG00369	0.0056742967243215	0.00824109487442633	-0.0190572198189359	0.0181199700607571	-0.00508244392783396
PGSHARED0055	0.00163857561943459	-0.00396999742660502	-0.0167350271395229	-0.015576082789665	0.00752676448585178
PG01096	0.00899946792709772	0.0014088908105903	0.00433070310231689	-0.00397582069227693	-0.0124777117828852
PG00433	0.0013098176746559	0.0135907124735897	-0.00982373045847251	-0.00262139765293458	-0.0070250857667587
PG01150	0.00685138900481589	-0.0173113232984498	0.000116152619289941	-0.00639969921579653	-0.00288371654983504
PG01601	0.000699424527735954	0.00736609735664987	-0.00642313100917608	0.0105926369346492	-0.0305415093444963
PG00101	0.00425951282647857	-0.00738129269199844	0.0280007277573677	-0.0208647703659858	0.0029565759427602
PG00715	0.00870997831324965	-0.0117039477582378	0.00409800172555574	-0.00114289621246931	0.0187629151597155
PG00017	0.000801911756117722	0.000472412352680795	-0.00578979527172847	-0.00337087577686121	0.0122200024164731
PG01757	0.00387281432973827	-0.000686992628081773	-0.0144095111918142	0.00942522964641356	-0.00419674521487429
PG00800	-0.00430962771016644	3.07789485493959e-05	-0.0222374167110542	0.014599437778335	-0.0105932713621206
PG01780	0.00255682935827034	-0.00534085175522185	-0.0211974127469288	-0.0117589677403384	-0.0150687813346298
PG01097	0.000421997246753327	-0.000554215646233266	-0.00289356080925399	0.0108070292856494	0.00217204093182221
PG00458	0.0101485604461261	0.00134345741283473	-0.00981556467463547	-0.0199769070200876	-0.00861825001554376
PG01506	-0.00900615141750239	-0.00919282371018005	-0.00714867203365376	-0.0128925617325257	0.0043541145384607
PG00350	0.0047055464590702	0.00867004398941129	0.0211163366239803	-0.00620095278429458	-0.00140712832086998
PG01452	0.00521399231152693	0.0126814920810633	-0.0234727009282514	-0.017626777155665	0.0036846903506466
PG01564	0.00393447208246265	-0.0139322006565654	-0.00348918243428592	-0.0164855180172958	-0.00116066458662638
PG01619	-0.00432898548010445	0.0113303474913123	-0.0050540149761842	0.00758310933093981	-0.0166593082998212
PG01621	0.00502369882894821	0.00100092341781835	-0.0118005244580064	-0.0118388531615448	0.0163637671289741
PG01726	0.0121145060548051	-0.000767658043623541	-0.0135492761275451	0.0173497208834656	-0.00274448018455546
PG01277	-0.0016047176640272	0.006577122748665	-0.000124308308976807	0.0267302139611398	-0.00100872522399694
PG01399	0.0024257152455293	-0.00415222800731095	-0.000187511340454648	-0.00968840305601941	-0.0245481559338457
PG00301	-0.00380813864855563	-0.00273023506472417	0.0193102964909509	0.0119897483327469	0.00490925859750715
PG01493	0.00101841795030964	0.00173822022639212	0.0131776063979364	0.0134788214349137	0.00290894266588378
PG00519	-0.00610135981999967	-0.00965689543606075	0.00170248675473025	-0.00239118309005758	-0.000540122938828324
PG00561	0.00666038829402319	-0.00517238092852362	0.00464726542703958	0.00323184698626631	0.0197793273676136
PG01003	-0.00541344771904197	0.0114139672575098	0.0034571346856571	0.00475308285926062	0.00129698262493134
PG01533	0.00378156254853047	0.0153939970630805	0.0032245792439361	0.00807753366976946	-0.00134971376454882
PG01540	0.00189076839697255	0.0102871485669427	-0.00742372960407657	0.00596254690586894	0.00285018194996858
PG00354	-0.00369230412649901	0.00267148349442999	-0.0344011967500642	0.00223980927929086	-0.0155635422960008
PG01684	-0.000435927940896829	0.00498875528707756	-0.0033911241873355	0.00859474533594198	0.006195905595948
PG00775	0.00184828162286619	0.011685266362682	-0.00166828616947194	-0.00183086746290734	-0.0103499070436081
PGSHARED0054	-0.00372319383783614	0.00062187839742311	-0.0223710775594093	0.0113491460486025	0.00596301445720891
PG01464	0.00245264529879959	0.0100638508108534	0.0145494829446554	-0.00577835642029305	0.00193989208609014
PG00642	0.00227129404265751	0.00118889154916879	-0.0169182751226759	0.0261245286588832	-0.019148578643196
PG00826	0.00363358632638832	0.0204709200014441	-0.00046046839038639	0.00391266903553805	-0.00761112853319299
PG00284	0.00931329962586851	-0.0171776259759976	0.0157335982619584	-0.0144344866562102	-0.0126645946679717
PG00657	0.000852559270297655	-0.0190981653358435	-0.00663149949826672	0.0154979817150619	0.0103022242184387
PG01135	0.00496449729265855	0.013902472351162	0.011787061566718	0.000478174922752809	-0.00908957707066317
PG01146	0.00530716620355103	-0.00245624913259469	-0.00863692439204899	0.0101908899178682	-0.00475042215619042
PG00739	0.00291590614555774	-0.0194459591187033	0.00944614407079218	-0.0129931320762838	-0.0110994094100212
PG00275	0.00886932218741409	-0.00881087657369924	0.00679934706126049	-0.00329815567080791	-0.0139448231325255
PG00154	-0.00753928909445586	-0.0112297032146129	-0.00412672292856843	0.0116837508451502	-0.0171800564789899
PG00889	0.00886953072914677	-0.00168559254838065	-0.00357250348770255	0.0319603046953902	7.89424576075759e-05
PG00992	0.0125724880393256	-0.0138850851002876	0.0129616405482037	-0.00212318116121394	0.0152379210027623
PG01332	0.00593205698948144	0.0106798992703006	0.0249305180905155	0.00703273879241914	-0.00444302349021227
PG00215	-0.000645931899881445	0.00107666166777962	0.0224440860567344	-0.0155330349911881	-0.00664876919779938
PGSHARED0043	0.00188385091294943	0.00526100406367553	0.0135056658893973	0.0025607398982917	0.00587019273548111
PG00540	0.00699403465023479	-0.00300028352227524	0.0121865199973373	-0.00799161867805661	-0.00633395788551025
PG01603	-0.00443738830700379	0.0113829080563145	-0.0126885663318328	0.00713091295697609	-0.0244661360928535
PG00231	0.00192056706787081	-0.00697114775942491	-0.0332879549831753	-0.00669994182358249	0.00558967214572773
PG01166	-0.000271627683694769	-0.0097932419598705	-0.000645652327718435	-0.00411403184536487	0.00506019629366097
PG00943	0.009792924920067	0.00551967401356917	-0.0188938069781202	0.000959168709510195	0.0166497620908521
PG00024	0.00257709897959114	0.00627473051567788	-0.0295518987351094	0.00649223728960362	-0.00160339009988437
PG00630	0.000241421310455639	0.0137413653018054	0.00926561256571129	0.0279176055970222	-0.00905670160522517
PG00953	0.00632996132739648	0.0016362673373056	0.0112067481507808	0.0134271358065528	0.00963013434206262
PG01119	-0.00974863666000266	-0.00623706674350931	0.00334150128314889	-0.015577305202273	-0.0100018960007634
PG00721	-0.00874343374491336	0.00485341174955391	0.00670733675060846	0.0290719974194582	0.00140690872197506
PG00476	0.00277327018079342	-0.0105458290552936	0.00970594323503005	-0.0145372005252394	-0.00808524805602525
PG00223	0.00337016116531896	0.000896058984786017	-0.0131459534077276	0.00268002966658777	0.00280873700011293
PG00540b	-0.00486919804046119	0.00595169080861752	-0.0102057045109585	-0.0011238582969918	0.00113306112452623
PG01359	-0.00743385474004666	0.00810597307064225	-0.00987831642744601	0.00273807985107568	-0.0237023288980382
PG01408	-0.00522188960583144	-0.00720518811953506	-0.0244346316282671	-0.00753679739090546	0.013280066573515
PG00049	0.00143079417927457	-0.0129083021192748	0.0130414059790378	-0.0101192014779435	-0.022891660214815
PG00777	0.00644768536963808	-0.00696656657410428	-0.00384176395017824	-0.00642086356129516	0.0046452211590321
PG00637	-0.00642920760007814	0.00792267889354296	0.0222790508758132	-0.0118687424332322	0.0022717455054361
PG00203	0.00403227245774249	0.00173664227378525	-0.00460780842229041	-0.00260710285247241	-0.00818141713134905
PG01351	0.00644280291042133	-0.000726077605688882	-0.0035294221732377	0.006542334690285	0.000924231044063314
PG01614	0.00691765214688233	0.0154774075174204	-0.0286309026301537	-0.0013880030097223	0.0140290014438178
PG01808	-0.00707656116157697	0.0101195887739731	-0.00982131684037863	-0.00788559102364008	-0.0190842727822495
PG00395	0.00462154834991442	0.00125581473906569	0.00642937781501193	-0.00185101793526006	0.0186159737438853
PG01487	0.00197567117613211	0.0210688753532774	0.0135583176232345	0.0149426587256881	-0.0169037218701461
PG01755	0.00501203796666912	0.00859419396996208	-0.00593478364323544	-0.00598190811897517	0.0135645755122464
PG00403	-0.00106543841100593	0.000612561054076915	0.0209741406548305	0.00804854389147334	0.0050790921045745
PG01293	-0.000919132364316031	0.0062344954636321	-0.0136101871963111	0.00573629401228989	-0.00531011626810719
PG01297	0.00293444372008258	-0.00439449180201287	-0.00822821967424783	0.000888207803359495	-0.0215004376814329
PG01555	0.00175765749320747	0.00449430513351771	0.00477556356728587	-0.040403197691302	-0.00202371773411086
PG01796	0.00899904344854498	0.00251381624257295	0.00548418843844358	0.0254153413958332	-0.0196731835066771
PG01326	5.6618479856129e-05	-0.00256862824022712	0.00364618208492677	3.28654599463441e-05	-0.0284473018940719
PG01591	-0.00802525657508725	-0.00219547396973167	-0.00550852410064776	-0.0239867703752432	0.0193608173877186
PG00263	0.00544953739296007	0.00771130202066834	0.00944941777800035	-0.00536575087329421	0.00345079571417203
PG01597	0.00276016564105586	-0.0222205309406804	-0.00956838329878785	-0.0197524503007983	-0.000813890772397027
PG00760	0.00367385389808063	0.00329873663565942	-0.012366008484987	-0.0291709869007552	0.000962766415372706
PG00595	0.00864781643708626	0.0068520502860624	-0.00535381078720956	0.026286156417139	-0.00800759483675793
PG00848	0.00121869763675956	-0.0158922545174893	-0.0157015506399147	-0.0203610743596938	-0.0146515284366295
PG00249	0.00494346496609533	-0.00465642118160417	0.00383668384908649	0.00185342016188048	0.0308057000970416
PG00272	-0.0132879501541512	0.003082184056789	-0.0154424540498814	0.00172989672783796	-0.0157417714108932
PG00009	0.00159848823439952	0.0151800173923947	-0.00844079182419995	-0.0317776127949357	7.88778240173898e-05
PG00279	0.0064742745926463	-0.000774855709624959	0.0122430190574491	0.0139330391634505	-0.0318634934840277
PG00130b	-5.01232604413488e-05	0.00680321219538205	-0.0103783658692173	-0.0376173217136675	-0.0208089785762262
PG01503	-0.0044754728474036	-0.010753839936439	-0.00620015795659743	0.0129889120390419	-0.000535450289977859
PG00399	-0.00333177432283202	0.0145389020927368	-0.0209712665141347	-0.00993173654398315	0.0208007718416844
PG01455	-0.0117133418161118	0.00781715031044961	-0.0234556084338078	0.00152723619560812	0.00858869401038292
PG00063	0.0107180240938588	0.00629712617693552	0.00412733802402988	-0.0073809189254035	0.00562564470254956
PG00810	9.72010516805825e-05	0.00544145437747905	-0.00764378637816486	-0.00533781012284281	-0.017979394281782
PG00356	0.00550748177701733	-0.0112158193217961	-0.00929386784825529	-0.0174570743569229	-0.00128379118165306
PG01343	0.00628727452029274	0.00910761946578082	-0.00577066363668003	0.00216657289287866	-0.00597673586915403
PG00213	-0.00162338807305654	-5.4082634405077e-05	0.0201927085755998	0.0277747204029408	-0.00665428237609916
PG00248	-0.00341891474914319	0.00612129466084305	-0.011143756354061	0.0137979383825487	-0.0112540665718704
PG01362	-0.000244493569234019	0.0126785053314288	-0.00238465252103768	0.0292100137943335	0.0179138908519137
PGSHARED0024	0.00549660584419993	-0.00742097054104961	-0.015126115224487	0.0119765894317537	0.0126691146698604
PG01070	-0.00632509888744959	0.00363075607373654	-0.00422312926860265	-0.00472201226492052	-0.0115842668629038
PG01022	0.00789369766649351	0.0104471065334118	-0.00118881529163471	0.01284530636891	-0.0113337933033948
PG01242	-0.00170119885540559	5.78321945697933e-05	0.00729935174930834	-0.00490910336011064	0.00658463716304789
PG00977	-0.00428559440295424	0.0142468865418237	-0.00722527435351439	0.00609757086003162	-0.00454893859618815
PG00665	-0.00240343371264258	0.00455212244210088	-0.0337424777272512	-0.0113641484677612	-0.000662122142595656
PG01286	0.00821525193400157	-0.00396405287711269	-0.000536317424957809	-0.00640607694486471	0.000156580297987822
PG00651	-0.0035396316189644	-0.0159793974294857	-0.0108751569243144	-0.00276552459116064	-0.00881007094087891
PG01474	-0.00760111944347356	0.0105292084044586	0.0122472777565661	-0.00482590812248453	0.0170574859978787
PG01716b	-0.00851410313312296	0.00760681936553238	0.00847572216994098	0.0190861777753985	0.00174479038390815
PG00119	0.013382970258775	0.0240613511797987	-0.0111118647410534	-0.00556629062978891	0.00402058819370146
PG00909	0.00396862871695918	0.0110140605615308	-0.00153621942864904	-0.00647971695427376	-0.0235058791927088
PG00472	-0.00269067963647915	-0.00667235115922111	-0.00269362824554288	0.000857076778967848	0.0158301848391004
PG00192b	0.00560059203145324	-0.00715552107577775	-0.0130716348142298	0.0142988571731955	-0.00947779156430119
PG00910	-0.000254137354346387	-0.0059817434412042	0.00634703856589669	-0.0027745810842892	0.00380185521840219
PG00073	0.00657457177146988	-0.000935513214240364	0.0122316191729073	0.00505240891827208	-0.00233534570617851
PG00390	-0.00459198722999244	-0.00709395193068608	-0.00864286868197854	-0.00478320759872129	-0.00722551198492212
PG00268	0.00569008901213389	0.00993592103961168	-0.0210391849982208	-0.0268404963841859	0.0124899174295184
PG01217	-0.00414121048846233	-0.0141838738566966	0.000201865681019122	-0.00165673475111483	-0.0348997797222133
PG01347	0.000240611572080282	-0.0122522342190897	0.00119784806631504	-0.0173192925848234	-0.00335390929595492
PG00796	0.0127921346587367	-0.00778968868861635	-0.0131292559503594	-0.00268511259604961	-0.023179225339164
PG01100	0.00637293758896812	-0.00932179812717779	-0.0100455716710522	0.000724521087028939	-0.0126969137892756
PG00130	0.00135823629006251	-0.00525144016844133	0.0135572912806224	0.00543441323217323	-0.0019385510981313
PG00973	0.00547919606444189	0.00571410217329694	0.0293672893610937	0.00258771006653116	-0.016446380373938
PG01224	0.00638317628155587	-0.00809174992207845	-0.00164572667868497	0.00161682207137115	0.0078620391722575
PG01141	0.00461760392892755	0.00898871220742638	0.0114513053656262	0.0089249537738749	0.00374737729048295
PG00413	0.00172420275425013	0.00188268038960193	0.00754325217540704	0.0176462991315955	0.0108337211649863
PG01473	-0.00680940779048821	0.00603007054836249	-0.0187017720722486	-0.0126023910377139	-0.0211296637843261
PG00753	-0.00129055779266386	0.023009453860734	-0.0123496126068386	0.0114618312435288	0.0107723297344569
PG01747	0.0135866286034428	-0.00478032430230373	-0.0173612838378082	0.009891215315237	-0.00164925810772
PGSHARED0050	-0.00989987381113609	0.00605102803987516	-0.0104148091882557	0.00177604098903518	0.00874627035285509
PG01407	0.0125767221937771	-0.00427093368869809	0.00639929342586228	0.000721286058386262	0.00207727192197012
PG00465	-0.00380574221620489	-0.0139950210902785	-0.0141559092843087	0.0106071550890296	-0.00182364342762236
PG00516	-0.00802292888123216	0.0104170343570177	0.00494063660759421	0.0132396314464419	0.00861347401926055
PGSHARED0030	0.00602835062455735	-0.0037156459975691	0.00159287184356215	-0.0218164420999537	-0.00733700232627412
PG00939	0.00460129050478744	-0.0114968107074811	-0.0199091679239681	0.025475988761013	-0.000953782384529976
PG00050b	0.000999048408975592	-0.00221777479888836	-0.0175949326465167	0.00262238231925176	-0.00183449136665588
PG00125	0.0071990226651347	-0.00986619010004164	-0.00253502464773173	0.0221381570206367	-0.0282281588863908
PGSHARED0031	0.00347796692252013	-0.0084207399809169	-0.00752502294589049	-0.0070072953461886	-0.0184228026208483
PG00318	0.00883931372362742	0.00527688904545198	-0.00446207241395271	-0.0116109942764541	-0.0020028864312177
PG01686	-0.00143662077608413	-0.00505082761031436	0.00207055588321651	0.0273285584476501	-0.00396873727667807
PG00569	-0.00292342157065632	0.011819782270236	-0.0226213715842716	-0.00968497336748697	-0.0106281976722647
PG00021	-0.00374936520635444	-0.00310898246449779	-0.0126705677110991	0.0169158741067749	-0.0310742527367489
PG01509	0.00199813600377143	0.00255181179745023	-0.00748697206948368	0.0134185852907298	-0.0117306229912044
PG00985	0.00552491772655437	-0.00423509392726571	0.0107149834154221	0.0087324194720448	-0.00783355530979037
PG01055	-0.0034009278115004	0.0123166182136434	-0.0168104759750964	-0.0149321513062991	-0.0127410626314967
PG00684	0.012195071876362	-0.00872922161249401	-0.00126888632739571	-0.0168007215522324	0.0058917058401256
PG01043	0.00907712460398602	0.00169795754909005	-0.0188947362000292	0.0096737615798179	0.018542741418237
PG00075	0.00401932587310407	0.00618705697512256	0.0169533500131965	-0.0179421978422743	-0.000760384887302953
PG00031	0.00505252502509379	-0.0146157790744784	-0.00605683413370999	0.0101387351662992	-0.0119966612121511
PG00488	0.0116144062110089	0.00315313085851074	-0.00510832428029937	0.00374380054981471	-0.00865742556616395
PG01628	0.00374970711074944	0.000666197603730763	-0.0187371346579583	-0.00661414289923171	-0.0212140947029166
PG01020	0.00415271123437986	0.000981029985500996	0.00494393084867013	0.0240001205383024	-0.0171538394752329
PG00628	-0.00659912238429891	0.00664616854893987	-0.0122589666197528	0.00842269757262469	-0.0211857653138364
PG00343	-0.000507928473125569	-8.24618578692949e-05	0.000656395562994854	0.0123952583291146	0.0237259483674754
PG01220	0.00103275059134617	0.00670906663160856	-0.00745010582808861	-0.00207191182153413	-0.00737795826430661
PG01528	0.00792587323432922	-0.00296501845323595	0.000521213575952234	0.00759004746399496	0.0265606787103991
PG00468	0.00745815460934619	-0.00492498292606957	-0.0181861213215979	-0.0202217044889713	-0.000616378027193557
PG00696	0.0106679500751321	-0.00628031426024674	-0.00642502946127901	0.0128203157806022	-0.000571784431250174
PG00995	0.00304598930842253	0.015017661171667	0.0154431085341781	-0.00144735051254947	0.00177580378435897
PG01502	-0.00473116699545595	-0.000624525057258846	-0.00904617997550044	-0.0123381037465707	-0.0213488688928053
PG01775	0.00816491496507005	0.000928694533312147	0.0139041495963836	0.010643750202674	-0.00212153614931236
PG01058	-0.00302508226090151	0.00917289640483446	-0.00328196708848842	-0.0205999393611376	0.00279100842227249
PG00469	0.000314445498398964	-0.000923988077463153	0.00084757486409502	-0.0267031241023065	0.0127298705324873
PG00872	0.0058544562250958	-0.00410030865713271	-0.00380280564857558	0.00663718075164774	-0.00720735620805682
PG01111	0.00551725729387814	0.000735254070801586	0.00260084404871644	-0.00966760132912908	0.0155680138058988
PG00417	-0.00199466944942844	-0.00676390252164532	-0.0172475547911383	-0.0110024894105528	-0.00530756647336658
PGSHARED0011	-0.0136152911368021	0.0123980924541133	0.00113420948303711	-0.00111353819051224	-0.00686067164090113
PG00923	-0.00356920126261897	-0.0125010615663135	-0.00656931300108337	-0.00414901860237624	0.00724202447447762
PG01696	0.00497617674192392	0.0156465407223193	-0.0138925724612117	0.00249667525236619	0.00613260927190366
PG00020	-0.000848764867159914	-0.000335014162885181	-0.00146854686899049	-0.0139556628537135	-0.00532312818413861
PG00654	0.000486775047158103	0.00013795677152844	-0.0130821344663864	0.00330251855175391	-0.00609405994483015
PG00246	0.000280892677627951	-0.000206959436562494	0.0130818212521858	0.00548472087750991	0.0119397818232256
PG00685	0.0037468626982693	0.00443797949195891	-0.0031070443224054	-0.0311002427934891	0.00408782083750933
PG00149	0.00843171209972324	-0.00226243145498138	-0.0182719496489963	-0.00244499829626142	0.0225536290644578
PG01587	0.00658258614846764	0.00792905567642043	-0.00280793377020597	0.00970129025422015	-0.0222052642704625
PG01325	-0.00251045894069639	-0.000685567128985841	-0.011691920918984	0.00556643365493377	-0.00799194569646522
PG00532b	0.00382021181696652	-0.00456360495778622	-0.00533164713322226	-0.0142996554863231	0.00205370251000734
PG00171	-0.00686756208189352	-0.00452142746255736	-0.0168458845392646	-0.00525948818255515	0.02952868572963
PG00845	0.00140583889440072	0.0101003037353808	-0.0102373144424896	0.0155991134396396	0.0153416024589145
PG01145	-0.000659848384853896	-0.00438500232260702	0.00602184646565777	0.0190437837512544	-0.00446959841306484
PGSHARED0049	0.00201503256875166	0.00176976819519456	-0.0066635635158796	-0.0203114700846126	-0.0103474067213474
PG01559	-0.00682303520285284	7.98987856929158e-05	0.0108963899164794	0.0205054301627089	0.0111669626804474
PG01424	0.000755408674383962	0.0106507214051961	-0.0208953672130539	0.00647609403891346	-0.0108522710355843
PG01519	0.00180170688440608	0.00240546934318182	-0.000926143779117475	-0.00295403449448646	-0.00505634528212222
PG00952	-0.00282842106867483	-0.00542786291210192	-0.0132538733710226	0.000680320337739937	-0.00305524750082634
PG00027	0.00190516905452864	-0.0154529227279462	0.0188602181468169	0.000589914538909216	0.00450321550199017
PG00960	-0.00741762869414485	-0.00452583964400016	0.00500769860045394	-0.0146060734373049	-0.00295014348955213
PG00010	0.00470995496242933	-0.00128125888895028	0.00633877412047241	0.00722941156903417	-0.0104440779840776
PG00265	-0.00261714398555952	0.0133272976339269	-0.00621176043728715	0.00117775544334221	0.0242753049306711
PG01246	0.00209380373485302	0.00827413177454233	-0.00705515479368527	-0.00159203380290844	-0.0017881392064961
PG01205	-0.0025279183064421	-0.000463716778120572	-0.0102172790013206	-0.00106409452566799	0.00575820240590965
PG00548	0.00235742972290764	-0.00397464019125634	0.0144657221734896	0.0210559823537609	0.00865317087983346
PG00788	-0.00755924810177726	0.00381014057524087	-0.00941143857987941	-0.00219485562244371	0.00909608259604103
PG01239	-0.00126162682385259	-0.00846148997801675	-0.015443792632924	-0.00850375346486442	0.00684289378119589
PG00404	-0.00040204159820556	-0.00463660308850521	0.0145955210249983	-0.0063879103319203	0.000131746104963131
PG00446	0.00416859861842933	-0.00821708480074977	-0.0153721946601611	0.00658803862759409	0.028784408939272
PG01104	0.00455639530186795	-0.000992610085366184	-0.0186948668398604	-0.00612434611480375	-0.0147331198613683
PG00415	0.00577710618978234	0.0122851716287842	-0.0129293956947808	-0.00597357628899619	0.00585848463814359
PG01423	0.00105468819737872	0.0100272252440728	0.0137772722639333	0.000856837053040054	-0.00492298635499365
PG01458	0.00320397710616552	0.00868998775265536	-0.0146495916605323	0.00943256536971235	-0.00674210995084374
PG00824	-0.00104714033088156	0.00580531961968266	-0.00890065196341091	0.029349430280847	0.0101890233710968
PG00023	-0.00622491665686927	0.00408906092489413	-0.0191979106793521	0.0112938181709382	-0.0139645304541823
PG00732	-0.00141474380693	0.00264885041599968	-0.0169701439776589	0.0157303480533264	-0.0027416681544901
PG01274	0.00476933367660995	0.0062272952508185	0.00252347719984166	0.0162583284713965	-0.0309065689829237
PG01046	0.00286501048562741	0.0113905657352477	-0.00204869495516555	-0.00907688589364834	-0.00819125543703366
PG01513	-0.0028947441583325	-0.00306279332409237	-0.000716247354764443	0.0127189533788094	-0.00125897677735051
PG01637	-0.0072338507091625	0.00074174743687938	-0.00505359429350832	0.00536687342063243	-0.0129441758034678
PG00040	0.00287112052054798	-0.0105613119741062	0.00664208789124618	-0.00339422359168592	-0.00169032425943382
PG00563	0.00430449943168005	-0.00413955077529145	-0.0120165242785173	0.00317470158453145	0.00478595582195869
PG00912	0.00848235485609994	-0.00308762843296564	-0.013696593865758	0.00877557889591716	0.0097612068166157
PG00609	0.00263903219935574	-0.00509664583052106	-0.009580606182699	-0.0396713263852624	0.00154558508836049
PG01446	0.00695781179965222	-0.000759388704562176	0.012407787367562	-0.0140565508423323	-0.0200601670986562
PG00351	0.000370433536408673	0.00920654755400366	-0.00525309786757225	-2.57650555037601e-05	-0.0131225448728464
PG00874	0.0102656543526707	-0.00217290672339062	-0.00530823631616804	-0.000195101895180034	0.0129650690990993
PG00098	0.00388526658987185	-0.00232199867664944	0.0056817887917632	-0.00582975847147015	-0.0159148122753469
PG01804	-0.0071200481642547	-0.00861917689747439	-0.00286627154727471	-0.0013503115487691	0.0119877488851342
PG00603	0.000695280825312799	-0.00270388335869448	0.0108210861527163	-0.00415889612742805	-0.0102644889146559
PG01078	0.00522140413364324	0.00762067771689909	0.00776922143663901	0.0203387206714335	0.00756914283030634
PG01012	0.000794234118244377	-0.00694894678384254	-0.00836843014590112	-0.00347306131804324	-0.0259553587046098
PG00424	-0.00787233012335607	0.018795877676393	-0.000511359030992936	0.026338510586807	-0.00467001515948316
PG01062	0.00178251545789628	0.00881747518062868	-0.0161839001954725	-0.0220703957439383	6.71439604502527e-05
PG00892	-0.00407871747265567	0.00434706141795087	0.0019269069513129	-0.00541759709765201	-0.028489728346164
PG00338	-0.000460938846247697	0.00152880916140669	0.0146255601970896	-0.0160265987492577	-0.00536863357640681
PGSHARED0053	0.00624289175323305	0.00217284909689151	-0.00090267378545367	-0.00128619720535162	-0.00210115005427601
PG01064	0.00216437426282845	0.0013172526363959	-0.0132965448280988	0.0077090314041787	0.0043165277496772
PG00713b	-0.000634405468351784	-0.00280894399620187	0.00791873507693698	0.000694214062675402	0.00474513669474289
PG01557	0.00658746336425038	-0.00149292780020925	-0.0157046885954868	-0.0303008566421229	-0.0049271576322846
PG01171	-0.00399432355274836	-0.00592349711132884	-0.0130828065957942	-0.0197955516974415	0.00433471224943875
PG00512	0.00609400386852747	-0.00689948785460011	0.0065379393239984	-0.0098302774567166	-0.0266413200022646
PG00425b	0.00728457788217554	-0.00387184657622901	0.000948810697253898	-0.0027916345330983	-0.0114654621786252
PG00747	-0.00824263525224591	-0.0102088118678203	-0.00458650885895275	-0.00730282317613264	0.00484876789236637
PG00030	0.000422079380091785	-0.000970867544480651	0.000235606491358248	0.0126353110268856	-0.026976431781396
PG01763	-0.00250088402422131	0.000558228795036385	-0.022545001014296	-0.0138857117092296	-0.0104488458970631
PG01561	-0.00554175669037495	-0.00615478609501824	-0.00123720954162037	-0.0122476970507832	-0.0205307169472763
PGSHARED0022	-0.00367192256773792	-0.00910414596573774	-0.00206515002624091	0.00497311088480576	-0.00756162541907554
PG00226b	-0.00333685666369629	0.00323207972324806	0.00689438445499524	0.0104091131156278	0.00282955501922072
PG00680	0.00447528872518679	0.00139893609272163	-0.00971153465413132	-0.00671398443369129	-0.0128400682916731
PG01640	0.00451174298633499	-0.00257756803232328	0.012620220427485	0.0165879026075352	-0.0127078885868588
PG00288	0.00516556427932882	-0.00335401583566831	0.000230274593906326	-0.00838115618052662	-0.00490799254462698
PG00527	0.00147350356548663	-0.00841052622580429	0.0178307442715583	-0.00853701236751716	0.00870958314971521
PG00353	-0.00237402024529143	0.00764422960220674	0.0151360915650383	0.00946999973880223	-0.0130086313541375
PG01603b	0.00217719490347421	-0.00390275710615562	-0.00501756220603878	-0.0013823484088978	0.00344170312080139
PG00578	0.000754148803198482	-0.00503792236634697	0.0111010984112586	-0.00688131717307958	0.00201409219461523
PG01198	0.00274307215566346	-0.00851659231288478	-0.0137499249332334	-0.00785521607625222	-0.00442655558184163
PG00252	0.00391321300557506	0.00963916406932197	0.0118607533204732	-0.0100866731160326	-0.0107794176707126
PG01766	-0.00470655340759628	-0.00973700135918719	-0.00596100321969499	-0.00165276341323995	-0.000391079245413634
PGSHARED0036	-0.00238656986556326	0.0144467150641022	-0.0152199435369132	-0.00239991653192946	-0.0105561380316037
PG01169b	0.00654409314601714	0.00021524684688051	-0.0218595345473222	0.0095902657791674	-0.00469927925988135
PG01438	-0.00501919565911312	-0.000261798878068975	-0.0158771414551075	0.0137476638930349	0.00191669373471218
PG01098	-0.00572244538658675	-0.00355195398918102	-0.0063447067705763	0.0143708459939975	-0.0114700848986475
PG00316	-0.000588836664106578	-0.0119194756970516	-0.0173319448190579	-0.0187974414668172	-0.000876354908681888
PG00850	0.00440488717747669	0.0131451671270631	0.00945307529037149	-0.000563006071957595	-0.00027592247791127
PG00683	0.0081338576459618	0.00942418180669192	0.00318328611951879	0.0105419359645916	-0.019050951011576
PG01663	0.00152595718868017	0.00650871933597859	-0.0107296150992966	-0.00794897254686599	-0.00826903819770161
PG00477	-0.00123027531036217	0.0162012713889426	0.0060594568727959	-0.00269479413235005	-0.011836885663174
PG01257	-0.00369055659403596	-0.00259412466653524	0.000891120797096691	-0.0096778698920591	-0.00650067776150957
PG01489	0.00186835607445246	-0.0144478554702999	-0.0013052230143378	-0.00216496541851841	-0.00765286675373504
PG00575	-0.00385381025870836	-0.00534401822378144	-0.00171245592606914	-0.00464652855198593	0.0073681851582351
PG01185	0.00434268843104519	-0.00197185399081898	-0.00919480072892065	0.00361029443104294	-0.00764437967829802
PG01318	0.00393592446376	-0.00590825157147489	-0.00310654457415761	-0.00225438531500707	0.018381013122853
PG01030	0.00109616202760628	0.00568840997405752	0.0126123418151038	0.00732809285041568	-0.0133594039788314
PG00286	0.00468875278125349	-0.011851429611066	-0.00594090263967154	-0.0115556062443932	-0.00362581623694385
PG00239	0.00692205455571793	-0.00383300445662831	-0.022530677519575	-0.00627591956547797	0.00389315192705576
PG00615	0.00105200411572608	0.00506943984878219	0.0127104512614588	0.00603391228985701	0.00910952133924626
PG01414	-0.00103507540705823	0.0064559130606457	0.000370411691701527	0.0130256426124152	-0.00695152067927231
PG01138	-0.000487669979748356	0.00712843576022765	-0.00373830338088002	-0.0305376124245512	-0.0143274904411608
PG00120	0.000195710986201311	0.0113152630352501	-0.0186917205708025	0.00909082874183161	-0.0165070548693402
PG01086	0.00369973909590758	0.0107923946760448	-0.00225998072262416	0.0105103016107757	0.00190475489175598
PG00180	-3.50263927493168e-05	-0.00631179674071171	0.0215193348170512	0.0163150635055751	-0.00895679415434886
PG00372	-0.000254767163268702	0.00350719642378229	0.0129764098360384	0.00758627762053166	0.0057817590926469
PG00766b	0.00504674229125305	-0.00961950220836179	0.0035739163733094	0.00695839328463675	-0.00920861933032197
PG00214	-0.00346676504705286	0.011438104611577	-0.0130010979223771	-0.00221296870552784	0.00132950718438703
PG01779	0.00628640938828063	-0.00790155871367697	-0.0173037958146839	-0.00732344239771407	0.0161450518644144
PG00185	0.00548028414191088	-0.0061310304277918	-0.00140456326223717	0.00036734452084815	0.0088327888413181
PG00038	-0.00948557759331846	-0.00350323201872104	-0.0072579375545072	-0.00547569462247723	-0.00829625895476268
PG00192	0.00365371802059882	-0.000237704773986273	0.00558264734382573	-0.00257999361906688	0.011258671103269
PG00676	0.000374165615982749	0.0102281867477085	-0.00683696578299723	-0.00620417588437163	-0.0125229785420325
PG01015	0.00291373385233123	-0.00151081268613541	-0.0217089946360663	0.0021706831334638	0.00173578488856498
PG00817	0.00486463283312167	-0.00307074286906325	0.00440994048221145	-0.0158362905501057	-0.0035384237317851
PG01508	-0.00651586662340035	0.00445667448815143	-0.0128871829203594	-0.00169561031584879	-0.00741655585005816
PG01222b	-0.00195315177892214	0.000219410036033932	0.0117309488478006	-0.0162728323126266	-0.00752666059691143
PG01336	-0.00401333444353923	0.0098275430133808	-0.00181578536877783	-0.000883179140716928	-0.012831852660651
PG00932	0.00293354715852346	0.00171691881748401	0.00297112478083669	-0.00180814453043148	0.00941846001446578
PG01758	0.00485251999298619	-0.00330866534710602	-0.00381917365209481	-0.00702037431777355	0.000376127820110916
PG00388	0.00458298120263624	0.000575975854893386	-0.0192028680995396	-0.00472745767255918	-0.0121008211997914
PG01680	0.00417722572343959	-0.000288297131384854	0.00959099924881921	-0.0177876676091261	-0.0113109439496786
PG00870	0.0047371918546082	-0.000156972092022628	0.00560081854339283	0.0130074906178939	0.00251393647977386
PGSHARED0001	-0.000581244903465868	0.00502947378714608	0.00250469959402413	0.010159560564031	-0.0161762664471614
PG00431	0.000539906801325136	-0.008048831554453	0.00314711071714381	-0.00876761168261027	-0.00859956197623728
PG01471	0.00260902754490503	0.00124853694547554	-0.00379945096309533	0.000760098052598617	0.00802885185339075
