feature	loading	boot_mean	boot_sd	stability
TraesNOR1A03G00000030	0.0140909220961671	0.0465458408864869	0.915530962993224	0.54
TraesNOR1A03G00003900	0.0177812377615738	0.0594466666619892	0.943215364160652	0.53
TraesNOR1A03G00004290	0.494894980474201	0.0109770717893903	0.724011793822763	0.5
TraesNOR1A03G00005050	0.0175402262227752	-0.0091096907340311	0.719323296975194	0.5
TraesNOR1A03G00006950	1.45028446528957	0.00608707036376357	0.958618337026912	0.47
TraesNOR1A03G00007640	0.0336474934552233	0.0767909557335841	0.836386327903382	0.58
TraesNOR1A03G00009270	0.343967461420515	0.00669437282362368	0.889440202014402	0.52
TraesNOR1A03G00009760	2.09370958797097	0.0281467124174326	0.787453999164096	0.51
TraesNOR1A03G00010740	0.209472882115569	0.144284323391789	0.824824938604214	0.53
TraesNOR1A03G00010780	0.0589389760031347	0.0387507933971774	0.892815678338679	0.53
TraesNOR1A03G00011550	0.623635524582998	-0.0661644057080167	0.95594661086101	0.47
TraesNOR1A03G00011890	0.00183163301846774	0.02292384549858	0.885295584793914	0.53
TraesNOR1A03G00013400	0.0107528450625854	0.0377901490240038	0.773290193819809	0.5
TraesNOR1A03G00015580	0.211988063181478	-0.0900353781122131	0.875396536357433	0.45
TraesNOR1A03G00015590	-0.240783255960628	0.0393496234443867	0.903563973241822	0.47
TraesNOR1A03G00018120	1.55791843704455	0.00796099545514085	0.874720619193396	0.54
TraesNOR1A03G00019190	0.346835135911587	-0.079992494720219	0.762393768404583	0.49
TraesNOR1A03G00021290	-0.24502152340328	-0.0313192588904504	0.773624755175017	0.55
TraesNOR1A03G00023280	0.70481672178164	-0.0754405199331202	0.849059942879258	0.44
TraesNOR1A03G00023360	-0.155673390512936	-0.187564074923312	0.76308270236559	0.58
TraesNOR1A03G00023440	0.21472462404903	-0.0511787294123515	0.8031401398795	0.5
TraesNOR1A03G00023510	0.794785133052777	-0.0529091251506145	0.811666530264874	0.53
TraesNOR1A03G00023610	0.0518885837854263	-0.0566899126242469	0.816269824759784	0.47
TraesNOR1A03G00023780	0.426495737099704	0.0413648590012232	0.843345133591832	0.47
TraesNOR1A03G00025530	-0.940990851439129	0.0148269790310173	0.901818710390079	0.5
TraesNOR1A03G00026570	-0.0998879796873223	-0.0708806016224914	0.746370491854354	0.52
TraesNOR1A03G00027820	0.359108558083911	0.081923261265985	0.780629197038322	0.57
TraesNOR1A03G00028650	0.0443420485194258	0.106741965554287	0.869841989789863	0.54
TraesNOR1A03G00028750	-0.777428623201991	-0.119845279242961	0.830931140586117	0.55
TraesNOR1A03G00029570	1.73912036448337	-0.060348028731784	0.814066898148463	0.47
TraesNOR1A03G00033230	-0.936498749758367	0.0671863003601801	0.891199374032427	0.47
TraesNOR1A03G00034440	1.08443996989328	0.115155367771805	0.798148602215494	0.63
TraesNOR1A03G00034990	0.708112371825907	-0.0608728915231626	0.770563291806692	0.47
TraesNOR1A03G00035000	-0.0524467727394569	-0.0211692364979708	0.927086517049035	0.57
TraesNOR1A03G00036300	0.0273803858983987	-0.0122326110312615	0.715200998588326	0.52
TraesNOR1A03G00037140	0.103982265571014	0.0220187871015975	0.829117197022276	0.53
TraesNOR1A03G00037320	1.18211780132829	0.0597839898168158	0.856290948277765	0.5
TraesNOR1A03G00037620	-0.112471137240109	-0.175218032871411	0.84185455197344	0.58
TraesNOR1A03G00038460	1.93464740153325	0.0823265709596718	0.826916362259985	0.54
TraesNOR1A03G00038470	-0.13000098730066	0.0799276747404584	0.726651945036435	0.4
TraesNOR1A03G00040500	1.20375335384229	-0.00486151114913057	0.828156727302355	0.55
TraesNOR1A03G00041560	-0.917703516728151	-0.0410027930080085	0.907081960295476	0.54
TraesNOR1A03G00042390	0.0553692900557894	-0.0905419079346528	0.855794270240574	0.47
TraesNOR1A03G00044040	-0.483987759916284	0.0398703377519434	0.862845543632092	0.43
TraesNOR1A03G00044350	-1.61916941477528	-0.040007893750699	0.995523550720665	0.59
TraesNOR1A03G00046700	-1.42592401310681	0.142870325831976	0.69265085281546	0.4
TraesNOR1A03G00049530	0.515995278286568	-0.0020377111527344	0.744533634164741	0.54
TraesNOR1A03G00049880	-2.69100684726568	-0.000570616959537482	0.827513200089194	0.47
TraesNOR1A03G00052390	-0.464798351846918	-0.0203091703181949	0.893307986395254	0.52
TraesNOR1A03G00055860	-0.0362657430711526	0.0251130045937128	0.81732293543344	0.5
TraesNOR1A03G00056240	-1.19095007887675	-0.130465090443367	0.786512622454804	0.54
TraesNOR1A03G00056280	-0.197525097153876	0.131984338263946	0.927501961607316	0.48
TraesNOR1A03G00066190	-0.171908586608318	0.112806271591456	0.918270709481889	0.47
TraesNOR1A03G00070550	0.61363994894037	-0.044518423562076	0.944791842586354	0.5
TraesNOR1A03G00071920	-0.980140379244265	0.0707504804128484	0.901052771795876	0.48
TraesNOR1A03G00072290	0.35445290324056	-0.0155921587633478	0.81088355712144	0.44
TraesNOR1A03G00073190	-1.7387309450634	0.00242221413778417	0.875319398799826	0.54
TraesNOR1A03G00073270	-1.65744889695706	0.0672752186902322	0.827295393814068	0.47
TraesNOR1A03G00074400	-0.220532965641589	0.111337520673317	0.816261365780197	0.38
TraesNOR1A03G00075010	0.105638996828124	0.13016481085981	0.771732667701869	0.6
TraesNOR1A03G00075350	-0.820006349458022	0.0260102739803877	0.84670539128048	0.55
TraesNOR1A03G00075900	0.484743305844954	-0.0115414339243082	0.694012941901755	0.55
TraesNOR1A03G00079470	-1.0058959790537	-0.005214194368453	0.811181538786227	0.56
TraesNOR1A03G00081070	0.507674285106147	0.000591101124583678	0.858688087386725	0.46
TraesNOR1A03G00081560	-0.384225819914191	0.0131699987918299	0.820106394063314	0.51
TraesNOR1A03G00082100	0.907097836640513	0.0346002690160139	0.799430640763624	0.54
TraesNOR1A03G00082680	0.043036834974955	-0.00376527877568652	0.752762046954191	0.51
TraesNOR1A03G00083040	0.706458353227531	0.00184255052751198	0.803881530450318	0.46
TraesNOR1A03G00083070	0.28467208663344	0.116888425598516	0.88126657117663	0.56
TraesNOR1A03G00083110	-0.0356594370757256	0.0320548674374075	0.878606744675854	0.5
TraesNOR1A03G00085070	-0.0355004674932135	-0.254597371193547	0.775066531373372	0.66
TraesNOR1A03G00085200	0.685109148883266	0.0097892264259966	0.899434771605397	0.46
TraesNOR1A03G00085870	-0.0038273642676519	0.000523215670883516	0.98384454581873	0.47
TraesNOR1A03G00086180	-0.00158665743559252	0.111221190559732	0.920123504832427	0.48
TraesNOR1A03G00087010	3.01922068717485	-0.0646774854504278	0.862105286186429	0.44
TraesNOR1A03G00088830	1.81957715768632	-0.00555118990124021	0.839739989774463	0.51
TraesNOR1A03G00090890	-0.103725728247847	-0.0500248252361355	0.869732513285993	0.52
TraesNOR1A03G00091430	-0.8871387314421	-0.147029890047278	0.801067684388258	0.54
TraesNOR1A03G00091510	1.18636168597046	-0.0305662854592268	0.760814942650737	0.45
TraesNOR1A03G00091890	-1.03815116985246	0.0596144844447216	0.826540761820241	0.49
TraesNOR1A03G00091970	-0.897834765326863	0.0930499105577176	0.913654902860978	0.47
TraesNOR1A03G00092230	2.27205556152894	0.0904796839276371	0.842897815359451	0.56
TraesNOR1A03G00092530	0.770291059425075	-0.141994162485759	0.839479543926079	0.44
TraesNOR1A03G00094220	0.671604074390261	0.0186326864413979	0.810511803901823	0.49
TraesNOR1A03G00094960	0.584212358244209	-0.0563730224490041	0.946937551232911	0.49
TraesNOR1A03G00095410	-0.230396988758257	0.0561357178435966	0.86208404603155	0.49
TraesNOR1A03G00095730	-0.630026571532657	-0.0313787616323441	0.812739936119321	0.51
TraesNOR1A03G00096290	-0.723224787956839	-0.0108913398476063	0.832389664939647	0.51
TraesNOR1A03G00096460	0.602091550706955	0.0715626709601407	0.940284697297453	0.54
TraesNOR1A03G00098650	0.0530539686307788	-0.150327631001588	0.805757142575734	0.39
TraesNOR1A03G00098970	-0.017259029860842	0.12845667578121	0.701224450757058	0.42
TraesNOR1A03G00098990	-1.00437019393485	0.0143436622448988	0.807211499959322	0.45
TraesNOR1A03G00099070	-0.315275978683355	-0.011971850886388	0.796919096499846	0.55
TraesNOR1A03G00100720	-1.19707960773496	-0.120713192905191	0.79942491018938	0.56
TraesNOR1A03G00102280	-0.423096858313364	0.0899734310757489	0.937044874303714	0.53
TraesNOR1A03G00102310	-0.567398079695399	-0.0376969776568523	0.989577145606299	0.48
TraesNOR1A03G00102710	1.18131195027509	0.167811249734695	0.852952717816477	0.51
TraesNOR1A03G00106010	0.39421062963978	-0.0718911647099982	0.913692670647495	0.52
TraesNOR1A03G00106280	0.0841867392110691	-0.0295548991115557	0.799551276988688	0.42
TraesNOR1A03G00111030	-0.749318630967614	-0.012051926363834	0.853134872165264	0.55
TraesNOR1A03G00112660	-0.141582191068065	0.10055870359128	0.754968489484661	0.44
TraesNOR1A03G00113060	-0.821661506118544	0.0514618816694515	0.768558895775439	0.43
TraesNOR1A03G00114030	0.403575485566721	-0.0451651906164889	0.93744184281694	0.49
TraesNOR1A03G00114380	-0.0119487015275366	0.00248272075020503	0.772506910512905	0.5
TraesNOR1A03G00114650	-1.38952687983768	-0.00502585561590266	0.773842453196038	0.54
TraesNOR1A03G00115750	-0.22465233069075	0.0134575205341816	0.874108693210404	0.45
TraesNOR1A03G00116290	1.11707313410169	-0.0995009763557005	0.859646350149843	0.43
TraesNOR1A03G00116660	0.624809546385291	-0.107779195473008	0.909380135849837	0.47
TraesNOR1A03G00116820	-0.225946015970457	0.0480944522920387	0.790038375828777	0.48
TraesNOR1A03G00117120	0.0465402650571	0.0303704030766026	0.958239542904582	0.54
TraesNOR1A03G00117480	0.438250018213256	0.0406074624413348	0.756995297715686	0.48
TraesNOR1A03G00117510	-0.0043953463714464	0.0577897911407566	0.873240806285603	0.52
TraesNOR1A03G00118010	-0.401127619713016	0.0130418140565125	0.832068335601454	0.51
TraesNOR1A03G00119210	0.576816593982706	-0.135076045011173	0.838532214941955	0.53
TraesNOR1A03G00120020	0.85535371956653	-0.00994728744721803	0.903531065147565	0.53
TraesNOR1A03G00120030	-0.256719120452893	0.0453162444031107	1.02167317062517	0.48
TraesNOR1A03G00120080	-0.257536889174776	-0.0172760390211608	0.811687779145378	0.56
TraesNOR1A03G00120550	0.0500703765487522	-0.0664133573639176	0.877580466744066	0.5
TraesNOR1A03G00121010	0.785949488204826	0.0506182208973406	0.705324922290977	0.52
TraesNOR1A03G00122170	0.0553977912046007	-0.00171645085927585	0.946657837800184	0.51
TraesNOR1A03G00122970	0.194836378700098	0.119428188572558	0.878629211276962	0.57
TraesNOR1A03G00123000	0.192286693104102	-0.0220598559796245	0.83195862485711	0.52
TraesNOR1A03G00123270	-0.609059733920107	0.00258308878146874	0.749096086987961	0.46
TraesNOR1A03G00123750	1.3621950423095	-0.0135834407199858	0.900988127383194	0.44
TraesNOR1A03G00126170	0.251961433130213	-0.029296871047978	0.855426144627418	0.51
TraesNOR1A03G00126410	0.210490573596207	0.00301370816498324	0.924911501091571	0.48
TraesNOR1A03G00127780	0.999010491606067	-0.000578365142296363	0.788326258418254	0.48
TraesNOR1A03G00128050	0.246619447012448	-0.0474469629788463	0.763096457448472	0.49
TraesNOR1A03G00132360	-0.628020590561054	-0.00658135205182916	0.802570289874221	0.53
TraesNOR1A03G00135620	0.80154117398861	0.108998412926439	0.824411368611897	0.57
TraesNOR1A03G00136350	0.245364531860005	-0.00519172171516854	0.869870672559137	0.42
TraesNOR1A03G00136430	-0.565750812892761	0.0598309787858029	0.968576161113123	0.46
TraesNOR1A03G00137210	0.00706503178951023	0.033775446078339	0.879252739732665	0.49
TraesNOR1A03G00140270	-0.650363769196018	0.0227299482276853	0.837780519871611	0.44
TraesNOR1A03G00141960	0.165179783684669	0.0548374220382573	0.93564149634059	0.5
TraesNOR1A03G00142890	-0.201181738125876	-0.0487751749877868	0.981852900480404	0.49
TraesNOR1A03G00145750	-0.0921566671712895	0.0318437194505796	0.910842815140224	0.44
TraesNOR1A03G00147490	-0.742628867469443	0.10055330598747	0.894008951509206	0.43
TraesNOR1A03G00148160	0.758802947070616	0.0388936527506279	1.00725522009564	0.5
TraesNOR1A03G00148790	0.512480563207343	-0.0690760720877266	0.892564427242534	0.52
TraesNOR1A03G00152070	0.662997471302026	0.0341224339194437	0.884784433656723	0.47
TraesNOR1A03G00152290	0.267297377791566	-0.0333156676348083	0.83868291971861	0.54
TraesNOR1A03G00152430	0.548205622702709	0.0906099183199771	0.731817377838987	0.58
TraesNOR1A03G00153200	1.19969185211991	-0.0427322013146849	0.789229890881567	0.46
TraesNOR1A03G00153210	-2.41661838253992	0.0135512288451332	0.925464884428273	0.54
TraesNOR1A03G00153260	0.940643160067698	0.0181465569438683	0.854188428471162	0.52
TraesNOR1A03G00153290	-0.404916730616522	0.0147557502543936	0.889029109259518	0.45
TraesNOR1A03G00155080	-1.03107749013036	0.0799847074951792	0.889516775276676	0.44
TraesNOR1A03G00156230	0.509982937860971	0.0528471464968611	0.96719058561787	0.52
TraesNOR1A03G00156570	0.21771064358741	0.0608044791693139	0.809873677845512	0.52
TraesNOR1A03G00156620	1.6332122494603	-0.0513468487234981	0.862272584901109	0.5
TraesNOR1A03G00157180	0.348441002927757	0.0781103339358357	0.844486657688488	0.51
TraesNOR1A03G00157640	-0.0492988699622028	-0.00485594865277728	0.777342941779785	0.51
TraesNOR1A03G00159460	-0.353364973049526	-0.0618949081990739	0.942349424108067	0.52
TraesNOR1A03G00159680	0.688834860578904	-0.00490560164516176	0.836058280413166	0.5
TraesNOR1A03G00161660	-0.740312677446652	-0.161008175291408	0.803514977988675	0.57
TraesNOR1A03G00163550	-0.490772312685682	-0.125255887636699	0.937809352513191	0.55
TraesNOR1A03G00165270	0.697841420812225	-0.032491187748925	0.908135994285919	0.52
TraesNOR1A03G00166190	0.132652851790724	0.00414094747706054	0.834619648678164	0.59
TraesNOR1A03G00169470	-0.579115320229916	0.0533646611907521	0.732377519717162	0.46
TraesNOR1A03G00169820	0.699957203904617	-0.0497555301118002	0.876904970044949	0.49
TraesNOR1A03G00169990	1.72282012934892	-0.0115058549433704	0.836944253335243	0.55
TraesNOR1A03G00170570	0.0417074990255856	-0.0777013148222145	0.92562394913602	0.48
TraesNOR1A03G00171240	-0.0271093211777163	0.248289956675591	0.717398519531838	0.43
TraesNOR1A03G00172620	-1.17322200894103	-0.154774938824655	0.780626075294161	0.55
TraesNOR1A03G00173090	-1.74184460988409	0.00354538233895571	0.917352886840153	0.48
TraesNOR1A03G00174600	-1.08745952948128	-0.0613487082558663	0.839600357064427	0.5
TraesNOR1A03G00174670	-0.210646811072073	0.234203870225857	0.810215248834941	0.4
TraesNOR1A03G00175470	-1.46483064920409	0.0397599429708957	0.832910608832069	0.43
TraesNOR1A03G00175750	0.0525904558754147	-0.0326886164507105	0.808989770322308	0.58
TraesNOR1A03G00177180	0.265223694302	-0.0132353215538369	0.795925403045008	0.49
TraesNOR1A03G00178500	-0.055600592314564	-0.115658834577355	0.772203567680906	0.6
TraesNOR1A03G00179770	0.00312757048656944	-0.0384925831201996	0.821072610881475	0.44
TraesNOR1A03G00180380	-0.30935051512267	0.0226675460522784	0.898145871869557	0.47
TraesNOR1A03G00181580	-0.0629282394078945	-0.0422349824437322	0.813711724068026	0.52
TraesNOR1B03G00184930	-0.393967931550396	-0.106042693501254	0.918892820467509	0.57
TraesNOR1B03G00186790	-0.584063087772551	0.0891576482557907	0.989709159349941	0.49
TraesNOR1B03G00186850	0.440923514237063	0.0370295470896989	0.756801823776413	0.45
TraesNOR1B03G00187030	-1.05857763820988	0.134182507298422	0.903585588768615	0.46
TraesNOR1B03G00187850	-1.02416859115065	0.0430757711078235	0.865685137302007	0.49
TraesNOR1B03G00189060	0.350972872818044	0.0707119451106982	0.875672773769828	0.53
TraesNOR1B03G00194090	0.414067889477092	0.0454552956012711	0.832041455777463	0.48
TraesNOR1B03G00195290	-0.0083429435812421	-0.0200328716069486	0.754385044970003	0.51
TraesNOR1B03G00197460	0.148294709065399	0.0728596153030065	0.857323851592547	0.58
TraesNOR1B03G00198480	0.116756609957654	0.116782274791647	0.983358280059569	0.54
TraesNOR1B03G00204160	-1.09901958393481	-0.0198802515527431	0.741113475374622	0.52
TraesNOR1B03G00204450	0.719257018289816	0.107778990405215	0.83995356757567	0.59
TraesNOR1B03G00212680	0.506364900101183	-0.0776497360848797	0.802945469234691	0.41
TraesNOR1B03G00214150	0.623442688030722	-0.0868350808418901	0.764183362217099	0.44
TraesNOR1B03G00220030	-0.751723950434176	-0.0748566953519465	0.779512168823765	0.55
TraesNOR1B03G00225440	-0.307895208238688	-0.0681355710400259	0.885352102739581	0.58
TraesNOR1B03G00226070	0.417474443078075	-0.0922510980682226	0.844604154476163	0.46
TraesNOR1B03G00228570	0.0584872738179065	0.0717145587765328	0.820092742019759	0.58
TraesNOR1B03G00229270	-0.408721842794829	-0.0590055096280714	0.857398394436895	0.55
TraesNOR1B03G00229620	0.813184846837772	0.0247671179952021	0.885278901578417	0.51
TraesNOR1B03G00229970	0.435522937423682	0.00797781783358362	0.819341010220513	0.52
TraesNOR1B03G00230850	-0.451439209280904	-0.0470439395585602	0.848782218674134	0.54
TraesNOR1B03G00232920	-0.0569973080301128	0.0433198927998524	0.785280942795287	0.51
TraesNOR1B03G00234640	-0.718268208436076	-0.153340215232877	0.807777955166293	0.59
TraesNOR1B03G00234780	0.920371935192995	0.00520079340566107	0.79194083948192	0.55
TraesNOR1B03G00236370	-0.461493088064277	-0.0535952291280893	0.847923885739848	0.53
TraesNOR1B03G00236930	1.50091296587294	0.0654135206403673	0.867619697934315	0.56
TraesNOR1B03G00237580	1.01371385149397	0.0561342543927286	0.868144201343026	0.51
TraesNOR1B03G00238290	0.77801397734806	0.196110862879235	0.846016376134674	0.59
TraesNOR1B03G00239450	-1.44183661861235	-0.109179933232026	0.784909805933718	0.57
TraesNOR1B03G00242170	0.457596073600032	-0.0826501973972821	0.849727577760422	0.42
TraesNOR1B03G00242240	0.0313352199878332	0.0675362398922284	0.813487830233499	0.55
TraesNOR1B03G00242470	0.307184670135352	0.0271893259838629	0.839593300241592	0.45
TraesNOR1B03G00242860	-0.054111669914547	0.0953309250875743	0.849738655578551	0.42
TraesNOR1B03G00244310	0.633106152698957	-0.222656741312434	0.823193620853448	0.36
TraesNOR1B03G00248780	0.163809633148925	0.0465267689205254	0.745217201843872	0.49
TraesNOR1B03G00249260	-0.784332043126294	0.0721390757294068	0.771076574347803	0.44
TraesNOR1B03G00249330	-1.20756429304193	0.0223925096644156	0.854498016873978	0.5
TraesNOR1B03G00249890	-1.05750665420875	-0.0162210379716411	0.836773712850436	0.45
TraesNOR1B03G00250480	0.0322034587563485	-0.0123961486128377	0.878013321201919	0.51
TraesNOR1B03G00254860	0.801639233809961	0.00871662363715197	0.833632389318052	0.51
TraesNOR1B03G00256420	1.24953842005473	-0.0189651636006563	0.691504776959399	0.46
TraesNOR1B03G00259460	-0.477447697108115	-0.0402686471845964	0.811127761076804	0.52
TraesNOR1B03G00259750	-0.919872856525529	-0.208811872997972	0.852518959696682	0.57
TraesNOR1B03G00262310	-0.465380786476184	-0.0616102379372486	0.859530705753018	0.54
TraesNOR1B03G00262570	-0.414436577651815	0.0718020731550761	0.891246617171397	0.48
TraesNOR1B03G00268560	0.826790762569568	-0.0328699340806753	0.863572746345627	0.47
TraesNOR1B03G00270510	-1.18852688182721	0.0353747563366438	0.787658500511129	0.52
TraesNOR1B03G00278220	-0.202100293567608	0.0812226652620316	0.801187764196522	0.48
TraesNOR1B03G00282450	0.836258029412768	0.00138853363700522	0.952276476593363	0.56
TraesNOR1B03G00282750	0.71493000279541	-0.0246747878096563	0.953755399226408	0.44
TraesNOR1B03G00282880	-0.41506337986827	0.0207959048667326	0.799183881544751	0.53
TraesNOR1B03G00285520	-0.202494377457141	0.0376228702307542	0.731089779047491	0.51
TraesNOR1B03G00285610	-0.328822718377468	-0.0894954008861869	0.920184020131278	0.52
TraesNOR1B03G00285760	0.252109137506014	0.122397172448891	0.872168308775123	0.55
TraesNOR1B03G00285810	0.0473716774726817	-0.0194632436604232	0.89384943057238	0.48
TraesNOR1B03G00287620	-0.0887100886868066	0.03970127790612	0.927057393646011	0.47
TraesNOR1B03G00287920	-0.315441480410934	-0.0428102080729549	0.727216961361184	0.54
TraesNOR1B03G00288540	-0.637264391889883	0.0299959261946368	0.792159873704981	0.47
TraesNOR1B03G00288860	0.0220978015642348	0.0507002614746275	0.761187968159977	0.5
TraesNOR1B03G00288930	0.515885214728596	-0.0285689736538035	0.812021962071997	0.46
TraesNOR1B03G00289280	-2.0358919438396	-0.139371722200858	0.824592766063718	0.54
TraesNOR1B03G00289380	0.669749488187278	-0.0181629381780743	0.816229939012502	0.48
TraesNOR1B03G00291340	-0.0136595343279854	0.144559377651732	0.870402232840358	0.42
TraesNOR1B03G00293230	0.0366561528255199	0.0542342203265825	0.884410828673002	0.55
TraesNOR1B03G00293540	1.08586623366554	0.0171175003512081	0.815033398213149	0.5
TraesNOR1B03G00293740	0.498022946431519	0.144266551630955	0.750150783936305	0.59
TraesNOR1B03G00294300	0.0879518645008695	0.263832818258893	0.745438082251255	0.66
TraesNOR1B03G00294430	0.0673500421109956	0.174868404078504	0.878987297864467	0.56
TraesNOR1B03G00295520	-0.973418097335764	-0.0330135189358074	0.863890213890419	0.49
TraesNOR1B03G00296490	0.027580893443009	0.0125510743143138	0.879852596371098	0.52
TraesNOR1B03G00296960	0.00326733571989011	-0.0684991594839673	0.947412325813097	0.47
TraesNOR1B03G00297120	0.429086620399568	-0.0810651067576449	0.827705363792599	0.47
TraesNOR1B03G00297520	2.12193814400852	-0.0977331931161414	0.848577217569894	0.45
TraesNOR1B03G00298170	-0.113860967286749	-0.024567824117494	0.91550250827371	0.48
TraesNOR1B03G00298330	0.0263334338803007	-0.0675135735528212	0.800634006228876	0.46
TraesNOR1B03G00298860	-0.819238412104219	-0.0422741738597105	0.71773592059103	0.53
TraesNOR1B03G00299390	0.0278009652626519	0.0659010454391935	0.874145175240585	0.5
TraesNOR1B03G00304940	0.0326203749305547	0.0307899703684336	0.781647691815107	0.52
TraesNOR1B03G00306240	-0.284379723897485	0.0262346583232849	0.774453062846202	0.51
TraesNOR1B03G00306250	0.727633851675101	0.0506731565030988	0.741238077303956	0.54
TraesNOR1B03G00307410	0.340136479140647	-0.16156254273307	0.859220969362589	0.46
TraesNOR1B03G00307610	0.322310858957354	0.0423657814730263	0.929201438370042	0.5
TraesNOR1B03G00307660	-0.415050504731406	0.0440575825403535	0.861749593088709	0.54
TraesNOR1B03G00308430	0.0612716518700946	0.0205347383809736	0.880048492353943	0.51
TraesNOR1B03G00310070	0.963710686328895	-0.0790444903316988	0.680020126566036	0.47
TraesNOR1B03G00310270	1.48824082276975	0.0244810272306242	0.800033700934115	0.47
TraesNOR1B03G00311520	0.0115015291311497	-0.0298840596311925	0.802901319671596	0.53
TraesNOR1B03G00312280	-0.0374449286251213	-0.0907566318960709	0.850105858835435	0.53
TraesNOR1B03G00314010	0.492798772393502	-0.0724155624575082	0.748997630620083	0.47
TraesNOR1B03G00315490	-1.04624436651991	-0.0990628576050321	0.817336070127791	0.53
TraesNOR1B03G00315880	0.996528434693916	-0.0635129555435227	0.821653386511046	0.45
TraesNOR1B03G00317210	-0.011026368847056	-0.0846087271718556	0.745614056957404	0.53
TraesNOR1B03G00318070	0.00353537640253484	0.0866293819288693	0.861417187312262	0.52
TraesNOR1B03G00319390	0.304500617996526	0.130957018479722	0.885656754439742	0.52
TraesNOR1B03G00319580	-0.0671233308786204	0.0431056312756059	0.86740582773132	0.4
TraesNOR1B03G00319600	0.48119047237978	-0.0946455336484053	0.913571477701615	0.46
TraesNOR1B03G00319940	-0.175456006599009	0.143993474683419	0.925971145262193	0.43
TraesNOR1B03G00320220	-1.60515679495434	0.11853437650977	0.88725506570516	0.49
TraesNOR1B03G00320450	0.034884420102247	0.00721255102858931	1.00099964938149	0.56
TraesNOR1B03G00320990	-0.975193495296985	-0.0090249466028496	0.873818669026677	0.45
TraesNOR1B03G00321210	-0.121773957099808	-0.0795202347766588	0.841069323522869	0.54
TraesNOR1B03G00321290	0.521483367581218	-0.0595280183658781	0.865580064827284	0.44
TraesNOR1B03G00321320	0.0276857320723751	0.0267993546915302	0.882038283938121	0.45
TraesNOR1B03G00323430	0.0886338029439422	0.103055926936077	0.82639023774128	0.51
TraesNOR1B03G00323470	-2.66461673879076	0.0817642523640586	0.808706969311461	0.4
TraesNOR1B03G00324190	-1.73811687616494	-0.166329601511623	0.780220138620047	0.53
TraesNOR1B03G00324510	0.265219916026112	0.0698630080460689	0.932606407343449	0.51
TraesNOR1B03G00324530	0.644103855201542	-0.0368462008949287	0.778613638541915	0.51
TraesNOR1B03G00324730	0.992015154955743	-0.071759315302594	0.846493412681239	0.51
TraesNOR1B03G00324830	-0.0352564215599699	0.0397881800932339	0.772604966018024	0.48
TraesNOR1B03G00325130	-0.0236570791068736	0.0988850821028947	0.886967913641439	0.45
TraesNOR1B03G00327040	0.457110913262171	0.134883229256545	0.895862037684558	0.54
TraesNOR1B03G00330410	0.00660291221527554	0.03611715841456	0.847171719304986	0.53
TraesNOR1B03G00333140	-0.398227275298422	0.016277771214601	0.820300661998622	0.47
TraesNOR1B03G00333330	1.12088410645232	0.0312044419218823	0.97837342850804	0.48
TraesNOR1B03G00334270	-0.465902355687024	-0.0363872343847642	0.759993600998014	0.5
TraesNOR1B03G00334490	0.246000141149206	-0.0618612427856255	0.823222936720848	0.49
TraesNOR1B03G00336290	-0.184403108935555	-0.110927701123861	0.707679676982444	0.55
TraesNOR1B03G00338270	-0.213498983641111	0.0730127584663505	0.826681984216319	0.52
TraesNOR1B03G00339250	0.00014384227588832	0.0424099601613825	0.884982800397018	0.45
TraesNOR1B03G00340190	0.13439865614107	-0.0351638957097767	0.783458141944902	0.53
TraesNOR1B03G00340510	0.00705665348762886	0.106402581939968	0.868572441639519	0.59
TraesNOR1B03G00341760	-1.92309009284125	-0.0307974939425124	0.884683672633132	0.51
TraesNOR1B03G00342170	-0.187293132567215	-0.0184411591098784	0.839223316431837	0.58
TraesNOR1B03G00343110	0.762381669987984	-0.200034216962355	0.747212777011061	0.43
TraesNOR1B03G00343950	-1.16662410840451	0.0777244732038512	0.857073169564044	0.47
TraesNOR1B03G00344150	-1.66511990076327	-0.114352835490029	0.846319043333626	0.55
TraesNOR1B03G00345930	0.292988960720472	-0.132983162124911	0.841656141747001	0.47
TraesNOR1B03G00347080	-2.03272664309621	0.0257023006426825	0.84898025413178	0.46
TraesNOR1B03G00349960	0.0298740724983645	-0.000666911550249675	0.801869242737312	0.43
TraesNOR1B03G00351220	0.00447611339712608	-0.058841081785413	0.862824276590598	0.45
TraesNOR1B03G00352030	0.0477312543114483	0.0522981754017812	0.876767224898748	0.53
TraesNOR1B03G00353620	-2.04524705606454	-0.166649533261781	0.950833114117771	0.49
TraesNOR1B03G00354170	0.00251154971359627	-0.121209370375185	0.805377557080154	0.4
TraesNOR1B03G00356050	0.87964620625148	0.0532992644322161	1.08865917609604	0.54
TraesNOR1B03G00357190	-0.899827872218504	-0.0105899783718286	0.882414456464063	0.51
TraesNOR1B03G00358610	-0.322728119804022	-0.0265050056068586	0.855032804366583	0.51
TraesNOR1B03G00358800	-1.06681339368529	0.0910304970406082	0.734829791870168	0.52
TraesNOR1B03G00359090	-0.782742379944958	-0.114853503821274	0.817495337915183	0.51
TraesNOR1B03G00359220	-0.329095129026192	0.000769307260177244	0.838855810491963	0.48
TraesNOR1B03G00360030	-0.0802433237565364	0.112181218542304	0.806854363857821	0.48
TraesNOR1B03G00360200	-0.0296019234485584	0.087307554023583	0.81335110922694	0.45
TraesNOR1B03G00360720	0.0180306256492292	0.0785128228961841	0.796229962359254	0.51
TraesNOR1B03G00361900	-0.251195207935584	-0.0763857952677035	0.860039360840081	0.52
TraesNOR1B03G00361950	1.13826919805049	-0.0737452174225849	0.689340284862359	0.49
TraesNOR1B03G00364970	0.0787848763080843	0.003652314131827	0.799087042507532	0.52
TraesNOR1B03G00365010	-0.875006896400576	-0.0300192495257069	0.77400743223025	0.55
TraesNOR1B03G00365120	0.107661860117988	-0.117634268460651	0.952190959433245	0.46
TraesNOR1B03G00365130	-1.06359641081666	0.0171072976807148	0.739313021622137	0.53
TraesNOR1B03G00365330	-1.6826247493544	-0.0682284667149688	0.946335682047359	0.52
TraesNOR1B03G00366300	0.685138732937556	0.0949084067351785	0.813638018027868	0.52
TraesNOR1B03G00367270	0.012532072706019	-0.0527559824077127	0.909081798811709	0.45
TraesNOR1B03G00367870	0.815170575080583	0.0543087716487154	0.848210837337669	0.53
TraesNOR1B03G00368050	-0.64532597987443	-0.0256918325279883	0.844641974723865	0.5
TraesNOR1B03G00369040	0.100892218826584	0.165275260718378	0.996118492104982	0.61
TraesNOR1B03G00369510	-1.52779972426248	-0.184527907253281	0.788017136988684	0.65
TraesNOR1B03G00370470	0.24140247398105	-0.0422763235805124	0.796442335546601	0.49
TraesNOR1B03G00372650	0.653296534703723	-0.0363020553136211	0.961583066208259	0.46
TraesNOR1B03G00374380	-0.583281173685966	0.0386770664619818	0.804672586128933	0.52
TraesNOR1B03G00374780	0.649329890660356	0.020729461312631	0.847111792247538	0.54
TraesNOR1B03G00374850	0.0280847010723965	-0.0271286465019905	0.754523752302015	0.51
TraesNOR1B03G00374900	-2.05550443809881	0.0662444898568794	0.892239929817869	0.48
TraesNOR1B03G00379730	0.028402112977946	0.101700394748226	0.830929643547103	0.53
TraesNOR1B03G00380910	-0.537929169998352	0.051843730930771	0.826668992149586	0.5
TraesNOR1B03G00382690	-0.603614698544643	-0.180598950407638	0.837805763001397	0.55
TraesNOR1B03G00383010	0.378041236685225	-0.149345883680043	0.913592370137028	0.41
TraesNOR1B03G00385700	-0.610487115421351	-0.035041571221359	0.722125612770099	0.51
TraesNOR1B03G00385750	1.49230430074344	0.064199703217478	0.783142649837121	0.51
TraesNOR1B03G00389890	-0.834575840965932	0.00967795448125543	0.692437598272649	0.49
TraesNOR1B03G00391060	1.0310854822855	0.0210600429258051	0.891265954178991	0.47
TraesNOR1B03G00391450	0.30178773266445	0.106187226671228	0.886064164161371	0.46
TraesNOR1B03G00392280	0.65016420863758	0.00594015958315757	0.854931370152283	0.44
TraesNOR1B03G00392670	0.0942079925453851	-0.15038766647066	0.789297383935518	0.44
TraesNOR1B03G00392730	0.631976112440875	-0.133524674477721	0.784521215789795	0.47
TraesNOR1B03G00392950	-0.750783146779449	0.013068038261887	0.894260873836013	0.5
TraesNOR1B03G00393390	0.411576923971837	-0.077277812630424	0.70288186490946	0.5
TraesNOR1B03G00393760	0.0287233037237484	-0.167374232470993	0.873379042917785	0.42
TraesNOR1B03G00394230	-0.0503988594291557	0.0432280820320287	0.852737229324114	0.49
TraesNOR1B03G00394260	-0.497232278704372	-0.0336723415738036	0.774955290718054	0.53
TraesNOR1B03G00394470	-1.61590162378581	0.0475666546112925	0.820971032937344	0.41
TraesNOR1B03G00394480	-0.0269361601304136	-0.10499015651106	0.865004466869245	0.54
TraesNOR1B03G00395170	-0.0861127202689076	-0.0567456815799615	0.838279800150176	0.59
TraesNOR1B03G00395850	-0.58693431951208	0.0800871745048885	0.795250027200205	0.49
TraesNOR1B03G00396970	0.21224566505808	-0.1361011605693	0.697028383097866	0.37
TraesNOR1B03G00398290	0.226913890059042	-0.102618519524965	0.843337969920925	0.49
TraesNOR1B03G00399540	1.17598030928439	0.187174488503967	0.874284073549066	0.6
TraesNOR1B03G00399870	1.30067978767239	-0.0241230175689144	0.748074579796281	0.46
TraesNOR1B03G00401610	-0.31222141525217	-0.0223649392294645	0.831238396808786	0.48
TraesNOR1B03G00403370	0.521066415580124	0.0109868546048055	1.04371185897536	0.54
TraesNOR1B03G00403960	0.257366701970681	-0.126630423804907	0.922102019631214	0.46
TraesNOR1B03G00404840	0.528014032717083	-0.0165418108989757	0.727635197973945	0.46
TraesNOR1B03G00405060	-0.508741857352155	0.0459926255370474	0.75874016892168	0.42
TraesNOR1B03G00406890	-0.0919133507128145	0.131331905995219	0.892215926273847	0.5
TraesNOR1B03G00407130	-1.63023800958759	0.12958425480081	0.825387928517529	0.45
TraesNOR1B03G00407510	0.392249374472274	-0.0146467454004854	0.847943516462477	0.47
TraesNOR1B03G00407550	-1.0711913507037	0.0595288568146066	0.810834879760232	0.48
TraesNOR1B03G00408180	0.384064814636192	0.00749291464467228	0.909018354432894	0.43
TraesNOR1D03G00412110	0.234324164219497	-0.045632781922512	0.82994808057371	0.51
TraesNOR1D03G00412150	-0.419015527572265	-0.0206052403905003	0.727628284806372	0.55
TraesNOR1D03G00412240	-0.000434995408764504	0.0681125964789499	0.846247994303349	0.45
TraesNOR1D03G00414390	0.751381830989632	0.158147607043748	0.914464283159949	0.53
TraesNOR1D03G00414850	-0.126405837421319	0.058907452393287	0.891945106824022	0.4
TraesNOR1D03G00416320	0.129643007532871	-0.0814795249347088	0.890313242293525	0.47
TraesNOR1D03G00417330	0.326914400126285	0.0412940072953784	0.929741860959329	0.56
TraesNOR1D03G00418940	-1.9585106777671	-0.0457893593825133	0.781575573770952	0.58
TraesNOR1D03G00419270	-0.140318482423417	0.0322510630715089	0.913846913373903	0.51
TraesNOR1D03G00421070	-0.655753243882809	0.0419694326500366	0.706950228092864	0.51
TraesNOR1D03G00422330	0.766523820386736	-0.0233022496020693	0.838030130762861	0.45
TraesNOR1D03G00422400	0.179337654423735	-0.132099929962231	0.948128059583264	0.45
TraesNOR1D03G00422650	0.161944076764363	0.0166170612403373	0.881054752884377	0.54
TraesNOR1D03G00425410	0.0429351372567581	-0.0820963771301853	0.723750696292921	0.49
TraesNOR1D03G00426030	0.326146555212958	0.124280925297003	0.806524003404518	0.53
TraesNOR1D03G00430310	-0.111238627576248	0.075947221771091	0.733892876864184	0.48
TraesNOR1D03G00430460	0.464192190730118	-0.0665597988694679	0.802443889354914	0.52
TraesNOR1D03G00430870	0.77887154698629	0.065117544185751	0.892882084768742	0.5
TraesNOR1D03G00431340	0.932398503970479	-0.0849811110048029	0.791703421325953	0.39
TraesNOR1D03G00431960	-0.168039164736151	-0.0316456069184878	0.856639396695226	0.53
TraesNOR1D03G00434300	-0.341004955886528	-0.0603047983190745	0.80297462302431	0.53
TraesNOR1D03G00435210	0.0381397790257248	0.0595932840634799	0.843164112277958	0.49
TraesNOR1D03G00436550	0.0744078472670698	0.0931090281893058	0.831502014186535	0.55
TraesNOR1D03G00436600	0.99588260465121	0.101827633728284	0.836114988050019	0.57
TraesNOR1D03G00438010	-0.576229528681347	0.0475664067319242	0.825521601162851	0.44
TraesNOR1D03G00439310	-0.903161974282236	0.102407658732511	0.94436101925027	0.47
TraesNOR1D03G00440140	-0.0137830609096462	-0.0529222025707009	0.908879612477769	0.48
TraesNOR1D03G00440490	0.916955523582862	0.0594785281238212	0.740969207260915	0.54
TraesNOR1D03G00441970	-0.0376906431844408	0.0508031456123075	0.82929109672056	0.47
TraesNOR1D03G00443290	-0.788682087828431	0.0614015577398066	0.839947444857504	0.44
TraesNOR1D03G00443970	0.116688282131604	-0.134818764061831	0.92092885866455	0.49
TraesNOR1D03G00444630	-0.00710354716294688	0.186879039356201	0.831077698983593	0.36
TraesNOR1D03G00446970	-0.370860390276371	0.106987112674332	0.815362138622565	0.46
TraesNOR1D03G00447350	0.0427063306523293	0.0237975993394609	0.831287590360897	0.52
TraesNOR1D03G00448020	-0.462969945063061	0.0652552378520302	0.776521181043613	0.46
TraesNOR1D03G00448030	-1.58889326735745	-0.0139905864212059	0.793097884624231	0.51
TraesNOR1D03G00448070	-0.0715004110398845	0.0586313187050743	0.832019484988057	0.49
TraesNOR1D03G00449040	-0.0756977775899663	-0.110658347294933	0.783275667397112	0.54
TraesNOR1D03G00450150	-1.28069996185902	0.175304086947367	0.773747801910775	0.4
TraesNOR1D03G00450240	-0.00668706828744814	0.0657938769719917	0.815083765893468	0.56
TraesNOR1D03G00450270	-1.6888286855724	-0.0610074551828031	0.864669933870741	0.47
TraesNOR1D03G00450370	-1.05230174783481	-0.0305716839065039	0.819411164532123	0.51
TraesNOR1D03G00450460	-1.11981069184813	0.152423866859367	0.845039324400127	0.4
TraesNOR1D03G00450770	-0.58663372574498	0.0309618610104175	0.820108890084171	0.47
TraesNOR1D03G00451180	-0.69840650590044	0.0275889486420987	0.757649161142723	0.47
TraesNOR1D03G00451450	0.0776796880171501	0.0651546780454443	0.795129623138321	0.54
TraesNOR1D03G00451710	0.347635102494001	-0.0725369150215127	0.805844630110635	0.47
TraesNOR1D03G00452810	-0.188707383344777	-0.149623947339924	0.88142358888664	0.61
TraesNOR1D03G00452860	-1.45622634649759	0.0609291639830613	0.904121863229224	0.46
TraesNOR1D03G00452910	0.682236910141013	-0.0396062432653008	0.87290825236352	0.56
TraesNOR1D03G00453900	0.0270359108918467	-0.0290165506386603	0.795468366887089	0.57
TraesNOR1D03G00453990	1.16116322227842	-0.0701021483207586	0.785236274456364	0.49
TraesNOR1D03G00454070	-0.00730363545247078	0.0187741735795544	0.735592579416123	0.52
TraesNOR1D03G00454980	0.833206950792898	0.0581581738839835	0.801619455174216	0.51
TraesNOR1D03G00455110	1.19403956469809	0.0305256358064537	0.843106278840177	0.47
TraesNOR1D03G00457450	0.298262726971737	0.0400952696492281	0.812574639379589	0.58
TraesNOR1D03G00457470	1.82010269610069	-0.0347300609924814	0.788571018857802	0.44
TraesNOR1D03G00457490	1.13717346623714	0.143534141847879	0.786168067620801	0.54
TraesNOR1D03G00458560	0.0677909586350344	0.170494239788717	0.687667482103527	0.57
TraesNOR1D03G00459600	1.18478183167164	0.0640666385585832	0.820433908561123	0.55
TraesNOR1D03G00462160	-1.23198871920008	-0.00478688589654247	0.793333999673149	0.47
TraesNOR1D03G00462510	-1.13265357201935	-0.0469014406228041	0.890057682656137	0.49
TraesNOR1D03G00462520	0.49266347432362	-0.075927692096547	0.758905334838621	0.45
TraesNOR1D03G00462600	0.158326910088956	0.134983000241525	1.05518633511444	0.59
TraesNOR1D03G00464580	0.674117073854635	-0.0353564378804675	0.959004402566175	0.52
TraesNOR1D03G00464620	-1.70269065016242	-0.00307355875591021	0.839742159674593	0.52
TraesNOR1D03G00466520	-0.210181351919251	0.280195887705561	0.855608107661442	0.33
TraesNOR1D03G00468600	0.259723932349934	0.0202706277753561	0.848648595369544	0.51
TraesNOR1D03G00469470	-0.230992602807239	-0.0290979203897393	0.802308322745515	0.46
TraesNOR1D03G00471380	-0.0449260804543285	-0.170952230375669	0.794615825960871	0.6
TraesNOR1D03G00473300	-0.242700360270112	-0.132596099556474	0.726173201078284	0.56
TraesNOR1D03G00473580	-0.459294161910183	-0.0320466890763986	0.89135420570086	0.44
TraesNOR1D03G00473690	-1.14738647286408	-0.0930383733822152	0.79006392484509	0.55
TraesNOR1D03G00474330	1.13428347372388	-0.0743136878195616	0.941638385228296	0.45
TraesNOR1D03G00474400	-1.66103821952288	-0.0222216203036836	0.760484807484691	0.42
TraesNOR1D03G00474450	1.28851007756518	0.0141183641680527	0.900582951074102	0.53
TraesNOR1D03G00474970	-0.00925285184013689	-0.0216479571447628	0.712680855850544	0.55
TraesNOR1D03G00475180	0.105677411731416	-0.0395820820192595	0.812996613815212	0.51
TraesNOR1D03G00475390	-0.251584191368403	0.0353137336520357	0.891917113645678	0.5
TraesNOR1D03G00475670	-0.957917980422287	0.0656993541733122	0.834064414661233	0.49
TraesNOR1D03G00476010	1.45756283488298	0.041669664578154	0.842421913278186	0.5
TraesNOR1D03G00476180	2.04076673987025	-0.135851923607069	0.869118828687699	0.46
TraesNOR1D03G00476580	0.393857094575594	-0.0951619992438727	0.879205862177152	0.47
TraesNOR1D03G00476800	-0.728120804638347	0.0691014239369842	0.793761729027849	0.39
TraesNOR1D03G00477090	-0.675177255749452	0.0654152151776475	0.970228205970303	0.45
TraesNOR1D03G00477450	-0.932377514624274	0.170163693524045	0.892181240181728	0.39
TraesNOR1D03G00479210	0.00451169435181968	0.0103583999624284	0.847804618826722	0.48
TraesNOR1D03G00480160	-0.25883807799932	0.120604357617572	0.905781310398865	0.47
TraesNOR1D03G00481140	1.29220973010399	-0.0440107808399361	0.85720648067687	0.42
TraesNOR1D03G00481300	0.174470193683049	0.0727340998306092	0.836410672415644	0.57
TraesNOR1D03G00481380	0.13541814175462	-0.0890148753814376	0.921191679347541	0.51
TraesNOR1D03G00481480	-1.11494831524664	-0.00773822345302031	0.67267166382618	0.47
TraesNOR1D03G00481820	-1.4690448092411	0.115731777515713	0.891131246967209	0.51
TraesNOR1D03G00483520	-1.41468519101946	-0.033634972398425	0.876799630386224	0.52
TraesNOR1D03G00484040	0.878754632148642	0.040792251651966	0.894081829538777	0.57
TraesNOR1D03G00484350	0.0598882201839947	0.0382216088308452	0.882132670734299	0.51
TraesNOR1D03G00484900	-0.419585958061947	0.0894538132592238	0.871092790024062	0.44
TraesNOR1D03G00485120	0.0662728369111708	0.0325953398969117	0.711556442597916	0.46
TraesNOR1D03G00485290	-0.371137419486686	-0.016545835029951	0.773884809225369	0.45
TraesNOR1D03G00485470	0.0572361022087458	0.0687579570170927	0.844774196675631	0.53
TraesNOR1D03G00485520	-0.194951507094369	0.105456472999021	0.813564816594746	0.47
TraesNOR1D03G00485600	-0.172752024687036	-0.0542370538054551	0.781515244478947	0.52
TraesNOR1D03G00485810	0.0154683125942241	0.103646347209373	0.867502143377423	0.5
TraesNOR1D03G00486080	0.561696071327432	0.0858352239689072	0.994527865676414	0.53
TraesNOR1D03G00486220	-0.726815136762019	-0.00931902752151818	0.906612814445679	0.49
TraesNOR1D03G00486640	-0.837888891010224	0.0908906373478371	0.651819267192718	0.49
TraesNOR1D03G00486770	0.795918045207141	0.0012589359241954	0.875386500263176	0.47
TraesNOR1D03G00488630	-0.0932691000932365	0.0526059832352341	0.811797977163659	0.51
TraesNOR1D03G00488730	1.85378572821441	-0.0886743644165165	0.902735690984583	0.53
TraesNOR1D03G00489430	-0.273636174181987	0.0372703289466798	0.929493925490598	0.46
TraesNOR1D03G00489470	0.490336926467854	-0.0568561738141568	0.875341591927518	0.47
TraesNOR1D03G00489710	0.565164891326326	-0.0498170792881431	0.827183845686999	0.48
TraesNOR1D03G00490520	0.307094479378971	-0.00148367422284855	0.835013200651797	0.53
TraesNOR1D03G00491220	0.0418947235031288	-0.0014978911886302	0.872544386028198	0.57
TraesNOR1D03G00491280	-0.288620678237505	0.000878074310411219	0.862167847490965	0.46
TraesNOR1D03G00491600	-0.832561765413014	0.02243242496046	0.91438634443845	0.51
TraesNOR1D03G00491670	-0.952977977095368	0.131212430117195	0.821649432310558	0.44
TraesNOR1D03G00491870	1.2163903732945	-0.171631611856318	0.726063642257893	0.42
TraesNOR1D03G00492000	1.05619478555564	-0.052797984419718	0.811736167387936	0.54
TraesNOR1D03G00492130	0.0220466326754317	0.129387104805721	0.964353012218781	0.54
TraesNOR1D03G00492490	0.0406723801241066	-0.0899192399914848	0.955295740929607	0.48
TraesNOR1D03G00492810	-0.139979910841252	-0.0548319395069632	0.901048089084874	0.56
TraesNOR1D03G00493390	0.0619691837831336	0.0477691627242236	0.833966708885245	0.55
TraesNOR1D03G00493530	-0.0096565205800366	0.0279660786082022	0.773819915587979	0.46
TraesNOR1D03G00494070	0.0216259555888947	-0.0697695793275969	0.920738699516618	0.5
TraesNOR1D03G00495040	-0.567444980078338	0.10581583463273	0.880006292525341	0.44
TraesNOR1D03G00495220	-1.11592899772187	-0.0503646968258745	0.757987583370551	0.47
TraesNOR1D03G00495400	-0.390296541289167	-0.0698558581245463	0.877538689216972	0.58
TraesNOR1D03G00495570	0.634780732097958	0.110304445623839	0.832063376612216	0.55
TraesNOR1D03G00496400	2.00289165880185	-0.0605699904408229	0.896011584601346	0.5
TraesNOR1D03G00496840	0.353050998921106	-0.082690360788349	0.84838246230289	0.51
TraesNOR1D03G00496850	2.49736245040072	0.074199637788554	0.813537640438986	0.5
TraesNOR1D03G00496970	-0.389305690687928	-0.0260396087171732	0.877098872298513	0.46
TraesNOR1D03G00497930	0.132876186438221	-0.0632161526756089	0.768092562344331	0.53
TraesNOR1D03G00497940	0.0589173531140725	-0.109375289948991	0.9545793663611	0.49
TraesNOR1D03G00498340	0.754660336443632	0.0914003238393932	0.906007919963894	0.57
TraesNOR1D03G00498420	0.998052080727961	0.0507942535531155	0.780195307208668	0.5
TraesNOR1D03G00498510	0.0550555386430223	-0.108075299952168	0.776950614915858	0.48
TraesNOR1D03G00498940	0.840234146748386	-0.129490917737708	0.754318055231717	0.38
TraesNOR1D03G00498950	0.00742137612199581	0.148764779238108	0.925333819124931	0.61
TraesNOR1D03G00499060	-1.10696415172369	0.155288357367807	0.732606767413338	0.4
TraesNOR1D03G00499250	-0.402867065186464	0.116005385180074	0.759724388102676	0.45
TraesNOR1D03G00499260	1.50612706291122	-0.0568565347563652	0.914366135945764	0.51
TraesNOR1D03G00499540	0.0311244095718946	0.0785740559919897	0.751132679784046	0.59
TraesNOR1D03G00500780	0.834236968626327	0.0588521300459882	0.95323884817907	0.5
TraesNOR1D03G00501300	-0.468883456847784	0.00513692804604996	0.719675457386348	0.49
TraesNOR1D03G00501560	0.040593401114906	0.0233030484585594	0.889125491469818	0.48
TraesNOR1D03G00501610	-0.714431415972641	0.0452796890189207	0.723513396411675	0.49
TraesNOR1D03G00501630	-0.183728115679248	-0.0162104975652496	0.881169796647248	0.44
TraesNOR1D03G00502510	0.137332500504421	0.0400513535369231	0.859922998393879	0.49
TraesNOR1D03G00503010	-1.16596740657749	0.0868174358163418	0.825538314215924	0.48
TraesNOR1D03G00503040	-0.0222747524081924	0.046141059614918	0.840860750090133	0.48
TraesNOR1D03G00503500	0.423094729783597	0.0229732758957487	0.820342755193534	0.53
TraesNOR1D03G00503620	0.017182986493193	-0.0696099024694303	0.836150093937824	0.49
TraesNOR1D03G00504550	-0.76670143816187	-0.0643080864145091	0.888860569797303	0.56
TraesNOR1D03G00504580	0.122027982901432	0.0231048840144605	0.834805865434477	0.52
TraesNOR1D03G00505340	-0.0951395658438429	0.0926771344937971	0.78924013851598	0.44
TraesNOR1D03G00505400	0.0371788860137877	0.0780992920956943	0.821704091160966	0.5
TraesNOR1D03G00505950	0.505789088689145	-0.00592572843545327	0.786608915742509	0.47
TraesNOR1D03G00506110	-0.96743874554047	-0.0224561186754337	0.806208644031465	0.51
TraesNOR1D03G00506120	-0.278380935154242	-0.138365249292595	0.840542625180225	0.57
TraesNOR1D03G00506270	-0.131068826652334	0.0701151038879603	0.75483931904665	0.41
TraesNOR1D03G00506470	-0.0168506381746467	0.0964135053855468	0.788590852662516	0.51
TraesNOR1D03G00507170	-1.95174579571013	0.0445479949254333	0.797474108560951	0.44
TraesNOR1D03G00507450	0.151414597878858	-0.0470475394317567	0.749861967456966	0.45
TraesNOR1D03G00507800	-0.37756074829905	-0.0051424839839734	0.864972503253507	0.53
TraesNOR1D03G00507900	-0.183628052675898	0.0332010693517315	0.851791749171193	0.47
TraesNOR1D03G00508310	0.0609582642993102	0.0850405974047813	0.871365935585875	0.55
TraesNOR1D03G00508590	0.915809268991694	0.00931790068360717	0.772648121734979	0.5
TraesNOR1D03G00508700	1.60193842721197	-0.10874776305626	0.925734017542479	0.43
TraesNOR1D03G00509300	-0.434388838734586	-0.0276446598398175	0.832651614907184	0.56
TraesNOR1D03G00510260	1.65387620265448	-0.0001360565884766	0.803294557309727	0.54
TraesNOR1D03G00511430	0.19924133796528	0.0143572503631272	0.857572442803209	0.51
TraesNOR1D03G00512160	1.51175573783152	0.00905502084078804	0.772032549339803	0.48
TraesNOR1D03G00512210	-0.640157674754661	0.00583720460501679	1.01240415534614	0.52
TraesNOR1D03G00512360	-0.758302291027538	0.0220354362085004	0.91741476658119	0.47
TraesNOR1D03G00512440	-1.48631527154235	-0.0428517405524378	0.799011767058235	0.5
TraesNOR1D03G00512650	0.320737143075174	0.0652679730782577	0.805880641682828	0.53
TraesNOR1D03G00512780	0.756410696251679	0.186964780836065	0.854080222916277	0.58
TraesNOR1D03G00512880	0.0422098949984802	-0.227242492759292	0.874081848736586	0.43
TraesNOR1D03G00513210	-1.81542473379027	-0.226258428221366	0.789564667141443	0.59
TraesNOR1D03G00513470	0.554869387464485	0.193259101321497	0.761127586472234	0.6
TraesNOR1D03G00513760	-0.159569557103132	-0.0461571717283061	0.855746268968366	0.5
TraesNOR1D03G00515070	-0.778425902550997	-0.00599415653554961	0.962764021751027	0.53
TraesNOR1D03G00515320	0.0546642164087912	-0.0308484963487389	0.834424751763393	0.5
TraesNOR1D03G00515610	0.456441789084562	-0.0328139519069226	0.859378753018014	0.5
TraesNOR1D03G00515830	0.662953177935133	-0.0328776999168763	0.703911996576521	0.43
TraesNOR1D03G00516230	0.34027643859492	0.242990698035258	0.82921676252746	0.56
TraesNOR1D03G00516240	-0.369301359909488	-0.106437209866585	0.982746766204483	0.58
TraesNOR1D03G00516480	-0.073729843818524	0.0208436555324873	0.760564273502491	0.49
TraesNOR1D03G00516630	-0.545459929843811	0.0941363315821048	0.706183968284248	0.43
TraesNOR1D03G00517000	0.147851208986625	-0.0105153205519453	0.783022019551152	0.49
TraesNOR1D03G00517260	-0.924840438044732	-0.0838195713718359	0.803577525977078	0.57
TraesNOR1D03G00517440	-0.0829753147530764	-0.0828301639121455	0.829113854220747	0.58
TraesNOR1D03G00518120	0.710344041254183	0.0842297213249797	0.908494856017548	0.49
TraesNOR1D03G00518760	-0.0168221297553802	-0.0379919976941331	0.869618642840174	0.56
TraesNOR1D03G00519560	0.0950395531601909	-0.0460099935974954	0.73309327523328	0.5
TraesNOR1D03G00519570	-0.214191188305895	0.0611891445360789	0.889122658528222	0.49
TraesNOR1D03G00519730	-0.485201829742099	-0.0110934992335259	0.73364090251097	0.46
TraesNOR1D03G00520170	0.37434391143225	0.042686257216264	0.893239706953591	0.55
TraesNOR1D03G00520500	0.642067573320761	0.1223208465833	0.836215775732918	0.53
TraesNOR1D03G00521040	1.63721798901239	-0.00759898383068538	0.832661690731936	0.48
TraesNOR1D03G00521110	1.21017938548818	-0.0066511146841651	0.729068080669745	0.48
TraesNOR1D03G00521460	-2.06761404153169	-0.0720069066634178	0.763358843513991	0.55
TraesNOR1D03G00521980	0.353909302996463	0.0864704081045251	0.724134582844692	0.56
TraesNOR1D03G00522660	-1.00022822281235	-0.0315563590587259	0.783703911750738	0.52
TraesNOR1D03G00522730	0.0142161261418473	0.0720470907047385	0.824016846239632	0.54
TraesNOR1D03G00523410	-0.491250173225396	-0.120035864338837	0.847655465129541	0.56
TraesNOR1D03G00523420	-0.294724429641986	-0.0425206030041817	0.786193316076633	0.54
TraesNOR1D03G00523600	-1.37219519780396	-0.0161240489142011	0.77612195937925	0.47
TraesNOR1D03G00523710	-0.0681783936478406	0.101769051315572	0.894353589119618	0.47
TraesNOR1D03G00523950	-0.319570402233317	-0.0458276369695528	0.71423612195844	0.51
TraesNOR1D03G00523990	-0.370203681353963	0.0411927202650385	0.85982756743312	0.52
TraesNOR1D03G00524020	-0.665437428981108	0.0638888395785325	0.801611867403474	0.5
TraesNOR1D03G00524950	0.879867373462422	-0.00667328854437821	0.881401981614485	0.51
TraesNOR1D03G00525520	0.119081218489396	-0.0204940539774823	0.817234749274059	0.55
TraesNOR1D03G00525700	-1.36595986664027	0.0492212970562311	0.876212325554887	0.5
TraesNOR1D03G00526770	-1.45621666855482	-0.100548492590196	0.865181717549522	0.54
TraesNOR1D03G00526790	-0.638697758605986	-0.0680340311126574	0.794898108944189	0.6
TraesNOR1D03G00527040	-0.0290784620764104	0.0258017889547143	0.900094357701857	0.48
TraesNOR1D03G00528020	-0.0314104113215342	-0.0162783435582973	0.78330052813208	0.53
TraesNOR1D03G00528460	-0.589111890026042	-0.0813047243607975	0.834954525924272	0.54
TraesNOR1D03G00528470	-1.64944543740558	-0.211867880242287	0.789688165421518	0.61
TraesNOR1D03G00528600	-0.0471131302386377	-0.0401894038992195	0.77551812910148	0.53
TraesNOR1D03G00528780	0.465211897633786	0.00505099425392405	0.845626773448472	0.56
TraesNOR1D03G00529000	-0.594779802042183	-6.51059995363627e-05	0.732781150889682	0.52
TraesNOR1D03G00529300	-0.920495015293606	-0.0541991449519308	0.76682263290726	0.51
TraesNOR1D03G00529320	-0.142160518625047	0.0246224085412325	0.902428214322503	0.49
TraesNOR1D03G00529460	-0.00375219052550872	0.0237649244636305	0.901942495337949	0.5
TraesNOR1D03G00529730	-0.865930952241125	-0.173302625333469	0.825913329521199	0.63
TraesNOR1D03G00531460	-1.18923667477568	-0.151519545451475	0.96441448283648	0.54
TraesNOR1D03G00534420	0.0256962881367195	0.000511153093887747	0.715469816734706	0.48
TraesNOR1D03G00534680	-0.16126146777626	0.0546215929285906	0.882500470791187	0.46
TraesNOR1D03G00534730	0.0986629591151079	-0.0214872702160848	0.845121441967912	0.5
TraesNOR1D03G00536040	-0.370767574664237	0.0113150225706828	0.831365881536623	0.5
TraesNOR1D03G00536150	0.461166743232204	-0.058228596183615	0.842739277832904	0.5
TraesNOR1D03G00537920	-0.591171511291963	-0.11062802636226	0.680193286803064	0.59
TraesNOR1D03G00537970	-0.169563194813375	-0.00193700563000171	0.773398643908062	0.49
TraesNOR1D03G00538100	0.507782008985581	0.0183467825601122	0.889952704957016	0.54
TraesNOR1D03G00538170	1.67558206112383	-0.186352442767577	0.863119308850045	0.47
TraesNOR1D03G00538880	-0.504053256269667	-0.00230875248770734	0.823977505126618	0.55
TraesNOR1D03G00539010	-0.669495373852646	0.250384703069126	0.87467728841744	0.32
TraesNOR1D03G00539210	-0.388004721982396	0.0798116277403024	0.728756774825424	0.45
TraesNOR1D03G00540160	-1.05870840368391	0.119970249888415	0.960820888324366	0.48
TraesNOR1D03G00542090	-2.17091716666404	-0.0671973393177654	0.730355663194118	0.52
TraesNOR1D03G00542290	-1.59998016536155	-0.0044159707068647	0.874196798101361	0.5
TraesNOR1D03G00542670	0.846705292803017	0.0658239744792123	0.790307098752784	0.57
TraesNOR1D03G00542880	0.000568575530631787	0.092041626418465	0.769260407095612	0.58
TraesNOR1D03G00543260	-2.00261530870248	0.00139912530471442	0.898197288348877	0.49
TraesNOR1D03G00545270	0.143460914002301	-0.0736269542664282	0.901670406020569	0.44
TraesNOR1D03G00545850	-1.3798024443199	0.0710073624511765	0.764411705926691	0.46
TraesNOR1D03G00547240	0.032506668051717	0.031257892363763	0.847737819251529	0.5
TraesNOR1D03G00547610	1.81728890815444	-0.0298548745868859	0.860824472548681	0.45
TraesNOR1D03G00548030	1.41232175054518	0.0636298188973827	0.75717174582326	0.55
TraesNOR1D03G00549290	-0.188995216397705	0.0101232990305423	0.819545720328476	0.47
TraesNOR1D03G00549390	0.406780579049917	-0.0653580159674513	0.894383980110169	0.47
TraesNOR1D03G00549610	0.0689664926222839	-0.123038707997838	0.790760825462669	0.51
TraesNOR1D03G00549630	0.835648562069906	0.1774847764852	0.781260761377373	0.61
TraesNOR1D03G00550830	1.70113388918362	0.0191036618790954	0.863942612649098	0.43
TraesNOR1D03G00550860	0.990590669689736	-0.0338189449868506	0.856855429198293	0.46
TraesNOR1D03G00551160	-0.292519139587703	0.173554912498237	0.826362512297691	0.41
TraesNOR1D03G00552200	-0.555967841308152	-0.0240764578933738	0.850955719397751	0.5
TraesNOR1D03G00552300	0.499631339863365	-0.083150645596268	0.846279381899125	0.54
TraesNOR1D03G00552350	0.346065232581788	0.0989705622875037	0.822094223067285	0.49
TraesNOR1D03G00552620	2.36498615225289	0.0505200189702967	0.839290753630799	0.53
TraesNOR1D03G00552870	-0.530091075083325	-0.191928920726188	0.835922432886162	0.6
TraesNOR1D03G00554070	0.0723013907618006	0.164920157882007	0.954221276605911	0.56
TraesNOR1D03G00554210	-0.427260154325418	-0.0301358870102022	0.789232650186437	0.5
TraesNOR1D03G00554230	-1.74086463110661	0.140975319565656	1.02599631355731	0.4
TraesNOR1D03G00556090	0.439234960373236	0.0689132609809707	0.857234180338727	0.49
TraesNOR1D03G00556210	-0.236308718721881	-0.0320538707606229	0.898547104217416	0.48
TraesNOR1D03G00556850	-0.799901419930364	-0.042048402979437	0.882573198398816	0.55
TraesNOR1D03G00557220	-0.535573647828865	0.0119864550221533	0.845744060243092	0.57
TraesNOR1D03G00557820	0.622829380853195	0.0446550412139337	0.82356264027382	0.46
TraesNOR1D03G00559030	0.117288438864446	-0.0112949689363847	0.84868475422929	0.49
TraesNOR1D03G00559740	0.480579331987573	-0.0346783797162009	0.821902025811584	0.51
TraesNOR1D03G00559750	-0.396646554377766	0.0430316586262334	0.819435145160183	0.49
TraesNOR1D03G00560220	-0.542179279247946	-0.00603609500982599	0.876783435016232	0.44
TraesNOR1D03G00560410	-0.871035232675402	0.0783359430941148	0.942098737077069	0.45
TraesNOR1D03G00560520	1.68839283777083	-0.00892969796237172	0.822495315762962	0.51
TraesNOR1D03G00561420	0.357646161183645	-0.0608666631055602	0.721373078165757	0.42
TraesNOR1D03G00561750	-0.439979077862151	0.00681417055752283	0.743969076197069	0.52
TraesNOR1D03G00562880	-0.238944752057153	-0.13041702178163	0.840111695300782	0.55
TraesNOR1D03G00562970	-0.365855221302401	0.144938916616102	0.981985656359289	0.44
TraesNOR1D03G00563460	-0.217345957013042	-0.0103314076783058	0.816166362579547	0.59
TraesNOR1D03G00563820	-0.824461603929602	-0.150772182369824	0.783203571455566	0.56
TraesNOR1D03G00564570	0.330885061709308	-0.0508178849891196	0.878819445667934	0.5
TraesNOR1D03G00565840	1.14284001634298	-0.107475396892762	0.872866781166492	0.47
TraesNOR1D03G00565850	-0.215558876023076	-0.0951833631649712	0.826806147591121	0.5
TraesNOR1D03G00567350	-0.0721819166635238	0.1393333046851	0.773084729773345	0.42
TraesNOR1D03G00568510	0.120788733370773	0.00362437973540543	0.807607753022161	0.47
TraesNOR1D03G00568590	-0.771549384110765	0.0416885634476194	0.789634049064116	0.44
TraesNOR1D03G00569440	-0.164414716753181	0.208083497699908	0.97439623201209	0.43
TraesNOR1D03G00570400	-0.776829468166474	0.164024719226256	0.858296001246832	0.46
TraesNOR1D03G00570420	-0.715127142380345	0.0252008048354056	0.988885237966333	0.43
TraesNOR1D03G00570470	-0.975397329117945	-0.170889101287228	0.816928303092549	0.58
TraesNOR1D03G00570920	0.520428951452845	-0.212176326434957	0.82272360969957	0.42
TraesNOR1D03G00571010	0.244088414223147	-0.0280858840911522	0.806909081663248	0.49
TraesNOR1D03G00571700	-0.0874232950090566	0.0885944450476095	0.87814148168759	0.43
TraesNOR1D03G00571960	-0.46699899261244	-0.0781607166819838	0.869338167927511	0.51
TraesNOR1D03G00572050	0.411003922557343	-0.00491188963587782	0.956633839981092	0.46
TraesNOR1D03G00572410	0.0986135358611405	0.174796204672064	0.858868418976445	0.57
TraesNOR1D03G00573080	-2.1285208897025	0.0644061725890095	0.86282722723891	0.45
TraesNOR1D03G00573580	-0.754935484596583	0.0474834050391051	0.809139311676186	0.51
TraesNOR1D03G00574590	-1.57281013374163	-0.0747676785703417	0.781762999002294	0.54
TraesNOR1D03G00574610	0.0298902242581391	-0.0130849945445449	0.844805383572075	0.53
TraesNOR1D03G00575260	-0.76665919597172	-0.0461128096103726	0.819414520844255	0.48
TraesNOR1D03G00576230	-1.9671244682295	-0.0451629896124305	0.732743266537519	0.54
TraesNOR1D03G00576590	1.29271901267692	0.189474870199655	0.803357935512585	0.6
TraesNOR1D03G00576890	-1.2366421159744	0.081615818153949	0.873412614204766	0.44
TraesNOR1D03G00577470	0.0649038125394586	-0.0443168305964996	0.855140377689873	0.48
TraesNOR1D03G00577600	-0.927365361061444	-0.0367475720146476	0.858460837745841	0.5
TraesNOR1D03G00577680	1.31238783856311	0.0376124320530053	0.881825159456802	0.5
TraesNOR1D03G00578780	0.655008519816785	-0.117252871141164	0.887247115199476	0.5
TraesNOR1D03G00578820	0.861315584067186	-0.134733773569161	0.917127321376816	0.47
TraesNOR1D03G00579230	0.127802496936122	0.117518581506272	0.844419014710812	0.57
TraesNOR1D03G00579620	-1.07405870576912	-0.120289739426297	0.846139825405517	0.52
TraesNOR1D03G00579920	0.132659681862692	0.0774852169944485	0.753771709126607	0.48
TraesNOR1D03G00579960	2.71709301404146	0.018808834442417	0.924809117104919	0.56
TraesNOR1D03G00582140	1.33978433695278	-0.0754127269067054	0.713960888473356	0.43
TraesNOR1D03G00582370	1.09454948326241	-0.0514924551435533	0.872088995788901	0.44
TraesNOR1D03G00582660	0.0311404014432367	-0.0583119987547731	0.965075942213435	0.52
TraesNOR1D03G00583700	1.54008022087965	-0.176161559610061	0.87659453539323	0.44
TraesNOR1D03G00583960	0.0430353413429832	-0.0189672401898146	0.745616930491375	0.54
TraesNOR1D03G00584560	0.268986147192269	0.0108395346889133	0.75714987143237	0.49
TraesNOR1D03G00584650	0.353390588709677	-0.0882961783092215	0.928549017935566	0.52
TraesNOR1D03G00584660	0.477251530611855	0.0622697476567871	0.768351344600037	0.46
TraesNOR1D03G00584900	0.281793956437952	-0.0171161728198689	0.733284869208547	0.51
TraesNOR1D03G00585260	1.62550117887527	-0.13934048942169	0.861052919498752	0.47
TraesNOR1D03G00585600	-0.0181541961625862	0.00797271795361791	0.849228072747674	0.57
TraesNOR1D03G00585910	1.79856568875968	0.0631994500763753	0.944758647320222	0.58
TraesNOR2A03G00587840	0.0895134032422139	0.132949919283636	0.754076357937868	0.59
TraesNOR2A03G00588000	-0.415422699045884	0.00169519122637988	0.941284804775	0.5
TraesNOR2A03G00590020	-0.246327349534717	0.0251578632067975	0.71768877946761	0.51
TraesNOR2A03G00594530	1.50365468709317	-0.0662345474068753	0.858874486245829	0.45
TraesNOR2A03G00594550	0.00642916904880856	-0.0656782468589541	0.911005073571379	0.52
TraesNOR2A03G00594610	0.0199249035606657	-0.225773399465446	0.895678368649806	0.42
TraesNOR2A03G00594680	-0.990321942771792	-0.0375142951968628	0.86404768429695	0.46
TraesNOR2A03G00594840	-0.54908069026025	-0.0371298223960274	0.802170177119796	0.46
TraesNOR2A03G00595970	0.214656871546693	-0.0622819700434232	0.883001473793072	0.41
TraesNOR2A03G00596220	0.697990849330391	0.00138931989224906	0.808332969316864	0.54
TraesNOR2A03G00596230	0.0512150784733763	0.0223695248547661	0.84172808746121	0.49
TraesNOR2A03G00596530	-0.0608341497398258	-0.0656305615255857	0.851489337880995	0.6
TraesNOR2A03G00596690	0.699221978092948	0.00600639243281523	0.840772828074739	0.41
TraesNOR2A03G00596970	1.12029084976627	-0.115869355685176	0.810505791593573	0.37
TraesNOR2A03G00597750	-0.0621358898404805	0.0159123626646067	0.801150728654537	0.53
TraesNOR2A03G00598110	1.28607063650801	0.124971839118747	0.913451762349845	0.56
TraesNOR2A03G00599190	-0.216417972793576	-0.0812054935813977	0.755743828589643	0.53
TraesNOR2A03G00599300	0.0726806466648201	0.0435938819051079	0.843835278489468	0.47
TraesNOR2A03G00599810	-0.222880037369026	-0.0338695599937715	0.901085273381668	0.49
TraesNOR2A03G00600210	0.699848033098194	-0.075600271858802	0.823414262365873	0.48
TraesNOR2A03G00601460	-1.46158977265675	0.0188673697946343	0.838857679580897	0.52
TraesNOR2A03G00603740	-0.70395789069747	-0.0733864722180452	0.855681355340318	0.53
TraesNOR2A03G00606050	-0.0284400467374213	-0.0296439042184826	0.736127530643402	0.6
TraesNOR2A03G00606480	1.26294741348169	-0.0354514764342167	0.931666907735629	0.47
TraesNOR2A03G00606900	-0.228936801886906	0.020917582398315	0.879122512631389	0.5
TraesNOR2A03G00607310	-0.805600794852376	-0.185425810187068	0.832132999927185	0.58
TraesNOR2A03G00607330	-0.51188515118231	0.134032837054355	0.888056061620651	0.4
TraesNOR2A03G00609150	0.205081136477949	0.10508721606087	0.759120742836736	0.57
TraesNOR2A03G00611150	1.25475463730582	0.101960060765492	0.856247550286307	0.51
TraesNOR2A03G00611230	0.00533330704326489	-0.0425152924815754	0.945904297069044	0.51
TraesNOR2A03G00611460	-0.0206654623911067	-0.00162863504510647	0.882741898712878	0.49
TraesNOR2A03G00611620	-0.288209331751407	-0.0511092219541573	0.772218184709825	0.51
TraesNOR2A03G00612250	0.00916981474315525	0.0229425587331368	0.856757608092069	0.5
TraesNOR2A03G00613960	-1.12720055637322	0.0440653783659483	0.76050216252191	0.47
TraesNOR2A03G00616220	-0.121906641594393	0.0606876121282243	0.933999434385731	0.47
TraesNOR2A03G00620670	-0.91594013901102	0.0417450076842232	0.795052786069551	0.48
TraesNOR2A03G00621200	1.8792030360139	0.0219912241284624	0.87732627021173	0.48
TraesNOR2A03G00622890	0.0628569393977427	0.0773749382561094	0.757512812352192	0.56
TraesNOR2A03G00625180	-1.84674824951151	-0.0464170916572568	0.855054057973512	0.48
TraesNOR2A03G00626140	1.27324502069713	0.0342856989256881	0.802769448985902	0.46
TraesNOR2A03G00626390	-0.488826612752438	0.0187204542884715	0.912626042865086	0.49
TraesNOR2A03G00626500	-1.91115357612277	-0.0569559558258634	0.95994316354261	0.53
TraesNOR2A03G00626770	0.073984154438024	0.117361514223325	0.838707801115368	0.53
TraesNOR2A03G00627190	-0.713727705139131	-0.0408443592700994	0.897256866270066	0.53
TraesNOR2A03G00628100	-0.205497173745346	0.118756266755844	0.787956736953015	0.41
TraesNOR2A03G00628830	-0.300886474154485	-0.0215066961574804	0.660166705742968	0.53
TraesNOR2A03G00629100	-0.661666634601174	0.0545955590895216	0.795954257667415	0.52
TraesNOR2A03G00629370	0.0595777139772456	-0.108098103330733	0.891488407050852	0.42
TraesNOR2A03G00631610	0.0278685269418744	0.217227614845025	0.884782738470147	0.57
TraesNOR2A03G00632610	-0.438139324866855	0.0265734438101162	0.855359670244715	0.5
TraesNOR2A03G00633590	-0.0725172549332802	0.0656906807965484	0.837657077024475	0.51
TraesNOR2A03G00633700	0.00101236614846253	0.158275642707373	0.853238183676957	0.58
TraesNOR2A03G00633710	-0.0248485767665012	0.0316911026600318	0.762240004791087	0.49
TraesNOR2A03G00633780	-0.536196257986545	-0.0771322430749425	0.877328576823531	0.52
TraesNOR2A03G00634050	0.697129604942539	-0.0572457056290895	0.866555482969323	0.45
TraesNOR2A03G00635180	-0.280794826413462	0.10774785175735	0.881721109976566	0.45
TraesNOR2A03G00635590	1.19484428066935	-0.15671315618151	0.927644917581284	0.49
TraesNOR2A03G00636120	0.157324475497937	0.138447328878702	0.804381708293517	0.5
TraesNOR2A03G00636370	-1.30186964375548	0.0293024689945298	0.74900384780499	0.46
TraesNOR2A03G00637440	0.546953729882413	-0.0201317799695236	0.865821467950255	0.48
TraesNOR2A03G00638470	1.95421945555366	0.132885196559486	0.933971382145485	0.55
TraesNOR2A03G00638770	-0.887202474817501	-0.0572920708910798	0.908475876537076	0.55
TraesNOR2A03G00638850	-0.00516368856226214	0.0126918941953944	0.853877258959432	0.45
TraesNOR2A03G00640960	-0.418116598821286	0.149392296001938	0.789288868187297	0.4
TraesNOR2A03G00641060	0.698616201024952	0.00530389627147434	0.798055894801481	0.52
TraesNOR2A03G00642190	0.688321242480009	0.00493562725596646	0.794770099182421	0.52
TraesNOR2A03G00642420	-1.56772989221258	0.106483262891691	0.903463226400819	0.46
TraesNOR2A03G00643250	0.863309438102486	0.0672932354799697	0.929356216937885	0.49
TraesNOR2A03G00643320	0.825198003824664	-0.0648965024878646	0.811797942161552	0.5
TraesNOR2A03G00643560	1.57951282216545	-0.0816353500816681	0.84819421082997	0.47
TraesNOR2A03G00643780	0.39215001522821	-0.013439880976738	0.84852960181416	0.52
TraesNOR2A03G00645730	1.39069880839881	-0.101604213505416	0.793148554387682	0.49
TraesNOR2A03G00646470	0.0212195433123596	0.057469922518932	0.757128979901431	0.57
TraesNOR2A03G00646650	-0.102292062908746	0.0931746416141305	0.830940884341713	0.4
TraesNOR2A03G00648170	0.307242582111968	0.0140842240608093	0.773860215987185	0.5
TraesNOR2A03G00650460	-1.49471473266038	0.0213003913088824	0.78602178726498	0.53
TraesNOR2A03G00650780	-0.0674431177380455	0.00630154866423708	0.830080946794033	0.55
TraesNOR2A03G00652060	-0.69149650937921	-0.0266867608311418	0.75932317354461	0.54
TraesNOR2A03G00653530	-0.169935843715955	-0.0238492338124427	0.694634151394329	0.59
TraesNOR2A03G00653950	-0.664153160589796	0.125852028864144	0.953560314606905	0.46
TraesNOR2A03G00654620	-0.0888579724625577	0.109334461728099	0.949754590040871	0.42
TraesNOR2A03G00655650	-0.26692940414272	0.168587475167885	0.967175085054587	0.43
TraesNOR2A03G00657030	0.0348285563409828	0.00142403400585641	0.869164888468389	0.51
TraesNOR2A03G00657590	0.309341019940528	0.0469891974782583	0.874982214661397	0.49
TraesNOR2A03G00657840	-0.353541580690082	-0.0291985792193934	0.827796017618999	0.55
TraesNOR2A03G00661730	0.204333061262341	-0.0350494861629267	0.893887804433994	0.47
TraesNOR2A03G00664720	0.257343198821084	0.0811109430548616	0.729053156888884	0.54
TraesNOR2A03G00665110	-0.447668746589021	0.0808284541461728	0.841152778092085	0.42
TraesNOR2A03G00665960	-0.0171060786722643	-0.0616532402179973	0.922701813502917	0.52
TraesNOR2A03G00667450	-1.46629398953905	-0.00213083422244918	0.771264246921223	0.48
TraesNOR2A03G00667510	-0.68322121150911	-0.0243134976989873	0.627015449963591	0.56
TraesNOR2A03G00669190	-0.762711129907034	-0.063879403618215	0.939167610101594	0.57
TraesNOR2A03G00670310	-0.625574292443561	-0.0248604529760674	0.927888097768375	0.51
TraesNOR2A03G00674620	0.162197745028128	-0.0586107960902115	0.820660656583677	0.54
TraesNOR2A03G00674890	0.3640966964462	0.101930839275238	0.843150682097268	0.58
TraesNOR2A03G00676230	0.0338144656789332	0.163647218077009	0.879155328892941	0.56
TraesNOR2A03G00676490	0.00802991234209746	0.00519648429261771	0.810367663165566	0.47
TraesNOR2A03G00678620	-0.655519022816198	0.0561175798069921	0.850781435471428	0.55
TraesNOR2A03G00679300	-0.68636141643363	0.0873935376512273	0.783704713558807	0.49
TraesNOR2A03G00679880	0.213664690057004	-0.0349491768741551	0.863125827737722	0.49
TraesNOR2A03G00680170	0.218086870978882	0.00708066984641204	0.891577576505578	0.51
TraesNOR2A03G00681840	0.46648052708066	-0.0182502953369173	0.940208169314135	0.5
TraesNOR2A03G00685230	1.56257373259836	-0.0182816467993988	0.786017242193395	0.45
TraesNOR2A03G00686440	-0.841196197924089	-0.0859129115425813	0.717697844345211	0.63
TraesNOR2A03G00692810	0.528082140888319	0.071393169343219	0.920840929536933	0.5
TraesNOR2A03G00695430	0.189142224470736	0.130123337683773	0.794061153259067	0.63
TraesNOR2A03G00695750	-0.241925348222157	-0.123743876572015	0.83661121874042	0.53
TraesNOR2A03G00697060	0.112496111172996	0.0405817938826835	0.7620387802816	0.49
TraesNOR2A03G00699060	0.0413779551047878	0.0272477967577591	0.935276695348736	0.49
TraesNOR2A03G00699930	-0.899959071026316	-0.0819914539868321	0.967148387591899	0.54
TraesNOR2A03G00704650	1.82067551687713	0.0162513716656724	0.827276002043885	0.54
TraesNOR2A03G00706350	-1.64569748703962	-0.00493725808444563	0.840945656551186	0.58
TraesNOR2A03G00708750	-0.0187626350655748	-0.0308565850043744	0.811150253721555	0.45
TraesNOR2A03G00712730	-0.440918863048657	0.16031088571188	0.727041639446373	0.44
TraesNOR2A03G00713490	0.377781589428291	0.00604429777389728	0.712555287466289	0.53
TraesNOR2A03G00713510	-0.932857778355963	-0.0193368891653169	0.922632503411757	0.51
TraesNOR2A03G00714460	-0.233453152305673	-0.0735260943270381	0.894740435080298	0.48
TraesNOR2A03G00717680	-1.07174227921808	-0.0559261766889565	0.848171898934966	0.5
TraesNOR2A03G00718790	-0.303658436820662	-0.0919074968035304	0.876332152519445	0.44
TraesNOR2A03G00721640	-0.00105171435557353	-0.109460624159653	0.844826712607785	0.58
TraesNOR2A03G00721780	1.18829996815462	0.092580259852039	0.861968609246082	0.52
TraesNOR2A03G00722620	-1.814988510342	-0.0911788245271404	0.875530313744641	0.54
TraesNOR2A03G00723910	-1.95323314904563	-0.0820537616361486	0.893883036873588	0.5
TraesNOR2A03G00724080	-1.09722028778861	-0.0693449452179454	0.850321709518324	0.58
TraesNOR2A03G00725040	-0.281033477710648	-0.0389655749137223	0.887285468662987	0.53
TraesNOR2A03G00727330	-1.83584853296272	0.0143109474789889	0.848082477982603	0.43
TraesNOR2A03G00727340	0.0905018605241054	-0.0968126888403304	0.865656763791343	0.45
TraesNOR2A03G00727530	-0.823728260497981	0.0504832140059706	0.686706949684694	0.5
TraesNOR2A03G00728380	-0.222287152434966	0.0220165173667735	0.828510139208661	0.55
TraesNOR2A03G00729650	0.0384729226484365	-0.0402498598689047	0.814287207472703	0.48
TraesNOR2A03G00729750	0.0717558741590616	0.0429656029089724	0.848086703965126	0.55
TraesNOR2A03G00731010	0.0162413555084798	0.00513148075836297	0.838842740534075	0.51
TraesNOR2A03G00731380	-0.266601220961777	0.0754310225672942	0.787030525785468	0.47
TraesNOR2A03G00731540	-0.00701324223823074	-0.00360899660649304	0.83473375336002	0.49
TraesNOR2A03G00731630	0.290481202794192	0.0140302878713619	0.930870863490188	0.55
TraesNOR2A03G00731910	0.539910069592205	-0.0625490613420839	0.88232998289246	0.53
TraesNOR2A03G00731940	0.200782091546336	-0.14382459373996	0.741470291344588	0.42
TraesNOR2A03G00732470	1.11263138287429	0.0367732877296895	0.857717199029293	0.45
TraesNOR2A03G00732660	-0.216514394478216	-0.0321365519360806	0.702722838749496	0.51
TraesNOR2A03G00732930	-0.883070892545306	-0.0225882756805323	0.789975460127853	0.49
TraesNOR2A03G00733440	-0.751925031804552	-0.0459575936293647	0.720790484694597	0.52
TraesNOR2A03G00733670	-0.614285617706932	-0.0301603652519905	0.801148278945411	0.52
TraesNOR2A03G00736660	1.05999213887227	0.00232502225886344	0.827840022519214	0.55
TraesNOR2A03G00737070	-0.711006498787541	-0.0156076677600851	0.683336667929337	0.48
TraesNOR2A03G00737200	1.46391673545783	-0.00378901961045262	0.770999075447564	0.49
TraesNOR2A03G00737620	0.0512455545467992	-0.0366916784538551	0.934375501077195	0.48
TraesNOR2A03G00738270	-0.0592177981536338	-0.243461371530471	0.849510008153277	0.54
TraesNOR2A03G00738910	-0.506188441327949	0.0367944092921655	0.842987573482041	0.48
TraesNOR2A03G00738980	-0.470321471098997	0.0712992428705719	0.77479013239404	0.49
TraesNOR2A03G00739500	0.0142216473720398	-0.182823710527411	0.879869057426865	0.41
TraesNOR2A03G00742100	0.0940346233154259	0.119517001238104	0.702923739728382	0.58
TraesNOR2A03G00742520	-1.02269157411135	-0.016419299275608	0.810314591151999	0.53
TraesNOR2A03G00743380	-0.00329446123540547	0.129452727657594	0.907066022551781	0.47
TraesNOR2A03G00743390	0.0379417624029157	0.0215842630072942	0.737995549573372	0.51
TraesNOR2A03G00746690	-0.323265845529951	0.034710382601655	0.822462314191537	0.47
TraesNOR2A03G00747430	-1.26312434558316	0.0890549519307729	0.852960503973051	0.48
TraesNOR2A03G00747440	-0.102997029011053	0.0960961136826872	0.836045254336308	0.43
TraesNOR2A03G00748990	0.131687887081817	0.0460593604069207	0.75769252876285	0.53
TraesNOR2A03G00749150	-0.317838551534683	0.111755028140142	0.825029378454553	0.44
TraesNOR2A03G00749410	0.248595086432237	0.0794034436815109	0.734904660359435	0.55
TraesNOR2A03G00751610	-1.01464999986175	0.11364604803606	0.721929801411242	0.44
TraesNOR2A03G00752160	-0.0120948206942745	0.0541825260075478	0.831678364112575	0.45
TraesNOR2A03G00754060	0.0924797066594435	-0.0883623338149453	0.876625482821228	0.49
TraesNOR2A03G00754570	-0.782050679083572	-0.0546460749833986	0.840655864718645	0.57
TraesNOR2A03G00755650	0.676259368950138	0.0861416708726587	0.827428009803237	0.61
TraesNOR2A03G00755980	0.654843979326091	-0.0270089816978621	0.865020022618222	0.48
TraesNOR2A03G00756190	1.11960717906669	0.0390171954802333	0.831282625513588	0.51
TraesNOR2A03G00756560	-0.47825582937037	-0.0667934468851684	0.817648855594869	0.51
TraesNOR2A03G00756940	-0.934453632273649	-0.0496163805451763	0.827860855554372	0.55
TraesNOR2A03G00757510	1.72434538335128	-0.129160396845882	0.825510244173672	0.4
TraesNOR2A03G00758790	0.0411558752327807	-0.13518257774923	0.86084879538256	0.43
TraesNOR2A03G00759210	1.2588454555309	0.0490478940629651	0.77654821536769	0.52
TraesNOR2A03G00759460	-0.0982870020839246	-0.0433545851420081	0.889792676899511	0.53
TraesNOR2A03G00760290	0.176978285568983	-0.0815437533095454	0.810762279732748	0.48
TraesNOR2A03G00760560	1.24902274332071	0.160126906159125	0.931470709462767	0.56
TraesNOR2A03G00761860	-0.165108298575558	0.0730745881735636	0.93988244629303	0.46
TraesNOR2A03G00762960	-0.00681908020910399	0.0180986264160996	0.828803863153388	0.54
TraesNOR2A03G00764520	0.917749683772918	0.0478510430915168	0.831185363099095	0.54
TraesNOR2A03G00765350	-0.489792566450439	-0.0631996437754933	0.87524037472429	0.46
TraesNOR2A03G00766170	-0.10854761841578	-0.0351055422399794	0.86048932458181	0.53
TraesNOR2A03G00767030	-0.320060989964779	0.0426909409782318	0.842950787480225	0.49
TraesNOR2A03G00768230	-0.306116436278662	-0.130107350297257	0.87876879203881	0.51
TraesNOR2A03G00769720	0.298342633083099	0.0302034998107953	0.808937578699614	0.5
TraesNOR2A03G00773350	-1.89163326133168	0.0543071571223127	0.858878367980337	0.5
TraesNOR2A03G00774170	-1.40229971452372	0.0818648989405873	0.926967589515827	0.4
TraesNOR2A03G00775030	0.536441806946429	-0.0427545677603375	0.810214100525985	0.5
TraesNOR2A03G00775050	-0.0771208678676951	-0.0862177901369634	0.777952061896494	0.53
TraesNOR2A03G00775150	-0.560052930168309	-0.0764339248009301	0.935787798052764	0.49
TraesNOR2A03G00776580	-0.405394449097277	0.055958348315512	0.803316888841959	0.53
TraesNOR2A03G00776800	-0.452997983942676	-0.122930512699821	0.769434728664717	0.54
TraesNOR2A03G00777170	0.102195189170563	0.00654133199196547	0.831846928681778	0.44
TraesNOR2A03G00777380	0.552543142194231	0.0316510056276975	0.917548482920866	0.5
TraesNOR2A03G00778950	0.0216540100940078	0.0230136991321615	0.74538278171218	0.54
TraesNOR2A03G00778960	-0.426515811354257	0.0818995075396297	0.789850623317267	0.47
TraesNOR2A03G00782290	0.138464317509435	0.0508619464910123	0.877976964691422	0.53
TraesNOR2A03G00785860	-0.0736308152226836	0.000984901586687327	0.908438896422787	0.52
TraesNOR2A03G00787040	0.164456937021208	-0.158193156234151	0.901871088007349	0.4
TraesNOR2A03G00787120	-1.79754048677791	-0.0336370100183897	0.876008381485716	0.46
TraesNOR2A03G00787990	-0.0127385007807578	-0.130730135995205	0.774156876054806	0.56
TraesNOR2A03G00788650	0.880732958241092	-0.0317409553418871	0.871817402124521	0.53
TraesNOR2A03G00790270	0.510225249423845	0.0755407328962877	0.725871624302709	0.53
TraesNOR2A03G00791150	-0.238295184765296	0.0302636681491756	0.879808183002378	0.48
TraesNOR2A03G00791290	0.197909257637104	0.0384427258430303	0.657896491270724	0.51
TraesNOR2A03G00792160	0.380568572509335	0.193974574752927	0.907044064986328	0.56
TraesNOR2A03G00794110	-0.315815215634079	0.102554355452391	0.89500791786504	0.47
TraesNOR2A03G00794120	-0.639695796847927	-0.0625736584983453	0.888622538783096	0.48
TraesNOR2A03G00794300	0.605925274746378	-0.024213513224537	0.74963764403684	0.5
TraesNOR2A03G00794630	-0.58760165127711	-0.0090810541442325	0.989688120285719	0.54
TraesNOR2A03G00795560	-0.670495982995834	0.00728445501748484	0.902968078604102	0.57
TraesNOR2A03G00795760	-0.473391898152573	-0.0270908630057398	0.807134666601821	0.52
TraesNOR2A03G00797450	1.6340698872109	0.0302592666205323	0.89322319324196	0.5
TraesNOR2A03G00797460	0.0818749870589115	-0.0221137216983655	0.701707239784711	0.47
TraesNOR2A03G00797680	-0.523863736305067	0.00783650922174076	0.768315259993631	0.46
TraesNOR2A03G00798490	0.303509350358338	0.0229564939815982	0.815779417163866	0.48
TraesNOR2A03G00799600	-0.271554206126579	0.115467075217374	0.978664663649097	0.47
TraesNOR2A03G00800090	-0.396841644889184	-0.0703540069107641	0.830536157652773	0.54
TraesNOR2A03G00800550	1.07251258084801	-0.0552667892579574	0.814737116837094	0.53
TraesNOR2A03G00801510	-0.786792856071615	0.144564645037105	0.869330844667226	0.43
TraesNOR2A03G00801660	-0.503875240136083	-0.126049253438232	0.856158126922964	0.58
TraesNOR2A03G00803350	-0.507674730622008	0.052725247802765	0.866630581268406	0.51
TraesNOR2A03G00804050	1.05287596001986	-0.043445641969585	0.97574271645673	0.45
TraesNOR2A03G00804080	0.0384410837441587	0.028916374289973	0.848463269314338	0.52
TraesNOR2A03G00804700	1.82123569139021	0.19269024217158	0.901366431317342	0.57
TraesNOR2A03G00805790	0.195598207060033	-0.0476926336119806	0.917916200238706	0.46
TraesNOR2A03G00806170	0.73836190516317	-0.0408687049055115	0.876584932928007	0.49
TraesNOR2A03G00807110	-0.0343428639312002	-0.122030597424781	0.715145777009027	0.55
TraesNOR2A03G00809360	0.36034022513047	0.0365245933136815	0.857242301043282	0.59
TraesNOR2A03G00810680	-0.823385732211889	0.0700878298647003	0.891315955095345	0.48
TraesNOR2A03G00810820	-0.89493616722025	-0.0240451899858334	0.747238657001317	0.52
TraesNOR2A03G00812820	-0.550420271693287	-0.109397569136391	0.802569375119958	0.57
TraesNOR2A03G00814080	-2.38603956167205	0.159507473427927	0.871317255092999	0.44
TraesNOR2A03G00814520	1.21155479686501	-0.0228697004279224	0.915972768269374	0.5
TraesNOR2A03G00816320	-0.330999894078392	0.0690013005481117	0.86744338315627	0.48
TraesNOR2A03G00817400	-0.417515711532966	0.0111165128249705	0.921156135468777	0.49
TraesNOR2A03G00817750	-0.0206453050057919	-0.0198052721696275	0.806990989501041	0.55
TraesNOR2A03G00818110	0.163077322309141	-0.0849153007205454	0.847314063992786	0.44
TraesNOR2A03G00820550	-0.529124375278498	-0.0114370927317158	1.00346490021515	0.54
TraesNOR2A03G00821070	0.17535281547472	0.0476019526729411	0.779944347035557	0.55
TraesNOR2A03G00821930	0.0310698333893767	0.137852107321387	0.882042204634068	0.54
TraesNOR2A03G00822570	-1.03803338490928	-0.128501329105422	0.857418822153642	0.61
TraesNOR2A03G00823840	-0.463488009278549	-0.0893265992178006	0.772642711160818	0.55
TraesNOR2A03G00825380	-0.0333683303200183	-0.108724337366139	0.847185436186952	0.6
TraesNOR2A03G00825470	0.829031031317533	0.0237464123311927	0.831350253207277	0.56
TraesNOR2A03G00825680	0.925728583640269	-0.0638466696920751	0.776972158340774	0.47
TraesNOR2A03G00826630	-1.64834017377731	0.000436754348651523	0.887844339836977	0.48
TraesNOR2A03G00827760	-0.00796374432537531	0.0706382008285961	0.959678350791702	0.47
TraesNOR2A03G00828340	-0.17717591413585	-0.0557815578792797	0.866467614154828	0.49
TraesNOR2A03G00829280	0.130768610607549	0.0911438358539083	0.820038340883926	0.56
TraesNOR2B03G00833060	1.20019775137566	0.106776909359298	0.773911601178127	0.55
TraesNOR2B03G00833250	0.0114340920805276	0.0247007101660088	0.946883770216532	0.54
TraesNOR2B03G00833340	-0.612223482134752	0.0284282768698914	0.836944834139498	0.45
TraesNOR2B03G00834180	-0.361358792624306	0.0423910910842982	0.729280339474065	0.49
TraesNOR2B03G00834560	0.282208432406672	0.157376181415843	0.906811086659628	0.49
TraesNOR2B03G00840560	0.610434909021517	-0.0177271927230829	0.822269537189585	0.52
TraesNOR2B03G00840700	-0.343987511191546	0.0160816207100925	0.873606395442588	0.5
TraesNOR2B03G00840710	0.023214123159265	0.0434601327350656	0.723850486073843	0.51
TraesNOR2B03G00843880	-1.60287933419452	0.0191693875452002	0.768061759405531	0.48
TraesNOR2B03G00844000	0.459135409007616	0.110235386483746	0.887480574510345	0.52
TraesNOR2B03G00844610	-0.513480642938582	-0.010319525641245	0.752098546503757	0.53
TraesNOR2B03G00845290	0.00929121731467648	0.0659127378889919	0.962140764758432	0.53
TraesNOR2B03G00845300	-0.0945470584702638	0.103748896424666	0.846570076071981	0.51
TraesNOR2B03G00845780	0.667197742187386	-0.0352673833306513	0.758162710241933	0.5
TraesNOR2B03G00847780	2.08075322169231	0.105141103853015	0.896274160444189	0.58
TraesNOR2B03G00848270	0.866132277164523	0.0478959338979939	0.68450091389305	0.48
TraesNOR2B03G00848970	0.485904998805994	0.0417396643160143	0.752412922879677	0.53
TraesNOR2B03G00850050	-0.741862361411058	-0.0180991123128512	0.815781282015537	0.54
TraesNOR2B03G00854270	-0.0359811241739688	-0.160710265080252	0.831763986587368	0.56
TraesNOR2B03G00855370	-0.028804992785969	0.0214966064737476	0.847203390966168	0.53
TraesNOR2B03G00855420	1.68405352734038	0.182703070556057	0.85414259803247	0.54
TraesNOR2B03G00856340	-0.838163397269885	-0.0213677688880192	0.872573349185123	0.48
TraesNOR2B03G00859450	1.09456418497619	0.0472903911466501	0.86483286242988	0.53
TraesNOR2B03G00860320	1.39254346725897	0.149038543570062	0.965458590353131	0.55
TraesNOR2B03G00861570	-0.62237336715057	0.0209126732036869	0.828918182711111	0.5
TraesNOR2B03G00862400	-0.127352315818188	0.108901164666483	0.872660182369954	0.44
TraesNOR2B03G00863510	-2.13162985834937	-0.0706234391367445	0.68470892433226	0.52
TraesNOR2B03G00868030	-1.09399281646948	-0.040825939532762	0.857932810526237	0.48
TraesNOR2B03G00870630	0.971770465210641	0.0586410805549799	0.907029528974386	0.51
TraesNOR2B03G00870760	-0.143047988277776	0.0270120722146541	0.800594521817865	0.52
TraesNOR2B03G00871220	-0.122876582931578	0.0151401131958124	0.807199315092511	0.52
TraesNOR2B03G00871970	-0.315729954861347	0.0701561393895634	0.972967652937896	0.47
TraesNOR2B03G00871990	-0.814146764674167	-0.0828673527451259	0.720028680380029	0.54
TraesNOR2B03G00873990	0.23601974984754	-0.0500516980419062	0.797127728756416	0.54
TraesNOR2B03G00875150	0.0110653233203362	0.0466102726125106	0.841637750629464	0.54
TraesNOR2B03G00876620	0.69755714580325	-0.0257098052625474	0.914050759425962	0.49
TraesNOR2B03G00876790	-1.16815602846649	-0.0230797292909481	0.960907722968753	0.52
TraesNOR2B03G00876890	0.971830211415038	0.0557840207558192	0.839737616953025	0.49
TraesNOR2B03G00877150	0.778621274788707	-0.0264642925729191	0.868842180230923	0.49
TraesNOR2B03G00877480	-0.655000258206021	0.167223768652738	0.905775894686298	0.44
TraesNOR2B03G00877580	0.383076208593787	0.0700505476055916	0.870403954351401	0.55
TraesNOR2B03G00877630	0.744175662840789	0.0819511570886283	0.870445063744596	0.54
TraesNOR2B03G00878120	1.26014556273311	-0.112616623622254	0.816145830565975	0.42
TraesNOR2B03G00878220	0.0144886996534093	-0.0832453762465794	0.776348725912167	0.45
TraesNOR2B03G00879520	-1.33166902819568	-0.0881785253242772	0.828791855764707	0.59
TraesNOR2B03G00884510	-0.868549493150352	0.040386246547048	0.89472875593511	0.51
TraesNOR2B03G00885310	0.434626887316013	0.0381944943775881	0.801712726704588	0.54
TraesNOR2B03G00885670	-0.755071685451346	0.00871911545080182	0.861479692414259	0.51
TraesNOR2B03G00886850	0.82859137492583	-0.0359905890622489	0.886192301216232	0.47
TraesNOR2B03G00887680	-1.68830148088785	-0.0796920972261142	0.922828873437643	0.55
TraesNOR2B03G00888120	0.12432318106127	-0.0365679505966432	0.841843598143913	0.46
TraesNOR2B03G00889690	-1.35149147311497	-0.00541215911443019	0.691046797670452	0.49
TraesNOR2B03G00890160	0.967831622853691	0.0142654221349347	0.971151410177677	0.49
TraesNOR2B03G00890240	0.0735729300237575	-0.0776063068343951	0.783210030460305	0.47
TraesNOR2B03G00891370	-0.00704879137141231	0.0681853295360639	0.850691306294799	0.46
TraesNOR2B03G00893730	-0.470629573205787	-0.00935369690709204	0.789997076075124	0.56
TraesNOR2B03G00894100	0.417289889496061	-0.0207154574988872	0.784153646786097	0.49
TraesNOR2B03G00894220	0.816934492679072	-0.0723262644639452	0.846505637072527	0.42
TraesNOR2B03G00895740	1.27416887321393	-0.00728542472863249	0.866783833847338	0.43
TraesNOR2B03G00896040	-0.405150814071736	0.0460951288381649	0.793814336622915	0.47
TraesNOR2B03G00896890	-1.02365611295785	-0.0936698702488057	0.92208817963678	0.52
TraesNOR2B03G00898880	-0.110663844108146	-0.056059180096302	0.774688048909671	0.51
TraesNOR2B03G00898950	-0.969245698351569	-0.0206322651949194	0.803395459966292	0.5
TraesNOR2B03G00899490	1.21616618717207	-0.0460164656552867	0.813510323739315	0.46
TraesNOR2B03G00902740	-1.27886499991609	-0.0604799391225591	0.858936589540405	0.6
TraesNOR2B03G00902960	-0.03292072056961	-0.113137112152159	0.800101284774444	0.53
TraesNOR2B03G00903900	0.973074410461891	-0.0132452514395194	0.733010704834088	0.49
TraesNOR2B03G00905860	-0.833227905979657	-0.226187482415769	0.83929997207399	0.58
TraesNOR2B03G00908730	-0.61415398111074	0.0641225166642667	0.941860918286267	0.52
TraesNOR2B03G00909880	-0.0197033803120685	-0.0277529545671097	0.818745268215684	0.54
TraesNOR2B03G00911440	-1.03299609320814	-0.12373863315426	0.869674820306585	0.55
TraesNOR2B03G00911650	-0.764841671585121	0.00339828177055556	0.9636564980375	0.55
TraesNOR2B03G00913290	-0.525204575441275	0.0838231440397107	1.05651151503674	0.47
TraesNOR2B03G00913410	-0.0425844677675851	0.172932443559843	0.96517121193271	0.39
TraesNOR2B03G00914300	-1.94341106100532	0.0152183588231132	0.735529780444418	0.52
TraesNOR2B03G00914410	0.206439185811569	0.0580459448147696	0.88335532002041	0.5
TraesNOR2B03G00915220	-1.3939252454166	-0.0618693695180582	0.693810198890019	0.57
TraesNOR2B03G00916220	0.127164504545702	-0.0671439524616996	0.827451409100885	0.44
TraesNOR2B03G00916440	0.825536033297291	0.0323954621310957	0.964547107093971	0.49
TraesNOR2B03G00916770	1.7836962965135	0.0552170941303552	0.864474849238516	0.57
TraesNOR2B03G00917810	0.227034644543412	0.0901661686994251	0.792995318929559	0.59
TraesNOR2B03G00917940	0.269691586928994	-0.168931442130249	0.794018299392343	0.42
TraesNOR2B03G00921820	-0.311214735056316	-0.184681662294258	0.906357823653929	0.55
TraesNOR2B03G00921880	1.39703357558786	0.0262114447936938	0.893164371207045	0.5
TraesNOR2B03G00922250	1.21209721889989	0.0244947936650091	0.728589791230072	0.52
TraesNOR2B03G00922480	0.345185092168349	-0.0104535358387004	0.880658090517304	0.56
TraesNOR2B03G00923260	0.320604121191219	-0.0315852311177153	0.896279096468187	0.48
TraesNOR2B03G00924410	2.30932903337815	0.114501337135733	0.742071139519002	0.54
TraesNOR2B03G00924670	-1.09477934582658	0.159485857697233	1.01188904898773	0.44
TraesNOR2B03G00924890	1.05130593913761	0.161888066948676	0.970017413696385	0.59
TraesNOR2B03G00924940	-1.17656321660047	-0.106711522796816	0.866921425328682	0.54
TraesNOR2B03G00925260	-0.702322843846098	0.107043013481098	1.00268806215861	0.43
TraesNOR2B03G00925840	1.38895504479039	0.02868115187839	0.874932660421111	0.54
TraesNOR2B03G00927270	0.596046667984753	-0.0550652218975539	0.834366355458886	0.44
TraesNOR2B03G00928850	-0.262068895470276	-0.0190635619841552	0.855222362796404	0.51
TraesNOR2B03G00932110	-1.43963211536234	0.042870861153778	0.832000778840621	0.52
TraesNOR2B03G00933050	-2.67441434364739	-0.0678559675940931	0.731000029853731	0.57
TraesNOR2B03G00935980	0.336804996144	-0.077184131899115	0.67837517927024	0.46
TraesNOR2B03G00936360	0.48554055057786	-0.053082200730199	0.937085780836275	0.46
TraesNOR2B03G00936680	0.857181901740933	0.0421142239378562	0.825324428218027	0.52
TraesNOR2B03G00941850	0.019965675278478	0.179459755758227	0.805225587962208	0.61
TraesNOR2B03G00941990	-0.00128836477606755	-0.120407882372529	0.797373824303556	0.53
TraesNOR2B03G00943160	1.04244715997172	0.0620345067079926	0.890605673185976	0.55
TraesNOR2B03G00949450	-0.870148232930042	-0.101519116865705	0.757992129729006	0.51
TraesNOR2B03G00949530	1.2922336544329	-0.0593176260081073	0.73172934852013	0.5
TraesNOR2B03G00951810	0.554373620921669	-0.171248685792621	0.7956307429463	0.38
TraesNOR2B03G00953180	0.0338443718154931	-0.150935241176949	0.781158928333804	0.43
TraesNOR2B03G00956760	0.787432660331383	0.0444805566779132	0.960108133371251	0.56
TraesNOR2B03G00956860	-1.76056610476497	0.0541376744613141	0.787920847139833	0.44
TraesNOR2B03G00957580	-0.733298052913328	0.0563974002051978	0.83748800948775	0.42
TraesNOR2B03G00958300	-0.617602501452454	-0.2046000090012	0.891648808367193	0.57
TraesNOR2B03G00959560	-1.53583668822736	0.00312477766168176	0.875550899745826	0.49
TraesNOR2B03G00961980	1.39638663991317	0.104992617419173	0.869426015169877	0.51
TraesNOR2B03G00962070	1.37219538088386	-0.0170156307163331	0.765556894847232	0.44
TraesNOR2B03G00962270	-1.58854289769741	-0.164910011633247	0.665350827616966	0.6
TraesNOR2B03G00962420	0.750756152682192	-0.0944817426452905	0.938731962972935	0.48
TraesNOR2B03G00964270	-0.0512627248973957	0.0124803747219972	0.852016533731323	0.48
TraesNOR2B03G00965020	-0.376697243336176	-0.0843793150064129	0.738148451799471	0.59
TraesNOR2B03G00966200	-0.551773760173116	0.0298493585658462	0.774214333824148	0.49
TraesNOR2B03G00968870	0.075698772720425	-0.0106370626560549	0.856798305133702	0.49
TraesNOR2B03G00970870	0.0952311003727079	-0.018487723328764	0.868285619943356	0.49
TraesNOR2B03G00970880	-0.646728279902586	0.143080456845876	0.744811817334504	0.44
TraesNOR2B03G00971060	0.0336572029472342	0.0382272358373963	0.797718003284177	0.5
TraesNOR2B03G00971290	1.20012457884749	0.0787155974640351	0.773751596386787	0.51
TraesNOR2B03G00971610	0.280959875136785	0.162463749824841	0.814811371467456	0.57
TraesNOR2B03G00972290	0.148507819385945	-0.00557396846130189	0.813862705500179	0.46
TraesNOR2B03G00973200	-0.155339508675021	-0.0160084910027308	0.795119995434548	0.54
TraesNOR2B03G00973230	-0.575726517246463	-0.0808507598595375	0.96482022520899	0.56
TraesNOR2B03G00974050	-0.0142778837728332	-0.00599490043689557	0.820935573254618	0.46
TraesNOR2B03G00974500	-1.8516384678264	-0.0310423691828038	0.879103460041379	0.45
TraesNOR2B03G00974520	-0.562124543377543	0.133108687198044	0.940636609598694	0.45
TraesNOR2B03G00974770	0.383960333405861	-0.0422927394913512	0.695079203371567	0.54
TraesNOR2B03G00977780	-0.849546949268275	-0.0173427933363133	0.707604721708057	0.52
TraesNOR2B03G00980140	0.0453017118051282	0.0981150580261908	0.853951862653038	0.58
TraesNOR2B03G00981310	1.43608862939605	0.0390793739794119	0.87977313414148	0.57
TraesNOR2B03G00983590	-0.670177852739879	-0.0770802273241405	0.856651870176231	0.46
TraesNOR2B03G00984520	0.0605773184216082	-0.208998399954007	0.839940539198948	0.34
TraesNOR2B03G00985110	0.211670882558124	0.0459041032114289	0.840168161939145	0.46
TraesNOR2B03G00985510	1.41664225929461	-0.01980217585684	0.715642990556243	0.51
TraesNOR2B03G00985900	0.122517220759347	0.0732620328571767	0.911767843172178	0.54
TraesNOR2B03G00988770	-0.730745141289141	0.0825450109526252	0.833530565200114	0.49
TraesNOR2B03G00988940	1.03415823007016	0.0913904316185338	0.794067702181025	0.56
TraesNOR2B03G00989450	0.813367336469195	-0.00840795389916668	0.868930329905983	0.48
TraesNOR2B03G00989710	-0.659875999204583	0.0204153472781372	0.768821357775847	0.53
TraesNOR2B03G00991310	-0.00368296320294294	-0.00898468526494302	0.81954676317378	0.54
TraesNOR2B03G00991760	0.935379519440358	-0.079293397976152	0.813517333502398	0.49
TraesNOR2B03G00994260	-0.014708457676968	-0.095832749004534	0.88439931772075	0.57
TraesNOR2B03G00995230	-1.3912697097244	-0.0370622658542061	0.876427625062925	0.54
TraesNOR2B03G00996110	0.477189341783687	0.130612507214038	0.780106665440198	0.61
TraesNOR2B03G00996740	0.11990422540416	-0.0133827599649375	0.791405293589315	0.51
TraesNOR2B03G00998790	1.20549782668759	0.0289244789134357	0.919554062152497	0.56
TraesNOR2B03G00998940	0.741446760769201	-0.0110824481846449	0.794593694712982	0.51
TraesNOR2B03G01000110	0.273874006815485	-0.0755992565562355	0.92642034714197	0.47
TraesNOR2B03G01000120	0.832499341045126	-0.0820272792239405	0.925857717768944	0.5
TraesNOR2B03G01000860	-0.301451999431576	-0.110950434142597	0.839355501578018	0.51
TraesNOR2B03G01000990	0.200424946557168	0.126206809077154	0.804352934526171	0.59
TraesNOR2B03G01001560	-0.0146939041607181	-0.0207779050635126	0.822611276809072	0.51
TraesNOR2B03G01002090	0.0885851477826898	0.325259013762983	0.843929981761373	0.56
TraesNOR2B03G01002990	0.560354309848504	0.00577443990582163	0.787581621139684	0.52
TraesNOR2B03G01004400	-0.349629942628892	0.0802340022815988	0.792270202421139	0.54
TraesNOR2B03G01004960	-0.763008406764802	0.0614236124739919	0.82499256337662	0.48
TraesNOR2B03G01005770	-0.805708971495666	0.0166584161529504	0.795967692365948	0.48
TraesNOR2B03G01006760	-0.393492882506937	-0.108102546338262	0.966134639656687	0.54
TraesNOR2B03G01007040	0.0747956212948352	-0.0655566765544633	0.900387386043074	0.53
TraesNOR2B03G01008070	-0.108448457521984	0.0183460839521708	0.775162789371204	0.5
TraesNOR2B03G01008860	-0.445766134720521	0.0309517495400048	0.838092239216108	0.45
TraesNOR2B03G01009410	0.514862949374621	0.0513077829269195	0.834497289052325	0.55
TraesNOR2B03G01010920	0.0266680753287513	0.133297663717258	1.02982947456801	0.6
TraesNOR2B03G01013630	-0.578321372874701	-0.0571426648738503	0.840313883693535	0.53
TraesNOR2B03G01014400	0.0427658752019749	-0.0508408010032209	0.686025567569849	0.46
TraesNOR2B03G01015450	-0.481491710381381	0.107471626677387	0.868341970985777	0.51
TraesNOR2B03G01020190	-0.885119985213646	-0.0330268612034903	0.828228268898581	0.49
TraesNOR2B03G01020350	-0.369542533310854	-0.0250886168519828	0.809439009492744	0.43
TraesNOR2B03G01021770	0.640942692489427	-0.0933001807279049	0.834954516145765	0.51
TraesNOR2B03G01023820	0.191291595368174	-0.0980060320718686	0.993103172712151	0.47
TraesNOR2B03G01024520	3.25892492373316	-0.0675524801303015	0.759719150642936	0.49
TraesNOR2B03G01024920	-0.956853504491518	0.0368906850722009	0.803463850719764	0.48
TraesNOR2B03G01025030	0.97495197179146	-0.208641104781694	0.922017425515928	0.43
TraesNOR2B03G01027160	-0.0458273089499304	0.0527717623520358	0.910782348976787	0.51
TraesNOR2B03G01027450	-1.75767144903531	0.0545259162785683	0.883837534260233	0.46
TraesNOR2B03G01027740	0.0324168216542594	0.032612822056322	0.838336150291109	0.47
TraesNOR2B03G01028680	-0.129089118829854	-0.033180049650655	0.825976698252427	0.5
TraesNOR2B03G01029810	-1.65506401033417	-0.0725237161194499	0.912919081532253	0.57
TraesNOR2B03G01030340	-0.177843995129014	-0.0429175662488548	0.814155107029889	0.56
TraesNOR2B03G01030390	1.38593451427067	-0.0819660057762201	0.844319859780894	0.42
TraesNOR2B03G01031140	0.274899077553269	0.0231097313781297	0.766820790273453	0.55
TraesNOR2B03G01031820	-0.0529450945277553	-0.0606021318782715	0.834668226262003	0.57
TraesNOR2B03G01031840	0.443971639885483	-0.0406906897370773	0.703287348652144	0.5
TraesNOR2B03G01033060	0.0513500241184177	0.0914324330848748	0.716937055851371	0.59
TraesNOR2B03G01033870	0.0534969722749902	0.0523836451238604	0.767501592610659	0.59
TraesNOR2B03G01034670	-0.339683460113741	0.118091948271287	0.829132276741291	0.44
TraesNOR2B03G01036200	-1.34665468589643	0.00552935059748193	0.846014762482903	0.43
TraesNOR2B03G01036720	-1.55197581101805	0.0800614207698723	0.781126416502424	0.45
TraesNOR2B03G01036930	1.12754912289129	0.0425046647703098	1.02493709747024	0.56
TraesNOR2B03G01037350	-0.623149131378034	0.233098117581378	0.955354389239156	0.38
TraesNOR2B03G01040820	0.907787458961191	0.0335449579620231	0.857044254661975	0.52
TraesNOR2B03G01041610	-0.873844691629727	-0.0205363094774106	0.840532574361404	0.47
TraesNOR2B03G01042550	-0.324847382153999	0.162270778318205	0.988554418514435	0.41
TraesNOR2B03G01042730	0.0864709612034874	-0.175099673305395	0.746964019884138	0.37
TraesNOR2B03G01042860	1.74068553198511	-0.00207810842550173	0.963500138986425	0.44
TraesNOR2B03G01042880	-0.0693588720223766	-0.0723413586135227	0.783837190328461	0.49
TraesNOR2B03G01043320	-0.808957339763148	0.0480134849001684	0.949486283584407	0.55
TraesNOR2B03G01044100	0.00765466065626915	-0.0474737775880584	1.01035273720745	0.52
TraesNOR2B03G01044590	0.592082687508486	-0.0257183330599857	0.818627999839784	0.46
TraesNOR2B03G01044680	1.15437156007158	0.0341964142033313	0.794904907785524	0.53
TraesNOR2B03G01046990	-0.493726668908381	-0.0992138965952139	0.818760225452901	0.54
TraesNOR2B03G01048450	-0.3716589319092	0.00156577748906194	0.934545548934615	0.55
TraesNOR2B03G01048510	-3.07481107067379	0.086162830844267	0.811999879170149	0.45
TraesNOR2B03G01049830	0.0472837175215275	0.126129231337867	0.807155067020005	0.55
TraesNOR2B03G01051300	-0.0346033453621954	0.175444625858111	0.796133666233763	0.4
TraesNOR2B03G01053830	0.0527023528911143	-0.0109652550904053	0.845998275137823	0.48
TraesNOR2B03G01053840	0.102616954073312	-0.0285103255509569	0.781111455849183	0.44
TraesNOR2B03G01054620	-0.0890119242134017	-0.0470753228890751	0.911188257834183	0.56
TraesNOR2B03G01055170	-0.566541917061628	-0.0319775000157473	0.954564254646363	0.5
TraesNOR2B03G01055860	-0.852750873039014	-0.0864592867238065	0.790672447766634	0.57
TraesNOR2B03G01056910	0.497116704308448	-0.0166623530244477	0.746256537106649	0.47
TraesNOR2B03G01057980	-0.0586804019828839	0.038183024616744	0.862797381862384	0.45
TraesNOR2B03G01058480	0.0164557290013	0.135559823749416	0.90170413194525	0.54
TraesNOR2B03G01059720	-0.0954761807092682	-0.0453944601726081	0.811013778480254	0.53
TraesNOR2B03G01060600	-0.450547265110351	0.0141062965217469	0.734671612488246	0.49
TraesNOR2B03G01060740	0.608727980238995	-0.0765151772888653	0.660632939992621	0.4
TraesNOR2B03G01061010	-0.910872955240553	-0.046977928153715	0.857705418265121	0.5
TraesNOR2B03G01061540	1.14372969941589	-0.0403052637582436	0.827566121636628	0.5
TraesNOR2B03G01062250	0.585634948346549	-0.131584516627275	0.692674132540674	0.42
TraesNOR2B03G01065340	-0.0961631994077869	-0.0409828103073498	0.855006511835002	0.61
TraesNOR2B03G01065540	0.724277678197458	0.0305890215764255	0.888274551644921	0.55
TraesNOR2B03G01066110	0.127759924688376	0.153048902599882	0.777996834111617	0.54
TraesNOR2B03G01067060	-0.00786789824309033	0.175006228916273	0.80055210814082	0.4
TraesNOR2B03G01067080	-0.580810810382381	-0.0102274706986674	0.76338515685614	0.58
TraesNOR2B03G01067270	-0.264722607553913	0.113286942865181	0.833262048485047	0.43
TraesNOR2B03G01068220	-1.08801865363173	0.152577604977098	0.861578424709321	0.45
TraesNOR2B03G01068270	0.29022855247981	-0.132055489384256	0.88049776274318	0.47
TraesNOR2B03G01068800	0.0333163326536794	0.089472956283765	0.863903942527448	0.56
TraesNOR2B03G01068840	0.0548533447131756	-0.0259205235457081	0.982378859565355	0.54
TraesNOR2B03G01069020	-0.484694103707939	-0.0168802070079946	0.874254894346231	0.49
TraesNOR2B03G01069540	-0.941285807591025	-0.0175841798557148	0.839313438278862	0.54
TraesNOR2B03G01070400	0.0726412688245147	0.0385585945783549	0.753691533344043	0.5
TraesNOR2B03G01071250	0.00137753910248036	0.0734107471714443	0.819564443121033	0.54
TraesNOR2B03G01073040	-0.358677742836751	0.00768112867188214	0.822480800478685	0.47
TraesNOR2B03G01074180	-0.251903642302999	-0.141910224651242	0.890358981264173	0.6
TraesNOR2B03G01074530	-1.14394585925901	-0.172194513251674	0.746136032176087	0.53
TraesNOR2B03G01076290	0.701642101176144	0.0780253779283232	0.922112296917366	0.51
TraesNOR2B03G01077120	0.404462950309716	0.183723101919906	0.722668831224159	0.6
TraesNOR2B03G01078260	-0.688051637948328	0.0380395031027051	0.790212472908263	0.48
TraesNOR2B03G01078870	0.4168951772765	-0.0371860994307312	0.902720713338857	0.44
TraesNOR2B03G01079070	1.18544421802123	0.119037739304017	0.770514365968946	0.56
TraesNOR2B03G01080160	0.0895332910506225	-0.0272949812331714	0.844887823186176	0.5
TraesNOR2B03G01081290	1.25597339015332	-0.00018258171085881	0.792033521214884	0.46
TraesNOR2B03G01082730	0.288319761935491	-0.0261876322358381	0.77566571695112	0.49
TraesNOR2B03G01083440	-0.0507965087159763	0.074849040335965	0.744875476073313	0.43
TraesNOR2B03G01083870	-1.59809327780601	-0.132462277890427	0.780821465338364	0.52
TraesNOR2B03G01085520	1.42027827637415	0.0274130631901907	0.891325532617525	0.53
TraesNOR2B03G01085710	-0.385815327158003	-0.0139327708793416	0.818569544146087	0.53
TraesNOR2B03G01087310	-0.896189093947644	0.0455501245670395	0.785280199891511	0.48
TraesNOR2B03G01087480	0.359675659748604	0.0648190100467371	0.839294085304887	0.57
TraesNOR2B03G01087490	0.120130955715103	0.0702431992117723	0.751155157208884	0.54
TraesNOR2B03G01088770	-0.41510079087569	0.0108789383935929	0.855859866131662	0.46
TraesNOR2B03G01090390	-0.895478552347978	0.0848232058600236	0.781786901800526	0.46
TraesNOR2B03G01091350	2.07986819444885	0.0576039542279819	0.853534840257319	0.54
TraesNOR2B03G01092180	-0.373937130055793	0.221276311975731	0.856418873744335	0.4
TraesNOR2B03G01093400	-2.36736659709185	0.0502544871032039	0.818015671514427	0.55
TraesNOR2B03G01095930	-0.473613247797713	0.0576290199498059	0.845825821928235	0.46
TraesNOR2D03G01098490	-0.236161179982483	-0.119141356449305	0.799742003041238	0.6
TraesNOR2D03G01098810	-1.21357694674602	-0.0257594323851894	0.879650215417097	0.5
TraesNOR2D03G01100090	1.71334397879917	-0.094628786124722	0.912107154003646	0.54
TraesNOR2D03G01100150	-1.37616334718363	0.0512662230125861	0.80174493325424	0.44
TraesNOR2D03G01101050	1.25587563104511	0.0856332791509639	0.778552661960198	0.56
TraesNOR2D03G01104060	-0.0426828263851309	0.0309773265139197	0.903535070466932	0.52
TraesNOR2D03G01104760	0.76177098799965	-0.203155277316166	0.825907116977558	0.42
TraesNOR2D03G01104790	-0.721698858512653	0.0914530730153229	0.850647651602325	0.51
TraesNOR2D03G01104990	0.0391051889191209	-0.0156832253899634	0.901890257801672	0.46
TraesNOR2D03G01105210	1.00895144589518	0.0193607467197613	0.73439952148408	0.56
TraesNOR2D03G01105250	0.79595045746685	0.115491193029937	0.90121587767321	0.56
TraesNOR2D03G01105260	-2.2326019342421	-0.0787651414361715	0.959290682776732	0.5
TraesNOR2D03G01105410	0.295331715220403	-0.245136585260086	0.731701635243804	0.37
TraesNOR2D03G01105420	0.233338757297888	-0.0867556324288499	0.871278411546241	0.46
TraesNOR2D03G01105530	-0.933689521970384	-0.051860393156773	0.859260693150657	0.54
TraesNOR2D03G01105540	0.621358913289161	0.119502909239266	1.0745384435637	0.56
TraesNOR2D03G01105720	0.478879120339892	-0.155955009293556	0.81755880425457	0.38
TraesNOR2D03G01105930	-0.642558435894624	0.113881968697777	0.792001911979016	0.43
TraesNOR2D03G01106010	0.0156597587794967	0.00555972635934865	0.826780358748817	0.47
TraesNOR2D03G01106210	-0.0135682951221015	0.0596997308033087	0.734272316562715	0.43
TraesNOR2D03G01106400	2.198380459755	-0.091641892305569	0.85677338195862	0.49
TraesNOR2D03G01106420	0.988704836096364	-0.061361228735205	0.747762252394782	0.46
TraesNOR2D03G01106940	-0.542842452649554	0.0528521968212525	0.868377413299516	0.46
TraesNOR2D03G01107180	0.0831141607875542	-0.0711179712832606	0.921837110589008	0.5
TraesNOR2D03G01107200	1.11047861397681	0.067609565592985	0.87422803064451	0.49
TraesNOR2D03G01107450	-0.359054675537807	-0.0558037394157062	0.777626936662797	0.59
TraesNOR2D03G01108180	0.763646264040317	0.104825250965234	0.880887410060018	0.55
TraesNOR2D03G01113610	1.41206158561602	-0.0721556597295454	0.915134482203962	0.48
TraesNOR2D03G01114540	2.60287332314748	0.00747281692111047	0.754578420125762	0.52
TraesNOR2D03G01114820	-1.03700981797169	-0.0788763335748362	0.797824833868542	0.51
TraesNOR2D03G01115180	-1.06561314322185	0.0194306038500809	0.810027013633593	0.53
TraesNOR2D03G01115280	-0.64411655540363	-0.00987119404641448	0.780557255342311	0.51
TraesNOR2D03G01115910	0.00507304792836401	0.0540497644836031	0.860481215107005	0.54
TraesNOR2D03G01115930	1.76162111430941	-0.0177164847384988	0.831725443312679	0.43
TraesNOR2D03G01115950	2.90111999864154	0.123551462489302	0.906535950868113	0.54
TraesNOR2D03G01116370	0.985441864069318	0.0752705510999739	0.862497571199255	0.49
TraesNOR2D03G01116530	-0.359019585663153	0.0196930499041432	0.844803409448076	0.48
TraesNOR2D03G01116860	0.701680165442285	0.162894070828507	0.74997300700263	0.56
TraesNOR2D03G01117370	-0.844438669412369	-0.11738461239961	0.84794569867314	0.54
TraesNOR2D03G01117810	-0.00923514735357477	-9.85439510932094e-05	0.785853709765738	0.5
TraesNOR2D03G01119320	1.98507445090844	-0.01600171920285	0.954945522538048	0.52
TraesNOR2D03G01119370	-1.20605527475337	0.0393304012587718	0.822695377051888	0.44
TraesNOR2D03G01119900	-2.62472072384909	-0.0426847351079257	0.926405296284966	0.52
TraesNOR2D03G01120260	-0.496084306739442	0.0283707404942849	0.905355652640891	0.54
TraesNOR2D03G01122030	1.56871345504918	-0.00881018490079567	0.822688623182354	0.53
TraesNOR2D03G01124400	-0.395163878610369	-0.0308230492841205	0.841225461823768	0.51
TraesNOR2D03G01124860	0.556827318345028	-0.0679318935638686	0.687299221322313	0.49
TraesNOR2D03G01125590	-0.160598527329786	-0.0992678368039774	0.807231234170451	0.54
TraesNOR2D03G01127210	0.97363616767512	-0.0121539071898818	0.630996490345902	0.48
TraesNOR2D03G01128840	0.369028744725425	0.0302511131305468	0.7826559602515	0.52
TraesNOR2D03G01129020	-0.809619106881314	-0.0705857759654477	0.843656566921607	0.52
TraesNOR2D03G01131120	0.705927096262073	0.0067002780736704	0.921989354360019	0.55
TraesNOR2D03G01131260	0.488852108313804	-0.0137417010822527	0.842963718100856	0.54
TraesNOR2D03G01131270	0.0288416142339273	0.00468210778603528	0.773066172863802	0.59
TraesNOR2D03G01131570	1.50001767816778	-0.011511658051685	0.93743518036817	0.47
TraesNOR2D03G01131690	-0.483599304649726	0.0319847280219786	0.661875225133102	0.4
TraesNOR2D03G01132090	0.634475104481776	-0.0195159255813121	0.982555781307786	0.49
TraesNOR2D03G01132380	-0.161326820079776	0.102174505209913	0.787524853720407	0.48
TraesNOR2D03G01132510	0.192565700797408	0.178161280350796	0.803315695804215	0.56
TraesNOR2D03G01132940	-1.24743385686696	0.0648261416409598	0.775976439186434	0.48
TraesNOR2D03G01133470	-1.48434171734326	-0.172227623932572	0.790926803783106	0.53
TraesNOR2D03G01133550	0.0301243110719166	0.0756629254371039	0.796677724152478	0.5
TraesNOR2D03G01133970	0.615544848762639	-0.0918939762535129	0.867270122259039	0.41
TraesNOR2D03G01134860	-0.983436399484203	-0.0269945929009524	0.781386730589634	0.51
TraesNOR2D03G01135910	0.0425407748558763	-0.0202430768282155	0.850492850650769	0.52
TraesNOR2D03G01136120	-0.0287919060070821	-0.0387704848301214	0.914256006546887	0.53
TraesNOR2D03G01136360	0.781012895259054	-0.0931436175193771	0.79888286535332	0.5
TraesNOR2D03G01136900	0.71203109072788	0.00938300128828281	0.674620212854382	0.48
TraesNOR2D03G01136960	1.13488411820602	0.196969124190294	0.83482377691581	0.62
TraesNOR2D03G01137040	-1.95256913044558	0.0304596612874578	0.699192051073707	0.54
TraesNOR2D03G01137280	-1.2235635997394	-0.0473578024852885	0.897319320650441	0.49
TraesNOR2D03G01137390	0.00931367319861131	-0.0217375453640312	0.914490757722294	0.51
TraesNOR2D03G01138170	0.951653612936502	0.0148965716383816	0.709435816486899	0.47
TraesNOR2D03G01138730	-0.0533345365733434	-0.106991996549233	0.791626641621584	0.55
TraesNOR2D03G01138910	0.519815337796643	-0.0111035260895273	0.736667180175541	0.51
TraesNOR2D03G01139220	0.651021736158368	0.0287818760198414	0.887122358790302	0.5
TraesNOR2D03G01139450	1.1839134112054	0.016711627122606	0.781230790733326	0.5
TraesNOR2D03G01139460	-0.329484881375653	0.0657401047184767	0.776690938341406	0.42
TraesNOR2D03G01139640	-0.0105848988037362	-0.0886737538879355	0.881258435703861	0.57
TraesNOR2D03G01141280	1.02641827788673	-0.0406969488939524	0.824209701119646	0.47
TraesNOR2D03G01142950	0.579892445768886	0.0343876201725342	0.737206291808212	0.49
TraesNOR2D03G01143060	-0.366871115147019	-0.0339235648407155	0.894500780167621	0.53
TraesNOR2D03G01144360	0.302564277608326	-0.0224553117416424	0.839934796640145	0.47
TraesNOR2D03G01144660	-0.151242235703705	-0.0345316633440912	0.928037377170632	0.5
TraesNOR2D03G01144670	-0.542586185082133	0.0161957897720123	1.00923208615228	0.47
TraesNOR2D03G01145080	0.186056123203566	0.0503910799243382	1.00314271538345	0.54
TraesNOR2D03G01145230	-0.0178152747778851	0.0779465272894298	0.90850980082126	0.44
TraesNOR2D03G01145250	1.16192030136392	0.025621979407857	0.807071195789677	0.52
TraesNOR2D03G01145260	0.983301392934726	0.00294579991482415	0.741337011796923	0.52
TraesNOR2D03G01147650	-0.355191201069514	-0.0894095145741649	1.12865615195021	0.49
TraesNOR2D03G01148420	-0.810397977874931	-0.181468841410787	0.935843842747079	0.58
TraesNOR2D03G01148510	1.25006394852669	-0.124090344392665	0.937730887044568	0.46
TraesNOR2D03G01148520	-0.0618206503157157	-0.0233721505996144	0.80057569915906	0.54
TraesNOR2D03G01148670	-0.784815349898498	-0.0749688280447303	0.898636542722	0.57
TraesNOR2D03G01149510	-0.0428313858579489	0.140009419510044	0.898731922154928	0.46
TraesNOR2D03G01149810	0.162208419251428	0.0353941001175333	0.842142892271568	0.52
TraesNOR2D03G01150460	-1.54404315522486	-0.134817876494094	0.827816456473361	0.61
TraesNOR2D03G01150500	0.118180021328222	-0.0347336742125416	0.773275654004232	0.51
TraesNOR2D03G01150760	-0.0310095909680868	0.0321783392798891	0.944560903140218	0.49
TraesNOR2D03G01151170	-0.252301323900328	0.0364078868915963	0.812918832816083	0.52
TraesNOR2D03G01151180	-0.012331549011667	0.0658678115960819	0.856519104653579	0.44
TraesNOR2D03G01151240	0.121698618862678	0.140116039299543	0.86022561373304	0.58
TraesNOR2D03G01151330	0.507367230845188	0.011650842161359	0.857032989103459	0.51
TraesNOR2D03G01151340	2.21649363886905	-0.10764107167522	0.89322968255327	0.52
TraesNOR2D03G01151430	-1.25330338341814	-0.086999123172132	0.776126865075841	0.53
TraesNOR2D03G01151530	0.683745698218659	0.15104213452151	0.889441059051165	0.57
TraesNOR2D03G01151610	0.140940854183913	0.068323413791938	0.920647964905107	0.53
TraesNOR2D03G01152940	-0.464822954134833	0.026829749368392	0.79136360754928	0.51
TraesNOR2D03G01153010	-0.385427944964062	0.152004255667231	0.772483336320925	0.42
TraesNOR2D03G01153030	0.840742393816073	0.134215479340086	0.955157292937305	0.57
TraesNOR2D03G01153270	0.0519609575049434	-0.0485984400188286	0.805093428081107	0.44
TraesNOR2D03G01153460	-0.520706608869962	0.0188828322175182	0.925911271286927	0.47
TraesNOR2D03G01153540	-1.18510733263745	0.00444230287714992	0.832359307832343	0.47
TraesNOR2D03G01154090	0.00986246410899631	-0.13106364910397	0.869606097200913	0.41
TraesNOR2D03G01154140	-0.495590113197887	0.0632753170586549	0.823622626568936	0.47
TraesNOR2D03G01154240	1.60061445944307	-0.0498099391330742	0.927699814293727	0.47
TraesNOR2D03G01154290	0.600135407012957	0.0552561609533379	0.973947428871193	0.5
TraesNOR2D03G01154300	-0.696320194487748	-0.0387386147018184	0.982724153795309	0.51
TraesNOR2D03G01154390	-1.81262931741662	-0.112526170493678	0.788248726024587	0.57
TraesNOR2D03G01155600	-0.0704474145332324	0.107983699718585	0.874533843227857	0.44
TraesNOR2D03G01156380	-0.661613707407037	-0.0948915769889751	0.813633909206786	0.57
TraesNOR2D03G01157480	0.106175309090697	-0.0240458883664627	0.79837442149002	0.53
TraesNOR2D03G01158030	0.00158673322360646	-0.0922857144502913	0.883685688317538	0.47
TraesNOR2D03G01158160	-0.836572171671269	0.0507402309369331	0.707162977975429	0.53
TraesNOR2D03G01160780	-0.428461998227091	-0.0628221249997587	0.731852368129167	0.49
TraesNOR2D03G01160980	0.56776087375538	-0.00320309727542714	0.843647081419236	0.5
TraesNOR2D03G01161040	0.211104407082491	-0.0803806217838647	0.787548662998308	0.49
TraesNOR2D03G01162130	0.328130025579251	-0.0888420376608818	0.874962871068672	0.46
TraesNOR2D03G01162260	0.566943235633083	-0.0585557940159888	0.940509046483348	0.48
TraesNOR2D03G01162690	-0.016537052701736	0.0668094305277758	0.884729172303074	0.43
TraesNOR2D03G01162760	-0.840214467330422	-0.0742222790644512	0.785064524426968	0.53
TraesNOR2D03G01163130	-0.0147364050349051	-0.117332773549859	0.891817212795644	0.51
TraesNOR2D03G01163340	0.784511216831269	0.110085127550548	0.803745718724409	0.57
TraesNOR2D03G01163530	0.0351467392327833	-0.00363309119155596	0.801497754192426	0.52
TraesNOR2D03G01164480	0.216087387787289	-0.00411182395562682	0.929030146470664	0.49
TraesNOR2D03G01164650	-0.873743036454355	-0.116226311509529	0.826659691935917	0.56
TraesNOR2D03G01165140	-0.0464609450976001	-0.048933495290945	0.853260986820449	0.5
TraesNOR2D03G01165660	0.0222769067503493	0.00996834793919269	0.781130622429468	0.52
TraesNOR2D03G01165890	-0.0373699753954513	0.000604201816033939	0.744197802600994	0.51
TraesNOR2D03G01166300	0.0749853940538452	-0.125202224174351	0.751920921147471	0.48
TraesNOR2D03G01166320	0.182607927561979	0.0314555906169392	0.859499046309379	0.54
TraesNOR2D03G01167930	0.53685284264123	0.0248862913189429	0.711270056452402	0.49
TraesNOR2D03G01168840	0.811753528172927	0.00152434491116132	0.917227275338475	0.51
TraesNOR2D03G01169170	1.33331627601066	0.0578837434554522	0.876510188368873	0.53
TraesNOR2D03G01169670	1.51169214429855	0.00825762419972778	0.68030975981972	0.46
TraesNOR2D03G01170070	0.0715942006847775	0.0478103230192374	0.964262512598496	0.48
TraesNOR2D03G01170250	0.151337735607058	0.00369168177631501	0.872984848638948	0.5
TraesNOR2D03G01170270	0.450274588635983	0.113132803773743	0.787067107538123	0.61
TraesNOR2D03G01170600	0.101464908897412	0.219900982191316	0.740348469721529	0.61
TraesNOR2D03G01171650	0.0283081527445478	0.0800024590074521	0.870223152083826	0.52
TraesNOR2D03G01171670	0.623982361631801	0.0768142814417425	0.81204691402861	0.53
TraesNOR2D03G01172030	-0.0647719192170014	-0.111159985488394	0.819269462799495	0.54
TraesNOR2D03G01172180	0.0610602732176431	0.0171445204624109	0.804192634492642	0.49
TraesNOR2D03G01172190	-0.945677114748411	0.00200092919266064	0.814497295485629	0.52
TraesNOR2D03G01172650	0.124218853490122	-0.002986893670529	0.895511844663701	0.47
TraesNOR2D03G01173820	0.248516971802604	-0.046651238530149	0.832639335035999	0.46
TraesNOR2D03G01175300	1.79326717901428	-0.0220747602394993	0.819154341725495	0.49
TraesNOR2D03G01176130	0.56273038008943	-0.106997444664623	0.808166561301582	0.48
TraesNOR2D03G01176600	-0.218574850802764	-0.062292949119584	0.775172332528533	0.5
TraesNOR2D03G01176610	0.2260234349313	0.0963744735402754	0.839937752465607	0.56
TraesNOR2D03G01178970	1.67816235512386	0.0242362446338848	0.892926849490583	0.49
TraesNOR2D03G01181220	-0.423760614588627	0.0445152116813215	0.916733217185163	0.51
TraesNOR2D03G01182010	-2.17632809651301	-0.086377075555886	0.707781333328403	0.53
TraesNOR2D03G01183400	1.05843996346062	0.0678683015234086	0.857705695157392	0.57
TraesNOR2D03G01185040	0.11776045716753	0.0319538664902986	0.889795271575277	0.56
TraesNOR2D03G01185110	-0.859200923097097	-0.161042838113238	0.844427959902685	0.54
TraesNOR2D03G01185300	-0.705174112788514	0.174795535069113	0.958589910258089	0.46
TraesNOR2D03G01185460	-0.247142667259064	0.193830311232473	0.959951400520389	0.41
TraesNOR2D03G01186240	0.205609548277882	0.113611034134297	0.913978006361819	0.5
TraesNOR2D03G01186270	-2.14914041825756	0.0748209378030267	0.784718439983284	0.48
TraesNOR2D03G01188190	-0.217062952714107	0.0811306775627485	0.80795025325998	0.48
TraesNOR2D03G01189030	0.23985973119552	-0.0512368467096441	0.975945617516836	0.41
TraesNOR2D03G01189720	2.89232806019739	0.168930718914343	0.869109905024874	0.63
TraesNOR2D03G01194010	0.207814315196082	-0.138838384477031	0.963147193187218	0.45
TraesNOR2D03G01195440	-1.02000259981307	-0.053013919817558	0.768978800824141	0.53
TraesNOR2D03G01195500	0.745870688419025	0.0413194351716727	0.884805467553109	0.49
TraesNOR2D03G01195710	-0.151822067088473	0.0586238765165535	0.830948226055664	0.52
TraesNOR2D03G01195790	-2.61554176642231	-0.149894960298049	0.849069555378354	0.58
TraesNOR2D03G01195830	-1.05769859944742	0.0787499686123687	0.82014448693443	0.41
TraesNOR2D03G01195920	0.502885778214672	0.00881715672201846	0.848199712874927	0.48
TraesNOR2D03G01196430	0.432515335138618	0.030253738475477	0.886221668037215	0.47
TraesNOR2D03G01197320	-0.131691124197683	-0.0870566533837624	0.859739912808199	0.57
TraesNOR2D03G01197470	-0.0349040461992626	-0.0769928239513043	0.923970124788638	0.5
TraesNOR2D03G01197940	0.448030958810636	0.0428911413902468	0.832970767600469	0.5
TraesNOR2D03G01198630	0.287064036048829	0.00180859610723978	0.807181293338875	0.48
TraesNOR2D03G01198690	-1.28018524175964	0.0205650047247052	0.96051474253516	0.43
TraesNOR2D03G01198870	1.43019888594119	-0.0714972190265789	0.827087243303496	0.44
TraesNOR2D03G01199230	-1.24514193398382	-0.0337127548319669	0.77622611342401	0.54
TraesNOR2D03G01199310	-0.536072781403294	0.0976505419364322	0.877565163857063	0.47
TraesNOR2D03G01199370	0.96774026172359	0.156305528875632	0.688914363065294	0.57
TraesNOR2D03G01199410	0.0917461747363	0.0502943663141116	0.878018591408665	0.49
TraesNOR2D03G01200680	0.0765136131366021	0.0129970677794871	0.796298510131722	0.58
TraesNOR2D03G01201140	0.738716233270313	0.0714061020756657	0.838782463519468	0.52
TraesNOR2D03G01201730	0.337404665922084	0.0286218338930157	0.869233489025232	0.48
TraesNOR2D03G01201890	0.819639749446413	-0.0255926452107436	0.883688545320766	0.49
TraesNOR2D03G01202200	0.925658526808999	-0.0582433259819182	0.988067502624127	0.48
TraesNOR2D03G01202260	-0.126032504645513	-0.0143383518683516	0.870023055830983	0.5
TraesNOR2D03G01202300	-0.619407171555462	-0.0555497084692402	0.962207971511551	0.54
TraesNOR2D03G01202520	0.00260903529562025	0.124404052883375	0.824402897396244	0.55
TraesNOR2D03G01202820	-0.578176579260827	0.000398530454819224	0.771705502215847	0.52
TraesNOR2D03G01203310	-0.270503372921207	-0.0358642628392646	0.969526435603178	0.55
TraesNOR2D03G01204890	-1.35001591630121	0.0267362194671799	0.92855671456248	0.51
TraesNOR2D03G01204900	-2.5587697641934	-0.00237382385976656	0.793567750100764	0.42
TraesNOR2D03G01205410	0.0396918179534958	0.0307294373749414	0.837671540199364	0.5
TraesNOR2D03G01205920	-2.38970304566504	-0.0384886341121316	0.803590283647687	0.51
TraesNOR2D03G01206800	0.371663043070171	0.108347890040579	0.900017054620586	0.56
TraesNOR2D03G01206900	0.008561130218948	-0.0851327819799633	0.783963513585381	0.47
TraesNOR2D03G01206930	-1.50808156387007	-0.157161525475845	0.89538169006643	0.59
TraesNOR2D03G01207000	0.126676549865673	-0.00512357573736745	0.752201419518612	0.54
TraesNOR2D03G01207010	0.0400041574100006	-0.00532863338173602	0.903133988467259	0.54
TraesNOR2D03G01207430	0.747627526676754	0.0135903217348961	0.933750400928378	0.53
TraesNOR2D03G01207720	-0.163502657801584	-0.0503928833868199	0.940014014940368	0.52
TraesNOR2D03G01208790	0.550221291713919	0.0409326652381613	0.827508080583188	0.56
TraesNOR2D03G01209400	0.0713636331512878	-0.0156279665063214	0.900002701013687	0.5
TraesNOR2D03G01209960	-2.19769949245487	-0.00423973425123394	0.716485091830549	0.54
TraesNOR2D03G01210020	0.709698351530395	-0.000143017363707809	0.747350916336475	0.49
TraesNOR2D03G01210780	1.25555023606312	-0.0111299391921359	1.05270461588351	0.51
TraesNOR2D03G01211070	1.41057735707494	-0.0922513298043521	0.94196699943583	0.48
TraesNOR2D03G01211140	0.84068690600945	-0.0415619003025939	0.899596357591463	0.49
TraesNOR2D03G01211300	0.0222826826165279	-0.0449603475371901	0.807561428818407	0.48
TraesNOR2D03G01211660	-0.391819334516709	0.0424370343392946	0.713030700480724	0.43
TraesNOR2D03G01212190	-0.262608635336098	-0.111124749722589	0.773186032240702	0.54
TraesNOR2D03G01212290	-0.957149079994602	-0.0357575328671262	0.896229393074781	0.46
TraesNOR2D03G01212990	0.217686535113345	0.0694260626142294	0.886651284259446	0.56
TraesNOR2D03G01213380	-0.704034085372026	-0.132654225293321	0.809454681436333	0.54
TraesNOR2D03G01214500	-2.39589392827167	0.0868210401884103	0.857536555125828	0.46
TraesNOR2D03G01215290	-0.370459941226021	-0.0557734650645648	0.814024005898187	0.57
TraesNOR2D03G01215480	-0.598907840169434	0.166597362063589	0.725080680011258	0.44
TraesNOR2D03G01215650	-0.813201751325473	0.0785171649165154	0.891909537466397	0.47
TraesNOR2D03G01215790	1.33236545450126	0.0169425614910221	0.744912191216133	0.5
TraesNOR2D03G01215920	0.195307897517025	0.0357647641757972	0.758805734814378	0.56
TraesNOR2D03G01215970	0.319257916961376	0.019017720127614	0.751689900903697	0.53
TraesNOR2D03G01216230	0.477175881789913	-0.052325143720178	0.957728394939621	0.46
TraesNOR2D03G01216460	0.0297297243976161	-0.0722631826548741	0.940229125599003	0.38
TraesNOR2D03G01216580	1.0033398965877	-0.00204987507312411	0.816619017021168	0.43
TraesNOR2D03G01216860	-0.748594924802275	0.138242793423709	0.850386996013887	0.47
TraesNOR2D03G01217100	0.228750147372118	-0.0488585404426429	0.779043527688976	0.51
TraesNOR2D03G01217590	-1.22768676121094	-0.0977122682500356	0.820097698174397	0.52
TraesNOR2D03G01217670	-0.288673948097898	-0.0492009661723955	0.851905873476306	0.5
TraesNOR2D03G01217960	0.0673635943065109	-0.0889843232172187	0.814208567920419	0.51
TraesNOR2D03G01218560	0.00135498975506451	0.0377228921462862	0.857140676728946	0.54
TraesNOR2D03G01219410	0.0229399633140108	-0.0592787015289695	0.883269845474704	0.45
TraesNOR2D03G01219420	-0.226532145266322	-0.0653713169224196	0.820545674822318	0.57
TraesNOR2D03G01220180	0.0745326445580264	0.0553026189598402	0.808924124374815	0.46
TraesNOR2D03G01220360	0.000763480373587582	0.0465144608210182	0.836678286772452	0.57
TraesNOR2D03G01220380	-1.23423703437805	0.0109222384548216	0.91549760658495	0.48
TraesNOR2D03G01220550	-0.302905697433869	-0.16556942137942	0.865313402927314	0.56
TraesNOR2D03G01220650	-0.00314073082005468	0.248942635451927	0.913132711468408	0.41
TraesNOR2D03G01220660	-0.633450372000284	0.0232489750171027	0.794056156177683	0.47
TraesNOR2D03G01221230	-0.767520828045551	0.00859805245239022	0.835586672170436	0.46
TraesNOR2D03G01221530	0.38029527772243	0.0820957506989416	0.824025916654149	0.54
TraesNOR2D03G01221740	-1.10198240478064	-0.0981479539847395	0.756564295625865	0.54
TraesNOR2D03G01222190	-1.4566674492274	0.0457310244371313	0.86334113821724	0.5
TraesNOR2D03G01223610	1.51049042255742	0.0228643831557006	0.796444106951372	0.5
TraesNOR2D03G01223800	0.614597787719941	-0.0103736342356348	0.869662743180157	0.54
TraesNOR2D03G01223970	0.0297507625471462	-0.110884184589406	0.992252814478337	0.43
TraesNOR2D03G01224090	-1.51127649579563	-0.0567665427355158	0.836573406302672	0.46
TraesNOR2D03G01224280	0.477204084411778	0.0569077820907485	0.758599266201943	0.45
TraesNOR2D03G01224640	0.0163277071714068	0.219963087418363	0.827611432577875	0.57
TraesNOR2D03G01224920	-0.958060390905624	0.0185965017783008	0.848820556547849	0.49
TraesNOR2D03G01225210	0.159557278518177	0.0148876095228542	0.718799742901175	0.44
TraesNOR2D03G01225350	-0.265638539250534	-0.0497565006420569	0.885497814958845	0.5
TraesNOR2D03G01225590	-0.460515669428661	0.0876999925181872	0.991964407637666	0.48
TraesNOR2D03G01226060	-0.874313561033388	0.0791990192191715	0.869517874275164	0.42
TraesNOR2D03G01226140	0.318777733061263	0.029661539427219	0.75806181081483	0.49
TraesNOR2D03G01227520	0.02391154222712	-0.187720319503587	0.85737546359574	0.42
TraesNOR2D03G01227960	0.0414477962453281	0.0658821909865836	0.821591204165297	0.52
TraesNOR2D03G01228150	1.36136121710169	-0.0609995419050658	0.90292708083516	0.42
TraesNOR2D03G01228390	-1.10454067040994	0.119434296044353	0.812615246793257	0.41
TraesNOR2D03G01228480	0.0703169081630705	-0.0874901690371531	0.874866198012984	0.44
TraesNOR2D03G01229080	-1.31627762692249	0.0256403134119723	0.836172926049395	0.48
TraesNOR2D03G01229110	1.76133364656542	-0.0179023626128801	0.976944482889296	0.51
TraesNOR2D03G01229320	1.10427184511706	0.00176528162992762	0.813498451853848	0.55
TraesNOR2D03G01229520	0.17563269762494	0.105192620761065	0.825386645701608	0.56
TraesNOR2D03G01229630	-1.08761710627444	-0.0763278352683296	0.839220786472612	0.54
TraesNOR2D03G01229820	0.720588500427061	-0.162088680153772	0.910619123238334	0.42
TraesNOR2D03G01230010	-1.45935584682287	0.0392644989075548	0.856744265460449	0.54
TraesNOR2D03G01230250	0.722929071143529	0.0454653964596211	0.843392043501394	0.54
TraesNOR2D03G01230840	0.544213551008535	-0.0517068289793666	0.810973584546179	0.46
TraesNOR2D03G01231340	0.312200885205499	-0.161619316365957	0.885944536893382	0.41
TraesNOR2D03G01232510	0.837688771779044	0.0510461819712078	0.802881100849497	0.53
TraesNOR2D03G01233020	1.00063486083575	0.147616098616455	0.862819326445345	0.62
TraesNOR2D03G01233070	0.501945396809475	-0.0919969151665387	0.754364633820105	0.53
TraesNOR2D03G01233550	-0.675651036764326	0.00882789621254636	0.915798174942978	0.52
TraesNOR2D03G01233650	0.0665819665966154	0.0914969305789505	0.883437058181464	0.53
TraesNOR2D03G01234200	-0.356531546836073	-0.0439911292768412	0.830330468927217	0.52
TraesNOR2D03G01234670	-1.47619804959146	-0.0570727193961074	0.919278175857095	0.51
TraesNOR2D03G01235210	0.0509906842656286	-0.0823406644928465	0.864947767561473	0.44
TraesNOR2D03G01235770	1.44937677707617	0.062029688141315	0.762835571246367	0.54
TraesNOR2D03G01236240	0.652185773935525	-0.0236019900760465	0.80755969965066	0.49
TraesNOR2D03G01236400	0.012541702057036	-0.0207381493629457	0.951466434299587	0.49
TraesNOR2D03G01236640	1.21788201250456	0.0517355426951859	0.925681563251447	0.52
TraesNOR2D03G01237370	0.812623899770339	-0.0461010146925402	0.783968676009971	0.44
TraesNOR2D03G01237740	0.777293613048201	-0.0693484488628811	0.905089257602843	0.46
TraesNOR2D03G01238020	2.10218020327796	-0.000932016208779167	0.819584485010215	0.53
TraesNOR2D03G01238030	-0.301158815211386	-0.0343869571981143	0.829158446442411	0.48
TraesNOR2D03G01238140	-0.0384248533585765	0.0823893968231998	0.769639748157433	0.49
TraesNOR2D03G01238740	-0.313405254512053	-0.107771302321427	0.861456992991709	0.51
TraesNOR2D03G01240850	0.55304627143055	-0.106111232535047	0.923347134419134	0.43
TraesNOR2D03G01242330	0.390829258978899	0.0162614049192934	0.782958937431256	0.46
TraesNOR2D03G01242460	-1.14888348741931	-0.0233220465863227	0.841025155656048	0.49
TraesNOR2D03G01243240	0.124972358805115	0.0709920129570462	0.840884900867108	0.48
TraesNOR2D03G01244170	0.139288237177779	-0.0338520559121794	0.812318460455498	0.47
TraesNOR2D03G01244280	0.322334096819587	0.0682151076661735	0.762345550866376	0.58
TraesNOR2D03G01245590	0.635984242452128	0.0887696821938024	0.76899227776116	0.47
TraesNOR2D03G01246420	-0.363973264066802	-0.124470511902917	0.978888483528271	0.55
TraesNOR2D03G01246500	-0.678731291523328	0.0544801429207358	0.823469554570487	0.43
TraesNOR2D03G01247200	-1.77916502406998	0.0257630579548225	0.826838683580916	0.51
TraesNOR2D03G01247750	0.533564888818624	0.0484010571248954	0.890273945249308	0.55
TraesNOR2D03G01248610	0.141914983812937	-0.118028902112882	0.809935627876903	0.44
TraesNOR2D03G01248920	0.0968105368225111	0.00343889764340164	0.779505694943045	0.48
TraesNOR2D03G01248950	-0.00294515108806085	0.0368764374380059	0.795300002064246	0.55
TraesNOR2D03G01249600	1.41510229385556	-0.088678786744417	0.822517714760775	0.47
TraesNOR2D03G01250450	0.0897811253614971	-0.0460720256990413	0.846253645113486	0.54
TraesNOR2D03G01250630	1.56955424834811	-0.0104651620703448	0.799989756619874	0.55
TraesNOR2D03G01252210	0.0880756919366407	0.109314709470973	0.968846770101088	0.55
TraesNOR2D03G01252950	0.117653701433875	0.0400929759982543	0.895929050728881	0.52
TraesNOR2D03G01253420	-1.2561993750296	0.0674123383266974	0.798999956708404	0.49
TraesNOR2D03G01253890	0.0864016292709043	0.055243692380141	0.810946047221561	0.52
TraesNOR2D03G01254500	-0.257598157796239	0.0794374665790978	0.811725597874649	0.42
TraesNOR2D03G01255350	0.133058277201355	0.0831682136180222	0.976556943164839	0.51
TraesNOR2D03G01256220	0.21339843567482	-0.0676831181219885	0.763292781942092	0.42
TraesNOR2D03G01256400	-0.446525935946331	-0.00913274748303229	0.871782169050325	0.51
TraesNOR2D03G01256460	-0.36860745691193	-0.0745193714448079	0.951660499394674	0.52
TraesNOR2D03G01257500	-0.545520407442442	0.165235490038447	0.942348377948038	0.46
TraesNOR2D03G01258090	-1.54813152585287	-0.031540599188371	0.900121738761158	0.5
TraesNOR2D03G01260030	0.0312903044534014	-0.0841558153726429	0.868418294602904	0.48
TraesNOR2D03G01260160	0.638063590240135	0.0343976564714659	0.87575824382342	0.52
TraesNOR2D03G01260230	0.756568644973767	0.0601033414884684	0.872277215879121	0.56
TraesNOR2D03G01260530	0.923927531591043	0.012757039004608	0.755797701517382	0.53
TraesNOR2D03G01261860	-0.00869533988177395	0.0465249179500463	0.701791679057381	0.5
TraesNOR2D03G01262340	-0.0932485757851009	-0.197862976866391	0.83537584852713	0.61
TraesNOR2D03G01262710	2.04474564738275	0.0195236680095973	0.906340967015656	0.53
TraesNOR2D03G01262940	-0.653044877915726	0.0805178165418885	0.862287190844137	0.48
TraesNOR2D03G01263840	-1.8651336357	-0.0247949653318016	0.82882871024502	0.57
TraesNOR2D03G01264810	-0.0411359380102122	0.0904795480282648	0.863167654460004	0.45
TraesNOR2D03G01264910	0.0498075290330639	0.0201879455576983	0.817561265338907	0.55
TraesNOR2D03G01265000	1.15240039096983	0.0177794892838319	0.946237647148162	0.49
TraesNOR2D03G01265370	-0.800689912967215	-0.0172963091883747	0.849404912838627	0.5
TraesNOR2D03G01265410	0.537884027891271	-0.0465534747195453	0.827531429327585	0.54
TraesNOR2D03G01266410	0.00123153214339385	0.00143307923508931	0.946112584506819	0.41
TraesNOR2D03G01266810	0.0810292154456088	-0.0720720327779054	0.784204842787967	0.51
TraesNOR2D03G01266830	-1.77602260879965	-0.0351188795419796	0.833535502081202	0.45
TraesNOR2D03G01267720	0.76521857531009	-0.0348960608347674	0.827550560271342	0.5
TraesNOR2D03G01267780	0.85071540855582	-0.101792403182618	0.862060242760991	0.45
TraesNOR2D03G01268540	0.184327305285858	0.0444711551264853	0.843330134521712	0.49
TraesNOR2D03G01269570	0.0533688820003373	-0.17651756326097	0.813061822053469	0.43
TraesNOR2D03G01270220	0.0359314871593919	-0.0271497328590037	0.98786190186366	0.5
TraesNOR2D03G01270300	-0.46737731439612	0.107163688609787	0.937928742565135	0.48
TraesNOR2D03G01270780	-0.0415683470342344	-0.0162155389765567	0.686297776372814	0.48
TraesNOR2D03G01270790	0.0618485804121955	-0.0881294383844037	0.751641859117481	0.44
TraesNOR2D03G01270840	-1.04723693723073	0.0490080965279955	0.698987255908216	0.45
TraesNOR2D03G01274110	0.691202402585105	0.258299345664858	0.880375763929286	0.59
TraesNOR2D03G01275720	0.0989373329658449	0.0245649837753092	0.819470597875686	0.47
TraesNOR2D03G01275800	-0.235431359333172	-0.0137993180161268	0.800517224045449	0.5
TraesNOR2D03G01275910	1.02881317905041	-0.00706463858426682	0.919668725283414	0.55
TraesNOR2D03G01278030	0.668610930993329	0.0719789350045124	0.808496443614355	0.52
TraesNOR2D03G01279150	0.818463948798157	-0.00364897761579166	0.890277553936627	0.49
TraesNOR2D03G01279820	0.0676314801238155	0.0357197561186701	1.00518484405953	0.6
TraesNOR2D03G01281060	0.00382523305533199	-0.0119033244705388	0.883785075490031	0.45
TraesNOR2D03G01281100	1.34258916661932	0.024086022800686	0.799963062757007	0.52
TraesNOR2D03G01281140	-0.982297025491102	0.0510113600568226	0.889713067734969	0.54
TraesNOR2D03G01281540	1.1489647599793	0.167955231453538	0.96238364796174	0.58
TraesNOR2D03G01281960	0.12432695754964	-0.0140417941911109	0.955746807676431	0.44
TraesNOR2D03G01282490	-0.286562623280241	-0.0783111317540301	0.806060915111971	0.5
TraesNOR2D03G01283390	0.403489570800319	-0.0100322129044253	0.967462451085447	0.51
TraesNOR2D03G01284530	-0.265524255168293	-0.0473916271317444	0.785276095056204	0.5
TraesNOR2D03G01284930	0.816276354769358	0.0647138897031445	0.87169090938856	0.54
TraesNOR2D03G01285370	-0.00312120653339927	-0.118074360692736	0.82798126266529	0.53
TraesNOR2D03G01286210	-0.81409794893696	-0.0222472864453135	0.911011401325902	0.5
TraesNOR2D03G01286370	0.305451406515822	0.0194923707147464	0.713493129601065	0.5
TraesNOR2D03G01286490	-0.497109686866554	-0.0206084873623593	0.81173252575675	0.46
TraesNOR2D03G01288350	0.0608941723669574	-0.193801561486144	0.847453738815282	0.46
TraesNOR2D03G01288460	1.02412015217671	0.0639313791054626	0.859556492942572	0.5
TraesNOR2D03G01288590	-1.3402275682952	-0.0257033386187796	0.752413574522662	0.47
TraesNOR2D03G01288820	0.295047063303866	-0.0197407668202905	0.863609072749458	0.52
TraesNOR2D03G01289100	-2.2394540619849	-0.104880747563953	0.781577188217473	0.58
TraesNOR2D03G01289180	-0.611333049080248	-0.0981196809699667	0.812765085558783	0.53
TraesNOR2D03G01289620	0.571549604797363	0.0327163280736367	0.846566444635317	0.47
TraesNOR2D03G01289900	-0.929147011056927	0.115743989307319	0.803981404112037	0.44
TraesNOR2D03G01289930	0.181037929524686	-0.0302638853278361	0.888609615531345	0.52
TraesNOR2D03G01290880	1.04534825358814	-0.0389337014831501	0.778211214594835	0.48
TraesNOR2D03G01291910	-0.0169075947205824	0.0800857177600759	0.820882407835865	0.46
TraesNOR2D03G01291970	-1.00459856827244	-0.0272878836263764	0.857817408128116	0.5
TraesNOR2D03G01292000	0.126401517935526	-0.0677523057494917	0.709518029940852	0.49
TraesNOR2D03G01292420	1.35124863052108	-0.136167024124835	0.980283149992337	0.43
TraesNOR2D03G01292430	0.0492306007072208	0.0728340050648494	0.75756883521795	0.54
TraesNOR2D03G01292640	1.61407859987305	0.0227885080594265	0.758772760828744	0.54
TraesNOR2D03G01293520	1.77091947572235	-0.0398048867788891	0.890042883754653	0.51
TraesNOR2D03G01293920	0.135910682392187	-0.0995874758800005	0.994971523554214	0.47
TraesNOR2D03G01295100	-0.0127026788327912	0.0783439397391095	0.695278316487054	0.45
TraesNOR2D03G01295530	-0.574171865355901	0.0696820470902443	0.877726171565358	0.48
TraesNOR2D03G01297390	0.145111904704258	0.072650505034532	0.837306324068776	0.57
TraesNOR2D03G01297730	1.57189263174785	-0.0533188677101615	0.853802087227118	0.52
TraesNOR2D03G01297800	0.309326668363134	-0.10813246471214	0.714740546305308	0.44
TraesNOR2D03G01298060	-1.15944570155401	0.0222667237203008	0.76958432303117	0.48
TraesNOR2D03G01298100	0.0709815887008172	0.16179472005624	0.920367196393874	0.6
TraesNOR2D03G01298590	0.452461637613941	0.0352789464234557	0.900819010499061	0.47
TraesNOR2D03G01298600	-0.296848962189809	-0.0755830928676279	0.835533151068707	0.54
TraesNOR2D03G01298610	0.182158295895449	0.206442336334854	0.98212167983968	0.6
TraesNOR2D03G01298760	1.32632137340341	0.0849792002825798	0.754806786370634	0.49
TraesNOR2D03G01299870	0.338951520886545	-0.00182816564690743	0.864857536119403	0.49
TraesNOR2D03G01300110	0.883769607792679	0.0135789750938691	0.866148965866473	0.53
TraesNOR2D03G01300970	-0.0376824021614245	0.0564475031991631	0.814366688381123	0.52
TraesNOR2D03G01301350	1.04226127049728	0.0331600485464181	0.725252408533517	0.5
TraesNOR2D03G01302000	-0.714199235525815	0.00685915730542302	0.689851551947651	0.51
TraesNOR2D03G01303340	-1.94832005354883	-0.0678518655440118	0.72643505527536	0.56
TraesNOR2D03G01305060	-1.07014206233376	-0.0148798827323858	0.869836575570835	0.46
TraesNOR2D03G01305740	-0.298985480102576	0.10105252526747	0.955668514520647	0.45
TraesNOR2D03G01306140	0.00463052096702339	0.0630353969656476	0.894829215606823	0.56
TraesNOR2D03G01306370	0.98921126127355	0.0613496988652643	0.834376689389947	0.46
TraesNOR2D03G01308350	-0.955073952740694	0.0184732929760536	0.891905025067754	0.55
TraesNOR2D03G01308370	0.0118879262130192	0.00580294403270188	0.73927622697587	0.45
TraesNOR2D03G01309660	0.260018414159084	0.151043579667369	0.693175202660844	0.56
TraesNOR2D03G01309960	0.0630932314279395	0.0341692448185746	0.796429640140502	0.54
TraesNOR2D03G01312300	-0.056277809448447	-0.0157317784164115	0.827299789534943	0.52
TraesNOR2D03G01313950	-0.879595889308496	0.078001207947516	0.820062955662401	0.44
TraesNOR2D03G01313970	-1.09584082105634	-0.23784334065771	0.808630602105174	0.56
TraesNOR2D03G01314180	-0.00697780928474465	0.103133380694488	0.888547345704201	0.47
TraesNOR2D03G01314580	0.810665307154667	0.135101700655276	0.899732218325786	0.59
TraesNOR2D03G01314630	0.798136698646606	-0.12757905967427	1.00816738274281	0.44
TraesNOR2D03G01315170	0.85878788024111	0.134392314340799	0.866438730867179	0.58
TraesNOR2D03G01315270	-2.17452538832809	-0.0946272710431715	0.81098470379208	0.53
TraesNOR2D03G01316150	0.799833910993226	-0.171923082943961	0.793054480406246	0.43
TraesNOR2D03G01317280	-1.69159384933755	0.047470504771088	0.886805809115898	0.47
TraesNOR2D03G01317620	-1.19057667885957	-0.0561965586403305	0.868744640526692	0.52
TraesNOR2D03G01317830	-0.365641718098147	-0.125933680234942	0.807041480808575	0.54
TraesNOR2D03G01318030	0.178070192279831	0.0961653067138787	0.880492192012112	0.49
TraesNOR2D03G01319390	0.0533822251570721	0.0086010324229209	0.800860350896599	0.57
TraesNOR2D03G01320670	-0.851769898126617	-0.0607064638634934	0.741131325388445	0.46
TraesNOR2D03G01320700	-0.0507009497709307	0.142665544768334	0.73542285724341	0.45
TraesNOR2D03G01320740	-1.82587316827902	0.0755106814837567	0.819556089085367	0.43
TraesNOR2D03G01321020	0.0544598757573186	0.0133222210878409	0.695858476596646	0.57
TraesNOR2D03G01321410	-0.24866125367334	-0.0333056395383796	0.863418218967793	0.48
TraesNOR2D03G01322820	-0.0104444037113129	-0.0728167447817652	0.757881571978594	0.55
TraesNOR2D03G01323930	-0.0065229608308676	-0.0307927580012472	0.834580721359878	0.6
TraesNOR3A03G01324690	-1.26406584028087	-0.0155479606001642	0.813265828803981	0.49
TraesNOR3A03G01325180	0.632356144757126	0.0402964865812065	0.73439058450888	0.57
TraesNOR3A03G01325190	-0.187855725578336	0.0436038330799126	0.807354736721916	0.5
TraesNOR3A03G01328800	-0.460591601253534	-0.0831289875988117	0.770939498841099	0.51
TraesNOR3A03G01331350	-0.0902132992614172	-0.0397956814222428	0.821118911740672	0.52
TraesNOR3A03G01331660	-0.735505945256633	-0.0846030048243218	0.78082766604235	0.61
TraesNOR3A03G01331670	-0.559499318213091	-0.102936401805242	0.753238792144944	0.59
TraesNOR3A03G01332300	-0.479332024962468	0.0672869395518291	0.84864783811498	0.43
TraesNOR3A03G01332380	0.998031929701776	0.0760533853791142	0.716197462450277	0.54
TraesNOR3A03G01333020	1.08031922155816	0.256398093437363	0.835856991511839	0.63
TraesNOR3A03G01336940	0.254640369160007	0.0269265769023987	0.783589932322811	0.58
TraesNOR3A03G01337450	-0.476076103391789	0.143939455489948	0.81904601138995	0.35
TraesNOR3A03G01338200	-0.665032597215336	0.123634039752808	0.886542827534363	0.41
TraesNOR3A03G01338870	-0.270906924880906	0.0247352910795823	0.856741486597042	0.47
TraesNOR3A03G01339110	-0.0913899167849315	0.0291896502272411	0.942384028099744	0.44
TraesNOR3A03G01340420	0.507069368656508	-0.170333299012815	0.859234814194905	0.38
TraesNOR3A03G01342390	0.620817989247013	-0.0178628185571783	0.828659318809822	0.55
TraesNOR3A03G01344960	1.11943105142671	0.0734732849793997	0.97531731409254	0.56
TraesNOR3A03G01346650	-0.968560111466062	-0.0151714042304278	0.790781824324265	0.51
TraesNOR3A03G01346990	-0.0836172197191217	-0.0911901287140783	0.782408358564268	0.48
TraesNOR3A03G01349400	1.32601731171418	-0.024978480275027	0.84499537209858	0.49
TraesNOR3A03G01349410	0.0386847114729306	-0.0549379151193294	0.74607680362853	0.45
TraesNOR3A03G01350100	-1.94059437689414	0.11582682329637	0.755136008912268	0.45
TraesNOR3A03G01350260	0.00404560356682368	0.0445333470575618	0.762037148657703	0.5
TraesNOR3A03G01350440	-0.296754258008284	-0.0468186747209041	0.872628324816938	0.54
TraesNOR3A03G01353690	0.396552128736174	-0.0169848104256193	0.797503753615147	0.57
TraesNOR3A03G01353920	0.00513916831956992	0.0926067917768724	0.826101251245719	0.52
TraesNOR3A03G01354270	-0.0834403401439351	0.0138341190846867	0.760819759262695	0.48
TraesNOR3A03G01354410	0.306741617935671	0.0219019246908567	0.772645228194917	0.47
TraesNOR3A03G01354770	0.306399515847899	-0.0255267903609678	0.919392475663824	0.53
TraesNOR3A03G01356380	-1.07311040568413	0.0314994650466452	0.840588809767713	0.43
TraesNOR3A03G01358650	1.3229606578843	0.00687490971558832	0.776188372967862	0.45
TraesNOR3A03G01359760	-0.640652311777472	-0.0450415233731639	0.785991491721884	0.49
TraesNOR3A03G01361360	1.14782853299087	0.0561965687101396	0.805761960081463	0.52
TraesNOR3A03G01361830	-1.3829296261977	0.0786373143350429	0.853164989352232	0.46
TraesNOR3A03G01365370	-1.94457197655077	0.10906471509619	0.870955594314569	0.51
TraesNOR3A03G01365520	0.574470679895722	0.139576295669497	0.826921364598481	0.54
TraesNOR3A03G01366680	-1.24771189744794	-0.0981038457673545	0.692072975947421	0.53
TraesNOR3A03G01367610	1.46482689849012	-0.0206436689126498	0.795236089981673	0.5
TraesNOR3A03G01368630	-0.23629267899843	-0.0282375246221723	0.954282358394483	0.5
TraesNOR3A03G01370340	-0.122836731816254	-0.0253728555950031	0.733024593527018	0.53
TraesNOR3A03G01370600	-0.470671457297199	-0.0451209828766636	0.826042396836058	0.54
TraesNOR3A03G01370680	-1.36446664878603	0.187120268698268	0.825090818790722	0.46
TraesNOR3A03G01370690	-0.2618984855224	0.21474307207445	0.834843693632265	0.42
TraesNOR3A03G01370880	0.812632816300828	-0.0731110498664503	0.896173260190406	0.41
TraesNOR3A03G01371880	-1.16981882016033	0.00808326584992978	0.849049449169469	0.51
TraesNOR3A03G01373770	1.22046071967185	-0.025032689083623	0.825945182798289	0.49
TraesNOR3A03G01376310	0.098355501492804	-0.00893262151340103	0.750282864661346	0.44
TraesNOR3A03G01376620	-0.996250501738896	0.0380325538107868	0.681016602830794	0.46
TraesNOR3A03G01376780	-1.39138237483152	0.036946648466248	0.911073276261088	0.54
TraesNOR3A03G01376860	0.505596933064519	0.103501743973693	0.85188946105286	0.54
TraesNOR3A03G01377180	0.0137184431711292	-0.118231779913417	0.878571856781226	0.45
TraesNOR3A03G01378590	-0.470238021792407	0.00126943098675898	0.79210981653013	0.53
TraesNOR3A03G01378690	1.61152761497876	-0.0614594174867405	0.840695592992489	0.48
TraesNOR3A03G01378850	-0.189512563461776	0.0045352275923975	0.861561017387454	0.55
TraesNOR3A03G01380840	0.921058814207208	0.176849557085032	0.930027142223587	0.53
TraesNOR3A03G01383320	-1.46755847833879	-0.140324502376266	0.852130927464702	0.54
TraesNOR3A03G01383340	0.168865860254149	0.048204600587314	0.77905241509228	0.47
TraesNOR3A03G01385250	-0.819769393870972	0.00357993927720199	0.911651522812248	0.5
TraesNOR3A03G01388330	-0.0691184007825483	0.0170647221738003	0.738170931362485	0.43
TraesNOR3A03G01389520	-0.360001917801433	0.159076846541155	0.807760656276057	0.45
TraesNOR3A03G01395220	0.270956798712316	0.0348437060609231	0.946171267001552	0.45
TraesNOR3A03G01398860	-0.672418686162621	-0.104373662819724	0.763380730249121	0.49
TraesNOR3A03G01399430	-0.223171255945921	0.0646498023745205	0.699862934005652	0.43
TraesNOR3A03G01399970	0.157149889714949	0.158103383864455	0.858202368961374	0.62
TraesNOR3A03G01400060	-0.536888588896964	0.0789412369482378	0.931323210343377	0.47
TraesNOR3A03G01400530	1.13294721410881	0.057689840210006	0.825565591896671	0.59
TraesNOR3A03G01401010	1.35880084189996	0.127178014606264	0.895419188061138	0.51
TraesNOR3A03G01402290	-0.335160396688955	-0.00902187000092384	0.927954284821538	0.53
TraesNOR3A03G01403720	1.2099393500241	0.0126789141130279	0.863726261134914	0.5
TraesNOR3A03G01404110	-0.0275196088333663	0.0635302116370222	0.813543522179356	0.46
TraesNOR3A03G01404520	-1.9391119169543	0.0238725714145075	0.776187010317298	0.49
TraesNOR3A03G01405030	0.710639364840464	-0.0305887234655744	0.975612572761411	0.44
TraesNOR3A03G01407590	0.0248020845931478	0.0793149169134216	0.894162133973014	0.55
TraesNOR3A03G01412670	-1.2403176395853	-0.147480563262595	0.742414355271658	0.61
TraesNOR3A03G01413020	0.316367316483545	-0.040859279972939	0.87291677262405	0.47
TraesNOR3A03G01414500	-0.0447800193237686	0.0846484422695185	0.851112674990135	0.51
TraesNOR3A03G01421230	1.15366323529246	0.122390732447579	0.825304451290349	0.54
TraesNOR3A03G01424550	0.791872678045153	-0.0171817576257083	0.835667635027493	0.51
TraesNOR3A03G01424870	2.08120574817199	-0.0357726787941481	0.804043585925974	0.44
TraesNOR3A03G01426750	0.537478930180548	0.102972370202178	0.853086710148843	0.56
TraesNOR3A03G01427630	0.026175798678429	0.026404858434183	0.802085828205863	0.51
TraesNOR3A03G01428070	-0.0440289228530824	0.0513643502352982	0.875089784936069	0.48
TraesNOR3A03G01428600	1.02380955679277	0.115236107980296	0.77903293456747	0.57
TraesNOR3A03G01429200	-0.408039801767542	0.16806409556099	0.723738333914825	0.5
TraesNOR3A03G01429660	0.564004153042293	-0.0234725206363725	0.851895631392355	0.49
TraesNOR3A03G01431670	0.345454084534912	-0.0674247842530924	0.80414006789686	0.48
TraesNOR3A03G01434150	0.808200629195201	0.148199434654261	0.753978191011586	0.54
TraesNOR3A03G01436090	0.618780647236038	-0.118111791486321	0.751819882767574	0.43
TraesNOR3A03G01438450	0.25229149362396	-0.00454981027897148	0.930397213499022	0.5
TraesNOR3A03G01441820	-0.915617023226072	-0.0518671582201111	0.851176413528024	0.53
TraesNOR3A03G01442180	0.393665356291427	0.0669841421765688	0.746471787306291	0.56
TraesNOR3A03G01442660	0.421759426233302	0.00154415288037311	0.741524608726907	0.43
TraesNOR3A03G01444220	1.12032357847691	0.0689867577268736	0.801299276703136	0.51
TraesNOR3A03G01445320	0.0220940465775272	0.0919481028262199	0.877821960936279	0.55
TraesNOR3A03G01447010	-0.131314351262494	0.086608379883578	0.882780086620319	0.51
TraesNOR3A03G01447320	0.555564067712155	0.0204139358908829	0.817721672646216	0.53
TraesNOR3A03G01447550	0.651564846293578	-0.00620782745703115	0.820588005578497	0.52
TraesNOR3A03G01447910	0.151375770222595	-0.00244401379615458	0.910301773417991	0.51
TraesNOR3A03G01448270	-0.0103306321797344	0.0747318379386998	0.919344849220278	0.48
TraesNOR3A03G01448550	-0.395793554503957	0.0656061365952231	0.783668202789319	0.46
TraesNOR3A03G01449110	0.264552970693675	-0.0946295267214432	0.805252917260984	0.41
TraesNOR3A03G01450180	-0.265858671521058	0.00517238883520117	0.956094969184814	0.47
TraesNOR3A03G01450570	0.452149557963758	0.0342970974583143	0.790591014341049	0.47
TraesNOR3A03G01450750	0.0231980970414718	-0.167157154241913	0.802673615050369	0.44
TraesNOR3A03G01450950	-0.0141119224858515	-0.0429071188712079	0.900384058393579	0.49
TraesNOR3A03G01451640	-1.3384518880442	-0.119639394388942	0.941660621970023	0.58
TraesNOR3A03G01452030	0.339776355113168	-0.110656185252213	0.870920998511229	0.48
TraesNOR3A03G01453110	-0.409455622899764	-0.0696020750284126	0.899724768161006	0.53
TraesNOR3A03G01455160	0.373697004849271	0.0977295958611519	0.867282690940903	0.52
TraesNOR3A03G01455230	-0.52013524281627	-0.0110546537957954	0.793751017491572	0.52
TraesNOR3A03G01455290	1.16649407303328	0.155350797602256	0.856061432720016	0.57
TraesNOR3A03G01456560	1.50265512686659	-0.00688235319520729	0.880416812246171	0.51
TraesNOR3A03G01457680	-0.00736039621873586	-0.0283365610080526	0.874557657412908	0.5
TraesNOR3A03G01457880	0.121443832029996	0.00972491119787622	0.829091874604382	0.48
TraesNOR3A03G01458080	-0.308717364108991	-0.0823643604620832	0.802302269695971	0.57
TraesNOR3A03G01458090	-0.0140622830686511	-0.0591927474466269	0.812419316518381	0.5
TraesNOR3A03G01458330	-1.80726635874662	0.189199175700216	0.933915918670023	0.44
TraesNOR3A03G01458590	-0.623066371068904	0.00134946562154893	0.861719096980352	0.49
TraesNOR3A03G01458920	2.19933302588614	0.120869149027754	0.761426169642304	0.56
TraesNOR3A03G01460300	-0.320375372190219	-0.0507637229622308	0.869175066783869	0.52
TraesNOR3A03G01460680	0.85346872637367	0.152029707661346	0.883410112173325	0.58
TraesNOR3A03G01461080	0.109182363146844	0.0219796132351979	0.87119275169365	0.54
TraesNOR3A03G01461430	1.47574407170133	0.0715008618462446	0.776117929006959	0.61
TraesNOR3A03G01462160	0.909963742296677	-0.048605003866489	0.748663490595668	0.45
TraesNOR3A03G01462340	-1.42206123546216	0.00276261038647572	0.869439103713602	0.52
TraesNOR3A03G01464500	-0.385707912838007	-0.134600089311828	0.876813196649137	0.56
TraesNOR3A03G01464650	-0.347260801708291	-0.072190009680317	0.833330584054217	0.6
TraesNOR3A03G01464880	-0.0195742511147457	0.102020480021633	0.726686119115971	0.47
TraesNOR3A03G01464990	1.06619042564695	0.0572751866409631	0.798908780143723	0.51
TraesNOR3A03G01465830	-0.935360827587529	0.00898622939838758	0.810687004931086	0.47
TraesNOR3A03G01465930	0.528298354042968	-0.00533187883279627	0.763426057591964	0.52
TraesNOR3A03G01466450	-0.267434728061553	0.0325252155857437	0.788558505803418	0.49
TraesNOR3A03G01466950	0.916892889633057	0.142345329108291	0.839400943478032	0.56
TraesNOR3A03G01467220	0.329039721307354	-0.017824542745181	0.882073122448078	0.54
TraesNOR3A03G01471590	0.533513550797013	-0.0350554148008958	0.761420906226697	0.47
TraesNOR3A03G01471990	0.321733438825805	-0.120558949966819	0.959775133944846	0.45
TraesNOR3A03G01472840	0.0521557622708199	-0.0716946097377259	0.87672462470872	0.43
TraesNOR3A03G01473360	-0.825680899784624	0.03176379164878	0.838584457963317	0.49
TraesNOR3A03G01473600	0.0589009090493658	0.114392170787864	0.885626587564459	0.55
TraesNOR3A03G01473790	0.444878157047914	0.0578574744311561	0.769291933382427	0.51
TraesNOR3A03G01478200	-0.951583866185538	0.116481559218392	0.802757148208018	0.42
TraesNOR3A03G01478470	-0.91261594577052	-0.0423712393289354	0.747450800948947	0.49
TraesNOR3A03G01479460	1.31140002208087	0.121088573953507	0.851575599448957	0.52
TraesNOR3A03G01480520	1.01920975192339	0.00557350037951158	0.765113956149072	0.53
TraesNOR3A03G01480710	-0.280004527641313	-0.018503632124125	0.776739757543495	0.52
TraesNOR3A03G01481710	-0.0920865185574554	-0.0140942099597819	0.758905154628242	0.52
TraesNOR3A03G01484640	0.486643204419006	-0.0137700469038887	0.728517842141579	0.49
TraesNOR3A03G01485370	-0.581469412733073	0.000545848605959275	0.711675809340303	0.53
TraesNOR3A03G01485380	0.500326859884094	-0.0802804870329929	0.799316459610873	0.51
TraesNOR3A03G01485500	-0.484690158976841	0.0512264898496857	0.689574299671653	0.47
TraesNOR3A03G01485980	-0.217619567906811	0.0471746862810916	0.73666289701515	0.46
TraesNOR3A03G01488490	-0.707825784916953	-0.120891430343152	0.923821786991705	0.64
TraesNOR3A03G01488860	-0.28332098966624	0.0433985317368176	0.820743850699398	0.5
TraesNOR3A03G01490410	1.24455326821449	-0.0984707071879064	0.776710187107509	0.47
TraesNOR3A03G01491110	0.204408686124885	-0.0225754108613778	0.917237802865786	0.56
TraesNOR3A03G01492180	-0.190982100179066	0.0887291393051287	0.80328137055155	0.53
TraesNOR3A03G01492760	0.345220439309608	-0.117271604297221	0.862868421991714	0.46
TraesNOR3A03G01493810	0.729301886776816	0.0782435219743656	0.827432758619599	0.55
TraesNOR3A03G01493910	-0.164390656154784	-0.0380579708217347	0.996706114586907	0.51
TraesNOR3A03G01494760	-0.0374997329316011	0.025210152450739	0.789842468354485	0.53
TraesNOR3A03G01494970	0.648905400363486	0.0647302077145645	0.897557794894063	0.48
TraesNOR3A03G01496130	0.0232275720162768	0.083296867726493	0.890232411851357	0.5
TraesNOR3A03G01496360	0.373443692436191	0.101979397530919	0.784631290252872	0.51
TraesNOR3A03G01496980	0.258150420112427	0.045122506748587	0.799741931113538	0.5
TraesNOR3A03G01497550	0.0196179562232279	-0.10772085068064	0.861542656938864	0.41
TraesNOR3A03G01497710	1.61152730151628	0.0409561178409293	0.91448732730002	0.53
TraesNOR3A03G01498230	-0.0349335573365297	-0.0493738504643691	0.845025852108816	0.5
TraesNOR3A03G01499640	-0.480367997929246	0.06041325691849	0.78187941299371	0.45
TraesNOR3A03G01499730	-0.120079298365038	0.0525822474975355	0.762385559418087	0.51
TraesNOR3A03G01502440	1.25929892362092	-0.0147172321419001	0.882783594307578	0.47
TraesNOR3A03G01503370	0.00894361734137438	0.0765861116538997	0.911720663738265	0.57
TraesNOR3A03G01504280	0.050581735131634	0.103423294607716	0.754842564035298	0.59
TraesNOR3A03G01504400	-0.0639706088013946	-0.0257909840222585	0.791349619396465	0.5
TraesNOR3A03G01504690	0.521820081439285	0.032006789346746	0.877721034369966	0.47
TraesNOR3A03G01506210	0.697583733255242	0.214712032758143	0.752817383755341	0.57
TraesNOR3A03G01506240	0.234222499236733	0.0127926133280358	0.911161253539202	0.5
TraesNOR3A03G01506840	0.18337253868039	-0.0149454502592218	0.885381776436856	0.43
TraesNOR3A03G01506850	0.101009390755452	0.0134788800691454	0.853520900301634	0.54
TraesNOR3A03G01508160	-0.146505847841644	-0.200559256315331	0.873294922255876	0.58
TraesNOR3A03G01510370	0.2716079856272	-0.109347933237857	0.80814670398097	0.45
TraesNOR3A03G01510390	0.962353270205991	-0.00982848441501407	0.817844122708523	0.55
TraesNOR3A03G01512050	0.938880878977536	-0.0638634998038937	0.769540246403987	0.44
TraesNOR3A03G01512820	1.38726481008185	0.0976913672374549	0.857060417180343	0.56
TraesNOR3A03G01513310	0.503241589450703	0.0849746469862625	0.767872935964825	0.53
TraesNOR3A03G01514180	0.355358468242269	0.0587313547448038	0.834115263053466	0.54
TraesNOR3A03G01515310	-0.972469935636222	0.049658887638311	0.744131863847128	0.49
TraesNOR3A03G01516200	0.063587747116444	0.0083855397010959	0.80609404752192	0.56
TraesNOR3A03G01518160	-0.584891261271554	-0.117434960135865	0.832063261868101	0.57
TraesNOR3A03G01526760	1.10318142806903	0.0827871132885607	0.780149292596668	0.62
TraesNOR3A03G01527210	0.40397008163099	0.158166420224184	0.895770004926476	0.57
TraesNOR3A03G01527440	1.25383090233147	0.156421952643717	0.769428572869615	0.66
TraesNOR3A03G01527450	-0.406899600040258	0.0771125107744877	0.847383562697267	0.47
TraesNOR3A03G01527950	0.330849114029846	-0.0144192044246813	0.963396323530185	0.47
TraesNOR3A03G01528760	-0.44451820697476	-0.174702708816036	0.936967998383789	0.53
TraesNOR3A03G01530370	1.7145364803049	0.00885917007902937	0.784614812226935	0.5
TraesNOR3A03G01531690	0.296107138735615	0.0762545378624495	0.899546475601546	0.49
TraesNOR3A03G01531880	-0.0687401207379274	0.0475636573004499	0.726499693790217	0.46
TraesNOR3A03G01532240	-1.12890282388389	-0.0269858856506328	0.779938531324377	0.55
TraesNOR3A03G01532790	0.165612275060649	0.0381505518819772	0.783723254904071	0.55
TraesNOR3A03G01535720	0.0290367756256074	0.119934356593464	0.850200310710407	0.52
TraesNOR3A03G01535860	-1.26446579959977	0.0844937733748409	0.720197981402803	0.51
TraesNOR3A03G01537090	0.529933284673278	0.00637397058493552	0.81725067059471	0.48
TraesNOR3A03G01537110	-0.640141134786162	-0.105373562826936	0.835148580957828	0.56
TraesNOR3A03G01537550	0.216254398719412	-0.0645721342608089	0.711161001525994	0.41
TraesNOR3A03G01540710	1.48872605487766	0.0086574015479716	0.779035540271628	0.51
TraesNOR3A03G01542940	-0.0334781907277495	-0.0188490195508452	0.77329665450858	0.53
TraesNOR3B03G01555500	1.13382715896502	0.0560046377578847	0.738205846352968	0.51
TraesNOR3B03G01555600	0.174073832552382	-0.0654099309267691	0.848486325706912	0.47
TraesNOR3B03G01556010	0.747695971080256	0.00932860462928762	0.897521707709995	0.49
TraesNOR3B03G01557950	0.0232695903436913	0.00935861465401383	0.75768489388779	0.54
TraesNOR3B03G01560290	0.308826990320667	-0.0914612082455589	0.661847880946809	0.46
TraesNOR3B03G01560390	0.0145181221047491	0.112687273166259	0.853129772591822	0.53
TraesNOR3B03G01560730	-0.286154802540662	0.0107852280142497	0.956234800874367	0.51
TraesNOR3B03G01561120	1.25156310693885	0.0175811226560051	0.780367865330342	0.51
TraesNOR3B03G01561130	0.692914078708518	-0.00228724872571195	0.784372510145654	0.45
TraesNOR3B03G01561190	-0.20453917669101	-0.0117445480226068	0.824263680095221	0.52
TraesNOR3B03G01561600	0.930568448358858	-0.0577537765703601	0.839011756482701	0.37
TraesNOR3B03G01562350	-1.26306415767384	-0.0838778262057894	0.833579365190329	0.52
TraesNOR3B03G01565530	-1.46906800060201	-0.013894067492731	0.882839335222004	0.44
TraesNOR3B03G01565840	0.246577782351519	-0.0802455971577442	0.874156855463202	0.48
TraesNOR3B03G01566120	0.0142908357393596	0.0301566839940081	0.785599526261662	0.53
TraesNOR3B03G01567630	0.0508030899395145	0.100843607958911	0.77744432957954	0.57
TraesNOR3B03G01577720	0.00468058569026717	-0.0106612000990257	0.831051957351938	0.53
TraesNOR3B03G01578140	-1.68767622630346	-0.0255694084493829	0.954770219366005	0.52
TraesNOR3B03G01579090	0.579303708954931	0.000406304948534365	0.817534585979976	0.48
TraesNOR3B03G01579190	-1.8540686059334	-0.114377476544761	0.887406147226871	0.49
TraesNOR3B03G01581130	-0.344127885811336	-0.00577324047080497	0.806982143404698	0.51
TraesNOR3B03G01581390	0.496461360210427	0.0926412471627936	0.750614510822316	0.53
TraesNOR3B03G01584690	-3.10448503132201	-0.115929338655204	0.755335266458663	0.56
TraesNOR3B03G01587340	-0.410985698234373	0.0355860260647224	0.789498012040693	0.48
TraesNOR3B03G01590090	0.614230224659354	-0.0413429188107459	0.810841577064731	0.52
TraesNOR3B03G01590150	-1.13657726695216	0.0115654721296296	0.765921373416618	0.44
TraesNOR3B03G01590850	0.654086336436023	-0.296717545190104	0.91390558798595	0.36
TraesNOR3B03G01591390	0.0205659624437492	-0.00213147883886822	0.83612895679204	0.55
TraesNOR3B03G01591610	0.529951999228636	-0.001331076937676	0.771820471018934	0.49
TraesNOR3B03G01593490	0.612822598426873	-0.0629583460002529	0.864769608501029	0.5
TraesNOR3B03G01596200	-0.580892999611612	0.0162947974091458	0.83953597919614	0.44
TraesNOR3B03G01596870	-0.252271693487156	0.068835765130432	0.783452295224335	0.4
TraesNOR3B03G01598190	-0.845706208852114	-0.0650072431016699	0.882836729781467	0.58
TraesNOR3B03G01599990	-2.05611267735668	0.02262141910952	0.730896338375066	0.54
TraesNOR3B03G01601180	-0.1064500042819	0.00235408367057417	0.810139323908892	0.51
TraesNOR3B03G01602970	1.20136845531466	0.163747027874744	0.769620284802254	0.65
TraesNOR3B03G01603710	-1.13435508804236	0.0501050421307767	0.828120409777114	0.51
TraesNOR3B03G01605270	0.084293892626467	-0.0151714283212085	0.747103164625109	0.44
TraesNOR3B03G01605410	0.0274653291525359	-0.0660847212041676	0.78206113610637	0.45
TraesNOR3B03G01606690	-1.60916147735782	-0.0583668820618012	0.792728835511309	0.52
TraesNOR3B03G01607120	-0.482096946692166	-0.0350612764015649	0.729839950844649	0.52
TraesNOR3B03G01607480	0.50725999871247	0.130223318453834	0.973462199062191	0.58
TraesNOR3B03G01607560	0.010702030472389	-0.0621784037614995	0.831631392915806	0.48
TraesNOR3B03G01607660	1.09594430194476	0.0579322204665203	0.778023525054027	0.59
TraesNOR3B03G01608300	-1.94499602644502	-0.0142799638017077	0.827026433132022	0.53
TraesNOR3B03G01608510	1.37292406297069	-0.0295105838441427	0.767384712136473	0.48
TraesNOR3B03G01608760	-0.506290615541004	0.0939368481231936	0.82350597243684	0.47
TraesNOR3B03G01610150	-2.44434274718349	-0.0559699858417942	0.816373157590661	0.57
TraesNOR3B03G01610360	0.406509800040174	0.0772959720580741	0.863778252999449	0.55
TraesNOR3B03G01610530	-1.25321188616644	0.025665414953136	0.887825862923788	0.5
TraesNOR3B03G01611300	0.518271341273471	-0.0359389115456556	0.675740088540947	0.45
TraesNOR3B03G01611680	-0.0631674856327619	-0.110437170915745	0.904934658743989	0.55
TraesNOR3B03G01612090	0.0350123265401752	-0.105104767780975	0.770798611537266	0.42
TraesNOR3B03G01612180	-1.34117436496545	0.111535651397633	0.833909602177483	0.43
TraesNOR3B03G01612730	0.23457243062057	-0.11498185903705	0.819661876425932	0.41
TraesNOR3B03G01613700	-0.225402705935193	-0.0277763118337538	0.922645627951117	0.54
TraesNOR3B03G01614010	-0.134403376946242	-0.049786182637919	0.909320684720017	0.58
TraesNOR3B03G01614040	-1.08488338162439	0.0235984884763224	0.758973664576538	0.43
TraesNOR3B03G01618330	1.02929762166032	-0.043183423552647	0.980785895186578	0.44
TraesNOR3B03G01619040	0.162585621551767	-0.0818500610025394	0.889014293675139	0.53
TraesNOR3B03G01619070	0.884865430972653	0.11159271845366	0.766239337008535	0.57
TraesNOR3B03G01619670	-0.78796404349496	-0.0925846675125388	0.858487904895219	0.56
TraesNOR3B03G01622750	-0.453539774336705	0.0714383761353286	0.848309070906454	0.52
TraesNOR3B03G01625090	-1.45589777081195	0.0272433647536152	0.767696030135709	0.48
TraesNOR3B03G01625630	1.7692869477504	-0.0846314202564623	0.842537679829231	0.46
TraesNOR3B03G01626440	-0.285445345493988	0.0176126753487634	0.773238452986732	0.47
TraesNOR3B03G01626570	-0.260568421850251	-0.0682122051059348	0.838463981767918	0.53
TraesNOR3B03G01626790	-0.289498728352361	0.0298328723169784	0.753284332431104	0.48
TraesNOR3B03G01628020	0.00840880545644552	-0.176160930521844	0.906807435965735	0.43
TraesNOR3B03G01628230	0.140547778503488	0.162253608374087	0.933361871922808	0.6
TraesNOR3B03G01628280	-0.00331719612294505	0.0185357982719549	0.859014507786793	0.52
TraesNOR3B03G01628290	-1.38989567111647	-0.0827410273534601	0.929158268341633	0.51
TraesNOR3B03G01628430	1.38070512993523	-0.0411177719240608	0.895142805778556	0.47
TraesNOR3B03G01628560	0.285842418817587	0.0439714894932436	0.817142852609447	0.49
TraesNOR3B03G01629060	-0.620845615099894	0.0926324537547812	0.803040338933202	0.45
TraesNOR3B03G01631080	-1.24640179475923	0.0972159332922158	0.849747103112214	0.52
TraesNOR3B03G01633070	-0.281389468571495	0.0480374146712592	0.790865166479101	0.43
TraesNOR3B03G01634290	0.0326437450705844	-0.186460462679745	0.733397864930012	0.4
TraesNOR3B03G01638440	1.03135402745941	0.117376360847276	0.916619606827261	0.49
TraesNOR3B03G01639050	-0.74483859852002	-0.0403295163640044	0.677494622689176	0.49
TraesNOR3B03G01640380	0.227512139392057	0.0970226512423359	0.834822442298789	0.6
TraesNOR3B03G01641100	-0.367005756069199	0.03208506813101	0.785205545402277	0.49
TraesNOR3B03G01641990	-0.308516424332784	-0.0144788992406122	0.835876369877484	0.46
TraesNOR3B03G01644080	0.356288982089179	0.0683233873551525	0.750377461692615	0.52
TraesNOR3B03G01644330	1.42681687810727	-0.0216789413186946	0.941202332910637	0.46
TraesNOR3B03G01645030	-0.89736047900111	-0.124820201476277	0.758826227431016	0.56
TraesNOR3B03G01653880	1.1395061355767	0.0274845325078886	0.914282409439649	0.53
TraesNOR3B03G01656860	-0.191168455797684	0.0483092524834555	0.885277854018816	0.46
TraesNOR3B03G01661460	-0.865455916390592	-0.0412050311836707	0.797440165396549	0.52
TraesNOR3B03G01663160	-1.35582656341615	-0.125399423232567	0.873058078339482	0.59
TraesNOR3B03G01663310	0.26922613761656	0.00364415583855317	0.809169008185245	0.47
TraesNOR3B03G01664450	-0.149164917191367	-0.0488844263603095	0.828052114593614	0.57
TraesNOR3B03G01664670	-0.584931780870684	-0.0663504508401639	0.946785002998944	0.48
TraesNOR3B03G01671720	0.0247610955807196	0.049271125518126	0.958325305899676	0.51
TraesNOR3B03G01671840	-0.0205588799507355	-0.112373246379566	0.859170403567454	0.57
TraesNOR3B03G01671930	-0.760667981396145	0.207251101649354	0.868947239197464	0.39
TraesNOR3B03G01673390	-0.00920799924847325	0.032541263065554	0.755894803045859	0.47
TraesNOR3B03G01674690	-0.756402037953946	0.0514070330516985	0.911017473671438	0.48
TraesNOR3B03G01674810	1.93020716602262	0.0418635747541176	0.815315733904949	0.52
TraesNOR3B03G01675920	-0.997304052650748	0.0488443572770216	0.947525633244811	0.49
TraesNOR3B03G01678180	0.16468395517357	0.00221454830036829	0.658249057965698	0.51
TraesNOR3B03G01679340	0.149881166585966	0.0941699198972571	0.836714869636237	0.6
TraesNOR3B03G01679450	0.0557586578580083	0.127008176340066	0.707434356967246	0.57
TraesNOR3B03G01681510	0.0670643087498872	0.0232191274295627	0.886899991444975	0.53
TraesNOR3B03G01682060	0.17458791480222	0.151917005171233	0.783153102227365	0.51
TraesNOR3B03G01684030	0.73435159722476	-0.118492741904194	0.897272198770848	0.47
TraesNOR3B03G01684610	-1.46054710591412	-0.0688733785145219	0.769658898463225	0.56
TraesNOR3B03G01684830	0.0310848106241615	0.0480074330399028	0.822924768781708	0.56
TraesNOR3B03G01685150	-0.172103309175516	-0.0576044434398167	0.910660384306392	0.54
TraesNOR3B03G01685470	0.112116067790893	-0.0657106780657067	0.937431666998041	0.42
TraesNOR3B03G01685600	-0.827540432123291	-0.0428908571783017	0.683597275773214	0.52
TraesNOR3B03G01685650	0.111237558430572	-0.0274074422971237	0.797998771558436	0.49
TraesNOR3B03G01686120	0.830463044394421	0.223101415129049	0.831591848193348	0.66
TraesNOR3B03G01686130	-1.16256954293549	-0.0832340365895987	0.807317466219471	0.51
TraesNOR3B03G01686480	1.04067853079188	0.146971611976311	0.814054685982278	0.62
TraesNOR3B03G01689950	0.96538950834279	0.0551664473119602	0.964448152657086	0.52
TraesNOR3B03G01692010	0.557267003682233	0.0139183007733782	0.90386170859094	0.51
TraesNOR3B03G01694440	0.457786952853623	0.0559372277024607	0.84741700595137	0.49
TraesNOR3B03G01696470	-1.4881869799946	-0.0958235528185018	0.92219831997249	0.52
TraesNOR3B03G01697000	0.0196741549040214	0.0373885849634216	0.884783876636663	0.52
TraesNOR3B03G01697310	0.144586832860801	-0.0339403561472488	0.913358494564961	0.54
TraesNOR3B03G01700670	0.0119206774894291	-0.0284272551841371	0.947898288140332	0.54
TraesNOR3B03G01704270	0.364598406939689	-0.00946678315050426	0.874313279412154	0.49
TraesNOR3B03G01705190	-0.92336423229728	-0.0225434750959041	0.778307422491837	0.52
TraesNOR3B03G01706150	1.60745931641288	-0.0140460412738499	0.856114712692039	0.45
TraesNOR3B03G01708640	0.300698490981281	-0.0348431343215138	0.805801178635456	0.53
TraesNOR3B03G01708780	0.00873495839503137	-0.112220788757446	0.721295374510311	0.38
TraesNOR3B03G01709270	-1.14782740962215	-0.104818955724267	0.937473169212593	0.59
TraesNOR3B03G01709450	-0.399219443918373	-0.030744556399523	0.943726417216564	0.46
TraesNOR3B03G01709600	-0.725570826310932	-0.0131515370792926	0.932189875656274	0.48
TraesNOR3B03G01710540	-0.667290362778091	0.0538453395651562	0.877746735008433	0.47
TraesNOR3B03G01711030	1.32558482625552	0.0738629318383848	0.796082234931265	0.55
TraesNOR3B03G01714270	0.0107302576137832	-0.111560122600076	0.964574884312296	0.53
TraesNOR3B03G01716480	-0.39849206087457	-0.0479445911291142	0.76947130753685	0.49
TraesNOR3B03G01716890	2.93105838731054	0.0741033716858696	0.933867940311892	0.53
TraesNOR3B03G01718600	0.291160360024811	-0.09617408592733	0.746508526209125	0.44
TraesNOR3B03G01718940	-0.760502554138871	0.138144241529588	0.821981027831474	0.47
TraesNOR3B03G01719380	1.95327609061354	-0.00408750919944288	0.856617920800067	0.51
TraesNOR3B03G01719470	0.0443659912835957	-0.0167390427967391	0.672491442836033	0.52
TraesNOR3B03G01719530	-0.178375916314981	0.0626820824556944	0.831347991652459	0.51
TraesNOR3B03G01719790	-0.00148027036453087	0.169043693053122	0.841145044634054	0.42
TraesNOR3B03G01719800	0.581268393236935	0.140454152806068	0.923008496433088	0.53
TraesNOR3B03G01720970	0.168390631556086	-0.0055771965970547	0.777687090860195	0.52
TraesNOR3B03G01721780	1.07813502832978	0.0385167451042746	0.778226794120766	0.57
TraesNOR3B03G01722140	-0.405165331038427	-0.24900312649351	0.818854729728931	0.56
TraesNOR3B03G01723170	-1.85288755307247	-0.0982559009401525	0.82828736092171	0.54
TraesNOR3B03G01724640	-2.41530801136807	0.233776852533565	0.812814944319964	0.39
TraesNOR3B03G01725970	-0.949001880838591	0.0127393314426712	0.830795652440543	0.44
TraesNOR3B03G01727480	0.616880221906432	0.103923246355267	0.730083702790862	0.58
TraesNOR3B03G01733640	-0.412944594553421	-0.156749323869126	0.741087196511004	0.55
TraesNOR3B03G01733680	-0.588846520905192	0.0297117405838861	0.864607550108436	0.51
TraesNOR3B03G01733760	0.745737555875052	-0.0038312544779903	0.908927898220024	0.51
TraesNOR3B03G01734090	1.95022607805098	-0.0457279997946345	0.844574550490515	0.51
TraesNOR3B03G01737170	-0.348701198717255	-0.0703600518652246	0.875541899576399	0.49
TraesNOR3B03G01737910	1.5906280162279	0.125502826709875	0.996664224232906	0.53
TraesNOR3B03G01737930	-1.04851345012581	0.0253799785656299	0.733766411633062	0.53
TraesNOR3B03G01738570	-0.187293058859505	0.153402555762526	0.823595046584967	0.42
TraesNOR3B03G01739550	0.128681882413969	0.19074344958287	0.846689535876293	0.54
TraesNOR3B03G01742530	-0.34252475039923	0.147672661370618	0.835827276429276	0.44
TraesNOR3B03G01742690	-0.220042862995253	0.0460059299841118	0.701942222353391	0.41
TraesNOR3B03G01745530	0.18918506326718	-0.0102756488697133	0.724035988129904	0.49
TraesNOR3B03G01745690	-0.43029921209553	0.0830482061126311	0.690690496427181	0.47
TraesNOR3B03G01745910	-1.14305923969705	-0.0944291752823068	0.703167617422403	0.56
TraesNOR3B03G01746400	0.0452364484546039	-0.0298958457801884	0.748486638377428	0.49
TraesNOR3B03G01746440	-0.406359498414933	-0.0285303597734909	0.867647375989	0.5
TraesNOR3B03G01746820	0.505223626975926	0.0195294537032729	0.768598527057724	0.49
TraesNOR3B03G01746840	0.239528390815749	0.0117369766438231	0.830394070574302	0.53
TraesNOR3B03G01747650	-0.963721189874099	-0.0554519241361835	0.734564106142541	0.52
TraesNOR3B03G01747970	-0.543176005641292	-0.055734610994663	0.824882859500166	0.52
TraesNOR3B03G01748450	0.0539786774840287	0.00123609798977935	0.804597492586053	0.51
TraesNOR3B03G01750020	-0.0238197039859761	0.100591431989237	0.800218420975412	0.45
TraesNOR3B03G01754790	-0.215258170821946	0.0136090267557194	0.87788727819286	0.46
TraesNOR3B03G01754800	-0.284303168021568	0.136490076736686	0.992856731456551	0.45
TraesNOR3B03G01754860	0.589578626098125	0.0505154727786557	0.894102478358337	0.44
TraesNOR3B03G01755290	1.31418433359701	-0.199770391969153	0.826012978550792	0.37
TraesNOR3B03G01755480	-0.821217443900408	-0.140975678850345	0.984218012451259	0.53
TraesNOR3B03G01755880	-1.15763423769854	0.0134697632219774	0.827929761412859	0.42
TraesNOR3B03G01757120	0.828872743214427	-0.00050473438908542	0.695064878907915	0.51
TraesNOR3B03G01757580	0.184213343454382	0.0666712810559879	0.745300367051773	0.52
TraesNOR3B03G01757670	0.520328640968209	-0.0414927416237369	0.748148698914054	0.51
TraesNOR3B03G01759770	0.636221349369824	0.0837696321970744	0.862068240528179	0.58
TraesNOR3B03G01760560	-0.138777085049656	-0.102732929998922	0.7575733952494	0.51
TraesNOR3B03G01761670	2.07991846322812	0.0161920770691696	0.831317675945652	0.46
TraesNOR3B03G01762620	-1.16660337475091	-0.0817795733047663	0.911837503607852	0.49
TraesNOR3B03G01763040	0.29063329708783	-0.0555317431620611	0.739874848636734	0.48
TraesNOR3B03G01763840	0.282746078674291	-0.116256714362001	0.827930364416128	0.43
TraesNOR3B03G01763990	-0.768342631867204	0.0566321652569479	0.929151232170879	0.49
TraesNOR3B03G01764200	-0.762547120544178	-0.0239306443080492	0.804777122938592	0.48
TraesNOR3B03G01765040	-0.885630121226304	-0.149432935754878	0.787413203879797	0.55
TraesNOR3B03G01765300	0.360318487063739	-0.145387055234002	0.861338730434841	0.49
TraesNOR3B03G01765670	-0.0751659741901901	-0.058080471855237	0.8140292204969	0.52
TraesNOR3B03G01768140	0.0120123704766302	0.0455150753214638	0.889147094243289	0.4
TraesNOR3B03G01768160	0.138722099563344	-0.0217394578369483	0.806828168884787	0.46
TraesNOR3B03G01768200	0.205455890485159	0.0643561506055538	0.766611884996567	0.51
TraesNOR3B03G01769170	0.396866795926017	-0.114178130468593	0.72140579736224	0.43
TraesNOR3B03G01771450	-0.311430712817905	0.0143548293337267	0.881567542922581	0.48
TraesNOR3B03G01772570	0.200828123933467	0.0734593275790024	0.931951275953434	0.49
TraesNOR3B03G01774560	0.0642177334521094	-0.0742402408524856	0.969660177969448	0.42
TraesNOR3B03G01775190	0.359300315974253	-0.0587979932489651	0.812094023098731	0.48
TraesNOR3B03G01785750	-0.891308055317482	0.0108190555172251	0.813111055857098	0.5
TraesNOR3B03G01785860	1.31327020868321	-0.0668656113244059	0.806805369563836	0.5
TraesNOR3B03G01786850	-0.145970676647224	-0.0038789443458427	0.885366139066418	0.5
TraesNOR3B03G01786870	0.0184161582038536	0.159518948723293	0.830218729756814	0.6
TraesNOR3B03G01787670	0.583272622906092	-0.0484376672869023	0.772694194534954	0.51
TraesNOR3B03G01788810	-0.561399556726152	-0.0666269618471293	0.736594579409483	0.46
TraesNOR3B03G01790510	-0.869308910015925	0.0856519372182772	0.801949080486875	0.47
TraesNOR3B03G01791930	0.576191371516127	-0.0759733278212052	0.834525889683141	0.51
TraesNOR3B03G01793520	0.0168221715173398	0.00602460883405487	0.907797326026521	0.52
TraesNOR3B03G01795210	0.0379952063291715	-0.152259894789282	0.787046203911578	0.39
TraesNOR3B03G01795510	0.205890598195303	-0.0281934986060583	0.783378488681295	0.53
TraesNOR3B03G01795920	-1.16642573182595	0.0675095238068389	0.685122704765447	0.44
TraesNOR3B03G01799930	-0.0687528536640366	0.121788523043166	0.868612782738436	0.44
TraesNOR3B03G01801310	0.157361060868155	-0.0305672055640089	0.758911709532038	0.46
TraesNOR3B03G01802710	0.0169088869870766	0.0426599811488323	0.794893980602969	0.48
TraesNOR3B03G01803200	-0.769889829148725	-0.0879009250019548	0.880246540830082	0.55
TraesNOR3B03G01803350	0.147133236566226	0.0797000601541801	0.827000666194202	0.63
TraesNOR3B03G01807920	0.286987508086065	-0.0738674293805714	0.803720072161278	0.48
TraesNOR3B03G01809830	-0.461834989099767	0.0755068800102176	0.719384909336988	0.52
TraesNOR3B03G01810810	-0.343920816495808	-0.0374910586053815	0.900111770442549	0.53
TraesNOR3B03G01810840	-0.386983831077654	0.0469985302889495	0.857763869535475	0.51
TraesNOR3B03G01813150	0.121994224914636	0.0679951081570439	0.860146824870801	0.54
TraesNOR3B03G01814120	1.45968759750237	0.0237371190081685	0.85124376288703	0.48
TraesNOR3B03G01817840	-0.126605605779175	0.00675651725922678	0.779056933709745	0.46
TraesNOR3B03G01817980	0.0130549546549048	0.175563076882632	0.76525566975013	0.63
TraesNOR3B03G01818160	-0.488513359201539	-0.164639685235031	0.83277587012676	0.56
TraesNOR3B03G01820230	0.0174635212047243	0.0979699233977361	0.866663654189963	0.51
TraesNOR3B03G01821580	1.41742279495194	0.0412865373942276	0.719596498901495	0.57
TraesNOR3D03G01822160	1.96423535096555	0.0473849116357875	0.842593931476404	0.49
TraesNOR3D03G01823290	1.11200899495554	-0.0562778103195898	0.939158236187251	0.48
TraesNOR3D03G01823540	0.314964528474849	-0.0522736630301847	0.673724639586596	0.48
TraesNOR3D03G01824560	-1.22468842201199	-0.0744823411690476	0.7793246374957	0.53
TraesNOR3D03G01826790	-1.42367597210569	0.0962112186788951	0.857722971743219	0.46
TraesNOR3D03G01826800	0.605621069161163	-0.0760356317386124	0.899070987997655	0.46
TraesNOR3D03G01826830	2.3566864933581	0.0720342022560099	0.80505477822579	0.51
TraesNOR3D03G01827060	1.07988173192282	0.0644785186288387	0.742871583232797	0.54
TraesNOR3D03G01827400	0.0421959697545196	0.0626952428550045	0.799574103333559	0.57
TraesNOR3D03G01827410	-0.260436457300856	-0.143048540157243	0.894868605254662	0.51
TraesNOR3D03G01827450	0.802338238494522	0.0169708025332607	0.749242564892096	0.49
TraesNOR3D03G01827750	-1.6284177944742	-0.0278086705443138	0.840826116209239	0.56
TraesNOR3D03G01828040	0.672055487369414	0.113004184983943	0.851511204923592	0.5
TraesNOR3D03G01830040	0.161258825997924	0.0618688796479374	0.993194556720156	0.52
TraesNOR3D03G01830320	1.93512341378891	0.010946043308069	0.879822222463409	0.53
TraesNOR3D03G01830570	-2.53695719843314	-0.0263724073851997	0.702642453546727	0.54
TraesNOR3D03G01831510	0.373140613946278	0.0526298792969574	0.817095991252767	0.6
TraesNOR3D03G01831930	-0.0131588878972975	-0.0460173034126624	0.781357003363471	0.51
TraesNOR3D03G01832420	0.717388205852204	-0.100450517471157	0.842508379184469	0.41
TraesNOR3D03G01832770	1.40815770249694	0.0833168935821481	0.801917640676602	0.56
TraesNOR3D03G01833260	-0.233402824709091	-0.00536667282043035	0.80027530401894	0.48
TraesNOR3D03G01833290	-0.109109224304818	-0.00841140771511373	0.860967025464894	0.51
TraesNOR3D03G01835760	0.319394376614993	0.0469834578790321	0.686896864613276	0.47
TraesNOR3D03G01836490	-0.288878874791001	0.112395349229626	0.813725389853238	0.5
TraesNOR3D03G01836690	-0.0486126132440699	0.133911191823425	0.833962352863318	0.41
TraesNOR3D03G01837150	-0.274502803801638	-0.0758745058910146	0.870149024627582	0.53
TraesNOR3D03G01837380	1.16278996113651	-0.0766151514663567	0.74721148479782	0.42
TraesNOR3D03G01837620	0.639135964178723	-0.0446491144184013	1.0388667815907	0.47
TraesNOR3D03G01837760	0.0135728639595266	-0.050289433433408	0.852190454879395	0.46
TraesNOR3D03G01838030	-0.733173654572858	-0.156430675092227	0.759595779510798	0.57
TraesNOR3D03G01838310	1.04234204148484	0.115495058322278	0.755769923411653	0.54
TraesNOR3D03G01839370	-0.836114931834143	-0.0971145697040533	0.715374843482267	0.61
TraesNOR3D03G01839580	-1.44583714990107	-0.0112115970278511	0.910283796913743	0.44
TraesNOR3D03G01841640	-1.27326904537732	-0.0274189878680756	0.81717660188815	0.48
TraesNOR3D03G01843510	0.955724311771327	-0.0025337225186414	0.846240599828002	0.5
TraesNOR3D03G01844600	0.874980508937351	0.0261710036049868	0.810786209431104	0.48
TraesNOR3D03G01844770	1.39577534084709	-0.043745012600133	0.80710726398234	0.45
TraesNOR3D03G01845170	-0.97244646991353	0.119160011602611	0.723763796707573	0.44
TraesNOR3D03G01846490	-0.510547997927751	-0.0427264074744971	0.889757133921857	0.52
TraesNOR3D03G01846620	1.06837183705509	0.0478949214389933	0.872496300236559	0.52
TraesNOR3D03G01847290	-1.3549134782693	0.217726228102254	0.730420740601767	0.45
TraesNOR3D03G01847370	0.311111289415162	-0.0227898724039991	0.758308163127519	0.45
TraesNOR3D03G01847710	0.164912093960701	0.0642567567680164	0.821839573844758	0.53
TraesNOR3D03G01847720	0.0212506022108785	-0.131550470018064	0.856789126522372	0.47
TraesNOR3D03G01847790	0.00676286040330309	0.00177821742368377	0.769249082430447	0.51
TraesNOR3D03G01847910	-0.457898131710507	-0.121775082627646	0.803770021777281	0.61
TraesNOR3D03G01848450	-0.636395945578125	0.0105815735379145	0.891571929403528	0.49
TraesNOR3D03G01848500	-0.521772668791376	-0.0638049342758302	0.825048832098785	0.53
TraesNOR3D03G01848520	-1.08518610974428	-0.012831185392271	0.83254613359831	0.51
TraesNOR3D03G01848950	-0.618386508099173	-0.0122166406390552	0.857909881418169	0.57
TraesNOR3D03G01848970	-0.0196920552715757	-0.0107195770981781	0.84111797484477	0.59
TraesNOR3D03G01850120	-1.60599815167319	-0.0930779536052927	0.926775428822345	0.54
TraesNOR3D03G01850380	-0.292794065016136	-0.0116802783647651	0.823225351058656	0.54
TraesNOR3D03G01850870	-0.577722734102896	0.0408453136725024	0.870413116206535	0.55
TraesNOR3D03G01851060	-0.0717923992884736	-0.0664393321748454	0.885891045221858	0.5
TraesNOR3D03G01851680	0.332153000153418	-0.0250030584457329	0.766752413951125	0.5
TraesNOR3D03G01852710	0.0185767767996442	-0.0652173127947204	0.858146518932329	0.47
TraesNOR3D03G01853500	0.111529591617691	0.00309642107631698	0.7527594592099	0.54
TraesNOR3D03G01854490	-0.323172953615974	-0.103076804599738	0.770509448788414	0.51
TraesNOR3D03G01854900	-0.534515579499733	-0.23621966477128	0.794954248117012	0.57
TraesNOR3D03G01854970	0.428928913838454	-0.00236281466433883	0.897618031255144	0.51
TraesNOR3D03G01855170	1.46432462332844	0.0260561681552448	0.992859327529178	0.54
TraesNOR3D03G01855960	-0.552603998313155	0.0781350494668682	0.886999643829255	0.51
TraesNOR3D03G01856230	-0.305060844804893	0.0116816157857378	0.759649941220412	0.49
TraesNOR3D03G01856250	0.149224932681563	-0.0813827841263299	1.01416362370251	0.47
TraesNOR3D03G01856750	0.0275902813485423	-0.131908565407198	0.835232660667143	0.4
TraesNOR3D03G01857950	0.364911376981492	0.108916850399988	0.865145204303019	0.57
TraesNOR3D03G01858850	-0.0095949374936624	0.0228435423577476	0.8334982160445	0.5
TraesNOR3D03G01860310	-2.49053743327887	0.0132264206601222	0.792275807470941	0.49
TraesNOR3D03G01860580	-0.409997003664447	-0.045392002746508	0.760145566354522	0.53
TraesNOR3D03G01860620	0.499809157188048	0.00112953239201532	0.907219578997609	0.5
TraesNOR3D03G01862390	-0.473453738696386	-0.0419030831889764	0.847839718197941	0.56
TraesNOR3D03G01862590	0.213119726970305	0.0650258751176458	0.722447894320557	0.57
TraesNOR3D03G01863090	-0.4975594039364	0.0479156189381995	0.705480201222454	0.48
TraesNOR3D03G01863400	-0.485444898523902	-0.198411884509286	0.863510691218924	0.58
TraesNOR3D03G01864330	0.0681802358657414	0.0653518988127286	0.900617623455489	0.52
TraesNOR3D03G01864340	1.45489520297018	-0.00790934218804357	0.85160011142879	0.45
TraesNOR3D03G01864960	-0.486782829575335	-0.195039775548851	0.81380512922889	0.57
TraesNOR3D03G01865080	0.0422205661062515	0.0395424667840696	0.721889811333873	0.5
TraesNOR3D03G01865110	0.895498242942697	0.146975465371441	0.806740785971512	0.56
TraesNOR3D03G01865130	0.0355424005451641	-0.0502006949538925	0.91750345095858	0.48
TraesNOR3D03G01866800	-0.536175140243631	-0.0423907571096483	0.914536702651858	0.51
TraesNOR3D03G01867020	0.255495521839324	0.0574800081606853	0.940830553944908	0.53
TraesNOR3D03G01868050	-0.746273621254063	0.160859292315979	0.805761297398381	0.39
TraesNOR3D03G01870750	-0.107155544806104	0.0653284764058705	0.843004511005082	0.48
TraesNOR3D03G01870930	-0.693663832809496	0.0218525276363756	0.889559786127657	0.51
TraesNOR3D03G01872410	2.13982370652192	0.0310805577172753	0.86731416099963	0.54
TraesNOR3D03G01872690	0.0929312099742548	0.0817116977058655	0.949851132928047	0.47
TraesNOR3D03G01872730	-0.0702594708698014	0.0452390344839939	0.816484016681547	0.47
TraesNOR3D03G01873010	0.730009339364262	-0.0596301906887546	0.792260867662797	0.47
TraesNOR3D03G01875040	0.324297154134701	0.0362257205785114	1.02315886474389	0.5
TraesNOR3D03G01875210	0.627211885706683	-0.0634938761495139	0.801940236293649	0.47
TraesNOR3D03G01875430	-0.777667180622822	-0.0643337581014027	0.750913463002663	0.51
TraesNOR3D03G01876170	0.96648889930933	-0.0478278730555603	0.917672612355281	0.51
TraesNOR3D03G01876460	-0.48656735929193	0.075632414081	0.790749757695469	0.49
TraesNOR3D03G01877390	-0.0218889037026626	-0.00153666235913645	0.807625889374607	0.49
TraesNOR3D03G01878490	-0.480487431570568	-0.0235923658588678	0.750511287587514	0.48
TraesNOR3D03G01878690	-0.155551428568775	0.0374652133677442	0.982545604693599	0.56
TraesNOR3D03G01879130	-0.0203335680879179	0.0457259709365918	0.83982269444433	0.51
TraesNOR3D03G01879210	0.77640129324598	-0.0762041641139397	0.82783871088258	0.47
TraesNOR3D03G01880300	0.765056276061234	-0.0461761880655507	0.951890806690052	0.52
TraesNOR3D03G01880520	0.595579776418249	0.00109764868940449	0.814592452513762	0.49
TraesNOR3D03G01884010	1.61683001017336	0.103122592990303	0.821553033697542	0.56
TraesNOR3D03G01884400	-0.575695169121612	0.0420645045127526	0.868306054917461	0.51
TraesNOR3D03G01885030	-0.333175793399121	-0.0215694547481733	0.91610701489048	0.53
TraesNOR3D03G01885050	-0.293600116259237	0.0433521542081297	0.851777603217175	0.46
TraesNOR3D03G01885200	1.35989734338251	-0.0176280836001828	0.866738444420102	0.44
TraesNOR3D03G01885480	-0.0886817821712496	-0.126618471779581	0.823238058923783	0.56
TraesNOR3D03G01885880	-0.606308052445007	-0.185612103447281	0.875078942631746	0.56
TraesNOR3D03G01886040	-0.435904236868028	0.11592360953599	0.844830322313885	0.48
TraesNOR3D03G01886350	0.219645472070805	0.0777817731126502	0.79022865126264	0.55
TraesNOR3D03G01886730	0.826579732113835	-0.101400114112201	0.892524515001071	0.52
TraesNOR3D03G01887630	0.537336615534719	-0.174182546567936	0.839773513111004	0.42
TraesNOR3D03G01888620	-0.00734805878944617	0.0846083616820334	1.02641508842068	0.46
TraesNOR3D03G01889000	1.130183208525	0.0524001273162702	0.882455668300452	0.56
TraesNOR3D03G01889070	0.888981957441606	0.0940414357632771	0.726052004929949	0.6
TraesNOR3D03G01889380	-1.13500759370642	0.00107417490384451	0.722045441869719	0.48
TraesNOR3D03G01889610	0.821751506141127	0.113208778377439	0.935801663031152	0.58
TraesNOR3D03G01889940	0.665077734655083	-0.0460289481346876	0.805016987014859	0.51
TraesNOR3D03G01890190	0.295850692281714	-0.148693985577017	0.818139276972279	0.47
TraesNOR3D03G01890350	0.142209973881005	-0.0282765229441518	0.843707864560826	0.6
TraesNOR3D03G01890580	0.722667332548841	-0.0207625350114508	0.708574816276353	0.49
TraesNOR3D03G01891130	0.370138129329891	-0.100110094707188	0.878649174756059	0.46
TraesNOR3D03G01891540	0.459041228540331	0.0866854491898781	0.88817991327858	0.52
TraesNOR3D03G01892060	1.99210022165382	-0.100952077937822	0.801753806416215	0.49
TraesNOR3D03G01892150	0.573661089127598	-0.00352879326245618	0.834956621000897	0.5
TraesNOR3D03G01892920	0.00607727728588151	0.0292340354512471	0.824360980952129	0.49
TraesNOR3D03G01894310	0.0217774027516027	0.0203043619681904	0.878530822588773	0.5
TraesNOR3D03G01895310	0.569030278300536	0.0332592790440103	0.943492874698927	0.49
TraesNOR3D03G01897290	-1.06491459561999	0.0353456048667157	1.05170207238308	0.48
TraesNOR3D03G01902390	0.506482466495766	0.00103425473698038	0.832555271037078	0.49
TraesNOR3D03G01904590	0.136410575275615	-0.0724274140832016	0.783906912277043	0.48
TraesNOR3D03G01904840	0.130141644118843	0.0731720984529191	0.870829533030546	0.55
TraesNOR3D03G01905800	0.0306057109576997	0.236542808417764	0.873055847577504	0.67
TraesNOR3D03G01908200	-0.224416938877279	-0.0348529759502265	0.868602970935899	0.45
TraesNOR3D03G01908710	0.656512842979462	-0.0582675058696663	0.813748377920814	0.46
TraesNOR3D03G01908860	0.241248850030282	-0.0492106630764864	0.862687187216692	0.5
TraesNOR3D03G01908980	-0.765997974104227	-0.0232760744767398	0.786078032476524	0.49
TraesNOR3D03G01909010	1.65146188698672	0.0169210162834059	0.735272138776128	0.48
TraesNOR3D03G01909510	0.0125810437500243	-0.123005472459846	0.876625569462792	0.43
TraesNOR3D03G01909760	0.6998466778277	-0.210425247457893	0.847238671853014	0.43
TraesNOR3D03G01909830	-1.21943603072291	-0.0391709799735181	0.938219980982561	0.49
TraesNOR3D03G01910510	0.050130523937241	0.0452509035860238	0.838457421578117	0.52
TraesNOR3D03G01910810	0.133543402268891	0.0510847858409019	0.881068826893498	0.47
TraesNOR3D03G01911760	-0.318192404711267	-0.0296484049016709	0.891709012142854	0.56
TraesNOR3D03G01912860	0.0201574819760373	-0.0861292428272934	0.845006979779951	0.49
TraesNOR3D03G01913060	-0.183579897826693	-0.0689347138364291	0.752034304945867	0.62
TraesNOR3D03G01913100	0.489617142488439	-0.00987765061283124	0.909204985263145	0.57
TraesNOR3D03G01914740	1.31682193964561	-0.0328927467663267	0.867530475944444	0.47
TraesNOR3D03G01915960	-1.49687939059104	0.0262801371732356	0.842529201128889	0.42
TraesNOR3D03G01916160	0.352330061634181	-0.0142482989147137	0.750128971268158	0.48
TraesNOR3D03G01916340	-0.792033833374995	0.0665792158762536	0.846895093279624	0.5
TraesNOR3D03G01916560	-1.06859867002876	-0.0193678780801866	0.959456719835019	0.44
TraesNOR3D03G01917840	0.0249144199496503	0.0116933542530655	0.82789841571067	0.51
TraesNOR3D03G01917870	-0.0104358141095443	0.0403633869309737	0.802274984893053	0.54
TraesNOR3D03G01918500	-0.0986689677621684	0.0476095726902509	0.762605054937404	0.44
TraesNOR3D03G01919440	-0.261999883306998	-0.0357527699219581	0.853726717115633	0.52
TraesNOR3D03G01919450	-0.0899176249995558	-0.0106156581130372	0.868654104938945	0.5
TraesNOR3D03G01920050	-1.61812517219342	-0.024900737770082	0.860421755766123	0.54
TraesNOR3D03G01920320	0.477532022478561	0.0707217103801894	0.851030410329897	0.54
TraesNOR3D03G01920590	-0.79955111527601	0.0646523605196888	0.798747300463235	0.46
TraesNOR3D03G01921620	0.906615080023054	-0.0453663275541733	0.84124900715619	0.49
TraesNOR3D03G01922970	-0.00382965993665342	0.120299682067784	0.895744781311384	0.44
TraesNOR3D03G01923120	-0.618588615686199	0.17572941738845	0.871252812005889	0.34
TraesNOR3D03G01924590	0.707957300101069	-0.00297017306605607	0.813983804168552	0.5
TraesNOR3D03G01924610	0.403817170917442	-0.151991689450075	0.813181424609189	0.4
TraesNOR3D03G01925790	-0.542642809953079	0.0439184991405	0.771439350337417	0.47
TraesNOR3D03G01926280	-0.164792391114639	-0.0414665792222241	0.707529965355735	0.49
TraesNOR3D03G01927410	-0.231562121085286	0.0849710436573033	0.853068247727112	0.49
TraesNOR3D03G01928370	0.312844881367878	-0.0627712771088381	0.818225534789234	0.46
TraesNOR3D03G01928480	1.09975576595041	0.0396675091452375	0.792765250626165	0.48
TraesNOR3D03G01928970	-0.185197335057733	0.0317966094626028	0.846664159235713	0.46
TraesNOR3D03G01929090	0.717564049181589	-0.0503828597964205	0.909357733207153	0.44
TraesNOR3D03G01929260	0.7728483775053	-0.0693734983511676	0.844325416954343	0.52
TraesNOR3D03G01929280	0.529471410628792	-0.139477533329844	0.888186305415917	0.41
TraesNOR3D03G01929420	1.33526519336323	-0.0840130639484128	0.878652122202799	0.41
TraesNOR3D03G01929500	-1.2431199358955	-0.0217567398446675	0.810825374025153	0.52
TraesNOR3D03G01929760	-0.889852178699872	0.0995021658905432	0.821027763035135	0.47
TraesNOR3D03G01929870	-0.561359357077938	-0.139597907485488	0.788735424929922	0.61
TraesNOR3D03G01930520	0.629126034357893	-0.0674038863330522	0.960726978993323	0.48
TraesNOR3D03G01930620	-0.522640430741902	-0.0305390569378477	0.942962390593671	0.5
TraesNOR3D03G01930980	-1.26053810294715	0.00577181303841193	0.849881449193632	0.52
TraesNOR3D03G01931210	1.95343970985057	-0.0372571150198425	0.816848809152903	0.52
TraesNOR3D03G01931810	0.02479482901897	0.0486759520488187	0.808580106792451	0.53
TraesNOR3D03G01932610	-0.599097073677541	-0.00916487741141072	0.861131376238436	0.45
TraesNOR3D03G01932690	1.11548742432272	-0.0436793004843472	0.82453992532498	0.48
TraesNOR3D03G01932840	0.344193865851899	0.0427462180847025	0.850898949024633	0.6
TraesNOR3D03G01932920	-0.207538602435299	0.0756932651171187	0.994956499684292	0.47
TraesNOR3D03G01933630	0.267416575559456	0.0497164167133687	0.818297937365556	0.51
TraesNOR3D03G01934400	1.50745081202335	-0.0958630163029536	0.773112103363608	0.48
TraesNOR3D03G01934560	0.135604116399196	0.107694774270289	0.827213340608094	0.6
TraesNOR3D03G01934960	0.755679298481106	0.0737830907109679	0.897674354856728	0.54
TraesNOR3D03G01936370	-0.731937014821473	-0.121285247884281	0.852869530809252	0.56
TraesNOR3D03G01936640	-1.18706826450782	-0.0126826554648233	0.878718304939124	0.49
TraesNOR3D03G01937980	0.243804289832994	-0.0198449621823114	0.877234530767215	0.49
TraesNOR3D03G01939330	0.159685091127613	-0.0220681658663921	0.891993222974792	0.5
TraesNOR3D03G01940300	0.00437551602560674	-0.0289147260652293	0.761678298444976	0.46
TraesNOR3D03G01940680	-0.0723459726691907	-0.0348012838722054	0.874329167445475	0.47
TraesNOR3D03G01940810	0.0573507901612786	-0.084669747511373	0.787257662345684	0.44
TraesNOR3D03G01941450	-0.643293504659496	0.0156273313242447	0.852053346031391	0.5
TraesNOR3D03G01941490	-0.0541256439937498	-0.0503240506412024	0.764654343630934	0.52
TraesNOR3D03G01941520	0.0272980131228853	-0.104244035901148	0.728994517709659	0.48
TraesNOR3D03G01941690	-0.972640926703561	-0.0567045484029804	0.918339212787716	0.53
TraesNOR3D03G01941970	-0.0850338566736599	-0.106393799944841	0.916468974131259	0.63
TraesNOR3D03G01942790	0.0613808869008425	0.115850649203005	0.810239626905494	0.56
TraesNOR3D03G01943050	0.68110464951944	-0.047410770076363	0.817649115945642	0.51
TraesNOR3D03G01943100	1.19648949681227	-0.127652742813251	0.744237202901444	0.4
TraesNOR3D03G01943300	1.44281407634701	0.109831815280814	0.747627294345065	0.56
TraesNOR3D03G01943530	0.0614073944555371	0.0169579345227659	0.897914328720297	0.49
TraesNOR3D03G01943600	0.185156823756489	-0.148239025721502	0.77327884882115	0.4
TraesNOR3D03G01943820	-0.329520554071457	-0.108002357842625	0.824871021122715	0.58
TraesNOR3D03G01945860	0.0249136061028586	-0.024195735452458	0.728408863484571	0.5
TraesNOR3D03G01945910	1.13131444627331	-0.0834962493179867	0.879974260905701	0.45
TraesNOR3D03G01946300	-0.962206864716568	0.16261973727244	0.732039067659211	0.39
TraesNOR3D03G01946340	-0.0695522693543901	-0.0911846297930995	0.763102336552963	0.51
TraesNOR3D03G01946620	-1.39994804406893	0.249320229407104	0.844635452585184	0.42
TraesNOR3D03G01946640	-1.44821352010532	-0.232897949403163	0.812196210595492	0.64
TraesNOR3D03G01946650	0.673996831932986	-0.185052032581193	0.797356401381627	0.37
TraesNOR3D03G01946780	0.0813293572032282	-0.0168333699635211	0.825729506750506	0.48
TraesNOR3D03G01946830	0.830656134383936	-0.144208612659641	0.848574530454203	0.47
TraesNOR3D03G01947510	-0.253435847382813	0.00660446041789631	0.860697585013208	0.49
TraesNOR3D03G01948920	0.0189388449227026	0.168998261689885	0.808738513730192	0.62
TraesNOR3D03G01950200	-0.0399508144283793	0.0772060467323216	0.795992700120968	0.46
TraesNOR3D03G01953280	1.01805718890786	-0.127653682379324	0.814978550867788	0.46
TraesNOR3D03G01953480	0.162869784527776	-0.0546413698972738	0.815044219618513	0.51
TraesNOR3D03G01953490	0.708709530274524	0.0293416968737524	0.772998385622232	0.57
TraesNOR3D03G01953760	1.64651899454114	0.00567030983289476	0.80432915391528	0.51
TraesNOR3D03G01953920	1.41703371079782	0.0228828988389734	0.895236678657405	0.53
TraesNOR3D03G01954470	0.336812351972583	-0.0216529357255474	1.00521257020597	0.5
TraesNOR3D03G01954630	0.015570654939818	-0.066543462376555	0.646847318701837	0.47
TraesNOR3D03G01954860	0.939045592976219	-0.0645134708787965	0.842321015220118	0.47
TraesNOR3D03G01955050	-0.174271220502047	0.00382772885440546	0.786546051634541	0.5
TraesNOR3D03G01956500	0.200110412119991	-0.0199772289509613	0.741997781606897	0.49
TraesNOR3D03G01956770	0.665587315926297	0.0636239058771167	0.849709414347053	0.52
TraesNOR3D03G01956880	0.0363947205474878	-0.00223439071263544	0.957990047853384	0.46
TraesNOR3D03G01957420	0.369841912413683	-0.054005503173936	0.875882890187652	0.49
TraesNOR3D03G01958080	0.595115683940566	-0.0284380677187882	0.931234828835707	0.51
TraesNOR3D03G01958110	0.0599818246991523	0.129317812310186	0.803355435524898	0.58
TraesNOR3D03G01958430	0.31272185939498	0.0890001880778911	0.805832352977343	0.51
TraesNOR3D03G01958450	-0.0500162276925913	-0.0770358186819879	0.85120810324466	0.51
TraesNOR3D03G01958820	0.0568515200493799	-0.0371053370198279	0.811832798114345	0.46
TraesNOR3D03G01958940	0.0076325124697029	0.0937576623445281	0.865546656788149	0.53
TraesNOR3D03G01959080	0.146205713192812	0.16289503285901	0.786621877565183	0.64
TraesNOR3D03G01960430	-0.872279989182015	-0.033930146993721	0.883457440039451	0.48
TraesNOR3D03G01961460	-0.0409236205861867	-0.00263076785109378	0.855318819296947	0.53
TraesNOR3D03G01961660	-0.413928289535494	-0.10155804467145	0.775096406557172	0.52
TraesNOR3D03G01961820	-0.427942202508003	0.10272836771685	0.791987400526312	0.42
TraesNOR3D03G01962010	-0.013739290987972	0.00305048759311662	0.85266335147786	0.52
TraesNOR3D03G01962030	-0.675578615565745	-0.0299156984706191	0.882424703018283	0.47
TraesNOR3D03G01962770	-0.132625105093409	0.081167467634044	0.951251761502105	0.45
TraesNOR3D03G01963470	0.713267475685313	0.0559790346985362	0.872047133683854	0.49
TraesNOR3D03G01965540	0.0670330401964245	-0.00311249474272299	0.80808874290186	0.5
TraesNOR3D03G01965790	-1.585311952166	0.0510743220025998	0.808617119902803	0.49
TraesNOR3D03G01965880	-0.969703894191338	0.058237270111898	0.757227304592515	0.52
TraesNOR3D03G01967860	0.0382039060514785	0.00897696994887595	0.781008764081535	0.45
TraesNOR3D03G01968090	2.82460196423682	0.0500551679904706	0.730650202101188	0.5
TraesNOR3D03G01968360	-0.280137017458483	0.164138034094655	0.773260333163298	0.41
TraesNOR3D03G01968650	0.0483474508584694	0.122294609621005	0.729749888477697	0.57
TraesNOR3D03G01969610	0.01515568696545	0.0705437389876688	0.79112426187931	0.55
TraesNOR3D03G01969660	-0.44290979495614	0.051342641406013	0.896781748560381	0.5
TraesNOR3D03G01969670	0.0566708684660586	0.00699959507497288	0.92727054453867	0.53
TraesNOR3D03G01970600	0.237705041200545	0.0235792652527683	0.847107965309845	0.5
TraesNOR3D03G01971230	0.0340240001297483	-0.0480751657363808	0.777165332353634	0.43
TraesNOR3D03G01971530	-0.493481131607454	-0.123528141177811	0.856957460130106	0.51
TraesNOR3D03G01972690	-1.43798486742707	-0.0400064748985935	0.73475908064888	0.54
TraesNOR3D03G01974160	-0.497182553875777	-0.0126334387144163	0.980274815617617	0.52
TraesNOR3D03G01974190	-0.225011514158742	0.151866307593601	0.73869918400602	0.39
TraesNOR3D03G01974270	-0.458913178452724	-0.134070347667127	0.891966431226464	0.61
TraesNOR3D03G01974410	-1.61404562149127	0.0129703155212421	0.821277420788868	0.51
TraesNOR3D03G01974490	0.976103399498951	-0.140792535755727	0.747755020155223	0.41
TraesNOR3D03G01974950	0.0225153170581726	0.12901676145741	0.884557821333513	0.56
TraesNOR3D03G01975500	2.45098958802615	0.142057061005667	0.793202664204052	0.56
TraesNOR3D03G01975920	-0.0552977770484872	-0.138800829405634	0.868144778341587	0.6
TraesNOR3D03G01976000	0.0336656147847612	-0.0394760812908341	0.87722848301534	0.47
TraesNOR3D03G01977100	0.032668410256257	0.0611310648652157	0.879915539812603	0.48
TraesNOR3D03G01977130	-0.157450862470422	0.0135850320888767	0.79102731977595	0.43
TraesNOR3D03G01977310	-0.147945977678614	-0.0467280308004105	0.815830762888431	0.46
TraesNOR3D03G01977410	1.33869623178171	-0.0687843655113212	0.862667532098487	0.48
TraesNOR3D03G01977830	-0.498340682464361	0.0403007881729412	0.902932997909164	0.45
TraesNOR3D03G01978050	0.440654249914464	-0.00800864495497771	0.811415274643141	0.57
TraesNOR3D03G01978930	0.990250714829221	0.0357276193899006	0.855125401406575	0.5
TraesNOR3D03G01979650	-0.402311478351781	-0.0987331294800463	0.83724963230913	0.44
TraesNOR3D03G01980890	-0.00917415609601855	-0.0225393982857876	0.870295415452142	0.58
TraesNOR3D03G01983190	-0.0139716868997382	0.137715886597174	0.634254301887678	0.41
TraesNOR3D03G01983340	0.285695741534506	0.177123937606031	0.966421574478504	0.57
TraesNOR3D03G01984190	-1.08385779137469	0.102036509267253	0.89975895674376	0.41
TraesNOR3D03G01984230	0.261113679421638	-0.165188515111419	0.878686448472585	0.43
TraesNOR3D03G01984240	-0.288570436936716	-0.0748798417851504	0.742471520516738	0.51
TraesNOR3D03G01984650	1.13607078122443	-0.123923518807924	0.832820199823578	0.45
TraesNOR3D03G01984670	-1.75257300561958	-0.108633369314718	0.937135230690872	0.52
TraesNOR3D03G01984800	-0.0767451539332441	0.0229569892761877	0.839293522814288	0.5
TraesNOR3D03G01985000	0.0730445934701378	-0.0834828616214772	0.778522293891232	0.43
TraesNOR3D03G01985070	0.377339667494057	-0.139783999984567	0.795601061263117	0.51
TraesNOR3D03G01985650	-0.271580029848604	0.13529256522552	0.705118640255106	0.41
TraesNOR3D03G01985820	2.31620437724904	0.216193597602913	0.884705747886507	0.54
TraesNOR3D03G01985890	-0.648090730575214	-0.00419385701995669	0.901243370068653	0.46
TraesNOR3D03G01985980	-0.664223927913674	0.182636955789353	0.92240093303152	0.43
TraesNOR3D03G01986550	0.0475992871147244	-0.0179134089506319	0.725374363164916	0.52
TraesNOR3D03G01986610	-1.43164408964089	0.119375563720863	0.835294762448538	0.45
TraesNOR3D03G01989620	0.0114443046970911	-0.0179143295821891	0.755824998349508	0.45
TraesNOR3D03G01990650	-0.461581640106632	0.0719746208597257	0.881001256270278	0.52
TraesNOR3D03G01990780	-0.0283641453273202	-0.0164650059944739	0.664539467953398	0.43
TraesNOR3D03G01991210	-0.685598895903834	0.0143959588883168	0.758337183060526	0.46
TraesNOR3D03G01992250	0.986638296951721	0.0575032873380774	0.737933602788987	0.52
TraesNOR3D03G01992690	-0.0614910405506487	-0.065184231027824	0.9375285222292	0.57
TraesNOR3D03G01992960	0.586827764957378	0.0819625112684982	0.816280993920718	0.55
TraesNOR3D03G01994610	0.561700882275399	0.0591091751912695	0.850914899822033	0.53
TraesNOR3D03G01994790	0.037653196355254	-0.119248364713818	0.81555544653495	0.44
TraesNOR3D03G01995240	-0.360114308886294	0.0189826603893011	0.75618437610226	0.49
TraesNOR3D03G01996590	1.10742560448285	0.11901651566338	0.803009125000653	0.51
TraesNOR3D03G01997330	0.779196989154672	0.0855234530471947	0.757742929941312	0.57
TraesNOR3D03G01997480	-0.770363627380608	-0.165840184832731	0.833405803088303	0.58
TraesNOR3D03G01998390	0.696243004615624	0.0304957805684269	0.800532226055959	0.55
TraesNOR3D03G02004900	1.29235499736369	-0.0366011137729242	0.835001051738393	0.51
TraesNOR3D03G02007880	0.0729058504799727	-0.1819391782227	0.708250138962951	0.38
TraesNOR3D03G02007890	-0.316211068398443	0.062358360261365	0.758676783568397	0.45
TraesNOR3D03G02007900	-0.0847233959927815	0.10823606241205	0.726931210575375	0.41
TraesNOR3D03G02008900	0.242711219795976	-0.171918851887681	0.868461245650342	0.48
TraesNOR3D03G02009000	0.128578035030361	0.13719093249735	0.832815765155589	0.54
TraesNOR3D03G02009350	-0.771055341131271	0.284305390534977	0.979864150799457	0.33
TraesNOR3D03G02009650	0.136219135631115	-0.065169095842451	0.969049276366251	0.47
TraesNOR3D03G02010110	0.540477414223443	0.0474938868761008	0.713138467653675	0.58
TraesNOR3D03G02010760	-0.815137699585174	0.143220030966672	0.847221951257427	0.44
TraesNOR3D03G02012100	0.021416569151257	-0.0412385265122073	0.860406976619255	0.46
TraesNOR3D03G02012130	0.486134025390212	0.0138837764371913	0.860164741371349	0.5
TraesNOR3D03G02013100	-0.205917108239777	0.0676998675439408	0.764299879886163	0.47
TraesNOR3D03G02013830	-0.909010989194578	-0.217840091192619	0.851593583684525	0.56
TraesNOR3D03G02014190	0.785658986946878	-0.0426750246150241	0.920057542832649	0.49
TraesNOR3D03G02014250	0.129939693433306	0.0283289842191615	0.838684019590403	0.5
TraesNOR3D03G02014310	-0.00730926685147158	-0.0271851737616319	0.784831902059444	0.56
TraesNOR3D03G02014480	0.0641659610605524	0.070061142360326	0.819105363921743	0.48
TraesNOR3D03G02015530	0.314076530040885	0.215824397266305	0.872430643061818	0.56
TraesNOR3D03G02016800	-0.00548621072453827	-0.0214507206325584	0.713801403399464	0.53
TraesNOR3D03G02017890	-0.662169638473286	-0.194994050653583	0.945948377027475	0.54
TraesNOR3D03G02019220	-0.826897304315167	0.12163190215025	0.748660775334012	0.43
TraesNOR3D03G02021320	-0.494994847804183	-0.0696562940304253	0.697387726704932	0.52
TraesNOR3D03G02021630	-0.130010852393388	0.0284820318099647	0.910779597386937	0.46
TraesNOR3D03G02022770	0.0592211022375264	0.2245958239907	0.886762508462078	0.65
TraesNOR3D03G02023050	-1.26284394131147	-0.0240389473982815	0.761381003000731	0.53
TraesNOR3D03G02024050	2.26937662234726	-0.0694527107814727	0.824837494107144	0.56
TraesNOR3D03G02024290	0.191940212787778	-0.0703923191686035	0.85468895214852	0.52
TraesNOR3D03G02024660	0.597965448163923	0.0702674158050771	0.864144364855261	0.49
TraesNOR3D03G02024780	-0.06973512465656	-0.0993953546629222	0.838365118800624	0.5
TraesNOR3D03G02025160	0.0688247432416423	0.0808060294569857	0.940658199764287	0.56
TraesNOR3D03G02026180	-0.13189117963168	-0.0550814732671141	0.736461678678025	0.52
TraesNOR3D03G02026190	0.00597693248725837	-0.11176130705021	0.714730903338655	0.39
TraesNOR3D03G02026380	-0.467930486290387	-0.0561704850034237	0.797639999272259	0.51
TraesNOR3D03G02026760	-0.253980287026351	-0.16960027127225	0.763935185538063	0.58
TraesNOR3D03G02030760	0.613417619326646	-0.0281693057209096	0.710975848219106	0.52
TraesNOR3D03G02031260	-0.296478863912298	-0.161867804855588	0.800149664681024	0.54
TraesNOR3D03G02031320	0.622012511593689	-0.14751337751832	0.784908001611906	0.4
TraesNOR4A03G02032210	-0.120133538259	0.0762582554927821	0.779193343966729	0.51
TraesNOR4A03G02033580	1.68649929347408	0.00964576746270983	0.783367241039194	0.45
TraesNOR4A03G02034650	-0.727644236288261	-0.0974303454877915	0.948779757228707	0.52
TraesNOR4A03G02034740	-0.10179272705169	0.215337736920626	0.786390016946804	0.43
TraesNOR4A03G02035180	1.72604249917026	0.155755088346893	0.842155813002975	0.61
TraesNOR4A03G02035360	0.0515314945117971	-0.186142530895945	0.736633433213928	0.45
TraesNOR4A03G02035760	0.0048417841502548	-0.0648353997539	0.864571310971068	0.43
TraesNOR4A03G02036010	1.21229293797205	0.0663003754389475	0.843395959185327	0.55
TraesNOR4A03G02036110	0.80468998470452	-0.0225072056560743	0.94682443665698	0.48
TraesNOR4A03G02036140	-0.566301357605755	0.0308386716675653	0.792958998735619	0.46
TraesNOR4A03G02040760	0.145725603386223	0.0797265996793556	0.660975988778594	0.55
TraesNOR4A03G02040970	0.0325138544355063	0.135752569865032	0.829616569248517	0.56
TraesNOR4A03G02040990	0.160312185854885	-0.0316928580587304	0.812239439051931	0.51
TraesNOR4A03G02041050	0.170250259152182	-0.0367668353811047	0.630672687052495	0.41
TraesNOR4A03G02041460	0.525739568735499	0.0396300044270425	0.819806866779392	0.53
TraesNOR4A03G02041510	0.0355949068731435	-0.0313774218178324	0.861355481890429	0.42
TraesNOR4A03G02042630	-0.0252018237100927	-0.00723325313731148	0.770027300535974	0.5
TraesNOR4A03G02045540	0.396336459000285	0.112284852002916	0.812944004919218	0.54
TraesNOR4A03G02045740	-0.0816823765166866	0.0569785290970791	0.896262477943017	0.38
TraesNOR4A03G02046960	0.682628013073553	-0.0680821124232785	0.781930490774496	0.5
TraesNOR4A03G02047310	-1.80623108942921	-0.0162053247167643	0.848514068656936	0.52
TraesNOR4A03G02047440	-1.003127000279	-0.120545833198108	0.980329455940733	0.55
TraesNOR4A03G02047680	1.29445544095875	-0.0669303882218784	0.939697227335933	0.48
TraesNOR4A03G02047890	0.0757007168468149	-0.0353748607219158	0.915881706545278	0.45
TraesNOR4A03G02049300	-0.773123097391421	0.0137657839705849	0.848706774939567	0.51
TraesNOR4A03G02049710	0.694950237656626	0.00192619735125049	0.849835722734166	0.5
TraesNOR4A03G02051650	-0.0198713499015022	-0.0447037528756355	0.733957571341841	0.51
TraesNOR4A03G02052240	-0.796622895672474	-0.151914493052941	0.860596179331465	0.53
TraesNOR4A03G02055630	0.747037784384959	-0.0597219245379789	0.753839805559681	0.5
TraesNOR4A03G02056710	0.976433649385048	-0.0679587937843478	0.938520825081379	0.5
TraesNOR4A03G02058480	-0.141407684920392	-0.069184096691228	0.913599826348466	0.57
TraesNOR4A03G02059170	-1.01870055400164	0.123331977827072	0.781021163298678	0.39
TraesNOR4A03G02059250	0.69663536982812	-0.125419234978153	0.962915666239847	0.49
TraesNOR4A03G02059420	0.625394755738057	-0.0717762117094115	0.838704462821027	0.49
TraesNOR4A03G02059910	0.00894192363119565	0.0455410547861775	0.820046454667038	0.56
TraesNOR4A03G02060740	-0.0812097780215541	0.0179318460702963	0.927335858782001	0.47
TraesNOR4A03G02061590	0.535684612193725	-0.099095946361297	0.765262797162294	0.42
TraesNOR4A03G02062710	0.150871854859776	-0.0798667204200236	0.812440400131088	0.41
TraesNOR4A03G02063500	0.456307931301599	0.0284739378824688	0.805849245920895	0.53
TraesNOR4A03G02064760	-0.657106739797304	0.242261247242505	0.971620300005373	0.41
TraesNOR4A03G02064880	1.52383551174796	-0.117266622411743	0.90793378629573	0.44
TraesNOR4A03G02064950	0.347110881319297	0.0963918195597261	0.761114374233594	0.57
TraesNOR4A03G02065100	0.747173634347876	0.134674208988256	0.855778622517576	0.62
TraesNOR4A03G02065210	0.101160071162301	-0.108458855302001	0.888350566162738	0.5
TraesNOR4A03G02065780	-1.11030951305387	-0.0843354949130119	0.88046141885554	0.5
TraesNOR4A03G02066160	-1.07432618226111	0.0152414783805198	0.863895076815629	0.47
TraesNOR4A03G02066310	-0.0142780844661025	-0.0592252753067932	0.932682224701957	0.56
TraesNOR4A03G02066410	0.658604132010339	0.0255540658236488	0.82981545321953	0.54
TraesNOR4A03G02067910	-1.13588080113375	-0.0538922242733316	0.754692605165155	0.5
TraesNOR4A03G02069810	-0.026552234656352	0.115637069926698	0.852743079961911	0.48
TraesNOR4A03G02069870	0.228151837045097	0.0607877378102556	0.979750442722518	0.53
TraesNOR4A03G02070610	-1.13971378746085	-0.138540881866203	0.948680901984304	0.6
TraesNOR4A03G02071260	-1.10248720071735	-0.0339134192650768	0.835866185351217	0.54
TraesNOR4A03G02073160	-0.197347643611581	0.158687914630017	0.760327668793861	0.44
TraesNOR4A03G02074130	0.294501835512438	-0.020528125556645	0.859251980273348	0.48
TraesNOR4A03G02074370	0.0290021751040918	-0.129569694995695	0.820174541465587	0.48
TraesNOR4A03G02074680	0.960478436200757	0.058699077756075	0.75025765673662	0.61
TraesNOR4A03G02074730	0.623736533093263	-0.0236072977554825	0.875492496986227	0.48
TraesNOR4A03G02074840	-0.0153698035324246	-0.125911747227564	0.755210713463185	0.55
TraesNOR4A03G02075240	1.06304068025391	-0.0517503312790455	0.816976796765154	0.48
TraesNOR4A03G02076360	-1.38077830267652	-0.0672805536252647	0.872016716917191	0.51
TraesNOR4A03G02076990	-0.339883551421814	0.147128561479628	0.880375234381847	0.44
TraesNOR4A03G02078550	-0.55415524138528	0.0622754614274395	0.894637005251536	0.44
TraesNOR4A03G02079240	-0.343039118495214	-0.0560378151242366	0.826055052738791	0.48
TraesNOR4A03G02080550	-0.0653418253059026	0.135730269966043	0.852267976519965	0.45
TraesNOR4A03G02082150	0.32750536249941	-0.0311942273134114	0.780507320100403	0.47
TraesNOR4A03G02084910	0.461445358678458	-0.00194206227931688	0.966894470625451	0.55
TraesNOR4A03G02085940	-0.641011720919719	0.0344777691683011	0.720595439327599	0.5
TraesNOR4A03G02087550	-0.0356228522954127	0.0982532074954679	0.582823387342546	0.41
TraesNOR4A03G02088050	0.0559779366198024	-0.0150787292402056	0.895507542020177	0.55
TraesNOR4A03G02088450	-0.00432768836365558	-0.105194211027971	0.832105545777256	0.6
TraesNOR4A03G02089550	-0.00578985569227615	0.0472737410347934	0.772178882117166	0.47
TraesNOR4A03G02091010	-1.39577884282208	-0.0719707022420684	1.03201847767019	0.51
TraesNOR4A03G02092560	0.441058282783797	0.0614413285468441	0.871015759524736	0.55
TraesNOR4A03G02093880	-0.100302512936009	0.0460948112637986	0.845905711857528	0.46
TraesNOR4A03G02095660	1.51884473136855	-0.171118365838371	0.917250635865903	0.42
TraesNOR4A03G02096650	0.56294818829114	0.0368466459011375	0.728092080208397	0.48
TraesNOR4A03G02097320	0.0616644389121469	-0.0533104688125976	0.92104286302176	0.47
TraesNOR4A03G02105130	-0.457651745023567	-0.0462474839526777	0.854624638624239	0.51
TraesNOR4A03G02107430	-0.2559956100709	-0.0146699047305047	0.801646436627084	0.5
TraesNOR4A03G02109040	1.66198259663847	-0.0946649719853722	0.854354952227367	0.46
TraesNOR4A03G02118540	0.0327757436753188	0.0882810963324417	0.888244793438123	0.59
TraesNOR4A03G02122970	-0.130057385948319	-0.0577674634630034	0.779268587846603	0.53
TraesNOR4A03G02126020	0.087552040808266	0.113753641299179	0.713049665657883	0.56
TraesNOR4A03G02128470	0.383495901712402	-0.0305992945917668	0.81636926762726	0.56
TraesNOR4A03G02129340	-0.424090921827828	0.0254205842900761	0.794199414859686	0.52
TraesNOR4A03G02131300	0.0358568609739923	-0.0793390495259597	0.856315923286028	0.51
TraesNOR4A03G02133490	-0.0550436409361127	0.0108074420513536	0.765459430819631	0.47
TraesNOR4A03G02133950	-0.0937156060130845	0.0197391929087761	0.76820265844627	0.5
TraesNOR4A03G02136040	0.171092372563237	0.216652188481435	0.851868366149422	0.55
TraesNOR4A03G02138480	-1.30168354424226	-0.162663689338672	0.818161081525488	0.54
TraesNOR4A03G02138740	2.67307048738133	0.0684407025861146	0.914715300445639	0.47
TraesNOR4A03G02139950	0.0232551876269533	0.0928778746473137	0.813884349794097	0.47
TraesNOR4A03G02140840	0.0281848052023011	0.0857369090664482	0.840045382595323	0.48
TraesNOR4A03G02141730	1.06850453093617	0.030614625375851	0.901608961255354	0.5
TraesNOR4A03G02143220	0.690775788868519	-0.114139954358534	0.703227973329381	0.46
TraesNOR4A03G02144090	-0.0767678488663954	-0.0509912838757982	0.904140221776183	0.51
TraesNOR4A03G02144370	-0.753880545060366	-0.194673601270992	0.821466716469662	0.65
TraesNOR4A03G02145120	-1.18918450831231	0.0440340819609436	0.773286528111788	0.51
TraesNOR4A03G02147370	-0.0106801547223901	-0.0173136073338099	0.890425850668026	0.48
TraesNOR4A03G02148170	0.159044016829331	0.00579833971194078	0.753040439750656	0.47
TraesNOR4A03G02149120	0.136169418878189	-0.276706628547695	0.842984460369222	0.35
TraesNOR4A03G02151500	-0.228387998930711	-0.131892570407067	0.815966135670438	0.49
TraesNOR4A03G02152550	-0.806697430725996	0.127007544923077	0.921171454000043	0.47
TraesNOR4A03G02153090	-1.07994180204573	0.0195748882048243	0.813516657940311	0.54
TraesNOR4A03G02154280	-1.19740735144286	0.00651986020659511	0.854031824902089	0.52
TraesNOR4A03G02154480	0.0119785573751537	-0.0271209424602882	0.804642307620753	0.49
TraesNOR4A03G02155240	-1.48317245897536	0.055609868990121	0.756786682051853	0.51
TraesNOR4A03G02156010	-0.0186015475588391	0.119659896847075	0.848241139244077	0.4
TraesNOR4A03G02156750	0.0151581375481154	0.103768254852989	0.757803797231009	0.54
TraesNOR4A03G02157950	0.881286294671747	-0.145458977022384	0.835041184426952	0.46
TraesNOR4A03G02159110	-1.57325542131986	0.0590881043233277	0.840125920562817	0.51
TraesNOR4A03G02159930	0.460903915551679	-0.0270298534050216	0.7619693307966	0.4
TraesNOR4A03G02160280	-0.966721898233072	-0.0589289019791748	0.784895926211711	0.49
TraesNOR4A03G02161000	0.528673447895541	0.0125888844330464	0.764146798785225	0.57
TraesNOR4A03G02161170	-2.51520828407413	-0.180198682594489	0.857388886663393	0.61
TraesNOR4A03G02162020	1.73286920415606	0.0718520616476303	0.78439897210092	0.52
TraesNOR4A03G02162600	-1.59230659141592	0.0122925485236924	0.808684834666076	0.49
TraesNOR4A03G02162740	0.20481892712409	-0.0412066002512815	0.793275472904395	0.43
TraesNOR4A03G02162850	-0.507704845388399	-0.000908869354350937	0.831756321021938	0.45
TraesNOR4A03G02162900	-0.362599878124274	0.0743037525765804	0.910266726772772	0.52
TraesNOR4A03G02163220	0.0416247147023727	0.0224922888427346	0.898449175610512	0.5
TraesNOR4A03G02163840	0.0588852628619822	-0.0472560397465905	0.833930729862693	0.46
TraesNOR4A03G02164640	-0.0212367612680337	0.0331451901061564	0.68372596736592	0.5
TraesNOR4A03G02165900	0.0178539387972483	0.0328340867098798	0.870760111917707	0.5
TraesNOR4A03G02166470	0.0360188524095038	-0.0245298865385284	0.905975152806243	0.51
TraesNOR4A03G02168450	-0.337598847332794	-0.00781648667331206	0.796448885858631	0.45
TraesNOR4A03G02168790	-0.3469181895958	0.0106111364694945	0.73973559990815	0.52
TraesNOR4A03G02168880	-0.202932778383906	-0.00827877835286593	0.836630917189404	0.47
TraesNOR4A03G02169150	-1.65339028975962	0.174954465923918	0.855865775110826	0.43
TraesNOR4A03G02169260	1.3920553030426	0.0216406970456846	0.899436018538086	0.52
TraesNOR4A03G02169550	0.459867374242899	0.00459753398632024	0.838629353232177	0.44
TraesNOR4A03G02169570	-0.722691871948867	0.0683468828099652	0.845547341795426	0.46
TraesNOR4A03G02169710	1.03798087766174	-0.0633613817157924	0.699064688029847	0.44
TraesNOR4A03G02170720	0.0538778834487241	0.0617241333812655	0.82614996332807	0.52
TraesNOR4A03G02174260	0.48843494211374	0.133350449068572	0.903766356702894	0.57
TraesNOR4A03G02174730	0.0194386921534118	0.153967037247145	0.815065257355688	0.58
TraesNOR4A03G02175050	1.10231300110779	0.0148382167992727	0.832451931863446	0.5
TraesNOR4A03G02175500	-0.00419991753912031	-0.0505161131324648	0.898175193467736	0.56
TraesNOR4A03G02175870	1.27114819666409	0.0326826109326894	0.667923453245268	0.55
TraesNOR4A03G02176030	-0.214201328707406	0.0651190719021282	0.758644352826738	0.46
TraesNOR4A03G02176110	-0.308887026036041	0.00721763358051477	0.89677018177439	0.5
TraesNOR4A03G02176400	-1.10859963962076	0.0992724606565638	0.822610875153899	0.46
TraesNOR4A03G02178350	-0.684413803409688	0.0966554623130965	0.774083658848273	0.46
TraesNOR4A03G02178640	1.00301895145223	0.0351511347054055	0.913686506019443	0.53
TraesNOR4A03G02178810	0.70199541916035	0.0580470805955686	0.78247103491527	0.51
TraesNOR4A03G02179410	-0.0169764480413312	0.0662479865418551	0.708582288725255	0.47
TraesNOR4A03G02180570	0.847984463671599	0.0868915312944552	0.872662815711413	0.52
TraesNOR4A03G02181770	1.09174357820672	-0.0811907385175418	0.952384717110087	0.42
TraesNOR4A03G02184590	0.0189332742166721	-0.0498269660270001	0.713586455174954	0.49
TraesNOR4A03G02184850	0.271577641163932	0.0294374760714261	0.865333662311643	0.51
TraesNOR4A03G02186500	0.709959491132825	-0.0519469448332719	0.798764002963273	0.46
TraesNOR4A03G02187010	-0.00672415523013233	0.0453269333433394	0.88450908535179	0.43
TraesNOR4A03G02188940	0.072132795404953	0.207113408932151	0.71604501678056	0.6
TraesNOR4A03G02191570	0.0642472396990971	0.0999927626098302	0.832603857770818	0.53
TraesNOR4A03G02192050	0.519997126936405	-0.101502493748932	0.802154566536982	0.43
TraesNOR4A03G02193950	-0.155007227633636	0.00445526244493254	0.837055066664787	0.51
TraesNOR4A03G02194330	1.64528042812792	0.00426970240192113	0.792404174786741	0.49
TraesNOR4A03G02194430	0.0202117796845723	-0.0312072371874184	0.775181704976427	0.48
TraesNOR4A03G02194530	-0.705706301692646	-0.138305297998502	0.812140391926277	0.62
TraesNOR4A03G02195640	-0.0717556359012144	-0.194552872485654	0.788507573782432	0.58
TraesNOR4A03G02195860	0.442988082928465	0.0367111853779629	0.914121829169843	0.48
TraesNOR4A03G02196030	-0.870574090393535	-0.0153366738670069	0.880311728029932	0.46
TraesNOR4A03G02196800	0.0528978338812788	-0.13234741499441	0.904120455650548	0.41
TraesNOR4A03G02200240	-0.0584684268510837	-0.019536656114897	1.06925383243371	0.5
TraesNOR4A03G02201170	0.394067645363573	0.151143369887668	0.80797956851622	0.51
TraesNOR4A03G02201240	-1.29058059119361	0.109953857125969	0.791787270559905	0.42
TraesNOR4A03G02207170	-0.6208640538527	-0.0469688488739738	0.882241865585246	0.54
TraesNOR4A03G02210960	0.00165153029647672	0.0904460937030531	0.792419337820295	0.52
TraesNOR4A03G02212970	0.322219562702778	-0.0485784524453355	0.810454830399578	0.45
TraesNOR4A03G02217300	-0.322942513933164	-0.0342300390689523	1.00908501282504	0.52
TraesNOR4A03G02217890	-0.963214330329386	-0.123257314495931	0.815579811786601	0.54
TraesNOR4A03G02218340	-1.1186968601465	-0.0707270858395546	0.78194874904223	0.49
TraesNOR4A03G02219500	0.010721164391722	-0.000676112245249878	0.780110023788661	0.53
TraesNOR4A03G02223140	0.950746127531097	0.17165975780019	0.64572261927242	0.68
TraesNOR4A03G02223530	0.262041242775239	-0.17156716946604	0.774318329441892	0.38
TraesNOR4A03G02223810	-0.00101435641781465	0.00339901335452444	0.892848906683372	0.51
TraesNOR4A03G02226480	-0.607163142157347	-0.0729059361016651	0.822883968762488	0.56
TraesNOR4A03G02227030	0.254937424927767	-0.168717164913442	0.816230484265265	0.41
TraesNOR4A03G02227080	0.601555990547131	0.0430693799549017	0.809686801474052	0.52
TraesNOR4A03G02230050	0.725135399811949	-0.0262389977664715	0.877628561910323	0.46
TraesNOR4A03G02233460	0.00942633773410075	0.00507929569728985	0.699705726721467	0.51
TraesNOR4A03G02234280	0.453733393278609	-0.055089444928958	0.84048516727105	0.51
TraesNOR4A03G02234370	0.334940329390869	0.00198147179835786	0.797811258250477	0.57
TraesNOR4A03G02234570	0.185791308502737	-0.130062395402812	0.725989544843344	0.45
TraesNOR4A03G02236900	0.00531252597348719	0.0267485654464311	0.776522336045773	0.51
TraesNOR4A03G02237140	0.0813096636721146	-0.102897152848104	0.795118429232214	0.45
TraesNOR4A03G02238190	0.730518609151887	-0.0323905838429859	0.893028154327387	0.48
TraesNOR4A03G02238290	0.416348868529346	0.0856675423878428	0.740983571356376	0.53
TraesNOR4B03G02240640	0.200267186140703	0.0224135353856704	0.87295266920354	0.47
TraesNOR4B03G02241060	-1.29174381817316	-0.0668374184650771	0.86757782749931	0.52
TraesNOR4B03G02241180	-0.650039911286024	0.00815195784471454	0.913258376458098	0.47
TraesNOR4B03G02242120	0.0420461573242388	0.109851578172556	0.908333760988529	0.55
TraesNOR4B03G02242250	1.06920020961135	0.0912015782989769	0.943340012704473	0.56
TraesNOR4B03G02243360	-0.510617707695665	0.0639877320054363	0.887110147166394	0.51
TraesNOR4B03G02243370	1.25230587867186	0.0951820971185225	0.809825353086836	0.51
TraesNOR4B03G02244130	1.09283408783421	-0.0317090998868279	0.844201522279932	0.51
TraesNOR4B03G02244470	-0.706216125752217	-0.0519371125296044	0.744906143243132	0.51
TraesNOR4B03G02244890	-0.367944598699751	0.0392658339573869	0.78579339500238	0.48
TraesNOR4B03G02245360	0.359153162554194	-0.112335179417717	0.869287813191729	0.46
TraesNOR4B03G02246000	0.239177388260368	-0.0201572135827582	0.681427764934569	0.47
TraesNOR4B03G02246240	-0.637098693160558	-0.0116413808603219	0.794072934201494	0.53
TraesNOR4B03G02246470	0.0750462776387083	0.020645382249228	0.856249494884577	0.49
TraesNOR4B03G02246570	-2.1467247421209	-0.00915154615909056	0.817002263403497	0.45
TraesNOR4B03G02248010	0.113271596241111	-0.0361810961094887	0.811204268508667	0.48
TraesNOR4B03G02250020	0.724659964782854	-0.0238813222448456	0.92163580136246	0.52
TraesNOR4B03G02250630	-0.232726204671175	0.0116238003310514	0.887496803722032	0.5
TraesNOR4B03G02251260	-0.351355291648237	0.0656673158716421	0.751022330558562	0.49
TraesNOR4B03G02251620	0.125670808904729	0.26305352528948	0.880699124803613	0.61
TraesNOR4B03G02252950	0.439760746453862	0.0270448577657865	0.965051876560521	0.53
TraesNOR4B03G02253100	-0.445191419048894	-0.0111203114625512	0.782357012676155	0.51
TraesNOR4B03G02254000	-0.00604289825176832	-0.113182937326958	0.798153010372875	0.57
TraesNOR4B03G02254010	-0.626281912269762	0.051264763803129	0.74901510541089	0.49
TraesNOR4B03G02254930	-0.010693553317141	-0.0692757697810958	0.78680233026516	0.52
TraesNOR4B03G02254970	1.41257617171929	-0.0200504399872758	0.883288436678142	0.51
TraesNOR4B03G02255270	1.69747687022896	-0.121253236899014	0.889360291464891	0.43
TraesNOR4B03G02255310	-0.211351002319418	0.130356251617417	0.876476278846723	0.46
TraesNOR4B03G02255450	-0.235471344861494	-0.102904057970052	0.790677499542131	0.51
TraesNOR4B03G02255940	-0.22700760613289	-0.0936943668938781	0.943668770216022	0.53
TraesNOR4B03G02256170	-0.0151769723770888	0.120962710204705	0.859915549772166	0.37
TraesNOR4B03G02256190	0.556986379147827	0.223511051762749	0.736437744939147	0.63
TraesNOR4B03G02257130	-0.400581160255201	0.0955404489091196	0.893496916318426	0.44
TraesNOR4B03G02257240	0.571967575338677	0.0303057288436161	0.95274939548326	0.45
TraesNOR4B03G02258550	0.0743541195207718	0.0355591971577169	0.773080669140391	0.53
TraesNOR4B03G02258750	-0.413803890609418	-0.0979616560449657	0.883237946110267	0.5
TraesNOR4B03G02261560	-0.396142894682176	-0.105391758146804	0.926074611138875	0.49
TraesNOR4B03G02262980	-1.63809757793341	-0.00887350785978571	0.776930767505083	0.47
TraesNOR4B03G02263030	-1.30477741076293	0.0318814528203821	0.831525816488316	0.48
TraesNOR4B03G02263170	-0.0316727494101659	-0.0422775297744087	0.807305279388862	0.56
TraesNOR4B03G02265410	-0.953862157707141	0.00970432706447608	0.862739179270691	0.49
TraesNOR4B03G02266190	1.23408670973235	-0.074985138712741	0.810375161440832	0.46
TraesNOR4B03G02270250	0.0822792785428281	-0.0790454574501494	0.867701748403269	0.51
TraesNOR4B03G02270860	-0.208236259035125	0.00351657281987394	0.88216948930864	0.5
TraesNOR4B03G02271540	-0.256868602392548	0.128597795542459	0.876561595945635	0.46
TraesNOR4B03G02272500	-1.09926466298484	0.0301339524033275	0.760449888060548	0.53
TraesNOR4B03G02272570	-0.784678406770759	0.107433960774872	0.788655242562129	0.41
TraesNOR4B03G02275140	0.602985189761822	-0.164691978647073	0.775268064431474	0.41
TraesNOR4B03G02276110	-0.212881458170104	0.0335486541027099	0.765097055123693	0.54
TraesNOR4B03G02279120	1.30027687343664	-0.00738857840550594	0.670811483650965	0.49
TraesNOR4B03G02280160	1.38591168692797	0.0432096088578793	0.858261808323497	0.49
TraesNOR4B03G02280620	-0.0107300307933393	-0.0617889984153823	0.803408950009147	0.48
TraesNOR4B03G02280910	-0.62880784324104	0.016903870389681	0.920048384044863	0.51
TraesNOR4B03G02283090	0.0379062725736639	-0.0723489437769255	0.716189029529041	0.51
TraesNOR4B03G02284360	0.49872112848991	-0.0132284622842938	0.904921414866326	0.45
TraesNOR4B03G02284450	0.640637898386785	-0.11328890828516	0.966752101223267	0.42
TraesNOR4B03G02284670	1.29259634400214	0.0463930909424628	0.73174085849184	0.53
TraesNOR4B03G02285060	-1.08053397582941	-0.06265879364172	0.814615162944979	0.51
TraesNOR4B03G02288440	0.28661906224149	-0.00266537514777223	0.617309840868794	0.53
TraesNOR4B03G02288450	0.407187712115703	-0.0244351270883957	0.980031311602344	0.46
TraesNOR4B03G02289280	-0.535773079203851	0.13099579694734	0.737013217197756	0.5
TraesNOR4B03G02290660	0.794918609117099	0.109681652746227	0.773264678214264	0.54
TraesNOR4B03G02292890	0.670396767517961	0.0679553510532255	0.801781324714409	0.51
TraesNOR4B03G02292920	0.763502964286802	-0.0980204848309748	0.845327592617574	0.48
TraesNOR4B03G02294590	-0.402187505705016	-0.0647890953840615	0.874379704183005	0.52
TraesNOR4B03G02295480	0.0322469072444654	-0.0300832362027275	0.624186296619471	0.45
TraesNOR4B03G02296320	-0.586515283561005	-0.0305316770445772	0.887371525865947	0.52
TraesNOR4B03G02296690	-0.647627339961243	-0.0480630422318378	0.832206441691118	0.45
TraesNOR4B03G02298040	-0.720211796285797	0.0282147250100061	0.885492266665252	0.43
TraesNOR4B03G02299120	-0.446370797257148	0.133680137453956	0.782333884056357	0.42
TraesNOR4B03G02299280	-1.25435892408165	-0.00541817978543472	0.883593567877354	0.54
TraesNOR4B03G02299450	-0.278916888391976	0.167070049821343	0.838791075953816	0.47
TraesNOR4B03G02299460	-0.525119850068487	0.0622062113075133	0.839044168146848	0.52
TraesNOR4B03G02300470	-1.71296366029436	-0.101898242297355	0.797575241593323	0.52
TraesNOR4B03G02301480	0.0580155740216074	-0.0696913146565557	0.978650772747303	0.48
TraesNOR4B03G02309040	1.40774569584424	0.000712399714895086	0.842491712157965	0.53
TraesNOR4B03G02310780	0.0299736856633827	-0.0148906327459883	0.856173279490331	0.51
TraesNOR4B03G02315770	1.02904241761939	-0.0291208010058392	0.718085321201693	0.46
TraesNOR4B03G02316810	-0.341939314060485	0.037788362765267	0.895192997680394	0.51
TraesNOR4B03G02320340	0.00618989750331835	-0.0760119349501389	0.825427913844862	0.45
TraesNOR4B03G02321390	0.0220178025425683	0.0545168844129574	0.773634785758506	0.53
TraesNOR4B03G02321890	0.02802521255532	0.0824081923034302	0.80535728762752	0.54
TraesNOR4B03G02322220	0.943817787021713	0.149143343273451	0.755544605834424	0.55
TraesNOR4B03G02322330	-0.531517958510175	0.0128106149007035	0.816382007866651	0.49
TraesNOR4B03G02323650	-0.0164097656184625	0.123162289760982	0.939532478156605	0.43
TraesNOR4B03G02329410	-0.259867267812846	-0.0878367972593891	0.872480530145891	0.53
TraesNOR4B03G02330080	0.670908427521001	0.0540535759298647	0.919303735696794	0.5
TraesNOR4B03G02331300	-0.53074486744411	-0.0606854201783824	0.795861046274564	0.47
TraesNOR4B03G02333210	0.0651298026964763	-0.0261893899774743	0.822887486653687	0.46
TraesNOR4B03G02333580	-0.140409371102716	-0.000442388632668272	0.802600467686449	0.47
TraesNOR4B03G02335660	-0.915115280380058	-0.0669988849858658	0.888086595870864	0.56
TraesNOR4B03G02336260	-0.0260513242010093	0.129779360554315	0.81947208841537	0.41
TraesNOR4B03G02336270	1.36872822953299	0.190363317077642	0.911047609215516	0.57
TraesNOR4B03G02336460	-1.84112079727463	0.0196997382729001	0.924500573023583	0.46
TraesNOR4B03G02336960	-0.660851221912226	0.0726927235595931	0.712775192107079	0.52
TraesNOR4B03G02337780	1.16456650099432	-0.152414975227011	0.87565253003239	0.39
TraesNOR4B03G02338560	-0.700146045590017	0.0141641524343108	0.772430669241566	0.47
TraesNOR4B03G02342290	-0.288132935353233	0.0384147049204262	0.896834084351939	0.51
TraesNOR4B03G02343850	-0.81285694757397	0.0724671735553176	0.87903890731434	0.48
TraesNOR4B03G02344400	0.631695183450916	-0.0318661126996298	0.866797415743024	0.42
TraesNOR4B03G02345540	1.11221782788121	-2.55265150769652e-05	0.75493353377274	0.51
TraesNOR4B03G02346570	-0.813218455453666	0.0291467070410371	0.812942290301067	0.46
TraesNOR4B03G02347640	-0.551725852713325	-0.0999216464362989	0.800463111957148	0.53
TraesNOR4B03G02347810	-0.0113596174497949	-0.00468926870490157	0.8665934292681	0.51
TraesNOR4B03G02348660	0.381669662602076	-0.20441967582522	0.869116588046679	0.44
TraesNOR4B03G02350030	0.664044096697755	0.0454018860401164	0.666055152671375	0.47
TraesNOR4B03G02350280	1.46830941751055	-0.00596944733159546	0.880903058095029	0.53
TraesNOR4B03G02350700	0.4001288059812	0.14297717603617	0.841751138120934	0.55
TraesNOR4B03G02350790	0.977718625544235	-0.0781729663432504	0.735458909650768	0.5
TraesNOR4B03G02353100	0.955670706564439	0.0508873630280003	0.753537526304426	0.61
TraesNOR4B03G02353140	0.0816261232196796	-0.0507732105146782	0.773812014429197	0.55
TraesNOR4B03G02353230	-0.23268955309288	0.11291954891478	0.788567441467679	0.46
TraesNOR4B03G02353790	-0.448281468286238	-0.165305678819695	0.803005234381313	0.55
TraesNOR4B03G02355730	-0.20656096148705	0.0251845713781916	0.871813650796093	0.45
TraesNOR4B03G02356160	1.20238141870719	0.00578925790001283	0.832592804814326	0.45
TraesNOR4B03G02356810	1.82304787754771	0.0182244132434764	0.790872254614386	0.52
TraesNOR4B03G02357470	0.0574607709412488	0.185285553545309	0.832283172974834	0.6
TraesNOR4B03G02359230	0.156596622797354	0.0707936507315933	0.862608050640117	0.52
TraesNOR4B03G02360070	-1.08272837202753	-0.034230990993378	0.788260374785535	0.48
TraesNOR4B03G02360210	0.196785624497401	0.0535988821415142	0.81168039359364	0.47
TraesNOR4B03G02362330	0.554318864321118	0.0678748150406176	0.80092003129227	0.54
TraesNOR4B03G02366200	0.0225049540774852	-0.0787892325499754	0.866780835262074	0.44
TraesNOR4B03G02368410	0.0337136536295022	-0.0640152047177632	0.880903130777359	0.44
TraesNOR4B03G02369410	-0.337065620817744	-0.137404508194623	0.753623644979965	0.54
TraesNOR4B03G02370480	-1.84634379556726	-0.0900083752643754	1.00318437194702	0.55
TraesNOR4B03G02370700	0.657863166796175	-0.101707590692389	0.790937326609942	0.41
TraesNOR4B03G02371100	-0.911133909352724	0.0369254271052689	0.797434509656422	0.54
TraesNOR4B03G02372710	-0.784974634876526	-0.234983032168404	0.663486151264808	0.58
TraesNOR4B03G02374070	-0.680816203485544	-0.0504615492600408	0.932562165160356	0.52
TraesNOR4B03G02374220	-0.424691166197863	-0.0225912538295035	0.773500476140555	0.51
TraesNOR4B03G02374380	1.53244927688173	0.0710954746782079	0.801781919154297	0.5
TraesNOR4B03G02378090	0.871855348289287	-0.0467904557469772	0.905545376655465	0.47
TraesNOR4B03G02378230	-0.114575372788736	0.0907978064369685	1.07365357109096	0.47
TraesNOR4B03G02379100	-0.605307681426467	0.0655240674360697	0.847118898954142	0.43
TraesNOR4B03G02379350	0.083955764766033	0.0479797610677092	0.788745785943401	0.52
TraesNOR4B03G02380770	-2.15483039858963	-0.193668066111529	0.837619329484509	0.58
TraesNOR4B03G02381050	1.07746659768527	0.101181775979998	0.90463279037999	0.51
TraesNOR4B03G02381910	0.0550835653868752	-0.0706682561546134	0.950409973055783	0.49
TraesNOR4B03G02382270	-0.745794090103623	0.0987844017090568	0.793130716701236	0.44
TraesNOR4B03G02382300	1.5870164804397	0.113867983695556	0.824299186706654	0.62
TraesNOR4B03G02382850	-1.68501145697904	0.160067089842209	0.801415490217958	0.45
TraesNOR4B03G02383200	-0.166414941601942	-0.0165369330389127	0.677147797000514	0.51
TraesNOR4B03G02383210	0.333468901168806	-0.0569669500028981	0.756079673290536	0.45
TraesNOR4B03G02385680	-0.813893264035967	-0.138392066438597	0.839396578962721	0.58
TraesNOR4B03G02386390	-0.070150965044109	0.120282750883599	0.970679139206111	0.46
TraesNOR4B03G02387050	0.0186252310718371	0.00858340195170179	0.872127878838908	0.53
TraesNOR4B03G02388340	0.921401683042681	0.0407895615796306	0.859340248629542	0.59
TraesNOR4B03G02389180	0.0468991935225746	-0.0830921184821814	0.908701986615788	0.41
TraesNOR4B03G02392900	0.00723349199441216	-0.00179904874348849	0.876803887591781	0.48
TraesNOR4B03G02394310	-0.0413562410728436	-0.0463073147762409	0.94789620433264	0.58
TraesNOR4B03G02394760	-0.784267483446966	0.118374646733121	0.827690920377504	0.42
TraesNOR4B03G02398310	1.05043725998271	0.112574093548974	0.838140537534714	0.55
TraesNOR4B03G02398630	-0.331439864952128	0.102372903994846	0.907152776916693	0.45
TraesNOR4B03G02399610	-1.66852631429085	-0.0618256453676149	0.985366342525455	0.54
TraesNOR4B03G02400760	0.374827045715689	-0.0915952660716534	0.764077629265606	0.46
TraesNOR4B03G02401460	0.00709620170595188	-0.0252422904296175	0.846286349127144	0.52
TraesNOR4B03G02401520	0.478556243758998	0.00173741266469637	0.818343041755686	0.5
TraesNOR4B03G02402760	0.954217443710193	-0.125551434654365	0.830679524573378	0.42
TraesNOR4B03G02402970	1.5227824886383	-0.0114266804633937	0.818942977381008	0.54
TraesNOR4B03G02403150	-0.960124610481591	0.0374360721980753	1.0149830353278	0.5
TraesNOR4B03G02405160	0.706985690474713	0.0392064288561754	0.849690985872634	0.48
TraesNOR4B03G02405280	-0.00367001695773737	0.0171516140459941	0.860148335499579	0.45
TraesNOR4B03G02405810	1.40010120160531	-0.0216014164754281	0.797434037185541	0.48
TraesNOR4B03G02406400	-1.65218768283164	0.0330026727181287	0.748350029579059	0.55
TraesNOR4B03G02406520	0.0356583140223507	-0.0334323776236526	0.898970482250762	0.52
TraesNOR4B03G02407300	-1.02006251531729	0.115686650444433	0.845598060348525	0.49
TraesNOR4B03G02407310	0.0210905069799419	0.0378763796744254	0.875508661374208	0.57
TraesNOR4B03G02408580	-0.177378050512703	-0.128742453239382	0.87055970667885	0.52
TraesNOR4B03G02413190	0.962174963721401	0.00757580436053121	0.884652591156725	0.52
TraesNOR4B03G02413600	-0.226835545142386	-0.119967582996098	0.753697699740226	0.62
TraesNOR4B03G02416620	0.905749224426789	-0.210942883467547	0.84311369151671	0.4
TraesNOR4B03G02417580	1.02761818749304	0.0106552539150502	0.774535581165677	0.54
TraesNOR4B03G02418010	0.0384547054541262	-0.0726496125797713	0.799979923127478	0.39
TraesNOR4B03G02419620	-2.95302281995883	-0.0912488722135189	0.888098222676192	0.58
TraesNOR4B03G02421880	-0.562924977070952	-0.133385747237637	0.832374439657756	0.56
TraesNOR4B03G02422220	-0.111595837465203	-0.014778829713277	0.878453777697264	0.53
TraesNOR4B03G02423510	-0.0112355074116218	-0.0338579448924317	0.861055741045232	0.53
TraesNOR4B03G02425010	1.03710851504383	-0.0453558052246949	0.952749775437151	0.53
TraesNOR4B03G02425370	-0.72621479614683	0.0445720698478062	0.910893195973431	0.47
TraesNOR4B03G02425390	0.959393782952127	0.19692673239031	0.826092244541201	0.57
TraesNOR4B03G02427420	-0.9703508795372	-0.0484510879306055	0.895426997839571	0.55
TraesNOR4B03G02429130	-1.45094413641601	-0.0327208642143715	0.84081134657276	0.49
TraesNOR4B03G02430050	0.933445471738448	-0.046236101358155	0.809408812136033	0.43
TraesNOR4B03G02430340	0.263952248647224	-0.021400034135756	0.890503034622175	0.46
TraesNOR4B03G02430770	-1.50721153184511	-0.00949703893991707	0.853159831905792	0.55
TraesNOR4D03G02431830	0.34763709022129	0.0419573079009242	0.896211750914039	0.49
TraesNOR4D03G02431880	-0.00336431288198447	-0.0312620793406243	0.813993700999356	0.51
TraesNOR4D03G02432100	-0.712424437348508	0.211799301958228	0.873489581531413	0.44
TraesNOR4D03G02432110	-0.51300177696845	-0.0490299335331232	0.809801554979386	0.64
TraesNOR4D03G02432130	0.0422735720407698	0.047285255945723	0.796969794044006	0.49
TraesNOR4D03G02432380	-0.693620914193201	0.0103511942718305	0.803424117754682	0.47
TraesNOR4D03G02432790	0.184512708089594	0.0665018037455497	0.908528787392184	0.53
TraesNOR4D03G02432800	0.191003621170594	-0.142566928158377	0.68328329205438	0.37
TraesNOR4D03G02432880	-0.0644879600831268	-0.0506715509797315	0.825022272140272	0.61
TraesNOR4D03G02433140	-1.08505838278474	0.166435315925946	0.863252731736386	0.43
TraesNOR4D03G02433570	0.328727267904745	-0.0519507626247755	0.815927173127509	0.56
TraesNOR4D03G02435270	0.939537933245377	0.0100142399715233	0.929623615820309	0.45
TraesNOR4D03G02435310	0.439132524003497	-0.0216201059600548	0.829207228819013	0.57
TraesNOR4D03G02435470	0.201999819794155	0.0231028958691711	0.836466065574814	0.54
TraesNOR4D03G02435480	0.918938479017388	0.115532600494327	0.760684370342543	0.58
TraesNOR4D03G02435760	0.433924779323477	-0.133184606387413	1.01144560684293	0.49
TraesNOR4D03G02435850	0.505730852417391	0.0227448897518923	0.957858587364715	0.53
TraesNOR4D03G02435910	-0.429404042744969	-0.0383153676959588	0.851887985692853	0.5
TraesNOR4D03G02436620	-0.364244163938843	0.0685528416891977	0.930199629197667	0.48
TraesNOR4D03G02437280	0.198913156441537	0.063273068102805	0.81966260995963	0.54
TraesNOR4D03G02437300	0.161057911881949	-0.0575571980254605	0.840754238286244	0.46
TraesNOR4D03G02437960	0.348276294928554	-0.0488791162571652	0.875769662770641	0.47
TraesNOR4D03G02438570	-0.430823349963939	0.103801518296071	0.746898188905298	0.49
TraesNOR4D03G02438850	-0.448723679261997	0.0572444456902305	0.769438202704825	0.45
TraesNOR4D03G02438940	0.143894860791353	0.0518818883946631	0.821155860133163	0.52
TraesNOR4D03G02439510	-0.666932379327211	-0.0395711280597881	0.76835700662466	0.46
TraesNOR4D03G02439540	0.969436746574374	0.169120611949788	0.793334778394471	0.59
TraesNOR4D03G02439560	-0.0137494682674548	0.00595430092916517	0.843332615003066	0.46
TraesNOR4D03G02439900	0.400778317448983	-0.0242584721055451	0.77780507277589	0.52
TraesNOR4D03G02439980	-1.00947530615192	0.146725485438159	0.857266051835896	0.43
TraesNOR4D03G02440310	-0.799041888948583	-0.0869675614891799	0.885264903638199	0.51
TraesNOR4D03G02440890	0.763482729678845	0.0817061058380053	0.741413159586487	0.56
TraesNOR4D03G02440970	0.442573662217304	0.0797654912626365	0.776850138812801	0.51
TraesNOR4D03G02441090	-0.901367561981798	-0.0342694937686445	0.717162566930296	0.54
TraesNOR4D03G02441620	1.71126185084013	0.00830717870368577	0.924965279259029	0.46
TraesNOR4D03G02441690	0.486956508898942	0.098788959992543	0.65227754998076	0.53
TraesNOR4D03G02441750	-1.4149771218084	0.112161544855529	1.01264522359356	0.51
TraesNOR4D03G02441990	0.102071084662508	0.075917581890592	0.802570483813393	0.52
TraesNOR4D03G02442140	-0.901574043355434	-0.0158004309514348	0.830411207169652	0.42
TraesNOR4D03G02443340	-0.561156053473555	-0.0287834140141411	0.807353715316287	0.57
TraesNOR4D03G02443760	-0.0052918027965251	0.147357882193458	0.809108672079418	0.44
TraesNOR4D03G02443810	0.0234889941887816	-0.0827922379816868	0.81268936805843	0.43
TraesNOR4D03G02444710	-0.599187028801935	-0.0415636627464794	0.795646160553003	0.52
TraesNOR4D03G02444900	-0.990807986376379	0.0294894552476962	0.880087216740437	0.51
TraesNOR4D03G02445100	0.913576666495257	0.0708706446700734	0.833016702106885	0.54
TraesNOR4D03G02447860	0.126227717093593	-0.17181568268943	0.869241989016351	0.39
TraesNOR4D03G02448270	0.28829683214375	-0.112653320620323	0.919114687858224	0.43
TraesNOR4D03G02448600	0.676481910275696	0.0788013245043739	0.820591455223658	0.57
TraesNOR4D03G02448760	2.00286302193683	-0.0378806014353218	0.825593830910475	0.46
TraesNOR4D03G02449080	-0.435332364885931	-0.0834344965221071	0.897596811225413	0.53
TraesNOR4D03G02449670	0.582847513405459	0.133280857757297	0.902788993280596	0.56
TraesNOR4D03G02450120	0.481900514488633	-0.0401967004081752	0.948845178454486	0.48
TraesNOR4D03G02450720	0.148078133679607	0.111041228126475	0.821356311966899	0.58
TraesNOR4D03G02451220	-0.980692278302298	0.0119835915982066	0.746803418668374	0.54
TraesNOR4D03G02451700	-1.13644422721144	0.140012790013136	0.857897575914399	0.47
TraesNOR4D03G02452410	0.229240185851738	-0.0260071913180576	0.839859309986516	0.51
TraesNOR4D03G02452720	0.4500993949622	0.0609434634071298	0.872036542800548	0.54
TraesNOR4D03G02453710	-0.026722907844057	-0.0532512731383467	0.843275087856196	0.54
TraesNOR4D03G02454460	-1.24256482407657	-0.151220235603543	0.80843813463281	0.54
TraesNOR4D03G02455290	0.039098642765441	0.141364513277959	0.902803338200017	0.56
TraesNOR4D03G02455460	1.30388223053047	0.0416947563342704	0.941612346155382	0.55
TraesNOR4D03G02455860	-1.23449955543034	-0.0118960400159633	0.872096165419671	0.51
TraesNOR4D03G02456010	0.144006587452639	0.141405961340769	0.818468486455048	0.56
TraesNOR4D03G02457400	-0.0454277817805789	0.132030839712174	0.738614215847738	0.44
TraesNOR4D03G02457660	-0.271842429956166	-0.0606336249604432	0.761742368183634	0.58
TraesNOR4D03G02457770	0.026709261125315	-0.0225553834215201	0.864429631168512	0.55
TraesNOR4D03G02458170	-0.293643438457998	-0.134074219385433	0.831753630099784	0.58
TraesNOR4D03G02458580	1.02222310468773	0.113152367304111	0.807087912421829	0.62
TraesNOR4D03G02458920	0.186068375216608	-0.00324089078924394	0.884808685034798	0.51
TraesNOR4D03G02459950	0.0134645244684031	0.0558659919948029	0.853417852383036	0.59
TraesNOR4D03G02460070	0.0940518078020531	-0.0467255501823869	0.805358367262938	0.51
TraesNOR4D03G02460580	-0.0176739815411859	0.0117492115116066	0.809428615092994	0.5
TraesNOR4D03G02460890	-0.330362013701572	0.0226933520072973	0.808411608434368	0.49
TraesNOR4D03G02461770	0.779667990473243	0.0750522366116109	0.806960315807315	0.48
TraesNOR4D03G02462090	-1.22687061959571	0.0898919613489379	0.873752099471336	0.42
TraesNOR4D03G02462110	-1.38604834566063	-0.219140006982631	0.772549218240104	0.55
TraesNOR4D03G02462260	0.272693620377824	0.172161863093583	0.917460104867965	0.59
TraesNOR4D03G02463800	0.0763288429105878	-0.0610400864393029	0.873742692792421	0.5
TraesNOR4D03G02463920	0.72139096370933	0.16427413929051	0.844694478846458	0.56
TraesNOR4D03G02464030	0.559400471611256	-0.0545978037317138	0.923211779369227	0.49
TraesNOR4D03G02464470	0.510872259355977	-0.00911879179110214	0.815492191420112	0.42
TraesNOR4D03G02464990	0.0206202302582572	-0.161912211886419	0.945202848525282	0.44
TraesNOR4D03G02465190	-1.60381640255658	0.0237694578821694	0.83768346742407	0.46
TraesNOR4D03G02466020	0.983968257386333	-0.148696946322008	0.8587258762103	0.37
TraesNOR4D03G02467290	0.0742549850356281	0.0176247060481554	1.01491653437103	0.51
TraesNOR4D03G02467470	0.907180382542	0.0421252174348192	0.870519200065597	0.5
TraesNOR4D03G02469520	-0.535769377550674	-0.0104251902669116	0.705408468811429	0.49
TraesNOR4D03G02469710	0.135501943500261	0.0133572905694778	0.873814084044904	0.57
TraesNOR4D03G02469990	0.899184198371729	0.124419085636734	0.722211180030891	0.58
TraesNOR4D03G02470920	0.242911959512402	0.236386102123968	0.795879500175029	0.56
TraesNOR4D03G02471630	1.44440773257304	0.109258798228108	0.800511449529481	0.57
TraesNOR4D03G02472970	0.692484294576962	-0.0972909909173257	0.824171215614276	0.45
TraesNOR4D03G02473180	-0.014981377063247	-0.00849891568430364	0.907677914832462	0.52
TraesNOR4D03G02473550	1.34665149857342	-0.0136452141813988	0.841135056791479	0.51
TraesNOR4D03G02474040	1.23808288891903	0.0765042387472455	0.750539753145619	0.54
TraesNOR4D03G02474060	-2.03558984857171	-0.101296341876567	0.890441334211184	0.56
TraesNOR4D03G02474110	1.13068617355925	-0.0141377042163046	0.907620670960349	0.52
TraesNOR4D03G02474750	-0.630487150228642	-0.0434653931926631	0.801626171497463	0.49
TraesNOR4D03G02474890	0.783740354227469	-0.145842021772329	0.752564346525875	0.45
TraesNOR4D03G02474900	-1.45008776129563	-0.0658301312161148	0.904825685145387	0.55
TraesNOR4D03G02475020	0.0662936689760346	0.141209904870555	0.876567026129418	0.52
TraesNOR4D03G02475500	0.00565495023073866	0.10292949916978	0.830745125505595	0.49
TraesNOR4D03G02476390	-0.0446688690662036	0.0812167497265074	0.892826459507884	0.52
TraesNOR4D03G02476520	0.685679498227478	-0.0654234976816367	0.776092103813103	0.49
TraesNOR4D03G02477170	0.952381509744495	0.0975455634432826	0.871871682437401	0.56
TraesNOR4D03G02477800	0.143926629399689	0.0631692826993441	0.916341244933535	0.47
TraesNOR4D03G02478170	-0.763293607915872	-0.0232843885916867	0.763369877901273	0.51
TraesNOR4D03G02478860	-0.595838641299373	-0.173374437169926	0.781375497046523	0.59
TraesNOR4D03G02480910	1.40384388912884	0.0355812096753793	0.775595676309586	0.51
TraesNOR4D03G02483250	0.026557506173045	0.0576908453853261	0.817156084612806	0.58
TraesNOR4D03G02484540	0.925206632203271	-0.0134909841291148	0.803569788767875	0.5
TraesNOR4D03G02486710	-0.0111697731969854	-0.00716281157987826	0.867368697407138	0.46
TraesNOR4D03G02486890	0.87054257061986	0.03317798226221	0.94052648174452	0.56
TraesNOR4D03G02487390	0.16849172213657	0.0928547701181797	0.915855656679939	0.51
TraesNOR4D03G02487820	0.725025626822528	0.218455412801528	0.771898412693266	0.63
TraesNOR4D03G02488030	0.352864869755211	-0.117425869476999	0.865235625125552	0.5
TraesNOR4D03G02488810	-0.614825275430504	0.0927900635754756	0.736331543664238	0.46
TraesNOR4D03G02489530	-0.297315513712527	-0.0116299890188813	0.931418477356803	0.52
TraesNOR4D03G02490260	-0.998883068191919	-0.00338041461390943	0.842215858999504	0.56
TraesNOR4D03G02490930	-2.24602822296784	0.0573623518251273	0.836125082192463	0.43
TraesNOR4D03G02491960	-0.689662110846765	0.0553877368366649	0.869650619521648	0.48
TraesNOR4D03G02492950	-0.839972184937677	-0.0613484274640487	0.837007093402489	0.56
TraesNOR4D03G02494560	-0.485798656036204	-0.0052656917368156	0.768359185908233	0.49
TraesNOR4D03G02495340	-0.479180979292707	-0.108647561426413	0.945875943790773	0.54
TraesNOR4D03G02495360	-0.0565111151919078	0.112221710757743	0.86722695842955	0.45
TraesNOR4D03G02496470	-1.934352103062	0.0307745084664554	0.914660063138949	0.46
TraesNOR4D03G02496940	0.895295377892596	0.0352342295495504	0.796578640872387	0.49
TraesNOR4D03G02498360	-0.372615428130796	-0.0682821897737304	0.686894349762848	0.5
TraesNOR4D03G02499730	-0.006357265779771	-0.0464451396003874	0.793988353609463	0.53
TraesNOR4D03G02501110	-0.22562869571575	0.0331401751040249	0.848215235497015	0.5
TraesNOR4D03G02503130	0.0375586364425814	-0.0887894913983602	0.889774949050992	0.45
TraesNOR4D03G02504600	0.223873276957597	0.0907183031775426	0.749413948919694	0.58
TraesNOR4D03G02505580	0.794036796052271	-0.0718932224660412	0.726468105639188	0.48
TraesNOR4D03G02507420	-0.999025895506948	-0.0538395238716113	0.98871572588279	0.51
TraesNOR4D03G02509610	0.270789188247737	0.0878132770719826	0.812924859754246	0.51
TraesNOR4D03G02509720	-0.227051380156567	0.0637736940022279	0.793992717767395	0.48
TraesNOR4D03G02510680	-0.252905366468878	0.00293398478386604	0.95863488498584	0.5
TraesNOR4D03G02511150	-0.316061598844391	0.0343239715626784	0.94965772396294	0.52
TraesNOR4D03G02511410	0.421021642064907	-0.00129176037171615	0.811852220226715	0.46
TraesNOR4D03G02511610	-0.061150429856084	-0.0361539345893787	0.79856613693991	0.51
TraesNOR4D03G02512370	-0.742613230173914	-0.157002928063191	0.724866236109743	0.57
TraesNOR4D03G02512400	0.546297271869674	0.00228842276581895	0.907125751779559	0.5
TraesNOR4D03G02512620	0.166696264794354	0.0375967701274493	0.81833648920314	0.51
TraesNOR4D03G02512860	-0.936400326370449	0.00788853077362086	0.767971209305085	0.5
TraesNOR4D03G02513230	0.675058590571121	-0.0139364974530201	0.737315052060376	0.47
TraesNOR4D03G02513800	-0.0125031364403287	-0.18643376212858	0.881114484011812	0.51
TraesNOR4D03G02514050	-1.34919140560355	-0.078528856384179	0.687331518574357	0.51
TraesNOR4D03G02514290	0.48457990747998	0.0831510683390067	0.833057407147925	0.52
TraesNOR4D03G02514310	0.169846591534847	0.0378490152040767	0.836929607891584	0.56
TraesNOR4D03G02514530	-0.767334179021496	0.0197552217266582	0.886525476575732	0.52
TraesNOR4D03G02515550	-0.167085442408083	0.0656347523921822	0.897282056962239	0.49
TraesNOR4D03G02515630	-1.94251491393253	-0.0859451215640452	0.969536053094521	0.51
TraesNOR4D03G02516140	0.118935663328955	-0.0666701983699198	0.785890835844566	0.51
TraesNOR4D03G02516510	1.18960357906928	-0.0672603221323238	0.877468652117556	0.42
TraesNOR4D03G02516710	0.834536803615999	-0.00574634317904888	0.914400588115879	0.49
TraesNOR4D03G02516930	-0.659221855344675	0.0314107906391547	0.828547854452663	0.53
TraesNOR4D03G02516980	0.699027696233721	0.1014197652213	0.844978568026086	0.61
TraesNOR4D03G02517370	-2.19957718437628	-0.0821480081937172	0.987775952884495	0.58
TraesNOR4D03G02517750	0.525805697868563	0.0207843390126837	0.788808023470266	0.54
TraesNOR4D03G02517900	-0.514087658600085	0.0624176158674315	0.841233084669951	0.47
TraesNOR4D03G02518270	-0.243054968390065	0.00176085230924093	0.865005050888198	0.53
TraesNOR4D03G02518880	0.00795716051661772	-0.0485072195544691	0.95881595528753	0.53
TraesNOR4D03G02519390	0.541094613672529	0.048781258232401	0.830329395965102	0.59
TraesNOR4D03G02520170	-0.0623302207093051	0.0121912129794281	0.756883363870929	0.56
TraesNOR4D03G02520350	-0.861579742396566	-0.0825051746251078	0.968411444430594	0.54
TraesNOR4D03G02520740	0.947550810136745	0.0639282351296927	0.785261258921097	0.48
TraesNOR4D03G02520960	-0.78280421936947	0.11776299468734	0.854827719746123	0.46
TraesNOR4D03G02521050	-0.245691860537229	0.0870334744995771	0.724691645450877	0.5
TraesNOR4D03G02521270	0.994328778433895	0.0895208446527336	0.921628825964096	0.49
TraesNOR4D03G02521610	0.0166671934633049	0.110600939993037	0.797925876026561	0.49
TraesNOR4D03G02523250	0.224165410805475	0.0380460067069074	0.702646472866472	0.52
TraesNOR4D03G02523540	-0.593331887519525	0.151579865642924	0.734443200339517	0.42
TraesNOR4D03G02523780	-0.205122941172978	-0.0706237150398522	0.781910600838353	0.56
TraesNOR4D03G02523870	-0.416085015124619	0.129493912050625	0.769033589827113	0.46
TraesNOR4D03G02523880	0.38175600409505	0.108743194740344	0.796515762962793	0.57
TraesNOR4D03G02523890	0.0617364378741809	-0.0203496905424539	0.771192633344122	0.48
TraesNOR4D03G02524430	0.0853354852770668	-0.0292355012707246	0.841439849255555	0.51
TraesNOR4D03G02524510	1.18908964308736	0.165049606284591	0.806141031813568	0.59
TraesNOR4D03G02524790	1.43984295258655	-0.1266513911913	0.963080340422833	0.45
TraesNOR4D03G02525470	1.66127711736264	0.0599589150361844	0.838072017362387	0.52
TraesNOR4D03G02525880	-0.840771612157738	-0.00280741940613163	0.669658878524827	0.54
TraesNOR4D03G02525970	-1.36740102910636	-0.235684944477749	0.768697653688603	0.57
TraesNOR4D03G02526290	-1.64241161449748	0.130895085921347	0.807482684875331	0.42
TraesNOR4D03G02526400	0.269078988418957	0.0163062206919228	0.75657955940475	0.51
TraesNOR4D03G02526720	-0.35885929984799	-0.00146301484975342	0.783478582658402	0.51
TraesNOR4D03G02526820	0.0607956282470414	0.111105702732903	0.82294636729758	0.54
TraesNOR4D03G02527350	-1.10107847580874	0.0215614292615188	0.862157802558084	0.52
TraesNOR4D03G02528150	0.787577703415292	0.0431405647778883	0.805222116326017	0.56
TraesNOR4D03G02528500	0.153103234166434	-0.0359664786443676	1.02704038139705	0.51
TraesNOR4D03G02528760	0.483831267739098	0.0524707174894539	0.936073095808813	0.51
TraesNOR4D03G02528980	0.171928159560864	0.0355956629749486	0.824297114730868	0.52
TraesNOR4D03G02529550	1.11460349250471	-0.021698483559813	0.720266228216592	0.47
TraesNOR4D03G02529640	0.311374681640693	0.00868786071749174	0.903288009969791	0.52
TraesNOR4D03G02529740	-1.65104727072052	-0.141549974316066	0.754923194332942	0.59
TraesNOR4D03G02530090	1.52273104759002	0.0408307631458512	0.824060504147035	0.51
TraesNOR4D03G02530850	-0.648137032611727	0.123825186438142	0.950447235712964	0.5
TraesNOR4D03G02532060	-0.00756781252431926	0.0566806364818986	0.773923988880662	0.49
TraesNOR4D03G02532290	2.35682470836414	0.075033896465949	0.720578736371818	0.55
TraesNOR4D03G02532430	1.21447975506257	0.0316891102451452	0.728909250388447	0.53
TraesNOR4D03G02532540	0.421173879232726	-0.0347010347647691	0.776241807942256	0.51
TraesNOR4D03G02533160	-2.51094581703636	-0.0773189943809876	0.896783646196934	0.61
TraesNOR4D03G02533220	2.19429319030547	-0.0329402992625785	0.782060784045056	0.47
TraesNOR4D03G02533400	0.230042653939629	0.144400032928237	0.812797522702951	0.58
TraesNOR4D03G02533820	1.73879963919931	0.0622133581656003	0.87522612381414	0.54
TraesNOR4D03G02534800	-0.379528749700033	0.0263824747907772	0.819416646407188	0.47
TraesNOR4D03G02535550	0.991432228640058	-0.0197463337833228	0.723758561712454	0.5
TraesNOR4D03G02535650	0.212518863854057	-0.123088328476052	0.781964077978924	0.48
TraesNOR4D03G02535790	-0.970360672653691	-0.104145580394047	0.801092365406574	0.59
TraesNOR4D03G02536610	-0.0859898264817484	-0.0665214482300058	0.756384400310392	0.49
TraesNOR4D03G02537170	0.044881514391453	0.0166022422683114	0.986403868034552	0.46
TraesNOR4D03G02537620	1.16244059814955	0.00215235272989391	0.767299938390526	0.48
TraesNOR4D03G02538320	1.55003410304206	-0.0624362986298811	0.851293621770557	0.48
TraesNOR4D03G02539220	0.654735632166726	0.00516382779719538	0.869332619504419	0.47
TraesNOR4D03G02540020	-0.104101049440244	-0.0666632191404501	0.922344792030266	0.54
TraesNOR4D03G02540080	-0.516954531790698	0.0170764572115432	0.782983622320497	0.47
TraesNOR4D03G02540220	1.77929586761117	0.108087954353759	0.75670073680638	0.55
TraesNOR4D03G02540790	-0.137468775415653	0.0881683989690783	0.797119080112441	0.42
TraesNOR4D03G02541460	0.0340824799149062	0.0632020744345228	0.835460559931484	0.5
TraesNOR4D03G02541570	-0.293365469806622	-0.11399659197418	0.769331641696374	0.54
TraesNOR4D03G02542970	0.0161645542058931	0.162665518537504	0.813534550105667	0.56
TraesNOR4D03G02543890	0.501156942827788	-0.0111308865570702	0.821602298053927	0.54
TraesNOR4D03G02544390	-1.26071473006303	0.0724692873668388	0.879371344482027	0.42
TraesNOR4D03G02544960	-0.363386384571437	0.0333490482642993	0.832052022557834	0.49
TraesNOR4D03G02545530	-1.06319168732924	-0.029424471154947	0.782661123450418	0.57
TraesNOR4D03G02546610	-0.110394400614725	0.0626810257613783	0.751178417972576	0.48
TraesNOR4D03G02546910	-0.0039376612194823	-0.0708460383623034	0.852370059417951	0.55
TraesNOR4D03G02547250	0.194132444205612	-0.0419264936125533	0.834098750238492	0.5
TraesNOR4D03G02547280	-0.945857839841729	0.0237450883858053	0.729853713532125	0.48
TraesNOR4D03G02547760	-0.0844236107803538	0.157678506086326	0.780936990242102	0.35
TraesNOR4D03G02547880	-0.798787410344945	0.0320715535496391	0.919805084393784	0.5
TraesNOR4D03G02548370	1.2871988914393	-0.0470511261692286	0.855122236598194	0.43
TraesNOR4D03G02548380	0.0477373515579297	-0.0707520171707112	0.659544487062394	0.44
TraesNOR4D03G02548770	0.278696765809929	0.0353197844870534	0.695522219991496	0.54
TraesNOR4D03G02548940	-0.25423712840394	0.00267024691911085	0.805091394333152	0.44
TraesNOR4D03G02549130	-0.826651881603706	-0.141757785600732	0.941334317161298	0.57
TraesNOR4D03G02549660	-0.158052566505402	-0.068974635089735	0.874888397622462	0.5
TraesNOR4D03G02549830	0.126028318137886	-0.126183225327098	0.971900860476056	0.4
TraesNOR4D03G02550120	-1.49646104021156	0.0320156008280435	0.860776857595737	0.45
TraesNOR4D03G02550740	-0.0841721416000666	-0.0188301996362269	0.891668917872339	0.48
TraesNOR4D03G02550900	-0.792026809812033	-0.107496838391678	0.850369344091577	0.57
TraesNOR4D03G02551270	-0.0812350687002325	-0.0340742074898332	0.898422489914159	0.46
TraesNOR4D03G02551490	-1.20693609739207	-0.0163302255514245	0.926790906842575	0.5
TraesNOR4D03G02551860	-0.0765819133443401	-0.0275559256195455	0.88014043895746	0.47
TraesNOR4D03G02551990	0.108633490167367	0.0413798275020473	0.756182861295921	0.54
TraesNOR4D03G02552140	0.891070210186415	0.0503698063465627	0.717568481741816	0.51
TraesNOR4D03G02552440	0.631524671178828	0.00799961184138047	0.767056091648045	0.51
TraesNOR4D03G02553100	-0.913605075644501	-0.0152877913269908	0.768843397106538	0.49
TraesNOR4D03G02553510	0.340603345652198	0.0220015425872386	0.811859474012491	0.53
TraesNOR4D03G02554250	0.0710589999391179	0.0383792237644649	0.874159371282993	0.55
TraesNOR4D03G02554530	-0.739678456453268	0.0660298570804484	0.753427432435417	0.49
TraesNOR4D03G02554580	-0.644514296910785	0.065798242048478	0.858476185222401	0.41
TraesNOR4D03G02554690	-0.229261987734729	-0.00882169861574943	0.784454224685318	0.45
TraesNOR4D03G02555120	-0.095750142023805	0.0349069118191802	0.800972759051053	0.51
TraesNOR4D03G02555500	-1.75673957798594	-0.0195584985410631	0.841247957593101	0.5
TraesNOR4D03G02556430	-1.66074359571213	0.00286872193652216	0.833784603753158	0.48
TraesNOR4D03G02556720	-0.0334793637263271	0.0463401664302979	0.768409630226916	0.5
TraesNOR4D03G02557130	-0.0337930952848106	0.134330977381138	0.792423901043372	0.46
TraesNOR4D03G02558300	-0.493056636024311	0.0463466036618698	0.810963703243678	0.49
TraesNOR4D03G02558530	1.18965607455103	0.0841717608092043	0.92942154572514	0.59
TraesNOR4D03G02558700	0.890930862844935	0.0322960873523646	0.884263129474422	0.55
TraesNOR4D03G02559060	0.703672045823859	-0.0200148323976191	0.79383687453579	0.54
TraesNOR4D03G02560460	1.68783725944746	-0.0410434573600301	0.839755253107268	0.44
TraesNOR4D03G02560720	0.17916892013652	0.124736152874913	0.848044280527157	0.55
TraesNOR4D03G02560840	0.244982420520846	0.0808386861459795	0.887573110342609	0.53
TraesNOR4D03G02561260	0.121001564550575	-0.02847266430688	0.833518654490277	0.51
TraesNOR4D03G02561270	0.195583670160028	0.00133087931874747	0.891950653082023	0.56
TraesNOR4D03G02561960	-0.089053536776724	0.0293701279758569	0.888368406395712	0.52
TraesNOR4D03G02562340	-1.02565204644499	0.102714290424709	0.801837284109905	0.45
TraesNOR4D03G02563300	0.647215955422196	0.196302841334558	0.864516397949811	0.62
TraesNOR4D03G02563900	-0.0800364821905624	0.209075241114822	1.037468634722	0.46
TraesNOR4D03G02564010	-0.838107204692764	-0.0934971276763268	0.87186768021514	0.53
TraesNOR4D03G02564630	-0.232817649117105	-0.127221886700375	0.745321516673389	0.56
TraesNOR4D03G02564840	0.520491927099749	-0.0235449726107653	0.776314811663319	0.53
TraesNOR4D03G02565610	0.685065816665111	0.0192978097934848	0.836547552704886	0.48
TraesNOR4D03G02565730	0.173202561572603	-0.0225395482701327	0.71539377220705	0.47
TraesNOR4D03G02566160	0.447711158575284	-0.0651354874641264	0.740077007593738	0.49
TraesNOR4D03G02566220	-1.09913569117889	0.0435732024665691	0.778771793977655	0.45
TraesNOR4D03G02567680	1.55489833755957	0.000507531967244945	0.923746649852548	0.55
TraesNOR4D03G02567930	0.816458482947955	0.0289397504197421	0.821283223947557	0.54
TraesNOR4D03G02568590	-0.376931986211475	0.0978974104545515	0.842018924116605	0.5
TraesNOR4D03G02568970	0.544394352215246	0.0331510916090619	0.752514309501286	0.53
TraesNOR4D03G02569030	-0.130144844137189	-0.0353187525623731	0.824796836596236	0.53
TraesNOR4D03G02569080	-0.116735788893811	-0.0221836878466986	0.757164102137938	0.52
TraesNOR4D03G02569450	-0.322843057572634	-0.0738022238208806	1.00812374645364	0.55
TraesNOR4D03G02569750	-0.00967531881926493	-0.103745989005055	0.761708309134902	0.59
TraesNOR4D03G02569760	0.0303473998778216	0.104298616853893	0.759152000703604	0.55
TraesNOR4D03G02570140	-0.335694707433983	-0.065691059147154	0.781168733483966	0.54
TraesNOR4D03G02570170	0.412330874696716	-0.0745761321319898	0.859539475930782	0.45
TraesNOR4D03G02570560	0.169562523710943	0.109984961145557	0.916351465242132	0.54
TraesNOR4D03G02570580	1.43372785031604	0.0571690006246636	0.859138696671533	0.55
TraesNOR4D03G02570590	-0.0110545984464608	-0.109117249490764	0.811878564346907	0.52
TraesNOR4D03G02572250	0.545627955385164	0.00461731416689388	0.777500550935876	0.53
TraesNOR4D03G02573400	0.172981943167625	0.182071621806209	0.914632219965129	0.58
TraesNOR4D03G02573740	0.0441853344971052	-0.0647782631693613	0.788449206178598	0.49
TraesNOR4D03G02575500	0.153404558402577	0.00967774149001136	0.914554634187024	0.57
TraesNOR4D03G02575650	0.21625880098783	-0.105859878705092	0.6827813645744	0.49
TraesNOR4D03G02575860	-0.150860420235449	0.207494942167102	0.826450221239924	0.39
TraesNOR4D03G02576440	-0.0553836316954739	0.097248984516083	0.865179086483207	0.48
TraesNOR4D03G02577510	-0.00398650916703486	0.122594289716714	0.930919347365873	0.4
TraesNOR4D03G02577960	-0.206674439840901	-0.0752200403331415	0.745357953096741	0.55
TraesNOR4D03G02578860	0.363599557373742	0.00538508619325349	0.839990442790946	0.47
TraesNOR4D03G02579840	-1.67991350106606	-0.122174667336695	0.9151405104488	0.59
TraesNOR4D03G02579930	0.26329413855208	0.0255484541702979	0.863878694159435	0.5
TraesNOR5A03G02581900	-0.608812410831175	-0.0222957936709845	0.811975840722818	0.56
TraesNOR5A03G02582310	0.236036798980938	-0.0120525876200912	0.754767260330668	0.5
TraesNOR5A03G02584550	-0.858937546742945	-0.000555199020053784	0.817045945515039	0.53
TraesNOR5A03G02586730	-1.73590212417137	0.0266112415780275	0.692007096953429	0.47
TraesNOR5A03G02586900	0.713811016912342	0.0616428999824683	0.872399945535578	0.58
TraesNOR5A03G02586910	0.395480983893366	0.0754892638869598	0.86610130754962	0.52
TraesNOR5A03G02586960	1.01391118660099	-0.0068399763387369	0.851297661909712	0.47
TraesNOR5A03G02587280	-0.493551855875034	-0.0283032576318148	0.734445269997707	0.51
TraesNOR5A03G02587990	0.034663964012669	0.0154356511306207	0.749269558249571	0.56
TraesNOR5A03G02589500	-0.410722410226994	-0.0468724124018128	0.791001791817217	0.59
TraesNOR5A03G02590430	-0.160003165246621	0.0837264613011211	0.782820657895286	0.47
TraesNOR5A03G02591200	-0.111498667511063	-0.073124690639913	0.668550924317596	0.5
TraesNOR5A03G02592790	0.256328709952518	-0.131737261875113	0.715426173811239	0.4
TraesNOR5A03G02593840	-0.142614574765414	-0.0237840683795352	0.94220105649612	0.49
TraesNOR5A03G02594080	-0.271242284540049	-0.086970227261262	0.822935508713474	0.53
TraesNOR5A03G02594810	-1.14750450353829	-0.0416696989904179	0.865212471991914	0.53
TraesNOR5A03G02597400	-0.103593191508393	0.0991941743450985	0.967141990197301	0.47
TraesNOR5A03G02598930	0.00725682279491639	-0.116065859691519	0.926128975451177	0.46
TraesNOR5A03G02601310	0.563937180964855	-0.20124675675028	0.832959373450995	0.38
TraesNOR5A03G02604010	0.567127226700408	-0.0107395234227322	0.744993526662861	0.48
TraesNOR5A03G02604170	-0.0291551794099439	0.0763218204819326	0.812561438671749	0.46
TraesNOR5A03G02604780	0.213331330602753	0.0158881596643543	0.752158593807213	0.51
TraesNOR5A03G02611260	0.392613294760387	-0.0329612021561891	0.84630824437663	0.47
TraesNOR5A03G02612430	0.0294657746410464	-0.0301724109167069	0.802059412433513	0.46
TraesNOR5A03G02612440	-0.00885931082951097	-0.00590205307616937	0.87845415428816	0.5
TraesNOR5A03G02613080	0.882812562549115	-0.00573181684947096	0.824255096127037	0.5
TraesNOR5A03G02616110	0.0544659256479467	0.0961815494335073	0.882310697597716	0.52
TraesNOR5A03G02616290	0.642248036105614	0.162767627989358	0.889599076003542	0.65
TraesNOR5A03G02620810	1.44976434196751	0.16271257719806	0.889710784896572	0.5
TraesNOR5A03G02621670	0.652633938181938	-0.0861925386916414	0.730240979740406	0.48
TraesNOR5A03G02622580	-0.842720014097304	-0.0575128638585552	0.859066665214312	0.56
TraesNOR5A03G02622770	0.678373836000215	-0.047029560231637	0.89333534678514	0.48
TraesNOR5A03G02623660	-0.381810200112845	-0.0467697742778014	0.967254670506742	0.55
TraesNOR5A03G02623730	-1.29843079210636	-0.112685767776793	0.963956683444533	0.51
TraesNOR5A03G02624150	0.164273514715524	-0.0493620597719438	0.978078202182185	0.51
TraesNOR5A03G02624290	1.59569368049081	0.00800866092900359	0.81874458063191	0.5
TraesNOR5A03G02624330	-0.814260804832408	0.106537862626752	0.852554420315011	0.48
TraesNOR5A03G02625640	-0.249676706265955	0.0304537358131999	0.913828823002314	0.48
TraesNOR5A03G02625660	-0.101503990900071	0.0508927357855528	0.820822024462437	0.45
TraesNOR5A03G02626830	0.162546547280699	0.0198340160892205	0.787470865854486	0.55
TraesNOR5A03G02627420	0.0105362547813039	0.0623016082316397	0.874105472671076	0.54
TraesNOR5A03G02627880	-0.117511074590485	0.0283408221033073	0.854200208828464	0.51
TraesNOR5A03G02633110	-0.0624827841792695	-0.046912055420641	0.674627943228443	0.53
TraesNOR5A03G02636020	0.364891767001371	0.0947321935021941	0.803838658726574	0.5
TraesNOR5A03G02636280	0.189835314306258	0.134560402967744	0.838374516779537	0.51
TraesNOR5A03G02636540	0.0866950335460197	0.0386949487799897	0.910467555311425	0.5
TraesNOR5A03G02638350	-1.12665048356833	-0.0651414261653383	0.769185624829094	0.52
TraesNOR5A03G02641430	-0.0451725465408574	-0.00958203704230349	0.831046703474908	0.49
TraesNOR5A03G02641910	1.22386405637574	-0.117153231987864	0.85383328270547	0.47
TraesNOR5A03G02642080	0.0499312877252204	0.019999059477042	0.889467194953444	0.53
TraesNOR5A03G02646750	0.457833028649079	0.00549807428864336	0.937161913474837	0.5
TraesNOR5A03G02652730	-0.947459512096009	-0.0178873367215046	0.858357368311973	0.54
TraesNOR5A03G02659190	-0.7671778298904	0.131160288554435	0.832944123493138	0.42
TraesNOR5A03G02660040	0.259998518395203	0.109140065101717	0.981854049113993	0.61
TraesNOR5A03G02662400	-0.138450560256156	-0.0990518687829548	0.850450262674022	0.55
TraesNOR5A03G02665690	0.246972680349445	0.0435357696975953	0.811124672806142	0.55
TraesNOR5A03G02666320	0.0271245120219251	-0.291287873011436	0.84152423175016	0.41
TraesNOR5A03G02666820	0.798633225714684	0.152817941872097	0.813212676854853	0.54
TraesNOR5A03G02667010	-0.0667876661888626	-0.144724694077333	0.718494174207872	0.57
TraesNOR5A03G02667100	0.052624372329602	0.0933279372264676	0.908606741271222	0.51
TraesNOR5A03G02668520	-0.241491741039676	0.115241973840765	0.683974816928915	0.41
TraesNOR5A03G02669240	0.0726246677797482	0.166431365487965	0.761869411851403	0.59
TraesNOR5A03G02669650	0.902129054430776	-0.0135479323974342	0.745141543470152	0.46
TraesNOR5A03G02670990	-0.956326758559314	0.0266645287459402	0.871528714380578	0.47
TraesNOR5A03G02671150	0.403782135265845	0.00689513288322554	0.758389144115028	0.51
TraesNOR5A03G02671160	1.23283457128992	0.0327711800762419	0.79951141519188	0.53
TraesNOR5A03G02672250	0.350668146309726	0.0260284166851756	0.820121764205347	0.53
TraesNOR5A03G02673590	0.0236939881714697	0.113985294271562	0.813199074765139	0.56
TraesNOR5A03G02673680	-0.507271525889413	-0.032227744115461	0.941742858191283	0.45
TraesNOR5A03G02673940	-0.992459012326261	-0.0523446260339047	0.748910508387995	0.51
TraesNOR5A03G02674990	-1.02493737465662	-0.0125268626308632	0.881534551395145	0.51
TraesNOR5A03G02675420	-0.267466537794449	0.00318718552238793	0.795600118713221	0.44
TraesNOR5A03G02675870	1.62111974413071	-0.0924642206713961	0.75085750088192	0.46
TraesNOR5A03G02675940	0.496547048116351	-0.0591726788899784	0.805954587332105	0.52
TraesNOR5A03G02676330	-0.524358332482713	-0.0909083055042943	0.942118896105853	0.56
TraesNOR5A03G02676670	-0.00959558605368929	0.00788296723460967	0.760049672720435	0.47
TraesNOR5A03G02677680	-0.335517089118353	-0.0205352449559498	0.873699819945926	0.5
TraesNOR5A03G02677690	-0.211296745112667	0.0285504360775668	0.827381616167078	0.51
TraesNOR5A03G02678530	-0.478115774084347	-0.00746028801206419	0.694369483658711	0.52
TraesNOR5A03G02678650	1.16008476574076	0.0543286770344271	0.78021784389722	0.5
TraesNOR5A03G02680190	-0.890042113033372	-0.0749846861453785	0.67361189964112	0.56
TraesNOR5A03G02680640	0.0712575196285433	0.10886321226899	0.811820568353833	0.56
TraesNOR5A03G02680910	0.639405759112748	0.0977722864975728	0.954381345525053	0.56
TraesNOR5A03G02681000	0.121036176167927	0.0129032625557755	0.69248657419375	0.51
TraesNOR5A03G02682060	1.21162808584903	0.111647284109096	0.821176425356853	0.57
TraesNOR5A03G02688760	0.0525409595083265	0.0307440304370169	0.873086280905198	0.52
TraesNOR5A03G02689130	1.2324729601284	0.0574493562643575	0.880651862815288	0.49
TraesNOR5A03G02689710	-0.0741060955336894	-0.0577432478534392	0.880293115569734	0.54
TraesNOR5A03G02689960	0.799182696585994	0.0747750209970563	0.807752258913808	0.51
TraesNOR5A03G02691410	0.00802934876873423	0.00367912032757065	0.783525005782703	0.54
TraesNOR5A03G02691530	-1.5042809977743	-0.011348908305266	0.91100804241319	0.46
TraesNOR5A03G02692050	-0.450498932570161	-0.0606539000025758	0.851042399717754	0.55
TraesNOR5A03G02696960	-0.830650299765782	-0.0343104377852012	0.851956109466733	0.52
TraesNOR5A03G02697480	0.746099387348974	0.0950388028809247	0.806789523531599	0.55
TraesNOR5A03G02700060	0.026877040212607	0.00219091063641388	0.734190625859121	0.41
TraesNOR5A03G02702050	0.0468749652917907	-0.00963724347046453	0.952664325209156	0.49
TraesNOR5A03G02703290	-0.873603411108493	-0.0182095269276027	0.799597010146445	0.52
TraesNOR5A03G02703680	0.0398784969040121	-0.173520776136604	0.880675104775462	0.42
TraesNOR5A03G02703770	0.0556459643293874	0.0126061815626876	0.734058339189068	0.5
TraesNOR5A03G02704810	-0.0228894345392358	0.0103332218815578	0.921154935528552	0.49
TraesNOR5A03G02706400	0.633684882954412	-0.000901527914689153	0.840921838616624	0.51
TraesNOR5A03G02706860	-0.191600509817717	0.134558418892428	0.793288693057601	0.43
TraesNOR5A03G02707980	-0.891600337761848	-0.127040665019655	0.769842124608913	0.55
TraesNOR5A03G02709050	-0.723598042536841	0.0167500100953609	0.902921837009365	0.5
TraesNOR5A03G02710140	-1.00174257595711	0.0422931667123781	0.800424872809025	0.48
TraesNOR5A03G02710330	0.638179010652368	0.0962717819191284	0.9517774224659	0.52
TraesNOR5A03G02710400	-0.921582973240039	-0.127195197810103	0.85183770460396	0.53
TraesNOR5A03G02712470	-0.366896822001885	0.015543264574587	0.693299403301991	0.49
TraesNOR5A03G02713810	1.67356561712627	0.0351152918096274	0.709349048389477	0.55
TraesNOR5A03G02715950	-0.0137578046544773	0.0754766266315697	0.670002354786473	0.4
TraesNOR5A03G02719550	-1.64480399617169	-0.0198305883835224	0.859684117276909	0.49
TraesNOR5A03G02721330	-0.00441194976267987	-0.140542707144478	0.7241582600347	0.58
TraesNOR5A03G02722820	1.98431937182599	0.0616347142093974	0.758799848105374	0.51
TraesNOR5A03G02728000	-0.42256612998647	0.185275939598339	0.850478466848284	0.38
TraesNOR5A03G02728080	0.618429427084674	0.0214709878630008	0.783805626653151	0.55
TraesNOR5A03G02729430	-0.327049172131492	-0.0659663664839951	0.958519588939427	0.55
TraesNOR5A03G02730600	0.128088872819171	-0.0135176755801745	0.775660076816771	0.47
TraesNOR5A03G02730940	0.603903734238242	0.0655772988790378	0.789651963275189	0.53
TraesNOR5A03G02733810	-1.89393839951655	0.0132053721745206	0.857590236438216	0.46
TraesNOR5A03G02735290	0.543637950755508	0.0124678439908209	0.879984376136102	0.55
TraesNOR5A03G02735490	0.0353936686856787	0.0582512685653951	0.899160005278935	0.5
TraesNOR5A03G02737690	1.2056101972343	-0.0156202956616923	0.81229419231577	0.55
TraesNOR5A03G02738340	-1.31684045950835	-0.202259926118157	0.80227169252364	0.57
TraesNOR5A03G02740970	0.647619945005555	-0.023473543454202	0.793353733706578	0.48
TraesNOR5A03G02741480	0.298171392821415	-0.0954811540776733	0.918122940128675	0.51
TraesNOR5A03G02741560	-0.00943553052204934	0.0806844035630293	0.823377000369582	0.43
TraesNOR5A03G02741660	-1.12033753480695	-0.0187407270444361	0.896797379212295	0.56
TraesNOR5A03G02741830	-1.0726773341883	-0.0549330209407216	0.883391285339655	0.56
TraesNOR5A03G02742660	-0.00345922311173016	-0.0980970054102417	0.810454023715777	0.58
TraesNOR5A03G02743000	-0.512126343730551	0.0273283039816243	0.962377416605887	0.44
TraesNOR5A03G02744470	-0.608133226761234	-0.0924257617600622	0.796895365591804	0.52
TraesNOR5A03G02745760	0.443729935214341	0.0889671825115983	0.848858504933284	0.55
TraesNOR5A03G02747070	0.147853460760165	-0.0182363113920027	0.852749133968289	0.52
TraesNOR5A03G02749250	0.772376033261868	0.0562334439823784	0.793408951772207	0.48
TraesNOR5A03G02752320	-1.18112005463021	-0.030284283741308	0.859679192448144	0.44
TraesNOR5A03G02753100	-0.0580196177822449	-0.0840801341943342	0.716177650420329	0.53
TraesNOR5A03G02753510	-0.449039348526179	0.00687333640799997	0.928994567354231	0.51
TraesNOR5A03G02753790	0.607602650553717	0.0594611457584023	0.803473068888379	0.48
TraesNOR5A03G02754160	0.155092804129821	-0.104475352413562	0.854491295652499	0.49
TraesNOR5A03G02755350	1.39945892365469	0.159419111976544	0.867194939341799	0.53
TraesNOR5A03G02755700	-0.587451032040534	-0.0979724658493514	0.660610412714896	0.53
TraesNOR5A03G02757050	0.738520388625421	0.0681987310256434	0.79467192356792	0.5
TraesNOR5A03G02757660	0.0506255163624751	0.0655158449053625	0.870530295722471	0.54
TraesNOR5A03G02757920	1.32097860669051	-0.0627410387392044	0.867080855588488	0.49
TraesNOR5A03G02758250	1.48381940116128	-0.00377436039503359	0.911500853440135	0.42
TraesNOR5A03G02758370	0.810666594357557	0.00335345189326733	0.726634940084707	0.52
TraesNOR5A03G02758390	0.0112191688275837	0.00761713668488321	0.718904150317112	0.5
TraesNOR5A03G02758400	-0.461394376724624	0.0981186429814294	0.855181391630984	0.43
TraesNOR5A03G02758980	-0.759812574141364	-0.0766341692198608	0.80371700165425	0.57
TraesNOR5A03G02759990	-0.340443975017213	0.0157951180838051	0.90000580611316	0.46
TraesNOR5A03G02761690	0.0205606436223165	0.0959661228801184	0.861204026727386	0.53
TraesNOR5A03G02761740	-1.3674482368131	-0.117525897339652	0.845904890642447	0.55
TraesNOR5A03G02764170	-0.527440696882882	0.0251654778910334	0.878193515828403	0.5
TraesNOR5A03G02764280	0.182121594372723	0.12041799468832	0.726955439521873	0.55
TraesNOR5A03G02764330	1.81236667060111	0.126081230534937	0.808328374867546	0.52
TraesNOR5A03G02765020	0.0724410922341426	-0.0479789396116162	0.814327232127538	0.47
TraesNOR5A03G02765490	0.411809023320128	-0.0244189163450627	0.776501989514664	0.48
TraesNOR5A03G02765830	0.840958533588581	0.0931589755281157	0.695979323896416	0.55
TraesNOR5A03G02765930	-0.351898736097986	0.0316052437019105	0.760485519282584	0.4
TraesNOR5A03G02767120	-1.11853183555005	0.0471804574976178	0.763783209219156	0.49
TraesNOR5A03G02767600	-0.752648204141148	0.02269899266803	0.877357733692897	0.53
TraesNOR5A03G02768740	1.27473867270633	-0.116984940226299	0.84727048349975	0.46
TraesNOR5A03G02768850	0.533862058035751	-0.038745920610237	0.822111269219665	0.46
TraesNOR5A03G02770240	-0.0685199737540413	0.0917604376172277	0.703902490642575	0.48
TraesNOR5A03G02770290	0.0299012848162628	0.0270280254367648	0.816505653703206	0.53
TraesNOR5A03G02770360	-0.561158459213506	0.0999651109776013	0.664960430668675	0.44
TraesNOR5A03G02770730	-0.141888631434731	-0.0524010460792299	0.920830245194494	0.5
TraesNOR5A03G02771140	0.676531865353457	-0.0316513736969811	0.969075521123094	0.44
TraesNOR5A03G02771800	0.597829224170354	-0.149002636907939	0.800166294643394	0.42
TraesNOR5A03G02775550	-1.14147596220044	0.00888537710667708	0.806606668460319	0.48
TraesNOR5A03G02775560	0.453913651031213	-0.0392761721781414	0.694136455581444	0.53
TraesNOR5A03G02775750	1.28037141869609	0.162574237444813	0.859101525070185	0.57
TraesNOR5A03G02776080	-1.73735287509006	-0.0913977303462527	0.747329154547304	0.53
TraesNOR5A03G02777510	1.32423971038152	-0.0307495861372938	0.923282574543723	0.55
TraesNOR5A03G02780050	0.108664134889791	0.0216508575672422	0.910362506213067	0.47
TraesNOR5A03G02780840	1.06142455940763	0.0303238043622739	0.944863311182138	0.5
TraesNOR5A03G02782120	-0.799275891638973	0.0561943095927386	0.865856934058686	0.5
TraesNOR5A03G02783150	0.40678681015746	0.00203301905052932	0.944606777119694	0.51
TraesNOR5A03G02783320	0.027654581616072	0.220525870670463	0.805336751185136	0.64
TraesNOR5A03G02783950	-3.17369932912411	-0.179677736106346	0.858537297882443	0.61
TraesNOR5A03G02784850	0.707156245734318	0.0930377765501969	0.779551629966409	0.51
TraesNOR5A03G02785120	-0.0587735787163333	0.103218913682448	0.777527037750194	0.49
TraesNOR5A03G02786010	-0.666073299940202	-0.0250391394410137	0.802919131450122	0.52
TraesNOR5A03G02786810	1.04991950042786	0.000250034013979398	0.864495086902283	0.52
TraesNOR5A03G02787700	-0.274091562659848	-0.0114926608515398	0.849295662217226	0.53
TraesNOR5A03G02788700	0.0210326453257596	0.185505486283024	0.845493248271993	0.63
TraesNOR5A03G02789160	0.0582507375423203	-0.0771537309359215	0.807815223194426	0.51
TraesNOR5A03G02789170	-1.7732670942203	0.0954981765993811	0.848040543483262	0.48
TraesNOR5A03G02789380	0.900149708861117	-0.0552832380789528	0.866855801322277	0.45
TraesNOR5A03G02789860	0.813141834808509	-0.0238568004589412	0.974747286979645	0.52
TraesNOR5A03G02790130	1.41532846904049	0.0903112227183443	0.882560385905721	0.54
TraesNOR5A03G02790140	0.349542772098095	0.0104313252478771	0.863206945380892	0.5
TraesNOR5A03G02790260	-0.0403026084618057	0.13332146622587	0.83246937632148	0.45
TraesNOR5A03G02790270	-0.0219480554782749	0.13280132270835	0.861304777604195	0.45
TraesNOR5A03G02790670	0.352539380387995	0.047522006394812	0.82760015879067	0.55
TraesNOR5A03G02791060	-0.311515179833672	-0.118538058652154	0.913898947588852	0.57
TraesNOR5A03G02791410	1.73660346386399	-0.0552408323550886	0.859945735721258	0.47
TraesNOR5A03G02791480	-1.22574977255802	-0.185202543543248	0.875763965851281	0.57
TraesNOR5A03G02792220	0.466226220961643	-0.159421280579963	0.88885615652005	0.42
TraesNOR5A03G02792810	0.0332694032141372	-0.15270997323038	0.75357944781374	0.45
TraesNOR5A03G02792940	-1.14276673142438	-0.1313265291582	0.915856878858298	0.56
TraesNOR5A03G02793080	2.07342374743421	-0.00796648260766825	0.836927079744722	0.5
TraesNOR5A03G02794690	-0.290582872360511	0.131818369503792	0.757903385625968	0.5
TraesNOR5A03G02795780	-0.727459958025918	-0.101021087592299	0.993832673458384	0.51
TraesNOR5A03G02795820	-0.0137814253544682	-0.00978169333521662	0.739590499718252	0.54
TraesNOR5A03G02796660	-0.944560517635041	0.0880463413892446	0.894910004804167	0.47
TraesNOR5A03G02796800	-0.56612105066268	0.144268631996225	0.730342159905073	0.54
TraesNOR5A03G02796890	-0.19446628689196	-0.101797671566252	0.865854746878714	0.59
TraesNOR5A03G02798540	0.341213056099143	0.0960625954687878	0.82191825437713	0.51
TraesNOR5A03G02799250	0.573960950752959	-0.0639821056748344	0.61123586831536	0.48
TraesNOR5A03G02799430	0.30404464271173	0.0874466788096801	0.875305058242449	0.48
TraesNOR5A03G02799920	-0.611423133556774	0.0549792888572672	0.913397835657667	0.51
TraesNOR5A03G02800840	-0.277252604969891	0.130990293081707	0.730990214648155	0.4
TraesNOR5A03G02801100	1.31547870336397	0.0991164027646066	0.868361060406563	0.57
TraesNOR5A03G02801130	0.210960031454948	-0.00818423061372803	0.9189578053938	0.55
TraesNOR5A03G02803250	-0.199469040634773	0.0990485999347747	0.698585106071708	0.39
TraesNOR5A03G02805580	0.272520574214479	0.018872627367397	0.880097592153765	0.5
TraesNOR5A03G02805670	1.35535245416622	0.11065582670404	0.841031836534203	0.53
TraesNOR5A03G02806210	-2.28286483798964	-0.100978074003574	0.790550709807994	0.56
TraesNOR5A03G02807230	-0.124350838482473	0.0252035632594319	0.813597982473013	0.51
TraesNOR5A03G02808670	-0.270583467088709	-0.0113141799556715	0.895454275128751	0.55
TraesNOR5A03G02808940	0.375196116825307	-0.0202586980960875	0.686942086547788	0.49
TraesNOR5A03G02809010	-0.727441707656779	-0.0286493657763991	0.749659451377999	0.49
TraesNOR5A03G02809020	0.697768992648547	0.00816636695181116	0.803335720900002	0.48
TraesNOR5A03G02811950	-0.325381878160823	0.0566798105675246	0.902593347205158	0.43
TraesNOR5A03G02812070	-0.706964551199617	0.108230234674269	0.886285095015735	0.49
TraesNOR5A03G02812180	0.468612523507806	0.149164221373752	0.920496172046361	0.5
TraesNOR5B03G02812880	0.225337178127908	0.04657440059993	0.937025331996275	0.51
TraesNOR5B03G02813210	0.103807783303392	-0.138418886844968	0.669450616626198	0.46
TraesNOR5B03G02813340	0.525466261581609	-0.0535128255135735	0.941467040036372	0.51
TraesNOR5B03G02813820	0.0903215261148282	0.0429537657801077	0.873182186894486	0.49
TraesNOR5B03G02815160	1.18657563414463	-0.0426529458432074	0.873139838021001	0.5
TraesNOR5B03G02815790	-0.0301630226672839	-0.0240108494259069	0.877406431013572	0.51
TraesNOR5B03G02816570	-0.3841007525845	0.00149338059448323	0.881577830134248	0.48
TraesNOR5B03G02817700	-0.168443879971036	-0.0225563968721363	0.713875240357513	0.5
TraesNOR5B03G02817740	-0.0100698502108673	-0.209892576019011	0.778722187182355	0.54
TraesNOR5B03G02817860	1.54244003375936	0.0761770183326422	0.854511999942782	0.62
TraesNOR5B03G02818070	-1.62455602943028	0.128395655957476	0.868932047590045	0.5
TraesNOR5B03G02819140	1.07563402790421	0.0242887690256309	0.79200967225663	0.5
TraesNOR5B03G02819240	-0.591832221711189	0.114664711225006	0.806858227710914	0.45
TraesNOR5B03G02820980	0.50836825164354	0.0253159208963637	0.848942420627957	0.48
TraesNOR5B03G02823430	1.15654088827888	0.0508029675100812	0.869039677537299	0.54
TraesNOR5B03G02824880	1.94510482408145	0.152268250791007	0.804476968179917	0.57
TraesNOR5B03G02827600	-0.96739845177228	-0.137936489119722	0.768556840039992	0.54
TraesNOR5B03G02828010	-0.0352950001770535	-0.0119106646791732	0.960994781948587	0.57
TraesNOR5B03G02828820	-0.484381600798536	-0.0450724054054746	0.940819772908565	0.53
TraesNOR5B03G02834580	-1.66281114340121	0.153061267617252	0.923774813703551	0.44
TraesNOR5B03G02836150	1.12899479078791	0.143804661080267	0.830492837803401	0.61
TraesNOR5B03G02836180	0.802005532955768	0.0163745613346945	0.785151074908457	0.52
TraesNOR5B03G02837840	0.0207763101364304	-0.0559214869328043	0.863990188272176	0.5
TraesNOR5B03G02839470	-0.423334829411795	0.0456124567527846	0.744088016030413	0.43
TraesNOR5B03G02840090	-1.6073318074916	-0.171345353724269	0.775749485304025	0.58
TraesNOR5B03G02840330	0.112838723934364	-0.109039209674495	0.927771321996398	0.51
TraesNOR5B03G02841400	0.033653625973983	0.0937967468775906	0.756728613715203	0.5
TraesNOR5B03G02844480	-1.19780990458315	-0.198218323741932	0.952963779308876	0.59
TraesNOR5B03G02844900	-0.855365332107006	0.0171379299050558	0.867950829791788	0.48
TraesNOR5B03G02847180	-0.024695760368256	-0.0804571316111769	0.667433238208639	0.54
TraesNOR5B03G02848520	-0.225099054355066	0.00346535409530011	0.804109592236486	0.47
TraesNOR5B03G02851400	-0.25879029325423	-0.101046873888976	0.797560112985386	0.53
TraesNOR5B03G02852310	0.162797526257371	0.0543572922866758	0.853451748946511	0.55
TraesNOR5B03G02852370	-0.489017580088851	-0.101173142082207	0.723738439413847	0.51
TraesNOR5B03G02856170	0.759809850584099	-0.101465628567396	0.896694692333832	0.46
TraesNOR5B03G02857960	0.90910087658061	0.0484456662064775	0.708811569857347	0.47
TraesNOR5B03G02858050	-0.696762135154183	0.0915228470456968	0.91830525890957	0.49
TraesNOR5B03G02858300	0.177577067886592	-0.0702123998117594	0.788837045534974	0.44
TraesNOR5B03G02859760	-0.484823120104981	0.113083228976793	0.90569892136607	0.46
TraesNOR5B03G02859860	0.0259423871008657	0.000419760070962406	0.879024277995832	0.51
TraesNOR5B03G02860700	-0.654793703275614	0.0921986754111045	0.806926088757021	0.43
TraesNOR5B03G02861090	0.307208864826099	0.0168103598346506	0.873852090867811	0.5
TraesNOR5B03G02861150	-0.26881949874148	-0.011566952598366	0.667473478072199	0.47
TraesNOR5B03G02863840	-1.25920459619138	-0.169063083592935	0.901649052650691	0.55
TraesNOR5B03G02864090	-0.284975591754915	-0.139910187191223	0.86455658535358	0.6
TraesNOR5B03G02865270	-0.128004805105721	0.0151907579166148	0.834520433234565	0.47
TraesNOR5B03G02865480	-0.0307876939429444	-0.0693531950887476	0.723621568223952	0.52
TraesNOR5B03G02865680	0.08999817440096	0.119199610268046	0.916598459024297	0.54
TraesNOR5B03G02866520	-1.38574199740084	-0.102264972612741	0.805552716081526	0.5
TraesNOR5B03G02868820	0.42766849746163	-0.180654977430475	0.871297445883055	0.42
TraesNOR5B03G02869920	1.15545028808722	-0.0781718670365227	0.702718460857425	0.46
TraesNOR5B03G02870640	1.72021800006095	-0.0657888970657492	0.93535025805409	0.55
TraesNOR5B03G02872690	-0.413427197723364	0.0430290095574528	0.85006736419305	0.5
TraesNOR5B03G02876580	-0.138090183610024	0.0442272078576018	0.728081660520012	0.54
TraesNOR5B03G02878360	0.472118436251699	0.0461964784145476	0.748465750931462	0.52
TraesNOR5B03G02878440	-0.901294060282477	0.0270048732649389	0.820738518079164	0.45
TraesNOR5B03G02879920	-1.81789768339625	-0.0350332935544665	0.903637238008864	0.55
TraesNOR5B03G02882360	0.0197426730637982	0.000841992866584958	0.904060290794199	0.5
TraesNOR5B03G02882940	1.9451920434187	0.13879005739576	0.823314048188687	0.5
TraesNOR5B03G02884830	-0.782567734962431	-0.0711076351605553	0.870514870560607	0.52
TraesNOR5B03G02885280	0.252307836592023	-0.202181240580238	0.806509664362779	0.39
TraesNOR5B03G02885660	-1.43159104488116	0.0315702658904952	0.818694980323951	0.5
TraesNOR5B03G02886400	0.0529960046763059	-0.0668735926031901	0.830207604627811	0.49
TraesNOR5B03G02887410	0.235216338897658	-0.0648671111991026	0.760685372053063	0.49
TraesNOR5B03G02887420	1.4619063243758	-0.0167802021387754	0.793346081340109	0.49
TraesNOR5B03G02889020	0.750610313854523	0.0558395750067441	0.740572226692451	0.5
TraesNOR5B03G02889690	0.035844285901278	-0.117694513601437	0.85582895344429	0.42
TraesNOR5B03G02892880	0.519695830562736	0.0724456389218155	0.784005968688166	0.53
TraesNOR5B03G02892890	-1.1153762342936	-0.0653977812334103	0.88462337124758	0.48
TraesNOR5B03G02894510	0.402793961723995	-0.0168415410091234	0.946563607526238	0.52
TraesNOR5B03G02895140	-0.529374400064696	0.115490301316096	0.836800850533842	0.45
TraesNOR5B03G02895320	0.0100088825255097	0.097006270264189	0.872302292569192	0.6
TraesNOR5B03G02895650	0.187514417449131	0.0451098389464393	0.819822598819651	0.57
TraesNOR5B03G02896810	-0.859873610180626	-0.0636004671886641	0.793569093609953	0.5
TraesNOR5B03G02898100	-1.54285503363686	-0.0917256625209668	0.731144684807976	0.54
TraesNOR5B03G02899040	-0.526030611890837	0.072043265364381	0.890448254315019	0.48
TraesNOR5B03G02899240	0.0192208216236577	0.0483996092840984	0.871422999528601	0.51
TraesNOR5B03G02899360	1.16347115646913	0.142907654508872	0.827807308818292	0.53
TraesNOR5B03G02900230	0.279852206879566	0.0425671931614762	0.791584822892483	0.46
TraesNOR5B03G02901980	1.79370730124518	-0.0945410050353968	0.905702963351634	0.46
TraesNOR5B03G02902230	-0.0197748747137524	0.0808074154241343	0.894739623331175	0.49
TraesNOR5B03G02903870	0.61645041705108	0.033131309748714	0.893102068942625	0.51
TraesNOR5B03G02904270	0.0582907564057882	-0.0548826696327619	0.833774588027396	0.52
TraesNOR5B03G02904670	-0.52616815695574	-0.042526971068026	0.814138151926413	0.51
TraesNOR5B03G02905030	-0.254104247785763	0.0601245077399669	0.807388857541857	0.47
TraesNOR5B03G02905730	0.392388819771435	-0.0252471774680332	0.756850120926827	0.49
TraesNOR5B03G02905750	-0.0217192766284002	0.115840469587921	0.907642068642645	0.44
TraesNOR5B03G02907340	-0.246337727616447	0.00400144806032284	0.936316480329275	0.51
TraesNOR5B03G02907660	-0.443305758844467	-0.0922118914605188	1.00255262310898	0.55
TraesNOR5B03G02908120	0.547424253641364	0.0266605358691289	0.71861160996385	0.54
TraesNOR5B03G02909190	0.0323710000508288	0.0489552535825432	0.85423805820148	0.5
TraesNOR5B03G02909740	0.159817674649952	0.161790126655253	0.817150127722021	0.62
TraesNOR5B03G02911110	-1.29680421669543	-0.0650026048007493	1.02627816968155	0.5
TraesNOR5B03G02911970	0.177165868198747	0.027854155820173	0.813217770630042	0.51
TraesNOR5B03G02912280	0.0749639936130005	0.052532578382048	0.965963051075054	0.59
TraesNOR5B03G02915320	-0.860763294807979	0.0812652993684563	0.765234636771545	0.47
TraesNOR5B03G02917990	1.33744200442231	0.00142304591740642	0.896667672396346	0.48
TraesNOR5B03G02918060	0.0924511962282647	0.013384261064178	0.67445613104088	0.53
TraesNOR5B03G02918230	0.529400864267677	0.0975633275159021	0.92251988461287	0.55
TraesNOR5B03G02918470	0.104563600250718	0.0924506526908054	0.754403280509391	0.53
TraesNOR5B03G02918790	0.181226842718253	-0.00941012245956696	0.797848179433811	0.49
TraesNOR5B03G02919330	0.77220424911772	-0.0949438436524416	0.70152519023448	0.48
TraesNOR5B03G02919340	0.716018387541503	0.0206237254565046	0.820805328883143	0.5
TraesNOR5B03G02920090	-0.151443706673816	0.12665383493346	0.807952981276275	0.48
TraesNOR5B03G02920580	1.25665371524102	0.0320344404919687	0.85537270937397	0.56
TraesNOR5B03G02920970	0.408435155134974	-0.0278649126783568	0.784277324924529	0.5
TraesNOR5B03G02921120	0.0350923037612729	-0.0107330963223108	0.76869222721604	0.5
TraesNOR5B03G02921150	-1.51250624845848	-0.0619327726851636	0.680799105298653	0.55
TraesNOR5B03G02921520	0.00274436802950582	0.0876496696099152	0.89307345969252	0.53
TraesNOR5B03G02921600	-0.0574427142367558	-0.148901259596502	0.916190986337763	0.52
TraesNOR5B03G02926630	0.212389300820994	0.0693031771570637	0.7897811443865	0.58
TraesNOR5B03G02928030	0.39638490338416	-0.0115532414839011	0.710792493064488	0.44
TraesNOR5B03G02928840	-0.140189956116182	-0.0185101140763966	0.819517007038659	0.55
TraesNOR5B03G02929520	0.0331555775013182	-0.0221886068339661	0.790715121560802	0.5
TraesNOR5B03G02929980	-0.00362499097331392	-0.082425334051594	0.806164207844488	0.57
TraesNOR5B03G02932080	0.0420300999502062	-0.0523053198041721	0.776724012591298	0.5
TraesNOR5B03G02932280	0.051610886674094	-0.00379587705083057	0.771071352325383	0.47
TraesNOR5B03G02932360	-1.8831542631681	-0.0485163016270056	0.823810107630627	0.51
TraesNOR5B03G02932410	0.145470707899909	0.134184952854723	0.733730791421017	0.56
TraesNOR5B03G02932520	-0.0295465065703781	0.00830482156863151	0.723299222196784	0.51
TraesNOR5B03G02932540	-0.157926609871425	0.0644499995590582	0.91696386518487	0.52
TraesNOR5B03G02932610	-0.340660768808365	-0.177347501166909	0.84506476506137	0.56
TraesNOR5B03G02933990	-0.0732916940671792	0.0679121196859927	0.78724875766108	0.48
TraesNOR5B03G02935040	-0.264872986693302	-0.0204593022724412	0.8834412481087	0.51
TraesNOR5B03G02935120	-1.03934534475414	0.0179955752211467	0.915400203557921	0.51
TraesNOR5B03G02935370	0.140865180799151	-0.139384277617842	0.93122987755403	0.5
TraesNOR5B03G02935950	-0.477056156803165	-0.124508205262039	0.855492984492484	0.6
TraesNOR5B03G02940460	-0.702936662915299	-0.0237131682564521	0.752084629016107	0.52
TraesNOR5B03G02941160	0.076175690965366	-0.0172779547848041	0.869257955718402	0.51
TraesNOR5B03G02941760	1.46979103178392	0.065256850989491	0.716979921645209	0.58
TraesNOR5B03G02943970	-0.30673812383472	-0.0466546802609928	0.87230754064063	0.59
TraesNOR5B03G02945490	0.620072530120606	0.0195134436609029	0.827546007985534	0.47
TraesNOR5B03G02948430	0.0116228132359003	-0.0591823646486924	0.868081326043625	0.42
TraesNOR5B03G02948440	-0.486247003528299	0.0564342592687133	0.856679161604878	0.53
TraesNOR5B03G02949880	-1.70567019974601	0.0309362563269967	0.856048095380051	0.54
TraesNOR5B03G02950590	0.0414058188662571	0.141755891054196	0.756449371827551	0.58
TraesNOR5B03G02952760	0.960239283290483	0.0938126882679481	0.803240568724959	0.58
TraesNOR5B03G02954120	0.537285468373728	0.152734439721609	0.82148578003284	0.61
TraesNOR5B03G02954250	-0.282866304546744	-0.0478182843111433	0.983145159097121	0.51
TraesNOR5B03G02956830	0.299398733577428	-0.105631386267015	0.85733386743712	0.42
TraesNOR5B03G02957230	0.46344989561988	0.0858857994513808	0.798104379105292	0.56
TraesNOR5B03G02959070	-1.53071246623479	-0.101131277450695	0.978249482143751	0.52
TraesNOR5B03G02963390	-3.12005643357174	-0.0170908664164242	0.756397068694345	0.53
TraesNOR5B03G02963650	0.6711574026427	0.0449260474197666	0.858424631794675	0.56
TraesNOR5B03G02964910	0.622013070655705	0.0694255987675019	0.801350606708812	0.48
TraesNOR5B03G02966940	-0.710111196845502	0.0350161465950116	0.784745593313264	0.49
TraesNOR5B03G02967270	1.2269597481349	-0.132917560090284	0.771515513727001	0.46
TraesNOR5B03G02967380	-1.6776098481124	-0.165442916127859	0.836590130995048	0.59
TraesNOR5B03G02967950	0.734879999729629	0.0306141685157972	0.940941470094938	0.49
TraesNOR5B03G02968260	-0.283095512872076	-0.0355077376531364	0.863862798403489	0.48
TraesNOR5B03G02968780	-1.80777116128473	-0.0424574105572999	0.867111934174411	0.57
TraesNOR5B03G02968930	1.57041898158161	-0.074510673935056	0.903607830836068	0.48
TraesNOR5B03G02970040	-0.00749760959953247	-0.13638128804576	0.765185871556421	0.59
TraesNOR5B03G02976260	-0.937937721588095	-0.097116864831437	0.841021183121814	0.53
TraesNOR5B03G02976560	0.0744197656910265	-0.0848201501746088	0.759404741935382	0.46
TraesNOR5B03G02976870	-0.0134803228858379	0.0135960437499448	0.858728791649769	0.49
TraesNOR5B03G02977910	-0.776478906578591	0.191532909381791	0.947434549996489	0.45
TraesNOR5B03G02979200	-0.553854960124356	0.070900094978241	0.796626447649901	0.41
TraesNOR5B03G02982400	-0.770690915900487	-0.116172254243449	0.787695413319602	0.54
TraesNOR5B03G02982870	0.213456799597658	-0.0277964361802603	0.763120886670763	0.51
TraesNOR5B03G02983330	0.528768338149555	0.100546707224668	0.881240128479924	0.53
TraesNOR5B03G02984230	-0.105379186541127	-0.0851738169467466	0.777455606331601	0.54
TraesNOR5B03G02986110	-0.0131906309448761	-0.0599130300248597	0.683841571355544	0.49
TraesNOR5B03G02988160	-2.23559789565945	-0.0193971919888342	0.861364872427064	0.51
TraesNOR5B03G02989680	0.230172658096881	0.0335381433790118	0.926734548006215	0.5
TraesNOR5B03G02989760	0.185148481033598	0.113290507395637	0.799039657448674	0.54
TraesNOR5B03G02990400	0.00580889891439098	-0.00174172858771145	0.781962856820699	0.44
TraesNOR5B03G02990790	0.0498862248204477	0.056895092097157	0.744674637022398	0.5
TraesNOR5B03G02991460	0.555132798902111	-0.0865113448096731	0.834500762294422	0.48
TraesNOR5B03G02992170	-0.262570883959914	0.0432646736877354	0.852414341317878	0.46
TraesNOR5B03G02992540	-0.637830273620404	0.0294532481921591	0.790047254694934	0.43
TraesNOR5B03G02993060	-0.321268044272546	0.1209242020132	0.869662668305975	0.43
TraesNOR5B03G02993780	0.703136435542813	-0.0287279063287473	0.878560457077457	0.54
TraesNOR5B03G02994020	-1.65155152918319	-0.0957177523482446	1.01938046624214	0.59
TraesNOR5B03G02994130	-0.57606401456934	0.148841421908028	0.849552077521171	0.47
TraesNOR5B03G02995140	1.73430424330522	-0.0065916150422334	0.882173278137639	0.49
TraesNOR5B03G02997130	-1.07199206788902	-0.021168578389019	0.790561928672967	0.53
TraesNOR5B03G02997470	-0.0117717562607622	-0.0527759440802324	0.852386203006208	0.48
TraesNOR5B03G02998310	0.401582615750278	-0.142325969935396	0.890090061699286	0.41
TraesNOR5B03G02998980	0.660366245150258	-0.0617439873790567	0.891402892536944	0.44
TraesNOR5B03G02999360	-1.08394086909284	0.0346853387983076	0.760779358033754	0.52
TraesNOR5B03G02999450	-0.257188239415792	-0.0900733659903096	0.877433454223153	0.55
TraesNOR5B03G02999710	0.418386811347617	0.0382568072962942	0.947351586888027	0.55
TraesNOR5B03G03001530	-0.543316657669098	-0.10865961097253	0.875829598277551	0.49
TraesNOR5B03G03001710	-0.161910406457331	-0.0361112032407758	0.795577342684895	0.53
TraesNOR5B03G03001890	0.0971483629361424	-0.133889450978644	0.990428098959307	0.44
TraesNOR5B03G03002290	-1.00922050999808	0.0937330910181702	0.760861066420151	0.47
TraesNOR5B03G03002320	0.263904259607948	-0.0369441976782242	0.859594090580939	0.46
TraesNOR5B03G03003360	0.881655107496326	-0.0906647765274051	0.794619897561512	0.52
TraesNOR5B03G03004980	-1.54233472384668	-0.086755510471847	0.818860656607121	0.57
TraesNOR5B03G03005830	1.11916261715877	0.00961692362337668	0.870437997088752	0.57
TraesNOR5B03G03006080	-0.207089497726116	0.149446122568169	0.786674013110939	0.43
TraesNOR5B03G03007170	-1.72997001554242	-0.0100819375376153	0.896003294236288	0.47
TraesNOR5B03G03008080	0.639574282356392	-0.0663074839923907	0.832360792215276	0.48
TraesNOR5B03G03009040	-0.23509530159773	0.0102520314956107	0.876851132355527	0.52
TraesNOR5B03G03009050	-0.266878884369666	0.0243261033350799	0.803373916108237	0.43
TraesNOR5B03G03009870	0.443252266561824	-0.0188528046596693	0.710796460326671	0.49
TraesNOR5B03G03009960	0.16096437252028	0.0189464191418419	0.791266925843382	0.44
TraesNOR5B03G03010070	-0.66726857197871	-0.0677944372735781	0.793526576196171	0.53
TraesNOR5B03G03010280	0.268893290862451	-0.0749596063659361	0.764897484349332	0.48
TraesNOR5B03G03010500	-0.397574442596136	0.034988383759284	0.784232540247873	0.52
TraesNOR5B03G03015890	-0.139226410821964	0.0159263357080565	0.785148514177393	0.45
TraesNOR5B03G03016360	2.23574440191832	-0.0722484357326435	0.772926398447474	0.43
TraesNOR5B03G03016880	0.959453426693364	0.124074476673367	0.767876126012883	0.58
TraesNOR5B03G03017120	0.731530765593023	0.00869589612977288	0.807904517897943	0.52
TraesNOR5B03G03017310	-0.96191792516236	0.117018168356768	0.767893330999817	0.41
TraesNOR5B03G03017820	1.08157699680021	0.0925337057747636	0.84170430804209	0.52
TraesNOR5B03G03018250	0.634538916614694	-0.0860663539133536	0.863954274689965	0.42
TraesNOR5B03G03018740	-0.672287537533043	0.0183540425334948	0.830562830846492	0.48
TraesNOR5B03G03019110	-1.09713988005398	0.0602475141426092	0.803489104935176	0.44
TraesNOR5B03G03019380	-0.839002760502332	-0.0702000185719452	0.855953086871504	0.58
TraesNOR5B03G03021090	1.91276099873127	0.0381824336157563	0.790291742303416	0.57
TraesNOR5B03G03021650	0.128006998174419	-0.0191567593509076	0.876291096861061	0.49
TraesNOR5B03G03021780	-0.00205480951654165	0.044322024252681	0.919506916462823	0.46
TraesNOR5B03G03022240	-0.23310127801907	-0.0858175298413149	0.927784838433301	0.56
TraesNOR5B03G03022320	1.6229970278416	-0.0724269705001913	0.864210254747457	0.48
TraesNOR5B03G03022830	0.83834851956943	-0.0299702561595706	0.889857505728032	0.52
TraesNOR5B03G03024190	0.521917089201307	0.0892079917265908	0.882267422870889	0.51
TraesNOR5B03G03024270	0.0391616064860078	-0.0541746513688018	0.814300110888938	0.49
TraesNOR5B03G03024690	-0.827659638680597	-0.0798841638843434	0.841775865460498	0.45
TraesNOR5B03G03025500	0.0137268656975879	0.157401985580619	0.877395795448188	0.54
TraesNOR5B03G03026330	0.491952862299143	-0.158157968793658	0.758934249172596	0.45
TraesNOR5B03G03026530	0.302884649064587	-0.0482786840417837	0.794039622719618	0.46
TraesNOR5B03G03027870	0.165484017437726	0.020738552774253	0.803048703396306	0.52
TraesNOR5B03G03027940	0.148467084373292	-0.0790445658827118	0.906807909812238	0.42
TraesNOR5B03G03028890	-2.3068230557468	-0.0689398213844381	0.762029058001608	0.46
TraesNOR5B03G03029560	0.013172598792798	-0.119442864082054	0.738373274154678	0.43
TraesNOR5B03G03029670	0.904406748870712	-0.0694658007186207	0.865769669061678	0.51
TraesNOR5B03G03030730	-0.680279623132318	-0.0358320334217385	1.02289952910225	0.53
TraesNOR5B03G03031480	2.01011492949142	-0.0431542744217166	0.828686705896493	0.48
TraesNOR5B03G03031500	0.242890857827102	-0.0570689830351112	0.876574952451775	0.42
TraesNOR5B03G03032270	-1.01304981240396	0.0723903334894095	0.784308544453783	0.39
TraesNOR5B03G03033940	-1.87642576323118	-0.00559379452310865	0.728552796281946	0.51
TraesNOR5B03G03033990	-0.576026671653137	-0.0975035853733152	0.893647386730948	0.54
TraesNOR5B03G03034840	1.21273615513978	0.079016402687601	0.898375876784811	0.54
TraesNOR5B03G03035030	-0.00437650754572208	0.0862591711487147	0.86134893441211	0.49
TraesNOR5B03G03035130	0.280902783072544	0.049497662263055	0.869426119705799	0.45
TraesNOR5B03G03036200	-0.0631106823739018	0.0337998613087046	0.799045209236262	0.49
TraesNOR5B03G03037700	0.00169306522072621	0.0881699210254343	0.852035149392322	0.54
TraesNOR5B03G03038200	1.49925978230011	0.0297890559588519	0.711596557382081	0.58
TraesNOR5B03G03039470	0.56070453747411	0.121235888367228	0.888936034033751	0.5
TraesNOR5B03G03039650	0.873520187458434	-0.0720557138213043	0.841735297209836	0.52
TraesNOR5B03G03039930	-1.16148685644098	-0.0951218723048737	0.97703364415238	0.52
TraesNOR5B03G03040060	-0.792833236519829	0.0966649289213742	0.731983799679802	0.4
TraesNOR5B03G03040670	0.730180350256972	0.0700931445939946	0.851893435133123	0.54
TraesNOR5B03G03040890	1.42070790473993	0.15583220041182	0.704813381335065	0.5
TraesNOR5B03G03041600	1.13495971462886	0.0502040219971139	0.727941424433204	0.54
TraesNOR5B03G03042240	0.15479454300799	0.0361855291057207	0.886632964010242	0.5
TraesNOR5B03G03045110	-0.930409062577017	0.0579951587342722	0.919645219714548	0.52
TraesNOR5B03G03046680	-1.40284677193524	-0.113605246291452	0.808951796219982	0.55
TraesNOR5B03G03046790	-0.749717244063081	0.000123406959621869	0.888389001067466	0.52
TraesNOR5B03G03048450	0.227195513183538	0.128044221635646	0.803786064177393	0.59
TraesNOR5B03G03050780	-0.339391723071542	0.127774500816679	0.838988829676205	0.42
TraesNOR5D03G03054240	-0.208014165079646	-0.0283768357077668	0.795875706161891	0.58
TraesNOR5D03G03055520	1.53215884350011	0.0782606703837955	0.895690048456329	0.55
TraesNOR5D03G03055960	-0.413419095975097	-0.0397234573146197	0.798284867891596	0.54
TraesNOR5D03G03056200	-0.806632949779615	-0.0215779124843513	0.753621865078859	0.53
TraesNOR5D03G03056210	-0.0231736720062815	-0.00998837779102833	0.907367115049744	0.53
TraesNOR5D03G03056520	1.41445795499166	-0.0998986798575023	0.69328262604249	0.45
TraesNOR5D03G03056610	1.13536191917703	0.124204385375281	0.940450658542499	0.56
TraesNOR5D03G03058910	-1.23700670446405	0.245485114645409	0.81971103222332	0.43
TraesNOR5D03G03060450	-0.572064471079377	0.0164129237846328	0.871028033060378	0.54
TraesNOR5D03G03060780	0.165376169729788	0.0870164866089146	0.739002471495053	0.54
TraesNOR5D03G03060810	-0.44730938383841	0.124592339768131	0.921436355835754	0.5
TraesNOR5D03G03060820	2.30682040888852	0.0287000200657224	0.819440499601341	0.5
TraesNOR5D03G03061080	-0.457577832052285	-0.0563369438250094	0.72328676943224	0.58
TraesNOR5D03G03061280	0.420300067346075	-0.106170110025192	0.859037404242506	0.42
TraesNOR5D03G03062010	-0.951275578261059	0.00635032383996729	0.836435345266949	0.48
TraesNOR5D03G03062190	0.678258497888678	0.084187541329962	0.779858950425742	0.5
TraesNOR5D03G03062350	-0.69791684564699	-0.143995766786702	0.849471413399892	0.59
TraesNOR5D03G03062580	-0.0346847488051265	-0.0407337092325519	0.811405234194142	0.5
TraesNOR5D03G03064600	-0.226096935277714	-0.0714094085664211	0.909548862475043	0.51
TraesNOR5D03G03065710	0.721205545163157	0.038743332507007	0.825317746183514	0.54
TraesNOR5D03G03066230	-1.0623949624246	0.0104625816604508	0.782505844816805	0.46
TraesNOR5D03G03068150	0.198881461274364	-0.0259204388737846	0.757767828710688	0.48
TraesNOR5D03G03069100	-0.679807710993643	-0.00109804558439428	0.801037740348493	0.43
TraesNOR5D03G03069340	1.80970531304376	-0.122348786271812	0.841769596351314	0.48
TraesNOR5D03G03069420	-0.594230641123524	-0.0406951629042266	0.828705880189778	0.5
TraesNOR5D03G03070040	0.442468066119164	-0.0281629520321713	0.833758859809631	0.45
TraesNOR5D03G03070260	-0.0097119794062893	0.168528254636868	0.801870097959519	0.51
TraesNOR5D03G03070660	-0.96446511696197	-0.0219135930573566	0.830820131367793	0.5
TraesNOR5D03G03071530	0.47195695137424	0.0782010593100164	0.845987488682661	0.56
TraesNOR5D03G03071820	-0.566169978067653	0.0469271605830396	0.913190200283245	0.43
TraesNOR5D03G03072210	0.0184110537725791	-0.00806788597452516	0.846789586372136	0.49
TraesNOR5D03G03072640	1.24094222915334	-0.0446436264064821	0.778747950457101	0.48
TraesNOR5D03G03074570	0.246198855228944	0.0665844745214808	0.798305731652206	0.59
TraesNOR5D03G03074600	0.251254891349883	0.0142384199643682	0.707258997076959	0.49
TraesNOR5D03G03075280	2.21332432087052	0.029997140545722	0.805872387152371	0.5
TraesNOR5D03G03076020	0.165120769472492	0.197268747125676	0.940574665886492	0.57
TraesNOR5D03G03076920	0.314934436329672	-0.0347398849683923	0.86985248697341	0.51
TraesNOR5D03G03078550	0.549111176365441	-0.0647225683923768	0.80598330341367	0.49
TraesNOR5D03G03078740	1.01839364004251	-0.110194495815562	0.864884399623818	0.46
TraesNOR5D03G03078810	-1.11917665685004	0.0489073699558635	0.833121649782989	0.4
TraesNOR5D03G03079160	0.0561142827799761	0.0849018246029914	0.726807796664339	0.53
TraesNOR5D03G03079570	-0.121479827344199	-0.0334487971489734	0.8065342298989	0.49
TraesNOR5D03G03079740	0.693796844865131	0.195107350496999	0.859100188737595	0.57
TraesNOR5D03G03081490	0.0233089012411612	0.0613223762426042	0.873726133710554	0.54
TraesNOR5D03G03081740	-0.270783279101456	0.0145253797657666	0.87904620868459	0.46
TraesNOR5D03G03082220	1.36769228656006	-0.0210994618236945	0.720490705991983	0.47
TraesNOR5D03G03082230	0.234906864552663	-0.218815233852812	0.893138192938895	0.51
TraesNOR5D03G03082300	0.408023860238802	-0.068709231031204	0.771221588921492	0.45
TraesNOR5D03G03082950	-0.820658099557681	0.155959723539502	0.741887551404265	0.44
TraesNOR5D03G03082970	0.828258399341328	-0.226020708188818	0.868930604111003	0.39
TraesNOR5D03G03083290	-1.31471474946583	-0.0205210850689483	0.814987150589563	0.52
TraesNOR5D03G03085180	0.0447212914107859	0.0372687200103588	0.976099966928554	0.61
TraesNOR5D03G03085930	-0.42690614014054	0.0371547970494274	0.828382679780198	0.41
TraesNOR5D03G03090600	1.18797372863452	0.0748358699699636	0.846427824837365	0.6
TraesNOR5D03G03090720	0.00893568967046037	0.162450785404188	0.819645752681812	0.59
TraesNOR5D03G03091930	0.0166258887028963	0.0146861441949989	0.811604917931885	0.44
TraesNOR5D03G03091970	0.536175079135132	-0.045370740234567	0.85087827398625	0.47
TraesNOR5D03G03092170	-0.463042056233526	0.0809797876029503	0.844886531896709	0.44
TraesNOR5D03G03092240	-1.35018058793546	-0.0461339165991711	0.961437350570029	0.51
TraesNOR5D03G03093670	1.76369730733311	0.0897431396708514	0.725138002398164	0.57
TraesNOR5D03G03093950	-0.185418212756625	0.0436957902352585	0.907633487857907	0.5
TraesNOR5D03G03094420	1.46776665420489	-0.0614560416656105	0.829115685305452	0.46
TraesNOR5D03G03094430	0.0699853416973459	0.121808260822682	0.871268903059955	0.54
TraesNOR5D03G03094740	0.497422228340769	0.0157955315555447	0.858715304725779	0.49
TraesNOR5D03G03094990	-0.11124015279007	0.0250337352962461	0.828211853643487	0.48
TraesNOR5D03G03095620	1.43869667351537	0.0537328249273405	0.788840823164155	0.45
TraesNOR5D03G03096380	1.00858054371937	0.0678262808789671	0.84093615985802	0.5
TraesNOR5D03G03097210	-0.0278424709720287	0.0746148045302164	0.778638969362804	0.46
TraesNOR5D03G03097320	-0.204037401950067	-0.00079524639683332	0.77336511132358	0.46
TraesNOR5D03G03098090	0.0280788310831436	0.0594455184378117	0.81750749934304	0.53
TraesNOR5D03G03098150	0.858800151507631	-0.0585240611229369	0.684699607441845	0.49
TraesNOR5D03G03098340	-0.747857780154768	0.0531359854222839	0.791550570900183	0.49
TraesNOR5D03G03099340	-0.728224968730933	0.129273445535561	0.753588866051251	0.44
TraesNOR5D03G03099410	0.128634238075597	-0.0731096000709084	0.773319570583873	0.47
TraesNOR5D03G03100400	-1.20250793578083	0.0441797292506489	0.801984136811356	0.49
TraesNOR5D03G03100620	-1.06892974300795	-0.0612808729641892	0.905595061921458	0.52
TraesNOR5D03G03100670	1.38700834486148	-0.0733336722510995	0.939872661017246	0.47
TraesNOR5D03G03100890	-0.150558935502804	0.0516113533974467	0.669233032750437	0.48
TraesNOR5D03G03101480	-0.953575178988301	-0.100627401225782	0.907710109790004	0.52
TraesNOR5D03G03102270	-0.0343208494701302	-0.137628974966312	0.893247828022431	0.55
TraesNOR5D03G03102330	-0.34237387351312	-0.0188224839876009	0.788219223270749	0.48
TraesNOR5D03G03102410	-0.377019794143457	0.0456398414352242	0.818244267562125	0.48
TraesNOR5D03G03102780	-0.540234231704288	0.133836705978232	0.868795516586995	0.48
TraesNOR5D03G03103840	-0.337655559121677	0.0500672009256197	0.82957426756691	0.47
TraesNOR5D03G03104340	-0.316098032964762	0.0719376315874635	0.898888171550119	0.43
TraesNOR5D03G03104990	-0.395867688864965	0.15624033018279	0.836225732798333	0.42
TraesNOR5D03G03105110	-1.01521009531144	-0.117673854374279	0.810278186075337	0.55
TraesNOR5D03G03105270	-0.277924969267583	0.0342414903596758	0.93177454404693	0.51
TraesNOR5D03G03108220	0.631563628252307	0.113917321183715	0.748030891969641	0.6
TraesNOR5D03G03108650	-0.600718893968645	-0.095433403136588	0.737276829741842	0.59
TraesNOR5D03G03109410	-0.693358274091449	0.0888960082980011	0.870219357639268	0.45
TraesNOR5D03G03109460	0.307730213783756	0.0708143733122674	0.923907869217455	0.49
TraesNOR5D03G03109550	1.0053624709955	0.0528208296017184	0.839070259960189	0.44
TraesNOR5D03G03109690	2.62638058366221	0.226811904318408	0.756922065689808	0.65
TraesNOR5D03G03109970	0.239372045292269	-0.0486813783323283	0.782063471058289	0.46
TraesNOR5D03G03113150	0.0598651393335596	-0.11437174208393	0.886541509822895	0.54
TraesNOR5D03G03113270	-1.54013812273721	0.0803494279480681	0.929975385589035	0.45
TraesNOR5D03G03114440	0.521855138954616	0.0385856866802311	0.850463156591645	0.53
TraesNOR5D03G03114510	-0.154540530227682	-0.026906760925534	0.902181293764571	0.55
TraesNOR5D03G03115200	0.0477826823487445	0.0734462585331094	0.871571849546022	0.51
TraesNOR5D03G03116430	-0.193732994701403	-0.00278394806002099	0.735890407527464	0.52
TraesNOR5D03G03116750	0.29740537712343	-0.0484320012384361	0.795280347941055	0.46
TraesNOR5D03G03116850	-0.0851404776298833	0.0354356676092919	0.884642318018622	0.44
TraesNOR5D03G03117010	0.0367916740739176	0.0040894227184446	0.754787233186975	0.49
TraesNOR5D03G03117300	-0.250664739369322	0.0824313428376584	0.833732203359415	0.47
TraesNOR5D03G03117400	-0.0667856129901232	-0.035590858681073	0.771183837712734	0.5
TraesNOR5D03G03117930	-1.04898372087982	-0.100259368872592	0.771813740512295	0.53
TraesNOR5D03G03118190	-0.474100887085786	-0.0818433913001687	0.866867358475378	0.57
TraesNOR5D03G03119640	0.0482153482233407	-0.092594802699125	0.829046033639369	0.48
TraesNOR5D03G03121000	-0.040824753778752	0.147315791502007	0.941457591854475	0.41
TraesNOR5D03G03121190	-1.25124535019273	-0.130135001999348	0.831518061014353	0.52
TraesNOR5D03G03121670	0.93295750115328	-0.0361781706430228	0.904934643016003	0.51
TraesNOR5D03G03121990	1.12303053001582	0.219925056342526	0.856502467014038	0.61
TraesNOR5D03G03122580	-0.413160103429998	-0.109338495088706	0.791211407722046	0.51
TraesNOR5D03G03122780	-0.00435187908018319	0.135352836488958	0.80799298470648	0.54
TraesNOR5D03G03124770	1.45384354880289	0.152032081439594	0.892660671849671	0.6
TraesNOR5D03G03125270	0.584660644819326	0.056110668463501	0.91351584081524	0.53
TraesNOR5D03G03125820	0.997109324029293	-0.0623738455776124	0.837938280089592	0.47
TraesNOR5D03G03126180	1.04691675049827	0.0424158716932258	0.770840071524079	0.48
TraesNOR5D03G03126520	-0.0958629815292006	-0.118807747080756	0.75982928339018	0.55
TraesNOR5D03G03127000	1.08879605245024	0.0937696995521512	0.771643796640769	0.5
TraesNOR5D03G03128080	0.0913060176732741	0.0997066948210591	0.878149378117274	0.54
TraesNOR5D03G03128380	-0.747954877619316	-0.0931661113951968	0.826598244114497	0.6
TraesNOR5D03G03129240	-0.562195815460031	-0.134790868713909	0.840446993108153	0.51
TraesNOR5D03G03130440	0.0740962242899568	-0.0392370905627555	0.854626911263483	0.5
TraesNOR5D03G03130490	2.47443505962794	-0.0133554180325645	0.809026260184492	0.48
TraesNOR5D03G03131380	0.118799550550973	0.14577431328354	0.917382321404067	0.55
TraesNOR5D03G03133020	-0.0790306774801762	0.00361441559615416	0.836838369354081	0.51
TraesNOR5D03G03133250	0.626618724867199	-0.0400274781972359	0.713479571400769	0.46
TraesNOR5D03G03133270	-1.14692366213456	0.0509558692037753	0.680990617276474	0.44
TraesNOR5D03G03133460	0.0225978734212633	0.0614734955082492	0.8146803111469	0.51
TraesNOR5D03G03133720	-0.72557544986491	-0.0260076800887609	0.829881678672737	0.57
TraesNOR5D03G03134150	0.104897029492654	0.0767947108579429	0.781903660208411	0.55
TraesNOR5D03G03134340	2.35676129934565	0.0175601414304508	0.996468309618807	0.55
TraesNOR5D03G03134400	1.63347676234341	-0.0408779818483605	0.715515810137633	0.51
TraesNOR5D03G03134410	0.093283650841446	0.136948412161158	0.739225431145386	0.59
TraesNOR5D03G03134890	0.579190436619898	0.0502927960580635	0.83349990555694	0.53
TraesNOR5D03G03135230	0.264381914321474	-0.0270463975274775	0.913592618416876	0.54
TraesNOR5D03G03135900	0.818958409805511	-0.0168834774676511	0.823835434177511	0.49
TraesNOR5D03G03135930	0.347532654766055	-0.0120576621573249	0.776406518603	0.5
TraesNOR5D03G03136530	0.407985776792712	-0.0211654566088079	0.824396450250357	0.52
TraesNOR5D03G03136540	-0.932552400090212	-0.00851168484118938	0.78858430460834	0.5
TraesNOR5D03G03136560	-0.792389095764823	0.114393168374898	0.78856816752316	0.41
TraesNOR5D03G03136570	-0.0147796375599701	-0.0417627513654749	0.869622821779546	0.5
TraesNOR5D03G03136800	-1.04570599576371	0.0420031210895226	0.944898920583842	0.47
TraesNOR5D03G03137250	0.492878713109651	0.08656148612988	0.881994864723655	0.48
TraesNOR5D03G03137630	0.00427951658631965	-0.0973058693476528	0.815623319212527	0.46
TraesNOR5D03G03138020	0.35143555221581	0.161718767966644	0.884932369231795	0.57
TraesNOR5D03G03138050	-1.33486189488601	-0.0364551800756375	0.770549809058608	0.53
TraesNOR5D03G03138160	-0.266047136752947	0.0448525355928675	0.739501019337481	0.51
TraesNOR5D03G03138560	-0.953521217670498	0.0885862868648973	0.83270545907818	0.47
TraesNOR5D03G03140110	-1.25889931188245	0.111288055291026	0.79798102099769	0.45
TraesNOR5D03G03140220	-0.862880785142881	0.0638772072035793	0.816688754405759	0.4
TraesNOR5D03G03140670	-0.893605394161521	-0.00701400546008053	0.931185610876007	0.53
TraesNOR5D03G03141600	-0.673579696911076	0.0715146860442996	0.878205535258697	0.49
TraesNOR5D03G03142260	-0.133742759003093	-0.0425888310535728	0.849659353819747	0.48
TraesNOR5D03G03143060	0.116313037730912	-0.213334922199042	0.964044217700326	0.41
TraesNOR5D03G03143090	-0.0234669527531251	0.0714246528151811	0.820386064662497	0.41
TraesNOR5D03G03143160	-2.51836760413058	-0.0181008402339937	0.719781522138949	0.58
TraesNOR5D03G03143720	-0.00638350374984629	-0.0356446034971764	0.697783139340908	0.5
TraesNOR5D03G03144150	-1.13619201775657	0.0436683284437493	0.825021959785563	0.49
TraesNOR5D03G03145160	0.446481013416781	0.0879544497822242	0.846074576848798	0.55
TraesNOR5D03G03145650	-0.565683246267436	0.000289281395178508	0.826535120852049	0.52
TraesNOR5D03G03145660	-0.635014062611373	-0.0148802415518169	0.837573400953326	0.51
TraesNOR5D03G03146550	-0.206418147324827	0.0771616295075563	0.88709703805105	0.42
TraesNOR5D03G03146570	1.07874909342836	-0.095270651398116	0.771451537041284	0.44
TraesNOR5D03G03147060	-1.07524383711904	-0.0867039932566181	0.865305721249415	0.56
TraesNOR5D03G03148140	-0.871950260495357	-0.0383635962628322	0.828870941715473	0.56
TraesNOR5D03G03149040	1.53792903970569	0.0331582852485366	0.793388273837959	0.58
TraesNOR5D03G03149120	-1.63753038740899	-0.0660718867276902	0.892942718343402	0.53
TraesNOR5D03G03149390	0.399041202687719	-0.0626785603705186	0.89626221910268	0.41
TraesNOR5D03G03150060	-0.677529949109717	-0.170760484430449	0.768051595823689	0.56
TraesNOR5D03G03150880	-0.666286191154178	-0.144458603970555	0.895737407286788	0.48
TraesNOR5D03G03151240	2.229887858486	-0.0825134747457651	0.809972773698549	0.42
TraesNOR5D03G03151600	-1.2170135168239	0.0519580804451574	0.839533694375409	0.51
TraesNOR5D03G03151770	0.191557241035128	-0.00486132213731816	0.836295229655321	0.5
TraesNOR5D03G03151860	0.261769221294079	0.0744804472092275	0.798094786231436	0.61
TraesNOR5D03G03151960	0.920431541406311	-0.112100049460488	0.775010196763691	0.45
TraesNOR5D03G03152410	1.13510955715652	0.0561545255048782	0.919665390898719	0.5
TraesNOR5D03G03152750	0.00109454194885168	-0.00872053027265503	0.776635221138063	0.49
TraesNOR5D03G03152830	0.205635419816371	-0.0595901364051556	0.746311455473511	0.51
TraesNOR5D03G03152990	0.449360641656287	-0.0155749399509183	0.902648658628531	0.48
TraesNOR5D03G03153260	-1.60376376593265	-0.0362754057251548	0.903892775183689	0.55
TraesNOR5D03G03155130	1.3859600862065	0.0631752839720071	0.873790114074124	0.55
TraesNOR5D03G03155380	0.502869883026727	0.0758343606786334	0.835585054621035	0.53
TraesNOR5D03G03155820	-0.0377720935865541	0.113990041470214	0.800830167725307	0.46
TraesNOR5D03G03156140	-3.44748221239416	-0.0513433505473847	0.904739355844167	0.5
TraesNOR5D03G03158690	2.17770724388297	-0.13679736800497	0.896512482793905	0.45
TraesNOR5D03G03158790	0.865513281761275	0.0803467015339462	0.841183677879471	0.53
TraesNOR5D03G03158960	1.16382588555925	0.00263838100983904	0.880678883728734	0.48
TraesNOR5D03G03159310	-1.03370497460533	-0.0549901528956178	0.849965340772201	0.57
TraesNOR5D03G03159840	-1.0082306310859	-0.11868802962611	0.914641089529278	0.55
TraesNOR5D03G03160070	0.0778703979359384	-0.211262689506418	0.768460549533575	0.36
TraesNOR5D03G03161650	0.00130100673262104	0.0321054466705968	0.837398277704232	0.5
TraesNOR5D03G03162200	-0.444446910148475	0.0377251858738521	0.965227253624888	0.42
TraesNOR5D03G03162280	-0.0421832145850803	-0.11350670813818	0.883679989243999	0.57
TraesNOR5D03G03162610	-0.807371885867496	-0.0767665926307045	0.912842499666946	0.54
TraesNOR5D03G03163820	-1.50975292984418	0.0499421894282612	0.79703386086222	0.49
TraesNOR5D03G03164790	0.0755617221491239	0.0153273775775436	0.702289316028765	0.48
TraesNOR5D03G03165720	0.506156253206857	-0.0995322229021966	0.773543698495171	0.42
TraesNOR5D03G03166480	-0.0886660766644543	0.0318696680798076	0.759446955581061	0.51
TraesNOR5D03G03167810	0.464734072754068	0.110887448943922	0.721685087932073	0.54
TraesNOR5D03G03167850	-1.04233729435037	-0.00296306835373936	0.99301966802873	0.47
TraesNOR5D03G03168680	0.040293631644673	-0.0569244156355378	0.855165755521006	0.5
TraesNOR5D03G03168840	-0.238823457791445	-0.0270518258776836	0.95219603834882	0.51
TraesNOR5D03G03170240	-0.405571164604306	-0.0665184784355551	0.790931261242337	0.53
TraesNOR5D03G03170250	0.255572769005094	-0.0158070757922284	0.815925200990576	0.52
TraesNOR5D03G03170570	0.0502931539183306	-0.0609521392756366	0.854261908780576	0.47
TraesNOR5D03G03171050	0.13171245584459	0.0705703430394688	0.664023918517909	0.57
TraesNOR5D03G03171600	-0.231416554939917	-0.115268691840905	0.760752690284035	0.54
TraesNOR5D03G03171720	0.175806309122448	0.0420274523865399	0.960756976582301	0.49
TraesNOR5D03G03172130	-0.976961443372819	0.0648687649690834	0.847351072125331	0.49
TraesNOR5D03G03172500	0.0872246997483925	-0.112302989453798	0.794310226235708	0.46
TraesNOR5D03G03173800	1.72306174266412	0.00424322997416124	0.885314576981997	0.49
TraesNOR5D03G03174160	0.0249452936672639	0.129901990755745	0.921648874251349	0.59
TraesNOR5D03G03175210	0.13740698251649	0.18350348219917	0.863974652651933	0.61
TraesNOR5D03G03175240	-0.818166363020662	0.0807776335208383	0.763748778550147	0.5
TraesNOR5D03G03175490	-0.507796114658691	0.0440490046963315	0.790469801100679	0.45
TraesNOR5D03G03176570	0.99590076937434	0.109279523019874	0.888678237321978	0.58
TraesNOR5D03G03177000	0.842981577987568	0.018580890529578	0.797376863244137	0.54
TraesNOR5D03G03177060	0.220549486465442	-0.0250121698458882	0.796246152213012	0.49
TraesNOR5D03G03177200	0.0110626583407614	0.0237903655711815	0.94300558430747	0.49
TraesNOR5D03G03177970	-0.963705601487166	-0.0310674065618242	0.698949102996968	0.46
TraesNOR5D03G03178110	0.867071786078666	-0.0536147877680825	0.856049876055479	0.49
TraesNOR5D03G03178370	0.00999829723544332	0.0374883284323146	0.875961514302856	0.51
TraesNOR5D03G03179420	0.00767626389480013	0.0560978915789441	0.896649856082409	0.57
TraesNOR5D03G03180660	0.0588572873462715	0.0102023411905972	0.892443788754939	0.56
TraesNOR5D03G03180700	-0.769568551009922	0.0802230563307605	0.895623337914911	0.5
TraesNOR5D03G03181400	0.901387511441574	-0.000401826177517334	0.810474377324172	0.55
TraesNOR5D03G03181860	-0.293447834666526	0.043439944615344	0.964277454391582	0.46
TraesNOR5D03G03182090	0.332516709703113	0.106958470903459	0.813614057509814	0.6
TraesNOR5D03G03182130	1.78464035742694	-0.0546598965781844	0.822597231264658	0.48
TraesNOR5D03G03182600	1.37785144520407	0.0554115367608156	0.997651988029401	0.48
TraesNOR5D03G03183330	-0.53323169816728	0.0477699336132936	0.702830730456083	0.49
TraesNOR5D03G03183540	-0.0021588430675541	-0.0330038982048992	0.7273765189886	0.51
TraesNOR5D03G03183550	2.45504879216552	0.00918015932800806	0.890983695297309	0.53
TraesNOR5D03G03183560	-0.134077086835225	-0.00243034857625412	0.748497027928017	0.55
TraesNOR5D03G03184120	-0.0380127731189248	-0.0522376310042128	0.805315224058511	0.55
TraesNOR5D03G03185320	-0.151809069818021	0.0160377552023746	0.945135519245749	0.51
TraesNOR5D03G03186490	-0.149113488289136	-0.000439225891282389	0.927688033802206	0.51
TraesNOR5D03G03186590	0.35729960730826	0.193630270088719	0.803991534573997	0.63
TraesNOR5D03G03186850	1.47228564208919	-0.0335647660735486	0.729152689386919	0.54
TraesNOR5D03G03187420	-0.166862211787756	-0.0575640720532241	0.715385112545389	0.49
TraesNOR5D03G03187480	0.437062255011233	0.0532014793506826	0.974711565839442	0.54
TraesNOR5D03G03187880	-0.711802632738229	0.0106522753972282	0.789190519717274	0.53
TraesNOR5D03G03188230	0.168894367252604	0.0432610710847517	0.755932928144442	0.61
TraesNOR5D03G03189090	-0.0544633027079747	0.0843595439322097	0.797987101484119	0.46
TraesNOR5D03G03189620	0.913917915209873	-0.0100906246160435	0.939044732456825	0.48
TraesNOR5D03G03189830	-0.777531635359798	-0.0372099073955548	0.753801748947455	0.51
TraesNOR5D03G03189880	-0.0337438871210422	-0.0538977011725433	0.757053139831748	0.5
TraesNOR5D03G03190140	0.24570991543161	0.0868611781036154	0.685098496254717	0.56
TraesNOR5D03G03190420	0.188709913220433	0.0030543655329708	0.857197548812012	0.48
TraesNOR5D03G03191040	-0.608460468573903	-0.0303776744673383	0.742058913241895	0.48
TraesNOR5D03G03191050	-1.2841154244668	-0.0634267002664862	0.835527918384463	0.51
TraesNOR5D03G03191290	-0.975040621678259	-0.0914032797328048	0.934922729860926	0.52
TraesNOR5D03G03191870	-1.36814893601506	-0.00200539675916313	0.751453156577398	0.47
TraesNOR5D03G03191890	1.48569158629411	-0.0140021709874648	0.7863713066556	0.49
TraesNOR5D03G03192310	-0.159866743014953	-0.0588248380699526	0.91680365567865	0.52
TraesNOR5D03G03192380	0.306208102079826	0.0643026944540684	0.681746893427705	0.51
TraesNOR5D03G03192750	-0.0367332019006684	0.0680962923792462	0.732732273771147	0.47
TraesNOR5D03G03193480	-1.32597790137533	0.0747087280101918	0.920446402936718	0.44
TraesNOR5D03G03193950	0.0408425669307085	-0.0816610093764482	0.832530652541887	0.52
TraesNOR5D03G03195360	-0.376348425481404	-0.0418599438298452	0.780165800845361	0.56
TraesNOR5D03G03195410	0.0839060213124464	0.0702203402299648	0.890381637675312	0.54
TraesNOR5D03G03195580	-0.121288831249102	-0.030788365432388	0.786919689465224	0.46
TraesNOR5D03G03196200	-0.58104807190871	0.0508824345866647	0.814107573783837	0.48
TraesNOR5D03G03199340	2.22320535415585	-0.0748628158960486	0.676103012003298	0.46
TraesNOR5D03G03200390	0.645067049611931	-0.0257885892237842	0.881607420185798	0.49
TraesNOR5D03G03200400	-0.0260405523677323	0.00336399555563495	0.862145625729924	0.48
TraesNOR5D03G03200740	-0.79655449377558	-0.0571710112368992	0.70639239049682	0.53
TraesNOR5D03G03200810	-1.33444186396476	-0.126002307280874	0.891958331799897	0.59
TraesNOR5D03G03201360	0.158178124590425	0.0131594056192499	0.817376540740967	0.62
TraesNOR5D03G03201670	-0.864374064399376	-0.0527895237149643	0.851039215058678	0.51
TraesNOR5D03G03201800	2.11731364511482	0.13886937735799	0.599454793268371	0.54
TraesNOR5D03G03202630	0.986143519120864	0.0234534271208371	0.822994567762117	0.54
TraesNOR5D03G03202650	-0.925569405340483	-0.0641042645097844	0.879847619806023	0.52
TraesNOR5D03G03202680	-0.0108854251407185	-0.00280880221816177	0.832824154133147	0.52
TraesNOR5D03G03205360	1.17590944342502	0.0438442303132739	0.844094798007595	0.55
TraesNOR5D03G03205390	-0.499226256661697	-0.00495519671125174	0.806223937543225	0.5
TraesNOR5D03G03206310	-1.87733297929969	-0.15030885181027	0.803687171334419	0.56
TraesNOR5D03G03206450	-1.24137054511326	0.00651174347553489	0.943860046598265	0.55
TraesNOR5D03G03206830	0.0347932761695454	-0.0674660277875809	0.827558846591717	0.47
TraesNOR5D03G03206860	-0.734363219992553	-0.0379933165710119	0.799998352186586	0.48
TraesNOR5D03G03207020	-0.541846627252072	-0.0412650249282452	0.751684251527714	0.52
TraesNOR5D03G03207040	0.157344636954044	-0.0503527085355689	0.87933354234528	0.49
TraesNOR5D03G03207490	-0.731236487508178	-0.142118197647761	0.853407486470685	0.53
TraesNOR5D03G03207510	-1.18969567212473	-0.159954538443333	0.872144819342334	0.57
TraesNOR5D03G03207530	0.404384053813077	-0.116226630462188	0.910002188376683	0.48
TraesNOR5D03G03207980	0.661804126131304	0.123886865761017	0.918316015377406	0.55
TraesNOR5D03G03208290	-0.787698401069291	-0.0367124574403872	0.638896439881611	0.51
TraesNOR5D03G03208970	-0.458830302843835	-0.0107663609786031	0.747985073050683	0.57
TraesNOR5D03G03208980	0.24213908648761	-0.116976157573338	0.847520194102287	0.46
TraesNOR5D03G03209140	0.180992789798354	-0.0948494671859629	0.879256939727709	0.45
TraesNOR5D03G03210530	0.308267920802098	-0.0641509368402654	0.829850019288859	0.48
TraesNOR5D03G03210650	0.0266446427328986	0.028484764569504	0.773664862893991	0.55
TraesNOR5D03G03210780	0.0192399524202278	-0.0679958559074952	0.815637050822635	0.51
TraesNOR5D03G03210990	2.03668702130383	0.0418313052084777	0.757433434926632	0.5
TraesNOR5D03G03211910	-1.26972973687299	-0.0907176255233978	0.707724652073795	0.49
TraesNOR5D03G03211960	0.0752294251506028	0.0399401338999965	0.764368127129603	0.57
TraesNOR5D03G03212340	-0.371296770528418	0.0207759777754651	0.841379442993105	0.48
TraesNOR5D03G03212510	-0.573745775100985	0.123064608883067	0.818404033170117	0.48
TraesNOR5D03G03212850	1.42335970919575	0.0486999162692717	0.807973616046286	0.55
TraesNOR5D03G03213400	0.586723626518641	-0.0148584941150651	0.999837907390378	0.52
TraesNOR5D03G03213580	0.23778007883185	-0.0964353996768258	0.81387694767659	0.5
TraesNOR5D03G03213770	0.291757878503426	0.0826889628521453	0.823580065991385	0.61
TraesNOR5D03G03214180	-0.378207498666136	-0.0663405930321744	0.773092820764475	0.56
TraesNOR5D03G03214210	-0.0039703636223362	-0.0257379425164123	0.890516038604702	0.53
TraesNOR5D03G03215170	0.443291243559784	-0.0160750553713346	0.868133330196208	0.52
TraesNOR5D03G03215230	-0.55074246674614	0.0814418499876262	0.915158379986823	0.44
TraesNOR5D03G03216160	0.388949580287131	0.0676593947016119	0.785079498400887	0.53
TraesNOR5D03G03216620	-0.716857005625451	0.0203159137383562	0.81948337728966	0.52
TraesNOR5D03G03216910	-0.454145393089346	0.0518640836446232	0.813800973244038	0.52
TraesNOR5D03G03217670	-1.35247980221712	0.0152211594697609	0.798648543748676	0.42
TraesNOR5D03G03217890	-0.632811885418863	0.0973228293264022	0.864742403025263	0.45
TraesNOR5D03G03218040	-0.00597794572724564	0.0529238113535682	0.859712522756654	0.46
TraesNOR5D03G03218120	0.0550242848054548	0.0206539737470187	0.954116635771469	0.49
TraesNOR5D03G03218180	1.09022425058368	-0.0819478585616755	0.855437345277994	0.48
TraesNOR5D03G03219180	0.02878199307803	-0.145492010934687	0.802108133398792	0.45
TraesNOR5D03G03219570	0.257329671608297	0.0238768802930187	0.918014887689576	0.49
TraesNOR5D03G03220190	-0.27269446916614	-0.144701246795073	0.73523069914697	0.64
TraesNOR5D03G03220220	1.07861236521627	-0.0975958880145624	0.802692207306525	0.53
TraesNOR5D03G03220270	0.399118440056864	0.0187657982228314	0.845560482747971	0.47
TraesNOR5D03G03220550	0.337553056948355	0.0813147324796902	0.702710340438183	0.52
TraesNOR5D03G03220600	0.216981365358458	-0.130644492804809	0.76150429040683	0.39
TraesNOR5D03G03221520	1.06483965545856	-0.129245904554993	0.847060566731597	0.48
TraesNOR5D03G03222330	0.830839530790036	0.0962730871210241	0.840894518477055	0.57
TraesNOR5D03G03222570	-0.0112232376586276	0.081446603841476	0.871564794352954	0.51
TraesNOR5D03G03223210	-0.812162530626913	-0.0062401207244002	0.858959620649849	0.49
TraesNOR5D03G03223260	-0.746793003231977	0.106533370589296	0.867387785441238	0.45
TraesNOR5D03G03223690	1.81817504524606	-0.0397880790547802	0.956028163302774	0.5
TraesNOR5D03G03223890	-0.83515656073012	0.0617845864458547	0.812739390824279	0.48
TraesNOR5D03G03224840	-0.246038785480351	0.0536688586528285	0.69885710386929	0.44
TraesNOR5D03G03225170	0.249977521752324	0.0205755195698102	0.768925300121407	0.51
TraesNOR5D03G03225400	0.959064145378162	0.161244567460595	0.74040598209238	0.63
TraesNOR5D03G03225440	0.00120917330046471	-0.00559104349484194	0.841792250612696	0.48
TraesNOR5D03G03225450	1.25381833116423	-0.0147803240480287	0.840421076456483	0.47
TraesNOR5D03G03228120	0.324495452705587	-0.00571374593316498	0.757125379876691	0.5
TraesNOR5D03G03228190	0.371849153524776	0.000106084861538888	0.695931123788737	0.54
TraesNOR5D03G03228580	-0.393473790595974	-0.0508570991461726	0.873446458226212	0.55
TraesNOR5D03G03228620	1.04205876907481	0.033914641452454	0.781239763615661	0.5
TraesNOR5D03G03228810	0.392227719697875	0.102533008763231	0.786828880129318	0.52
TraesNOR5D03G03228970	0.565139881632291	-0.0617116406768725	0.729121218722186	0.53
TraesNOR5D03G03229880	0.241472717642496	-0.0952333691621978	0.748416312776542	0.42
TraesNOR5D03G03230420	-1.16912670897341	-0.162339607279527	0.908201701179812	0.57
TraesNOR5D03G03230610	0.865213950918683	0.026652198996018	0.8286456133921	0.51
TraesNOR5D03G03231030	-0.184861630841036	-0.108583448773622	0.938107675244343	0.54
TraesNOR5D03G03231120	-0.29726724794882	-0.0643227541033626	0.802749022679823	0.54
TraesNOR5D03G03231130	-0.291662102774244	-0.0418003377321846	0.877287310874481	0.5
TraesNOR5D03G03231200	-0.091544492973617	-0.108093047411486	0.773529431283163	0.56
TraesNOR5D03G03231440	0.703133072805019	0.0274345204298911	0.710415044278903	0.59
TraesNOR5D03G03232700	0.765843532155384	-0.00130325505109928	0.921549898332876	0.52
TraesNOR5D03G03233250	-0.763028320661209	-0.0350078989324037	0.774465726339934	0.42
TraesNOR5D03G03233300	0.57411621489698	0.171844311857102	0.896145425537149	0.58
TraesNOR5D03G03233310	0.042151772230193	0.0203207569695886	0.834953003425734	0.55
TraesNOR5D03G03233390	-1.35102915578677	-0.013684394913743	0.939038848417826	0.53
TraesNOR5D03G03233460	-0.0202163629978938	0.0346244332075879	0.877362826622813	0.44
TraesNOR5D03G03233840	1.12934435474663	0.0368331542719789	0.852960182894282	0.52
TraesNOR5D03G03234170	-0.075972149590439	0.026656359787469	0.900625407501952	0.51
TraesNOR5D03G03235570	1.47552373274641	-0.0240811985542841	0.902193091717772	0.44
TraesNOR5D03G03235660	-0.0301364743207684	-0.0674572156763745	0.932246703384926	0.54
TraesNOR5D03G03236060	0.0178084526869999	0.0134620773636372	0.877545312693957	0.49
TraesNOR5D03G03236360	0.0634791574888919	-0.111606665719261	0.887678225272946	0.47
TraesNOR5D03G03237220	0.101506722486776	0.0511077010393809	0.787332487619943	0.51
TraesNOR5D03G03237750	1.01539443183735	-0.00539051991189022	0.8672302187106	0.52
TraesNOR5D03G03237760	-0.0215228060946166	0.0582185372000628	0.825275597654061	0.52
TraesNOR5D03G03238220	0.0759109158893676	0.0315147492905639	0.81806241602623	0.55
TraesNOR5D03G03238520	0.00274531132349429	-0.116435749053364	0.745541441130887	0.38
TraesNOR5D03G03238610	0.29640796070986	0.160541545971063	0.892373074364892	0.57
TraesNOR5D03G03238890	0.214305779986126	0.0303967940484541	0.766790146198529	0.46
TraesNOR5D03G03239580	-0.182366741439066	-0.115957299692044	0.798826907757249	0.51
TraesNOR5D03G03240050	0.107033164084555	0.11101311979379	0.889992159542119	0.53
TraesNOR5D03G03240410	-0.150272779107359	-0.0486302538240553	0.809273465993159	0.52
TraesNOR5D03G03240710	0.309656826833443	-0.0489649840990297	0.842642887728398	0.47
TraesNOR5D03G03240950	-2.05486479636353	0.0454614514869817	0.931935514317219	0.48
TraesNOR5D03G03240990	-0.933732733109781	-0.0673453155220809	0.853281206046954	0.55
TraesNOR5D03G03241070	-0.0132791261464816	0.107376680255422	0.815874508627442	0.43
TraesNOR5D03G03241150	-1.30811551323369	-0.082000135022313	0.811666254524067	0.52
TraesNOR5D03G03241170	0.430242421641959	-0.0309270426967408	0.908495404157959	0.48
TraesNOR5D03G03241210	0.511866613388853	0.0360649874871306	0.84470473810493	0.55
TraesNOR5D03G03241470	-0.936169932842489	0.135336751821513	0.720346638187148	0.43
TraesNOR5D03G03242000	-0.453004897679273	-0.00541223832638755	0.700049145114769	0.51
TraesNOR5D03G03242130	-0.292785458225881	0.101525086101889	0.830437860228578	0.44
TraesNOR5D03G03242710	-0.0288829579356788	0.0523219800254559	0.795623636562032	0.45
TraesNOR5D03G03242930	0.203290094263711	0.0230925093503308	0.847976643637932	0.53
TraesNOR5D03G03243070	-0.0729145279667755	0.0691236814544435	0.959265665392978	0.49
TraesNOR5D03G03243120	0.774653343632399	-0.0537955724819174	0.91617561893839	0.5
TraesNOR5D03G03243570	0.380099224783186	0.0268780227172844	0.896331483757046	0.57
TraesNOR5D03G03244110	0.156352195739588	-0.0203859793552407	0.684329343627601	0.52
TraesNOR5D03G03244790	-0.0259068591405187	0.164205314421732	0.882889503238277	0.5
TraesNOR5D03G03245270	0.0102640911465587	-0.100038648899335	0.914103829360408	0.42
TraesNOR5D03G03246780	-0.00623379470932305	-0.0180188531767312	0.838777811594626	0.55
TraesNOR5D03G03246790	-0.0844501089348318	-0.0358906324446239	0.903585834857013	0.56
TraesNOR5D03G03249010	-1.25545223311784	0.0735308485036031	0.827602398501412	0.47
TraesNOR5D03G03249030	0.445754710339475	-0.0229293762269973	0.760017293548606	0.5
TraesNOR5D03G03249040	0.761048404642274	-0.0821672391361318	0.856957951110694	0.5
TraesNOR5D03G03249470	-1.1348572816719	0.119034967571166	0.724551326411247	0.43
TraesNOR5D03G03249890	0.160502917867266	0.0428401063049739	0.706292989354548	0.51
TraesNOR5D03G03251590	0.298102629501011	-0.0646167672606863	0.872024253831368	0.44
TraesNOR5D03G03251850	0.403335234138459	0.0682460955893062	0.925787055721013	0.5
TraesNOR5D03G03252000	0.82462159942715	-0.0412752044677546	0.886289857198313	0.47
TraesNOR5D03G03252110	-0.0409150290824933	-0.00471644119292522	0.811889999088597	0.54
TraesNOR5D03G03252700	-1.68855706538582	-0.233266238846028	0.943049038403805	0.6
TraesNOR5D03G03253190	-1.86148699734457	-0.0245879935219206	0.866182356136677	0.57
TraesNOR5D03G03254070	0.947293838866224	-0.00827652356926613	0.658829302157723	0.45
TraesNOR5D03G03254930	-0.03154506543094	0.0230526273206259	0.743028743371516	0.5
TraesNOR5D03G03255900	-0.666534965793816	-0.0252576765302736	0.717481230539982	0.49
TraesNOR5D03G03256150	0.032150302057275	0.0629920225631736	0.754087019075146	0.58
TraesNOR5D03G03256300	0.0394637619393493	0.0224098658182566	0.839499849646602	0.49
TraesNOR5D03G03257090	-0.0162227382775899	0.0226017777672312	0.755933022526411	0.48
TraesNOR5D03G03257490	-0.013658819029265	0.108966323046499	0.821524231493919	0.47
TraesNOR5D03G03257500	-0.899448696208372	0.00858850967741816	0.798590917617325	0.51
TraesNOR5D03G03257800	-0.849487424131035	0.0346464121973265	0.830655508502552	0.51
TraesNOR5D03G03258610	-1.26078429909184	-0.0721750404951498	0.793613687746016	0.57
TraesNOR5D03G03258660	-0.030957755380965	0.0197995758951545	0.765766444181791	0.51
TraesNOR5D03G03260170	-1.40826555457955	-0.0434656463529428	0.745306721001129	0.53
TraesNOR5D03G03260690	-0.0428645670789786	0.138617977654193	0.749223594318155	0.41
TraesNOR5D03G03260880	1.51545022248469	-0.0274985626819097	0.800132822545286	0.42
TraesNOR5D03G03261950	0.250477903779568	-0.0133106747162129	0.905558515631388	0.5
TraesNOR5D03G03263140	-1.2691062278646	0.0935318792052894	0.804476160388563	0.45
TraesNOR5D03G03263250	0.00148069762019995	-0.0101348600150722	0.957992068076753	0.51
TraesNOR5D03G03263310	1.50236984397456	0.000401443674863196	0.802504960449696	0.49
TraesNOR5D03G03263830	1.51027329812439	0.0556668939813255	0.796014870894866	0.52
TraesNOR5D03G03264280	0.160234570728881	0.052357671793619	0.878893163321807	0.46
TraesNOR5D03G03264640	-0.0294350810722816	0.0115517623187219	0.884475149721188	0.52
TraesNOR6A03G03264910	1.48659732266557	-0.146361234773621	0.831709755219786	0.42
TraesNOR6A03G03264920	0.333221879898429	-0.0392967636089094	0.843115749567352	0.53
TraesNOR6A03G03266240	0.274526931595614	0.112235896646743	0.847363029694202	0.53
TraesNOR6A03G03267240	-0.00129870488288922	0.00670220992055469	0.850354301647223	0.49
TraesNOR6A03G03269160	1.68463861219443	-0.0299394198925779	0.789114182602586	0.51
TraesNOR6A03G03269470	0.809469202074876	-0.0176060212756906	0.897245122008379	0.51
TraesNOR6A03G03269750	-0.659642439614277	0.0353733292197231	0.777166894988835	0.51
TraesNOR6A03G03269760	-1.0177074923557	-0.0223632449721893	0.865936116867082	0.49
TraesNOR6A03G03270300	-0.514619646705925	0.113435892421922	0.757606988293399	0.42
TraesNOR6A03G03270410	-1.22497273965404	-0.126809850002722	0.897544908675724	0.56
TraesNOR6A03G03270610	0.801833050246439	0.173006799885446	0.712120154314214	0.64
TraesNOR6A03G03272400	-0.659289214379208	0.0428545483183778	0.818382116126489	0.49
TraesNOR6A03G03272520	0.845049472411262	0.0179118333676874	0.861975537288527	0.49
TraesNOR6A03G03272760	0.179929988839156	-0.128558221050033	0.866565067745922	0.38
TraesNOR6A03G03272930	2.70247289336045	-0.0552598563907437	0.913333098083179	0.53
TraesNOR6A03G03273700	-0.854693179086929	-0.089405696064362	0.80603914497744	0.5
TraesNOR6A03G03274030	-0.990935023503962	-0.0645547454557562	0.930684936442575	0.46
TraesNOR6A03G03274040	0.880336104597337	0.0301119145623686	0.877873685991934	0.5
TraesNOR6A03G03275550	1.05910847020062	-0.013015333236871	0.83265350996274	0.52
TraesNOR6A03G03276040	0.679242237735815	-0.0905719769106656	0.876341058896915	0.45
TraesNOR6A03G03277350	0.709806834481592	0.149196878337734	0.917115805332083	0.53
TraesNOR6A03G03277480	-1.82226010858719	-0.046101159021199	0.857127428453342	0.45
TraesNOR6A03G03278180	-0.963435599080344	0.0225896489124171	0.722415898089952	0.53
TraesNOR6A03G03279610	-0.526902963012521	-0.115616342958026	0.679529263935802	0.52
TraesNOR6A03G03280380	0.88085304330237	0.0150964593518941	0.781080951870699	0.5
TraesNOR6A03G03281030	-0.747485776900922	0.0547778671122119	0.963355812783902	0.43
TraesNOR6A03G03282890	1.21426819666316	-0.0336288729120672	0.877172693485551	0.52
TraesNOR6A03G03284010	0.316326092022897	-0.0775151857595494	0.907805947392155	0.4
TraesNOR6A03G03284320	0.287007631346333	-0.0414022468279439	0.800067254292206	0.49
TraesNOR6A03G03284940	-0.055917519843541	0.141095621757003	0.871461780345422	0.51
TraesNOR6A03G03285870	0.529617028404849	0.0551903118148415	0.692140933923912	0.48
TraesNOR6A03G03286020	-0.161197610433337	-0.0177471845128947	0.722775397012954	0.44
TraesNOR6A03G03286590	0.0440032438432735	0.105443326113495	0.786785479429874	0.54
TraesNOR6A03G03286630	-0.011791572536215	0.0332529946519422	0.781016118137107	0.49
TraesNOR6A03G03287690	0.124758113434372	0.0245212344709429	0.862109163036166	0.55
TraesNOR6A03G03287990	-1.35132043275917	-0.0408222217114937	0.894540119671089	0.52
TraesNOR6A03G03288000	-1.15429068133661	0.09380517777337	0.768858864840481	0.44
TraesNOR6A03G03292050	0.0531513235188986	-0.0150844315585927	0.788152899939858	0.46
TraesNOR6A03G03293430	-0.807486808855219	0.00694629225872305	0.667182832512786	0.47
TraesNOR6A03G03295380	-0.588012877832355	-0.0354103754373424	0.788074891896535	0.47
TraesNOR6A03G03295800	-0.566850236280105	0.139202684315062	0.857281880889761	0.45
TraesNOR6A03G03296610	-0.596350601558452	0.0734028672816926	0.813188010166376	0.43
TraesNOR6A03G03296790	1.17651034238942	-0.0144120852106394	0.796074595813472	0.48
TraesNOR6A03G03296800	1.8453965859572	0.00237933137433834	0.857401500242246	0.5
TraesNOR6A03G03297170	-0.0136088974090233	-0.00465564204594432	0.869405872309391	0.51
TraesNOR6A03G03297390	-1.66498958210498	0.0470964553094114	0.905501869556352	0.47
TraesNOR6A03G03298680	-0.347549478352398	0.180160370301067	0.955357716442801	0.43
TraesNOR6A03G03298980	-0.242929095011633	-0.0238481361835773	0.75462494569244	0.52
TraesNOR6A03G03300730	-0.330825953481649	0.0540029583107711	0.888139721666378	0.5
TraesNOR6A03G03300830	-0.52839153999029	-0.00249015691028237	0.935237605779975	0.47
TraesNOR6A03G03307220	-0.026919572297915	-0.0645313777319371	0.76321338912908	0.46
TraesNOR6A03G03307370	-1.23033916858376	0.0103127992281574	0.815751211726014	0.5
TraesNOR6A03G03308590	0.121608207241729	-0.0235170331866273	0.840761943737405	0.56
TraesNOR6A03G03313950	0.760196012678616	-0.0667852541065334	0.733885831418093	0.43
TraesNOR6A03G03317280	-1.24402571150498	0.0200997518946569	0.750466430410126	0.47
TraesNOR6A03G03318160	0.72748299045655	-0.0541228884231446	0.867267056124653	0.49
TraesNOR6A03G03318210	0.0116317039700013	-0.0555867943886684	0.920084162874769	0.45
TraesNOR6A03G03319630	-0.862398046301827	0.000472908331660188	0.847803157963698	0.52
TraesNOR6A03G03321160	1.413658402995	-0.0103948473111615	0.83060155351886	0.52
TraesNOR6A03G03323590	1.37623041977212	-0.0338383488751784	0.703554739238517	0.54
TraesNOR6A03G03325140	-0.680645240290807	-0.169993361482599	0.882194179348619	0.57
TraesNOR6A03G03325990	1.72710153703075	0.0261483647743348	0.866610166646494	0.52
TraesNOR6A03G03327420	-1.07221900737163	-0.130470165205574	0.84668164042108	0.55
TraesNOR6A03G03329720	-1.45401429578733	-0.100949437360348	0.852221668991776	0.53
TraesNOR6A03G03331890	1.75880447272354	0.131494731716017	0.758456683201	0.6
TraesNOR6A03G03332590	-0.486173219660037	-0.0757752595833952	0.923609547825614	0.53
TraesNOR6A03G03337120	2.04254409609687	0.0168497726376288	0.941818226441944	0.51
TraesNOR6A03G03337490	0.41195367023635	-0.000723989699822619	0.823290142190726	0.47
TraesNOR6A03G03339530	0.48551355541709	0.130621946201275	0.846583816884675	0.54
TraesNOR6A03G03342450	-0.167883585189668	-0.169141652220551	0.805500444938045	0.59
TraesNOR6A03G03346280	0.851453171004609	0.066635944069006	0.759953888999699	0.5
TraesNOR6A03G03348860	-0.168637757753907	0.024023409850844	0.851621185321939	0.51
TraesNOR6A03G03351630	2.02120231417122	0.197145197370078	0.844779559452318	0.58
TraesNOR6A03G03351830	1.19953606048739	-0.0333947778827175	0.800787138718983	0.43
TraesNOR6A03G03353120	-0.594303352953521	-0.155143949422283	0.879599420593005	0.53
TraesNOR6A03G03357150	-0.114229603253174	-0.0549629413871134	0.803271889747944	0.56
TraesNOR6A03G03358280	0.042782290276385	-0.00188072745804233	0.757682877875578	0.47
TraesNOR6A03G03362230	-0.570289109196402	0.10984409827225	0.822274112118603	0.43
TraesNOR6A03G03365620	-0.486785989501331	0.00678594411846707	0.903538808010973	0.45
TraesNOR6A03G03366870	1.13542617629724	0.0447279858527079	0.7284231714596	0.53
TraesNOR6A03G03368070	-0.197467892579205	-0.0592310265196643	0.894150217875265	0.57
TraesNOR6A03G03370960	0.135909671533554	-0.0997006709744178	0.826005810604134	0.38
TraesNOR6A03G03371640	-1.4577961818011	-0.181850502224665	0.881953992226376	0.52
TraesNOR6A03G03372500	0.0195582569706571	0.060569329316461	0.873009429525235	0.54
TraesNOR6A03G03373640	-1.850696669147	0.0623984164050283	0.753263540460097	0.45
TraesNOR6A03G03373990	0.910661103918797	-0.030448995238288	0.989353586104844	0.5
TraesNOR6A03G03374220	0.566662131133335	-0.128570872030837	0.962941352370146	0.42
TraesNOR6A03G03375080	-0.597496952103114	-0.0279541618470814	0.796857017198149	0.51
TraesNOR6A03G03375120	0.0076555798897598	-0.141603014841421	0.808492533848135	0.37
TraesNOR6A03G03375470	0.0626254979031902	-0.0664168536717925	0.826151754048899	0.43
TraesNOR6A03G03378130	0.00878292959449753	0.0941140931148002	0.872344899025908	0.51
TraesNOR6A03G03378800	0.182700086792131	0.0695614949704545	0.878842155279438	0.45
TraesNOR6A03G03381530	-0.059983372832263	-0.0441819501224276	0.787050744460452	0.55
TraesNOR6A03G03382470	-0.579566840840979	0.146314121271742	0.936399866512099	0.47
TraesNOR6A03G03382700	0.0261933325489635	0.0231918590464948	0.790271316612064	0.55
TraesNOR6A03G03382830	1.02472399231516	0.024918592648763	0.78030204919808	0.49
TraesNOR6A03G03383350	-1.36682580875115	-0.000673502669460838	0.803086220674369	0.43
TraesNOR6A03G03383490	0.549515788552887	0.046450948691097	0.749180840476179	0.48
TraesNOR6A03G03385510	0.106978242542073	-0.0217015989875495	0.959238413156807	0.47
TraesNOR6A03G03385800	0.670676536635733	-0.0370190619592451	0.889635454489356	0.45
TraesNOR6A03G03387690	-0.050994299892264	0.12991195926234	0.916485091193789	0.45
TraesNOR6A03G03388450	-0.931768812456231	0.0200724052331674	0.786369722108684	0.47
TraesNOR6A03G03389080	0.522159864570241	0.00873612190706425	0.791351374188691	0.49
TraesNOR6A03G03390360	0.763026707669067	-0.0531771863211575	0.924471483071197	0.47
TraesNOR6A03G03391510	-0.0631923089254556	-0.0533768387037535	0.908332822506681	0.53
TraesNOR6A03G03391800	0.359527637994672	0.0762182067763795	0.838308760363529	0.46
TraesNOR6A03G03393840	-0.75294879136986	0.0493087250700474	0.934881123437509	0.49
TraesNOR6A03G03394150	1.04310825663304	-0.0718537404041639	0.900880192013348	0.47
TraesNOR6A03G03395810	-1.45676085057274	-0.157257147046495	0.869136796227021	0.55
TraesNOR6A03G03397600	0.473321687001862	0.00618902898945543	0.794001051866813	0.49
TraesNOR6A03G03397970	0.512062512779381	-0.0286880090974564	0.883560056533568	0.51
TraesNOR6A03G03398150	-0.385295128614443	0.0106064271772179	0.87565349575279	0.47
TraesNOR6A03G03398900	-1.11386625615315	0.0528789205081843	0.860110075583917	0.5
TraesNOR6A03G03399140	-0.108920240209401	-0.149920078454284	0.916425705270264	0.58
TraesNOR6A03G03399400	0.086249135988489	-0.0213360098199309	0.950498480378726	0.46
TraesNOR6A03G03399560	-0.542650320640801	0.0219212675973197	0.837081775108926	0.5
TraesNOR6A03G03399590	-0.569014686068712	-0.00966467386750549	0.764265669407641	0.5
TraesNOR6A03G03400000	-0.40306752836499	0.165345051729372	0.740542812405795	0.46
TraesNOR6A03G03401410	-0.207892219363595	-0.0194602817360071	0.86108203741578	0.54
TraesNOR6A03G03402190	0.0169035402299939	-0.0538432674588961	0.900790708552066	0.52
TraesNOR6A03G03402720	-0.289276637815205	-0.0409638761146031	0.810686361767135	0.53
TraesNOR6A03G03403180	1.88992398010818	0.0972876971374702	0.888532708362649	0.56
TraesNOR6A03G03404250	0.0291082102122161	0.140484104999438	0.839369208879876	0.56
TraesNOR6A03G03404340	1.18055742780914	0.0705800969308496	0.867259627239979	0.5
TraesNOR6A03G03404350	-0.597653844093258	-0.00846796859376173	0.975976913312103	0.49
TraesNOR6A03G03404680	-0.0979760631338599	-0.0349216410507896	1.00126741474709	0.55
TraesNOR6A03G03404960	0.425159724151258	0.0387990060486587	1.01695199980834	0.54
TraesNOR6A03G03404990	-1.98306422959597	0.23461239451518	0.930826194394955	0.4
TraesNOR6A03G03405390	-1.2713400392006	0.0336118824428112	0.785054834082137	0.47
TraesNOR6A03G03406160	0.873515723734579	-0.0242113465577315	1.00112683187684	0.48
TraesNOR6A03G03406340	0.14411396600093	0.0430803537428612	0.829565122591701	0.51
TraesNOR6A03G03407310	-0.0936085204335386	-0.0212868860271744	0.765195468313449	0.57
TraesNOR6A03G03408870	-0.869212383741204	0.0446155298944096	0.93285409783346	0.52
TraesNOR6A03G03411230	-0.785973658137843	0.104001339008867	0.71041988690544	0.47
TraesNOR6A03G03411440	0.685910323763961	-0.0540979544966521	0.891178855322892	0.4
TraesNOR6A03G03411560	0.239916333682377	0.0864407212516977	0.874874566328754	0.58
TraesNOR6A03G03411950	-0.757921298459491	-0.0758365108168072	0.878090224382107	0.52
TraesNOR6A03G03412360	0.0135932608380063	0.0217510427877785	0.745830283604489	0.47
TraesNOR6A03G03413250	0.431021240391454	0.0450475249267734	0.875048194986869	0.5
TraesNOR6A03G03413850	-0.958720831879301	-0.119945175226504	0.847490365346696	0.56
TraesNOR6A03G03413920	2.28347645423026	0.0560541469925902	0.808602506064228	0.57
TraesNOR6A03G03415370	-0.134302387699176	-0.0966836331427487	0.843701417995085	0.47
TraesNOR6A03G03415580	0.0208246713111639	0.0979508578915145	0.730128806452099	0.59
TraesNOR6A03G03416340	-1.34349129280285	-0.0674549545708539	0.939939083937937	0.53
TraesNOR6A03G03416450	-0.0386983959163375	0.222011304521178	0.877077268943514	0.43
TraesNOR6A03G03416530	-0.560361949960087	0.0191525098586338	0.752025916025198	0.5
TraesNOR6A03G03416630	0.516133513717635	0.0737227410949853	0.863327349233529	0.56
TraesNOR6A03G03419190	0.494952620415742	-0.044851919515182	0.918910789902493	0.48
TraesNOR6A03G03419240	-0.365671262853907	0.109574699304997	0.803955150776579	0.43
TraesNOR6A03G03419440	-1.5356299436037	-0.170062372329484	0.846810665112082	0.56
TraesNOR6A03G03420130	-0.404206318289939	-0.0203109527595867	0.940187092264817	0.48
TraesNOR6A03G03420140	0.0222599127033842	0.00630045139903417	0.912564402634225	0.5
TraesNOR6A03G03421600	-0.316249161953532	0.0544727684182449	0.807481655277407	0.48
TraesNOR6A03G03422470	0.2495224258905	0.105090778042061	0.783931586307332	0.53
TraesNOR6A03G03422530	-0.383318207797393	-0.179331379946441	0.908284930890728	0.56
TraesNOR6A03G03423080	0.57254682532809	0.0145193106890275	0.888101530045634	0.49
TraesNOR6A03G03426270	1.2514812828863	0.1054021640464	0.701779897572788	0.58
TraesNOR6A03G03428940	1.33569482900666	-0.00670487116768202	0.7930501220205	0.44
TraesNOR6A03G03429140	-0.0801677943822782	-0.0215839312155264	0.923991880851999	0.52
TraesNOR6A03G03429870	0.922512748361213	-0.124452002844796	0.79741014526617	0.48
TraesNOR6A03G03432760	-0.0858584360173574	0.0257951551462969	0.907489657045208	0.5
TraesNOR6A03G03433480	0.339238691569876	-0.00361063832683037	0.90506799285191	0.46
TraesNOR6A03G03433530	0.393766691467867	-0.199619514595791	0.810469036876118	0.44
TraesNOR6A03G03434050	1.24904763992116	-0.021066738680591	0.699511056709028	0.5
TraesNOR6A03G03434440	-0.719858610569151	-0.0412053373161701	0.725662928883928	0.53
TraesNOR6A03G03434780	-0.0321678284525173	-0.112290913009226	0.97674957294642	0.56
TraesNOR6A03G03435070	-0.878637250566569	-0.0237510721748928	0.801931191135789	0.45
TraesNOR6A03G03435520	1.75967580514559	0.0119872584336792	0.864872332421079	0.56
TraesNOR6A03G03436570	0.859385884423011	0.117704353174974	0.855119003548053	0.55
TraesNOR6A03G03436830	-0.452843962125289	0.0364953548626099	0.823146120110239	0.49
TraesNOR6A03G03438690	0.439733170140239	-0.0632902098945883	0.840172734468871	0.46
TraesNOR6A03G03439230	0.106487694831188	-0.11138972224599	0.777556078198588	0.43
TraesNOR6A03G03440160	-1.16123736137692	0.014541413849703	0.782917234529056	0.49
TraesNOR6A03G03441390	-0.26100831520608	-0.179139848592099	0.841160896645619	0.59
TraesNOR6A03G03442610	-0.625304396213095	-0.19892421211631	0.772004370448297	0.6
TraesNOR6A03G03443270	0.0264440180222112	-0.000738706553200042	0.832711980811998	0.56
TraesNOR6A03G03443400	1.00643595585927	0.0410269544265921	0.909835826556269	0.5
TraesNOR6A03G03444530	-0.245250758770406	-0.0293431216644623	0.740242449800805	0.56
TraesNOR6A03G03446860	-0.209883676615134	-0.0859582391019273	0.799436435544751	0.52
TraesNOR6A03G03447120	-2.43346620548777	-0.159754960126653	0.814801233444326	0.59
TraesNOR6A03G03447300	1.11898359613262	-0.098748302540594	0.834265294354533	0.46
TraesNOR6A03G03448230	0.127268140042696	-0.149512457451645	0.900541848777952	0.41
TraesNOR6A03G03449780	-0.0995373490641551	0.00299932983000783	0.749891189598682	0.5
TraesNOR6B03G03450590	0.490848814124429	0.229614110300332	0.870769889906521	0.59
TraesNOR6B03G03452390	-0.0195829942048017	-0.0302161357172164	0.705891518415892	0.51
TraesNOR6B03G03452680	0.339317187353907	0.0650091626122439	0.773347822459648	0.56
TraesNOR6B03G03452750	1.33362756222623	-0.0877693777506339	0.741159200083691	0.45
TraesNOR6B03G03455030	0.0262527953043606	0.047568114958717	0.763178309178002	0.52
TraesNOR6B03G03455720	-0.674012124650994	-0.126990399285421	0.831696062757808	0.53
TraesNOR6B03G03457290	-0.673602250570255	-0.0275719595913102	0.7499594814643	0.48
TraesNOR6B03G03457710	0.0302454340955367	0.0729324886122487	0.869671650371518	0.58
TraesNOR6B03G03458550	-1.66589504981336	-0.0956868939583874	0.984240712155185	0.5
TraesNOR6B03G03460260	-1.44643862160828	-0.14957002234437	0.786366861867086	0.55
TraesNOR6B03G03462120	-0.0853532648700435	0.029789663691097	0.815128483228481	0.49
TraesNOR6B03G03462240	0.980823442059745	0.0104148043219967	0.754218033269619	0.51
TraesNOR6B03G03463660	-0.208069220514392	0.0723500356898378	0.860309979884681	0.45
TraesNOR6B03G03464060	0.0971358138932926	-0.0696965593691501	0.942543941498547	0.53
TraesNOR6B03G03467220	0.0396874120551641	0.0331675035604747	0.851258888395719	0.53
TraesNOR6B03G03468050	1.2456887925421	-0.00130525633075034	0.884585968261158	0.48
TraesNOR6B03G03469460	0.0813796512911658	0.0893621581226609	0.868322170044899	0.5
TraesNOR6B03G03469750	-0.99579866387964	-0.0203135770675307	0.737757215362343	0.52
TraesNOR6B03G03469790	0.0172969802957863	0.144809083057606	0.92177262529657	0.56
TraesNOR6B03G03470830	0.0358621372193805	-0.137412462341836	0.843797519636245	0.41
TraesNOR6B03G03471660	0.841041524647033	0.132026851371362	0.883880225030925	0.52
TraesNOR6B03G03471700	0.0459020348336694	-0.143228607424081	0.809017807757654	0.43
TraesNOR6B03G03471810	-0.142074687847954	0.1026413689636	0.935687654138157	0.42
TraesNOR6B03G03471840	-1.55086389416822	0.0430533093078162	0.827552287493841	0.44
TraesNOR6B03G03471930	0.503118389855293	0.0720522533970493	0.848570774573182	0.57
TraesNOR6B03G03472130	1.73337958878123	0.0236804703753747	0.837274815526293	0.58
TraesNOR6B03G03472990	-1.17751108649029	0.0374111019002193	0.777333327411767	0.54
TraesNOR6B03G03479600	0.332759524700228	0.115078874229499	0.837886887616255	0.59
TraesNOR6B03G03481200	0.78520332616986	-0.104930279506645	0.893915747102816	0.49
TraesNOR6B03G03482390	0.728312635755844	0.0102589361285217	0.872819653566017	0.51
TraesNOR6B03G03482670	-0.299799703100142	0.0390978196705314	0.878212132750762	0.49
TraesNOR6B03G03482700	0.536809611393892	0.0987556202029567	0.810631646343122	0.54
TraesNOR6B03G03482870	0.255433353612256	0.106555398595076	0.874337322990154	0.56
TraesNOR6B03G03484150	-0.588200536817801	-0.0637012853400571	0.905422372316001	0.53
TraesNOR6B03G03484240	0.240937448729922	0.0368787527295347	0.799821737050375	0.55
TraesNOR6B03G03484440	-0.785135834361598	-0.0185927923958873	0.811231874915868	0.47
TraesNOR6B03G03484880	0.381302112826673	-0.0132904727840786	0.941104249111588	0.46
TraesNOR6B03G03487500	0.0103120612225726	0.0497393464580133	0.832243649599094	0.51
TraesNOR6B03G03489580	0.916411343613799	-0.0088299950770267	0.88721535913059	0.47
TraesNOR6B03G03490150	0.0293876030138562	0.0630279187881065	0.815118163614425	0.48
TraesNOR6B03G03490620	-1.66591842080203	-0.0102337057477175	0.69064813153225	0.51
TraesNOR6B03G03492440	0.0507420054704995	-0.0229718179612972	0.875886364731428	0.46
TraesNOR6B03G03494360	-0.726726244473149	0.0410896544068918	0.852243134817763	0.47
TraesNOR6B03G03494900	2.85992249284008	-0.0646087043975143	0.899738667063724	0.57
TraesNOR6B03G03497120	-0.0618243158869308	0.13078225311304	0.787098082632893	0.47
TraesNOR6B03G03497400	0.0297409349270576	-0.0521458620861692	0.789495868965004	0.49
TraesNOR6B03G03497840	-0.190780028559859	0.0843311033747934	0.959749991202678	0.46
TraesNOR6B03G03498310	0.0538615924644842	0.0755007872036371	0.90197308579282	0.5
TraesNOR6B03G03498320	-1.37166364894025	-0.122554308324796	0.893957464307232	0.55
TraesNOR6B03G03500910	0.448014511448906	-0.0225831817168577	0.925903153804373	0.48
TraesNOR6B03G03501610	-1.2193091791358	0.0727756265033733	0.763906979717525	0.46
TraesNOR6B03G03501850	-0.675962144360517	0.116316278390501	0.751666743392085	0.43
TraesNOR6B03G03505450	0.492268238913815	-0.0413026145519173	0.770450091867868	0.52
TraesNOR6B03G03507860	0.932326468176507	-0.0291651887231231	0.789955646110984	0.43
TraesNOR6B03G03508170	-0.770968167790206	-0.131866058962358	0.835181239198522	0.51
TraesNOR6B03G03508710	-1.14408639433345	0.159002216073012	0.882580243796114	0.43
TraesNOR6B03G03511350	0.0978637460914786	-0.0743921545759629	0.955704215695855	0.44
TraesNOR6B03G03514870	0.854833890966742	0.0104382971071108	0.804975109378952	0.48
TraesNOR6B03G03515480	-0.0264666168715816	-0.112159556355026	0.87577144740568	0.56
TraesNOR6B03G03516110	-0.159155007303037	-0.0382838604900443	0.775903952378483	0.53
TraesNOR6B03G03518570	0.734586777549878	0.0883046534136239	0.909932518170252	0.58
TraesNOR6B03G03519310	0.597977770627391	-0.0322255330831659	0.859785007916531	0.46
TraesNOR6B03G03519470	1.29170890864242	0.00448621697573692	0.791097704692136	0.49
TraesNOR6B03G03521080	0.562271038978971	-0.0356870274907455	0.853037847454877	0.51
TraesNOR6B03G03523340	-0.199185950284404	-0.0516225218678511	0.799595338894884	0.57
TraesNOR6B03G03523600	-0.0346143853404682	-0.0111803219520678	0.795372939380866	0.47
TraesNOR6B03G03525880	-0.00202586722933794	-0.0207438616656556	0.792553844018937	0.55
TraesNOR6B03G03526640	0.394499787465834	-0.0276999155708625	0.873507522098473	0.47
TraesNOR6B03G03527010	1.00484187665917	0.00390438745227005	0.790283084429403	0.49
TraesNOR6B03G03529900	-0.384058035110569	0.0911710556476177	0.860942215200013	0.43
TraesNOR6B03G03530150	-0.280703341841764	-0.0828331740470696	0.818963449878348	0.52
TraesNOR6B03G03530310	2.14448893936393	0.13281378505906	0.784618034439532	0.6
TraesNOR6B03G03533880	-0.00831432807787182	0.107306988202867	0.940912573231429	0.5
TraesNOR6B03G03535510	-0.356837836827367	0.065708392547475	0.895238664377568	0.5
TraesNOR6B03G03536010	0.493248428390661	-0.0257615969750949	0.824472418810518	0.49
TraesNOR6B03G03536390	-0.123830923569913	-0.114536206911456	0.925319438565826	0.54
TraesNOR6B03G03539220	-0.00306262922691336	0.048135597112092	0.696085701147772	0.48
TraesNOR6B03G03540180	0.011643479098115	0.0345598399826309	0.739580925144096	0.55
TraesNOR6B03G03540290	-0.0764717532418961	-0.0217364135613695	0.854384518148457	0.57
TraesNOR6B03G03540330	-0.182781283660444	0.025877635536762	0.82846181229379	0.5
TraesNOR6B03G03541300	0.349478363625809	0.14614476717108	0.813779697816223	0.56
TraesNOR6B03G03541320	-2.48781853762404	0.0808012371815383	0.862601333891272	0.46
TraesNOR6B03G03542310	-0.984498583153781	-0.19788756126813	0.808057828484066	0.55
TraesNOR6B03G03547290	-0.26306106100975	-0.021870741545198	0.869913271050976	0.49
TraesNOR6B03G03549880	-1.19692964230688	0.00430705548587943	0.905587849296936	0.53
TraesNOR6B03G03551380	0.344469543060678	0.0405673286712819	0.920158455763118	0.5
TraesNOR6B03G03552210	-0.359914533413301	0.127697193090343	0.683818658402636	0.47
TraesNOR6B03G03558180	-0.332957492023625	0.00843850946871374	0.936139086688299	0.5
TraesNOR6B03G03560370	0.258373749489762	0.113336214724368	0.747210473061501	0.58
TraesNOR6B03G03560840	-1.88493557752128	0.00978104623436713	0.810208518424467	0.54
TraesNOR6B03G03561270	1.08339115162249	0.00887739405177012	0.889903400921732	0.52
TraesNOR6B03G03564210	1.43307661849339	0.0236585932160341	0.836146620590612	0.51
TraesNOR6B03G03564490	-0.271181572294827	0.0715027522285517	0.846787380200325	0.48
TraesNOR6B03G03565080	1.4919552799122	-0.000265611060485343	0.804292395832317	0.49
TraesNOR6B03G03566520	-1.12589906772082	-0.0108297773464007	0.803984935082854	0.48
TraesNOR6B03G03567010	0.0317256620764838	-0.00869153730761137	0.811874456829074	0.54
TraesNOR6B03G03569340	-1.57603605538459	-0.128441275954337	0.973728446837053	0.5
TraesNOR6B03G03575010	0.954097218801507	-0.139019210927221	0.744446782052791	0.43
TraesNOR6B03G03576650	-0.979096561866085	0.0502435363822749	0.82211302717568	0.44
TraesNOR6B03G03579860	-1.49525817743518	-0.0525295954684306	0.856905321020698	0.54
TraesNOR6B03G03580370	-0.0251751398971813	0.0106687309182097	0.757779768826339	0.47
TraesNOR6B03G03582870	0.433474216832769	0.157979631858777	1.00610424302853	0.58
TraesNOR6B03G03582970	-0.501359367834107	-0.0619566017598286	0.850131456482377	0.52
TraesNOR6B03G03583590	0.727237316243629	-0.0816399544213699	0.978211410371432	0.49
TraesNOR6B03G03583670	-0.450645438558523	-0.0608640937968261	0.757728855243735	0.53
TraesNOR6B03G03583970	-0.57802082711737	-0.205438066031597	0.784214763512519	0.56
TraesNOR6B03G03587300	-0.0468296813454871	-0.0628502707284811	0.820804118322697	0.53
TraesNOR6B03G03587580	-0.592093364323191	0.0185151703266624	0.725474526101869	0.45
TraesNOR6B03G03589560	0.606613281650518	0.0106213471294026	0.842416219026923	0.55
TraesNOR6B03G03589640	-0.0642758696822013	0.0304126248310599	0.827885107786966	0.45
TraesNOR6B03G03589810	-0.402209801234199	-0.0576967351532976	0.82086370116047	0.56
TraesNOR6B03G03591400	1.92372066309504	-0.0775610196738687	0.752192699792981	0.47
TraesNOR6B03G03591860	-0.758819442756148	-0.0338648302570414	0.967742448452234	0.52
TraesNOR6B03G03592010	0.508922448054441	-0.0755245394093589	0.820608998201797	0.41
TraesNOR6B03G03594350	1.07174702985572	-0.0258992468311209	0.77251443622665	0.48
TraesNOR6B03G03594550	0.0515012135943308	-0.0767278010706326	0.797408754097445	0.42
TraesNOR6B03G03595480	-0.361750281115994	-0.0926344041083668	0.839875362811097	0.53
TraesNOR6B03G03595500	0.360831056733137	-0.056036625039889	0.740143232637136	0.52
TraesNOR6B03G03595590	-0.876890915921793	0.0222020139475261	0.824795910315444	0.43
TraesNOR6B03G03596030	0.0575665800377496	0.151261205171888	0.827774580493776	0.56
TraesNOR6B03G03596350	0.761244643116	0.000505800057330521	0.798461248070494	0.49
TraesNOR6B03G03600390	0.00764404936726752	0.0875918883035114	0.907601323864702	0.52
TraesNOR6B03G03601610	0.322624766169752	-0.0801473574129826	0.917474758527666	0.51
TraesNOR6B03G03605490	-0.120965558910056	0.000407537736745501	0.89059179521412	0.45
TraesNOR6B03G03605820	-0.482719536456884	0.0275097340217778	0.826245529462143	0.48
TraesNOR6B03G03606600	0.287020537742201	-0.174009053904489	0.904262458082143	0.43
TraesNOR6B03G03606680	0.206157170674483	0.0789100504613368	0.685227304040773	0.56
TraesNOR6B03G03607360	-0.393161245649345	0.0993082736064728	0.812037989046125	0.42
TraesNOR6B03G03607860	0.755483542074629	0.0774841837101472	0.971410977288493	0.58
TraesNOR6B03G03608230	-0.63005335708542	-0.0077688960829916	0.759123527453241	0.47
TraesNOR6B03G03608860	-0.262127398532905	0.0519805038134045	0.851292946826333	0.41
TraesNOR6B03G03608960	0.450786109408129	0.00928636842983118	0.80769622384182	0.5
TraesNOR6B03G03610500	0.29457255385053	0.0640833931626859	0.856583476162345	0.53
TraesNOR6B03G03611240	0.502829809191226	-0.0983301655565021	0.807775028163549	0.48
TraesNOR6B03G03611370	-1.91647405418615	-0.161049485097007	0.796380219518551	0.54
TraesNOR6B03G03611430	-0.671963507614891	0.0261914227780805	0.886779503877994	0.5
TraesNOR6B03G03611450	0.179068775469007	-0.0183629015955842	0.802749771504565	0.44
TraesNOR6B03G03612380	-0.176406378423161	-0.00635808320092338	0.840596298791195	0.48
TraesNOR6B03G03612550	0.264136488638704	-0.0324641342959248	0.805460540867832	0.48
TraesNOR6B03G03613590	-1.090386679698	0.0705648677346979	0.892480606808149	0.42
TraesNOR6B03G03616050	-0.464135280902676	-0.0129447925133475	0.840043212070862	0.53
TraesNOR6B03G03616600	0.723353941663445	-0.134494749941072	0.791841683359506	0.44
TraesNOR6B03G03617620	-0.122584688944171	0.0893302268621868	0.924790072175039	0.49
TraesNOR6B03G03617810	1.98510084795879	-0.0606356934437993	0.814164236621711	0.44
TraesNOR6B03G03619730	1.57965215141445	-0.12796216696474	0.797495843356687	0.48
TraesNOR6B03G03620300	-0.164192936190284	-0.0186041662196174	0.923736356766505	0.55
TraesNOR6B03G03620560	0.226709208557219	-0.045573362430212	0.804667261955754	0.5
TraesNOR6B03G03621040	-1.26922053339702	0.0619298258896591	0.765236863253922	0.48
TraesNOR6B03G03621480	-0.204723068650878	-0.0159420234809215	0.84291000048992	0.56
TraesNOR6B03G03623660	-0.828282227924643	-0.0327003568085016	0.885424911118377	0.47
TraesNOR6B03G03626570	-0.515700636241948	-0.00665856148096849	0.772244595905407	0.5
TraesNOR6B03G03626610	-0.950834581019432	-0.0738703998278215	0.999426264362057	0.55
TraesNOR6B03G03626900	-0.0195578197946357	0.0920624275163005	0.815303212706762	0.47
TraesNOR6B03G03627210	0.0147406806510702	-0.0563553686346339	0.785788974281035	0.46
TraesNOR6B03G03627380	-1.15009294788029	-0.157705320507766	0.925565768323219	0.55
TraesNOR6B03G03628820	0.639686183075974	0.00797290715141516	0.862201467542445	0.47
TraesNOR6B03G03628960	-0.0399011825456801	-0.00699690635526145	0.797646767910644	0.52
TraesNOR6B03G03629450	0.13695236947932	0.131228243033298	0.921419603798655	0.58
TraesNOR6B03G03630910	-0.79380001351024	-0.158619939170662	0.841412958318126	0.61
TraesNOR6B03G03630990	0.0152994738774165	-0.111419002894985	0.826690399819998	0.44
TraesNOR6B03G03631510	0.411641070398385	0.0861690938268975	0.775122934149732	0.47
TraesNOR6B03G03632460	0.427678714434818	0.0632685643728296	0.827799468380017	0.54
TraesNOR6B03G03633310	-0.719963473248824	-0.0417300618684157	0.956807440694331	0.54
TraesNOR6B03G03635060	1.15079356938876	0.0905956464270555	0.967537601282528	0.57
TraesNOR6B03G03635590	0.00832127551556059	0.0680822646970403	0.831305724087338	0.57
TraesNOR6B03G03635950	0.0211287551782847	0.0224981834795232	0.833508154353845	0.54
TraesNOR6B03G03636040	0.182994475282158	0.0752264727717818	0.811173687546474	0.58
TraesNOR6B03G03636380	0.416571012933616	0.153317381455463	0.824774898605658	0.55
TraesNOR6B03G03636480	0.0120275617692572	-0.05847356099031	0.82847353275735	0.47
TraesNOR6B03G03638230	0.495929244745246	-0.0802300447348983	0.855800381445657	0.46
TraesNOR6B03G03639040	-0.62337841358913	-0.055310928952004	0.857528312260008	0.58
TraesNOR6B03G03639580	1.42472781447735	0.0430384152295541	0.956719471674338	0.51
TraesNOR6B03G03640310	-0.656889002166647	-0.104245027016847	0.750967912204728	0.59
TraesNOR6B03G03645930	0.414784746222995	0.0481167738261938	0.877293515845557	0.5
TraesNOR6B03G03646910	0.407474499857844	-0.0312113583181244	0.794752343160982	0.5
TraesNOR6B03G03647550	0.254087278700057	0.0736551105241641	0.764186796208738	0.56
TraesNOR6B03G03648520	1.9618710251289	0.0125537578824406	0.736007559268332	0.53
TraesNOR6B03G03650060	-0.074261831819614	0.0226742010696275	0.714979204837848	0.44
TraesNOR6B03G03650200	-0.329794008525221	-0.0703100057176858	0.961876113110136	0.5
TraesNOR6B03G03656260	-0.654315047296757	-0.112919812499139	0.789361778212704	0.55
TraesNOR6B03G03656340	0.729837821151021	-0.122812460726222	0.75044663515817	0.5
TraesNOR6B03G03657750	1.98125744007904	0.106078819446329	0.726392376377225	0.6
TraesNOR6B03G03658380	-2.04216209394811	-0.181052133301052	0.78185134520792	0.57
TraesNOR6B03G03658400	0.0015780303638847	-0.0608680530607759	0.897298723966216	0.46
TraesNOR6B03G03658690	0.0913235561943929	0.122774612515413	0.979737375046587	0.58
TraesNOR6B03G03662320	0.00100159057583207	0.0836982380223716	0.771013386546572	0.57
TraesNOR6B03G03662400	-2.03735028636005	0.150466143201786	0.802307278355186	0.48
TraesNOR6B03G03663000	-0.554543275292816	-0.0854965915382949	0.972852231105918	0.53
TraesNOR6B03G03663030	-0.985283689006512	0.0785025712086226	0.852157945901981	0.47
TraesNOR6B03G03663040	-0.656599411254697	-0.122495960913044	0.907399871747994	0.57
TraesNOR6B03G03663650	-0.319209065058059	0.127365291310987	0.796996561608361	0.44
TraesNOR6B03G03665340	-0.162398407594033	-0.0334098067279578	0.741562049831057	0.55
TraesNOR6B03G03667000	0.80480184008143	-0.0363823648546506	0.73968796298902	0.47
TraesNOR6B03G03667050	0.705977949208965	-0.0926244047066843	0.953481390601329	0.48
TraesNOR6B03G03667150	-0.720936890988467	-0.0962013501689473	0.802748234243898	0.5
TraesNOR6B03G03668630	-0.310398042399218	0.0307921089851044	0.904525343954611	0.49
TraesNOR6B03G03668940	-0.823962675004187	0.0642138881773195	0.927017632486627	0.49
TraesNOR6B03G03669680	-0.431416415570453	0.0157127534104659	0.879803673177312	0.51
TraesNOR6B03G03670550	-0.133880944981263	0.127775549183757	0.896710605859336	0.46
TraesNOR6B03G03671160	-0.246363764069368	0.0545250397210872	0.767275902449614	0.49
TraesNOR6B03G03671720	0.556819879903034	0.095778472333167	0.76144407180806	0.55
TraesNOR6B03G03672530	-0.147350601191568	-0.0654415793999659	0.871321398672095	0.55
TraesNOR6B03G03674270	0.00359352059717772	-0.0895232014793247	0.764028345769508	0.41
TraesNOR6B03G03676090	0.911974040133122	-0.111324017421674	0.757101338553041	0.43
TraesNOR6B03G03677320	0.0207925735020796	-0.0387461180500929	0.778245728468537	0.49
TraesNOR6B03G03678440	0.988665856687125	-0.0303370470803565	0.974322162839242	0.49
TraesNOR6B03G03679370	0.331164752911606	0.0518703739291673	0.759931164929463	0.5
TraesNOR6D03G03680030	-1.11324496110347	-0.0759991348146141	0.796817153110789	0.52
TraesNOR6D03G03680480	0.0923183541566439	0.0191646774215663	0.86153070814151	0.5
TraesNOR6D03G03681230	-0.127029936670147	-0.0561505611349807	0.799855154074187	0.49
TraesNOR6D03G03681360	2.14315775775128	-0.0324551375215202	0.887504022346196	0.46
TraesNOR6D03G03682190	-1.08680499166514	-0.17267957424885	0.826004090893009	0.59
TraesNOR6D03G03682270	1.9752988905458	0.00608505498370277	0.870414156172318	0.47
TraesNOR6D03G03682920	0.00680752144929538	-0.0325403101201056	0.815679302884058	0.51
TraesNOR6D03G03683590	0.262666532354603	0.0338033026899978	0.953121332854997	0.55
TraesNOR6D03G03683980	0.772461016705673	0.0082360905184271	0.930402102778049	0.53
TraesNOR6D03G03684540	-1.67728206391343	-0.0802611712212632	0.806303614619978	0.5
TraesNOR6D03G03685050	0.00250605090276937	0.197139578864642	0.792675872877919	0.58
TraesNOR6D03G03685250	-0.129321993642837	0.0585208511181372	0.817298939763	0.46
TraesNOR6D03G03685520	0.563866070323925	0.0790546160039675	0.930367989160862	0.54
TraesNOR6D03G03685650	0.153823498088088	-0.0953031515165885	0.885778547427951	0.46
TraesNOR6D03G03685660	-0.938054757052365	0.0172495338763102	0.836729780997485	0.48
TraesNOR6D03G03687730	0.431754126239572	-0.168614447828532	0.984601181423015	0.5
TraesNOR6D03G03687990	1.69199248634724	0.0240664692858286	0.800524699544776	0.49
TraesNOR6D03G03688690	0.125968862460626	0.0224332845760115	0.789719153846901	0.51
TraesNOR6D03G03689260	-0.893457187259943	-0.00961596463746177	0.852143390867106	0.54
TraesNOR6D03G03689270	-0.906758821124921	-0.190651680674843	0.795913856631811	0.57
TraesNOR6D03G03690450	-1.13797160012359	0.0342661150935002	0.906653367708864	0.55
TraesNOR6D03G03691060	-0.361067568967974	0.0299693300386121	0.85277889767706	0.48
TraesNOR6D03G03691740	-0.336357234993933	-0.0454317565195927	0.867153180674354	0.54
TraesNOR6D03G03693470	0.0733780428914669	-0.000157107470897862	0.836170477090415	0.5
TraesNOR6D03G03694480	-0.619140570676429	0.102449712764453	0.834894206509581	0.46
TraesNOR6D03G03694730	-0.509955792100097	-0.0911216908051014	0.783120053552177	0.48
TraesNOR6D03G03695160	-0.0295446004968095	-0.0240358977055612	0.899434646117374	0.54
TraesNOR6D03G03695860	1.28914894459846	-0.0641406187363996	0.757484921377936	0.49
TraesNOR6D03G03695880	-0.394615294569707	-0.0123957765427851	0.855808638678385	0.51
TraesNOR6D03G03695990	0.14750788545232	0.0132174854443748	0.808333488269499	0.54
TraesNOR6D03G03696010	1.4819958661119	0.0397729053341079	0.875204329911638	0.55
TraesNOR6D03G03696170	-0.145762522867565	-0.0165207942434777	0.945153534343711	0.54
TraesNOR6D03G03699160	1.07402572266	0.0628302271622432	0.814079853321189	0.54
TraesNOR6D03G03699490	1.53732816447719	-0.00723283292850595	0.751053328247385	0.51
TraesNOR6D03G03700830	-1.67134362135351	-0.0991869112087255	0.89759630424972	0.56
TraesNOR6D03G03700890	-0.0965918454741195	0.106574046504927	0.989218358617632	0.54
TraesNOR6D03G03700970	-0.514222721876557	-0.0114457448602669	0.783055550268917	0.49
TraesNOR6D03G03702310	-1.00148802472138	0.0318579147223764	0.780816778942585	0.46
TraesNOR6D03G03702550	-1.96174331739899	-0.0340723098814716	0.870006165815454	0.51
TraesNOR6D03G03702910	0.29723822181955	-0.0701571195492905	0.833567897312958	0.45
TraesNOR6D03G03703120	-1.61783105743684	-0.0375542818205166	0.814538179231971	0.49
TraesNOR6D03G03703810	-0.709761221169674	-0.0887421873826759	0.796203783373611	0.52
TraesNOR6D03G03704450	0.911431448414855	0.10101691075627	0.822049138619449	0.5
TraesNOR6D03G03705360	-1.16142673688032	-0.0348123737777704	0.731005934401735	0.46
TraesNOR6D03G03705420	0.0404177393123791	0.0837544441128037	0.775893567554612	0.57
TraesNOR6D03G03705590	-0.589454504070993	0.0668289098559702	0.789605488327894	0.46
TraesNOR6D03G03706730	-0.0544335107064734	0.0776560370288036	0.984002689778907	0.48
TraesNOR6D03G03706750	-1.06642279184691	-0.0327010425127423	0.796268360262509	0.52
TraesNOR6D03G03707860	0.0180901751395171	-0.0229089251149452	0.936661457249558	0.49
TraesNOR6D03G03708410	0.593608818899671	0.0821473342402946	0.886565025597731	0.48
TraesNOR6D03G03708820	-0.0203346627903537	0.0498133876650985	0.773962475774374	0.52
TraesNOR6D03G03708900	0.934969239149929	-0.116380894562448	0.712927354462717	0.43
TraesNOR6D03G03709000	-0.707178640953258	0.0279462611577284	0.913427160972136	0.5
TraesNOR6D03G03710240	0.235675741124653	0.102859403436505	0.919369137788259	0.57
TraesNOR6D03G03710630	-1.13099543252837	-0.158030251705437	0.738326866470355	0.57
TraesNOR6D03G03710990	-0.638014627785307	0.14697362977829	0.790720080982599	0.46
TraesNOR6D03G03711060	-0.51443189982248	-0.116702847006619	0.861476902181693	0.49
TraesNOR6D03G03712380	-0.423078133401443	0.0201547214541691	0.828936095046551	0.44
TraesNOR6D03G03712630	0.489320093719961	-0.00536900264776499	0.890563916169414	0.56
TraesNOR6D03G03713270	0.484347199215322	-0.0617732875735097	0.780455405264483	0.43
TraesNOR6D03G03713540	0.450319320287987	0.0821946483822612	0.824870932529965	0.49
TraesNOR6D03G03713660	0.541520366679169	0.03118190419122	0.853726395056849	0.5
TraesNOR6D03G03714520	0.777762010663226	-0.124708838823586	0.880785303914345	0.46
TraesNOR6D03G03715800	0.0474330675365544	-0.102326231636314	0.89448236234106	0.47
TraesNOR6D03G03716650	1.1432130684786	0.0640759877739073	0.845626693682931	0.53
TraesNOR6D03G03717280	-1.20769214502527	-0.0310951019491008	0.82821747240588	0.55
TraesNOR6D03G03717330	0.473055944510544	-0.0678315296952668	0.845737220144196	0.47
TraesNOR6D03G03717690	0.201489894500179	-0.0432759360823253	0.839454975116044	0.45
TraesNOR6D03G03719190	-1.57684516347688	-0.0551307081409657	0.677284260784816	0.49
TraesNOR6D03G03720300	0.81108805406636	-0.0838552596422544	0.824719188057146	0.43
TraesNOR6D03G03721540	-1.03397752392044	0.0711378026990935	0.783413921929175	0.47
TraesNOR6D03G03721830	-1.36614115098131	-0.140471710257184	0.845188783072503	0.53
TraesNOR6D03G03722920	1.05067299665741	-0.0651135052972127	0.907813217818156	0.48
TraesNOR6D03G03723440	-1.0142023055003	0.113628390176844	0.774073769756907	0.45
TraesNOR6D03G03723790	-0.198740992160237	-0.0853188928341449	0.889599098672074	0.5
TraesNOR6D03G03724460	1.23285459137555	0.0085253042555906	0.761359236592118	0.55
TraesNOR6D03G03725590	-0.132817389265619	0.0351329566167758	0.903054717648544	0.48
TraesNOR6D03G03725830	-0.169485105731519	0.134079377745825	0.793847545240636	0.41
TraesNOR6D03G03725940	0.907421179325951	0.095862569698703	0.878063534825824	0.54
TraesNOR6D03G03726510	0.539169802041147	0.0190540139457859	0.759656055134358	0.49
TraesNOR6D03G03726540	0.237240368977808	0.051024099496335	0.742942817015281	0.54
TraesNOR6D03G03727540	-0.27427246020063	0.0704762159332055	0.783304920899018	0.48
TraesNOR6D03G03728350	0.952944323365428	-0.173695455356967	0.949348672462048	0.41
TraesNOR6D03G03729450	0.114013995338454	0.0709714731566962	0.755547067375307	0.52
TraesNOR6D03G03729850	1.84868646584917	0.0292147288473567	0.931480769960514	0.5
TraesNOR6D03G03730040	1.78619950259709	-0.0953293815071495	0.823532610541213	0.42
TraesNOR6D03G03730350	0.603270663841642	0.0580274421297547	0.753675115377246	0.57
TraesNOR6D03G03730540	0.58158692212693	0.0590360712007002	0.77670576056102	0.55
TraesNOR6D03G03730570	0.0520003548177235	-0.0342695842935426	0.749612583626175	0.44
TraesNOR6D03G03731950	-0.519652657064643	-0.0828217188296316	0.914556883511826	0.5
TraesNOR6D03G03732050	-1.2093097522704	0.0514091260445455	0.866579289591564	0.47
TraesNOR6D03G03733740	-0.794693897792125	-0.0596998744479653	0.896762306885778	0.58
TraesNOR6D03G03734450	-1.44106475981562	0.00191244171083381	0.87782411524511	0.51
TraesNOR6D03G03735010	0.0367335154926531	-0.0777678529334029	0.942062707462164	0.48
TraesNOR6D03G03735260	0.267145600070026	0.174306340026971	0.902975586415827	0.64
TraesNOR6D03G03735840	0.38759928208865	-0.0672036688238865	0.899384342162456	0.48
TraesNOR6D03G03736470	-1.93839016202218	0.0873489780592083	0.840998941167808	0.46
TraesNOR6D03G03736550	0.0625066777643259	0.0297483571337478	0.933253665828273	0.46
TraesNOR6D03G03736760	0.0497317167206187	-0.0501743836737761	0.880198399744334	0.45
TraesNOR6D03G03737170	0.503855711283713	-0.00875848925586765	0.861696886891533	0.5
TraesNOR6D03G03737820	0.965875416439753	0.076681018263234	0.981609150360681	0.51
TraesNOR6D03G03738640	0.0601250144957761	-0.0395727312124504	0.762995993682655	0.49
TraesNOR6D03G03738820	-0.743634765806413	-0.169068873187354	0.890956901439106	0.59
TraesNOR6D03G03739850	-0.191061754494981	-0.111046563783863	0.744165458646371	0.56
TraesNOR6D03G03740310	1.04027933513019	-0.111739478516456	0.772724848637322	0.48
TraesNOR6D03G03740540	-0.555134141124265	-0.112318038144944	0.821467813615417	0.51
TraesNOR6D03G03741890	-0.805461061386705	0.0850388032708122	0.813256461123055	0.47
TraesNOR6D03G03742190	-0.0738092433388698	-0.0383564284204074	0.835786049677331	0.58
TraesNOR6D03G03742630	-1.60746725954515	-0.0604330878883736	0.778857468340081	0.55
TraesNOR6D03G03743340	0.0327964531895796	0.0978372661276928	0.726322450037826	0.57
TraesNOR6D03G03743560	0.0717603132493091	0.0299397250004089	0.804187815832388	0.51
TraesNOR6D03G03744710	0.0279044101684344	0.158251553187489	0.902171518752397	0.57
TraesNOR6D03G03744810	1.23664962619207	0.0373094081716826	0.654897525492903	0.55
TraesNOR6D03G03746310	-0.372495871741285	-0.0470612576064617	0.927858913128344	0.52
TraesNOR6D03G03746570	0.00251131092701829	0.0822869098231159	0.900891612892403	0.48
TraesNOR6D03G03749380	1.67506267820153	-0.123220582236855	0.770622155090165	0.43
TraesNOR6D03G03749690	0.456602567862188	0.0794819055151752	0.913257310949994	0.51
TraesNOR6D03G03749870	0.403919621057413	0.115143908388527	0.7741698676573	0.54
TraesNOR6D03G03750870	0.720504585345266	0.115651106451215	0.995423382442643	0.52
TraesNOR6D03G03751070	0.942921487829095	-0.0437836663008198	0.796461469667812	0.47
TraesNOR6D03G03753300	-0.683303473141879	-0.00757316739483515	0.903698691718436	0.55
TraesNOR6D03G03753870	0.0522012105879267	-0.0417076761763066	0.765421827282772	0.5
TraesNOR6D03G03754170	0.537787527850641	0.0348049218633741	0.763904613290684	0.53
TraesNOR6D03G03755590	1.1044574227673	0.0527392822153902	0.766162143588858	0.5
TraesNOR6D03G03756100	-0.570225153602883	0.0598356712408633	0.823549282340768	0.47
TraesNOR6D03G03758590	0.0599963489859277	-0.0102713183471308	0.785360506603762	0.49
TraesNOR6D03G03758820	-0.331473367182774	0.0081709153092211	0.833071147503868	0.49
TraesNOR6D03G03759170	0.134335228715268	0.0850595291636062	0.871804309195184	0.51
TraesNOR6D03G03759350	-0.0236496319361869	-0.0332520567972148	0.77186565463719	0.63
TraesNOR6D03G03762980	-1.07048864112352	0.0577642162557497	0.829112724474396	0.52
TraesNOR6D03G03763240	-0.152671752435813	-0.0604392680286724	0.899932337903807	0.57
TraesNOR6D03G03764710	-0.607433860025073	0.0357456181328103	0.857560545172088	0.47
TraesNOR6D03G03765110	0.471975371894233	-0.155866280308955	0.869948320731721	0.45
TraesNOR6D03G03765610	0.0317423859250646	0.0476771560285151	0.891913434463492	0.52
TraesNOR6D03G03765630	2.32645845315012	-0.0308894996215881	0.739804156966311	0.43
TraesNOR6D03G03766450	1.23977434227575	0.118396653576586	0.757219672543049	0.57
TraesNOR6D03G03766540	0.684141579952795	-0.00421399784248239	0.752425229387253	0.48
TraesNOR6D03G03767310	0.531485562709903	-0.0685020882594756	0.698112717842134	0.48
TraesNOR6D03G03767890	-0.0471037266464433	-0.0145644417437158	0.780986488373162	0.49
TraesNOR6D03G03767900	0.239580029264797	-0.0739093984840388	0.826417223605733	0.42
TraesNOR6D03G03768050	0.0315691779697628	-0.0892812616408478	0.821199153025465	0.43
TraesNOR6D03G03768620	0.338366697675072	0.085033105241749	0.847258697213709	0.53
TraesNOR6D03G03768910	1.17829590393532	0.0819005175256989	0.836047787228364	0.57
TraesNOR6D03G03769270	-1.40802854931126	0.00565218740909985	0.977875899614491	0.49
TraesNOR6D03G03769810	-0.605988393256236	-0.171746049067829	0.788947532631654	0.56
TraesNOR6D03G03770300	1.07252711341578	0.103845426039947	0.854744804925894	0.56
TraesNOR6D03G03770680	-0.746222666142348	0.0247723016056352	0.84194745127949	0.52
TraesNOR6D03G03770730	0.630403840946541	0.0261368455430881	0.981594993510382	0.42
TraesNOR6D03G03772600	0.87178426997071	0.117258360512695	0.850209357939777	0.56
TraesNOR6D03G03772630	-2.03832304772719	0.00798379626920837	0.738600458588111	0.5
TraesNOR6D03G03772840	-1.05048547344573	-0.0542727399136167	1.01078569568924	0.51
TraesNOR6D03G03772980	-0.807993296116321	0.0891340981560841	0.896111232018745	0.42
TraesNOR6D03G03773400	1.32058886464472	-0.0221923766936749	0.723883617827413	0.52
TraesNOR6D03G03773480	0.247595527074644	0.010350814794913	0.927781174526532	0.46
TraesNOR6D03G03774510	-0.145046803122285	0.000164110800497486	0.775167279104684	0.47
TraesNOR6D03G03775380	0.416941440181427	-0.159391793699085	0.752098453457308	0.5
TraesNOR6D03G03775560	0.986797777155621	-0.0169332151194898	0.902537228282006	0.53
TraesNOR6D03G03775780	-0.856613714003932	0.0897245878848506	0.872202342978717	0.48
TraesNOR6D03G03776540	-0.359476887030112	-0.0511350351164104	0.896065640713235	0.52
TraesNOR6D03G03776730	-0.827005848092798	0.0999303488479518	0.973405542019667	0.47
TraesNOR6D03G03776890	-0.497217006595751	-0.0790241118473728	0.909403971751036	0.49
TraesNOR6D03G03777240	-1.52283393991849	0.131661881224675	0.780280031915298	0.4
TraesNOR6D03G03778230	0.588678317771183	0.0543831610113821	0.779388461326211	0.6
TraesNOR6D03G03778890	0.786205417943369	-0.0985855583891843	0.841746769987743	0.46
TraesNOR6D03G03779640	-0.828484896696195	0.0817778511815729	0.922730847092949	0.48
TraesNOR6D03G03779910	0.342587645796784	-0.0443428622227618	0.836079848666228	0.43
TraesNOR6D03G03780130	-0.196599878802591	-0.0274578678030474	0.816871391994436	0.49
TraesNOR6D03G03780910	0.666568344548284	0.0576382674364508	0.962780821234388	0.5
TraesNOR6D03G03781470	-0.358295007438355	-0.0457675641425491	0.882784925066791	0.57
TraesNOR6D03G03781620	-0.603920489474645	0.0733720876279986	0.874838650143502	0.47
TraesNOR6D03G03781750	0.599894388724471	0.0110115200388049	0.8546376049265	0.51
TraesNOR6D03G03781790	-0.826092259797887	-0.00546417619143451	0.818541872945016	0.49
TraesNOR6D03G03782300	-0.493049335135016	-0.109060833152316	0.809135990195734	0.55
TraesNOR6D03G03782810	0.896671800193211	-0.0902359388945253	0.896719588126919	0.44
TraesNOR6D03G03783460	-0.642625290683888	-0.0694363792748485	0.861301955771387	0.5
TraesNOR6D03G03783490	-2.07449813899351	-0.123732122234512	0.881057855818551	0.57
TraesNOR6D03G03783810	-0.875495633483407	0.0067177465529417	0.867592341463393	0.47
TraesNOR6D03G03784550	0.049575196672794	0.0176657436222011	0.802595892150702	0.49
TraesNOR6D03G03785110	-1.45970642620708	-0.0163587870861084	0.815311678718458	0.55
TraesNOR6D03G03787620	0.0620238161836687	-0.0609752265919021	0.678699280655836	0.5
TraesNOR6D03G03787750	0.847926789449887	-0.024144819223215	0.785854824835753	0.52
TraesNOR6D03G03788550	-0.65748683066614	-0.0548194818364899	0.807480112739623	0.49
TraesNOR6D03G03789220	-0.770458132917371	-0.115050684419113	0.829648955819986	0.51
TraesNOR6D03G03789850	-0.576450764058742	-0.022783741615653	0.822602554949814	0.46
TraesNOR6D03G03789860	0.0682160466717201	-0.0677423676727323	0.898625061753972	0.49
TraesNOR6D03G03790750	0.788201897782012	0.0852301735475663	0.812684098891701	0.54
TraesNOR6D03G03790780	-0.275750770892841	-0.129889647239047	0.769263298560886	0.54
TraesNOR6D03G03790830	-0.447933446998045	-0.0554752900101706	0.864288652421778	0.55
TraesNOR6D03G03791150	1.46712476300258	-0.0775536504154346	0.804528171923248	0.49
TraesNOR6D03G03791550	0.240917136672267	0.0251645651173934	0.780191185764966	0.43
TraesNOR6D03G03791820	1.00113937206578	0.0162469357626069	0.772915815281114	0.56
TraesNOR6D03G03792070	0.017112811313852	0.0313510279296431	0.81738289389614	0.56
TraesNOR6D03G03792240	0.591669408744083	-0.0409059778624263	0.834473985449084	0.51
TraesNOR6D03G03792480	-1.26587244861563	-0.0591111017343681	0.815094733360464	0.5
TraesNOR6D03G03792590	1.19430275022391	-0.000400736901744049	0.751432226387813	0.55
TraesNOR6D03G03793070	-0.0792110006006486	-0.0361970074197884	0.861092640490856	0.49
TraesNOR6D03G03793260	0.933003829641189	-0.0630559208922846	0.843786074074959	0.42
TraesNOR6D03G03793580	-0.355946623841573	0.12221489732601	0.90474909771145	0.44
TraesNOR6D03G03793610	-0.802208342169237	-0.162204737427379	0.917154779987772	0.54
TraesNOR6D03G03794210	-0.756364798856106	-0.103901500265472	0.892366605582373	0.56
TraesNOR6D03G03794400	-0.16938271129438	0.190359775522943	0.860935901828383	0.49
TraesNOR6D03G03794660	1.01693329099002	0.105983390449003	0.774219826060095	0.54
TraesNOR6D03G03795690	1.51326643467441	0.136552994083787	0.768463615440473	0.58
TraesNOR6D03G03795920	0.404694413027457	-0.106580420280088	0.859786901808236	0.49
TraesNOR6D03G03796250	-0.69141916972891	0.0840517535644927	0.75618365812571	0.43
TraesNOR6D03G03796530	0.149235175941417	0.103508436456122	0.734307345907213	0.55
TraesNOR6D03G03796880	-2.10956023006487	0.150765653968147	0.903729471714698	0.42
TraesNOR6D03G03796910	-0.0250270285832313	-0.00654288638298884	0.994939194790433	0.48
TraesNOR6D03G03797430	-0.81119336283238	-0.143916698887422	0.831741326065273	0.54
TraesNOR6D03G03797470	-0.772550767454103	0.110864056182319	0.884274820122555	0.4
TraesNOR6D03G03798020	0.908797793106029	0.0215717005247312	0.957605126424898	0.57
TraesNOR6D03G03798080	-0.0208167224685212	-0.0244212678187182	1.05436972488832	0.42
TraesNOR6D03G03798260	-0.00640397376462726	-0.0689877204718595	0.745029613883042	0.55
TraesNOR6D03G03799070	1.32444499585084	0.130734759821799	0.839522893435784	0.52
TraesNOR6D03G03799340	-0.296358077335802	-0.106307615337066	0.88992416747434	0.54
TraesNOR6D03G03799810	-0.125799527565185	0.0120935930261239	0.70356910554221	0.52
TraesNOR6D03G03800060	2.31755241422992	0.100177029481023	0.974113491422678	0.57
TraesNOR6D03G03800430	-1.26235811973658	-0.01044552403527	0.877053310752417	0.51
TraesNOR6D03G03800800	-0.00307700987467747	0.0350481727704572	0.789593626328215	0.51
TraesNOR6D03G03800960	-0.0902716377479924	-0.00868746793523889	0.867240555423515	0.54
TraesNOR6D03G03801670	0.272207934042938	-0.0446492483233072	0.805646205644112	0.46
TraesNOR6D03G03801680	0.56825712770853	-0.00186036890535024	0.834924138735939	0.47
TraesNOR6D03G03801970	-0.880481004455631	0.0143037142130789	0.772843625577286	0.5
TraesNOR6D03G03802870	0.11661676162996	-0.0741372520233966	0.986613875193821	0.39
TraesNOR6D03G03802950	-0.152750877312205	0.16708648341912	0.756826128082822	0.43
TraesNOR6D03G03803720	0.265161580611411	0.0573829442569789	0.777834662340449	0.57
TraesNOR6D03G03803850	-0.689938221044779	0.0158765146846355	0.786285602836489	0.53
TraesNOR6D03G03803970	0.700502700825691	-0.0979262919240298	0.812137592729425	0.45
TraesNOR6D03G03804570	0.109921706996324	0.0230551585881005	0.877823560594261	0.52
TraesNOR6D03G03804920	-1.63888018493462	-0.023417255135981	0.735821200203198	0.46
TraesNOR6D03G03805030	0.137639879437023	-0.00480997432062412	0.718957737409372	0.5
TraesNOR6D03G03805160	0.182914109106523	-0.0875521144136221	0.794464834726506	0.42
TraesNOR6D03G03805390	0.684852533471806	-0.00940409755568467	0.766070201060436	0.54
TraesNOR6D03G03805690	0.320910764303563	0.117383077178233	0.83347418832654	0.61
TraesNOR6D03G03806360	-0.5717813731121	0.125981967744896	0.771641370680165	0.38
TraesNOR6D03G03806530	0.019834655764889	0.00258567393391774	0.786581949983587	0.53
TraesNOR6D03G03806900	-0.777431232409675	0.00350973532441761	0.817525136233947	0.52
TraesNOR6D03G03807160	0.00114378301821985	-0.109157616430496	0.881064843346379	0.43
TraesNOR6D03G03807270	-0.689481906926101	-0.0479327906216541	0.792868743873428	0.52
TraesNOR6D03G03807430	-1.6764833175836	0.0109102050570273	0.935927943539758	0.41
TraesNOR6D03G03807770	-0.037918014357321	-0.123758481616989	0.878929335833177	0.53
TraesNOR6D03G03808210	0.903273721987163	0.0473290809901612	0.825885387779724	0.51
TraesNOR6D03G03808750	1.60570112100746	-0.0377971925492818	0.777329869677328	0.58
TraesNOR6D03G03809020	-0.0131664460879653	-0.0622206413903832	0.901356366117118	0.5
TraesNOR6D03G03809340	-0.460283099082656	0.124625984758256	0.890155944018061	0.4
TraesNOR6D03G03809720	0.00163896016546994	0.100387028823339	0.78142872452581	0.58
TraesNOR6D03G03809990	-0.773625970846225	0.029387641283237	0.785822627493423	0.49
TraesNOR6D03G03812330	-0.464594033927961	0.0728028966106745	0.750869910291764	0.37
TraesNOR6D03G03812780	0.00637679695409982	-0.13634762772834	0.85146597964509	0.45
TraesNOR6D03G03812860	1.33423843942483	0.096733337127462	0.942869354095978	0.55
TraesNOR6D03G03812880	-0.0394710101133893	0.13706045802518	0.743942195561067	0.44
TraesNOR6D03G03813680	-0.615881606504804	-0.0199195846976804	0.96990565639883	0.46
TraesNOR6D03G03813690	-0.533525035740818	-0.0525839099779411	0.889984741053504	0.53
TraesNOR6D03G03813920	1.0254818144701	0.071521304586189	0.87948745460826	0.53
TraesNOR6D03G03814980	-0.968439780193624	-0.0070605074913531	0.774543191168083	0.51
TraesNOR6D03G03815060	-0.243548980288676	-0.163673131491956	0.785296671353904	0.6
TraesNOR6D03G03815780	2.36130831025132	0.0281861207632801	0.751675196150772	0.54
TraesNOR6D03G03816480	-0.20889510236669	0.0445543876376876	0.976763359628768	0.53
TraesNOR6D03G03818150	0.325914085212397	-0.0385571861484838	0.694519100940404	0.44
TraesNOR6D03G03818240	-0.282867344210749	0.0360672276074092	0.862136699216176	0.43
TraesNOR6D03G03818340	-0.00151038786679483	0.0447053950406005	0.834679673927598	0.49
TraesNOR6D03G03818890	-0.00117062822611332	-0.0204446162882478	0.804118400053219	0.51
TraesNOR6D03G03819350	-0.133483421014402	0.0831998233817694	0.762357831527853	0.49
TraesNOR6D03G03819530	0.624696148751482	-0.0732285267055637	0.775632513860016	0.48
TraesNOR6D03G03821030	-1.5679231232011	-0.0380044563802217	0.715116468881621	0.55
TraesNOR6D03G03821110	0.0540379640095041	0.0397528303422621	0.842312618943285	0.49
TraesNOR6D03G03821130	-1.27046180003197	-0.0188264155579758	1.02290095761746	0.48
TraesNOR6D03G03821310	-0.0859249907725384	-0.0765517406125412	0.811875377545146	0.55
TraesNOR6D03G03821360	0.195698234154375	-0.0374877441994859	0.687552189178918	0.53
TraesNOR6D03G03821910	-0.125415326842019	0.10403765314106	0.725356406626605	0.41
TraesNOR6D03G03822330	-0.991265223120263	-0.0811336745494525	0.828164344859066	0.49
TraesNOR6D03G03825870	-0.541421458361714	-0.0386298315308134	0.83007274929448	0.56
TraesNOR6D03G03826630	-1.88112739307017	0.124832503037813	0.855024079570404	0.44
TraesNOR6D03G03827850	0.761406274220041	0.0235353777506107	0.893887707610468	0.49
TraesNOR6D03G03828350	-0.828050490782925	-0.0155621952432129	0.890853867814882	0.47
TraesNOR6D03G03828530	-0.0584972240296211	-0.0704876691194135	0.741437311000889	0.51
TraesNOR6D03G03828590	-0.936786277299909	0.0232271225472018	0.98205482454148	0.46
TraesNOR6D03G03828630	0.147538400903197	-0.0996206511573262	0.666952079847525	0.49
TraesNOR6D03G03830780	0.460017947789094	-0.0327391538277442	0.855925401038944	0.56
TraesNOR6D03G03831420	-1.1582536825957	-0.0260504067212316	0.887052742884556	0.5
TraesNOR6D03G03831450	0.987358386932584	0.027365018407504	0.770968143966597	0.56
TraesNOR6D03G03831800	0.790098794237277	-0.0125632152254456	0.827440256638098	0.48
TraesNOR6D03G03831890	-0.106695168381198	0.0328733443744827	0.91157616735642	0.56
TraesNOR6D03G03831980	-0.456070030942406	-0.0898429390862492	0.945514432522863	0.55
TraesNOR6D03G03833370	0.625303904870163	0.0857845069632581	0.767388076369885	0.51
TraesNOR6D03G03834120	-1.38813059576721	0.227905700822022	0.77302452216625	0.4
TraesNOR6D03G03834650	-0.300955390448109	-0.0141975310868494	0.798337009043923	0.53
TraesNOR6D03G03834660	-0.0757606492466612	0.0912341412933346	0.774777496260925	0.45
TraesNOR6D03G03834710	0.0135461649119055	0.0685535135124824	0.831493833903061	0.54
TraesNOR6D03G03834780	0.0364523012393253	-0.00336590764449418	0.793211870222221	0.51
TraesNOR6D03G03835830	-0.798005533921863	-0.0883909059767524	0.873261551447213	0.55
TraesNOR6D03G03835930	-0.115788411140008	-0.0763151302227449	0.822653159711689	0.59
TraesNOR6D03G03835940	0.00778030381539117	-0.0257997029511517	0.863964563303944	0.46
TraesNOR6D03G03836150	0.441742974877647	-0.0666660791556059	0.813489690359908	0.4
TraesNOR6D03G03837080	-0.438195134750993	0.162091007944893	0.881058886505046	0.37
TraesNOR6D03G03837420	-0.46517142214998	0.0382953960552915	0.887975959464507	0.5
TraesNOR6D03G03837590	-0.497958233796934	0.0358859901150236	0.759303562687281	0.51
TraesNOR6D03G03838420	0.324214600184958	-0.0160892902612358	0.795586979275896	0.49
TraesNOR6D03G03838730	-1.35682853317775	0.0577309094812741	0.854570257526855	0.48
TraesNOR6D03G03839210	0.0624416010356303	-0.0889786709100196	0.845201606680513	0.53
TraesNOR6D03G03839990	0.596609108925918	0.0283667945527887	0.822986309006654	0.47
TraesNOR6D03G03841150	-0.470309902541986	-0.0289574049979839	0.830402512353816	0.45
TraesNOR6D03G03841730	0.199493071639063	0.0830742972444312	0.924778782444225	0.53
TraesNOR6D03G03842420	-0.171142095583656	-0.0054896077155098	0.777039011402053	0.49
TraesNOR7A03G03843230	0.220346016201221	-0.0348811203403544	0.793623196175481	0.47
TraesNOR7A03G03846170	0.06359270155695	-0.014556420518327	0.87436044457441	0.41
TraesNOR7A03G03847910	0.774003114501418	0.00150119407331753	0.779697390129433	0.58
TraesNOR7A03G03848030	0.710335559199381	0.127162048217429	0.74427057559934	0.53
TraesNOR7A03G03848150	0.0891472802181167	0.0875981010724336	0.829121021096508	0.52
TraesNOR7A03G03848990	-0.331775291202981	-0.237988901469638	0.81807594061966	0.61
TraesNOR7A03G03849760	1.80283239842051	0.0682066615658422	0.917328123514429	0.53
TraesNOR7A03G03849870	1.04601151274061	0.0663774005438969	0.636829001449661	0.56
TraesNOR7A03G03849980	-0.10486631224406	0.0680368499446735	0.771657197899413	0.45
TraesNOR7A03G03850720	-0.0619971704750052	0.112076935694918	0.768440334595618	0.47
TraesNOR7A03G03851250	-0.0162183209124249	0.0985713037497684	0.923809811567932	0.44
TraesNOR7A03G03853550	-0.132869465162422	-0.143033959986592	0.830286593565567	0.62
TraesNOR7A03G03854440	-1.05996378242491	0.243317542344869	0.869932319590015	0.41
TraesNOR7A03G03857130	-1.40866562662989	-0.149491251066779	0.803690905468224	0.45
TraesNOR7A03G03858060	0.0297239459910462	0.0269839824854206	0.879296961332056	0.56
TraesNOR7A03G03858840	0.169131640053981	0.0559801657877795	0.921800257720981	0.54
TraesNOR7A03G03861230	0.618219069752694	0.0911419172529138	0.857385160278683	0.57
TraesNOR7A03G03861440	0.669993236907088	0.0799147747151922	0.899244753411462	0.54
TraesNOR7A03G03862430	0.763295026797029	-0.00520079377386328	0.66349568273962	0.51
TraesNOR7A03G03863220	0.0659881988965904	0.119152338685091	0.767611647754081	0.58
TraesNOR7A03G03864330	0.0650709783788278	0.0687138759141081	0.768129904124466	0.52
TraesNOR7A03G03864340	2.09577104811221	0.0052292236917662	0.935233532365636	0.47
TraesNOR7A03G03867620	0.264482787970436	0.0554580138206508	1.02767077781874	0.48
TraesNOR7A03G03869940	0.366033608512421	0.0725358185103889	0.76830670080041	0.49
TraesNOR7A03G03872610	1.45899142063685	0.0259021596519444	0.800730294285072	0.51
TraesNOR7A03G03873020	-0.0725329887806677	-0.0396409494378137	0.735908663057949	0.49
TraesNOR7A03G03873200	-0.831771809148787	-0.0389281007151279	0.766626282685123	0.46
TraesNOR7A03G03874570	0.0252893330845048	0.0779935143079905	0.772733286901233	0.54
TraesNOR7A03G03875060	-0.450418055645661	0.020383843264253	0.748314890887786	0.47
TraesNOR7A03G03877370	0.0260649321328648	-0.0234419635933151	0.874495061594749	0.49
TraesNOR7A03G03877440	-0.450591289080322	-0.0439281807593506	0.835699254891632	0.46
TraesNOR7A03G03877500	-0.449388708894594	0.00670288226827709	0.935247807552526	0.55
TraesNOR7A03G03877880	-0.562906724077139	0.069404009984983	0.847070532511372	0.46
TraesNOR7A03G03878070	-1.59612087023408	-0.0104091923443705	0.907146710856505	0.48
TraesNOR7A03G03878200	-0.160868256575318	0.0806913114766554	0.758714575838791	0.45
TraesNOR7A03G03878950	0.0424371590799128	0.0325356709744637	0.973474525922183	0.51
TraesNOR7A03G03880740	-0.556762496179899	0.0980804861526679	0.866448393722054	0.41
TraesNOR7A03G03881060	-1.54804203294202	0.0291051697185936	0.840843683758617	0.49
TraesNOR7A03G03882150	0.266046794428349	0.16562268282236	0.744319125850239	0.58
TraesNOR7A03G03884510	0.881642271235581	0.000587626083562748	0.772403692905533	0.49
TraesNOR7A03G03885490	-0.048692399285202	0.0207463805548341	0.851144462476307	0.47
TraesNOR7A03G03886560	-1.03823746423361	-0.0420028098083592	0.940217814197928	0.53
TraesNOR7A03G03888650	0.595625383369087	0.0717253597026674	0.854324899203004	0.52
TraesNOR7A03G03891500	0.282663584695007	0.116759763922147	0.876007110784294	0.53
TraesNOR7A03G03891610	0.580739543182745	-0.0960075951941833	0.740578989601979	0.51
TraesNOR7A03G03894000	-0.864320427672477	0.0391226070894891	0.976068402278583	0.48
TraesNOR7A03G03895080	-1.07838773837835	0.0401859433438767	0.79449721586165	0.47
TraesNOR7A03G03895360	0.807191984397683	0.069281552930588	0.837035116468148	0.5
TraesNOR7A03G03899130	0.519425281102689	-0.0500107816234618	0.835183725081687	0.48
TraesNOR7A03G03900190	1.28459127632474	-0.122382899067783	1.01988586135903	0.44
TraesNOR7A03G03903170	-1.81131399057883	-0.0481998081623798	0.823073785974179	0.48
TraesNOR7A03G03903440	-0.772289762718707	-0.122299889894058	0.908902544098408	0.59
TraesNOR7A03G03904230	1.2346983212895	0.0879815586482005	1.05323197753335	0.53
TraesNOR7A03G03904390	-0.934706692300873	-0.00390551332592964	0.817073947944907	0.46
TraesNOR7A03G03904720	0.183272015026671	-0.0068126723143511	0.839703209020625	0.5
TraesNOR7A03G03906540	-0.345442836692004	0.0710418270493331	0.752603771545977	0.45
TraesNOR7A03G03910570	0.551899551313446	-0.0328825325890666	0.927978658540707	0.51
TraesNOR7A03G03910710	0.474852367072327	-0.050203420227232	0.805980467828194	0.49
TraesNOR7A03G03912500	-0.640503631498525	0.0743430516935606	0.854175231723126	0.49
TraesNOR7A03G03912530	1.01660669664068	0.0869675172072714	0.966988843866722	0.56
TraesNOR7A03G03913280	-0.103490799474631	0.0404779678109847	0.876605389149109	0.46
TraesNOR7A03G03913820	0.0619059540472691	0.139288225961701	0.834431679485959	0.54
TraesNOR7A03G03914250	-1.76023605581598	0.0208157582386027	0.760486693821543	0.47
TraesNOR7A03G03916750	1.99463221587001	0.0628418447284278	0.755821188066016	0.5
TraesNOR7A03G03917140	1.4632099165671	-0.0430574006641059	0.933084669665501	0.54
TraesNOR7A03G03918370	-0.374330938208039	0.0929202434225733	0.871505029068867	0.43
TraesNOR7A03G03920620	0.0719786759537951	0.0841229716983355	0.873116133198719	0.56
TraesNOR7A03G03920750	-1.78793089054867	-0.0184183044995025	0.852781535173709	0.51
TraesNOR7A03G03920810	0.728433331832646	0.00431111266213791	0.878423750533628	0.55
TraesNOR7A03G03922420	-1.39983540484418	0.0679645064677313	0.868458223280916	0.47
TraesNOR7A03G03922660	-0.0175434233372204	-0.00518888485345297	0.73480266747109	0.45
TraesNOR7A03G03923030	0.299427832458724	-0.135224714118106	0.925370749033808	0.44
TraesNOR7A03G03925160	-0.689330915697037	-0.00217174958584215	0.999024816949496	0.52
TraesNOR7A03G03925630	1.79083118704714	0.101580674187611	0.937690851985847	0.58
TraesNOR7A03G03927170	0.533002558949447	-0.109638865016426	0.833584853738807	0.47
TraesNOR7A03G03927460	-0.618541994415222	-0.187290897962254	0.868128052856392	0.62
TraesNOR7A03G03927810	-0.499078735843336	0.0139095168113343	0.853946190152697	0.55
TraesNOR7A03G03928210	-0.178071518676616	0.0580860512641151	0.835347990319965	0.5
TraesNOR7A03G03929350	-0.400140754079436	-0.146355100539192	0.85600763629838	0.61
TraesNOR7A03G03929690	-0.0241318459448427	-0.0104727201922799	0.918957455849644	0.55
TraesNOR7A03G03930020	-0.475673340474648	0.0249764182780818	0.749796085536388	0.47
TraesNOR7A03G03931060	0.968240639771145	-0.102601469010219	0.92343879976818	0.48
TraesNOR7A03G03932280	0.550257344144995	0.0418863255628522	0.838844428862379	0.54
TraesNOR7A03G03932790	0.170234123862166	-0.0965397380889613	0.684214503324371	0.38
TraesNOR7A03G03933320	-0.661297866207799	-0.198563993893436	0.867158706572427	0.6
TraesNOR7A03G03935760	0.0431793117351763	0.0173218822666567	0.783917601091377	0.44
TraesNOR7A03G03936740	-0.69853596328608	0.0144819932477975	0.905778305924787	0.47
TraesNOR7A03G03936780	-1.00283071063306	-0.0913216330305337	1.04889583064825	0.5
TraesNOR7A03G03938660	-1.40714230792826	0.0474674706086799	0.832784881819431	0.43
TraesNOR7A03G03938860	-0.0136175066498023	-0.0745581733741456	0.811559576494741	0.56
TraesNOR7A03G03939440	-0.151404805562304	0.00950330066964092	0.871293042147126	0.46
TraesNOR7A03G03940370	0.982494978763385	-0.0834163000905589	0.754690161491509	0.46
TraesNOR7A03G03941470	1.05010922837245	0.106074255380651	0.752025338428884	0.55
TraesNOR7A03G03941890	0.0319334960788494	0.0532801559584256	0.914874906872348	0.5
TraesNOR7A03G03943350	0.34464814653981	0.0196185369419968	0.804017245688236	0.48
TraesNOR7A03G03944160	0.240446733356498	-0.116353697434892	0.912868956210854	0.42
TraesNOR7A03G03945760	-1.40272427809878	-0.221703975313816	0.866886361796084	0.62
TraesNOR7A03G03946070	-0.215781393685318	0.0446907827254414	0.804975268412041	0.53
TraesNOR7A03G03947390	0.64998007907907	0.112090716626485	0.911851434746011	0.56
TraesNOR7A03G03948070	0.956975531550077	0.0507281120237866	0.818683255716394	0.57
TraesNOR7A03G03948080	0.593184599673366	0.00465294712188362	0.945672274901044	0.51
TraesNOR7A03G03949920	-0.10516554462237	0.0714419361986329	0.881651375851788	0.52
TraesNOR7A03G03950450	-1.1261397059785	-0.0163871375123806	0.868538414186846	0.53
TraesNOR7A03G03950640	-0.805177787785844	-0.0641851880823164	0.819132017885058	0.5
TraesNOR7A03G03951200	0.375257855946523	0.0879246349435505	0.793527158604151	0.57
TraesNOR7A03G03952700	0.359023015337761	-0.00354137190922174	0.824924313447236	0.44
TraesNOR7A03G03954350	-0.209744039879371	-0.0399965588380593	0.894804098839223	0.51
TraesNOR7A03G03956510	-0.889865359892387	0.0645131028495977	0.837505708033482	0.47
TraesNOR7A03G03957530	0.234694114003786	-0.0526172210238755	0.789735144348655	0.45
TraesNOR7A03G03958790	0.539425141285481	-0.148181374859832	0.768994687281327	0.46
TraesNOR7A03G03961820	-0.404378343293614	0.0582797693346648	0.830773973065238	0.49
TraesNOR7A03G03963230	0.611416076026558	0.0106564135197543	0.777055810182928	0.46
TraesNOR7A03G03965000	-1.48340405254568	-0.0844340964014857	0.85257147353976	0.58
TraesNOR7A03G03966770	0.149842236709363	0.0642702893406165	0.898156874738981	0.48
TraesNOR7A03G03968960	-0.0523818791707596	-0.031941266434546	0.982346454920687	0.52
TraesNOR7A03G03969320	0.960584302022829	0.0383306977429406	0.882436243827154	0.56
TraesNOR7A03G03969990	0.384391092009744	0.13402411637556	0.748632353876219	0.56
TraesNOR7A03G03970580	-0.531275319052129	0.0477152873485758	0.867082820373278	0.46
TraesNOR7A03G03974550	1.39673696994129	0.172394676602507	0.831748142161766	0.51
TraesNOR7A03G03974670	-0.950247064457482	0.0058223254656825	0.76845440132641	0.46
TraesNOR7A03G03975030	-0.725145080038272	-0.00726662780229147	0.928328598486265	0.5
TraesNOR7A03G03976480	-0.776239332259013	0.213646709408867	0.779080698883924	0.37
TraesNOR7A03G03977290	0.0627319580634877	0.0143485817991765	0.958539383991455	0.54
TraesNOR7A03G03978040	-0.679312375056903	0.15466245409054	0.928680762467897	0.43
TraesNOR7A03G03979480	-0.115565295185594	0.0456417996976981	0.867330932518165	0.49
TraesNOR7A03G03979770	0.00743298943834253	-0.0167989984655611	0.828060112257079	0.48
TraesNOR7A03G03981740	0.011513590846089	-0.0307506294152594	0.821957545778517	0.46
TraesNOR7A03G03982900	0.0469867719729228	0.0466191815871359	0.693899855696863	0.55
TraesNOR7A03G03984260	0.516724096180963	0.0368325599431387	0.788167001266708	0.56
TraesNOR7A03G03988060	-0.866353655099621	0.015358118464525	0.882801000286212	0.49
TraesNOR7A03G03988830	0.471299480293112	-0.000405216625894266	0.9490726559175	0.51
TraesNOR7A03G03989400	-0.146843237694835	0.0325779771190684	0.849242316313589	0.44
TraesNOR7A03G03992400	1.05656963483006	0.129358726978548	0.786110156331719	0.64
TraesNOR7A03G03994050	0.549233776982746	0.111985071500446	0.776702084617041	0.57
TraesNOR7A03G03995310	-0.844959792900015	-0.046897953336537	0.812077702744074	0.54
TraesNOR7A03G03996790	-0.903797639640574	-0.0539076759848969	0.808690429402617	0.5
TraesNOR7A03G03997230	-0.280884013963227	0.0165177553349585	0.911368861661396	0.47
TraesNOR7A03G03997990	-0.477362181086594	0.0572347174457427	0.959811729374711	0.51
TraesNOR7A03G03998030	-0.825515307158158	-0.130666387334225	0.854490132619507	0.57
TraesNOR7A03G03999410	0.0180633350689229	0.0797887324220883	0.812754951949864	0.53
TraesNOR7A03G04000610	0.0682313041041855	-0.0774394522532324	0.777478478351605	0.44
TraesNOR7A03G04001280	0.145960624228646	-0.00885035486236141	0.825417496245281	0.44
TraesNOR7A03G04002290	1.15922429894062	0.0482521638930219	0.851089022548329	0.47
TraesNOR7A03G04003080	0.0847432942326613	-0.0558643700174605	0.965146197248669	0.53
TraesNOR7A03G04004930	-0.451377683687772	-0.0517301261032775	0.957669205095398	0.48
TraesNOR7A03G04005410	-1.04534103409039	-0.180386238857852	0.809810504813032	0.57
TraesNOR7A03G04005580	-0.771254759789599	-0.0697450799745658	0.915429168763957	0.59
TraesNOR7A03G04006260	0.883669573193934	-0.0351022238555321	0.820001366054263	0.56
TraesNOR7A03G04009200	0.231214471639524	0.0787080207213186	0.928592879709629	0.53
TraesNOR7A03G04009220	-0.413336780178668	0.0639718273888591	0.965556114187961	0.46
TraesNOR7A03G04010400	-0.882024209762638	-0.0214509496879226	0.762450389812583	0.48
TraesNOR7A03G04010750	0.885070390405692	0.101524651696934	0.834904717960309	0.56
TraesNOR7A03G04010800	0.311485492079133	0.050498374593383	0.708913869413658	0.58
TraesNOR7A03G04012450	0.200624672879947	-0.0121807907820288	0.837634493472736	0.5
TraesNOR7A03G04013890	0.0179550284797151	0.0536409358605256	0.964648490929068	0.51
TraesNOR7A03G04014570	-0.313184358463962	-0.0393328991034206	0.795086140162858	0.51
TraesNOR7A03G04016660	1.87362846074526	-0.0161547825804492	0.716800984040558	0.56
TraesNOR7A03G04022110	-0.00493413724821323	-0.0777752814382637	0.945816704323343	0.51
TraesNOR7A03G04022530	0.0195572583557224	0.0293304730442554	0.893279187432299	0.5
TraesNOR7A03G04022920	-2.69054803937145	-0.178074722941598	0.800152327407327	0.56
TraesNOR7A03G04023310	-0.604981435639819	-0.0710445735328485	0.800775856412184	0.57
TraesNOR7A03G04023320	1.59405284085513	-0.0300771980373624	0.746937011651242	0.52
TraesNOR7A03G04024540	-0.417968849555486	-0.0225956310655245	0.899246942444238	0.49
TraesNOR7A03G04024640	0.754115785136547	-0.0331202016167275	0.892883394202305	0.5
TraesNOR7A03G04024820	-2.37575360082374	-0.0921507611129597	0.90621425209232	0.53
TraesNOR7A03G04027790	0.804511430116512	0.090312408940466	0.781000575886546	0.48
TraesNOR7A03G04028270	-0.288662846209707	0.0464011658342248	0.833940472328631	0.46
TraesNOR7A03G04029140	-0.288037885152584	0.0964237196937281	0.797237473459708	0.44
TraesNOR7A03G04031770	0.685444064406758	-0.01952544830917	0.861277841612372	0.55
TraesNOR7A03G04035080	-0.239189255569702	-0.0580160400585786	0.834868480477262	0.47
TraesNOR7A03G04035400	0.036523950030895	-0.077269221475037	0.878361462526144	0.49
TraesNOR7A03G04038390	1.20858483369828	-0.0823296812870565	0.780549731021115	0.41
TraesNOR7A03G04038410	1.14897615688813	0.0118301094916085	0.935100928346615	0.52
TraesNOR7A03G04038580	-0.355222465184603	-0.223908217001987	0.784511681053259	0.57
TraesNOR7A03G04044200	0.238883018477206	0.110104163921217	0.775636820045363	0.57
TraesNOR7A03G04044900	-0.921897556998624	-0.0402810067922063	0.912906931891872	0.53
TraesNOR7A03G04047250	1.26352533829674	-0.00767685848651844	0.811717312139625	0.49
TraesNOR7A03G04047470	0.17704096975524	0.123154886258703	0.865227788969748	0.6
TraesNOR7A03G04048160	0.807080564376381	0.021268167412284	0.782047839467703	0.48
TraesNOR7A03G04049630	-0.112395571163587	-0.0967767898732435	0.833955421151974	0.56
TraesNOR7A03G04051400	0.0422084650852959	0.0172066973915042	0.806325816379523	0.54
TraesNOR7A03G04051470	-1.61109121855322	0.0340026074016295	0.818106397484207	0.46
TraesNOR7A03G04057900	-0.495799546831654	-0.0544491369943591	0.73319634215977	0.48
TraesNOR7A03G04061520	-1.38080093506457	-0.105819216729175	0.883333306346179	0.54
TraesNOR7A03G04065990	-1.02276239239374	0.0252664552683719	0.894191277651104	0.53
TraesNOR7A03G04066550	-0.0234995852441714	0.0367282365023307	0.876837396964656	0.5
TraesNOR7A03G04067730	1.06846089418962	0.133121970687103	0.911244686381656	0.51
TraesNOR7A03G04070790	-0.0617962307379864	-0.0530665372737199	0.837378240329537	0.54
TraesNOR7A03G04072950	0.467888133536698	-0.0323796030855231	0.779657133103603	0.43
TraesNOR7A03G04074940	0.221331064840782	0.0340267330239925	0.80286677660507	0.49
TraesNOR7A03G04076900	0.491873046864622	-0.0481749507011992	0.764050992932303	0.41
TraesNOR7A03G04081840	-0.280436753952302	0.106757920079471	0.760416480234553	0.47
TraesNOR7A03G04082140	-2.04744474700065	0.0383514995327101	0.880253768102372	0.45
TraesNOR7A03G04082360	-0.218728997116549	-0.0301112439909772	0.650923632160669	0.49
TraesNOR7A03G04083670	-1.05283870090878	0.0844605491380246	0.760420435935573	0.39
TraesNOR7B03G04088830	-0.465160125158768	-0.0102109812762012	0.843182517466329	0.49
TraesNOR7B03G04088840	-0.280723416833663	-0.00867874218876544	0.794637579492921	0.51
TraesNOR7B03G04091390	0.214257608331875	-0.00221297818297735	0.784891156007876	0.54
TraesNOR7B03G04091490	0.00214591578815835	0.005388069629941	0.807401322214191	0.47
TraesNOR7B03G04091580	-0.0540765831222291	0.108226634435699	0.785026733753907	0.46
TraesNOR7B03G04092090	-0.463367224039489	0.0833314393508843	0.80527832944379	0.42
TraesNOR7B03G04092550	3.25740413175756	-0.135145769206575	0.732902199890967	0.43
TraesNOR7B03G04092710	1.19713436707405	-0.0553722507698721	0.941098099020212	0.44
TraesNOR7B03G04096500	1.6270008431826	-0.0685939161444493	0.786228341893792	0.48
TraesNOR7B03G04099460	-0.880363655737327	-0.0955678537032256	0.733708272652315	0.5
TraesNOR7B03G04100630	-0.89192894706388	-0.0290279894582206	0.849053701825622	0.5
TraesNOR7B03G04101110	2.04996407837192	0.0778134540917439	0.744504470978381	0.6
TraesNOR7B03G04102410	-0.0563865299223761	0.0826952127022699	0.827437460793988	0.46
TraesNOR7B03G04103020	-0.520458565898704	0.0949725789119845	0.775516075096734	0.44
TraesNOR7B03G04104460	0.024164462649257	0.0458386526781484	0.748439280000601	0.53
TraesNOR7B03G04112850	-0.105830952261881	0.100499513585235	0.999745188425524	0.45
TraesNOR7B03G04113650	0.0102204956326151	-0.0082416394662531	0.739649714652922	0.49
TraesNOR7B03G04113950	0.0595751982912536	-0.00219662447377829	0.735746069334495	0.49
TraesNOR7B03G04119340	-1.12953955061535	-0.0412929025057279	0.822893562580671	0.52
TraesNOR7B03G04120000	-1.72680231953274	0.125907651480782	0.959164755277421	0.41
TraesNOR7B03G04121230	0.615452748170433	0.0242972536847238	0.755261812181214	0.53
TraesNOR7B03G04125540	-0.474516913394888	-0.0604212691383809	0.92357065261402	0.49
TraesNOR7B03G04126580	0.566411614851168	-0.000944258495377758	0.912315511825804	0.46
TraesNOR7B03G04126760	0.541944104045275	-0.144375981774196	0.857853594448238	0.39
TraesNOR7B03G04127790	0.255451486969679	0.0872886298396085	0.839619725600675	0.61
TraesNOR7B03G04127830	0.054798636949564	0.0999104625761721	0.760361548561185	0.59
TraesNOR7B03G04128340	1.15496664158057	0.155584933717349	0.880511323907076	0.54
TraesNOR7B03G04128580	0.0302498405292357	-0.0474082009798794	0.786781475083291	0.47
TraesNOR7B03G04129780	-0.556802575339372	-0.119852554246231	0.80917691380375	0.6
TraesNOR7B03G04129790	-1.13568880365444	0.0721290057473807	0.865449039455686	0.44
TraesNOR7B03G04130130	-0.185624727587542	-0.0139581091672221	0.817035928809035	0.48
TraesNOR7B03G04133810	0.197139631835469	0.106343382178855	0.841658270022677	0.52
TraesNOR7B03G04134380	0.677800397583587	-0.0389946602548075	0.718177149428013	0.49
TraesNOR7B03G04134450	-0.00108856179844888	0.0338362328075394	0.772784927942068	0.51
TraesNOR7B03G04137190	0.912155249672219	-0.0712942374135107	0.96943285666079	0.43
TraesNOR7B03G04137400	-0.561124995487047	0.0130417018701918	0.844793223311358	0.49
TraesNOR7B03G04140820	0.217159952914382	0.105272057942448	0.824991646384433	0.55
TraesNOR7B03G04141290	0.241996513691186	0.0213293647068187	0.834221934547547	0.5
TraesNOR7B03G04142470	0.255440240476473	0.131040673255602	0.865491043901491	0.5
TraesNOR7B03G04143190	-2.04347879423559	-0.198364643512338	0.77162705534237	0.62
TraesNOR7B03G04143590	0.17521549236246	-0.0643100543037548	0.806121863960065	0.49
TraesNOR7B03G04145580	-0.810538575308835	-0.0970351391307888	0.775794554300917	0.57
TraesNOR7B03G04145600	0.581675629478582	-0.0429756803926961	0.870385691457141	0.5
TraesNOR7B03G04145770	1.28958040656923	0.0598918286167193	0.855518560950226	0.52
TraesNOR7B03G04147010	1.28529693613879	0.0300045305611528	0.826881007891673	0.58
TraesNOR7B03G04147290	-1.36785029968723	-0.0643078758065512	0.818745702415504	0.54
TraesNOR7B03G04149020	0.0446437848689748	-0.0268433513601772	0.810317060431439	0.52
TraesNOR7B03G04151230	-0.602823494750439	0.0554290601112167	0.906841310839059	0.46
TraesNOR7B03G04152540	1.30225826180954	-0.0189512141987374	0.885979907302248	0.5
TraesNOR7B03G04152890	-0.573185980516483	-0.146831039095755	0.890309915135478	0.58
TraesNOR7B03G04153510	0.968862576152254	0.081481970053682	0.86899655863485	0.62
TraesNOR7B03G04153870	-0.0175080120962819	-0.0751628313232759	0.804982417287435	0.54
TraesNOR7B03G04154330	0.396203569011494	0.00729820770209379	0.848419043396502	0.57
TraesNOR7B03G04155090	0.79058060641808	-0.0397384730083584	0.81963076013809	0.47
TraesNOR7B03G04155460	2.02202339224021	-0.0296394645552452	0.989778502657799	0.48
TraesNOR7B03G04158920	-0.0181231310430087	0.122709220087912	0.833800711628495	0.44
TraesNOR7B03G04158970	-0.376804187115115	-0.00387119000510655	0.7426729903699	0.48
TraesNOR7B03G04159260	0.520738771649735	0.0479636228053252	0.923274762477201	0.55
TraesNOR7B03G04160390	0.144739350721813	-0.00910470101411375	0.782240396234689	0.46
TraesNOR7B03G04160470	0.0186554126514621	-0.0232037302098027	0.848005154411734	0.47
TraesNOR7B03G04160480	-0.454181726036453	-0.0457352097041395	0.805005919164482	0.47
TraesNOR7B03G04162670	0.0430533988985868	0.10837697630019	0.872265700144882	0.57
TraesNOR7B03G04162850	1.04232202339254	0.0847474849304123	0.776734241878037	0.55
TraesNOR7B03G04163590	-0.388448560527176	-0.0904711626927275	0.807302114683138	0.56
TraesNOR7B03G04165890	-0.598095882971149	-0.0390575324251306	0.851332958784823	0.53
TraesNOR7B03G04166400	-1.06822700428793	-0.0827940081271848	0.875299029624892	0.58
TraesNOR7B03G04166450	0.0424909270256557	0.148976665689433	0.914517491519343	0.56
TraesNOR7B03G04166620	-0.0946962242276203	-0.124111587889374	0.773134011241089	0.57
TraesNOR7B03G04166670	-0.111882638140743	0.00605396671865772	0.871015592389159	0.49
TraesNOR7B03G04167110	-0.0467729584235565	-0.1450067324647	0.912211743085972	0.56
TraesNOR7B03G04169120	2.87668817864924	-0.0124632602316646	0.894129732820663	0.51
TraesNOR7B03G04169880	-1.59204704834492	-0.0225977263472077	0.835538432826214	0.48
TraesNOR7B03G04171220	-0.358306414756139	-0.0468136587412257	0.806522522229981	0.52
TraesNOR7B03G04171630	0.170082806588594	0.0224892265385078	0.900724724935357	0.56
TraesNOR7B03G04172700	-0.794713266184552	-0.0428820595856657	0.92192853876629	0.44
TraesNOR7B03G04173380	0.993714966486674	0.143799698829121	0.949617813474273	0.52
TraesNOR7B03G04174020	0.254910855830746	-0.0797589010894995	0.905201837788831	0.45
TraesNOR7B03G04174130	-0.0953945487775349	-0.0790989257565768	0.94307361130983	0.59
TraesNOR7B03G04183290	-0.851811728798976	0.11920897341222	0.820579675846087	0.4
TraesNOR7B03G04183700	0.363404494727029	-0.037660359500755	0.806372230112277	0.47
TraesNOR7B03G04186140	0.0934791363041567	0.114646176707585	0.817724116034143	0.47
TraesNOR7B03G04186600	-0.773946349954991	-0.119384267329106	0.83455533827645	0.58
TraesNOR7B03G04189260	0.0165428277951277	-0.0311601915940676	0.804480053812182	0.47
TraesNOR7B03G04190800	0.0249782989781194	-0.0484016001233753	0.829486367874619	0.5
TraesNOR7B03G04191060	0.0405181436297942	0.167758849502496	0.837879913944195	0.63
TraesNOR7B03G04192030	2.05318209048874	0.0473014578679339	0.730274818492585	0.56
TraesNOR7B03G04192280	-0.0038533611215166	-0.0240266929988025	0.863440970637863	0.52
TraesNOR7B03G04197420	0.0401602053218006	-0.0542018333040016	0.846273718377012	0.46
TraesNOR7B03G04199560	1.00993624447492	0.0838742866591716	0.843730410819225	0.53
TraesNOR7B03G04201600	1.2502359494039	0.0406048003653738	0.97587463536631	0.51
TraesNOR7B03G04203850	-0.0186340790680514	0.133896939463431	0.806849326713974	0.45
TraesNOR7B03G04205400	0.394228950140079	0.0342712998913913	0.75983940857991	0.51
TraesNOR7B03G04205630	-1.10237092175248	-0.0121733585345251	0.85813313742489	0.55
TraesNOR7B03G04205800	0.506536892841837	-0.130047433806963	0.755690464682706	0.4
TraesNOR7B03G04206020	0.701081305370171	-0.0692951938437175	0.90461999422465	0.39
TraesNOR7B03G04207410	0.00175369175548972	-0.0661518639797432	0.742072634671212	0.5
TraesNOR7B03G04207420	-1.41071885094058	0.160782359410516	0.959004297752232	0.41
TraesNOR7B03G04207530	-2.01775921667951	-0.0404699197756384	0.794007296639556	0.46
TraesNOR7B03G04207760	0.36955964786369	0.0133130834157424	0.885222072075243	0.48
TraesNOR7B03G04208810	0.343079401243932	-0.0969622741030443	0.855102860151552	0.45
TraesNOR7B03G04211590	1.32201686285547	0.0346094909708463	0.762122206897611	0.56
TraesNOR7B03G04211760	-0.46869006982465	-0.0698436307739825	0.939509027720028	0.52
TraesNOR7B03G04212750	1.23632381197127	-0.0324536014172718	0.881865011833575	0.47
TraesNOR7B03G04213650	0.73702798254777	0.11341372259407	0.935646112138434	0.58
TraesNOR7B03G04214550	0.714708625376064	-0.0328920714329035	0.858898362924822	0.54
TraesNOR7B03G04217210	0.710624637176593	-0.035547852401673	0.774087824567963	0.5
TraesNOR7B03G04217500	-0.287004837196989	0.0412617371186742	0.897405205381972	0.46
TraesNOR7B03G04217720	0.402080341361186	-0.0393374508464581	0.806942097269788	0.5
TraesNOR7B03G04218280	-1.31508541606926	0.0714571261667534	0.890654388381178	0.41
TraesNOR7B03G04218620	0.186770665180078	-0.187771239539671	0.843106400944586	0.43
TraesNOR7B03G04220670	-1.94673735680252	-0.00370008838247016	0.829702355591958	0.47
TraesNOR7B03G04220920	0.0293854713347905	-0.0996837380102128	0.880367832513463	0.43
TraesNOR7B03G04221670	0.360117621078532	-0.0860458917132932	0.984275427923046	0.44
TraesNOR7B03G04223670	0.410435193014557	-0.0475857603500458	0.822165657425446	0.53
TraesNOR7B03G04224620	-0.705018532274112	-0.0456215959982695	0.722459043495138	0.53
TraesNOR7B03G04225950	0.877603138491899	0.0865520277522686	0.781808148905955	0.52
TraesNOR7B03G04226090	0.0221097776767992	0.0224989710152977	0.793230625965552	0.54
TraesNOR7B03G04227690	0.573651639261887	-0.147071080850896	0.743651974972469	0.4
TraesNOR7B03G04227850	0.330988543323736	0.0795970629688215	0.891449179542121	0.5
TraesNOR7B03G04228480	-0.321050608915428	-0.0690785748490631	0.753382918253599	0.56
TraesNOR7B03G04229690	1.63178153108191	-0.0784480683151826	0.79646410869658	0.44
TraesNOR7B03G04230400	0.0787218123910196	-0.0438314905566144	0.839259927212378	0.48
TraesNOR7B03G04231120	-0.0639067733041482	0.0591177791893007	0.829994246478723	0.46
TraesNOR7B03G04232630	-0.00773034418856849	-0.0797035011936647	0.825673252328817	0.5
TraesNOR7B03G04233350	0.112669449498906	-0.108305800830244	0.735992968711128	0.5
TraesNOR7B03G04235020	-0.288210096303089	-0.00441835004273844	0.852673992883564	0.5
TraesNOR7B03G04235160	0.508159236275835	-0.0835330853960469	0.793574089000372	0.49
TraesNOR7B03G04236480	0.313639341481255	0.00232460733465661	0.889809147094444	0.52
TraesNOR7B03G04238640	0.385905753060962	-0.0583608969563054	0.953983901041868	0.49
TraesNOR7B03G04240640	-0.846845102218618	0.0485960766853425	0.896912729978261	0.51
TraesNOR7B03G04241000	-1.32207131676816	-0.00206476811071166	0.925968683901599	0.48
TraesNOR7B03G04241110	-0.830278971654671	-0.199042135764323	0.906406551133135	0.5
TraesNOR7B03G04242100	0.305671872457228	0.116738616730528	0.832949482013231	0.53
TraesNOR7B03G04244360	-0.007651235001902	0.0723355510272585	0.774583869664288	0.42
TraesNOR7B03G04246920	0.0693391890233994	-0.0325853576480952	0.645518868544201	0.51
TraesNOR7B03G04254820	-0.133242325177724	-0.129541752387981	0.887074341082208	0.53
TraesNOR7B03G04256510	0.423444587816659	0.0870517000155116	0.823979502661634	0.58
TraesNOR7B03G04262450	0.0666651380535423	-0.0366988564457439	0.930363851778324	0.48
TraesNOR7B03G04264760	-1.08171670570732	0.0655246020155589	0.7725005465352	0.49
TraesNOR7B03G04265930	-1.97281086403968	-0.0628597397139286	0.944624354477229	0.57
TraesNOR7B03G04266130	0.977569290797042	-0.054639706255763	0.909603438982713	0.47
TraesNOR7B03G04268320	-0.583574442280153	0.00735939805401497	0.892203095882397	0.55
TraesNOR7B03G04269200	-0.479219277509571	-0.122844840925842	0.856743272676566	0.53
TraesNOR7B03G04276940	0.876043009797027	-0.119256814512924	0.928518774624807	0.49
TraesNOR7B03G04279650	1.3978269994563	-0.0525270817425281	0.756749553398451	0.49
TraesNOR7B03G04285430	-0.0712742663867424	0.00665381879434459	0.88003346054558	0.54
TraesNOR7B03G04285580	-0.388169038698184	0.181022825543915	0.883217641819567	0.41
TraesNOR7B03G04286430	-3.34074598315049	0.0824943019020712	0.81972138928038	0.49
TraesNOR7B03G04289860	-1.22515771686276	0.0496183412373903	0.85353854255344	0.47
TraesNOR7B03G04291320	0.756848205220764	0.0633150627549614	0.851462222093422	0.53
TraesNOR7B03G04296810	-0.19690548189379	-0.0540021298244568	0.811978241928867	0.44
TraesNOR7B03G04304450	1.19550404451276	-0.0918825661339997	0.839538344994129	0.49
TraesNOR7B03G04306210	2.29282136516222	0.0982951597975888	0.929587199195502	0.49
TraesNOR7B03G04306970	-0.486830791693902	-0.158153529361399	0.895131422314697	0.57
TraesNOR7B03G04309500	0.390968743985077	0.0791492640915996	0.822027700245531	0.63
TraesNOR7B03G04314470	0.0461218229932833	0.0590693394136789	0.795283488416396	0.55
TraesNOR7B03G04314550	0.378055069120976	-0.0448071592579152	0.930773208047798	0.49
TraesNOR7B03G04315370	-0.747276930313077	-0.150861171627572	0.777709334548215	0.55
TraesNOR7B03G04315710	-0.0172838333835679	0.0892750557966478	0.78134310432271	0.47
TraesNOR7B03G04319050	0.331568865376918	-0.046546538374631	0.724681852283881	0.53
TraesNOR7D03G04320170	1.57243008004352	0.00731287816457538	0.89599027295382	0.5
TraesNOR7D03G04320750	2.12754494103929	0.0808578957478154	0.863455030954702	0.54
TraesNOR7D03G04320870	1.605541973162	0.0968113919979969	0.861975708115728	0.57
TraesNOR7D03G04322150	-0.428359025686281	-0.000136043677649324	0.893765033141214	0.52
TraesNOR7D03G04322290	0.0364975201771039	0.0866054165269396	0.805905154238742	0.54
TraesNOR7D03G04322300	-0.38726329732052	-0.00378772397465901	0.727273073556788	0.52
TraesNOR7D03G04322380	-0.696475790491426	0.000338908636271631	0.790666117454087	0.54
TraesNOR7D03G04322410	-0.453940623707372	0.00131628068909995	0.85161320888427	0.59
TraesNOR7D03G04322630	-0.0028028684871799	0.113428574381284	0.762468245579001	0.43
TraesNOR7D03G04322900	0.652509947129367	-0.128459254461675	0.819493560635137	0.4
TraesNOR7D03G04324090	2.1243674024108	-0.182002572399084	0.774271376039327	0.45
TraesNOR7D03G04324150	0.0305000411751055	-0.0197827066364808	0.821935691655292	0.5
TraesNOR7D03G04327030	0.225164709537417	0.269364179079267	0.858473718501151	0.65
TraesNOR7D03G04328170	-1.24225099862585	0.113883615449037	0.936662915748629	0.46
TraesNOR7D03G04328370	-0.459945280342643	-0.0268442994426189	0.837584323873306	0.51
TraesNOR7D03G04329030	-0.588055568703983	-0.0228982291970646	0.820199777733911	0.54
TraesNOR7D03G04330090	1.80564509359975	0.0282420854915666	0.790913164407885	0.54
TraesNOR7D03G04330660	0.577898529364758	0.0993852486252432	0.823277694122998	0.5
TraesNOR7D03G04331540	-0.658399780679091	-0.0500705963644322	0.916772459052165	0.55
TraesNOR7D03G04332100	0.898040438684562	-0.021523747504001	0.83846529150856	0.46
TraesNOR7D03G04332130	0.027038702815179	-0.0208173373660765	0.808123916892336	0.47
TraesNOR7D03G04333770	0.0765561535256479	0.0744933376898731	0.761720941293634	0.57
TraesNOR7D03G04335400	0.353476483144522	-0.0246331016962458	0.815091804643668	0.46
TraesNOR7D03G04337920	2.74297825182681	0.102994394075133	0.685128598312009	0.49
TraesNOR7D03G04338550	-0.132523712424902	0.0336616819916732	0.788792388020205	0.44
TraesNOR7D03G04339020	-0.000414980702880694	0.0108483685340637	0.90063829128733	0.5
TraesNOR7D03G04339910	1.59309431952716	0.0987897221503322	0.977355974562381	0.54
TraesNOR7D03G04340660	2.68146796502629	-0.0771472288939492	0.836855458823667	0.48
TraesNOR7D03G04341050	-0.209843739733864	-0.04072804768598	0.855818720861972	0.56
TraesNOR7D03G04341370	1.15358085119247	-0.0353739973914636	0.764575441392006	0.5
TraesNOR7D03G04341390	-0.371730652551487	-0.17971720504043	0.865832854484933	0.57
TraesNOR7D03G04341540	0.547294285007389	0.0388660918562543	0.844916712929138	0.45
TraesNOR7D03G04344150	0.469953900619682	0.0207510405131328	0.854022925543158	0.45
TraesNOR7D03G04344640	0.122699058978976	0.0134324710698441	0.745788954999364	0.56
TraesNOR7D03G04345630	0.251542704389737	0.00840001227641631	0.914714486824408	0.53
TraesNOR7D03G04345950	0.230448498939925	-0.117319010625537	0.79400186770315	0.46
TraesNOR7D03G04347720	-0.762366583975871	-0.150053281754856	0.80611417804001	0.58
TraesNOR7D03G04350380	-0.0466573167446388	0.106889371644124	0.848019953963655	0.47
TraesNOR7D03G04350730	0.382586145951497	0.0219656557190355	0.918206300406394	0.55
TraesNOR7D03G04351840	1.85286388617439	0.0759495550359053	0.878574914166252	0.54
TraesNOR7D03G04351960	0.477830027273141	0.0170918601440878	0.771305070586119	0.5
TraesNOR7D03G04353510	-0.135079834298285	-0.0651016732043012	0.831537741866219	0.56
TraesNOR7D03G04353540	-0.000325270066265341	0.0884049808336585	0.818013525752533	0.49
TraesNOR7D03G04354500	1.82156356092513	0.114649354369428	0.810691320102078	0.54
TraesNOR7D03G04354890	-0.00355384857174511	0.0259402901660267	0.825703705854968	0.52
TraesNOR7D03G04355460	-1.64042407624653	-0.0445855872978046	0.929359408337972	0.49
TraesNOR7D03G04359850	0.290244516693618	0.0446973834376147	0.772743989981486	0.49
TraesNOR7D03G04360960	0.0485657949539811	0.0199872243400567	0.866223642114389	0.52
TraesNOR7D03G04360980	-0.985143536258322	-0.0125885909911957	0.710489360018971	0.42
TraesNOR7D03G04361120	-0.0257436546077979	-0.0766447605425295	0.910181197037441	0.55
TraesNOR7D03G04361770	0.177529835192072	-0.0677797184451948	0.851844410814728	0.46
TraesNOR7D03G04363090	-0.34399915698389	-0.0795967989926682	0.801934342433384	0.53
TraesNOR7D03G04363170	-0.982999171318206	-0.0179540549358277	0.954020324047089	0.48
TraesNOR7D03G04363460	0.519134147436017	0.046080701851086	0.822903861056387	0.58
TraesNOR7D03G04363980	-1.95332633662779	-0.126254076537622	0.819672993786608	0.63
TraesNOR7D03G04364190	-0.742879299406693	0.0216993971526184	0.913577008547214	0.46
TraesNOR7D03G04365060	0.735750324898853	-0.0635882430853252	0.827606415143524	0.45
TraesNOR7D03G04365570	0.0823488800585822	-0.0636767878349045	0.798633834015759	0.45
TraesNOR7D03G04367510	-0.0852869578395291	-0.040404564510127	0.90818062329237	0.51
TraesNOR7D03G04368640	-1.35803885999488	-0.064141965898408	0.939583805009756	0.49
TraesNOR7D03G04368720	0.360189016350117	-0.00161329289345352	0.992823260263691	0.54
TraesNOR7D03G04372300	-0.0354211445351123	0.184945387363272	0.894829727998669	0.41
TraesNOR7D03G04374670	-0.824424365895365	0.00599265723923156	0.744715509519682	0.45
TraesNOR7D03G04374680	-1.31165021545945	-0.0809887670520232	1.04342842929285	0.55
TraesNOR7D03G04374950	0.186862482093414	-0.0121178037106759	0.870195476821952	0.55
TraesNOR7D03G04375200	0.791748317283843	0.073241489432037	0.8730555723311	0.57
TraesNOR7D03G04375500	-1.07798370757882	-0.0496156142633517	0.802273117748557	0.58
TraesNOR7D03G04376040	0.706787530682418	0.0393229725158736	0.825653778516077	0.58
TraesNOR7D03G04378320	0.0573712583175635	0.0865745334433766	0.86609157664554	0.5
TraesNOR7D03G04378440	-1.24396607049281	0.0663780244619002	0.80829704717683	0.43
TraesNOR7D03G04379740	-0.160813195030434	-0.040411174684985	0.826638139147916	0.49
TraesNOR7D03G04379920	1.25562366862914	0.0689970395643386	0.972569136091028	0.49
TraesNOR7D03G04380080	0.782832277331593	0.0128877656276753	0.981581379046863	0.43
TraesNOR7D03G04380190	-0.803914865716795	-0.1405451075255	0.903595589711979	0.56
TraesNOR7D03G04380850	0.410879037927933	-0.0829583623088579	0.80719864818102	0.51
TraesNOR7D03G04381150	-0.326441065372552	-0.0222079558014881	0.912445851037346	0.53
TraesNOR7D03G04382320	0.879406401816057	0.0542333326741084	0.864763338931586	0.51
TraesNOR7D03G04386240	-0.264825558395762	0.0335257039495419	0.665110298289919	0.48
TraesNOR7D03G04386250	0.51311303642695	0.024857262899689	0.808532549763884	0.54
TraesNOR7D03G04386450	-1.68359006042638	0.0894628284549095	0.778917720794627	0.56
TraesNOR7D03G04386500	0.380039131415799	-0.0310013311307341	0.712770748742857	0.49
TraesNOR7D03G04386560	0.436524800810002	0.0356068543213294	0.861746219530136	0.54
TraesNOR7D03G04386900	-1.61843602516837	0.0567130197474796	0.746846585580154	0.48
TraesNOR7D03G04387880	-0.998631656212811	-0.000609169698112801	0.825739369690763	0.56
TraesNOR7D03G04389730	0.00952455014005151	-0.0875735653843757	0.764129035658673	0.44
TraesNOR7D03G04389740	-0.764698710675046	-0.0107825675315819	0.813983719715464	0.47
TraesNOR7D03G04389750	0.48895940615519	0.0879270089976039	0.861679877197551	0.53
TraesNOR7D03G04389790	0.0191306310422796	-0.0890498792987676	0.868737713262916	0.41
TraesNOR7D03G04390380	0.722391351348267	0.193205220710084	0.934552431668322	0.52
TraesNOR7D03G04390410	0.819680185731275	0.0221546338728151	0.784591333116951	0.51
TraesNOR7D03G04390680	-0.135461023442616	0.0417997221312174	0.791314454214553	0.42
TraesNOR7D03G04390710	0.419894363979812	0.0869510382855542	0.913298827693038	0.58
TraesNOR7D03G04391120	-2.40003289140192	0.000430341233015832	0.672176359950414	0.52
TraesNOR7D03G04392120	-1.20734509119428	-0.11842204032891	0.741032838258735	0.53
TraesNOR7D03G04392570	-1.20802008827873	0.0729033112220923	0.948077680557835	0.38
TraesNOR7D03G04393560	-0.847836904610458	-0.00905548422897601	0.794449654501535	0.51
TraesNOR7D03G04393670	1.42159392111832	-0.0255548927671644	0.986378400504855	0.51
TraesNOR7D03G04394720	-1.21436948306822	0.0977978261435614	0.945594289668912	0.49
TraesNOR7D03G04394950	-0.226269826853696	0.121907818573088	0.848872414676216	0.4
TraesNOR7D03G04395760	0.00385301663175728	-0.0348156371504693	0.854958699209148	0.49
TraesNOR7D03G04396350	1.02946465395505	0.0861131969462173	0.718026778803231	0.55
TraesNOR7D03G04396740	-0.0540576064242917	0.0636350145185884	0.771243732472908	0.53
TraesNOR7D03G04396910	-0.393460290710954	-0.0737880222079404	0.854672165529445	0.51
TraesNOR7D03G04397100	0.601926485554085	0.0708422582069443	0.775764276686739	0.5
TraesNOR7D03G04398770	-0.299760979940205	-0.156148849574435	0.915223910733498	0.55
TraesNOR7D03G04399370	0.751383980423833	-0.0920293912620222	0.830417814687405	0.52
TraesNOR7D03G04399400	-0.407569719073073	-0.049487207654852	0.814669301500049	0.56
TraesNOR7D03G04400250	1.150361804873	0.0279361875257799	0.987053006319514	0.53
TraesNOR7D03G04400260	-0.000404986701688904	0.0144303334066757	0.698958480385447	0.5
TraesNOR7D03G04400830	0.826628161399883	-0.0933738963763363	0.807727407778189	0.41
TraesNOR7D03G04402320	1.02160776591597	0.0286771177398067	0.895667105963038	0.52
TraesNOR7D03G04402940	-0.816979525576716	-0.159118362469844	0.950281977824116	0.53
TraesNOR7D03G04403530	-0.109620287767917	-0.0862825824567287	0.764933976391503	0.59
TraesNOR7D03G04403680	0.291602293574216	-0.00209762334676454	0.839238722078341	0.53
TraesNOR7D03G04403920	0.629690051966384	-0.0568785757715052	0.806027882347393	0.47
TraesNOR7D03G04405260	1.03980653701991	0.0898639885619315	0.870629400523869	0.61
TraesNOR7D03G04405380	-0.0126152157629851	0.224427301580225	0.78578899617682	0.37
TraesNOR7D03G04405720	-0.835635121556987	-0.00833574950319698	0.91811587628341	0.53
TraesNOR7D03G04405870	0.014748703200813	0.0731556019415343	0.755907269713579	0.51
TraesNOR7D03G04405950	0.282279161066374	0.0170110460774782	0.848082572664632	0.48
TraesNOR7D03G04406230	0.935898106431601	-0.0206355800400255	0.811662225641541	0.48
TraesNOR7D03G04407060	0.247926271101619	0.122426262604379	0.714421625560415	0.54
TraesNOR7D03G04407320	-1.78214125355223	-0.00473505394607846	0.771912246289275	0.43
TraesNOR7D03G04407950	-0.00926466692453351	0.0390890291605499	0.871235413186548	0.44
TraesNOR7D03G04409020	0.327843456253684	-0.0543227574191936	0.732417694407344	0.49
TraesNOR7D03G04409170	0.618573423623996	-0.0107623993403485	0.686567306282996	0.53
TraesNOR7D03G04410270	-0.305793508313344	-0.0513083686422981	0.892704830280149	0.58
TraesNOR7D03G04411120	0.166015463430963	0.127722486146411	0.824904944696762	0.62
TraesNOR7D03G04413170	-0.354878875222496	0.0841745614795154	0.846361264752436	0.47
TraesNOR7D03G04413250	0.776770218095357	-0.113553240582326	0.958077128567526	0.48
TraesNOR7D03G04414230	-0.0130106259380678	-0.0784778503933866	0.754634523027904	0.57
TraesNOR7D03G04414370	1.30587172389679	-0.0195540429317789	0.746158318092122	0.45
TraesNOR7D03G04414530	0.268746844592117	-0.00584302182357484	0.805802933575792	0.59
TraesNOR7D03G04414640	-1.55051820163739	-0.00148685803321847	0.766899458715729	0.54
TraesNOR7D03G04414730	0.3013498415617	-0.0317942953623891	0.774240099000345	0.48
TraesNOR7D03G04414940	-1.13534190031999	-0.0637950415797215	0.846977978369376	0.47
TraesNOR7D03G04415780	0.075579612847759	0.0435299834393282	0.906809664825225	0.51
TraesNOR7D03G04415980	-0.58183260469195	-0.0614484439023465	0.858359598599169	0.51
TraesNOR7D03G04416470	-0.824139772597935	-0.0402718629945973	0.971826689741611	0.53
TraesNOR7D03G04416550	-1.04158428404765	-0.00777379017826014	0.738767070893648	0.45
TraesNOR7D03G04417370	1.34581694615439	-0.0575867563575017	0.719170058913605	0.47
TraesNOR7D03G04417420	0.950999221240738	0.195124351735684	0.880891934059856	0.51
TraesNOR7D03G04418060	0.275081602421	0.0737337388349537	0.770165255282034	0.56
TraesNOR7D03G04418280	0.0232654879160112	0.0287514686009013	0.81020286192126	0.49
TraesNOR7D03G04418340	0.0186783619588095	-0.13302100316538	0.936075974372893	0.47
TraesNOR7D03G04418670	-0.0637463129697488	-0.158614051737782	0.758674260672487	0.59
TraesNOR7D03G04419950	1.20432867619197	-0.0801153026522335	0.922502743773828	0.44
TraesNOR7D03G04420310	1.09237398518599	-0.0677114814213273	0.689188889603222	0.49
TraesNOR7D03G04420410	1.10867328163512	0.0968495773607553	0.712867785847391	0.58
TraesNOR7D03G04420520	-0.121285586739869	0.0972282993079344	0.755051453757655	0.48
TraesNOR7D03G04421370	0.60829151057572	0.055687875082783	0.81219941776822	0.47
TraesNOR7D03G04421400	0.010576374125974	-0.0201915114729195	0.864428076207149	0.49
TraesNOR7D03G04421440	-1.72482928551104	-0.0597821061657	0.698236948823576	0.58
TraesNOR7D03G04421970	1.2265563183265	0.151337845689329	0.917268349106152	0.56
TraesNOR7D03G04422240	-1.4419943270127	0.0593772630693358	0.778642356183406	0.44
TraesNOR7D03G04422250	-0.282577532175695	0.10571871116935	0.91296241119029	0.44
TraesNOR7D03G04422450	0.32733984946105	0.0245501184568264	0.860248791665105	0.47
TraesNOR7D03G04422480	0.0322219228093313	-0.0481329021730696	0.746054859002181	0.48
TraesNOR7D03G04422770	0.329336120151825	-0.0257653991828334	0.753242354574955	0.49
TraesNOR7D03G04423630	0.310433815288473	-0.0709065806948501	0.916530930286754	0.49
TraesNOR7D03G04425380	0.0448035422007682	0.239858007991082	0.864380547342479	0.64
TraesNOR7D03G04425810	0.22833208562003	0.0714644640833323	0.842431584176858	0.48
TraesNOR7D03G04426350	0.36758748606713	0.0489669470628859	0.872024966804288	0.5
TraesNOR7D03G04426880	-1.93332192467644	0.00703816439079046	0.793169119254591	0.53
TraesNOR7D03G04427130	-2.36033812919855	0.0345729826295761	0.89644471208687	0.44
TraesNOR7D03G04428220	-0.251805291289294	-0.0620748212665034	0.8983705793548	0.65
TraesNOR7D03G04432010	-0.750478079507818	0.0434039338650107	0.88262646425501	0.45
TraesNOR7D03G04432340	-1.10936601344875	0.0654857364584844	0.778757944010968	0.46
TraesNOR7D03G04433170	0.573575854329322	-0.0348820993972256	0.818714007982414	0.49
TraesNOR7D03G04433680	-0.249586075903444	0.069178924631519	0.837341666453059	0.43
TraesNOR7D03G04434310	0.7774700508668	0.0874827250914372	0.752381802714835	0.56
TraesNOR7D03G04434580	-0.690605453576827	-0.0944093044558954	0.880410654557516	0.53
TraesNOR7D03G04436110	0.296212625677422	0.0855990919227854	0.795089452977826	0.5
TraesNOR7D03G04438210	0.51957256669767	0.00548827815144478	0.835299738864474	0.47
TraesNOR7D03G04438640	-0.303065474978188	-0.147078353576983	0.880146373668388	0.5
TraesNOR7D03G04439330	0.0490178579526453	0.102320339793386	0.799642100640795	0.57
TraesNOR7D03G04440500	-0.0608065626789239	-0.105198704292073	0.759726815250568	0.59
TraesNOR7D03G04441330	0.0125256034333312	-0.0429463292535259	0.903653710634652	0.51
TraesNOR7D03G04441920	0.189630801183003	-0.00751002215801249	0.923507335958159	0.5
TraesNOR7D03G04442740	-0.296288630685375	-0.124269502021758	0.85723715757684	0.54
TraesNOR7D03G04442840	-2.11193737839186	-0.180701838955408	0.733125574376746	0.59
TraesNOR7D03G04443730	-0.707606989099815	0.0564538763802004	0.779535612839555	0.45
TraesNOR7D03G04444160	-0.48289094026256	-0.130365233552844	0.809711753850969	0.52
TraesNOR7D03G04444430	0.114880695122353	-0.0249960181813311	0.809786661164639	0.49
TraesNOR7D03G04444450	-0.0185533067125085	-0.0557963739768341	0.842884117619807	0.53
TraesNOR7D03G04444930	0.281217271292471	-0.0269334551806192	0.751163843500349	0.49
TraesNOR7D03G04445220	2.26998607390472	0.0893454651024449	0.845343521871065	0.53
TraesNOR7D03G04446070	-1.8007369074297	-0.0752918771188927	0.945552947202623	0.54
TraesNOR7D03G04446340	0.316466407809137	0.00651579249777408	0.924985093219889	0.53
TraesNOR7D03G04447060	0.0755100615366021	-0.00991354484050686	0.925282017414157	0.54
TraesNOR7D03G04447070	-0.288709048525499	0.0455099405150848	0.896851105143428	0.47
TraesNOR7D03G04447200	-0.0232286286943039	-0.0385094502699533	0.801999989389111	0.51
TraesNOR7D03G04447470	0.00818849751864372	-0.022893061807975	0.753683171528349	0.48
TraesNOR7D03G04447560	-0.00226505620961121	0.120427928310749	0.907080777805685	0.41
TraesNOR7D03G04449200	-0.15448793688551	-0.00505564279323864	0.945600818020081	0.48
TraesNOR7D03G04449620	1.6791477652019	-0.0853090205479443	0.884297176438255	0.43
TraesNOR7D03G04450090	0.616636532406706	0.142126500335137	0.990660759424026	0.56
TraesNOR7D03G04450550	0.988826366932561	0.0891393115328953	0.850744698682639	0.58
TraesNOR7D03G04450760	1.04959750559152	0.0836558890305879	0.930266811605734	0.55
TraesNOR7D03G04450770	-0.323023987597753	0.0734823531082146	0.882497973510183	0.46
TraesNOR7D03G04450890	1.00040868057389	-0.00026838236011923	0.846286100778063	0.51
TraesNOR7D03G04451350	-0.289299218152978	0.0810850857960414	0.880842672283673	0.4
TraesNOR7D03G04451410	1.33521737248347	0.0376846878625475	0.763516082520874	0.52
TraesNOR7D03G04452130	-0.378964706476236	0.0713566218235397	0.785621408035614	0.44
TraesNOR7D03G04452170	-0.157586388702452	-0.108324540397679	0.916188240887937	0.58
TraesNOR7D03G04452190	0.0200675846483147	-0.100990162687149	0.794372271230047	0.48
TraesNOR7D03G04452940	-0.0967694977571862	-0.0539975479985831	0.949981912567202	0.52
TraesNOR7D03G04454290	-1.90795202468151	-0.0109386470875834	0.831258492844565	0.48
TraesNOR7D03G04455060	0.0158868356045498	-0.128265488803179	0.954901576677906	0.43
TraesNOR7D03G04455080	0.981292478975683	0.0305479027938097	0.861045215453928	0.48
TraesNOR7D03G04455310	-1.26000660430656	-0.0137202130121754	0.838002850561802	0.49
TraesNOR7D03G04455450	0.601033827167347	-0.0433826503596326	0.796142248081973	0.46
TraesNOR7D03G04455540	0.270194595197553	-0.130214477796237	0.777471239982529	0.41
TraesNOR7D03G04455970	1.75407593051447	0.0724809632887711	0.855074528702576	0.57
TraesNOR7D03G04457290	-0.376196164447402	0.0145433820279669	0.760451421516669	0.46
TraesNOR7D03G04458050	0.1891681979158	-0.122508375143118	0.774285153672633	0.38
TraesNOR7D03G04459560	-0.108782900152681	0.0627634818534015	0.94475900674748	0.46
TraesNOR7D03G04459990	-1.03630336162851	0.0832160005928908	0.991561533619703	0.42
TraesNOR7D03G04460330	2.05825673408507	-0.00742319891777536	0.871003043986182	0.51
TraesNOR7D03G04460630	1.29310745020074	0.0196757149177658	0.761213263997569	0.51
TraesNOR7D03G04461180	-0.00528653800083782	0.0212270250991294	0.801549206532723	0.48
TraesNOR7D03G04461390	-0.446832761343676	0.241930406805212	0.799030441874203	0.36
TraesNOR7D03G04461810	0.0145783266105826	-0.0809243392888342	0.722090731542092	0.48
TraesNOR7D03G04461870	0.16152684147833	0.03973466710004	0.822477736622715	0.48
TraesNOR7D03G04461910	-1.14303307065947	-0.109345736931629	0.836439715757944	0.54
TraesNOR7D03G04462490	-0.161563816366206	-0.110857931757092	0.946478586113936	0.51
TraesNOR7D03G04462500	-0.592236864610475	0.101445992459849	0.746699380387261	0.42
TraesNOR7D03G04462590	-0.15655165440982	0.0409539980884131	0.812419618066622	0.48
TraesNOR7D03G04462700	-2.60060994926203	-0.0558603359261469	0.902121723901437	0.45
TraesNOR7D03G04463260	1.02966510914001	0.0614133329545699	0.827063180034694	0.46
TraesNOR7D03G04463350	0.00296348274638182	0.0177499422117971	0.687897184489271	0.54
TraesNOR7D03G04463950	-0.488656773719512	-0.0675373647771586	0.935701912060112	0.53
TraesNOR7D03G04464550	0.0179986134022695	0.066980447336778	0.830587929359467	0.5
TraesNOR7D03G04464890	-0.0924378412100569	0.114600163197368	0.792120880150808	0.45
TraesNOR7D03G04465120	-0.456651280903272	0.000440486486098858	0.779014060130359	0.47
TraesNOR7D03G04465600	-0.787449904335278	0.145656856104236	0.802797258120231	0.46
TraesNOR7D03G04466060	-0.618405616148433	-0.0377888520932918	0.72510300559077	0.47
TraesNOR7D03G04466380	-0.0069153929037723	-0.0453466914330899	0.859721186764855	0.54
TraesNOR7D03G04466460	-0.00107106550676521	0.12163580247338	0.887706236807312	0.45
TraesNOR7D03G04466700	0.0496701978453277	0.0715421248434322	0.835760462219014	0.53
TraesNOR7D03G04467290	-0.857552337085408	-0.00805182636932604	0.71435205554291	0.48
TraesNOR7D03G04467420	-1.7989178658453	-0.129241784403671	0.79575080910719	0.59
TraesNOR7D03G04469540	-0.13385232741249	-0.168322101539818	0.773792678554119	0.55
TraesNOR7D03G04469730	-0.711369343090307	-0.0320829859888191	0.803493257949204	0.5
TraesNOR7D03G04470020	-0.659671618007214	0.0415754408679897	0.841536887251845	0.4
TraesNOR7D03G04470120	-1.27055445724475	-0.0467160160765502	0.644518492199835	0.54
TraesNOR7D03G04470280	-0.266821723136986	0.125082996785134	0.848271256841914	0.46
TraesNOR7D03G04470290	-1.47443652873451	0.0934587324146189	0.678765362189843	0.47
TraesNOR7D03G04471550	1.37281952139824	-0.00981766262977332	0.819604873358039	0.51
TraesNOR7D03G04471750	2.11122753179042	0.0584557020788785	0.879681027100487	0.54
TraesNOR7D03G04472240	-0.528857564593187	-0.0890230819678506	0.842978723776156	0.56
TraesNOR7D03G04472760	0.574988942357769	0.197358564423591	0.878555960949943	0.6
TraesNOR7D03G04473590	2.19867002688853	0.100554929224634	0.808691190460373	0.56
TraesNOR7D03G04474190	0.508898736987844	0.0122308802923885	0.839823711187281	0.46
TraesNOR7D03G04474430	0.309379904881626	-0.000965408083870229	0.877154102436975	0.48
TraesNOR7D03G04474440	-0.124967855915511	-0.0488924769470082	0.820761684159248	0.5
TraesNOR7D03G04474820	0.882566593901447	-0.0342660905738352	0.785695550056716	0.5
TraesNOR7D03G04475040	0.101119976333974	-0.0506785535953727	0.836726806563411	0.41
TraesNOR7D03G04475140	0.137013741222577	0.0784406654629497	0.807815239712072	0.52
TraesNOR7D03G04475450	1.02060270745133	-0.14873160004769	0.830243104016415	0.42
TraesNOR7D03G04475600	-0.167153763117736	-0.0952732102278927	0.87085078162934	0.52
TraesNOR7D03G04476240	-0.256892352090512	-0.00915347706627167	0.78921094618715	0.5
TraesNOR7D03G04476300	0.0819760523918684	0.0844517602754124	0.867958597034077	0.51
TraesNOR7D03G04476910	-1.15734632551602	-0.086496216434164	0.775415973430765	0.6
TraesNOR7D03G04476940	0.580521065070365	0.00487351641014663	0.878214177646958	0.51
TraesNOR7D03G04477030	0.370233819895346	-0.0672146808141722	0.81007840636325	0.45
TraesNOR7D03G04477050	-0.0120715169098728	-0.0930828003346696	0.777036178838645	0.54
TraesNOR7D03G04477500	1.01170851260055	0.0346431433119952	0.813147591767812	0.51
TraesNOR7D03G04478330	-0.884956523819237	-0.0374913971238232	0.77984159905027	0.5
TraesNOR7D03G04478400	-0.598828552437529	0.102799703913489	0.866398321451644	0.44
TraesNOR7D03G04478710	-0.00412491709900619	-0.000790823277740729	0.774715352606678	0.48
TraesNOR7D03G04478800	-0.421809442106586	0.0628487891099682	0.687359761723028	0.41
TraesNOR7D03G04479130	0.0712730427228526	0.101751821347752	0.849203888275601	0.64
TraesNOR7D03G04479170	0.875868033337907	0.116030724971763	0.713793739625675	0.52
TraesNOR7D03G04479850	1.1024549433075	-0.0191502221813312	0.894485054083998	0.52
TraesNOR7D03G04480020	0.468050163981955	-0.0822854660534719	0.715786799023023	0.42
TraesNOR7D03G04481450	0.242721280001656	-0.00777854007853598	0.782635524657882	0.47
TraesNOR7D03G04482240	1.70349020294344	-0.0103411829362372	0.859939827672328	0.51
TraesNOR7D03G04482330	0.042686086630757	0.0514102909985685	0.953302151901098	0.55
TraesNOR7D03G04482920	0.112461804920037	-0.072622066683414	0.752080188266764	0.48
TraesNOR7D03G04483830	-0.480649749362463	0.0578195954584909	0.846717121022723	0.49
TraesNOR7D03G04484570	0.476817986716717	0.0736924605024564	0.781631522753929	0.55
TraesNOR7D03G04486320	-1.6795649609114	-0.0171266751083609	0.815707056043006	0.44
TraesNOR7D03G04486710	-0.455106576164732	-0.061628484141855	0.779187157199977	0.48
TraesNOR7D03G04487440	0.0930165577343287	0.127020412801143	0.832618660609813	0.55
TraesNOR7D03G04487980	-0.070503779239629	-0.0777161273955674	0.705278294081937	0.51
TraesNOR7D03G04488240	0.0497240276437366	-0.00359762278881528	0.84266023792802	0.5
TraesNOR7D03G04488740	-0.0998762898391842	0.00072818595093524	0.806216761449686	0.46
TraesNOR7D03G04489190	0.0616850572753473	-0.0434989186511769	0.868244545403109	0.45
TraesNOR7D03G04489550	-0.0401838229083689	-0.0623043819795802	0.894905434759416	0.52
TraesNOR7D03G04490560	-0.0762194201731133	0.0202325496236108	0.910365120173448	0.44
TraesNOR7D03G04491410	0.096562808175829	-0.141558022988966	0.814047891194959	0.48
TraesNOR7D03G04491580	-1.07016358534622	-0.0770053875151769	0.880024318303563	0.55
TraesNOR7D03G04492200	-0.150176889727069	-0.0599226311887577	0.720120538498647	0.51
TraesNOR7D03G04492370	1.31515321260141	0.106783637291669	0.821139511266463	0.54
TraesNOR7D03G04493100	0.96139592147136	-0.103767458549291	0.771444001278809	0.49
TraesNOR7D03G04493910	0.807558780851799	-0.0957127504457377	0.792872988394013	0.45
TraesNOR7D03G04494640	-0.689986875399734	-0.0141040037358822	0.769431648574214	0.51
TraesNOR7D03G04495130	1.32303380937219	-0.0334573896633158	0.688143143691719	0.45
TraesNOR7D03G04496080	0.0436541033526594	0.0577637935694929	0.972443590352257	0.44
TraesNOR7D03G04496370	-0.991016998608465	-0.0248248245841859	0.724546652045915	0.45
TraesNOR7D03G04498290	-0.0208749388097144	-0.132208075449712	0.817620005135189	0.56
TraesNOR7D03G04498380	-0.558497699903173	0.0203261987263919	0.846109602710537	0.47
TraesNOR7D03G04498470	-0.657411646127337	0.135259079118658	0.837030878622684	0.42
TraesNOR7D03G04499060	0.279631914592905	0.0503595189633366	0.902840433294782	0.53
TraesNOR7D03G04502050	0.890884911604475	-0.037324876535956	0.922056154667735	0.5
TraesNOR7D03G04503060	0.304799674294664	0.0167428136786374	0.842942200262785	0.49
TraesNOR7D03G04504580	-0.590457857855053	0.127927975462262	0.804033884502818	0.43
TraesNOR7D03G04506950	-0.100408605633446	-0.0556486484391187	0.904171456522076	0.5
TraesNOR7D03G04507040	0.676930675730361	-0.186599432165748	0.875138393466631	0.42
TraesNOR7D03G04507280	0.0490151432640246	0.069666083543993	0.876620403181372	0.53
TraesNOR7D03G04507450	-1.3159534092816	0.0247414502346106	0.800969310064299	0.52
TraesNOR7D03G04507580	1.20707628463154	-0.158873352179178	0.829275562692788	0.42
TraesNOR7D03G04508630	1.35338446090454	-0.0539060896578499	0.756974381921196	0.5
TraesNOR7D03G04509110	-0.733900742906915	-0.0884625840014165	0.857480927419239	0.53
TraesNOR7D03G04509660	-0.410562232385289	0.0101687287354746	0.986102675410959	0.44
TraesNOR7D03G04511360	-1.04118006574642	-0.0123610951201306	0.658520029077588	0.51
TraesNOR7D03G04512280	0.137678115917825	0.0386783344212609	1.04838120376848	0.51
TraesNOR7D03G04513280	0.0488488729829328	0.196230408083166	0.882266083712586	0.56
TraesNOR7D03G04513510	-0.0174420028244213	-0.0398452878913743	0.822910914254889	0.45
TraesNOR7D03G04514900	0.809531899959703	0.0188758475894256	0.861121316025137	0.48
TraesNOR7D03G04516060	0.386251485984349	0.0738933815390672	0.835567066705056	0.57
TraesNOR7D03G04516640	1.74680413317416	0.245730635035559	0.796211913400555	0.6
TraesNOR7D03G04516710	-1.10842438581669	0.0429666350849643	0.92415871690414	0.46
TraesNOR7D03G04517080	0.0357560114330879	0.0237397596240101	0.888638736303253	0.51
TraesNOR7D03G04519170	0.122321457399519	0.109936187904343	0.887984988661134	0.56
TraesNOR7D03G04520130	-0.362494412488308	0.100157689767761	0.816687214044445	0.46
TraesNOR7D03G04520800	0.151655728500751	-0.103211366168369	0.799134537721031	0.43
TraesNOR7D03G04523140	0.762244705512805	0.00915860986411713	0.786467699474828	0.49
TraesNOR7D03G04523810	0.249337497537125	0.0802825165149095	0.898420397921189	0.58
TraesNOR7D03G04524460	-0.378550398086565	0.0294514959103629	0.864382322898924	0.49
TraesNOR7D03G04526160	-0.660572077562295	0.0116289870926868	0.933272711658265	0.48
TraesNOR7D03G04526770	-1.83815806019781	-0.021837808554775	0.941607961895102	0.56
TraesNOR7D03G04527470	0.24016543343694	-0.0159446966370617	0.875119261807909	0.48
TraesNOR7D03G04528420	0.703613887263561	-0.0519086596244647	0.854983213896873	0.48
TraesNOR7D03G04528930	-0.0786179759114747	-0.153586618422571	0.799859093164757	0.51
TraesNOR7D03G04529220	2.84728044740096	-0.0209107758244156	0.890776635241115	0.5
TraesNOR7D03G04529240	0.928426132612606	-0.0128675498792348	0.829808448209608	0.51
TraesNOR7D03G04529260	-1.14459861241756	0.209766054537627	0.842605558066727	0.41
TraesNOR7D03G04530070	0.414520907673224	0.0423694876979577	0.798420071214694	0.51
TraesNOR7D03G04530390	-2.14763663853156	-0.0679148424770206	0.844518304442226	0.5
TraesNOR7D03G04530810	-0.686403198865744	0.0415201024938694	0.912982122964055	0.44
TraesNOR7D03G04530920	-1.60106412079643	-0.193125235122223	0.77814081951515	0.58
TraesNOR7D03G04531390	1.05658988661125	-0.00667548527672723	0.904584717691626	0.49
TraesNOR7D03G04531420	-0.146430598009281	-0.0571997177038298	0.799840078245286	0.48
TraesNOR7D03G04531640	0.41715448754122	0.0561228370136503	0.89108997910633	0.5
TraesNOR7D03G04532100	0.51376131465781	0.125693317581125	0.792832959150883	0.57
TraesNOR7D03G04533300	-0.387044997355608	-0.040845047544369	0.891936904089956	0.51
TraesNOR7D03G04534160	-1.07946237903504	-0.0160190468770019	0.922328802294044	0.52
TraesNOR7D03G04535930	1.09243872605748	0.0446134422050059	0.931632427836647	0.53
TraesNOR7D03G04536090	-0.187003283638062	-0.0913278595016858	0.800878846600759	0.54
TraesNOR7D03G04537310	0.488771232291227	0.154073435361883	0.799899943104101	0.57
TraesNOR7D03G04539230	-0.127820916530661	0.0309998250329332	0.912774463604262	0.48
TraesNOR7D03G04539690	0.447069040493842	-0.0247215930357916	0.783596053527494	0.49
TraesNOR7D03G04540480	1.33147630115015	0.138759243740638	0.815042357308146	0.55
TraesNOR7D03G04541810	0.0554842406572574	-0.107210672049659	0.829789430477495	0.47
TraesNOR7D03G04541820	-0.415322185627212	0.0944454589634966	0.883543717587752	0.46
TraesNOR7D03G04542020	-1.21121503146538	0.0929128143226998	0.790730055069105	0.44
TraesNOR7D03G04542220	-0.754194211797487	-0.0194360943454321	0.798216924039707	0.51
TraesNOR7D03G04542630	0.030491340321086	0.0855401805945383	0.7909147705059	0.53
TraesNORUn03G04546520	-1.34837195410676	-0.105381263529105	0.842153466719148	0.52
TraesNORUn03G04550350	0.132891903726912	-0.0602532168715773	1.01809390681408	0.44
TraesNORUn03G04553570	0.142517962806748	0.0426807702044689	0.808709508197147	0.51
TraesNORUn03G04555760	-1.00475318096917	-0.135405358836814	1.00295490941844	0.56
TraesNORUn03G04556620	-0.441985805050476	-0.0978936861087773	0.85596563537336	0.62
TraesNORUn03G04556950	0.0672048744058099	-0.0016860706103485	0.785167115764591	0.5
TraesNORUn03G04558380	-0.00577876478565128	-0.05681685926782	0.889492289826527	0.48
TraesNORUn03G04561750	0.377525841963518	-0.0138890437766117	0.845526522389959	0.46
TraesNORUn03G04565400	-0.137957031258674	0.15869000744686	0.886123184000749	0.39
TraesNORUn03G04570060	0.628483712871049	0.091828995868258	0.746906710965565	0.5
TraesNORUn03G04571640	0.853121825399343	-0.040924440636344	0.942488331215844	0.43
TraesNORUn03G04571730	0.4095458661281	-0.0384440805449614	0.78481717433727	0.55
TraesNORUn03G04576800	-0.43167034600313	-0.00117074768197361	0.849101375773411	0.51
TraesNORUn03G04579290	1.52103378581905	0.0701294332181501	0.80398124176519	0.5
TraesNORUn03G04579300	-1.46263519125354	-0.07440660068949	0.878786979539215	0.54
TraesNORUn03G04579530	-1.20316426067852	-0.192245095621214	0.876067918938677	0.57
TraesNORUn03G04580910	-0.436901107048448	-0.0842182689378571	0.756238997801648	0.56
TraesNORUn03G04582340	0.655336789596076	0.0125223802935107	0.669466177784259	0.5
TraesNORUn03G04582460	-0.682156923086322	0.209041457334397	0.825277893920254	0.4
TraesNORUn03G04582820	0.0274666933795384	-0.0658135717134612	0.843235080305981	0.4
TraesNORUn03G04583840	1.09898236258708	0.0725193139838858	0.845336210580909	0.51
TraesNORUn03G04585200	0.791457349304095	-0.115203177105438	0.814510437745119	0.37
TraesNORUn03G04586820	0.127231468842148	-0.0557331011751728	0.862747490089517	0.44
TraesNORUn03G04587010	-0.203363171722753	0.0581518697977712	0.812348177532553	0.46
TraesNORUn03G04588240	-0.822221039922738	-0.205279134704156	0.801430071066966	0.61
TraesNORUn03G04590470	-0.476497962135005	0.184758313327526	0.794666681866561	0.36
TraesNORUn03G04593500	0.606543256841696	0.150340296893657	1.02630313194722	0.54
TraesNORUn03G04593520	0.500485096043288	-0.0661408841429743	0.830631174987358	0.46
TraesNORUn03G04593780	0.0664670867762073	-0.0627576010769283	0.850225016681751	0.47
TraesNORUn03G04595500	1.12079024803749	0.00686420678444392	0.807840171129389	0.48
TraesNORUn03G04595720	-0.255962151147784	0.00442193109659509	0.946691700472406	0.54
TraesNORUn03G04597590	0.199553745404697	0.0168139362888042	0.930726748503336	0.54
TraesNORUn03G04598970	0.0136890632077993	-0.0204489576683045	0.874831389281985	0.5
TraesNORUn03G04599360	0.833353872019141	0.0607678377882826	0.801738568420555	0.49
TraesNORUn03G04599580	0.69499482772111	0.144670844843261	0.768287094328658	0.58
TraesNORUn03G04600040	-1.39140333587733	-0.0549976321018045	0.828327684851546	0.5
TraesNORUn03G04600290	-1.50263322695635	0.0786871827960407	0.885011985407346	0.45
TraesNORUn03G04600540	1.47219719537088	0.0898419246786595	0.760954675588279	0.6
TraesNORUn03G04600790	-1.13084774097858	0.0407485080999693	0.868243693994656	0.49
TraesNORUn03G04601890	0.552132086854217	0.0471400972208221	0.812501183098328	0.54
TraesNORUn03G04602730	0.00164021441937869	0.077126350931945	0.787105398482146	0.49
TraesNORUn03G04605070	-0.394418306046044	0.0641252070535825	0.818616400846503	0.46
TraesNORUn03G04605680	0.637388739978686	0.0323942856191965	0.735531401501568	0.49
TraesNORUn03G04605730	0.120394035517072	-0.0286191370681335	0.909437072437375	0.49
TraesNORUn03G04605870	-0.508411556935854	-0.108439128906485	0.984975649252472	0.53
TraesNORUn03G04606450	-1.05793386800632	0.102525822294007	0.907234138950854	0.44
TraesNORUn03G04607020	-0.903909039593862	-0.174369837445177	0.7333711445618	0.56
TraesNORUn03G04608430	2.18031018964631	0.0323329096209283	0.781285667501754	0.51
TraesNORUn03G04608710	0.0663267785693691	0.0529280946525453	0.873326916758351	0.55
TraesNORUn03G04609600	-0.424750584566414	0.0646577534602808	0.952230736022014	0.51
TraesNORUn03G04610150	-0.40291036959931	0.116268429319748	0.852044542807187	0.43
TraesNORUn03G04612230	-0.521927587110004	-0.1566139962013	0.812807484107709	0.61
TraesNORUn03G04614840	0.181328550254723	-0.0255188712032347	0.799763615065739	0.5
TraesNORUn03G04616440	1.86052251348342	0.0456614479478931	0.796340186422427	0.49
TraesNORUn03G04616460	-0.895598916981669	0.00636726793525646	0.748383524172178	0.5
TraesNORUn03G04617610	-0.522736055469365	-0.0248822712488412	0.883738285862278	0.53
TraesNORUn03G04617890	0.526842077333374	0.169983860640589	0.939480540626892	0.56
TraesNORUn03G04617920	-0.0937852336807543	0.106055441116364	0.864449084548976	0.44
TraesNORUn03G04619660	0.155750324713506	0.0513460650946294	0.776486638733966	0.57
TraesNORUn03G04620050	1.07532944675869	-0.0638169874051903	0.750293529104042	0.47
TraesNORUn03G04620980	-0.06428666680227	0.014192161528967	0.791959854731081	0.47
TraesNORUn03G04621150	-0.3373890244213	0.0389656585285118	0.863221291878233	0.5
TraesNORUn03G04621940	1.02789902958705	-0.0528246848701046	0.810149871410586	0.48
TraesNORUn03G04622390	1.58675589544494	0.168066371146206	0.86532459651138	0.6
TraesNORUn03G04623470	0.737353840899106	0.150910192255648	0.893897963878215	0.6
TraesNORUn03G04624350	0.500604434130047	0.102978811476856	0.895270740456314	0.6
TraesNORUn03G04625200	-1.10035935474838	0.0674228406237164	0.838142342793815	0.48
TraesNORUn03G04626230	1.29989121088187	-0.0113120141436225	0.87956221360187	0.53
TraesNORUn03G04626940	-1.2083976861597	-0.0222453853227903	0.959700949763	0.49
TraesNORUn03G04629310	-0.659926859527911	-0.0581913846066438	0.813567502742837	0.52
TraesNORUn03G04629390	0.212492954402028	0.091493074743544	0.770756111490896	0.55
TraesNORUn03G04630210	0.451523514917722	-0.184590208864851	0.885503399013782	0.41
TraesNORUn03G04630490	-0.533043674375856	0.0822304211688244	0.771947977971648	0.43
TraesNORUn03G04632250	-0.166326954408406	-0.03203080202232	0.869899187766856	0.47
TraesNORUn03G04634090	0.417323167285651	0.133643647414253	0.768939607455797	0.54
TraesNORUn03G04635130	-0.2279111432604	0.0223057177429772	0.845957946547	0.48
TraesNORUn03G04636110	0.132692207609917	-0.062460134307174	0.819363932458145	0.49
TraesNORUn03G04636790	-1.23449433863585	-0.0854421490002233	0.815430382941934	0.55
TraesNORUn03G04639240	-0.524027465738178	-0.137930168126935	0.803365954944044	0.58
TraesNORUn03G04639370	0.188822536240048	0.125201138047641	0.911413073716272	0.62
TraesNORUn03G04640470	1.26283232134795	-0.0102576599177348	0.783267526729406	0.52
TraesNORUn03G04642300	0.366398559973169	0.0427262366753817	0.750240522941997	0.6
TraesNORUn03G04642760	2.19602501019103	-0.0730763192874938	0.81197959493101	0.45
TraesNORUn03G04642970	-0.217450359404681	0.221445415582485	0.841191817583085	0.39
TraesNORUn03G04643440	1.19422598602678	0.0654473090021591	0.951844673438137	0.51
TraesNORUn03G04643540	1.02154110990402	-0.0022836276092592	0.846186913976756	0.53
TraesNORUn03G04646780	-0.510148054220678	0.111705519857045	0.755461042761485	0.46
TraesNORUn03G04647290	0.0856449079820255	-0.048318030633481	0.849834604483285	0.46
TraesNORUn03G04651390	-1.16103452412545	-0.00364074027098432	0.943243367785913	0.49
TraesNORUn03G04653280	-1.05141057134806	0.171918029599934	0.800513105596016	0.36
TraesNORUn03G04654360	1.0294846664892	0.185561493468968	0.848935930160427	0.6
TraesNORUn03G04656580	-0.71352169374457	0.116328807354985	0.837020795338402	0.47
TraesNORUn03G04657850	-0.302855809561365	-0.0864745991768279	0.800296744470639	0.52
TraesNORUn03G04659390	2.39695216552756	-0.0219126351989728	0.760320454998182	0.45
TraesNORUn03G04659560	-0.0445320510672877	0.121418993708507	0.709427069146503	0.46
TraesNORUn03G04660470	0.400439820142563	0.0492162306561111	0.872050194856786	0.52
TraesNORUn03G04661860	0.942695614838992	-0.212770991323942	0.913351029159915	0.41
TraesNORUn03G04662330	0.170342364392142	-0.114618729153755	0.842412841390048	0.47
TraesNORUn03G04663570	0.486653359073441	0.00341774256056356	0.836521648895902	0.42
TraesNORUn03G04665720	-0.325774303273625	-0.0858887100770855	0.920205276807347	0.52
TraesNORUn03G04666770	1.29964239569677	-0.020099411823299	0.810796650745543	0.47
TraesNORUn03G04669740	-0.0054386923626416	0.115377829952613	0.968007239807029	0.44
TraesNORUn03G04669880	-0.0985253603189563	0.0211473773466859	0.741178792494087	0.46
TraesNORUn03G04671440	-0.496187693553378	0.0615879123595338	0.825076244087378	0.47
TraesNORUn03G04671850	0.912904855813851	0.0359637625721983	0.875967143898945	0.51
TraesNORUn03G04672160	0.722638509180636	-0.0775274214604415	0.961660072738474	0.46
TraesNORUn03G04672450	0.568574157061003	-0.0575376139909514	0.750566174647425	0.51
TraesNORUn03G04672840	0.424295027456967	0.0720368085645127	0.885606607733929	0.54
TraesNORUn03G04673650	-0.40471489786986	0.125434481324376	0.875597084295912	0.47
TraesNORUn03G04674100	0.686411646909099	0.0421852408110137	0.792602586661772	0.49
TraesNORUn03G04674280	-0.15849893622392	-0.15355402530099	0.87321611280324	0.57
TraesNORUn03G04676290	-0.607850742834388	0.00883435251730644	0.836959315324221	0.45
TraesNORUn03G04677880	1.08267423213497	0.0037561279968003	0.81186650370703	0.44
TraesNORUn03G04679340	-0.3817163482926	-0.0563271339708974	0.91705812297474	0.52
TraesNORUn03G04679700	0.0138724639079824	0.0182050202889626	0.798042461741899	0.52
TraesNORUn03G04680070	0.119032237469641	0.0940542546972123	0.700938884407216	0.54
TraesNORUn03G04680210	-0.740616907619007	0.131555670268972	0.724594582557353	0.43
TraesNORUn03G04680440	0.568109847793288	-0.0191222510830203	0.837349942863613	0.52
TraesNORUn03G04681010	-0.483845459225928	0.00534362231013808	0.722572438486134	0.47
TraesNORUn03G04682810	-0.318063708925039	-0.000970041082020437	0.816122761465015	0.48
TraesNORUn03G04683410	-0.380365127746109	0.111622365260477	0.790986762465998	0.46
TraesNORUn03G04684030	-0.934613671236059	-0.128638791562935	0.737186092282313	0.51
TraesNORUn03G04684110	0.607737603338783	-0.050147126598629	0.793132896402762	0.46
TraesNORUn03G04685050	1.31798482440408	0.0612409525418675	0.765392353112029	0.54
TraesNORUn03G04685930	0.240143913722034	0.0983736119117691	0.894544233122036	0.52
TraesNORUn03G04687290	0.478305316996199	-0.0165091389840819	0.684222212685568	0.45
TraesNORUn03G04688710	-1.08600779747738	0.0701414331499397	0.868132517464476	0.53
TraesNORUn03G04689470	-0.422188692661617	-0.155867347834992	0.810092756295037	0.55
TraesNORUn03G04689480	-0.963436762703074	0.175434108487038	0.751769510451964	0.43
TraesNORUn03G04690570	0.420257636023298	0.01839311582618	0.877975491084778	0.54
TraesNORUn03G04693830	0.0855942045343444	0.00961361235958546	0.801452959969955	0.51
TraesNORUn03G04696360	-0.161943697129193	0.0336955217758119	0.782345584302611	0.44
TraesNORUn03G04698780	0.0759505708544764	0.0619718039873458	0.814815982622067	0.49
TraesNORUn03G04700130	0.0299455185264612	0.0943127768579758	0.915829926954579	0.58
TraesNORUn03G04700970	-1.77242499604928	-0.256388083424272	0.782969778480404	0.53
TraesNORUn03G04701450	-0.317341107752959	0.117277193494442	0.667585078311188	0.38
TraesNORUn03G04702450	-0.155577666929124	-0.051874898207876	0.819441989718716	0.52
TraesNORUn03G04702710	1.26342958364591	0.123023260463405	0.805620915460103	0.61
TraesNORUn03G04704630	0.489496312300252	-0.0511737700552167	0.854764131149825	0.48
TraesNORUn03G04705830	0.793305982029318	0.0687935599617844	0.799421868342122	0.57
TraesNORUn03G04706880	-0.620168370076614	-0.156307707675683	0.872676806692902	0.58
TraesNORUn03G04707310	-0.00627831416082781	-0.077104973044166	0.840259375765011	0.51
TraesNORUn03G04707820	-0.785369607929997	0.119942312231211	0.802187764091188	0.42
TraesNORUn03G04707990	0.055548216114239	-0.0127030356329181	0.828722461779022	0.47
TraesNORUn03G04708180	-0.651976432860573	0.0747908124386551	0.864089307121533	0.45
TraesNORUn03G04709750	0.244918246750701	-0.0458445121299195	0.905234707421403	0.5
TraesNORUn03G04710070	-0.389213862111849	-0.0196612903568894	0.864360863812771	0.45
TraesNORUn03G04710470	-1.37994172497807	-0.00926378874978052	0.891418138199288	0.5
TraesNORUn03G04712360	0.728798202111685	-0.012018315717212	0.899907761510411	0.47
TraesNORUn03G04712490	0.0207013684728662	0.00132604204906391	0.771860010610909	0.48
TraesNORUn03G04714780	0.0332428751208373	-0.152296139455467	0.970772105543615	0.46
TraesNORUn03G04715540	-0.12933056136355	-0.0869284508501836	0.880658009085278	0.49
TraesNORUn03G04717740	0.0159543133096486	0.0741301720761718	0.779871102642987	0.47
TraesNORUn03G04718750	-1.1469206409765	-0.141814209472633	0.902386929484784	0.52
TraesNORUn03G04719960	2.1687118390337	0.0663903668003119	0.866454603842583	0.52
TraesNORUn03G04721640	1.24154353857013	-0.0995458707584606	0.810773170306543	0.41
TraesNORUn03G04722740	-1.5087987691301	0.00180300697348315	0.806416278263305	0.49
TraesNORUn03G04723020	0.0231217376312138	0.0732158907303056	0.8809894158772	0.53
TraesNORUn03G04724750	0.86321562053239	-0.087602118533426	0.878473104316984	0.5
TraesNORUn03G04724800	-0.591347367962529	-0.0573454696388567	0.838693419476237	0.52
TraesNORUn03G04727640	0.133561862571967	0.0153261340502669	0.834718559954605	0.49
TraesNORUn03G04728110	-0.360087308282171	-0.0238566058177775	0.888613706367169	0.53
TraesNORUn03G04728490	0.0703964786923548	0.0943228836090371	0.850963711880795	0.53
TraesNORUn03G04729600	-0.00480998675107706	-0.177307049422942	0.736638588386465	0.54
TraesNORUn03G04729750	-0.552903068899217	0.000781460400481907	0.790949577628028	0.46
TraesNORUn03G04732220	-0.0989215648762416	0.0468475936689604	0.886752909498598	0.49
TraesNORUn03G04732650	1.94103929054581	0.0146963022853914	0.794950391465658	0.52
TraesNORUn03G04734270	1.59803100734303	-0.0785549289377586	0.882920942649201	0.44
TraesNORUn03G04734940	0.237948600903716	0.122243106804032	0.838548107549079	0.54
TraesNORUn03G04735800	-0.0239678461018449	-0.0384282529123031	0.878099001973531	0.54
TraesNORUn03G04736780	0.258916711020716	0.0992692087398899	0.877675453056731	0.51
TraesNORUn03G04737510	1.33043845394381	0.0643026892761602	0.738208255502608	0.56
TraesNORUn03G04738060	0.00304418371507257	0.0604104255573554	0.861341947140717	0.51
TraesNORUn03G04738290	2.03419530705859	0.0234070599582983	0.815587813323318	0.47
TraesNORUn03G04738720	-0.0512120506496349	0.0729999334426659	0.865760983862512	0.52
TraesNORUn03G04739410	-1.76830629638188	0.0206215744440968	0.931092243131741	0.51
TraesNORUn03G04742010	0.0944098056970087	-0.110078020622977	0.985848295850654	0.49
TraesNORUn03G04746200	-1.85498733905851	-0.0873660237991692	0.761734618049317	0.49
TraesNORUn03G04746260	-0.247111035563009	-0.00464389758675612	0.924119039572741	0.52
TraesNORUn03G04747680	-0.0607875411643588	0.0332276776753401	0.850218446479231	0.49
TraesNORUn03G04747700	-0.324044517646338	0.204440721086009	0.843342460208965	0.44
TraesNORUn03G04748430	-0.0780697191896676	-0.0661362527797316	0.836925056441219	0.51
TraesNORUn03G04751310	-0.0641671373763262	-0.12145827159365	0.761635241537142	0.61
TraesNORUn03G04753360	0.812962788299758	-0.113769697621124	0.767743474036036	0.4
TraesNORUn03G04755820	-0.469964831761561	0.0938339471102057	0.706974167030876	0.43
TraesNORUn03G04756130	-0.998516038607601	0.0223626980097578	0.857343002772222	0.45
TraesNORUn03G04756310	0.273946977819364	-0.0167499019182634	0.78688507090194	0.47
TraesNORUn03G04756730	-0.735202197043651	-0.0710139637223314	0.87910648462629	0.53
TraesNORUn03G04757480	0.0678886133784497	-0.0171406237152336	0.779101288512614	0.5
TraesNORUn03G04759970	0.308878324029786	-0.246728769209529	0.871599948375498	0.42
TraesNORUn03G04760260	-0.143181843392882	0.0160803280286691	0.841584723759232	0.46
TraesNORUn03G04761660	-0.927403302795357	0.0144539966584424	0.698622844730701	0.48
TraesNORUn03G04762540	0.506264267877783	0.0119789363570032	0.829215649377331	0.45
TraesNORUn03G04763540	0.44209674623858	-0.173279737734618	0.736090136212187	0.44
TraesNORUn03G04763920	-0.00622033274933602	-0.0909829250466542	0.916186165387239	0.59
TraesNORUn03G04764930	-0.230141245218702	-0.0297876192877877	0.787708749561473	0.51
TraesNORUn03G04765820	-2.26020639207158	0.0593766020442737	0.855554580993744	0.48
TraesNORUn03G04769390	-0.0115915952930893	0.129191076656611	0.986749598396342	0.45
TraesNORUn03G04771840	0.701545303316595	0.010797286527408	0.771785549309157	0.48
TraesNORUn03G04772020	0.699154899795183	-0.0775612859689905	0.789245649200297	0.46
TraesNORUn03G04773120	2.05114676659489	0.0944547733576963	0.87101873554821	0.53
TraesNORUn03G04774750	-0.572316909814463	-0.012959389716347	0.83333901912615	0.43
TraesNORUn03G04778360	0.870939261816384	-0.0276647615526471	0.8037207535481	0.48
TraesNORUn03G04780760	-0.641863580536995	0.0357964255451794	0.795445002368997	0.42
TraesNORUn03G04781010	-0.843692959392033	0.00777649140965951	0.728143351259137	0.53
TraesNORUn03G04782080	-0.0169238076338249	0.0941056927144322	0.812883380186011	0.53
TraesNORUn03G04782310	0.804170220510446	-0.0550586630831373	0.973050689110155	0.5
TraesNORUn03G04782940	-0.555790076283203	0.0247858108433148	1.06728194619902	0.47
TraesNORUn03G04784520	0.0304150207922441	-0.167710384129751	0.848424710774886	0.44
TraesNORUn03G04785860	0.362505606613202	0.105974833051837	0.765256917645152	0.58
TraesNORUn03G04790660	-0.0369130258017332	0.0962396574436649	0.835124101134998	0.49
TraesNORUn03G04791000	-0.0703865368524508	-0.000345705715976525	0.804388681852189	0.56
TraesNORUn03G04791180	0.0214557109720024	-0.0421819865766751	0.876675743276178	0.47
TraesNORUn03G04792050	0.82997372767406	-0.0367956247055449	0.872757966491787	0.46
TraesNORUn03G04792510	0.123048404816585	-0.0499684730824469	0.806517388898753	0.48
TraesNORUn03G04799320	0.645045265640975	0.10949075137576	0.812315818248739	0.52
